0,1,cluster,is_included,target,segment,stream
0.3448354648659336,0.5326500670393838,2,True,2,0,2
0.3328218912751161,0.5418087825645305,2,True,2,0,2
0.2895396649987816,0.8017096236028226,2,True,1,0,2
0.3059455456834428,0.805777130777624,2,True,1,0,2
0.2911536897668998,0.8262783925731461,2,True,1,0,2
0.4461200867906838,0.6910285675651967,2,True,0,0,2
0.1826451371772782,-0.0053470718509008,3,True,3,0,2
0.3421769728455622,0.5317356351401321,2,True,2,0,2
0.3556657918103598,0.529005863247147,2,True,2,0,2
0.4288038245025191,0.6852224454176341,2,True,0,0,2
0.4552531254841004,0.6888545708256536,2,True,0,0,2
0.3295326721650684,0.5510064075342426,2,True,2,0,2
0.3450452048695079,0.5470454436678236,2,True,2,0,2
0.2661972560126781,0.7956703346124024,2,True,1,0,2
0.4546293666786166,0.6850875110736857,2,True,0,0,2
0.3124761906120616,0.8331455957663586,2,True,1,0,2
0.3649945424050801,0.555534851739019,2,True,2,0,2
0.149707552311973,0.0010665757231986,3,True,3,0,2
0.1944276704841312,0.021372152224498,3,True,3,0,2
0.2984602626558344,0.8127634579217039,2,True,1,0,2
0.3758084029112345,0.5594238618880852,2,True,2,0,2
0.4341106335618628,0.4562854157962829,2,True,4,0,2
0.4516820017106533,0.6915609562169682,2,True,0,0,2
0.3227306062635482,0.76371858376299,2,True,1,0,2
0.3479494561657712,0.5435500863402218,2,True,2,0,2
0.1706483296070874,0.0154607194853293,3,True,3,0,2
0.1874070278390951,0.0092978425722331,3,True,3,0,2
0.3677474192226599,0.5603111684307774,2,True,2,0,2
0.1852544220490861,0.0339972118682581,3,True,3,0,2
0.3441497261160517,0.5288672860459323,2,True,2,0,2
0.4535706801429733,0.6837038763983135,2,True,0,0,2
0.1467178624799437,0.0316813751841693,3,True,3,0,2
0.3216992769171322,0.543055644211972,2,True,2,0,2
0.4731685730214546,0.7106164616928823,2,True,0,0,2
0.4594035436338968,0.6896318206807162,2,True,0,0,2
0.3363035084594152,0.5368601383408106,2,True,2,0,2
0.4220761250176233,0.4639429251527259,2,True,4,0,2
0.14138906639348,-0.0248524178855168,3,True,3,0,2
0.4227206587936957,0.4555369571281188,2,True,4,0,2
0.3454876236332219,0.5418990529247604,2,True,2,0,2
0.4560174898068486,0.6948434718443566,2,True,0,0,2
0.1791295024296171,0.0213933893823081,3,True,3,0,2
0.3553170325927735,0.5117321954933366,2,True,2,0,2
0.471651937226168,0.7296944984580611,2,True,0,0,2
0.4490151543841286,0.6795061372922858,2,True,0,0,2
0.3348004712096297,0.5293172016899144,2,True,2,0,2
0.3554391636251816,0.5326152553773907,2,True,2,0,2
0.3419244210265195,0.5287104640848014,2,True,2,0,2
0.4314326715073933,0.4569750733389378,2,True,4,0,2
0.3487758293951773,0.5224851434236293,2,True,2,0,2
0.3049298147536532,0.8090780233372978,2,True,1,0,2
0.2882470710863086,0.7971754339633323,2,True,1,0,2
0.2994636366095621,0.7973874935726405,2,True,1,0,2
0.3209964349498926,0.8082908614165439,2,True,1,0,2
0.3598140992065619,0.5299535356741855,2,True,2,0,2
0.16827552107663,0.0181515806740464,3,True,3,0,2
0.4560007942832028,0.7166314050644642,2,True,0,0,2
0.4251662912763818,0.4677958350648389,2,True,4,0,2
0.342831073378271,0.5210362776079906,2,True,2,0,2
0.3261676927991653,0.5291080436419449,2,True,2,0,2
0.3398709656318193,0.53537998500553,2,True,2,0,2
0.4799125432991705,0.7078059600279881,2,True,0,0,2
0.3348971440344628,0.54996768583363,2,True,2,0,2
0.3413328807497812,0.529614212246549,2,True,2,0,2
0.452504107471148,0.7156124031673164,2,True,0,0,2
0.4659667449620927,0.7019856032612226,2,True,0,0,2
0.1707432139531606,0.005281127996722,3,True,3,0,2
0.4446852353713272,0.6898649422848655,2,True,0,0,2
0.2883557435719648,0.7994774132166064,2,True,1,0,2
0.4477846160918875,0.7072528052795439,2,True,0,0,2
0.4437730886909578,0.6934114238603062,2,True,0,0,2
0.4543309356966712,0.728132731233028,2,True,0,0,2
0.3337765281105873,0.5147080335307836,2,True,2,0,2
0.333279595493588,0.836801597795364,2,True,1,0,2
0.1731836285088802,0.0035700013857284,3,True,3,0,2
0.4631470429288433,0.689395899201157,2,True,0,0,2
0.3389491520634378,0.5285034054798684,2,True,2,0,2
0.3306462048871679,0.5187886921901963,2,True,2,0,2
0.4478286514349466,0.738325998333067,2,True,0,0,2
0.2867397259511388,0.8051485318825647,2,True,1,0,2
0.2911308411079759,0.7988215350367952,2,True,1,0,2
0.32317408098674,0.5308616504149225,2,True,2,0,2
0.4431013636341891,0.6998152173867491,2,True,0,0,2
0.3482123829990188,0.5306982967607894,2,True,2,0,2
0.3380142258798507,0.5372589974861606,2,True,2,0,2
0.3348588323005195,0.5112994228548732,2,True,2,0,2
0.2763120347336593,0.7830237745792518,2,True,1,0,2
0.4233874405228839,0.4794931868172455,2,True,4,0,2
0.4264555651052334,0.5019545317005212,2,True,4,0,2
0.1841983364271149,0.0113529293681662,3,True,3,0,2
0.4670667651642698,0.7430116966896338,2,True,0,0,2
0.3443980052348093,0.5302745386261376,2,True,2,0,2
0.4516731974116681,0.6988634133560829,2,True,0,0,2
0.3873107201889157,0.4783129502266891,2,True,4,0,2
0.2246845060471031,0.8441933494845862,2,True,1,0,2
0.3045380302268318,0.7961665066820521,2,True,1,0,2
0.375018718588458,0.5362215514457525,2,True,2,0,2
0.4042797072024836,0.4646041475801107,2,True,4,0,2
0.3350819166615777,0.5240832076059534,2,True,2,0,2
0.3456329052908125,0.5048396891141449,2,True,2,0,2
0.1823431562110611,-0.0083571199341704,3,True,3,0,2
0.3389753108889393,0.5153636167987494,2,True,2,0,2
0.3347166623215084,0.5221945115548055,2,True,2,0,2
0.1935777564351156,0.0297052232746702,3,True,3,0,2
0.4490363121005806,0.6733272514342861,2,True,0,0,2
0.349708368751047,0.5333217303195167,2,True,2,0,2
0.406001102937746,0.6814422811286949,2,True,0,0,2
0.3145650848195953,0.5698291299956888,2,True,2,0,2
0.3347638063559929,0.5289630480830022,2,True,2,0,2
0.3168061604320222,0.528089034765707,2,True,2,0,2
0.3431370226963505,0.5293111760176058,2,True,2,0,2
0.3393229003136819,0.5262875313081276,2,True,2,0,2
0.3348615009446285,0.528476986286456,2,True,2,0,2
0.4251225244371091,0.4855107736577629,2,True,4,0,2
0.4291081505605462,0.6973802302840758,2,True,0,0,2
0.1787924219180962,0.000726466531168,3,True,3,0,2
0.4417995687261312,0.698775675436918,2,True,0,0,2
0.3381456224244358,0.5246216661359194,2,True,2,0,2
0.4615747102774736,0.7076385280968202,2,True,0,0,2
0.3128887530185743,0.776469738137319,2,True,1,0,2
0.3398431319941609,0.5243294348337175,2,True,2,0,2
0.3360579975382818,0.5219346361738436,2,True,2,0,2
0.3224418320463888,0.5300056696007046,2,True,2,0,2
0.1741437636855932,-8.747058337135131e-05,3,True,3,0,2
0.4150351964880887,0.4619830937803079,2,True,4,0,2
0.164600549847038,0.0134715171420231,3,True,3,0,2
0.3326841587368826,0.5243257053983303,2,True,2,0,2
0.4173236103171318,0.7192714073963656,2,True,0,0,2
0.4517075750799577,0.677077097218983,2,True,0,0,2
0.2985238844598992,0.7845576463035002,2,True,1,0,2
0.2972321294635093,0.8040622404036928,2,True,1,0,2
0.3384063788576018,0.5223863432115596,2,True,2,0,2
0.337701025996925,0.5235154856803039,2,True,2,0,2
0.43251539081348,0.6953724091015302,2,True,0,0,2
0.2882824300628445,0.7896250077554682,2,True,1,0,2
0.3365198828476904,0.5220728760798531,2,True,2,0,2
0.4475539279002683,0.7000999132046422,2,True,0,0,2
0.1690764207900242,-0.0009967207640715,3,True,3,0,2
0.2582026264364773,0.7699829762677025,2,True,1,0,2
0.1771942225634491,0.0232497908334225,3,True,3,0,2
0.3384650767333734,0.5217136960360782,2,True,2,0,2
0.344793540521305,0.5188145931496293,2,True,2,0,2
0.3345558934525509,0.5246641543642523,2,True,2,0,2
0.3397917041374917,0.516901787373106,2,True,2,0,2
0.3411036017165669,0.5181008044161262,2,True,2,0,2
0.352856998432159,0.5043814416626881,2,True,2,0,2
0.134684617737246,0.0284041213676911,3,True,3,0,2
0.3546839038050668,0.5266017824607216,2,True,2,0,2
0.1635573183730381,0.0256739533675782,3,True,3,0,2
0.4447303088282902,0.6970344991264207,2,True,0,0,2
0.3260457702007415,0.520276571034889,2,True,2,0,2
0.3306416760824896,0.5074303871023284,2,True,2,0,2
0.3512696199467074,0.5058374430017516,2,True,2,0,2
0.292742820364334,0.7932871943307421,2,True,1,0,2
0.1601046406254852,0.0108480793226293,3,True,3,0,2
0.4489010960277059,0.7124110203999879,2,True,0,0,2
0.4415444255803149,0.7067150184110511,2,True,0,0,2
0.1571517802067512,0.0097976463367033,3,True,3,0,2
0.3951217257923278,0.49580426671016,2,True,4,0,2
0.4375500768357551,0.7071437560214678,2,True,0,0,2
0.3217303272968456,0.5271046492152273,2,True,2,0,2
0.3536734916949333,0.5319008067803053,2,True,2,0,2
0.3087112766008124,0.8066369524423533,2,True,1,0,2
0.4365478969227828,0.7026027771160382,2,True,0,0,2
0.3185832689918372,0.510298641851905,2,True,2,0,2
0.2791690606292179,0.8013304788271636,2,True,1,0,2
0.2854897929781795,0.8154385944501182,2,True,1,0,2
0.4392167381122879,0.7074933154918764,2,True,0,0,2
0.4197041409246475,0.7087119060190519,2,True,0,0,2
0.3380624316200893,0.5179640958181757,2,True,2,0,2
0.3349364775191403,0.5230698086674981,2,True,2,0,2
0.1391653992946341,0.0052739696519329,3,True,3,0,2
0.4056919309743626,0.4748765528363279,2,True,4,0,2
0.4341487919316208,0.7206618851057683,2,True,0,0,2
0.3426108473387663,0.5104361937697903,2,True,2,0,2
0.1645879069903792,-0.0042401090778037,3,True,3,0,2
0.3380911121817489,0.5190589705809605,2,True,2,0,2
0.4676309988652136,0.6981361095768764,2,True,0,0,2
0.3247215580289109,0.5302928572128595,2,True,2,0,2
0.1751446704912568,0.0008441230889396,3,True,3,0,2
0.2856146401984917,0.7943774340060756,2,True,1,0,2
0.1511494949998811,-0.0127558109348425,3,True,3,0,2
0.4443201834141986,0.7145368913593837,2,True,0,0,2
0.4579164930838523,0.6726441245784053,2,True,0,0,2
0.3044061664495501,0.7968683857776246,2,True,1,0,2
0.3126630231636494,0.5065856417162423,2,True,2,0,2
0.3361564422314434,0.514100880841523,2,True,2,0,2
0.3185369107659279,0.8044191162720089,2,True,1,0,2
0.4428464032227773,0.6946874672338408,2,True,0,0,2
0.3364507047152527,0.5234967313499663,2,True,2,0,2
0.3343640119046657,0.5215370337173567,2,True,2,0,2
0.4261074285067766,0.7295330508228652,2,True,0,0,2
0.1528764776726589,0.001595317026799,3,True,3,0,2
0.3013477722051387,0.8091941737242697,2,True,1,0,2
0.4563497533651898,0.7001175402296459,2,True,0,0,2
0.3497981872789469,0.5214186833277694,2,True,2,0,2
0.3279772771822328,0.523745858942701,2,True,2,0,2
0.4353169395031352,0.7105915953196705,2,True,0,0,2
0.2980500518141679,0.7953908532326915,2,True,1,0,2
0.4166037673965095,0.4449309947052607,2,True,4,0,2
0.4383236152650047,0.708751358210978,2,True,0,0,2
0.3279727327023635,0.512016904735173,2,True,2,0,2
0.3004522939682714,0.7858952000402831,2,True,1,0,2
0.4336152587641512,0.723031101733106,2,True,0,0,2
0.3940282126369435,0.4794946496172281,2,True,4,0,2
0.3412625399027144,0.521176219703087,2,True,2,0,2
0.2900656300269891,0.7855700174818291,2,True,1,0,2
0.3505918210587663,0.5296433104823355,2,True,2,0,2
0.4329539417821464,0.7147712920123166,2,True,0,0,2
0.3258917423464046,0.7527022731271416,2,True,1,0,2
0.3518964705009521,0.5104956015539774,2,True,2,0,2
0.3075268490516301,0.7879577007664329,2,True,1,0,2
0.4082994593834679,0.4930730627292761,2,True,4,0,2
0.3362034865563949,0.5070518013611809,2,True,2,0,2
0.2857928675838683,0.7656064957346322,2,True,1,0,2
0.3271238208092347,0.5013916987867042,2,True,2,0,2
0.2839575655492283,0.7845372497376535,2,True,1,0,2
0.32157699342623,0.5034909780019632,2,True,2,0,2
0.1635367600000857,-0.0007396368904701,3,True,3,0,2
0.3053121662460422,0.796019368885133,2,True,1,0,2
0.3308318834370698,0.5267452677288378,2,True,2,0,2
0.2994564482146775,0.7803979660259133,2,True,1,0,2
0.2926315493987821,0.7879323200429836,2,True,1,0,2
0.1720641721258679,-0.0154669388109367,3,True,3,0,2
0.4413107390317656,0.7127192159196796,2,True,0,0,2
0.3352013029543284,0.5113980573682029,2,True,2,0,2
0.1619088815053775,-0.0002681051555814,3,True,3,0,2
0.2799713726187068,0.7878170590057298,2,True,1,0,2
0.419009830730606,0.7218087475256234,2,True,0,0,2
0.3413239328199148,0.5218751732457112,2,True,2,0,2
0.3401000895194892,0.5181981288438174,2,True,2,0,2
0.1634014447213296,0.0153735096223691,3,True,3,0,2
0.4337078397428761,0.7086761104151802,2,True,0,0,2
0.3170522297315465,0.5079844261543193,2,True,2,0,2
0.3943924217817943,0.4701227795588751,2,True,4,0,2
0.1466207575777607,-0.0073639519938339,3,True,3,0,2
0.419280551335535,0.4537633185002733,2,True,4,0,2
0.2780135331931425,0.7921207080261354,2,True,1,0,2
0.3104635582425213,0.7537819492378106,2,True,1,0,2
0.1511089849263401,-0.0005838411367121,3,True,3,0,2
0.1559327251590841,0.0116602022725991,3,True,3,0,2
0.4083811605462452,0.6957852530540829,2,True,0,0,2
0.1604243029038372,-0.0075400146831554,3,True,3,0,2
0.3378080330966929,0.5316450339395724,2,True,2,0,2
0.4215613009019845,0.7276576329667188,2,True,0,0,2
0.3992341620079392,0.480176683397752,2,True,4,0,2
0.2844593418509424,0.805308180302171,2,True,1,0,2
0.3289078343712329,0.5185227067284325,2,True,2,0,2
0.1577219043863895,0.0021885215106501,3,True,3,0,2
0.3057908504889803,0.7929305448012169,2,True,1,0,2
0.3453214422099883,0.7628303911976265,2,True,1,0,2
0.3151922791207427,0.751881216061854,2,True,1,0,2
0.3310114921173692,0.509029588294594,2,True,2,0,2
0.2888590800574916,0.7890084381515048,2,True,1,0,2
0.4237209751941142,0.6988148176151441,2,True,0,0,2
0.177167808287956,0.0078144328043581,3,True,3,0,2
0.2970258706939849,0.7570987746590175,2,True,1,0,2
0.4210794028065153,0.7296097885842414,2,True,0,0,2
0.3201898179249205,0.5035908100491017,2,True,2,0,2
0.3076224517561051,0.7998627864700629,2,True,1,0,2
0.4047538711244055,0.4896835040851958,2,True,4,0,2
0.2791110169853564,0.7874337731447616,2,True,1,0,2
0.3230472868655797,0.5023710555315786,2,True,2,0,2
0.1359537921121807,0.0010429471611563,3,True,3,0,2
0.1783035516374928,-0.0106468059468429,3,True,3,0,2
0.3923367349931628,0.4713817142389165,2,True,4,0,2
0.39304822643431,0.4894704136336779,2,True,4,0,2
0.1582422885592882,0.0028342704997001,3,True,3,0,2
0.1660977115474647,-0.0001653855185773,3,True,3,0,2
0.4329346774282914,0.7156083911526302,2,True,0,0,2
0.2918612381270006,0.7821938889021952,2,True,1,0,2
0.4296782770209115,0.7181072954540468,2,True,0,0,2
0.4443988000115614,0.7094778752797384,2,True,0,0,2
0.3323700523067707,0.5154083762216348,2,True,2,0,2
0.330298805637836,0.519611763519869,2,True,2,0,2
0.4601529750205977,0.7000904354016387,2,True,0,0,2
0.3311177181888686,0.5069951723239591,2,True,2,0,2
0.3255327601816112,0.5009053387090672,2,True,2,0,2
0.4499097298797629,0.7314858543178128,2,True,0,0,2
0.3216438239349934,0.4694942506940185,2,True,2,0,2
0.3244955403966697,0.5017943367653048,2,True,2,0,2
0.3972863253837714,0.4882577371799329,2,True,4,0,2
0.1671954938156349,0.0159328488274821,3,True,3,0,2
0.1698523482697834,0.0121463472775963,3,True,3,0,2
0.2943908909713474,0.7906146440458003,2,True,1,0,2
0.3390215615132661,0.5025076403134279,2,True,2,0,2
0.4267498788318627,0.7288022117973183,2,True,0,0,2
0.3004285407283537,0.787603451008942,2,True,1,0,2
0.3269187272193032,0.5023549007757984,2,True,2,0,2
0.3341728509972011,0.5044535192135191,2,True,2,0,2
0.3315346928966944,0.5063428270063259,2,True,2,0,2
0.4331289852037926,0.7106156863495247,2,True,0,0,2
0.2643849205694882,0.7580295516921751,2,True,1,0,2
0.3257478552934486,0.4949380418277213,2,True,2,0,2
0.1566870518365845,0.0042871850292335,3,True,3,0,2
0.4291770807768102,0.7108972764224633,2,True,0,0,2
0.2944188644712407,0.7796918624089042,2,True,1,0,2
0.4398735861492591,0.7191467973990294,2,True,0,0,2
0.3892657149124336,0.7084408907764107,2,True,0,0,2
0.2681664646196758,0.7564939577178814,2,True,1,0,2
0.3121836452706585,0.7569449656625331,2,True,1,0,2
0.3210034151775428,0.5154705160104182,2,True,2,0,2
0.2971643481246601,0.8187196994027501,2,True,1,0,2
0.4326153706390142,0.7244691418029655,2,True,0,0,2
0.4360254862765482,0.7234064611002483,2,True,0,0,2
0.146335048593956,0.0168451333401662,3,True,3,0,2
0.4259735763873789,0.7089037448636826,2,True,0,0,2
0.3832901070018995,0.4804670720313915,2,True,4,0,2
0.4188250026058299,0.7070363162674581,2,True,0,0,2
0.2855406670807362,0.7839960333181366,2,True,1,0,2
0.3265466954751429,0.5012916052441975,2,True,2,0,2
0.4338293939982104,0.6945290224749748,2,True,0,0,2
0.4456703820036113,0.6872031752514254,2,True,0,0,2
0.3257936956160294,0.5255567595138639,2,True,2,0,2
0.2114103198106471,0.0070893668120626,3,True,3,0,2
0.3268671221546113,0.498902089110625,2,True,2,0,2
0.1683517523543462,0.002623908531937,3,True,3,0,2
0.335574890449764,0.5012182048120442,2,True,2,0,2
0.2822927869414587,0.7706306389178167,2,True,1,0,2
0.3267610016835592,0.4983763199788653,2,True,2,0,2
0.2921965621928983,0.7889996657605592,2,True,1,0,2
0.2855820092360301,0.7801964683495859,2,True,1,0,2
0.3322677418154973,0.504253174875807,2,True,2,0,2
0.136451808757604,-0.007964495505871,3,True,3,0,2
0.2829657451093469,0.7661176367363103,2,True,1,0,2
0.4302133511310381,0.7164430185564801,2,True,0,0,2
0.287634771125339,0.8215657488797756,2,True,1,0,2
0.2923762741414653,0.7758559187232152,2,True,1,0,2
0.2858923910085811,0.7825418065940208,2,True,1,0,2
0.3909630517653941,0.5251958394076218,2,True,2,0,2
0.2930527462925119,0.7979076255518334,2,True,1,0,2
0.2668670180148449,0.7827493718797192,2,True,1,0,2
0.4368060651688692,0.7126334957688639,2,True,0,0,2
0.2829500511098404,0.7720997193832421,2,True,1,0,2
0.4362585043430602,0.7058038648260597,2,True,0,0,2
0.4339841211681975,0.7219958294429679,2,True,0,0,2
0.304264979799576,0.7810595886721582,2,True,1,0,2
0.3887814893312437,0.4924150659135073,2,True,4,0,2
0.1635644695216663,-0.0064082358416241,3,True,3,0,2
0.388924613581365,0.4744823416273867,2,True,4,0,2
0.318424959981726,0.7582444271690207,2,True,1,0,2
0.3200526131715144,0.5114112892838942,2,True,2,0,2
0.3385317509223604,0.5196553123107446,2,True,2,0,2
0.1477147361017184,0.0155741275268936,3,True,3,0,2
0.1358588665110814,0.0339548492430467,3,True,3,0,2
0.4339862247928748,0.7230505650886425,2,True,0,0,2
0.3295438735886117,0.4980549509003968,2,True,2,0,2
0.4527955243089288,0.7309291157210391,2,True,0,0,2
0.4367632606254441,0.7267872259423261,2,True,0,0,2
0.4444220086727498,0.6952456848457841,2,True,0,0,2
0.4174632811711154,0.4802070978206436,2,True,4,0,2
0.3357420738718571,0.5019510987357862,2,True,2,0,2
0.4328535367282585,0.7005090928362143,2,True,0,0,2
0.4315829441356595,0.736280182574989,2,True,0,0,2
0.3401749470247882,0.4950901031200803,2,True,2,0,2
0.2677750888692214,0.7346806960186383,2,True,1,0,2
0.3880016937384403,0.4896023406617992,2,True,4,0,2
0.3314420370242021,0.4937050490787973,2,True,2,0,2
0.3339283389618583,0.4918872305831867,2,True,2,0,2
0.3278558735690896,0.4841253910806274,2,True,2,0,2
0.1671133406374618,0.0236395522325323,3,True,3,0,2
0.4389508647287621,0.726448497659293,2,True,0,0,2
0.3305017287572145,0.5007840012517358,2,True,2,0,2
0.3257693857484249,0.4984115287753985,2,True,2,0,2
0.1525716363984485,0.0056637273344617,3,True,3,0,2
0.1561289447358316,-0.0223268671777058,3,True,3,0,2
0.1482150880680307,0.0113897724981395,3,True,3,0,2
0.3383330679645817,0.5106606908697634,2,True,2,0,2
0.2486829376438803,0.7245071123382238,2,True,1,0,2
0.3545715679496223,0.5064261785981985,2,True,2,0,2
0.4170129913680871,0.7182345406244773,2,True,0,0,2
0.3282323708660368,0.5260773110631917,2,True,2,0,2
0.1500634788340252,0.0180998936382842,3,True,3,0,2
0.3281049605428,0.5083562215833067,2,True,2,0,2
0.431171803960087,0.7234750801392417,2,True,0,0,2
0.4119785903368594,0.7441035149611814,2,True,0,0,2
0.4578845256571083,0.7209539863990273,2,True,0,0,2
0.3081986524576964,0.7623550237476029,2,True,1,0,2
0.2949600643098166,0.784935153500999,2,True,1,0,2
0.3373460653818795,0.4976198099286861,2,True,2,0,2
0.3252470914985096,0.7812273333976535,2,True,1,0,2
0.2847500964191006,0.8007265099131906,2,True,1,0,2
0.27099854855554,0.7503635667878472,2,True,1,0,2
0.266736124552372,0.7681219153807944,2,True,1,0,2
0.348506614417863,0.4818789780482287,2,True,2,0,2
0.3460591229932489,0.5101229997319313,2,True,2,0,2
0.3098197934288262,0.4934822818754843,2,True,2,0,2
0.2845151667499431,0.7645803075675067,2,True,1,0,2
0.3357371893984675,0.4923079772165091,2,True,2,0,2
0.1498954345875473,0.0127094497510703,3,True,3,0,2
0.3347962163226219,0.4869900102753732,2,True,2,0,2
0.3293073373785307,0.4978138720155309,2,True,2,0,2
0.42679379374414,0.7291193278198534,2,True,0,0,2
0.1609066751649385,0.0535920965129601,3,True,3,0,2
0.3383210822603957,0.4901577645729282,2,True,2,0,2
0.2856568949361236,0.7582264626126429,2,True,1,0,2
0.1439016343135601,-0.0052348257920077,3,True,3,0,2
0.2949260435316175,0.7708353091826882,2,True,1,0,2
0.2858285788516892,0.7819380136001267,2,True,1,0,2
0.1500690951387499,0.0096730468594672,3,True,3,0,2
0.3431263208471048,0.489498196550693,2,True,2,0,2
0.285783944394592,0.7862994988105998,2,True,1,0,2
0.3266068173318504,0.4981971305096083,2,True,2,0,2
0.2943099022864159,0.7827126080243749,2,True,1,0,2
0.4257641803970931,0.7402249441399913,2,True,0,0,2
0.2778506559760804,0.7754965056753201,2,True,1,0,2
0.3307055580340382,0.4914448206062131,2,True,2,0,2
0.3863262392834889,0.4904009145395313,2,True,4,0,2
0.3846353154471373,0.7294350239340919,2,True,0,0,2
0.4085575948033389,0.7248993961240608,2,True,0,0,2
0.4562317440607261,0.7330792529537256,2,True,0,0,2
0.3314048669517513,0.4799980909386443,2,True,2,0,2
0.2923095980271334,0.7668980576789737,2,True,1,0,2
0.3327608714290378,0.5025144311469592,2,True,2,0,2
0.4404485107473747,0.7306476430470051,2,True,0,0,2
0.299715318458936,0.750336387137233,2,True,1,0,2
0.3231062603828399,0.4796658321382588,2,True,2,0,2
0.15224366108633,0.0200353058406703,3,True,3,0,2
0.1490233324496143,0.0187681740432753,3,True,3,0,2
0.4376323433751058,0.7640562857416786,2,True,0,0,2
0.3002627283634068,0.7553748802293812,2,True,1,0,2
0.2913206289875589,0.7619852256277674,2,True,1,0,2
0.3268009737172122,0.4806940121060499,2,True,2,0,2
0.1211326437062343,0.0020947558667803,3,True,3,0,2
0.2926144679733325,0.7666036420098653,2,True,1,0,2
0.1281878068335843,0.0236479550238243,3,True,3,0,2
0.3855755690081963,0.4985208422715414,2,True,4,0,2
0.2973931771861866,0.746414737783121,2,True,1,0,2
0.4364807816708915,0.7409304401875534,2,True,0,0,2
0.339563410881842,0.4814956501536992,2,True,2,0,2
0.2985243081041683,0.7598698087639324,2,True,1,0,2
0.3203474387737118,0.4849070951776319,2,True,2,0,2
0.3066731928614987,0.7375278476075263,2,True,1,0,2
0.3173941286023538,0.50234972139179,2,True,2,0,2
0.3365871005758797,0.4935361062054348,2,True,2,0,2
0.1494270174100158,0.004427657306809,3,True,3,0,2
0.143067194403661,0.011789587829521,3,True,3,0,2
0.1340438257805206,-0.0230561676967872,3,True,3,0,2
0.2928117476480427,0.7719079623388038,2,True,1,0,2
0.3397893265108387,0.4768465280752365,2,True,2,0,2
0.4288711150013815,0.7277094694299323,2,True,0,0,2
0.1405033147676414,0.0119833744023417,3,True,3,0,2
0.3191196324913289,0.5126619023513113,2,True,2,0,2
0.3305729532617987,0.4994196841955145,2,True,2,0,2
0.3205739817557674,0.5030840958775294,2,True,2,0,2
0.3311030613029622,0.4638301475210126,2,True,2,0,2
0.3291982131948464,0.4881221970473645,2,True,2,0,2
0.2335902218085218,0.754686591482604,2,True,1,0,2
0.3323671099253939,0.4930814831866479,2,True,2,0,2
0.1303627139986546,0.033541040308275,3,True,3,0,2
0.4330661847447455,0.7292364287432569,2,True,0,0,2
0.3277431139845944,0.4927808269314833,2,True,2,0,2
0.1470725186197179,0.0155969243155116,3,True,3,0,2
0.3199423031859308,0.4880768718693648,2,True,2,0,2
0.425969495380479,0.7374547413429083,2,True,0,0,2
0.3881723536305619,0.4996542165596628,2,True,4,0,2
0.330255609614774,0.4969016957568511,2,True,2,0,2
0.4178774644223499,0.7245141749144045,2,True,0,0,2
0.142291883091346,0.0146546964308495,3,True,3,0,2
0.3234776212911397,0.4707070675184566,2,True,2,0,2
0.3848901797408302,0.4931125458120379,2,True,4,0,2
0.3397217938942714,0.4648826118186426,2,True,2,0,2
0.2804747049602414,0.7359894937086138,2,True,1,0,2
0.3219108780109958,0.4860849582825209,2,True,2,0,2
0.2937688539759432,0.7574219205657501,2,True,1,0,2
0.2914895449869694,0.76128807376746,2,True,1,0,2
0.3268821997519438,0.4922304662677968,2,True,2,0,2
0.4275061816676928,0.7241378947828083,2,True,0,0,2
0.4096532614023015,0.7054480585548814,2,True,0,0,2
0.3782388663705311,0.5089483210673107,2,True,4,0,2
0.2950518287738138,0.7577075136184726,2,True,1,0,2
0.3818744935043761,0.5219725228614684,2,True,4,0,2
0.3245650034319131,0.4966153594039711,2,True,2,0,2
0.3427352167115338,0.511435082485651,2,True,2,0,2
0.3121319157397487,0.4728855233420241,2,True,2,0,2
0.2909832204103154,0.7648065454153509,2,True,1,0,2
0.3381893942952306,0.4977367317276971,2,True,2,0,2
0.1748775767860146,0.0394087954645702,3,True,3,0,2
0.2796281305803807,0.7179574788951038,2,True,1,0,2
0.3257667089259362,0.4895488755636092,2,True,2,0,2
0.3243647490281452,0.4880595918334018,2,True,2,0,2
0.3777462046162393,0.5000315390072294,2,True,4,0,2
0.317969682444773,0.4876183307386707,2,True,2,0,2
0.1425960961035724,-0.0025086607448727,3,True,3,0,2
0.3180891381089926,0.7560508797919377,2,True,1,0,2
0.4350884656795957,0.7440661753884277,2,True,0,0,2
0.2844084840277593,0.7611423367455196,2,True,1,0,2
0.4245549389959959,0.7300727816394256,2,True,0,0,2
0.4485684066678631,0.7248524210807921,2,True,0,0,2
0.1062380362618416,0.0398077571179096,3,True,3,0,2
0.2919742430448376,0.7599061729395953,2,True,1,0,2
0.3234049593755795,0.4736542576909578,2,True,2,0,2
0.327410358364698,0.4814913708793633,2,True,2,0,2
0.3786538707072268,0.4968385011312045,2,True,4,0,2
0.3266723579739261,0.4884641525136565,2,True,2,0,2
0.2741348767768715,0.7506086169017585,2,True,1,0,2
0.2665736277070625,0.7618785990100777,2,True,1,0,2
0.2805908153467089,0.788256506681488,2,True,1,0,2
0.3139851823733074,0.493953137648377,2,True,2,0,2
0.430252667476147,0.7523743163993543,2,True,0,0,2
0.4277642531158872,0.714995773831835,2,True,0,0,2
0.1335756475539779,0.0129973812149027,3,True,3,0,2
0.4250477015675666,0.738448822659366,2,True,0,0,2
0.2735106899055344,0.7085067498844989,2,True,1,0,2
0.2869194870692881,0.6917930571750782,2,True,1,0,2
0.2787509851793755,0.7553041237433021,2,True,1,0,2
0.2308507292180751,0.711171304868064,2,True,1,0,2
0.1313254408615976,0.013829946322165,3,True,3,0,2
0.3309734616214112,0.486716191643145,2,True,2,0,2
0.2834274549644471,0.7648530881013762,2,True,1,0,2
0.3249399409784565,0.4889982465238873,2,True,2,0,2
0.2905859534555406,0.7612723468432595,2,True,1,0,2
0.3177138573370026,0.5220002196011986,2,True,2,0,2
0.4210546576164255,0.7428810012233501,2,True,0,0,2
0.4410466874656085,0.732854066040415,2,True,0,0,2
0.3024696760338912,0.4862410414008427,2,True,2,0,2
0.2831858170892555,0.7520192605052752,2,True,1,0,2
0.419710152712138,0.7298735800236835,2,True,0,0,2
0.1338902181215526,0.0183523337231742,3,True,3,0,2
0.1660009654078489,0.0234832669453004,3,True,3,0,2
0.2980066020814755,0.7565814075586463,2,True,1,0,2
0.3746052695885555,0.5014117146883419,2,True,4,0,2
0.3370348892244827,0.4844486655196681,2,True,2,0,2
0.286788394034645,0.7493478954533759,2,True,1,0,2
0.4253107307769342,0.7200325150884583,2,True,0,0,2
0.1133082496336169,-0.008770318762932,3,True,3,0,2
0.4170851651272004,0.7211178065665681,2,True,0,0,2
0.3248990264792927,0.494747537588228,2,True,2,0,2
0.1074631598328009,0.0460887826325657,3,True,3,0,2
0.326441248747376,0.4849604556151747,2,True,2,0,2
0.4246575985190708,0.7394761830114901,2,True,0,0,2
0.3239302777503798,0.480981884037005,2,True,2,0,2
0.3236785439489563,0.4840455083654567,2,True,2,0,2
0.4373050824838415,0.7546205543562461,2,True,0,0,2
0.2767751423866049,0.7696882909271974,2,True,1,0,2
0.3791728158008318,0.4970701983249425,2,True,4,0,2
0.3310508603867361,0.4803302483820864,2,True,2,0,2
0.2833919469221687,0.740998541920153,2,True,1,0,2
0.3189335890727796,0.4819217913395911,2,True,2,0,2
0.3021314390953716,0.7563638121965324,2,True,1,0,2
0.2913069540446931,0.7537855643842605,2,True,1,0,2
0.441854750797559,0.7201222438354613,2,True,0,0,2
0.339317316942295,0.7621016215034194,2,True,1,0,2
0.32227154804339,0.4823469541628232,2,True,2,0,2
0.4293494364177237,0.7388623551505658,2,True,0,0,2
0.4093171134637299,0.7443443873142565,2,True,0,0,2
0.2658340454136036,0.7473481184499936,2,True,1,0,2
0.3351669654653849,0.7878761762125033,2,True,1,0,2
0.298287400106352,0.7516716887638082,2,True,1,0,2
0.3425353383315722,0.4692914425111253,2,True,2,0,2
0.3288687514052163,0.4907675616469641,2,True,2,0,2
0.1324610096279353,0.0188808186158716,3,True,3,0,2
0.1388527641630342,-0.0005563354541079,3,True,3,0,2
0.3287099532776705,0.4891186382661784,2,True,2,0,2
0.3264463630606137,0.4607063900494003,2,True,2,0,2
0.4249637061499395,0.740704474880693,2,True,0,0,2
0.3940336802701092,0.4821130544621678,2,True,4,0,2
0.2793369849270162,0.7552005539976457,2,True,1,0,2
0.3355370218173626,0.4942845483679572,2,True,2,0,2
0.4122091685922243,0.7247680379584355,2,True,0,0,2
0.4100394532256412,0.7386419470242733,2,True,0,0,2
0.4263413191943588,0.7363397556845792,2,True,0,0,2
0.3437757863099694,0.4748612851072433,2,True,2,0,2
0.3368601102378857,0.4953596743337983,2,True,2,0,2
0.2855584868004181,0.7516883291440297,2,True,1,0,2
0.4168190816750342,0.7393322623724254,2,True,0,0,2
0.3114611769300108,0.4689849206450296,2,True,2,0,2
0.3234222031741411,0.4807978760890066,2,True,2,0,2
0.3265224624346328,0.4869592766319772,2,True,2,0,2
0.4302904959437086,0.748912034948984,2,True,0,0,2
0.2876329903862955,0.7645606842008048,2,True,1,0,2
0.3274633893006085,0.4798743452516032,2,True,2,0,2
0.3260266367947626,0.474233769531504,2,True,2,0,2
0.3096012019567208,0.7705977449881112,2,True,1,0,2
0.309350614141081,0.4617049583203235,2,True,2,0,2
0.3230523772212902,0.4799065860195752,2,True,2,0,2
0.4175882771320421,0.7431428727379912,2,True,0,0,2
0.1212841685392238,0.0460981673634722,3,True,3,0,2
0.3221928235938966,0.4937619150892903,2,True,2,0,2
0.3021012904507434,0.4609838016834919,2,True,2,0,2
0.1310072642517748,0.0217794104810195,3,True,3,0,2
0.132397637011508,0.0217617703614086,3,True,3,0,2
0.122123756209644,0.0342732329212907,3,True,3,0,2
0.3259653249265554,0.4890501014224034,2,True,2,0,2
0.4246742940036793,0.7504152508766632,2,True,0,0,2
0.1539966635355864,0.0202020720465311,3,True,3,0,2
0.4201821917425875,0.7411555526229524,2,True,0,0,2
0.4245828122808969,0.7235427741962612,2,True,0,0,2
0.3062344522105737,0.7552338513525124,2,True,1,0,2
0.1229925787919712,0.0120732130481755,3,True,3,0,2
0.3273297640338581,0.4714777171905341,2,True,2,0,2
0.4150993999106331,0.7391042721781222,2,True,0,0,2
0.3175694558682552,0.4812294273613255,2,True,2,0,2
0.3177445961367134,0.4688058386839189,2,True,2,0,2
0.1323182823017456,0.0354526051693094,3,True,3,0,2
0.400537971482071,0.7160652972201176,2,True,0,0,2
0.3714039602578098,0.5006188026450007,2,True,4,0,2
0.1215174968568703,0.0161782030717801,3,True,3,0,2
0.3216070821594742,0.4793430598943973,2,True,2,0,2
0.3183340769023161,0.4868120725561197,2,True,2,0,2
0.3656504106080782,0.5083327392277055,2,True,4,0,2
0.3417112053645758,0.482055038929251,2,True,2,0,2
0.3215932935937014,0.4784323473587904,2,True,2,0,2
0.1410462406169535,0.012379712059089,3,True,3,0,2
0.4284291987008638,0.752342202240111,2,True,0,0,2
0.3230460425543966,0.4771570870830042,2,True,2,0,2
0.3174562961930649,0.4875087367556404,2,True,2,0,2
0.3126981734849686,0.4924619539505627,2,True,2,0,2
0.297878584873976,0.7463712729967401,2,True,1,0,2
0.3421801459265653,0.4804865617447019,2,True,2,0,2
0.3204949402036696,0.4787595810123338,2,True,2,0,2
0.3143265854837336,0.4599209051006758,2,True,2,0,2
0.424875632647559,0.7484545268254839,2,True,0,0,2
0.3211067890143089,0.4776484424039896,2,True,2,0,2
0.10991623072018,0.0403772170803351,3,True,3,0,2
0.3174020546270002,0.4641836711339445,2,True,2,0,2
0.3308875696135795,0.4851755814983366,2,True,2,0,2
0.3214685376766222,0.4634294674716478,2,True,2,0,2
0.3204784439353854,0.4753224408134301,2,True,2,0,2
0.4450511825270494,0.7686197843999067,2,True,0,0,2
0.394574869597191,0.5012816803644898,2,True,4,0,2
0.2927604738580779,0.7471625631554917,2,True,1,0,2
0.4381804466209379,0.7398652498216644,2,True,0,0,2
0.292739020627236,0.7760418935972602,2,True,1,0,2
0.441121998466846,0.7620118047651352,2,True,0,0,2
0.3136979279429982,0.4768617168407174,2,True,2,0,2
0.1298460242594724,0.0171865632212545,3,True,3,0,2
0.3234916865204428,0.4655025193003729,2,True,2,0,2
0.3974748038482509,0.7427746859467992,2,True,0,0,2
0.2924452456100478,0.7471282327263902,2,True,1,0,2
0.3247897128298828,0.4754352440926159,2,True,2,0,2
0.1271735522952642,0.013741763405588,3,True,3,0,2
0.3652619718733346,0.4975771883879046,2,True,4,0,2
0.4244354320152211,0.7612253856349452,2,True,0,0,2
0.3231563278505994,0.4680311379739152,2,True,2,0,2
0.3183900626609052,0.473705283923811,2,True,2,0,2
0.126882831562785,0.0249007802183789,3,True,3,0,2
0.1352706727272034,0.01690027245337,3,True,3,0,2
0.2704951143433931,0.747019732504169,2,True,1,0,2
0.3099597460301424,0.7923470197555675,2,True,1,0,2
0.3211795551514645,0.4754639715048976,2,True,2,0,2
0.2931824163034405,0.7519210509691254,2,True,1,0,2
0.3069721321374905,0.7271411828197629,2,True,1,0,2
0.2924259085246185,0.745324018296501,2,True,1,0,2
0.1274863838076179,0.022951139154458,3,True,3,0,2
0.2989152180838973,0.7600090970332374,2,True,1,0,2
0.3307630447444422,0.4693118636685688,2,True,2,0,2
0.3143191688423732,0.4686144806282684,2,True,2,0,2
0.3300608244412329,0.4744031035116881,2,True,2,0,2
0.315975480505972,0.4779629988611905,2,True,2,0,2
0.119525544639685,0.0177296087109279,3,True,3,0,2
0.1091473071561029,0.0575786829550186,3,True,3,0,2
0.364722068390404,0.5148929749611076,2,True,4,0,2
0.31981966189543,0.482984437559367,2,True,2,0,2
0.3080726993954685,0.4858269515347004,2,True,2,0,2
0.0950073246212216,0.0150278511991962,3,True,3,0,2
0.1171345765654706,0.0204150552449138,3,True,3,0,2
0.308753369201539,0.4654222443874475,2,True,2,0,2
0.4255765041081003,0.76193859514861,2,True,0,0,2
0.1317964596541955,0.0327179389129365,3,True,3,0,2
0.4190395446497242,0.75018883898484,2,True,0,0,2
0.3269117885544827,0.4690247482283629,2,True,2,0,2
0.1353280898930587,0.022203976270052,3,True,3,0,2
0.3202891102290857,0.437154679421251,2,True,2,0,2
0.2638525533886985,0.7360484850000186,2,True,1,0,2
0.4442087197362271,0.7583103537174124,2,True,0,0,2
0.3291168429042911,0.4776178460555566,2,True,2,0,2
0.1248917883153295,0.0262278048983414,3,True,3,0,2
0.3005148175670135,0.7354989525834777,2,True,1,0,2
0.1527889533635872,0.0536744820529087,3,True,3,0,2
0.2934210184123839,0.7435164735408885,2,True,1,0,2
0.3180027509473437,0.4738475470564657,2,True,2,0,2
0.4174305473833514,0.757326996693881,2,True,0,0,2
0.3147727432239344,0.4760325990260269,2,True,2,0,2
0.3207258731340104,0.4699489293522439,2,True,2,0,2
0.2661738997792631,0.7134681422479087,2,True,1,0,2
0.3203540615210137,0.47277328968782,2,True,2,0,2
0.3346056740151669,0.449219564386098,2,True,2,0,2
0.1270214256364214,-0.0215321057989588,3,True,3,0,2
0.3198182748717015,0.4769744239820204,2,True,2,0,2
0.2910755270856459,0.7395197513341167,2,True,1,0,2
0.1189661590996198,0.0215550082680157,3,True,3,0,2
0.4237759064361231,0.7531324078041625,2,True,0,0,2
0.3156570505680139,0.7435989641825851,2,True,1,0,2
0.2823528302077303,0.731383526851348,2,True,1,0,2
0.318121796752755,0.4755757428236724,2,True,2,0,2
0.1276899940086451,0.026877094000945,3,True,3,0,2
0.2839705308910293,0.757280723282213,2,True,1,0,2
0.261557988665179,0.7774882408854784,2,True,1,0,2
0.3501396467099131,0.4869483011137309,2,True,2,0,2
0.4341365144325668,0.7670267676177336,2,True,0,0,2
0.3140781374411964,0.4696107131730983,2,True,2,0,2
0.3148580223677656,0.4867975895973838,2,True,2,0,2
0.3522002201921125,0.5227995201320407,2,True,4,0,2
0.4404491511894829,0.7407124123278976,2,True,0,0,2
0.3606019688361228,0.5039363736099632,2,True,4,0,2
0.3217490302943445,0.4736715032923078,2,True,2,0,2
0.4345042640300126,0.7688613151953081,2,True,0,0,2
0.1205797026593337,0.0288998028745426,3,True,3,0,2
0.432030373095687,0.7714531093728056,2,True,0,0,2
0.2898502501207732,0.7441019974082097,2,True,1,0,2
0.2725568553290739,0.7098925500922882,2,True,1,0,2
0.2981745095156203,0.7304742525763693,2,True,1,0,2
0.1250227565107466,0.0231968809231803,3,True,3,0,2
0.4133006416521035,0.7600942978164108,2,True,0,0,2
0.315445742482542,0.4539451034239301,2,True,2,0,2
0.4241084220463232,0.750548318638073,2,True,0,0,2
0.3250805193845482,0.4426477503420822,2,True,2,0,2
0.3107224927623419,0.7636749953624904,2,True,1,0,2
0.3223296847549396,0.4677859963092261,2,True,2,0,2
0.3982712067741712,0.737100847289264,2,True,0,0,2
0.287398068586348,0.7176981901896868,2,True,1,0,2
0.3113849212012833,0.4573632196214794,2,True,2,0,2
0.3361503334632694,0.473919619668892,2,True,2,0,2
0.3182350973736074,0.466626417781151,2,True,2,0,2
0.1627350975439612,0.0338841592584928,3,True,3,0,2
0.3614427636544221,0.5087185805490669,2,True,4,0,2
0.1149397691643043,0.0119799017471838,3,True,3,0,2
0.3214611992882431,0.4637685778703491,2,True,2,0,2
0.2917905069484609,0.7305196581346739,2,True,1,0,2
0.3270254773269669,0.4762716315444337,2,True,2,0,2
0.3776501973745996,0.4974628279041638,2,True,4,0,2
0.4242358206034484,0.7568026136763345,2,True,0,0,2
0.1215702137329033,0.0383990877202539,3,True,3,0,2
0.1153602904645596,0.03091446914455,3,True,3,0,2
0.3109475810784848,0.4698678638659702,2,True,2,0,2
0.1492675547928037,0.0162178860206744,3,True,3,0,2
0.3708440117347856,0.511119326927646,2,True,4,0,2
0.3045857915852814,0.460727978930694,2,True,2,0,2
0.1166893136875144,0.0293165141393314,3,True,3,0,2
0.0738132418076572,0.0543385107374511,3,True,3,0,2
0.3171820579022925,0.465092002832198,2,True,2,0,2
0.4267782650909084,0.7459904264829226,2,True,0,0,2
0.3276810685301947,0.4785679069792646,2,True,2,0,2
0.293698706994476,0.4292108027815688,2,True,2,0,2
0.2915196495274425,0.7354638775597584,2,True,1,0,2
0.3168759481986864,0.4634937637534563,2,True,2,0,2
0.3114801166213678,0.4765558979096901,2,True,2,0,2
0.3417692700888099,0.5093224455156917,2,True,4,0,2
0.3219406478484273,0.4225913138715554,2,True,2,0,2
0.3092133908971277,0.4470315008957152,2,True,2,0,2
0.1173219776057721,0.0387245346420791,3,True,3,0,2
0.1100764672060682,0.0060002467004119,3,True,3,0,2
0.2704019779442307,0.7176159273391691,2,True,1,0,2
0.2877148386283477,0.7317360269189057,2,True,1,0,2
0.3001547702209575,0.4637726540241426,2,True,2,0,2
0.1108654082015356,0.0537896690339447,3,True,3,0,2
0.0895521940201145,-0.0029364110994005,3,True,3,0,2
0.3179414475189456,0.4425461268577116,2,True,2,0,2
0.3151783116833096,0.470463474076518,2,True,2,0,2
0.3215533500901458,0.4581782895883699,2,True,2,0,2
0.1212022835626232,0.0348803790907148,3,True,3,0,2
0.2917368088811988,0.7391417808039755,2,True,1,0,2
0.1066254334675753,0.0359615595945473,3,True,3,0,2
0.2493039129252449,0.7407881316948527,2,True,1,0,2
0.3153238362899747,0.4733875550237726,2,True,2,0,2
0.3172416353549594,0.4662304848458945,2,True,2,0,2
0.4075800654368445,0.7679804624545107,2,True,0,0,2
0.2828715749352742,0.6946639171341797,2,True,1,0,2
0.4243747798636034,0.7328113409696858,2,True,0,0,2
0.1253942158644813,0.0312579917354884,3,True,3,0,2
0.3392602378216045,0.503301629646931,2,True,4,0,2
0.318497456616657,0.4592734495790951,2,True,2,0,2
0.4111286730993245,0.7621182918549103,2,True,0,0,2
0.3174444969641317,0.4612800485313293,2,True,2,0,2
0.4270716190844814,0.7494866372802855,2,True,0,0,2
0.42354523380628,0.7695548550302281,2,True,0,0,2
0.3162334533731027,0.4663006358954356,2,True,2,0,2
0.3162128840042114,0.4696851186904134,2,True,2,0,2
0.3532626845096274,0.5188624151899376,2,True,4,0,2
0.1210684436293304,0.0295792228782868,3,True,3,0,2
0.1030776952096636,0.0385366777931993,3,True,3,0,2
0.4258443286978066,0.7748649050316068,2,True,0,0,2
0.4151494568378436,0.7605024288950443,2,True,0,0,2
0.3560366657319068,0.5229880712421449,2,True,4,0,2
0.3181224188988616,0.4642449872765629,2,True,2,0,2
0.395478116968527,0.7540074071050288,2,True,0,0,2
0.3322965422846548,0.4517166670533075,2,True,2,0,2
0.3151106954538051,0.721528572762821,2,True,1,0,2
0.2650832908250347,0.716448088245209,2,True,1,0,2
0.2642882892267522,0.7253467182923528,2,True,1,0,2
0.2844149356035986,0.7233503479868773,2,True,1,0,2
0.3255945085559338,0.457513955942012,2,True,2,0,2
0.405696498763072,0.7734719420605238,2,True,0,0,2
0.3130018076668908,0.4520562426756264,2,True,2,0,2
0.1118789294774522,0.0320841110556193,3,True,3,0,2
0.2814317426250753,0.711722731972747,2,True,1,0,2
0.137657263263451,0.0550484946679704,3,True,3,0,2
0.4093172781860844,0.7709807126551548,2,True,0,0,2
0.411669479522203,0.7672865363946478,2,True,0,0,2
0.4155735627760501,0.7616154382250909,2,True,0,0,2
0.3990557030134277,0.7702365091684735,2,True,0,0,2
0.272487609169027,0.7089332613276113,2,True,1,0,2
0.3273384282118124,0.7726857486830948,2,True,1,0,2
0.1132173285174273,0.0311465182913294,3,True,3,0,2
0.3154897251484168,0.4600848103784274,2,True,2,0,2
0.2987824632609246,0.7063807567079734,2,True,1,0,2
0.4016870719001982,0.7812604360640888,2,True,0,0,2
0.3073480751334879,0.4721624751542154,2,True,2,0,2
0.3959963761510942,0.766310338123388,2,True,0,0,2
0.4139615648649585,0.7682093657791034,2,True,0,0,2
0.3067888422957286,0.4596017605188168,2,True,2,0,2
0.0891580970159376,0.0451410099151757,3,True,3,0,2
0.1121349513259538,0.0332575574396345,3,True,3,0,2
0.4115854318017038,0.7209120670669894,2,True,0,0,2
0.4134531868810837,0.7773753102460087,2,True,0,0,2
0.2957085711555984,0.7262340709941556,2,True,1,0,2
0.3197644036350656,0.4413463259600492,2,True,2,0,2
0.2888861188314105,0.4649783378042308,2,True,2,0,2
0.3021751923721238,0.4486193968686548,2,True,2,0,2
0.3568080378802331,0.5212130261809564,2,True,4,0,2
0.3526834313246101,0.5140304495859191,2,True,4,0,2
0.2838282458027777,0.7371896016028155,2,True,1,0,2
0.1190488321866666,0.0633609577709737,3,True,3,0,2
0.3398901577405306,0.5001387983064011,2,True,4,0,2
0.3156166087727774,0.4569371458390059,2,True,2,0,2
0.3164244898470797,0.4619517627506221,2,True,2,0,2
0.291807238048418,0.7280813176830998,2,True,1,0,2
0.3664585885612125,0.5136500519227233,2,True,4,0,2
0.4211925989668213,0.7633237913353672,2,True,0,0,2
0.0895443983453713,-0.0068991445690902,3,True,3,0,2
0.311467513437721,0.4596270245472947,2,True,2,0,2
0.3174091740035591,0.4402207971167007,2,True,2,0,2
0.2916299646678695,0.7240693570605082,2,True,1,0,2
0.1099961651562569,0.0333988883901872,3,True,3,0,2
0.3159321572676947,0.4567263140372187,2,True,2,0,2
0.4201763019407472,0.7700049897615603,2,True,0,0,2
0.3054011311337393,0.4446175944550062,2,True,2,0,2
0.3250297096735566,0.763926254195636,2,True,1,0,2
0.1023955419529201,0.0201394198900049,3,True,3,0,2
0.2822064048255199,0.7247049985903742,2,True,1,0,2
0.0934860135555389,0.0394177746100735,3,True,3,0,2
0.3981049851312959,0.7770715254462287,2,True,0,0,2
0.3230049518709624,0.4609485350852206,2,True,2,0,2
0.2948044199455415,0.7215963449324694,2,True,1,0,2
0.309925253583289,0.448901393015943,2,True,2,0,2
0.2964621571489655,0.7573655165514571,2,True,1,0,2
0.3161774738392783,0.4523882076837045,2,True,2,0,2
0.3446503114089117,0.5037690463219947,2,True,4,0,2
0.2765701800766282,0.757865356048468,2,True,1,0,2
0.1170303174940238,0.0420895392241146,3,True,3,0,2
0.3252380591982649,0.451528495878675,2,True,2,0,2
0.3124245632878395,0.4530606153200429,2,True,2,0,2
0.4132844304526183,0.7686550072801734,2,True,0,0,2
0.3597047990710642,0.5095778482852412,2,True,4,0,2
0.2960799372730264,0.4586700238261962,2,True,2,0,2
0.4305282361910957,0.7680616531806957,2,True,0,0,2
0.1245306080434157,0.0288120609748427,3,True,3,0,2
0.4023844189126296,0.7793520363069605,2,True,0,0,2
0.1115248955308198,0.0528555845078748,3,True,3,0,2
0.2723936287819439,0.7051342721153798,2,True,1,0,2
0.3104991209246221,0.4550778404365083,2,True,2,0,2
0.3019737352958664,0.4544867622681378,2,True,2,0,2
0.3115652531638338,0.7593504156319536,2,True,1,0,2
0.4156847814158955,0.7689588424386198,2,True,0,0,2
0.317720994892388,0.7031472907491351,2,True,1,0,2
0.2885328887570813,0.7158549548631767,2,True,1,0,2
0.1165137110322125,0.0367604032107536,3,True,3,0,2
0.3274292657755864,0.4662103696855099,2,True,2,0,2
0.286271085394341,0.4525642120004332,2,True,2,0,2
0.3111883897919378,0.4548816482393525,2,True,2,0,2
0.3077667866510696,0.4559477040720119,2,True,2,0,2
0.3037708418608272,0.4605442177641137,2,True,2,0,2
0.3039691765484185,0.4551969681631553,2,True,2,0,2
0.2886679817769739,0.7285548128718541,2,True,1,0,2
0.282788924881869,0.7025176751488149,2,True,1,0,2
0.2984324655735952,0.4486309585569797,2,True,2,0,2
0.282158017587337,0.7011955968437371,2,True,1,0,2
0.3529853574798983,0.519385704066305,2,True,4,0,2
0.3143195295950305,0.4521234149754181,2,True,2,0,2
0.3556289989019321,0.527630567284782,2,True,4,0,2
0.3193579139108217,0.4629403915141488,2,True,2,0,2
0.423595583133906,0.7769033188889363,2,True,0,0,2
0.3024210912506302,0.6594512349209405,2,True,1,0,2
0.3112180639913913,0.7393437814165646,2,True,1,0,2
0.2984647655626908,0.4491149912644172,2,True,2,0,2
0.4023983637035595,0.7607605035908399,2,True,0,0,2
0.2871988301503564,0.7440961719362355,2,True,1,0,2
0.3112715880940513,0.4542169402194155,2,True,2,0,2
0.4094257354337719,0.7513788461344691,2,True,0,0,2
0.3060110379324309,0.7452451374579325,2,True,1,0,2
0.1388121795063613,0.0203686279428467,3,True,3,0,2
0.2821008300784018,0.7094238492790428,2,True,1,0,2
0.0910092482645379,0.0434488954400026,3,True,3,0,2
0.3118653350232415,0.452057787266421,2,True,2,0,2
0.3824689666389583,0.7365107531276387,2,True,0,0,2
0.2892936177525627,0.7107360877103324,2,True,1,0,2
0.0948978063329553,0.0391648275688671,3,True,3,0,2
0.3103510374059205,0.4471697751662754,2,True,2,0,2
0.3197097688691683,0.4564751590471902,2,True,2,0,2
0.1358552142211112,0.0172322046011608,3,True,3,0,2
0.3472617868015014,0.5241151370681906,2,True,4,0,2
0.3211780418131545,0.4490543657274907,2,True,2,0,2
0.3065832745091855,0.7182987995575926,2,True,1,0,2
0.3143027696030799,0.4538803180312032,2,True,2,0,2
0.3040675976072777,0.4414962586940291,2,True,2,0,2
0.4064421343721988,0.7788912926592432,2,True,0,0,2
0.3592283043864304,0.7743288402747265,2,True,0,0,2
0.3042647427126893,0.7340032670429668,2,True,1,0,2
0.3246427412859715,0.74354346868388,2,True,1,0,2
0.4087240773870397,0.7758015862127727,2,True,0,0,2
0.3238013275681357,0.4856481308600671,2,True,2,0,2
0.2657802150229685,0.7194635454765067,2,True,1,0,2
0.3173824050619665,0.4439560268012965,2,True,2,0,2
0.2998445367889851,0.7197041698690171,2,True,1,0,2
0.3146375153574444,0.45029699570989,2,True,2,0,2
0.3189386061630825,0.4581854523868337,2,True,2,0,2
0.103286863733127,0.0400476795365825,3,True,3,0,2
0.0892743007671987,0.0574460939452671,3,True,3,0,2
0.2928176534134024,0.7174315316339598,2,True,1,0,2
0.3163905420692959,0.4451393155343472,2,True,2,0,2
0.3115303807561422,0.4475625052740263,2,True,2,0,2
0.3130085549261516,0.7047300197205609,2,True,1,0,2
0.3786311635875949,0.7941408639762512,2,True,0,0,2
0.1002118892260788,0.0398030338488922,3,True,3,0,2
0.0943310597062199,0.0346544684336597,3,True,3,0,2
0.410968487424477,0.7542378935772195,2,True,0,0,2
0.3314894219651622,0.4530048537898344,2,True,2,0,2
0.2973809405672468,0.7005500983746705,2,True,1,0,2
0.3026903169237466,0.436215980640349,2,True,2,0,2
0.315199198707248,0.449644595555615,2,True,2,0,2
0.3397139143860161,0.5267246746372845,2,True,4,0,2
0.2945839353143535,0.7080600060029416,2,True,1,0,2
0.3116158797216591,0.4457705096791333,2,True,2,0,2
0.3070903530452285,0.4454322593316437,2,True,2,0,2
0.093812737521625,0.0292565638022228,3,True,3,0,2
0.1012681619717875,0.0409354579293064,3,True,3,0,2
0.30949271059991,0.4504731122655482,2,True,2,0,2
0.2978248900463898,0.4463417789485669,2,True,2,0,2
0.3122079209055221,0.500627668596586,2,True,4,0,2
0.4111522757664283,0.7771330246293127,2,True,0,0,2
0.287284007775318,0.7235438668823095,2,True,1,0,2
0.3123700205743631,0.5240061176457986,2,True,4,0,2
0.3517475871627804,0.526016755185471,2,True,4,0,2
0.2973955389289874,0.4523836390363857,2,True,2,0,2
0.3412654199510768,0.5223857409243431,2,True,4,0,2
0.101082192942989,0.0334512076149494,3,True,3,0,2
0.0882413656579389,0.0546887451361374,3,True,3,0,2
0.0919081825931272,0.005229168598871,3,True,3,0,2
0.2716544729786918,0.7152481275092809,2,True,1,0,2
0.4118302992513065,0.7467426857259528,2,True,0,0,2
0.2813677101490733,0.683941764521588,2,True,1,0,2
0.2839389646656561,0.7099441309034437,2,True,1,0,2
0.3202064429189149,0.4381000647036775,2,True,2,0,2
0.2894114838362862,0.7104206437366102,2,True,1,0,2
0.2750589903236732,0.7693425131407767,2,True,1,0,2
0.2933797004152182,0.719918938335152,2,True,1,0,2
0.2995862995192385,0.4254753112787152,2,True,2,0,2
0.2794605955171635,0.7551172305328454,2,True,1,0,2
0.4324273881926515,0.7590075434754717,2,True,0,0,2
0.3453725214845672,0.494930744269118,2,True,4,0,2
0.3230661490912273,0.4344913682512518,2,True,2,0,2
0.3119470441674848,0.4466018839261851,2,True,2,0,2
0.1009056461229805,0.0442268387111538,3,True,3,0,2
0.2963512318588043,0.4558807317273391,2,True,2,0,2
0.3191971775691516,0.4503731303915713,2,True,2,0,2
0.309265221010564,0.4457774466418305,2,True,2,0,2
0.4209669526032576,0.7954102942861295,2,True,0,0,2
0.1016470416656248,0.0413284132230001,3,True,3,0,2
0.1098530892215436,0.0363789537425,3,True,3,0,2
0.4285254055331547,0.8012209629677897,2,True,0,0,2
0.3028972780045669,0.6727261389055966,2,True,1,0,2
0.3227409253337515,0.4330634571998786,2,True,2,0,2
0.27452131106937,0.6929173557129255,2,True,1,0,2
0.3101565170498067,0.4440429084063419,2,True,2,0,2
0.281723470290107,0.6777031656869015,2,True,1,0,2
0.3262908667093587,0.4464947928685016,2,True,2,0,2
0.0938458871561123,0.0403043589616196,3,True,3,0,2
0.389554237820922,0.7705043135343281,2,True,0,0,2
0.4092394825344727,0.7727653006420011,2,True,0,0,2
0.1168506675873282,0.0314782281529461,3,True,3,0,2
0.310262568564129,0.4536774709811055,2,True,2,0,2
0.311261493272307,0.441042745216724,2,True,2,0,2
0.0954663746160231,0.0379727398046581,3,True,3,0,2
0.3392914956968577,0.522143611366761,2,True,4,0,2
0.3118647865016323,0.4476149210893396,2,True,2,0,2
0.3027377251015708,0.4570517487339735,2,True,2,0,2
0.2829510744398151,0.7178129459883862,2,True,1,0,2
0.2813176487031726,0.7031419396573246,2,True,1,0,2
0.0872597884253606,0.0515691614726568,3,True,3,0,2
0.39050495965741,0.8032398871935473,2,True,0,0,2
0.3301921530620792,0.5141887948055537,2,True,4,0,2
0.279613585700646,0.7287671184767314,2,True,1,0,2
0.398551705843271,0.7388272566601957,2,True,0,0,2
0.3044824805190517,0.441944755335492,2,True,2,0,2
0.4096876622791017,0.7834270987243181,2,True,0,0,2
0.4106494874940116,0.7939026457641822,2,True,0,0,2
0.3202142313091749,0.4574611215145256,2,True,2,0,2
0.0985162232527128,0.0488133206479152,3,True,3,0,2
0.0667173165582144,0.0312285547792059,3,True,3,0,2
0.4098301601769542,0.8044288940522715,2,True,0,0,2
0.1242291116514015,0.0516795321674539,3,True,3,0,2
0.2570825005888783,0.6961459936759101,2,True,1,0,2
0.2776981308440428,0.7185172007546974,2,True,1,0,2
0.3107976239457882,0.4456809480790039,2,True,2,0,2
0.0876935930329782,0.0306465642784158,3,True,3,0,2
0.1018660294202785,0.0413411488592054,3,True,3,0,2
0.4074113543707792,0.7828091576210237,2,True,0,0,2
0.3401466815831373,0.5209993552182315,2,True,4,0,2
0.3103762480224404,0.4437028146689673,2,True,2,0,2
0.1007905534515109,0.0193002828944415,2,True,3,1,2
0.3026931604452383,0.712696282591665,2,True,1,1,2
0.3066002258630846,0.4437360479163008,2,True,2,1,2
0.3116647948642354,0.4319504163129147,2,True,2,1,2
0.1007720606843625,0.0846585281718031,2,True,3,1,2
0.3073691441122564,0.7400306953865315,2,True,1,1,2
0.2970912249533214,0.4439236276463947,2,True,2,1,2
0.2808591320188496,0.6967916501406064,2,True,1,1,2
0.118230268254697,0.0443866744419887,2,True,3,1,2
0.4005066824497278,0.7914892805269866,2,True,0,1,2
0.3026532886701531,0.435107235084618,2,True,2,1,2
0.2930393859475929,0.4350375806692795,2,True,2,1,2
0.3168987847557863,0.4164393802348625,2,True,2,1,2
0.0948630848254576,0.0446685172046269,2,True,3,1,2
0.3232857500555652,0.5399222856478485,2,True,4,1,2
0.3241869881589407,0.5067015616461608,2,True,4,1,2
0.4192373458999092,0.7946041504030912,2,True,0,1,2
0.3238494857787833,0.4456863643438698,2,True,2,1,2
0.2722695085760493,0.6814656125026299,2,True,1,1,2
0.101289314792207,0.0474980025680248,2,True,3,1,2
0.3063274499013498,0.4563367266674926,2,True,2,1,2
0.0822534340363191,0.061996130878497,2,True,3,1,2
0.2877645478742955,0.7035479787960763,2,True,1,1,2
0.4125857357019254,0.8016531849513052,2,True,0,1,2
0.402373246456423,0.7756278277835525,2,True,0,1,2
0.3080851275187343,0.4374598817827144,2,True,2,1,2
0.3060046771873745,0.4309907461139466,2,True,2,1,2
0.2949922319876808,0.4360193098972313,2,True,2,1,2
0.4049004857143451,0.7868172568824352,2,True,0,1,2
0.0916924148430617,0.0477788715842874,2,True,3,1,2
0.2884619776674177,0.4471771610411876,2,True,2,1,2
0.1053466163732277,0.0451964629696136,2,True,3,1,2
0.3053161014176876,0.4374068689067064,2,True,2,1,2
0.4063731557726084,0.7854002453067359,2,True,0,1,2
0.2841099542927411,0.6980518401620878,2,True,1,1,2
0.2993439884921259,0.4297920127154493,2,True,2,1,2
0.0923346272624424,0.0446098620267967,2,True,3,1,2
0.2588520735852866,0.4611859964738057,2,True,2,1,2
0.307744930801958,0.4394228341330128,2,True,2,1,2
0.3068040436964394,0.4445332008824398,2,True,2,1,2
0.3028311765725687,0.4329614275344214,2,True,2,1,2
0.3889776734833355,0.7913759516273907,2,True,0,1,2
0.3087042443392424,0.4394616663333778,2,True,2,1,2
0.3152855618462168,0.4385717384513715,2,True,2,1,2
0.3082442391919703,0.4320247296485767,2,True,2,1,2
0.3105663835977433,0.4305924041275765,2,True,2,1,2
0.3334811409497605,0.527939230541319,2,True,4,1,2
0.4406305952678123,0.7825556830954916,2,True,0,1,2
0.092888342283764,0.0458477495715459,2,True,3,1,2
0.2977300027837766,0.4266383840134805,2,True,2,1,2
0.4293906391241013,0.8052138296768454,2,True,0,1,2
0.3163599693943578,0.4498039529004423,2,True,2,1,2
0.3119586788273674,0.696988971930084,2,True,1,1,2
0.2894955715207577,0.4566896565984556,2,True,2,1,2
0.3092920145278612,0.4340757832626642,2,True,2,1,2
0.0645248094132783,0.0321083505767609,2,True,3,1,2
0.2768365685450678,0.7115205035066106,2,True,1,1,2
0.332921011442348,0.5279082751249135,2,True,4,1,2
0.3261896292363079,0.5375755929712889,2,True,4,1,2
0.295907915338712,0.6945893677525651,2,True,1,1,2
0.3029374080596819,0.4377259707963126,2,True,2,1,2
0.2926730697101865,0.7040425350181967,2,True,1,1,2
0.301556520439057,0.6949297144967019,2,True,1,1,2
0.4265936467702794,0.7887628659884445,2,True,0,1,2
0.0903647295818675,0.0415354600362979,2,True,3,1,2
0.3148747650153156,0.6975457265487288,2,True,1,1,2
0.3206232291086881,0.416600931750086,2,True,2,1,2
0.0939067979211593,0.042654080974834,2,True,3,1,2
0.0905278979705948,0.0487965803750087,2,True,3,1,2
0.3977288867285634,0.7847666802422174,2,True,0,1,2
0.2933205982904711,0.4483967955315188,2,True,2,1,2
0.3073398349855948,0.4413318015614744,2,True,2,1,2
0.2790205646427368,0.6740262608951856,2,True,1,1,2
0.3899250111755488,0.795016620558286,2,True,0,1,2
0.2921317350559191,0.698962101433063,2,True,1,1,2
0.2911164394690508,0.7332674553076693,2,True,1,1,2
0.4045077298010404,0.7904233895437441,2,True,0,1,2
0.2904232495249038,0.4229506295692411,2,True,2,1,2
0.2919197831348942,0.7386612809633261,2,True,1,1,2
0.3040251598021955,0.4224330524771874,2,True,2,1,2
0.3306881097094631,0.5275981391880535,2,True,4,1,2
0.286918709329398,0.7533712635802362,2,True,1,1,2
0.270974351885381,0.7265234727802903,2,True,1,1,2
0.0942337626288248,0.0446625733469703,2,True,3,1,2
0.2973680797172704,0.4302629421998744,2,True,2,1,2
0.0896353735831288,0.049405747025924,2,True,3,1,2
0.3947152592611241,0.8043581181002359,2,True,0,1,2
0.2974222135999572,0.707444112640895,2,True,1,1,2
0.4143502762809674,0.7901318838110053,2,True,0,1,2
0.2913098804156254,0.5211345907569919,2,True,4,1,2
0.0807706546851407,0.0570632945335697,2,True,3,1,2
0.0918262093182845,0.0474069545865817,2,True,3,1,2
0.2871457529526854,0.4216893562362382,2,True,2,1,2
0.297818919383242,0.6884618283467291,2,True,1,1,2
0.3293866985408534,0.6814510327100818,2,True,1,1,2
0.0911151840265756,0.0708016082141054,2,True,3,1,2
0.298755140917823,0.4321257984838928,2,True,2,1,2
0.4169875403334889,0.789433655007916,2,True,0,1,2
0.3020665153542551,0.4186162529458324,2,True,2,1,2
0.2977824068509579,0.4260437591742591,2,True,2,1,2
0.3087409180591021,0.4651721674553047,2,True,2,1,2
0.2929205920561761,0.696958700383896,2,True,1,1,2
0.2867885043140677,0.7224378685499312,2,True,1,1,2
0.4104664587964868,0.812643724943631,2,True,0,1,2
0.408765991804753,0.799076956041813,2,True,0,1,2
0.2901533280008789,0.6899719152513898,2,True,1,1,2
0.3063700772540772,0.6768517240352518,2,True,1,1,2
0.3130629058552163,0.4439782737709014,2,True,2,1,2
0.079763820122959,0.040566914573437,2,True,3,1,2
0.2929431148866566,0.7026880329339483,2,True,1,1,2
0.3133644992080938,0.4350966612411957,2,True,2,1,2
0.3245296690376738,0.52455897351348,2,True,4,1,2
0.0669046017665486,0.0387761808592243,2,True,3,1,2
0.307038180614077,0.4327300059155362,2,True,2,1,2
0.3038188327317952,0.4283757810755637,2,True,2,1,2
0.2746899794983288,0.6866385182509137,2,True,1,1,2
0.2983531392722571,0.4391997034631574,2,True,2,1,2
0.3087947000270065,0.4088909262146922,2,True,2,1,2
0.3054952344188036,0.430567666034171,2,True,2,1,2
0.0818149201169268,0.0546096223481115,2,True,3,1,2
0.3723147694698694,0.7971238017779654,2,True,0,1,2
0.3012468957354772,0.4260096404007435,2,True,2,1,2
0.3000555553123532,0.4303320059603027,2,True,2,1,2
0.3845754177916985,0.7920518986286804,2,True,0,1,2
0.2962591311936531,0.4353577608895959,2,True,2,1,2
0.4081483805379325,0.7948441227974882,2,True,0,1,2
0.3108875145726813,0.4125285466476827,2,True,2,1,2
0.0920265557999047,0.0536461515361954,2,True,3,1,2
0.2931248677634447,0.4181793393246223,2,True,2,1,2
0.1012710900007817,0.0523958964748652,2,True,3,1,2
0.3165141866815824,0.6886573959434037,2,True,1,1,2
0.3136028909732548,0.5391741179241881,2,True,4,1,2
0.2864694476362495,0.6946656526578292,2,True,1,1,2
0.2954995391062192,0.7099255386473001,2,True,1,1,2
0.0917701022715881,0.0554710774312426,2,True,3,1,2
0.0917598841084626,0.0590755074034543,2,True,3,1,2
0.286842656464018,0.7146355456125798,2,True,1,1,2
0.2701580464782768,0.7002539587391687,2,True,1,1,2
0.2808327994620031,0.7518843180527273,2,True,1,1,2
0.3172656058450255,0.4416317402180317,2,True,2,1,2
0.3936014432681652,0.8113178772516215,2,True,0,1,2
0.3049408566173733,0.4288706154762599,2,True,2,1,2
0.4000137643028776,0.7936856531377458,2,True,0,1,2
0.0784922648887992,0.0601155617841417,2,True,3,1,2
0.0809130329022017,0.0566345387591449,2,True,3,1,2
0.4019137559894267,0.8050544385556669,2,True,0,1,2
0.0834978127213431,0.0551396832453186,2,True,3,1,2
0.288338679307636,0.6937306730482437,2,True,1,1,2
0.2753493166549426,0.6817587475568707,2,True,1,1,2
0.2885137901302484,0.4186121545334308,2,True,2,1,2
0.4049238614662375,0.7950996826938231,2,True,0,1,2
0.4005926677384186,0.8245281113503486,2,True,0,1,2
0.2888286634996317,0.6918536459040873,2,True,1,1,2
0.2993313066119469,0.6795790456469901,2,True,1,1,2
0.3135052133147115,0.4342435714040616,2,True,2,1,2
0.3832917766563986,0.7850988827898333,2,True,0,1,2
0.3144394495076767,0.4208249816820632,2,True,2,1,2
0.3233126826108988,0.412255061118527,2,True,2,1,2
0.3027828073124129,0.4207271492335723,2,True,2,1,2
0.3077014782571699,0.6902715484316679,2,True,1,1,2
0.2928768458131361,0.6964765123933304,2,True,1,1,2
0.2878228301154488,0.693157415628152,2,True,1,1,2
0.3488624945123227,0.7729933500830746,2,True,0,1,2
0.2817069981536389,0.7181908493606431,2,True,1,1,2
0.2979475557298073,0.423906881832552,2,True,2,1,2
0.0891290946292775,0.0469942853028566,2,True,3,1,2
0.3978787764633514,0.8012255574621632,2,True,0,1,2
0.2962373334647931,0.5191197088597889,2,True,4,1,2
0.2827302381823369,0.4094350860417441,2,True,2,1,2
0.3012966638107816,0.4197788619705433,2,True,2,1,2
0.2887061527758341,0.4120350617256694,2,True,2,1,2
0.3222235618120528,0.6894239690011891,2,True,1,1,2
0.3012170575741936,0.4240213972410326,2,True,2,1,2
0.4024657199250037,0.7996671915608615,2,True,0,1,2
0.0673447401767599,0.0364864722131889,2,True,3,1,2
0.332378129127824,0.3976951442694899,2,True,2,1,2
0.3351355019443575,0.5101634398821842,2,True,4,1,2
0.3866458824201369,0.7743639927896729,2,True,0,1,2
0.3929323664424337,0.8033457761827695,2,True,0,1,2
0.2965922761348283,0.4173288785885145,2,True,2,1,2
0.2916769808021046,0.6942672272677958,2,True,1,1,2
0.2822372524490406,0.6893357868679922,2,True,1,1,2
0.30895407352824,0.4366397269941947,2,True,2,1,2
0.4183877101973309,0.7815176192915722,2,True,0,1,2
0.3778209798810965,0.8088671620198653,2,True,0,1,2
0.076249659889628,0.0433540474415727,2,True,3,1,2
0.3088686607877742,0.4078779681581532,2,True,2,1,2
0.3020238275084836,0.4233370724500253,2,True,2,1,2
0.2803914856929532,0.4113183134203912,2,True,2,1,2
0.2910761690197196,0.686292833096071,2,True,1,1,2
0.0830486168303575,0.042459078186371,2,True,3,1,2
0.3118028987465349,0.415559605278904,2,True,2,1,2
0.2973702486627262,0.6718572425716743,2,True,1,1,2
0.3018093481394966,0.681703131617641,2,True,1,1,2
0.4010827959558221,0.7990382172495967,2,True,0,1,2
0.0773406650993202,0.0827475415067353,2,True,3,1,2
0.4056416019511938,0.7932007309757785,2,True,0,1,2
0.3030106791895645,0.4126531214721686,2,True,2,1,2
0.0712287669653892,0.0439296325305119,2,True,3,1,2
0.3131491273438976,0.4381449943599277,2,True,2,1,2
0.2863823767653323,0.4030255894347827,2,True,2,1,2
0.3155431861768897,0.398988741573021,2,True,2,1,2
0.4126491706631064,0.81800886684522,2,True,0,1,2
0.0844305282862846,0.068427869401535,2,True,3,1,2
0.2918323574502793,0.4150825105531991,2,True,2,1,2
0.2813361540680974,0.4173268890745935,2,True,2,1,2
0.308350352163846,0.4140872715662319,2,True,2,1,2
0.0784965469685935,0.0551681752378242,2,True,3,1,2
0.0790688797985546,0.0661863278275258,2,True,3,1,2
0.2753939490646492,0.7173873149309881,2,True,1,1,2
0.2645757863802488,0.662183399343114,2,True,1,1,2
0.2956854259721025,0.722812633902286,2,True,1,1,2
0.2975717691618031,0.4224182937792123,2,True,2,1,2
0.06658662005273,0.0721586924412809,2,True,3,1,2
0.3960926209336061,0.8057867431540567,2,True,0,1,2
0.3886807587037866,0.8157542103028536,2,True,0,1,2
0.3239466113317023,0.41223509394452,2,True,2,1,2
0.0511650174662059,0.0732769605066898,2,True,3,1,2
0.3049991717257887,0.4139094278909574,2,True,2,1,2
0.0821402817590154,0.0557671094802806,2,True,3,1,2
0.4064167196193748,0.7976883203390183,2,True,0,1,2
0.2947682825025248,0.7015011339528444,2,True,1,1,2
0.3120273199008988,0.4458337692847708,2,True,2,1,2
0.0755166489537495,0.0638662591165872,2,True,3,1,2
0.2974192679597335,0.4233554490699348,2,True,2,1,2
0.2922347137492089,0.4214115238019015,2,True,2,1,2
0.083790069151679,0.0612027142775571,2,True,3,1,2
0.0785716227710335,0.0651828913314422,2,True,3,1,2
0.3061843481823744,0.4129263966921885,2,True,2,1,2
0.2924111383060117,0.432613618024603,2,True,2,1,2
0.2880578633695917,0.6954212686620369,2,True,1,1,2
0.07349698974754,0.0554525626466096,2,True,3,1,2
0.3956500728219861,0.8100859081782253,2,True,0,1,2
0.2894285822816308,0.6877066922745794,2,True,1,1,2
0.274633733992054,0.7027250553145801,2,True,1,1,2
0.3199900189007741,0.5345695694169025,2,True,4,1,2
0.3118052152235039,0.4334393350344119,2,True,2,1,2
0.0736110695075205,0.0620341394855306,2,True,3,1,2
0.3151458120110636,0.4280997419881769,2,True,2,1,2
0.4052022785368089,0.7938998739400847,2,True,0,1,2
0.328310620643072,0.411443090326115,2,True,2,1,2
0.2933996121379045,0.6852974732907917,2,True,1,1,2
0.2999369516005698,0.4181625297040795,2,True,2,1,2
0.0702850503920365,0.057298174663423,2,True,3,1,2
0.3060431945140108,0.4091713504482381,2,True,2,1,2
0.3025771705778826,0.5409071539089092,2,True,4,1,2
0.2979169309092136,0.4196833312636335,2,True,2,1,2
0.3098206646856651,0.4284213974437477,2,True,2,1,2
0.30536979414972,0.4021068090950037,2,True,2,1,2
0.4125943108690842,0.84018462529189,2,True,0,1,2
0.3079214963930725,0.411097567759721,2,True,2,1,2
0.2868506664969215,0.6755886602558661,2,True,1,1,2
0.3905038053432252,0.7905091938311323,2,True,0,1,2
0.3042744371080492,0.6602659870262342,2,True,1,1,2
0.3063570793051693,0.4203000940265457,2,True,2,1,2
0.3905383444976751,0.7974653579614461,2,True,0,1,2
0.286627845704015,0.6739083734391442,2,True,1,1,2
0.4185824511666892,0.8036753607374472,2,True,0,1,2
0.2837692391693097,0.685374263652949,2,True,1,1,2
0.40134841906585,0.8196702039828091,2,True,0,1,2
0.4184406616900261,0.8557340895999977,2,True,0,1,2
0.3934996860271624,0.8220147117720343,2,True,0,1,2
0.2967142321987921,0.415937199880192,2,True,2,1,2
0.282602974837473,0.6372541550128737,2,True,1,1,2
0.0692504225793296,0.0479118099947585,2,True,3,1,2
0.0754888530055266,0.0596911791068715,2,True,3,1,2
0.3157486039556426,0.5366540467293826,2,True,4,1,2
0.0483985618495051,0.0672487401373098,2,True,3,1,2
0.4201035827872838,0.7839155132767113,2,True,0,1,2
0.3606982796729013,0.7998841967318339,2,True,0,1,2
0.302926064356159,0.4217615560644508,2,True,2,1,2
0.0694155407835262,0.0604364759526969,2,True,3,1,2
0.3688907877587007,0.7922825247930444,2,True,0,1,2
0.3292314518087496,0.5444108883975362,2,True,4,1,2
0.3960338768259204,0.7992515949026354,2,True,0,1,2
0.2911168357585718,0.6848899345741396,2,True,1,1,2
0.3094896124521924,0.4461914879381597,2,True,2,1,2
0.0701107556825816,0.0538509278928374,2,True,3,1,2
0.2964311731317069,0.6890336394744404,2,True,1,1,2
0.1015460444092089,0.0421493670658216,2,True,3,1,2
0.2999398425666831,0.4149696989156609,2,True,2,1,2
0.2983329025330681,0.4148147604692028,2,True,2,1,2
0.2771177273386616,0.6825162653907073,2,True,1,1,2
0.097778585353514,0.044930935557579,2,True,3,1,2
0.4310268408725023,0.8114842800587346,2,True,0,1,2
0.0737296300099966,0.0446844265822152,2,True,3,1,2
0.2966129032442326,0.6781909126189812,2,True,1,1,2
0.3634011688334318,0.7709583977814404,2,True,0,1,2
0.310270103971423,0.4194139356124534,2,True,2,1,2
0.2837823974258293,0.6915843577599606,2,True,1,1,2
0.3161327070794689,0.5162364722828148,2,True,4,1,2
0.403236197536839,0.805729344525241,2,True,0,1,2
0.0722172748458204,0.0614320807721084,2,True,3,1,2
0.2746039855665337,0.6636686312276393,2,True,1,1,2
0.2891806904076944,0.3961147621113408,2,True,2,1,2
0.3008314694629055,0.4141908838465649,2,True,2,1,2
0.4054036379572103,0.8202514548273692,2,True,0,1,2
0.3106363027986799,0.3796990738657999,2,True,2,1,2
0.2876517005785223,0.6755665431024265,2,True,1,1,2
0.3025564848664592,0.4091681680426123,2,True,2,1,2
0.3180611665168765,0.4372232808113744,2,True,2,1,2
0.2665970225818179,0.4093429766749794,2,True,2,1,2
0.3119999560786299,0.5398746894326092,2,True,4,1,2
0.2819854745879098,0.6687999748023155,2,True,1,1,2
0.0709927031991952,0.0622895982413869,2,True,3,1,2
0.3032251769349499,0.675092791565914,2,True,1,1,2
0.083351736410995,0.1008356078176173,2,True,3,1,2
0.284400445101128,0.6882270779303217,2,True,1,1,2
0.3799147837063051,0.8349654494070629,2,True,0,1,2
0.3784490272210313,0.797885419305774,2,True,0,1,2
0.2936988292169395,0.4106383499955491,2,True,2,1,2
0.0681939303408344,0.0640789029399741,2,True,3,1,2
0.2892899979411356,0.3835549078393258,2,True,2,1,2
0.287397593897344,0.3948658935091779,2,True,2,1,2
0.4126278168280673,0.7860229382122016,2,True,0,1,2
0.3076238340470563,0.4281328560571941,2,True,2,1,2
0.3718879848242196,0.8352384276973088,2,True,0,1,2
0.3056781106396937,0.5287115896646609,2,True,4,1,2
0.395681679348366,0.8132702020695555,2,True,0,1,2
0.3082711248589733,0.7061044979588438,2,True,1,1,2
0.2864333618475789,0.4239622372537078,2,True,2,1,2
0.3803403869126174,0.8139783852788794,2,True,0,1,2
0.3079789855527041,0.712565856094815,2,True,1,1,2
0.2922698166209717,0.4055189734717669,2,True,2,1,2
0.084074577500589,0.0803003938640972,2,True,3,1,2
0.3063296600396017,0.6853142527640053,2,True,1,1,2
0.2948031707264807,0.6825737200288948,2,True,1,1,2
0.3946708442007071,0.8118285281282774,2,True,0,1,2
0.2908909090739904,0.6717722026636577,2,True,1,1,2
0.3083497838659819,0.3968854761151869,2,True,2,1,2
0.3097250916057847,0.5427413114112937,2,True,4,1,2
0.4029800637774753,0.8031797951433453,2,True,0,1,2
0.3739404116833648,0.8016503313898412,2,True,0,1,2
0.3027879115088163,0.4276070268989685,2,True,2,1,2
0.0741878111219946,0.0700865619835645,2,True,3,1,2
0.2913001969889195,0.3973012752373227,2,True,2,1,2
0.28761196603821,0.4034171755245074,2,True,2,1,2
0.3004079445539029,0.6805130440299115,2,True,1,1,2
0.3940259612082733,0.8133350246279184,2,True,0,1,2
0.2627965090603226,0.6729882831089934,2,True,1,1,2
0.394909156022485,0.8137932339982775,2,True,0,1,2
0.3999633066660223,0.8104750978672849,2,True,0,1,2
0.2857241466076299,0.6818943897784917,2,True,1,1,2
0.2958767774271344,0.4083955205942283,2,True,2,1,2
0.2894319566973005,0.4205024783693111,2,True,2,1,2
0.334493449783293,0.5514537744049522,2,True,4,1,2
0.0841515321708795,0.036606344893004,2,True,3,1,2
0.3027482842199715,0.7229593695829374,2,True,1,1,2
0.2875316985044104,0.4077879896117012,2,True,2,1,2
0.3060009564739113,0.543454638205943,2,True,4,1,2
0.2969612639998931,0.4149410105966029,2,True,2,1,2
0.4051791820983745,0.8116658744658553,2,True,0,1,2
0.3947846198572275,0.8142069758233174,2,True,0,1,2
0.0728085109083276,0.0572059647970226,2,True,3,1,2
0.2921337861323279,0.4116435667867861,2,True,2,1,2
0.3946061782146076,0.8105490163566647,2,True,0,1,2
0.3073597001989789,0.3947723373683732,2,True,2,1,2
0.310706194817629,0.706768624630948,2,True,1,1,2
0.3880353376044169,0.8202234604196165,2,True,0,1,2
0.0717250822368931,0.07544649987339,2,True,3,1,2
0.2882588973759694,0.6789386113692389,2,True,1,1,2
0.3932562880064321,0.8083600264549751,2,True,0,1,2
0.0314640694100305,0.0606003373330608,2,True,3,1,2
0.0617819903563876,0.0658972171352539,2,True,3,1,2
0.056728303774083,0.0654330448148101,2,True,3,1,2
0.2480494450168127,0.6345271366593218,2,True,1,1,2
0.2800043141794474,0.6641671199583797,2,True,1,1,2
0.0643697227549389,0.0644652713051167,2,True,3,1,2
0.3104714013061893,0.3858484919157686,2,True,2,1,2
0.2973260210638633,0.40577786778317,2,True,2,1,2
0.2906945062488822,0.4081044908305856,2,True,2,1,2
0.2980414465720877,0.4043367450862535,2,True,2,1,2
0.2975894540028813,0.3997914644197399,2,True,2,1,2
0.3968646468384613,0.8462716045284133,2,True,0,1,2
0.382145650384591,0.8241870753058715,2,True,0,1,2
0.057787139704141,0.0581206795807925,2,True,3,1,2
0.2974792440380637,0.6656493389968825,2,True,1,1,2
0.2737947153776631,0.3828224247691831,2,True,2,1,2
0.4014944841433319,0.8175823933138402,2,True,0,1,2
0.3155848087793164,0.536437141261354,2,True,4,1,2
0.3040063015451004,0.4067647439500287,2,True,2,1,2
0.2842457696269237,0.678069318594861,2,True,1,1,2
0.4174293758215001,0.8339874016935472,2,True,0,1,2
0.3028827260288937,0.4288167169131439,2,True,2,1,2
0.3808025484511099,0.8049561230604526,2,True,0,1,2
0.0705905962914825,0.061208234830794,2,True,3,1,2
0.3066611795181309,0.3877502381099936,2,True,2,1,2
0.2905990194144751,0.6688755307017304,2,True,1,1,2
0.0679729921038292,0.0711245350369584,2,True,3,1,2
0.2923339965286035,0.6707577462056,2,True,1,1,2
0.2874391802303231,0.3962902626250207,2,True,2,1,2
0.2844629337921128,0.375385501607918,2,True,2,1,2
0.0654795088835611,0.0681188382508962,2,True,3,1,2
0.2706366005649655,0.3731291978760033,2,True,2,1,2
0.3073640612167831,0.613029719376747,2,True,1,1,2
0.0343105664253272,0.0774979410703136,2,True,3,1,2
0.2920608910339119,0.6623262577932724,2,True,1,1,2
0.3048355823517141,0.3953030605035904,2,True,2,1,2
0.2880338026087395,0.4177078653754154,2,True,2,1,2
0.2385233389421169,0.7101095434318752,2,True,1,1,2
0.0667325814710193,0.0607113445990462,2,True,3,1,2
0.278611788808748,0.6956837834703796,2,True,1,1,2
0.271286385396962,0.6859540899114303,2,True,1,1,2
0.3992347561448041,0.8376786046257929,2,True,0,1,2
0.3220851534234887,0.7121385376784367,2,True,1,1,2
0.3783496453927291,0.8154478988963829,2,True,0,1,2
0.3915294096595969,0.8287203056337232,2,True,0,1,2
0.049800408902149,0.0723113864155147,2,True,3,1,2
0.3097613153503773,0.5379091144418158,2,True,4,1,2
0.2974100063079523,0.6277446542683311,2,True,1,1,2
0.2941774805769542,0.7019216860148502,2,True,1,1,2
0.3794161911981861,0.8390280068682738,2,True,0,1,2
0.3863810521526004,0.8185701103984638,2,True,0,1,2
0.0504034630630386,0.0863048723842758,2,True,3,1,2
0.333655534712006,0.7104838818428049,2,True,1,1,2
0.2974263458212354,0.691173225234951,2,True,1,1,2
0.2871145808000178,0.5526745384942395,2,True,4,1,2
0.3027321086425211,0.4071199151468321,2,True,2,1,2
0.2788506522135819,0.3789216101720521,2,True,2,1,2
0.2969494701866011,0.3970217778274074,2,True,2,1,2
0.0586882913077194,0.0713663453642149,2,True,3,1,2
0.3024996357450547,0.6562656567324601,2,True,1,1,2
0.2881943831179177,0.6679513818563876,2,True,1,1,2
0.2931655720859613,0.4005787775530612,2,True,2,1,2
0.3989607473873481,0.8286364539471042,2,True,0,1,2
0.2858095138177595,0.6599144565322504,2,True,1,1,2
0.3864920771967285,0.8221572329688898,2,True,0,1,2
0.3983536903044732,0.8122225920862535,2,True,0,1,2
0.2972901844541741,0.3991885195580407,2,True,2,1,2
0.0695228491517991,0.0811947366435532,2,True,3,1,2
0.0451952839934679,0.0859782183522531,2,True,3,1,2
0.3867434243948925,0.8297906107490871,2,True,0,1,2
0.2899215469410668,0.5366550332657574,2,True,4,1,2
0.3035273636862184,0.6464135266316258,2,True,1,1,2
0.2952654191918973,0.4020380019178317,2,True,2,1,2
0.3981755526496001,0.8133097722398792,2,True,0,1,2
0.2982280211525028,0.4135706230230093,2,True,2,1,2
0.0488171664229893,0.0779568648589297,2,True,3,1,2
0.3135043404901851,0.415130227999397,2,True,2,1,2
0.4081078204085125,0.813377930395637,2,True,0,1,2
0.02047618239945,0.0582024602783427,2,True,3,1,2
0.3115991113522117,0.6414499227568232,2,True,1,1,2
0.2911477118866283,0.405460433720518,2,True,2,1,2
0.0565047110914076,0.0754780413051236,2,True,3,1,2
0.2862272438862234,0.666450619817172,2,True,1,1,2
0.3188906123728315,0.5336143384606575,2,True,4,1,2
0.2878196420746636,0.662348812400484,2,True,1,1,2
0.2761799278986074,0.6772178977827287,2,True,1,1,2
0.2980989628758248,0.4009503781548558,2,True,2,1,2
0.0567114654340828,0.07575286441583,2,True,3,1,2
0.2789545493560046,0.4002435463865385,2,True,2,1,2
0.3888060939503257,0.8283688076548857,2,True,0,1,2
0.3058659708143227,0.414205079177315,2,True,2,1,2
0.2920071021663261,0.399379505354047,2,True,2,1,2
0.3033576624141898,0.6807358641054823,2,True,1,1,2
0.0388417687525607,0.0692157606885119,2,True,3,1,2
0.3859355154319402,0.8260355260973741,2,True,0,1,2
0.0564663696502732,0.0564672269531721,2,True,3,1,2
0.2917029042524106,0.3992403904437619,2,True,2,1,2
0.2968824438551437,0.4023888034644452,2,True,2,1,2
0.0695678030465058,0.0604469846929904,2,True,3,1,2
0.2917003851713367,0.3976117202674427,2,True,2,1,2
0.3947602007862704,0.8312377208197137,2,True,0,1,2
0.0706418554295999,0.0580867488250365,2,True,3,1,2
0.270214133039514,0.3901165738885818,2,True,2,1,2
0.3753820360206308,0.8301502520606714,2,True,0,1,2
0.0548770067176404,0.0721359392798371,2,True,3,1,2
0.2864682403930362,0.6591067906113008,2,True,1,1,2
0.3779316366739237,0.8111988680489393,2,True,0,1,2
0.3996862095466749,0.8251698971596905,2,True,0,1,2
0.3726172464326983,0.8357854144484345,2,True,0,1,2
0.3058245122918826,0.4080076384562064,2,True,2,1,2
0.0545033412486743,0.0711930996903228,2,True,3,1,2
0.2844179173685696,0.6633338781631534,2,True,1,1,2
0.374811964571902,0.8211206061710251,2,True,0,1,2
0.3763424513199421,0.8431367871547826,2,True,0,1,2
0.317364363294058,0.6486058546908497,2,True,1,1,2
0.0472014080559991,0.0522093062478094,2,True,3,1,2
0.2643751732383032,0.3840753255430872,2,True,2,1,2
0.294993929599762,0.6627630644060717,2,True,1,1,2
0.2727845078010291,0.3880948444155785,2,True,2,1,2
0.268232388167656,0.6363170789198229,2,True,1,1,2
0.2976305472723305,0.4052487750262101,2,True,2,1,2
0.282359726592049,0.3995224046560541,2,True,2,1,2
0.2738978447926612,0.5780173439434361,2,True,4,1,2
0.3021458591447536,0.3983731687647343,2,True,2,1,2
0.3776377461053493,0.8282930679697166,2,True,0,1,2
0.3002472484136942,0.639666966229904,2,True,1,1,2
0.2938644908644313,0.5496993518740576,2,True,4,1,2
0.2901488667470457,0.3974123025764564,2,True,2,1,2
0.0627636634002408,0.0603126767687394,2,True,3,1,2
0.2722173210094579,0.6552732047471508,2,True,1,1,2
0.2898889362294574,0.5508584695131442,2,True,4,1,2
0.2920227683347473,0.6309858350517428,2,True,1,1,2
0.0561844866660422,0.0926882903123391,2,True,3,1,2
0.2803339702451469,0.4159181768715538,2,True,2,1,2
0.3981529530538049,0.8400566339413424,2,True,0,1,2
0.3069753089706894,0.3791515598405709,2,True,2,1,2
0.2658641982476291,0.6481150813179437,2,True,1,1,2
0.3090245771670376,0.3740770657209819,2,True,2,1,2
0.0738156511645648,0.0822892335923218,2,True,3,1,2
0.0536618318315909,0.0755090203558074,2,True,3,1,2
0.2964914681831965,0.5469738328000168,2,True,4,1,2
0.3147451494567572,0.4014024237770634,2,True,2,1,2
0.292631194220624,0.6734129575815521,2,True,1,1,2
0.2970684597273124,0.6332955110192887,2,True,1,1,2
0.2971006045374966,0.5567090227556656,2,True,4,1,2
0.3024202986729999,0.6571481059072027,2,True,1,1,2
0.390264421637977,0.8247212827655661,2,True,0,1,2
0.3834450353405868,0.8335542628010355,2,True,0,1,2
0.4235349775479674,0.8510027007779897,2,True,0,1,2
0.3015398029039918,0.3974628636814105,2,True,2,1,2
0.376748104010542,0.841375239107812,2,True,0,1,2
0.3718383350407904,0.8269859094368515,2,True,0,1,2
0.2836563328352023,0.3753168180718063,2,True,2,1,2
0.3932856600754738,0.8265900654500837,2,True,0,1,2
0.2885700115516724,0.6551181606734878,2,True,1,1,2
0.2834711682677173,0.3795745019531058,2,True,2,1,2
0.2889254091340141,0.3823662233921635,2,True,2,1,2
0.2872753830717394,0.3914504600794266,2,True,2,1,2
0.2860788796977294,0.651657580182187,2,True,1,1,2
0.3080158987189826,0.3871072484850348,2,True,2,1,2
0.0490748179481626,0.0809353989453857,2,True,3,1,2
0.396420681956591,0.8235249919107471,2,True,0,1,2
0.2896249382856919,0.6523958577128222,2,True,1,1,2
0.401223112880563,0.8128852458374389,2,True,0,1,2
0.2844244138375689,0.4058088122760692,2,True,2,1,2
0.2853754851505468,0.6490481026819279,2,True,1,1,2
0.2802475315171497,0.5641833315810928,2,True,4,1,2
0.2941738325664744,0.3957088588992741,2,True,2,1,2
0.0363356419499976,0.061874998432065,2,True,3,1,2
0.2786971478646565,0.389335519730371,2,True,2,1,2
0.3217242291525784,0.6543438842938853,2,True,1,1,2
0.2948899001342015,0.3977012168594562,2,True,2,1,2
0.2913912202374321,0.3888744130693747,2,True,2,1,2
0.2920319581944554,0.3670500675936887,2,True,2,1,2
0.0591348341036596,0.0599968181324333,2,True,3,1,2
0.3039326655447359,0.3698401430015365,2,True,2,1,2
0.3983734147916979,0.8134740372177969,2,True,0,1,2
0.273272615398492,0.6582004059259166,2,True,1,1,2
0.3835295184070158,0.8292127756764986,2,True,0,1,2
0.0511986770607333,0.0784549828999062,2,True,3,1,2
0.3081340851035505,0.3790675353600297,2,True,2,1,2
0.2902388372850258,0.38839668123017,2,True,2,1,2
0.2879539425544395,0.653049976298793,2,True,1,1,2
0.2932162274295739,0.6531954141741957,2,True,1,1,2
0.2960256754886911,0.6819522792048699,2,True,1,1,2
0.0534303770036177,0.0753849244526716,2,True,3,1,2
0.4000205230897296,0.8323422286660538,2,True,0,1,2
0.2840516111795737,0.3814443331363642,2,True,2,1,2
0.2894660368273736,0.6454044737349587,2,True,1,1,2
0.2843693255721772,0.3940874585274705,2,True,2,1,2
0.2358982678192422,0.7092661404200568,2,True,1,1,2
0.0377267089498427,0.0623052077318122,2,True,3,1,2
0.2742434713501317,0.6501013289018616,2,True,1,1,2
0.2916711152903974,0.6846983507788069,2,True,1,1,2
0.2919428897251029,0.5534389530146017,2,True,4,1,2
0.3853010588247192,0.8630042919742256,2,True,0,1,2
0.4067962511830211,0.8273944215401606,2,True,0,1,2
0.3762035103616354,0.8248512439095237,2,True,0,1,2
0.2720024020999387,0.4120952511102981,2,True,2,1,2
0.2626456779099471,0.4009698954717476,2,True,2,1,2
0.0300299056903379,0.0796185778688213,2,True,3,1,2
0.2828865925859979,0.64155989762499,2,True,1,1,2
0.2515996999158653,0.6517256211712383,2,True,1,1,2
0.2999002103165498,0.6637214160986354,2,True,1,1,2
0.2186417935639534,0.6355181773305492,2,True,1,1,2
0.0629945257083989,0.0510664802783106,2,True,3,1,2
0.3715248062826303,0.8371219066442257,2,True,0,1,2
0.2993573709600137,0.4071963154646436,2,True,2,1,2
0.2545239421854773,0.6501723088889615,2,True,1,1,2
0.2844925042051852,0.6462529345269803,2,True,1,1,2
0.3942090515471564,0.8255859631635725,2,True,0,1,2
0.2936406482539943,0.3800749870146909,2,True,2,1,2
0.2936986166790657,0.5608173679118852,2,True,4,1,2
0.292433214819967,0.3818270824800426,2,True,2,1,2
0.0609876570228816,0.0772759048723828,2,True,3,1,2
0.3441002341175081,0.811699183342007,2,True,0,1,2
0.2657097998407232,0.6257806973306688,2,True,1,1,2
0.3839326371704856,0.8403083746810612,2,True,0,1,2
0.0607573451967644,0.0692404510596432,2,True,3,1,2
0.3837903402054809,0.8356093811858596,2,True,0,1,2
0.2601320225959335,0.6582859003920768,2,True,1,1,2
0.2922256681648526,0.38383837024873,2,True,2,1,2
0.378440695434404,0.834779948087097,2,True,0,1,2
0.3969713770236704,0.8469850538320586,2,True,0,1,2
0.2856900221457427,0.5509315397709762,2,True,4,1,2
0.3768204898174674,0.8321014159674264,2,True,0,1,2
0.2933098250495561,0.5666008808323472,2,True,4,1,2
0.3169102017336421,0.6518220371830763,2,True,1,1,2
0.2895607027860839,0.383918469664895,2,True,2,1,2
0.2943889540537879,0.4075845004434648,2,True,2,1,2
0.2890580878110775,0.3894579537367197,2,True,2,1,2
0.0207298626580985,0.0536214220682874,2,True,3,1,2
0.3780235917388254,0.8401950345674845,2,True,0,1,2
0.2881375163857978,0.3937669400473483,2,True,2,1,2
0.2856965301025028,0.392374327159449,2,True,2,1,2
0.2847321772408126,0.3733881091699649,2,True,2,1,2
0.3897149172862767,0.8362203631208321,2,True,0,1,2
0.3841742577993148,0.8381630509696105,2,True,0,1,2
0.2837604619326276,0.3877745348754643,2,True,2,1,2
0.0806354652586036,0.1081761336075222,2,True,3,1,2
0.2939221972781233,0.3785437505194923,2,True,2,1,2
0.3831658540020432,0.8530462010799986,2,True,0,1,2
0.2829354060546809,0.655401864047796,2,True,1,1,2
0.0509951542876945,0.0760460933841455,2,True,3,1,2
0.3256215682381321,0.651452611279853,2,True,1,1,2
0.2876372503330237,0.3904426934843713,2,True,2,1,2
0.2899298702373434,0.5515578261565948,2,True,4,1,2
0.374215543587574,0.8494365915533741,2,True,0,1,2
0.0338309667901139,0.1066974050062015,2,True,3,1,2
0.2871109520299972,0.3951487430786472,2,True,2,1,2
0.3296296407603175,0.6642025697907187,2,True,1,1,2
0.2761091196112658,0.5497126915896713,2,True,4,1,2
0.2866612492105667,0.381934778449379,2,True,2,1,2
0.2806397316048503,0.3983240393725088,2,True,2,1,2
0.034574340892903,0.0689610139850075,2,True,3,1,2
0.3787471720086048,0.8850596916854966,2,True,0,1,2
0.2865491669511044,0.6210279780394891,2,True,1,1,2
0.3952127391074739,0.8310031965215101,2,True,0,1,2
0.2950392862800331,0.5506451981057513,2,True,4,1,2
0.2804067796620584,0.655574551062851,2,True,1,1,2
0.2929448353809259,0.6377547954548307,2,True,1,1,2
0.0477629568383982,0.0727448074103382,2,True,3,1,2
0.2934956531269573,0.5638105083120081,2,True,4,1,2
0.0080435189080494,0.0933563802274984,2,True,3,1,2
0.2835779740553421,0.5565682403808732,2,True,4,1,2
0.2855063397696512,0.3897196437687591,2,True,2,1,2
0.2929118615434326,0.6417362545592933,2,True,1,1,2
0.3014326825403675,0.3703252674065667,2,True,2,1,2
0.2769751424598424,0.384324255488355,2,True,2,1,2
0.3103696042782024,0.3721893182846552,2,True,2,1,2
0.271661363270279,0.6503049675882161,2,True,1,1,2
0.2894392310613949,0.3784558032218953,2,True,2,1,2
0.2816038484311723,0.3801253849687172,2,True,2,1,2
0.2718579442252157,0.6316786144200897,2,True,1,1,2
0.384420108773073,0.8440129962740971,2,True,0,1,2
0.2851070692131243,0.6451067430297197,2,True,1,1,2
0.2894502351595859,0.3858990122664881,2,True,2,1,2
0.3810527592927542,0.8405297599746518,2,True,0,1,2
0.0182077780773708,0.1172652375059658,2,True,3,1,2
0.2867134364505475,0.6534697051272773,2,True,1,1,2
0.0596988350572753,0.0737639177916382,2,True,3,1,2
0.3798402643476342,0.8398717955040995,2,True,0,1,2
0.2795245733788868,0.5560746056784025,2,True,4,1,2
0.2687786787271761,0.3944527571553855,2,True,2,1,2
0.2823781258276444,0.5601851379983045,2,True,4,1,2
0.2816061302885493,0.3892674008514709,2,True,2,1,2
0.2878838862125503,0.3781090775742773,2,True,2,1,2
0.0669588601729735,0.0856060506832091,2,True,3,1,2
0.04791815304858,0.0735349847320201,2,True,3,1,2
0.0395850684889376,0.0792346388970696,2,True,3,1,2
0.2825438533811313,0.378052654627576,2,True,2,1,2
0.2896256673663255,0.3863345763148808,2,True,2,1,2
0.2815690069605686,0.383124412500859,2,True,2,1,2
0.2654146326808599,0.5541033217646314,2,True,4,1,2
0.2684683873039823,0.3795404226600701,2,True,2,1,2
0.277122791835613,0.3757723661807887,2,True,2,1,2
0.2824035772971565,0.6476704175417711,2,True,1,1,2
0.2638207249527906,0.6916435340291353,2,True,1,1,2
0.3590230525999037,0.838713624869788,2,True,0,1,2
0.2730299906660492,0.5473331852024185,2,True,4,1,2
0.2870444408081871,0.3779829184820053,2,True,2,1,2
0.2796801864163769,0.5610519282640556,2,True,4,1,2
0.2832791308394782,0.5573313645932825,2,True,4,1,2
0.2766098197056795,0.3905721120597197,2,True,2,1,2
0.3776258217900072,0.8618488505319539,2,True,0,1,2
0.3667588126673508,0.8491545855045629,2,True,0,1,2
0.3004941863814176,0.5548302136924298,2,True,4,1,2
0.3037982376307844,0.3711014385113366,2,True,2,1,2
0.2949216106028615,0.6445053931917598,2,True,1,1,2
0.2740893955625946,0.383477992594124,2,True,2,1,2
0.0244847292216177,0.1079505804596263,2,True,3,1,2
0.0457797071597678,0.0763605356854382,2,True,3,1,2
0.3719706627061716,0.854071625474995,2,True,0,1,2
0.3177063013584068,0.6596417096391112,2,True,1,1,2
0.2856301384445383,0.36420111834032,2,True,2,1,2
0.2804321136111664,0.6332613580612485,2,True,1,1,2
0.2732272287419037,0.6373063147685415,2,True,1,1,2
0.2899025983069688,0.3731435295092344,2,True,2,1,2
0.2854659879116876,0.3766565606035204,2,True,2,1,2
0.286406068262459,0.3762739212539628,2,True,2,1,2
0.2866090244961051,0.3745351775404869,2,True,2,1,2
0.3759354347298962,0.8377224122576981,2,True,0,1,2
0.0357640363470688,0.0998173360337004,2,True,3,1,2
0.3728375350286726,0.8613414782856987,2,True,0,1,2
0.3510836205057152,0.8173173795114682,2,True,0,1,2
0.3890551065829282,0.8544851744735026,2,True,0,1,2
0.0277367437476737,0.0928572731478375,2,True,3,1,2
0.2704574843421257,0.607913845622977,2,True,1,1,2
0.3984064398198507,0.8444896507007075,2,True,0,1,2
0.0318755897360283,0.0797132227591954,2,True,3,1,2
0.3807701044105775,0.8445615851007681,2,True,0,1,2
0.0388770106223398,0.0716240168617041,2,True,3,1,2
0.2786860677586645,0.5612379641862317,2,True,4,1,2
0.3652682656723684,0.8670209915165993,2,True,0,1,2
0.2578561656019385,0.5483749774633342,2,True,4,1,2
0.2793157996818112,0.5515024538708307,2,True,4,1,2
0.2719252371092143,0.4039940257140037,2,True,2,1,2
0.2886752621722014,0.3792802733529153,2,True,2,1,2
0.3750442804173649,0.8417284574017244,2,True,0,1,2
0.2814782356252303,0.3763833658392766,2,True,2,1,2
0.2887759725119296,0.370773188996009,2,True,2,1,2
0.3151776772628147,0.6280723495669276,2,True,1,1,2
0.2849064963376466,0.3766417953793634,2,True,2,1,2
0.3212083559616155,0.8470527382155635,2,True,0,1,2
0.2853941271943864,0.3752592979430991,2,True,2,1,2
0.2627452240226103,0.639427214597142,2,True,1,1,2
0.2702120352331681,0.3641594483246341,2,True,2,1,2
0.2820962184987018,0.3909690816882298,2,True,2,1,2
0.2986367765177192,0.6333358036995873,2,True,1,1,2
0.2791119978041951,0.361290426730029,2,True,2,1,2
0.388635717230303,0.8379781899778048,2,True,0,1,2
0.3613900404565696,0.8405162706085587,2,True,0,1,2
0.0368593443815067,0.0871914667346465,2,True,3,1,2
0.2891414335658359,0.3813015330588908,2,True,2,1,2
0.0571112935283881,0.0833333725110138,2,True,3,1,2
0.2827817524382547,0.381287984198462,2,True,2,1,2
0.2759745358345694,0.5559211793697348,2,True,4,1,2
0.2735079308715262,0.6373507704979621,2,True,1,1,2
0.0404849957993838,0.074737252609822,2,True,3,1,2
0.3399952997536692,0.8720823835790348,2,True,0,1,2
0.2918249179138986,0.6326774922458704,2,True,1,1,2
0.2863039185365851,0.3706720881380104,2,True,2,1,2
0.2884187115973589,0.6131174137000144,2,True,1,1,2
0.2809571614397363,0.6338802826218857,2,True,1,1,2
0.3519361902454288,0.8581110958823573,2,True,0,1,2
0.3785492559988965,0.8234260495687219,2,True,0,1,2
0.2726246266630434,0.5623486495823473,2,True,4,1,2
0.2782956968615214,0.5609846939387487,2,True,4,1,2
0.2831326764199949,0.3690091440133657,2,True,2,1,2
0.3806758703222465,0.8531698234920736,2,True,0,1,2
0.2877646783603728,0.3857757059634841,2,True,2,1,2
0.2776326395287849,0.341987974123076,2,True,2,1,2
0.375015776984305,0.868829717909367,2,True,0,1,2
0.3592336255250877,0.6511406542335916,2,True,1,1,2
0.0442992665103821,0.0749646387401049,2,True,3,1,2
0.3794001078416749,0.8269019118133503,2,True,0,1,2
0.3003398894181616,0.6199980594285243,2,True,1,1,2
0.3291405494408463,0.670135496379999,2,True,1,1,2
0.2796852317395851,0.3664935907549052,2,True,2,1,2
0.2842738738961122,0.3715222083637523,2,True,2,1,2
0.3668764630320662,0.8368422470397607,2,True,0,1,2
0.2924798361875865,0.3765784424355241,2,True,2,1,2
0.2985407090516183,0.6115727971446111,2,True,1,1,2
0.2779315906980262,0.3830813498017175,2,True,2,1,2
0.2899420664542558,0.6225299584589973,2,True,1,1,2
0.3019557125094764,0.6283624569176313,2,True,1,1,2
0.3919606169244881,0.8667108641027573,2,True,0,1,2
0.0261469166460188,0.0745107956100827,2,True,3,1,2
0.369585788072736,0.8708374056516105,2,True,0,1,2
0.2911345204661135,0.6326173399443933,2,True,1,1,2
0.2813361396526463,0.5484948038671927,2,True,4,1,2
0.2863587942469596,0.3691134099497135,2,True,2,1,2
0.2605906901780803,0.6180339125619844,2,True,1,1,2
0.2812160903400826,0.6476506252834717,2,True,1,1,2
0.2865707883956609,0.6350601379845585,2,True,1,1,2
0.2744109920827459,0.5637729302934711,2,True,4,1,2
0.2814915273859528,0.3683983385931898,2,True,2,1,2
0.2840512535446619,0.3563874783604139,2,True,2,1,2
0.2824604526003653,0.3684422537264469,2,True,2,1,2
0.2845452469954942,0.3652439296867723,2,True,2,1,2
0.3929080799112984,0.8756746813845736,2,True,0,1,2
0.289010018631019,0.376716160036263,2,True,2,1,2
0.2843759110731308,0.3649526446775452,2,True,2,1,2
0.2823710473588383,0.3673946519084087,2,True,2,1,2
0.2644126582757949,0.6384926378976649,2,True,1,1,2
0.2699784138765045,0.3676449941880197,2,True,2,1,2
0.2748017483734717,0.3817731631596854,2,True,2,1,2
0.277827426213987,0.3781631323464148,2,True,2,1,2
0.310907440224105,0.6237568881897623,2,True,1,1,2
0.0326819420874905,0.0939351850373101,2,True,3,1,2
0.2885189316557442,0.6322151981683698,2,True,1,1,2
0.2730610284281297,0.5663337899647785,2,True,4,1,2
0.3749221499982127,0.862120385120341,2,True,0,1,2
0.4044992788164515,0.8672145842184414,2,True,0,1,2
0.2741579959432029,0.5611145283507805,2,True,4,1,2
0.3881870873148499,0.8660819137205537,2,True,0,1,2
0.2932462399293593,0.6206227724753042,2,True,1,1,2
0.2473083562191264,0.6410433099047439,2,True,1,1,2
0.2886468675523639,0.6373088179859011,2,True,1,1,2
0.2938843602647047,0.6185613020325849,2,True,1,1,2
0.2901804973359702,0.6383711927223358,2,True,1,1,2
0.292817861295057,0.3589078487623959,2,True,2,1,2
0.2961617830058096,0.638864258265759,2,True,1,1,2
0.252460535197015,0.3843401950523141,2,True,2,1,2
0.2821849614938375,0.3675784503564407,2,True,2,1,2
0.2645081256519042,0.3835020330151523,2,True,2,1,2
0.2835869073175638,0.3678935562119219,2,True,2,1,2
0.2794944419921967,0.6467500507587316,2,True,1,1,2
0.2744445505299344,0.3884098091237428,2,True,2,1,2
0.2627316724587645,0.5925465071277142,2,True,1,1,2
0.0293724357556696,0.0903665581353657,2,True,3,1,2
0.2930303884203472,0.3696509087280394,2,True,2,1,2
0.2822273518774125,0.366379446877065,2,True,2,1,2
0.3769759310562484,0.8571941007693553,2,True,0,1,2
0.3136387547865509,0.6209723836786321,2,True,1,1,2
0.0093514449027675,0.0693778174989147,2,True,3,1,2
0.3918576501901599,0.8598937028178802,2,True,0,1,2
0.2953016991903252,0.3499795806981938,2,True,2,1,2
0.2798689056920528,0.3655384394602344,2,True,2,1,2
0.0423571985901506,0.0967782523344463,2,True,3,1,2
0.0181201779815716,0.1087230939887205,2,True,3,1,2
0.2806871739236656,0.3713846717171288,2,True,2,1,2
0.2810283107617224,0.3605084769197929,2,True,2,1,2
0.2577151448154944,0.3623177976316176,2,True,2,1,2
0.3007940705689165,0.6363109928525301,2,True,1,1,2
0.278391230779135,0.5897929461979029,2,True,1,1,2
0.2504856957894502,0.3968490001866141,2,True,2,1,2
0.379218656203877,0.8553654925273432,2,True,0,1,2
0.0049978146260062,0.1071125126228281,2,True,3,1,2
0.3065473987986302,0.6455864575524637,2,True,1,1,2
0.2642819668239797,0.5664790663254435,2,True,4,1,2
0.3574591882924589,0.8418373762489504,2,True,0,1,2
0.2767896496509376,0.3746626790378667,2,True,2,1,2
0.2765555767652651,0.3751657256676234,2,True,2,1,2
0.3890075403795957,0.8602511203674752,2,True,0,1,2
0.3877653640574477,0.8507950775836058,2,True,0,1,2
0.2653138181320252,0.3917325857967318,2,True,2,1,2
0.2822885136863649,0.3773292177045429,2,True,2,1,2
0.2803625365325096,0.359557639102573,2,True,2,1,2
0.044457223102421,0.1131712620926783,2,True,3,1,2
0.2944374301667591,0.6396168312824742,2,True,1,1,2
0.0109172856275709,0.1171372705817928,2,True,3,1,2
0.288898229091118,0.5566420952090925,2,True,4,1,2
0.2883855594548711,0.369289143485316,2,True,2,1,2
0.385887688430957,0.8424723599902041,2,True,0,1,2
0.3903702176448804,0.8439089269036032,2,True,0,1,2
0.2901808582143342,0.625396171050511,2,True,1,1,2
0.2875200641044977,0.3853539204367606,2,True,2,1,2
0.2712060978367466,0.3625127373981852,2,True,2,1,2
0.0258865586290381,0.0897255264127789,2,True,3,1,2
0.2743591115141223,0.5753481130170851,2,True,4,1,2
0.2930550373847325,0.6319101872511312,2,True,1,1,2
0.2896317613196394,0.3837845179221877,2,True,2,1,2
0.377870274632395,0.8486603378875602,2,True,0,1,2
0.3723145771867734,0.8379330852230695,2,True,0,1,2
0.3837941145137838,0.8397162972901266,2,True,0,1,2
0.3811349238900659,0.8536863167350779,2,True,0,1,2
0.3726873140456415,0.8608483317447252,2,True,0,1,2
0.0488167887944098,0.096371114603379,2,True,3,1,2
0.031005645842147,0.0893644697844674,2,True,3,1,2
0.2843298591480114,0.3456587488296953,2,True,2,1,2
0.3849688432582667,0.845827662831181,2,True,0,1,2
0.3767678230383326,0.876486084189035,2,True,0,1,2
0.2864535832175484,0.623288375111684,2,True,1,1,2
0.294874795543775,0.3505071937999164,2,True,2,1,2
0.2725519897857172,0.366221227782888,2,True,2,1,2
0.3705317773687006,0.8714200818788894,2,True,0,1,2
0.2737260305023268,0.6063156940272962,2,True,1,1,2
0.3094054911911308,0.3846526135154622,2,True,2,1,2
0.2770352378814763,0.3611770072939829,2,True,2,1,2
0.2893312912466925,0.3533521594013494,2,True,2,1,2
0.2802569081564338,0.3676896547585024,2,True,2,1,2
0.3813223486156064,0.8657461084512705,2,True,0,1,2
0.2753975888831056,0.6551407764397074,2,True,1,1,2
0.3708201226894629,0.8621129931806534,2,True,0,1,2
0.3617567565795963,0.8923350928715136,2,True,0,1,2
0.2839718864367612,0.6243183469672022,2,True,1,1,2
0.291144464227188,0.3685264122560967,2,True,2,1,2
0.2778459047198875,0.3639821551410196,2,True,2,1,2
0.2937058239748819,0.3529106141100415,2,True,2,1,2
0.0410474451612012,0.0997972521353015,2,True,3,1,2
0.0216620899891678,0.0885701346173135,2,True,3,1,2
0.3449290331176199,0.8964491562768258,2,True,0,1,2
0.2714193373256732,0.3670687366159968,2,True,2,1,2
0.0239450295856778,0.058839808385445,2,True,3,1,2
0.2657294971793026,0.5728318529959756,2,True,4,1,2
0.2761060926587426,0.3623588715273809,2,True,2,1,2
0.3495358051353842,0.8668721332700867,2,True,0,1,2
0.2635738904422136,0.5734000751743445,2,True,4,1,2
0.2729360646981595,0.341563607127044,2,True,2,1,2
0.3018406008550753,0.5814697475856924,2,True,1,1,2
0.3058506161013526,0.6362286741737682,2,True,1,1,2
0.3076441000088555,0.3542297631407305,2,True,2,1,2
0.2799408732898606,0.5731236026961947,2,True,4,1,2
0.3818755863698423,0.8500320843767988,2,True,0,1,2
0.2920136474704931,0.3513670038394821,2,True,2,1,2
0.3940787538746908,0.8266378469262036,2,True,0,1,2
-0.0162477647253588,0.106550351577565,2,True,3,1,2
0.0258376922518244,0.074504471427115,2,True,3,1,2
0.2939461683227889,0.6237309755123155,2,True,1,1,2
0.2596228872320749,0.3369534724994046,2,True,2,1,2
0.0065895210070854,0.1300067471444178,2,True,3,1,2
0.2663771898165972,0.367262593835311,2,True,2,1,2
0.276735638073551,0.3589633819439212,2,True,2,1,2
0.2572199315053129,0.5729199123110197,2,True,4,1,2
0.2778577974493361,0.3548546992233509,2,True,2,1,2
0.35559390196028,0.5499117640687469,2,True,1,1,2
0.2716119798500645,0.3557706449695549,2,True,2,1,2
0.3261024762243592,0.5590634712738525,2,True,1,1,2
0.2642231557583889,0.3778154005860832,2,True,2,1,2
0.3843198585206938,0.8535997110487495,2,True,0,1,2
0.0244261292518059,0.0977850254285931,2,True,3,1,2
0.2769659051989729,0.6099008647967017,2,True,1,1,2
0.3868223525397664,0.8487436192102176,2,True,0,1,2
0.2683480053327615,0.3653557779540649,2,True,2,1,2
0.3676001784601986,0.8695422930636201,2,True,0,1,2
0.0294146121323909,0.0965699125306301,2,True,3,1,2
0.2775205353913084,0.356482747049813,2,True,2,1,2
0.3700777545128888,0.8681214096140613,2,True,0,1,2
0.2732420027173387,0.3572817188707642,2,True,2,1,2
0.2918975301120408,0.6527552933003701,2,True,1,1,2
0.3136620790334411,0.6511313943554916,2,True,1,1,2
0.2560744500047155,0.5672131587678085,2,True,4,1,2
0.3406133493699094,0.8709861869816022,2,True,0,1,2
0.282076421458096,0.3428624039949757,2,True,2,1,2
0.2861713411899231,0.6172914826759417,2,True,1,1,2
0.2953113903294747,0.3350110015332411,2,True,2,1,2
0.2612978373264683,0.3647362200275989,2,True,2,1,2
0.0326087078544253,0.1089236775364612,2,True,3,1,2
0.0237934466668997,0.0944529724314591,2,True,3,1,2
0.2771977430626111,0.3500268257286643,2,True,2,1,2
0.2691508945872342,0.6299942809218393,2,True,1,1,2
0.2836302320166555,0.348730424750788,2,True,2,1,2
0.2861721015969891,0.6126939425149257,2,True,1,1,2
0.2894585018426121,0.6174805605317445,2,True,1,1,2
0.2897865701256315,0.6018702363062438,2,True,1,1,2
0.2761676833627116,0.3546503626515026,2,True,2,1,2
0.2511496417200594,0.5615334201657125,2,True,4,1,2
0.2674490037895687,0.3427974888614185,2,True,2,1,2
0.3579518800623877,0.8434759258579478,2,True,0,1,2
0.2803417706365664,0.3495330173460793,2,True,2,1,2
0.3056431195796149,0.6407439659238082,2,True,1,1,2
0.2786456956178487,0.339228537962972,2,True,2,1,2
0.2542647429596244,0.6400813975655832,2,True,1,1,2
0.361683835942133,0.850782994297717,2,True,0,1,2
0.3785998831321935,0.8630515600380693,2,True,0,1,2
0.2969741850818519,0.6039785652142616,2,True,1,1,2
0.0009819374369004,0.1181740991302564,2,True,3,1,2
0.0101016336123747,0.1058498811525643,2,True,3,1,2
0.3703151489924107,0.8680207910179375,2,True,0,1,2
0.2767727511883212,0.5943892660096848,2,True,1,1,2
0.2656607334314625,0.6335382788062395,2,True,1,1,2
0.0125266913353038,0.107103074022227,2,True,3,1,2
0.0140112590294828,0.0903188897155289,2,True,3,1,2
0.3833651685852147,0.8649886472136978,2,True,0,1,2
0.3987180323212907,0.8476349872088205,2,True,0,1,2
0.290356174849999,0.6136906232170537,2,True,1,1,2
0.2752717216843065,0.3538331623757146,2,True,2,1,2
0.0190036479938303,0.0862361522332555,2,True,3,1,2
0.3657537140577491,0.8687168290632388,2,True,0,1,2
0.2843597160397541,0.362865694131701,2,True,2,1,2
0.3725717567234402,0.8665305310206843,2,True,0,1,2
0.2882184500290521,0.6330141595419334,2,True,1,1,2
0.0155969629086849,0.0950512838134546,2,True,3,1,2
0.3601939578924442,0.8781714436675505,2,True,0,1,2
0.2663525872952235,0.3434487980548445,2,True,2,1,2
0.3590143635777854,0.8745148989687009,2,True,0,1,2
0.0199880558789256,0.0987920390166224,2,True,3,1,2
0.3661132164303177,0.8668696776278725,2,True,0,1,2
0.3655709410618435,0.8680457467622437,2,True,0,1,2
0.2904235244525274,0.6394834420960005,2,True,1,1,2
0.2591480531825459,0.5745100888822029,2,True,4,1,2
0.2576614772887619,0.5740674492547986,2,True,4,1,2
0.2915705161824354,0.5775711315456774,2,True,4,1,2
0.2745134576625007,0.3529792931610326,2,True,2,1,2
0.2868109435329528,0.3649157688797981,2,True,2,1,2
0.3858623283951725,0.8569916808584506,2,True,0,1,2
0.2916609257143167,0.6016632283070087,2,True,1,1,2
0.2606992037668063,0.5792867380422583,2,True,4,1,2
0.2789497427729109,0.3479856755135331,2,True,2,1,2
0.3799335454723176,0.8950023019115918,2,True,0,1,2
0.022288088431447,0.0905095195161698,2,True,3,1,2
0.2754216427059147,0.3504470651078104,2,True,2,1,2
0.0113972579824931,0.1100323017252858,2,True,3,1,2
0.2444703219722988,0.3303567395043554,2,True,2,1,2
0.2761076383922363,0.6223212100829495,2,True,1,1,2
0.2571381440692105,0.5785499130250575,2,True,4,1,2
0.2577603914923138,0.5764439637131943,2,True,4,1,2
0.0094782414269507,0.0827524590483695,2,True,3,1,2
0.2921200727569975,0.6112474247813738,2,True,1,1,2
0.292981687923279,0.6092158973095395,2,True,1,1,2
0.2746148978582221,0.3492935020995585,2,True,2,1,2
0.2651703175073834,0.3494720887032555,2,True,2,1,2
0.3738006462674401,0.8561307720580895,2,True,0,1,2
0.2843076292684053,0.3595214954971037,2,True,2,1,2
0.2528323817515885,0.6238846050819817,2,True,1,1,2
0.3634637972639991,0.8463832513465925,2,True,0,1,2
0.2615948372101687,0.3480112004764811,2,True,2,1,2
0.2866260109230905,0.6014063682381467,2,True,1,1,2
0.0196073781613981,0.0871540392547363,2,True,3,1,2
0.25918190272471,0.5626245663591039,2,True,4,1,2
0.2695292189932414,0.3426529970532944,2,True,2,1,2
0.2852373012963382,0.3535166084952855,2,True,2,1,2
0.276435167659696,0.351049336657231,2,True,2,1,2
0.3414151164110623,0.8919126064219088,2,True,0,1,2
0.2688060400226402,0.6086102100078514,2,True,1,1,2
-0.0046247535892565,0.0891357789746925,2,True,3,1,2
0.2514825024861666,0.3319872947678793,2,True,2,1,2
0.2781482345721533,0.6049081046383079,2,True,1,1,2
0.2674354634883221,0.3518720020665747,2,True,2,1,2
0.0104846825250298,0.1131309236053676,2,True,3,1,2
0.272405469183497,0.3517020784157563,2,True,2,1,2
0.3827164595085305,0.8656772066842271,2,True,0,1,2
0.2728061987376098,0.3485118775450774,2,True,2,1,2
0.2406172522977188,0.3364481931148755,2,True,2,1,2
0.2737483436685771,0.3501127084759449,2,True,2,1,2
0.337520693123759,0.8757134735574866,2,True,0,1,2
0.2998510663976363,0.353152622018039,2,True,2,1,2
0.2980759380751756,0.6190310712476595,2,True,1,2,2
0.3646940304611946,0.8768656437164857,2,True,0,2,2
0.2940946748983319,0.349254155723295,2,True,2,2,2
0.2543801894306156,0.5816804681317335,2,True,4,2,2
0.2844239757847551,0.3414836957019108,2,True,2,2,2
0.2753638453920558,0.3420562448596274,2,True,2,2,2
0.0135398328812962,0.1009437642532771,2,True,3,2,2
0.2742917065707179,0.3468034028529035,2,True,2,2,2
0.2643317259648055,0.3310949200758764,2,True,2,2,2
0.2996310558562663,0.6116003519525365,2,True,1,2,2
0.3543191775692363,0.8884874987767001,2,True,0,2,2
0.358608240229868,0.8742998772357296,2,True,0,2,2
0.2668622996380627,0.3538790960047357,2,True,2,2,2
0.3911753726846163,0.8838103071070839,2,True,0,2,2
0.3609385021286221,0.8644166869281099,2,True,0,2,2
0.022530641424281,0.1282613463145446,2,True,3,2,2
0.2606514930119021,0.3512661314085621,2,True,2,2,2
0.2531463563569599,0.5858355769099008,2,True,4,2,2
0.2281404531443168,0.6010071934093797,2,True,4,2,2
0.0167132430024734,0.0986743233523383,2,True,3,2,2
0.2767922771056231,0.3486850452558332,2,True,2,2,2
0.2573316513593703,0.6044248284234625,2,True,1,2,2
0.3593764583285531,0.8765526100852424,2,True,0,2,2
0.308467641953997,0.5963207425795811,2,True,1,2,2
0.3543150982294599,0.913383199278585,2,True,0,2,2
0.2756931568237601,0.5637542830128336,2,True,4,2,2
0.3569442164776508,0.8621407777265507,2,True,0,2,2
0.2699346545891366,0.3528377016660934,2,True,2,2,2
0.2733716373545408,0.3441758822760181,2,True,2,2,2
0.0378392163909552,0.117344591474337,2,True,3,2,2
0.2809220626177064,0.3462587688149471,2,True,2,2,2
0.2853899828726681,0.3571005069384834,2,True,2,2,2
0.2893959829115972,0.6061435394384715,2,True,1,2,2
0.2388422827284772,0.5949475027964133,2,True,4,2,2
0.2488832778056058,0.5857769774985744,2,True,4,2,2
0.3807256783257582,0.8778999402805847,2,True,0,2,2
0.28918718593122,0.6062966934525247,2,True,1,2,2
0.217849722475216,0.577941122369477,2,True,4,2,2
0.0184443210945793,0.1038090602953714,2,True,3,2,2
0.0053828834521646,0.1054408882099443,2,True,3,2,2
0.267958887142975,0.3466301052607584,2,True,2,2,2
0.3656340752450657,0.8775626591413911,2,True,0,2,2
0.3467034577830584,0.8594470082231745,2,True,0,2,2
0.3684347911564596,0.8808790104266692,2,True,0,2,2
0.2737817111343762,0.3404894305557245,2,True,2,2,2
0.2771090609949609,0.337776739706631,2,True,2,2,2
0.0164694741220992,0.1099147438145409,2,True,3,2,2
0.2814518021005097,0.5882817739134417,2,True,1,2,2
0.3826361865375283,0.8982012118521163,2,True,0,2,2
0.2637082500073514,0.6029071011292102,2,True,4,2,2
0.2878076441562114,0.5923357438133541,2,True,1,2,2
0.2955296286774924,0.3419324741252486,2,True,2,2,2
0.2970027520039653,0.6013758632928239,2,True,1,2,2
0.2515381019842188,0.3188152779806651,2,True,2,2,2
0.2715779400438815,0.3485935006603541,2,True,2,2,2
0.016224851955249,0.1015203936224616,2,True,3,2,2
0.2828322190140546,0.3371298808571019,2,True,2,2,2
0.2943878305817234,0.5661088871059492,2,True,1,2,2
0.0085389067806684,0.105201551278861,2,True,3,2,2
0.2496089759985058,0.5611145572714824,2,True,4,2,2
0.260486170866512,0.3697335023306433,2,True,2,2,2
0.2667687121971281,0.3451230928263241,2,True,2,2,2
0.2612868244314293,0.3405590769741781,2,True,2,2,2
0.2732714138038168,0.3388124327996818,2,True,2,2,2
0.2631224355786638,0.3478994776587421,2,True,2,2,2
0.2670354360609673,0.3401661011587935,2,True,2,2,2
0.0048187804078065,0.1031429837395612,2,True,3,2,2
0.2785579224845826,0.3577928860985855,2,True,2,2,2
0.3682716111999938,0.8863352188924978,2,True,0,2,2
0.2680685350376194,0.2973034134702613,2,True,2,2,2
0.0113104468245403,0.1172210375455441,2,True,3,2,2
0.3828708257101179,0.8696793042499213,2,True,0,2,2
0.2455901289238964,0.6280176465111564,2,True,1,2,2
0.2630999091968817,0.315275955019529,2,True,2,2,2
0.2542057895672215,0.3547518111702447,2,True,2,2,2
0.2491022842128,0.5768820710497549,2,True,4,2,2
0.2267712482853951,0.6372884036538746,2,True,1,2,2
0.3053906558947813,0.6180808165069596,2,True,1,2,2
0.2568321126168217,0.5755060205060366,2,True,4,2,2
0.0112911242042595,0.1125649667716688,2,True,3,2,2
0.2747716908515436,0.3373937283346416,2,True,2,2,2
0.2717022916345613,0.3461287521025079,2,True,2,2,2
0.3040597177061577,0.5955348808171663,2,True,1,2,2
0.3505832094592888,0.8945272169158038,2,True,0,2,2
0.2411845076256391,0.5825926851543881,2,True,4,2,2
0.2639428726705387,0.3432133988588311,2,True,2,2,2
0.2663709046054377,0.3338082985105963,2,True,2,2,2
0.2785375262144847,0.610900624883338,2,True,1,2,2
0.0058507680896455,0.105860804188996,2,True,3,2,2
0.3651126819148416,0.8806348056495227,2,True,0,2,2
0.2802188282799018,0.3332371512468732,2,True,2,2,2
0.3098085665042933,0.5897939280362886,2,True,1,2,2
0.3728922518180155,0.8705140794228724,2,True,0,2,2
0.2745249981344941,0.3405640774363088,2,True,2,2,2
-0.0029790703530532,0.1012674401093633,2,True,3,2,2
0.2804757654604515,0.3342219720071542,2,True,2,2,2
0.2871814340711479,0.33254620120573,2,True,2,2,2
0.2866164807963892,0.5716648726259986,2,True,1,2,2
0.3600006364252424,0.8624976061416649,2,True,0,2,2
0.0128498875662288,0.1288506475478752,2,True,3,2,2
0.276771844190243,0.3357829137653568,2,True,2,2,2
0.2659024531435105,0.3353698577921306,2,True,2,2,2
0.003530057285901,0.1133280629217373,2,True,3,2,2
0.3333721865593755,0.8756910525549059,2,True,0,2,2
0.2722363938558007,0.336513660466974,2,True,2,2,2
-0.002980701448668,0.1111584186689114,2,True,3,2,2
0.2724064853082636,0.3317416948238643,2,True,2,2,2
0.3624859989370704,0.882220137320795,2,True,0,2,2
0.2801505331665335,0.6054262881674507,2,True,1,2,2
0.276937610171626,0.6090253807352265,2,True,1,2,2
0.2911765017079236,0.6009169248254731,2,True,1,2,2
0.2829386312594342,0.341874295538458,2,True,2,2,2
0.3024398338497819,0.6409196666266193,2,True,1,2,2
0.243190832727751,0.5856393498968937,2,True,4,2,2
0.2622933896846899,0.3307428178600787,2,True,2,2,2
0.2676523965362571,0.3367759420978614,2,True,2,2,2
0.290901041055938,0.6096924563013482,2,True,1,2,2
0.2439396572563274,0.5860512893433106,2,True,4,2,2
0.2747184038177479,0.3462655792494868,2,True,2,2,2
0.2837866580981454,0.3377761843883338,2,True,2,2,2
0.2852441397432792,0.5905457120704827,2,True,1,2,2
0.2721594069917425,0.3308663589125564,2,True,2,2,2
0.3646089788369384,0.8851134950815877,2,True,0,2,2
0.2938910675974769,0.6003471799253315,2,True,1,2,2
0.2727612842382779,0.3363740533588252,2,True,2,2,2
0.3324540799629982,0.90510889002092,2,True,0,2,2
0.309168249343561,0.5988771612794119,2,True,1,2,2
0.0092968155841762,0.1041704815607112,2,True,3,2,2
0.0008118297368026,0.1089143721870953,2,True,3,2,2
0.2701180351631876,0.3276136406791508,2,True,2,2,2
0.0021586709946955,0.1320529148471801,2,True,3,2,2
0.2722243685921555,0.3129216310635088,2,True,2,2,2
0.272853770876493,0.3430730513227322,2,True,2,2,2
0.2690639608057403,0.3347449832104398,2,True,2,2,2
0.2949870992724838,0.5919701219972008,2,True,1,2,2
0.2737708332498068,0.3624051855045921,2,True,2,2,2
0.3111081879989907,0.6010736668065917,2,True,1,2,2
0.3336138563588673,0.859632491899639,2,True,0,2,2
0.2717779677544656,0.6131516398271611,2,True,1,2,2
0.3055026124115252,0.5705315657959713,2,True,1,2,2
0.2646963295553095,0.3303995667744298,2,True,2,2,2
0.3591384800552724,0.8881554202151625,2,True,0,2,2
0.2420364763686228,0.6031227554210996,2,True,4,2,2
0.2700882057885471,0.3368066981721904,2,True,2,2,2
0.0113226112438791,0.1039125598731406,2,True,3,2,2
0.2867582569360246,0.5878361724488476,2,True,1,2,2
-0.0157360866363924,0.1175881955626137,2,True,3,2,2
0.2828676989888953,0.601176989602029,2,True,1,2,2
0.3594568387785073,0.8973385984118591,2,True,0,2,2
0.2695045606036917,0.3316601230605717,2,True,2,2,2
0.3878469290268923,0.8667650240872394,2,True,0,2,2
0.2780190702306165,0.3435572869356739,2,True,2,2,2
0.0137317799349914,0.1270238047216549,2,True,3,2,2
0.2807006538634504,0.5856007321945293,2,True,1,2,2
0.2671831053506645,0.3396700169109737,2,True,2,2,2
0.3483649309618833,0.874797966462255,2,True,0,2,2
0.3096736169963603,0.852857908788055,2,True,0,2,2
0.3409729624151815,0.8814193770229302,2,True,0,2,2
0.2854045350427658,0.5974404864112682,2,True,1,2,2
0.2654232830312886,0.3325400131290697,2,True,2,2,2
0.2679188105783114,0.3368928942602645,2,True,2,2,2
0.2879517114830439,0.5918950870989748,2,True,1,2,2
-0.0073505044390247,0.1037455827352997,2,True,3,2,2
0.2464489521178982,0.3293687928431951,2,True,2,2,2
0.2878272797038798,0.5931033170750183,2,True,1,2,2
0.3515643377850129,0.8772335547394268,2,True,0,2,2
0.0206206498495768,0.0996922417249027,2,True,3,2,2
-0.0011429269275119,0.1119322166393964,2,True,3,2,2
0.2850888484177443,0.578182540423957,2,True,1,2,2
0.2842263448644945,0.5837687133261029,2,True,1,2,2
0.237294737380653,0.5924437078387661,2,True,4,2,2
0.2666543697068081,0.3302451515416906,2,True,2,2,2
0.2790766501242474,0.3362263408008157,2,True,2,2,2
0.2702851920097607,0.3437398970052899,2,True,2,2,2
0.3611675178896861,0.9131948947851848,2,True,0,2,2
0.2958464141204279,0.6094631538533954,2,True,1,2,2
0.0081249940658125,0.0879920138860481,2,True,3,2,2
0.26946509220499,0.569550787878285,2,True,1,2,2
0.2657596644965154,0.3210924513847226,2,True,2,2,2
0.2725573658731256,0.5719308218265268,2,True,1,2,2
0.2689594431338556,0.3318019883262982,2,True,2,2,2
0.3642221886000376,0.8566086561001232,2,True,0,2,2
0.3622653103225502,0.8896562260138434,2,True,0,2,2
0.2918521675609271,0.6133684987513895,2,True,1,2,2
0.293915507444364,0.6004909030623127,2,True,1,2,2
0.3596216071404385,0.8922285465047609,2,True,0,2,2
0.2620840134028321,0.3254211339512983,2,True,2,2,2
0.2705533986240058,0.574274883768588,2,True,1,2,2
0.2615233244913286,0.3342094618127478,2,True,2,2,2
0.356248491332373,0.8990658531568355,2,True,0,2,2
0.3083280879559799,0.5890665429555433,2,True,1,2,2
0.3661260889511347,0.8882364751078582,2,True,0,2,2
0.3485938339021382,0.8837066822532048,2,True,0,2,2
0.2826530553050627,0.5969046977202748,2,True,1,2,2
-0.0179798342621534,0.1245329118096323,2,True,3,2,2
0.2503974991832016,0.5827131187165551,2,True,4,2,2
0.0023752504543394,0.1119327052813801,2,True,3,2,2
0.2894702633929042,0.5827651011231703,2,True,1,2,2
0.2633545296064062,0.340072411302038,2,True,2,2,2
0.3711205917755781,0.902708071064186,2,True,0,2,2
0.002825007995803,0.1123304775311767,2,True,3,2,2
0.3641423951205506,0.8756152340188335,2,True,0,2,2
0.3524456159449718,0.887946599090511,2,True,0,2,2
0.2776893153868909,0.321811710896131,2,True,2,2,2
0.3592577867848548,0.8928914894130033,2,True,0,2,2
0.2602446566160381,0.3263627115490093,2,True,2,2,2
0.257360736362419,0.3288633759742217,2,True,2,2,2
0.269776420741007,0.3241692087629703,2,True,2,2,2
0.309869988079831,0.6075179719462287,2,True,1,2,2
0.0174428836697587,0.1185734617149539,2,True,3,2,2
0.0009291655996825,0.1234063003343609,2,True,3,2,2
0.2488436244397461,0.5873116076864872,2,True,4,2,2
0.2936417433381194,0.5824078838830014,2,True,1,2,2
0.2796379526195817,0.6025486151037552,2,True,1,2,2
0.3600415931526367,0.907135825094847,2,True,0,2,2
-0.0284009334340289,0.1026172055957569,2,True,3,2,2
0.3603046376223573,0.8795731208193326,2,True,0,2,2
0.2399246822364628,0.5864812815994341,2,True,4,2,2
0.0046731815780011,0.1126118326988091,2,True,3,2,2
0.0117332308592874,0.1108952235008396,2,True,3,2,2
0.276725840823077,0.3256299096087622,2,True,2,2,2
0.255121876975927,0.3161761028483178,2,True,2,2,2
0.0014588641100216,0.1141687596830133,2,True,3,2,2
0.2762443184570438,0.5740169305232712,2,True,1,2,2
0.2648234743178358,0.3242891471563256,2,True,2,2,2
0.2570631942449732,0.3095596364816392,2,True,2,2,2
-0.0147079949935504,0.1030534370004166,2,True,3,2,2
0.0024920792426901,0.1142473063543993,2,True,3,2,2
0.0058048714377195,0.1125434299730255,2,True,3,2,2
0.208228649801891,0.5935584825600114,2,True,1,2,2
0.3687785823535144,0.9057436363088092,2,True,0,2,2
0.2384027767433359,0.5936603909959212,2,True,4,2,2
0.269621787744276,0.3266780928808233,2,True,2,2,2
0.2780966591700716,0.3288806656096872,2,True,2,2,2
0.0311607915002437,0.102935328988479,2,True,3,2,2
0.3579655841221163,0.8932259499426253,2,True,0,2,2
0.2690308608805173,0.3186213444662288,2,True,2,2,2
0.2582292396495048,0.32478764350224,2,True,2,2,2
0.225348731759018,0.5995761395217241,2,True,4,2,2
0.2503803053330325,0.3394452774561979,2,True,2,2,2
0.2576395338923913,0.5954847036014583,2,True,1,2,2
0.2231341566112065,0.5885859676116696,2,True,4,2,2
0.0057508300096216,0.118893035480193,2,True,3,2,2
0.2534821061749709,0.5947209720823156,2,True,4,2,2
0.369763266056627,0.8924973059450707,2,True,0,2,2
-0.015805225263106,0.1444537592529944,2,True,3,2,2
0.2697208007774712,0.3203405549817168,2,True,2,2,2
0.2541415227395089,0.3165951080982494,2,True,2,2,2
0.3680483552665959,0.8774720810666609,2,True,0,2,2
0.3157046503451064,0.6199969508733311,2,True,1,2,2
0.2659939346189868,0.317839322305834,2,True,2,2,2
0.3823907354404446,0.8943379688552563,2,True,0,2,2
0.2906561939069083,0.5717559684372845,2,True,1,2,2
0.2829876532772507,0.323486760695176,2,True,2,2,2
0.2805823664335051,0.2947062600485773,2,True,2,2,2
0.2716756803742402,0.3154145385967983,2,True,2,2,2
0.3541216333951608,0.8842133729993702,2,True,0,2,2
0.2378565914103673,0.6042524342953003,2,True,4,2,2
0.2646499900898088,0.3236872773721764,2,True,2,2,2
0.3740653702698366,0.9110646862744598,2,True,0,2,2
0.2273254760133923,0.5966387264883728,2,True,4,2,2
0.0103950505147525,0.1114234439162063,2,True,3,2,2
0.3606952698878362,0.9172879900630654,2,True,0,2,2
0.2504979741419453,0.5419827835327738,2,True,1,2,2
0.290414604389361,0.5885680348876839,2,True,1,2,2
0.2555158140733929,0.3082945772112986,2,True,2,2,2
0.356799256412899,0.895576937718785,2,True,0,2,2
0.2653178217386032,0.3211475641962144,2,True,2,2,2
0.2808149900479948,0.5929221938883267,2,True,1,2,2
0.2844446515945005,0.5872111136011138,2,True,1,2,2
0.268146374971126,0.3216297605518446,2,True,2,2,2
0.2838170954140322,0.595279538167306,2,True,1,2,2
0.2781736334212921,0.5912402808251682,2,True,1,2,2
0.0085263193423854,0.099821456665072,2,True,3,2,2
0.2491455556616829,0.5830834282964078,2,True,4,2,2
0.2098247570427582,0.6015637887729985,2,True,4,2,2
0.3594495113225069,0.9284690741929836,2,True,0,2,2
0.2417930435449444,0.6060414741704607,2,True,4,2,2
0.2224356475481098,0.6030987091423409,2,True,4,2,2
0.2598204494357033,0.3132248952878196,2,True,2,2,2
0.3610864174808724,0.905879972830364,2,True,0,2,2
0.2643005147802921,0.317171282863783,2,True,2,2,2
0.2303222043449763,0.5959827309687523,2,True,4,2,2
0.2637575484855098,0.3203113377612591,2,True,2,2,2
0.2729305344836574,0.5718665099946494,2,True,1,2,2
0.3588955742818797,0.9011274601454592,2,True,0,2,2
0.2839920736747643,0.5875572057013756,2,True,1,2,2
0.2730348092082611,0.3303406502459767,2,True,2,2,2
0.2671567434817964,0.3219164464857819,2,True,2,2,2
0.2591984016634391,0.3194835008294003,2,True,2,2,2
0.3203906813927464,0.6127529894665152,2,True,1,2,2
0.3550487644355043,0.8940050255285761,2,True,0,2,2
0.2480834452218497,0.3187265081882822,2,True,2,2,2
0.2820472673744816,0.3153187667260308,2,True,2,2,2
-0.0085131785998228,0.1327004171903754,2,True,3,2,2
0.344258052746694,0.8907917374987017,2,True,0,2,2
0.027417770065666,0.0783576105502971,2,True,3,2,2
0.3554774548664264,0.9017504437222952,2,True,0,2,2
0.3748466245498764,0.8865769387938641,2,True,0,2,2
0.3501984077066972,0.8966591324657662,2,True,0,2,2
0.2555279677312641,0.5606707833907422,2,True,1,2,2
-0.0204758224610037,0.1122687627517128,2,True,3,2,2
0.24810545175235,0.3086295666335314,2,True,2,2,2
0.3455915235041599,0.9191960957603436,2,True,0,2,2
0.2519241915799799,0.3052136055946411,2,True,2,2,2
0.297952524909034,0.5598468201321546,2,True,1,2,2
0.3591979763711347,0.890144814550098,2,True,0,2,2
0.3600561162143233,0.89674204543234,2,True,0,2,2
0.3419619083106751,0.9001300920223193,2,True,0,2,2
0.284213082715145,0.5743037842780816,2,True,1,2,2
0.3367894262377656,0.906548412922646,2,True,0,2,2
0.3726764340614716,0.8749104253463305,2,True,0,2,2
0.2602331599858131,0.318881612779956,2,True,2,2,2
0.2518268652027078,0.3270454823139585,2,True,2,2,2
0.2647491265613013,0.3184601804879032,2,True,2,2,2
0.2918855515563648,0.572317226364371,2,True,1,2,2
0.2757855246725486,0.3124870914527301,2,True,2,2,2
0.3501089833397307,0.8990828325148058,2,True,0,2,2
0.2655255530003909,0.335495254204921,2,True,2,2,2
0.3709922696402105,0.9025692739486448,2,True,0,2,2
0.2442101015813992,0.2989438399023316,2,True,2,2,2
0.0128108620128815,0.119214560728982,2,True,3,2,2
0.2519144876947366,0.3384373485473968,2,True,2,2,2
-0.0035766482997846,0.1079820872596396,2,True,3,2,2
0.0393573451461342,0.1085846909341015,2,True,3,2,2
0.2807219165067783,0.3174979630242294,2,True,2,2,2
0.3198883717408854,0.5819200018656502,2,True,1,2,2
0.3536502055135019,0.9060448566732414,2,True,0,2,2
0.3674607517567211,0.8939270957911928,2,True,0,2,2
0.2636943018488546,0.3183021573947211,2,True,2,2,2
0.3894343527380143,0.9184764072587016,2,True,0,2,2
0.0208441916048323,0.1263020024892871,2,True,3,2,2
0.3549244885216014,0.8956483960294876,2,True,0,2,2
0.0252584770877513,0.1320764562405723,2,True,3,2,2
0.2639574308984814,0.317934441074416,2,True,2,2,2
0.0228403540223055,0.111948394545042,2,True,3,2,2
0.260601154374341,0.3128916158094869,2,True,2,2,2
0.2863340388103934,0.5926608776675426,2,True,1,2,2
0.2811381614560037,0.5546775155930523,2,True,1,2,2
0.2649549583150765,0.3129805993837656,2,True,2,2,2
0.2731822899842707,0.3132155904453467,2,True,2,2,2
0.0157968420074491,0.1207556811079479,2,True,3,2,2
0.0137941365630521,0.1212709424926396,2,True,3,2,2
0.2550511965959479,0.324241592912784,2,True,2,2,2
0.3534523115691509,0.908492225098052,2,True,0,2,2
0.3019437227623335,0.571126121948185,2,True,1,2,2
0.2853564293521765,0.5795709424803623,2,True,1,2,2
0.0352166410136239,0.1183097416247969,2,True,3,2,2
0.3525756748116902,0.9203649926433324,2,True,0,2,2
0.0184144561004495,0.1160762529840772,2,True,3,2,2
0.2607552137989077,0.3150055673158825,2,True,2,2,2
0.2263865109418554,0.6006533450142978,2,True,4,2,2
0.3584431926191413,0.8999849500546928,2,True,0,2,2
0.2556689915793365,0.2980368593079985,2,True,2,2,2
0.3172268942569893,0.5808314302712823,2,True,1,2,2
0.2635053199506481,0.3139365194540391,2,True,2,2,2
0.3466042771438899,0.903090396962184,2,True,0,2,2
0.2657287877463861,0.5834859504835425,2,True,1,2,2
0.0100937324589181,0.1282105520410413,2,True,3,2,2
0.2372316766756913,0.3349523811278296,2,True,2,2,2
0.2600195027246969,0.3146161897861565,2,True,2,2,2
0.289251444047767,0.5737467120019691,2,True,1,2,2
0.259278286383106,0.3096133392235504,2,True,2,2,2
0.2559560303653651,0.3193385207984773,2,True,2,2,2
0.2854493727656081,0.5714193765231488,2,True,1,2,2
0.0243781754175727,0.1723865799212387,2,True,3,2,2
0.2580352460867453,0.314438162105355,2,True,2,2,2
0.3237009265061548,0.9251472321886864,2,True,0,2,2
0.3651454037549808,0.896190094956156,2,True,0,2,2
0.0153638127892674,0.1186831475069855,2,True,3,2,2
0.2612529588062519,0.3046872252364224,2,True,2,2,2
0.353736204163988,0.9081553193328018,2,True,0,2,2
0.3219337309789081,0.8962714472997947,2,True,0,2,2
0.2137863505437497,0.6118904337704932,2,True,4,2,2
0.2586605047965398,0.3152090188103807,2,True,2,2,2
0.3341148503159606,0.9141419922628492,2,True,0,2,2
0.2707809990219683,0.3127715565542134,2,True,2,2,2
0.2882024862619817,0.3342947957118565,2,True,2,2,2
0.2991367605409586,0.5398798785724803,2,True,1,2,2
0.2494765236470236,0.3036449992797869,2,True,2,2,2
0.063026672517836,0.1128553359606992,2,True,3,2,2
0.2999043297775856,0.5513830577267977,2,True,1,2,2
0.2815238942923875,0.5621903414862769,2,True,1,2,2
0.3320122813405599,0.9149764710532148,2,True,0,2,2
0.3568529795473225,0.9138241070078316,2,True,0,2,2
0.3246214883042773,0.9354933818263677,2,True,0,2,2
0.2595682706049717,0.313061280800373,2,True,2,2,2
0.2576055859756994,0.3128783359812668,2,True,2,2,2
0.3585750112265835,0.9074214704526222,2,True,0,2,2
0.260189111279802,0.3103992196293669,2,True,2,2,2
0.3542584044070617,0.922955771147886,2,True,0,2,2
0.2106392255967876,0.5907972948653244,2,True,4,2,2
0.2852066083900965,0.5662257570719669,2,True,1,2,2
0.0318776418360473,0.1350088824050328,2,True,3,2,2
0.3014954372630995,0.5738981468572588,2,True,1,2,2
0.3012864620705435,0.553813695386339,2,True,1,2,2
0.2527761552999067,0.3088379842762124,2,True,2,2,2
0.0144932270256527,0.1022778851885484,2,True,3,2,2
0.3697330095672043,0.8942291378248707,2,True,0,2,2
0.2578290756450705,0.2996740406925816,2,True,2,2,2
0.2333970575858902,0.3128325236727998,2,True,2,2,2
0.3619169200007852,0.900413526449839,2,True,0,2,2
0.3520803422133686,0.9195228309820872,2,True,0,2,2
0.2582769574588398,0.3101150796299762,2,True,2,2,2
0.3692603388952991,0.9155950808446358,2,True,0,2,2
0.3548392643094554,0.9261469259902256,2,True,0,2,2
0.2698931962205636,0.3260977743632675,2,True,2,2,2
0.3155516574173761,0.5786152050723019,2,True,1,2,2
0.2656047045016099,0.3232664417858125,2,True,2,2,2
0.2964779577853074,0.5719720257845534,2,True,1,2,2
0.0387064622695638,0.1082556590605202,2,True,3,2,2
0.2634942570953927,0.3060290742925634,2,True,2,2,2
0.009534330922057,0.1328016132305702,2,True,3,2,2
0.3897755064041778,0.9024570771563688,2,True,0,2,2
0.0253458568814898,0.1406083779642773,2,True,3,2,2
0.2742280392459187,0.5905893197306963,2,True,1,2,2
0.016870324234253,0.1206950077018802,2,True,3,2,2
0.2232743808836172,0.5978635398551304,2,True,4,2,2
0.3242560549079819,0.5554799873462659,2,True,1,2,2
0.3345354036189796,0.893102823186766,2,True,0,2,2
0.3661962974164492,0.908058550320262,2,True,0,2,2
0.3457517094152386,0.919475737786998,2,True,0,2,2
0.0222742570354804,0.1343408202760402,2,True,3,2,2
0.3368180650073089,0.9243449423600968,2,True,0,2,2
0.2278775947241161,0.6077829085137992,2,True,4,2,2
0.2839752531642702,0.5705233790323267,2,True,1,2,2
0.2947087083706189,0.5698752661771047,2,True,1,2,2
0.3552071331141371,0.9062213885932764,2,True,0,2,2
0.0218736291716229,0.1245376195509709,2,True,3,2,2
0.2178899431402147,0.6020797041927417,2,True,4,2,2
0.3543192461275402,0.9172392221067,2,True,0,2,2
0.2807718555575856,0.5838127314944513,2,True,1,2,2
0.2837123655092136,0.2951944603631844,2,True,2,2,2
0.3652889940889818,0.9031885320087496,2,True,0,2,2
0.2505560120664166,0.308971438727183,2,True,2,2,2
0.264139538097364,0.2981844874469317,2,True,2,2,2
0.259207411473993,0.2733576658966165,2,True,2,2,2
0.2680425365520408,0.3121172298718843,2,True,2,2,2
0.3501860420671647,0.9145120985275508,2,True,0,2,2
0.0195248082172075,0.1184099866938236,2,True,3,2,2
0.0071706928064405,0.0953374651228777,2,True,3,2,2
0.0373072659970371,0.1260468377528803,2,True,3,2,2
0.2677174839121441,0.296248231572017,2,True,2,2,2
0.2893829575727853,0.5736722101407036,2,True,1,2,2
0.3222266164509928,0.8959419001473141,2,True,0,2,2
0.256798995514398,0.3010853334831829,2,True,2,2,2
0.2818520926962988,0.5506623287561164,2,True,1,2,2
0.2019548946698604,0.6034843693383767,2,True,4,2,2
0.2611389764146665,0.3260095353377292,2,True,2,2,2
0.015054216188769,0.1270269329137413,2,True,3,2,2
0.3020963990028665,0.5464281131926157,2,True,1,2,2
0.2111480924415318,0.6128463732852704,2,True,4,2,2
0.3161435169338166,0.95244468184554,2,True,0,2,2
0.2605477931320609,0.2926802067390484,2,True,2,2,2
0.2601036421276825,0.3205712339133609,2,True,2,2,2
0.3602875343350927,0.902639547622886,2,True,0,2,2
0.3251504011760879,0.9234244516881202,2,True,0,2,2
0.2809059206815991,0.2788053086040808,2,True,2,2,2
0.2161991009406829,0.5942494140116249,2,True,4,2,2
0.0259323432764574,0.1170011246051169,2,True,3,2,2
0.3500722635109116,0.9169345820242296,2,True,0,2,2
0.2483375806927703,0.3141879052602626,2,True,2,2,2
0.2461108065897383,0.3025400357895736,2,True,2,2,2
0.2918271430262616,0.5538845861122625,2,True,1,2,2
0.0182140771191566,0.122138099818861,2,True,3,2,2
0.2985471653907434,0.571176480388056,2,True,1,2,2
0.2844211873997325,0.5614741382545898,2,True,1,2,2
0.2723347595985364,0.5648836898963311,2,True,1,2,2
0.0149857420069994,0.1230392801114871,2,True,3,2,2
0.228623161943501,0.3251867998819768,2,True,2,2,2
0.2912293772865465,0.5649721246068284,2,True,1,2,2
0.2348498666879231,0.3065086476021532,2,True,2,2,2
0.3460919180769871,0.9221962934098158,2,True,0,2,2
0.2438465897384195,0.2936622375088799,2,True,2,2,2
0.0223425006809519,0.1309330879911824,2,True,3,2,2
0.0323671796162712,0.1471886564355976,2,True,3,2,2
0.2599596382208588,0.299867345573777,2,True,2,2,2
0.2621991722249184,0.2919057543265061,2,True,2,2,2
0.3470548591779516,0.9193239246143972,2,True,0,2,2
0.0499890566149982,0.1380292107738107,2,True,3,2,2
0.2512111425429734,0.3042221152172454,2,True,2,2,2
0.3442638807655647,0.9175412697248446,2,True,0,2,2
0.3418161273573997,0.9102315109016093,2,True,0,2,2
0.0287682149268007,0.1255631184781639,2,True,3,2,2
0.2896292551422958,0.5613569004465939,2,True,1,2,2
0.2993059716148484,0.550267977443553,2,True,1,2,2
0.0382550038634784,0.1556785258969195,2,True,3,2,2
0.0196863657963355,0.1216816917031752,2,True,3,2,2
0.3118229969240039,0.5553165186924396,2,True,1,2,2
0.0287814752071614,0.1258775440811169,2,True,3,2,2
0.3593850796955707,0.886595279430043,2,True,0,2,2
0.2896868330567642,0.5724874832682284,2,True,1,2,2
0.2666791274271652,0.3118152910102951,2,True,2,2,2
0.2548015246120625,0.2765524563892069,2,True,2,2,2
0.292725714193203,0.5516086406713782,2,True,1,2,2
0.3372380577942114,0.9118140376220532,2,True,0,2,2
0.207303751393157,0.6026731849686229,2,True,4,2,2
0.0268071407620243,0.1281377824977252,2,True,3,2,2
0.3480159228655167,0.9064645273481609,2,True,0,2,2
0.2617099429435612,0.322950052010851,2,True,2,2,2
0.2568779044075424,0.3000725847934543,2,True,2,2,2
0.2561822308845179,0.3009066491152241,2,True,2,2,2
0.2563879210044593,0.2999226949462854,2,True,2,2,2
0.2054400698629033,0.6073506323622776,2,True,4,2,2
0.0103074306411885,0.1273505636052832,2,True,3,2,2
0.3376540586595604,0.9270477234088036,2,True,0,2,2
0.3086552205498429,0.9125022049769208,2,True,0,2,2
0.2929781853291352,0.5514284778666305,2,True,1,2,2
0.234454799635893,0.2917167652815314,2,True,2,2,2
0.2601422223489126,0.2918061974386343,2,True,2,2,2
0.2600619929853479,0.3004408281646429,2,True,2,2,2
0.3562618725570892,0.93395766068053,2,True,0,2,2
0.2908190340414725,0.5433315575366521,2,True,1,2,2
0.2362112411734921,0.3038154620848283,2,True,2,2,2
0.3287965925547925,0.9078063170264348,2,True,0,2,2
0.2709766822470314,0.5392933133446358,2,True,1,2,2
0.2119876683030619,0.6040387851113697,2,True,4,2,2
0.339718667016759,0.9184859393494172,2,True,0,2,2
0.289052641592343,0.5540613337984349,2,True,1,2,2
0.3169507843706221,0.531762292969026,2,True,1,2,2
0.2616892261652086,0.5404200268554461,2,True,1,2,2
0.3133906811507084,0.548720401945458,2,True,1,2,2
0.2868618744766576,0.5531302847497501,2,True,1,2,2
0.2625106838513679,0.3001717574924947,2,True,2,2,2
0.3062966261445733,0.5535537116729553,2,True,1,2,2
0.2546080347189249,0.3018314764974002,2,True,2,2,2
0.2152678323561661,0.6033214456753274,2,True,4,2,2
0.2865616614345453,0.5561857924685931,2,True,1,2,2
0.2378696382450728,0.3234551303694296,2,True,2,2,2
0.3445303161037661,0.9135002113212282,2,True,0,2,2
0.2694158605503632,0.2939113864147581,2,True,2,2,2
0.2552795379781256,0.3012516246664172,2,True,2,2,2
0.2690231711349391,0.3106094748875569,2,True,2,2,2
0.2816651076629742,0.2970164511185284,2,True,2,2,2
0.2410759586008358,0.5389303144119508,2,True,1,2,2
0.0366336545407698,0.1296869306677749,2,True,3,2,2
0.2904990007661704,0.553475011424233,2,True,1,2,2
0.0129457676429018,0.1031765347284206,2,True,3,2,2
0.2919449986818868,0.5553892378700896,2,True,1,2,2
0.2367512562925016,0.5323315174109422,2,True,1,2,2
0.3450834539339151,0.9223329256259692,2,True,0,2,2
0.0324391825889466,0.1250327707912663,2,True,3,2,2
0.3503699664688603,0.9172951001084396,2,True,0,2,2
0.2155427490908876,0.6011905314685874,2,True,4,2,2
0.2055142840777995,0.6017601959791283,2,True,4,2,2
0.3447531159338942,0.9461577904968118,2,True,0,2,2
0.3365542494868389,0.9266977441446976,2,True,0,2,2
0.2113646718204288,0.6079595020476743,2,True,4,2,2
0.0210721329423547,0.13531304113298,2,True,3,2,2
0.2579270603880472,0.2925937280540397,2,True,2,2,2
0.344208583312651,0.9429577162818076,2,True,0,2,2
0.2517731444836967,0.545275121599992,2,True,1,2,2
0.255320144031064,0.2957079453529743,2,True,2,2,2
0.2290693460880635,0.6167190321639985,2,True,4,2,2
0.052285848364753,0.127084300293261,2,True,3,2,2
0.2748793511776098,0.5630151201429137,2,True,1,2,2
0.252354364051095,0.2967436406389647,2,True,2,2,2
0.3546662200456715,0.9366579673043184,2,True,0,2,2
0.3584725405711397,0.9387134768910048,2,True,0,2,2
0.2328826931404646,0.3103311428581537,2,True,2,2,2
0.0309980420846145,0.1314616897487936,2,True,3,2,2
0.0326218129008,0.1374208353603553,2,True,3,2,2
0.2697258424739991,0.290547701166822,2,True,2,2,2
0.2659127688653691,0.331159456123507,2,True,2,2,2
0.345299764759733,0.9226704307754724,2,True,0,2,2
0.0459286361416865,0.105170160932729,2,True,3,2,2
0.2175599196872412,0.6105221995510021,2,True,4,2,2
0.2544891568994544,0.2954759698738404,2,True,2,2,2
0.2890662275379522,0.5633825165390804,2,True,1,2,2
0.2585363901934068,0.3005334805171746,2,True,2,2,2
0.1979660817182882,0.6250754538798209,2,True,4,2,2
0.3462089302823308,0.9259972963576651,2,True,0,2,2
0.2881667725180479,0.5489139799508974,2,True,1,2,2
0.2655612676885485,0.2743140521633923,2,True,2,2,2
0.349383894014929,0.9287290746810152,2,True,0,2,2
0.3649991483523024,0.9430697526122528,2,True,0,2,2
0.2858741110914134,0.5530707176023957,2,True,1,2,2
0.2716975801347099,0.2735472743778916,2,True,2,2,2
0.0430988524626939,0.1491516660619445,2,True,3,2,2
0.2579843436255746,0.2947373061292742,2,True,2,2,2
0.3536842619204458,0.929191129664508,2,True,0,2,2
0.2756869942349881,0.5577465936475741,2,True,1,2,2
0.2656706226215443,0.3032291578000048,2,True,2,2,2
0.0300130877057545,0.1294466564473993,2,True,3,2,2
0.2559067742521368,0.2872852689800925,2,True,2,2,2
0.2439742799089635,0.2935551343965294,2,True,2,2,2
0.2871952804932038,0.5507783018845634,2,True,1,2,2
0.2616292976961719,0.3163601663878229,2,True,2,2,2
0.0326774678790616,0.1032809292525002,2,True,3,2,2
0.239746345598268,0.2961239865398785,2,True,2,2,2
0.2630409953992719,0.2808291299596224,2,True,2,2,2
0.2012446468595118,0.6333702346893063,2,True,4,2,2
0.2547919540209143,0.2923400495983546,2,True,2,2,2
0.254941298322508,0.2865448707141798,2,True,2,2,2
0.3380663158980822,0.921918072859422,2,True,0,2,2
0.0400588489551682,0.1377177589945641,2,True,3,2,2
0.268384381886474,0.5511776153698457,2,True,1,2,2
0.2720374308313604,0.5794712716186178,2,True,1,2,2
0.254152575359838,0.3048427477583316,2,True,2,2,2
0.2849387741463772,0.5482924156110192,2,True,1,2,2
0.2555139884336231,0.29189605908305,2,True,2,2,2
0.3051576738298305,0.5499156810066922,2,True,1,2,2
0.2572865576069629,0.304276230133237,2,True,2,2,2
0.2507092398291586,0.281115202397335,2,True,2,2,2
0.3180386295302023,0.9295901783670544,2,True,0,2,2
0.2546436474202197,0.2941911011390903,2,True,2,2,2
0.2889043345705911,0.5669334601939973,2,True,1,2,2
0.2745286028936058,0.5412696339914296,2,True,1,2,2
0.2830676109257348,0.5598978843812901,2,True,1,2,2
0.0365717053179018,0.1397049926451509,2,True,3,2,2
0.2538421112328699,0.2890258105526601,2,True,2,2,2
0.2139589744865827,0.6055047702419654,2,True,4,2,2
0.1829931463096775,0.6039697131682462,2,True,4,2,2
0.2560228607505099,0.2900653240808449,2,True,2,2,2
0.040329089483113,0.1428236181133638,2,True,3,2,2
0.2819266586876841,0.5364234719266324,2,True,1,2,2
0.2500365426644313,0.2978447580947246,2,True,2,2,2
0.1928652044518153,0.6219504104310154,2,True,4,2,2
0.2554366335038094,0.2892070839242614,2,True,2,2,2
0.0319574171980917,0.1386343106850052,2,True,3,2,2
0.2835605280265308,0.5477634294705708,2,True,1,2,2
0.1968251458834382,0.6069430040438601,2,True,4,2,2
0.3294096467447289,0.9097523858934834,2,True,0,2,2
0.2544810135671511,0.2853064280432553,2,True,2,2,2
0.2459970097587839,0.2820271686623909,2,True,2,2,2
0.2887749547922205,0.562931027346866,2,True,1,2,2
0.0378454628981183,0.136434257584179,2,True,3,2,2
0.2481927885409169,0.2926692896543668,2,True,2,2,2
0.2029526961147517,0.6118099510351076,2,True,4,2,2
0.2641105670893343,0.2841913267272362,2,True,2,2,2
0.1815346686225366,0.5895371202531976,2,True,4,2,2
0.2501391793601421,0.292311942367876,2,True,2,2,2
0.0502090794893554,0.1507711266033067,2,True,3,2,2
0.2906593858775564,0.5302363597998346,2,True,1,2,2
0.2154757640403256,0.6083586795179959,2,True,4,2,2
0.027612903535562,0.1511306265590853,2,True,3,2,2
0.2741647322066006,0.2883849365913539,2,True,2,2,2
0.0403536938056547,0.1482912432201085,2,True,3,2,2
0.056674533011951,0.1227428962295603,2,True,3,2,2
0.059569154238823,0.1254753785201847,2,True,3,2,2
0.2599636100182372,0.2921550238948895,2,True,2,2,2
0.2548778827879924,0.2789646693265283,2,True,2,2,2
0.2522606008834288,0.2958166896985622,2,True,2,2,2
0.3371199026620303,0.9192801265454512,2,True,0,2,2
0.2469005085901012,0.2911178050894685,2,True,2,2,2
0.2438893035390978,0.2969195811750516,2,True,2,2,2
0.3689655379290248,0.9240335490156748,2,True,0,2,2
0.2227550646089719,0.6359297466406291,2,True,4,2,2
0.2636627755274259,0.2744458113839459,2,True,2,2,2
0.2486479411050355,0.2926151701659688,2,True,2,2,2
0.2456165552186456,0.2845312627068841,2,True,2,2,2
0.0342387724650776,0.1366517877108357,2,True,3,2,2
0.1989090529399793,0.6112906409003672,2,True,4,2,2
0.2971095225909402,0.5501827630589813,2,True,1,2,2
0.2646930949482911,0.5595915415687163,2,True,1,2,2
0.2596370786777145,0.2932323102509587,2,True,2,2,2
0.1997382532948567,0.6274733405041789,2,True,4,2,2
0.2541373895049123,0.2693017696429527,2,True,2,2,2
0.0388470442490693,0.1530870741956136,2,True,3,2,2
0.3430247053502888,0.9441441349280792,2,True,0,2,2
0.348913948880301,0.9463193636966892,2,True,0,2,2
0.2654835375629273,0.2995503698764226,2,True,2,2,2
0.2886588952902088,0.5440415004565601,2,True,1,2,2
0.2678545612443105,0.5417886688377267,2,True,1,2,2
0.2640318029946427,0.2831902705119894,2,True,2,2,2
0.051219111084588,0.1027089226235107,2,True,3,2,2
0.3376322791050337,0.936903526537473,2,True,0,2,2
0.3335439788537498,0.954063562219155,2,True,0,2,2
0.0435170224943971,0.16049593687719,2,True,3,2,2
0.2798568150081063,0.5470025074264706,2,True,1,2,2
0.3084554641802171,0.5479060386248519,2,True,1,2,2
0.2523386035791946,0.2908345246916117,2,True,2,2,2
0.255620985250631,0.2911390458571559,2,True,2,2,2
0.3099583607659594,0.5340288925089863,2,True,1,2,2
0.2870777933606058,0.5411235941033623,2,True,1,2,2
0.0565589830109706,0.1494651300845194,2,True,3,2,2
0.2516730841313012,0.285199031018763,2,True,2,2,2
0.2513401177159083,0.5227819689305014,2,True,1,2,2
0.2909601060636341,0.5420995828943983,2,True,1,2,2
0.3308674894921837,0.8961134094235802,2,True,0,2,2
0.0333164936004468,0.1277569996173593,2,True,3,2,2
0.2516734069615509,0.2843958795277096,2,True,2,2,2
0.0657571959719535,0.1344471639505346,2,True,3,2,2
0.2290697061654806,0.2770417348371121,2,True,2,2,2
0.3278547426082192,0.9340094215112724,2,True,0,2,2
0.3608771310991477,0.5374410131855472,2,True,1,2,2
0.0505376394961808,0.1381017422138193,2,True,3,2,2
0.3415522519814749,0.9470110494454608,2,True,0,2,2
0.2998670254581366,0.5507401012348624,2,True,1,2,2
0.2808600800885482,0.5473802083410622,2,True,1,2,2
0.0535765356699391,0.166258477051241,2,True,3,2,2
0.0415132721301404,0.1385999386447834,2,True,3,2,2
0.1949292578141452,0.6122584484376339,2,True,4,2,2
0.2799234323353984,0.5254100032399918,2,True,1,2,2
0.2708567568895019,0.5637571117430584,2,True,1,2,2
0.2810144057439326,0.5327600110793652,2,True,1,2,2
0.2884138818040281,0.5414488356728143,2,True,1,2,2
0.2494228374618056,0.2799304180616577,2,True,2,2,2
0.0431952887832727,0.1395955593219149,2,True,3,2,2
0.2505882486878231,0.2879716760833816,2,True,2,2,2
0.2788032127086784,0.4965789011709425,2,True,1,2,2
0.2491231284058932,0.2818364814701841,2,True,2,2,2
0.2237020809390102,0.295714697974887,2,True,2,2,2
0.3401811725007487,0.9343443559644712,2,True,0,2,2
0.039324718613287,0.1482400561851139,2,True,3,2,2
0.3227743819016434,0.9572515565430064,2,True,0,2,2
0.2436008308446075,0.2898072578734691,2,True,2,2,2
0.2602560810906332,0.2867254057717702,2,True,2,2,2
0.0469292195507996,0.1360577674102628,2,True,3,2,2
0.1930383857202124,0.6203442169850427,2,True,4,2,2
0.2504106039581282,0.2662462419225153,2,True,2,2,2
0.1768600322342185,0.6007137606873333,2,True,4,2,2
0.3306404770267976,0.9390912228669096,2,True,0,2,2
0.0596064232577878,0.1417035710103548,2,True,3,2,2
0.0452998205282332,0.155441021013231,2,True,3,2,2
0.3449745871920196,0.9550564062044324,2,True,0,2,2
0.3284207799562326,0.96118471664048,2,True,0,2,2
0.3107463266545969,0.5523482658792889,2,True,1,2,2
0.2522343542798254,0.2785001324598715,2,True,2,2,2
0.3688598140460493,0.9434307567113296,2,True,0,2,2
0.2000934756516479,0.6057163721444685,2,True,4,2,2
0.2335541801761281,0.3002427701030434,2,True,2,2,2
0.0606180426356492,0.1565968967581533,2,True,3,2,2
0.2872937936991671,0.5365929539158183,2,True,1,2,2
0.2657977945767926,0.2777144852342845,2,True,2,2,2
0.2497827761063429,0.5380146821382907,2,True,1,2,2
0.0525459367245303,0.1490870593116383,2,True,3,2,2
0.2521213547530287,0.2745195225570427,2,True,2,2,2
0.2865664851481443,0.5425183300642599,2,True,1,2,2
0.3253390665267981,0.952300779917142,2,True,0,2,2
0.2398772412480708,0.2760540291672372,2,True,2,2,2
0.2531427114187141,0.2697279890373006,2,True,2,2,2
0.2445236827133231,0.2838428403615052,2,True,2,2,2
0.059747862133084,0.1172553999198124,2,True,3,2,2
0.2460611083233259,0.2827193336178803,2,True,2,2,2
0.3391469473016694,0.9296020936727716,2,True,0,2,2
0.0633452322596807,0.1132028821435916,2,True,3,2,2
0.2938215204679778,0.5295100618046993,2,True,1,2,2
0.3353387122418473,0.9398807552530556,2,True,0,2,2
0.3402497547808764,0.940647131867562,2,True,0,2,2
0.0415343776721307,0.1250565283428824,2,True,3,2,2
0.2812509810144174,0.5224698254359386,2,True,1,2,2
0.2958198753792523,0.5383712965230151,2,True,1,2,2
0.0702679572120842,0.1135783901812061,2,True,3,2,2
0.3670882616581145,0.9368407405771276,2,True,0,2,2
0.2541972616960267,0.2815210839089498,2,True,2,2,2
0.2551834822976099,0.2844274010315298,2,True,2,2,2
0.2871213126260355,0.534477338519141,2,True,1,2,2
0.296735032565223,0.5806278748112405,2,True,1,2,2
0.2361614524759877,0.2683135901141304,2,True,2,2,2
0.25274532793951,0.2895955872079334,2,True,2,2,2
0.2617490436479757,0.5103689564041807,2,True,1,2,2
0.3201880900571859,0.9604515889554534,2,True,0,2,2
0.249054508040537,0.2754164344159274,2,True,2,2,2
0.0487472367285475,0.137137601826331,2,True,3,2,2
0.1873908703970557,0.623508761694739,2,True,4,2,2
0.3523621389965077,0.9121207479899888,2,True,0,2,2
0.2890853122062609,0.5303220936842005,2,True,1,2,2
0.2884614520373207,0.5308260734716151,2,True,1,2,2
0.0601026292054017,0.1537160358963665,2,True,3,2,2
0.2506945153037057,0.2903243721534952,2,True,2,2,2
0.3366651696660196,0.9456611360410488,2,True,0,2,2
0.2467641904079867,0.2760906522452617,2,True,2,2,2
0.2408757450773959,0.2786813150952782,2,True,2,2,2
0.2200680220896212,0.6498223643744611,2,True,4,2,2
0.2799990800348355,0.5224799270148279,2,True,1,2,2
0.2893777331486539,0.5421764293932796,2,True,1,2,2
0.3398686160495113,0.9030785989945456,2,True,0,2,2
0.28844522914243,0.5362766801060587,2,True,1,2,2
0.28624929677001,0.5267602568946849,2,True,1,2,2
0.1662932630937603,0.6136564221244472,2,True,4,2,2
0.2719834018345424,0.5426811950192747,2,True,1,2,2
0.2412697887773811,0.2750346302092992,2,True,2,2,2
0.3354631664690761,0.945949233203509,2,True,0,2,2
0.3386281318290173,0.9431670154174964,2,True,0,2,2
0.2922451995152924,0.5243853528817021,2,True,1,2,2
0.2555226299276938,0.2684628936180808,2,True,2,2,2
0.2966911902514966,0.5396952119268827,2,True,1,2,2
0.2376303131077818,0.2557182170977771,2,True,2,2,2
0.0538682547394274,0.1674117038952469,2,True,3,2,2
0.2869413018947355,0.5425136498094156,2,True,1,2,2
0.2504822137051009,0.2750501543434437,2,True,2,2,2
0.3418722864243876,0.9345448770734432,2,True,0,2,2
0.2737461766708203,0.2641917285473842,2,True,2,2,2
0.2933885615009742,0.5263881429854763,2,True,1,2,2
0.241994405119909,0.2805045909841629,2,True,2,2,2
0.0506930905123825,0.1415227634547487,2,True,3,2,2
0.2876148575730425,0.5298558895609672,2,True,1,2,2
0.0491479616789277,0.1431331812073553,2,True,3,2,2
0.2388381923739893,0.281914975864845,2,True,2,2,2
0.227444024672771,0.267184279089131,2,True,2,2,2
0.2571593805622568,0.2615480424593929,2,True,2,2,2
0.0614093154750124,0.118668054313646,2,True,3,2,2
0.3471749129838941,0.9586701993265204,2,True,0,2,2
0.0605114523055285,0.1351279364745147,2,True,3,2,2
0.2875324449290317,0.5290710182438265,2,True,1,2,2
0.2469594272297929,0.2673618620085488,2,True,2,2,2
0.3367563454466187,0.9560864232032804,2,True,0,2,2
0.2509629264947785,0.2696084836741929,2,True,2,2,2
0.2975946858936125,0.5500734673390525,2,True,1,2,2
0.3164003179187392,0.5302173418889707,2,True,1,2,2
0.2497891521433274,0.2778002582605354,2,True,2,2,2
0.3300589916569627,0.9522108597541762,2,True,0,2,2
0.3609361708755147,0.9512588656757576,2,True,0,2,2
0.2182730926177171,0.3047452974204186,2,True,2,2,2
0.2433763662484039,0.2760041913311774,2,True,2,2,2
0.2826810836686799,0.5248190545751193,2,True,1,2,2
0.2962886415327798,0.479217421175888,2,True,1,2,2
0.2736542711706292,0.5445607804057446,2,True,1,2,2
0.2460678434956543,0.2734018874759589,2,True,2,2,2
0.2616528679387059,0.2802526097146385,2,True,2,2,2
0.3080274943698708,0.959832585382446,2,True,0,2,2
0.053945108923642,0.1481558763861392,2,True,3,2,2
0.3533689811155707,0.9789125677483452,2,True,0,2,2
0.3042249670060217,0.5176977916065245,2,True,1,2,2
0.369497638630584,0.9570064780008648,2,True,0,2,2
0.0195862432760397,0.1542008604358694,2,True,3,2,2
0.2546575216413508,0.2742145709451062,2,True,2,2,2
0.2833047410976194,0.5192635068459177,2,True,1,2,2
0.2736891023518173,0.5340894310467592,2,True,1,2,2
0.2521641946671984,0.2760738122073106,2,True,2,2,2
0.3448277170912826,0.9562513998055716,2,True,0,2,2
0.3463449157708566,0.9502785866131112,2,True,0,2,2
0.0478216706371524,0.1568875607337195,2,True,3,2,2
0.1819633212628307,0.6150439195382562,2,True,4,2,2
0.0673764469958404,0.1551566699767948,2,True,3,2,2
0.3282494704709208,0.985654740526122,2,True,0,2,2
0.05793857796021,0.1658414697862022,2,True,3,2,2
0.340223439218166,0.9467690273154548,2,True,0,2,2
0.2391594337112756,0.2660285443395109,2,True,2,2,2
0.0662452251437172,0.1411577508263203,2,True,3,2,2
0.070071199850268,0.1509267018396052,2,True,3,2,2
0.2989062992351321,0.5410782515708192,2,True,1,2,2
0.0405266151809535,0.1399909775406907,2,True,3,2,2
0.2520774949029224,0.2801134664441966,2,True,2,2,2
0.0609569336178236,0.1464995188493791,2,True,3,2,2
0.0435995164602217,0.1492174160173857,2,True,3,2,2
0.0414131250628737,0.1591354107953123,2,True,3,2,2
0.0581005867585235,0.1463163867636903,2,True,3,2,2
0.3348459321266441,0.9526317527204368,2,True,0,2,2
0.326435319499086,0.950139773955268,2,True,0,2,2
0.2485118618320171,0.2691414033735236,2,True,2,2,2
0.275536477688239,0.5194996806043896,2,True,1,2,2
0.0561360222020382,0.1486995018147538,2,True,3,2,2
0.0785385571279065,0.1293583556688728,2,True,3,2,2
0.2495200971830223,0.2629135398970226,2,True,2,2,2
0.2391440967777453,0.2266835947673487,2,True,2,2,2
0.067183372745028,0.1557445706597182,2,True,3,2,2
0.2350019953065371,0.275029069021257,2,True,2,2,2
0.3532330919078208,0.9295196243242926,2,True,0,2,2
0.2778599414506735,0.5188333984390615,2,True,1,2,2
0.3195925027645906,0.9595808961902254,2,True,0,2,2
0.201004706466964,0.6404518270905238,2,True,4,2,2
0.2857218108638791,0.5288678146116952,2,True,1,2,2
0.3409436870670005,0.9524501829865828,2,True,0,2,2
0.3230276219054008,0.9433299784016352,2,True,0,2,2
0.3468873970641589,0.955803765254233,2,True,0,2,2
0.039265728659637,0.14403255606357,2,True,3,2,2
0.3347471513412794,0.933663115637237,2,True,0,2,2
0.2550993008776071,0.2697646589007023,2,True,2,2,2
0.2842319743227406,0.5224301580566021,2,True,1,2,2
0.2532200478609268,0.259758864493196,2,True,2,2,2
0.2412470130365701,0.2743857128219409,2,True,2,2,2
0.2438052439993141,0.2632866343725962,2,True,2,2,2
0.2347560377044797,0.2449725142958515,2,True,2,2,2
0.2424228294780729,0.2635518037487961,2,True,2,2,2
0.2349299359445508,0.2749311734611376,2,True,2,2,2
0.2425703287267624,0.2705548127849147,2,True,2,2,2
0.0409851873478265,0.1528014224480561,2,True,3,2,2
0.2815903184175526,0.5225586076294809,2,True,1,2,2
0.2871065100835639,0.52697276884067,2,True,1,2,2
0.3172180124548422,0.9450108193134692,2,True,0,2,2
0.3427137322648503,0.9634219049297732,2,True,0,2,2
0.2872257102681553,0.530597355326315,2,True,1,2,2
0.2930898583751649,0.5413251305511373,2,True,1,2,2
0.0647358321812731,0.1458815589083064,2,True,3,2,2
0.2965920263682188,0.5183740248334291,2,True,1,2,2
0.2437055211253039,0.2686809902190216,2,True,2,2,2
0.3299540601269165,0.957556697289629,2,True,0,2,2
0.0618470673073777,0.1466521631916043,2,True,3,2,2
0.0636651304176243,0.1600425071546116,2,True,3,2,2
0.186057771323313,0.6078283506087894,2,True,4,2,2
0.0509805999597806,0.1554606622305593,2,True,3,2,2
0.2466753782488071,0.2664876185220802,2,True,2,2,2
0.3395870751639616,0.9509338182427836,2,True,0,2,2
0.2675014300431171,0.553004252532905,2,True,1,2,2
0.3090220542072646,0.516531189120018,2,True,1,2,2
0.3385861553219091,0.9556095146004888,2,True,0,2,2
0.3330095619938319,0.956073142325359,2,True,0,2,2
0.191751981911016,0.6405428928372503,2,True,4,2,2
0.0438637679260539,0.1466789251137028,2,True,3,2,2
0.2720594397672022,0.5163025124532263,2,True,1,2,2
0.1687484061639723,0.6214638812135429,2,True,4,2,2
0.2676856701019891,0.2755317001853903,2,True,2,2,2
0.1776281238794087,0.6408406497224857,2,True,4,2,2
0.0505679769346422,0.1386525767003747,2,True,3,2,2
0.2474206107552839,0.2737496731022134,2,True,2,2,2
0.2414434578951089,0.2579076975037692,2,True,2,2,2
0.2657748113108771,0.5083410659282155,2,True,1,2,2
0.0293710012577365,0.1208068556848912,2,True,3,2,2
0.3187462478610089,0.9558667156542962,2,True,0,2,2
0.0472809545772227,0.1771753793775954,2,True,3,2,2
0.2394363136350266,0.2629300341078803,2,True,2,2,2
0.3045037488181951,0.9434646318517956,2,True,0,2,2
0.0608043939521244,0.1517037166195229,2,True,3,2,2
0.2283033742868884,0.249146240252554,2,True,2,2,2
0.3332678107467339,0.9620586321994704,2,True,0,2,2
0.3058110475860948,0.932145073073244,2,True,0,2,2
0.3682730241283058,0.9461972832071796,2,True,0,2,2
0.0632102880391678,0.1515995890912426,2,True,3,2,2
0.3389039742424993,0.93874065378267,2,True,0,2,2
0.2951304664647979,0.4966211367805835,2,True,1,2,2
0.318096272598002,0.9403641998046286,2,True,0,2,2
0.0806469985040085,0.1904184527010881,2,True,3,2,2
0.2464493790152079,0.2531790924767305,2,True,2,2,2
0.3378516431689539,0.9494259280730863,2,True,0,2,2
0.31625956476561,0.5497896925188754,2,True,1,2,2
0.0661822846891693,0.150457541678469,2,True,3,2,2
0.3203172083107835,0.4997402806146368,2,True,1,2,2
0.3175289502249377,0.9590934425679044,2,True,0,2,2
0.3610863146727223,0.9599076053036908,2,True,0,2,2
0.0721831714262209,0.1535653302487347,2,True,3,2,2
0.1859755350394213,0.6528956078605197,2,True,4,2,2
0.0569785258041297,0.1587919200478975,2,True,3,2,2
0.239422100187729,0.2514539537986215,2,True,2,2,2
0.2499664903763637,0.259691757154968,2,True,2,2,2
0.3118930676644468,0.5483383386952678,2,True,1,2,2
0.2876219386814205,0.5300862155387275,2,True,1,2,2
0.2920756871134515,0.5195383406138266,2,True,1,2,2
0.0618893900307379,0.1566652071142962,2,True,3,2,2
0.2420286685948442,0.2596220820367845,2,True,2,2,2
0.2374669333914859,0.255204808870318,2,True,2,2,2
0.1750542813215175,0.6299120408398453,2,True,4,2,2
0.0674206989230275,0.1487133238562326,2,True,3,2,2
0.2311392257732574,0.2679028374636007,2,True,2,2,2
0.3204878933098918,0.9750850922708436,2,True,0,2,2
0.0794164657528278,0.1585948122133045,2,True,3,2,2
0.3247176099421564,0.9660328927808464,2,True,0,2,2
0.2437860392419625,0.2600166617951858,2,True,2,2,2
0.1603718782337757,0.6044051807030876,2,True,4,2,2
0.2899257014000683,0.5854897760299564,2,True,1,2,2
0.2449264904360427,0.2565240658409798,2,True,2,2,2
0.036394320241192,0.1430589589464378,2,True,3,2,2
0.3295010101004778,0.9678642643234694,2,True,0,2,2
0.0616029430348482,0.1604225232902624,2,True,3,2,2
0.2493184952495568,0.264064685100314,2,True,2,2,2
0.0316858468627829,0.1551666830737722,2,True,3,2,2
0.32176305691968,0.9582306534870064,2,True,0,2,2
0.2390126131827661,0.2677888028039992,2,True,2,2,2
0.0767231232066413,0.1717317322016013,2,True,3,2,2
0.3209898464236532,0.966129011129864,2,True,0,2,2
0.2743087469924558,0.5111841277415079,2,True,1,2,2
0.3243501044413676,0.9658220539529984,2,True,0,2,2
0.062576469389621,0.1603404964451254,2,True,3,2,2
0.3297527326877073,0.9619265628137444,2,True,0,2,2
0.3225536157241092,0.9541150867104442,2,True,0,2,2
0.294410477497387,0.5119375788229422,2,True,1,2,2
0.2629565870322011,0.247468365839225,2,True,2,2,2
0.0437368220679771,0.171726551770565,2,True,3,2,2
0.2868431022735848,0.513368771332718,2,True,1,2,2
0.3040855726005475,0.4805639029150684,2,True,1,2,2
0.2509130815341365,0.2601472376148197,2,True,2,2,2
0.2502301959111226,0.2589763158132184,2,True,2,2,2
0.2862459171667676,0.5131014831773798,2,True,1,2,2
0.1798394520211802,0.6246402893771491,2,True,4,2,2
0.0702387857736931,0.1656956985133748,2,True,3,2,2
0.333258417123571,0.96241062212024,2,True,0,2,2
0.3296531596593954,0.9511580156532038,2,True,0,2,2
0.2305184541180683,0.2668981912889105,2,True,2,2,2
0.2407566002200568,0.2565479866422315,2,True,2,2,2
0.2110913804216815,0.2591367019702877,2,True,2,2,2
0.3391416699270914,0.9743224429783828,2,True,0,2,2
0.2777808988198729,0.5192861052041309,2,True,1,2,2
0.2882854465014624,0.5131985052553074,2,True,1,2,2
0.0495138279962391,0.1515775200997232,2,True,3,2,2
0.2562002835015356,0.2402181210039443,2,True,2,2,2
0.1715914808667386,0.6358775532635513,2,True,4,2,2
0.2422123988911531,0.2556455924259591,2,True,2,2,2
0.2580516182553717,0.4535812704750026,2,True,1,2,2
0.2731977248599761,0.4793623254216865,2,True,1,2,2
0.3072043431838265,0.4917569469836057,2,True,1,2,2
0.238449611374685,0.261026478336864,2,True,2,2,2
0.3297595923483884,0.965472127508598,2,True,0,2,2
0.3285161213144684,0.9645663784523684,2,True,0,2,2
0.2446869082990966,0.2465655528426301,2,True,2,2,2
0.3349906260979835,0.9487631030453588,2,True,0,2,2
0.2836290776794526,0.4762146978424604,2,True,1,2,2
0.283814095969029,0.507487330235213,2,True,1,2,2
0.1688756549591642,0.6364806625957228,2,True,4,2,2
0.2544974805157107,0.2485099977350251,2,True,2,2,2
0.0871765023704979,0.137954546103299,2,True,3,2,2
0.2710269143209625,0.5029962938633287,2,True,1,2,2
0.2958375416058221,0.506737764260879,2,True,1,2,2
0.2467688773351644,0.2467418405745227,2,True,2,2,2
0.0668039918687247,0.1606154471954652,2,True,3,2,2
0.073840295597186,0.1621501428205135,2,True,3,2,2
0.2958874157506153,0.5169411906550356,2,True,1,2,2
0.3158486818087039,0.9593733988346328,2,True,0,2,2
0.3317716689072504,0.9688750720145948,2,True,0,2,2
0.3133209438260965,0.97720267074066,2,True,0,2,2
0.0655531716601945,0.1541442103814565,2,True,3,3,2
0.2890439989431838,0.5243812481624601,2,True,1,3,2
0.3431320117943765,0.954129773766214,2,True,0,3,2
0.2458478595871278,0.2513257648999629,2,True,2,3,2
0.2307889399007519,0.2528009471584996,2,True,2,3,2
0.2444563013209307,0.2452689279951497,2,True,2,3,2
0.2490601822312014,0.2550661458294184,2,True,2,3,2
0.2825837057059403,0.5122728218822167,2,True,1,3,2
0.2832309025142295,0.5117261324804347,2,True,1,3,2
0.3012671024645287,0.5176731703123588,2,True,1,3,2
0.2408899292055472,0.2506199255727001,2,True,2,3,2
0.3095845968710449,0.9631102948221436,2,True,0,3,2
0.0698898679405914,0.1578636461042659,2,True,3,3,2
0.0972140678266516,0.1706131053225523,2,True,3,3,2
0.2999885821942539,0.5427790291730583,2,True,1,3,2
0.2408361075445587,0.2548079787009822,2,True,2,3,2
0.2936266053667997,0.5629085148372127,2,True,1,3,2
0.2520103251753017,0.2635612510044353,2,True,2,3,2
0.0765792983659764,0.1660023090371785,2,True,3,3,2
0.2872504108694996,0.5076745427343823,2,True,1,3,2
0.1616369309724511,0.6262996925443713,2,True,4,3,2
0.2818034906054283,0.5348675975963404,2,True,1,3,2
0.3217380196214122,0.4888091407362345,2,True,1,3,2
0.314991253468822,0.9763125320537486,2,True,0,3,2
0.2808906748645224,0.5017791608091429,2,True,1,3,2
0.2863114339604871,0.5062926115883792,2,True,1,3,2
0.3273452491387739,0.9716425410935404,2,True,0,3,2
0.2966346450668765,0.5093572506694369,2,True,1,3,2
0.3211741173239995,0.9661191408398008,2,True,0,3,2
0.2958891389283176,0.5021177554223458,2,True,1,3,2
0.3315918719559603,0.9380240346667524,2,True,0,3,2
0.2808170522470832,0.5161993740287145,2,True,1,3,2
0.2797741201093198,0.511993133241483,2,True,1,3,2
0.3298719486360621,0.9650554399086908,2,True,0,3,2
0.2286301995777516,0.2510774053481576,2,True,2,3,2
0.2711008521828253,0.5020495146948103,2,True,1,3,2
0.0774770011049957,0.1682172682410398,2,True,3,3,2
0.3257361702715385,0.9734968273508242,2,True,0,3,2
0.2305592379862364,0.2469935967076448,2,True,2,3,2
0.2266011521355366,0.2393272053032564,2,True,2,3,2
0.2893014052760661,0.5158568420945309,2,True,1,3,2
0.2206056112731766,0.2591496716878277,2,True,2,3,2
0.3318372900681233,0.9635242336706964,2,True,0,3,2
0.0561909459081314,0.1731829373068979,2,True,3,3,2
0.2714087858332984,0.5568254263480151,2,True,1,3,2
0.3242736628719058,0.9836872747125408,2,True,0,3,2
0.153202007241279,0.6287788956164787,2,True,4,3,2
0.2297727852279919,0.2440915196774919,2,True,2,3,2
0.0702878276367135,0.171646581792295,2,True,3,3,2
0.2404603096494574,0.2518115162990058,2,True,2,3,2
0.2344618551164212,0.2465016170937431,2,True,2,3,2
0.2830591427236252,0.4698601124937162,2,True,1,3,2
0.0721810948784698,0.15861988369168,2,True,3,3,2
0.3262068481788265,0.971776689329793,2,True,0,3,2
0.2337082748850007,0.2439199836286217,2,True,2,3,2
0.3194970752861349,0.9681296766904492,2,True,0,3,2
0.3046570432281052,0.9859546364494448,2,True,0,3,2
0.2424824711068403,0.2494684239026293,2,True,2,3,2
0.3337457438570234,0.9757672450764604,2,True,0,3,2
0.3199235178657122,0.965777294127164,2,True,0,3,2
0.2923943762305611,0.5066373662222665,2,True,1,3,2
0.0665366324787359,0.1679573121208375,2,True,3,3,2
0.3269788288238218,0.9608790931934056,2,True,0,3,2
0.2357098967165959,0.2439335785585824,2,True,2,3,2
0.2386028610050644,0.2475122438691818,2,True,2,3,2
0.2840105230683967,0.5019412473236631,2,True,1,3,2
0.2408528397459696,0.2389192263974422,2,True,2,3,2
0.228771679968995,0.224557686670437,2,True,2,3,2
0.2451504232981702,0.2523197230256924,2,True,2,3,2
0.2801948058326111,0.5254743792204779,2,True,1,3,2
0.0740636732728176,0.1627974323894769,2,True,3,3,2
0.3107032728071036,0.5276010867570953,2,True,1,3,2
0.2295217892413244,0.247895971794254,2,True,2,3,2
0.3230134837881117,0.971884113991909,2,True,0,3,2
0.1573715312372181,0.6504217340873487,2,True,4,3,2
0.2930196683358159,0.5073931566154957,2,True,1,3,2
0.25707000625185,0.5167658352464619,2,True,1,3,2
0.1510581877895978,0.6301195021460823,2,True,4,3,2
0.2919037049869905,0.4951481573470391,2,True,1,3,2
0.1638469818424931,0.6393043067834763,2,True,4,3,2
0.0826938897345078,0.1897804623171045,2,True,3,3,2
0.1571907431953236,0.6446831759104626,2,True,4,3,2
0.2328371520858114,0.2398736329242352,2,True,2,3,2
0.0807662521571149,0.1834651091768124,2,True,3,3,2
0.2389308411299246,0.2476349253526784,2,True,2,3,2
0.2293405082032733,0.2605543811292117,2,True,2,3,2
0.3125409851332084,0.9687455998835536,2,True,0,3,2
0.0779220461691612,0.1582429219615154,2,True,3,3,2
0.2330827353735398,0.2421973203006846,2,True,2,3,2
0.2342634267545299,0.2411220978010238,2,True,2,3,2
0.2859467497797165,0.4943126735027699,2,True,1,3,2
0.2848867685096111,0.4747960216247608,2,True,1,3,2
0.2373353496240376,0.2510195885087842,2,True,2,3,2
0.0722651186988883,0.1587109936679313,2,True,3,3,2
0.3190994905723353,0.99803444488341,2,True,0,3,2
0.3378789749933783,0.9881189211577458,2,True,0,3,2
0.0864193326784086,0.1695862183024205,2,True,3,3,2
0.309381103879085,0.4938006803384525,2,True,1,3,2
0.2453020249123911,0.2422706003357057,2,True,2,3,2
0.3324230279595999,0.990690651268594,2,True,0,3,2
0.3120974633127578,0.974053120988702,2,True,0,3,2
0.3055445707792749,0.5218739154441591,2,True,1,3,2
0.2168054455567088,0.2341709954828998,2,True,2,3,2
0.1461371929349416,0.6230497643487665,2,True,4,3,2
0.2461858749148454,0.2309291004833572,2,True,2,3,2
0.2412546817003466,0.2535054739083264,2,True,2,3,2
0.340177488179645,0.9890795718240432,2,True,0,3,2
0.2963697506620418,0.4928810631601494,2,True,1,3,2
0.2547772350157765,0.2424236724321477,2,True,2,3,2
0.3127731681619956,0.996252329778638,2,True,0,3,2
0.2732057857051952,0.5056235716043204,2,True,1,3,2
0.2920778194538114,0.498604589581869,2,True,1,3,2
0.2334346887648333,0.2454872410432437,2,True,2,3,2
0.3041004599431524,0.484134805004116,2,True,1,3,2
0.3058041946044269,0.4892317508572092,2,True,1,3,2
0.3352073823262352,0.9686582592222216,2,True,0,3,2
0.163018286441253,0.6331738043462211,2,True,4,3,2
0.0857203330198878,0.1666962392397857,2,True,3,3,2
0.0820265427860837,0.1715058996349251,2,True,3,3,2
0.2276828044820498,0.2346714134550835,2,True,2,3,2
0.3184098051469193,0.9484027593453214,2,True,0,3,2
0.2352302652392065,0.2414381534156044,2,True,2,3,2
0.2316851648941107,0.245945345230358,2,True,2,3,2
0.255640428902591,0.2381379092832119,2,True,2,3,2
0.2353522316450688,0.2435550001334319,2,True,2,3,2
0.3314833515080167,0.9894424532972276,2,True,0,3,2
0.3461075079411067,0.9480846192886891,2,True,0,3,2
0.303973443005159,0.9875199674666802,2,True,0,3,2
0.1455044337911938,0.6380956121039838,2,True,4,3,2
0.3296733484961977,0.9810179409523015,2,True,0,3,2
0.1592695823089536,0.641550306102677,2,True,4,3,2
0.2369208461681719,0.2386676567794513,2,True,2,3,2
0.2451829749100933,0.247945475890224,2,True,2,3,2
0.2119284731571864,0.2280228782531867,2,True,2,3,2
0.2452732572367962,0.2339736961215894,2,True,2,3,2
0.3341132996848405,0.5078549298012024,2,True,1,3,2
0.241904659567826,0.2425242552356869,2,True,2,3,2
0.2341347592272176,0.2383143682319037,2,True,2,3,2
0.2370606280434098,0.2408319774896827,2,True,2,3,2
0.2419573512554728,0.2310978999176038,2,True,2,3,2
0.2943237768490565,0.4936887761631578,2,True,1,3,2
0.2315329182709785,0.2492919070613304,2,True,2,3,2
0.0832180669692548,0.1534687641665247,2,True,3,3,2
0.0914001730613145,0.1545744220287417,2,True,3,3,2
0.1582658998163787,0.6401088251811611,2,True,4,3,2
0.3243710754323713,0.9804554969112952,2,True,0,3,2
0.2696931353424755,0.4958530567802383,2,True,1,3,2
0.0493122457700121,0.1449313452900229,2,True,3,3,2
0.0773769177253482,0.1869028776217451,2,True,3,3,2
0.2457924031985146,0.2350223605571143,2,True,2,3,2
0.253836068182604,0.2344056054666567,2,True,2,3,2
0.2284297838121134,0.2417696016314579,2,True,2,3,2
0.1499318843442726,0.658830952159185,2,True,4,3,2
0.2113359278857213,0.249488680580087,2,True,2,3,2
0.2440129067465665,0.2301533887714988,2,True,2,3,2
0.2573137879886875,0.2331173917500876,2,True,2,3,2
0.0701860879547381,0.1842172959371068,2,True,3,3,2
0.2204423175961784,0.2149876684612504,2,True,2,3,2
0.2355056234797828,0.2326594737368492,2,True,2,3,2
0.2204890803612983,0.2514444709263823,2,True,2,3,2
0.2960336998933632,0.5240852831367372,2,True,1,3,2
0.0618756283453041,0.1439836976222253,2,True,3,3,2
0.2749761946168156,0.4815284607951333,2,True,1,3,2
0.2243062875834869,0.2272015853941416,2,True,2,3,2
0.3000872147109899,0.9703944807805784,2,True,0,3,2
0.1584093470513933,0.6461091088481528,2,True,4,3,2
0.3079453081386656,0.9866586969073976,2,True,0,3,2
0.2790954902510312,0.5304768631764143,2,True,1,3,2
0.2329637832820652,0.2392995118614659,2,True,2,3,2
0.2913032730412193,0.4938941073992088,2,True,1,3,2
0.2500689712078141,0.2190835597798498,2,True,2,3,2
0.0801000692267063,0.1662295894846688,2,True,3,3,2
0.2381840529314572,0.2355419033055039,2,True,2,3,2
0.2251923562480039,0.2556487434581635,2,True,2,3,2
0.3299598538392123,0.987549902571368,2,True,0,3,2
0.1447661452277251,0.6464153643591691,2,True,4,3,2
0.2935563734417772,0.9694983295749654,2,True,0,3,2
0.2674335104182202,0.5006238344385155,2,True,1,3,2
0.3217436927485227,0.98184389771091,2,True,0,3,2
0.2336912656101673,0.2362354236052923,2,True,2,3,2
0.2858919060385897,0.4903224714253061,2,True,1,3,2
0.2787199168891404,0.4894449991291486,2,True,1,3,2
0.2392730986021541,0.2437489088218845,2,True,2,3,2
0.1538849888501832,0.6558737607806087,2,True,4,3,2
0.1510822032126486,0.6709900897175406,2,True,4,3,2
0.2297187163259858,0.2336451376223415,2,True,2,3,2
0.3184781627650404,0.9591246364184352,2,True,0,3,2
0.2555709795906121,0.2147134627014916,2,True,2,3,2
0.2311302112148917,0.2302754483031246,2,True,2,3,2
0.2281132786487304,0.2269107428165401,2,True,2,3,2
0.1324667305369618,0.6220947539482045,2,True,4,3,2
0.3026916425274297,1.0057060522357126,2,True,0,3,2
0.1008654072645594,0.1646649789546281,2,True,3,3,2
0.0808520082563765,0.1693307382458979,2,True,3,3,2
0.3224151804075629,0.970847821623284,2,True,0,3,2
0.2525037237179382,0.2319894976696278,2,True,2,3,2
0.1559865617583578,0.6501846100439271,2,True,4,3,2
0.1601086506136723,0.6506498611171834,2,True,4,3,2
0.3331672140368629,0.54067735792459,2,True,1,3,2
0.2271570962026245,0.2278471601836179,2,True,2,3,2
0.2357323589203162,0.2567066373891292,2,True,2,3,2
0.2322345343170148,0.2346356935772991,2,True,2,3,2
0.2315795418097972,0.2350375837968301,2,True,2,3,2
0.0804041075460809,0.1612758686981717,2,True,3,3,2
0.2327032116553598,0.2346279597254198,2,True,2,3,2
0.2953617609123978,0.4827992370239832,2,True,1,3,2
0.2703729424239235,0.496969188595495,2,True,1,3,2
0.3238017091636261,0.9871640920858492,2,True,0,3,2
0.2393484647960689,0.2119464862474505,2,True,2,3,2
0.2749791137036079,0.4951185767730278,2,True,1,3,2
0.1394743279674538,0.6339658484964857,2,True,4,3,2
0.1576256452462584,0.6367817279095291,2,True,4,3,2
0.1095520035371183,0.1619294633170162,2,True,3,3,2
0.0918216370881228,0.1737495848586103,2,True,3,3,2
0.2418774111589096,0.2371745313683988,2,True,2,3,2
0.3334023196406745,1.0019558880040926,2,True,0,3,2
0.0861809053280187,0.1675321289394668,2,True,3,3,2
0.2029383180063219,0.2535210320373909,2,True,2,3,2
0.3340841455538885,0.9684690081976876,2,True,0,3,2
0.2572865835375286,0.2425866348123541,2,True,2,3,2
0.3137412488017349,0.4441074795546262,2,True,1,3,2
0.0877043194639971,0.1669369594272333,2,True,3,3,2
0.2241244462079662,0.2204134189090503,2,True,2,3,2
0.2404957810383135,0.2296975457461342,2,True,2,3,2
0.2197300130609022,0.2290981142258279,2,True,2,3,2
0.2312712887788917,0.2350130789057581,2,True,2,3,2
0.157130363997794,0.6503962623028456,2,True,4,3,2
0.0798197606935108,0.1799018118579177,2,True,3,3,2
0.3207224106079746,0.9950675660143896,2,True,0,3,2
0.2652700682266938,0.5081160171862497,2,True,1,3,2
0.2414874246113762,0.2360845047418489,2,True,2,3,2
0.1835733106441527,0.6307121872587034,2,True,4,3,2
0.2343043683127901,0.2364240952671126,2,True,2,3,2
0.2445188821985815,0.2333402019501578,2,True,2,3,2
0.2804553439811942,0.4650312141808443,2,True,1,3,2
0.1501450242078915,0.645817413121746,2,True,4,3,2
0.0927248936291397,0.147790422419583,2,True,3,3,2
0.2216361570585734,0.2328403335955682,2,True,2,3,2
0.2127717601932639,0.2270124913316921,2,True,2,3,2
0.2230193345409586,0.2238489165011904,2,True,2,3,2
0.269118712444963,0.5201426713088972,2,True,1,3,2
0.0871233355295083,0.1641758466653481,2,True,3,3,2
0.3210416416713159,0.9865191570405192,2,True,0,3,2
0.3192725029887047,0.9832701126888392,2,True,0,3,2
0.3317054877069128,0.991365756173133,2,True,0,3,2
0.3168038671634638,0.9463408633064192,2,True,0,3,2
0.2261067755600164,0.2224446030375398,2,True,2,3,2
0.3152438187463464,0.991760748367934,2,True,0,3,2
0.2331734840650237,0.2330365641102921,2,True,2,3,2
0.3083016598322681,0.4788612350917933,2,True,1,3,2
0.2270833350958841,0.2269959488570689,2,True,2,3,2
0.2735772407697836,0.4638054343636835,2,True,1,3,2
0.2894993047602002,0.4887520266747136,2,True,1,3,2
0.3164683343894496,0.4818784204732261,2,True,1,3,2
0.2365352811194604,0.22149650064249,2,True,2,3,2
0.1584505900779361,0.6351157471306557,2,True,4,3,2
0.317538482367554,0.9899322773562256,2,True,0,3,2
0.1657483304855306,0.6586202218425401,2,True,4,3,2
0.211319575112105,0.2200895888669999,2,True,2,3,2
0.2744329813219289,0.497934738936964,2,True,1,3,2
0.1474360490006846,0.6466046247035262,2,True,4,3,2
0.2810869677840648,0.4922188079830716,2,True,1,3,2
0.3074948205744215,0.486594147641671,2,True,1,3,2
0.2708611833740961,0.5255035690000901,2,True,1,3,2
0.2835948977748225,0.4848176374541054,2,True,1,3,2
0.0909015924625879,0.1735499354985024,2,True,3,3,2
0.3295010426157176,0.9802047190196492,2,True,0,3,2
0.2669866428294484,0.466676638534806,2,True,1,3,2
0.3109608656768844,0.4869231813541785,2,True,1,3,2
0.2250989259542949,0.2370887715637113,2,True,2,3,2
0.232883691447006,0.2476950045595236,2,True,2,3,2
0.2277746277503025,0.2156186251548124,2,True,2,3,2
0.2981957993379544,0.4875310967747766,2,True,1,3,2
0.3031277245179684,0.9954450887534418,2,True,0,3,2
0.221163716898312,0.2362501099471077,2,True,2,3,2
0.1011491913408466,0.2075996766684723,2,True,3,3,2
0.3176517495695892,0.9919898026285152,2,True,0,3,2
0.2453454825068849,0.223127461179478,2,True,2,3,2
0.2312391125304121,0.2317012533823483,2,True,2,3,2
0.0880736138961166,0.1610632528657158,2,True,3,3,2
0.0901197666311672,0.1841107544970114,2,True,3,3,2
0.3000542883467,0.4809551886967286,2,True,1,3,2
0.1548455854885165,0.6348820260546791,2,True,4,3,2
0.2844396856698759,0.4699626986266373,2,True,1,3,2
0.1461463112735139,0.64289040745428,2,True,4,3,2
0.2886571605355864,0.4752680823194822,2,True,1,3,2
0.2261778624441994,0.2237037671739588,2,True,2,3,2
0.3158094429930035,0.992685005603966,2,True,0,3,2
0.2837214006092798,0.4922123699253294,2,True,1,3,2
0.086368720322264,0.1609144235320589,2,True,3,3,2
0.2727365683779366,0.4842887427117991,2,True,1,3,2
0.3174926635492661,1.0011837217756576,2,True,0,3,2
0.3179029161885774,0.9903243729810682,2,True,0,3,2
0.2820320376391331,0.4750615426514431,2,True,1,3,2
0.0937723020153223,0.1659017873773383,2,True,3,3,2
0.2474760133355054,0.5303827926685533,2,True,1,3,2
0.2905968257267798,0.4798497029070396,2,True,1,3,2
0.2278477668841648,0.2270001342041489,2,True,2,3,2
0.3149900916362795,0.9935689268964378,2,True,0,3,2
0.2835030298142556,0.4750407934690103,2,True,1,3,2
0.2405664436190311,0.2342484903799983,2,True,2,3,2
0.2716573867905748,0.4635525788246699,2,True,1,3,2
0.2246993812341911,0.2301880737178073,2,True,2,3,2
0.3259687345557709,1.010633926005983,2,True,0,3,2
0.2827170093694333,0.4894310140126882,2,True,1,3,2
0.2709895952284656,0.507244422480397,2,True,1,3,2
0.3164512131673175,0.9861090154010076,2,True,0,3,2
0.2339617561199022,0.2170588985374421,2,True,2,3,2
0.2855456180378059,0.4618961081733055,2,True,1,3,2
0.2853589577316391,0.4787794728524978,2,True,1,3,2
0.2305172707296909,0.2230790018512702,2,True,2,3,2
0.2097691801553701,0.2222594320187263,2,True,2,3,2
0.2924472329126433,0.5000241989482819,2,True,1,3,2
0.2268132663039044,0.2187019756232471,2,True,2,3,2
0.3048475591394478,0.980958444892907,2,True,0,3,2
0.0879120541430214,0.1756918105028014,2,True,3,3,2
0.2885392942701543,0.4602776716060384,2,True,1,3,2
0.0864853261624519,0.1767961735317037,2,True,3,3,2
0.0821395542055423,0.1833709880984121,2,True,3,3,2
0.3081968724684355,0.9896446553018896,2,True,0,3,2
0.2171038511858332,0.2321817054898008,2,True,2,3,2
0.2709288819080799,0.4622334770550412,2,True,1,3,2
0.3189698480387262,0.9866912133894004,2,True,0,3,2
0.3064815726293096,0.9991097514353988,2,True,0,3,2
0.0966479912045156,0.1731137150703884,2,True,3,3,2
0.3000916550241364,0.9882716121667902,2,True,0,3,2
0.3234862233559298,1.001585952357472,2,True,0,3,2
0.2299998740004174,0.2207921717709507,2,True,2,3,2
0.1346486531596444,0.6317893394710289,2,True,4,3,2
0.3173221053395472,0.9928323386576856,2,True,0,3,2
0.0901152248779439,0.1599159027470073,2,True,3,3,2
0.3033891696799494,0.4631951213936223,2,True,1,3,2
0.2230342196020716,0.2278990379874955,2,True,2,3,2
0.207493329948989,0.1996067831191542,2,True,2,3,2
0.2630991101339637,0.2042465202139151,2,True,2,3,2
0.2181518364571086,0.2090105441624008,2,True,2,3,2
0.316797713456926,0.9959519035572056,2,True,0,3,2
0.301185501117613,0.4608505405647399,2,True,1,3,2
0.2369803771935462,0.2444034609096649,2,True,2,3,2
0.3142458792097655,0.9948716800263616,2,True,0,3,2
0.2501429983523259,0.2295680169576772,2,True,2,3,2
0.3148254590316194,0.9779228657397592,2,True,0,3,2
0.099326209128118,0.1785556353323872,2,True,3,3,2
0.1332210386309598,0.6480592751668618,2,True,4,3,2
0.2446006911148981,0.2282103193229519,2,True,2,3,2
0.1474642678846277,0.6564211092306399,2,True,4,3,2
0.2893198537655599,0.479171936465092,2,True,1,3,2
0.0909664308681952,0.1840451739834371,2,True,3,3,2
0.1229146318938734,0.194962578128223,2,True,3,3,2
0.2260999326727481,0.2264200652943761,2,True,2,3,2
0.2429316483235949,0.439311846014545,2,True,1,3,2
0.0843839707617981,0.1621735482315583,2,True,3,3,2
0.308531313933599,1.015954158672971,2,True,0,3,2
0.3208794022098863,0.9843429673396356,2,True,0,3,2
0.2871439069342061,0.4748962608676633,2,True,1,3,2
0.2129693633183408,0.227072631948444,2,True,2,3,2
0.2054097142009179,0.2254789804434074,2,True,2,3,2
0.3005715009495082,0.9692415536584468,2,True,0,3,2
0.0972408685592898,0.1766607187538144,2,True,3,3,2
0.0942629483004088,0.1897476431303462,2,True,3,3,2
0.2224806124950903,0.2159056095958937,2,True,2,3,2
0.2876642686157358,0.4770155555145559,2,True,1,3,2
0.3169656574465961,0.997261459310056,2,True,0,3,2
0.3237302850709929,1.010157769648605,2,True,0,3,2
0.1085762307498149,0.1826857362113506,2,True,3,3,2
0.2299894735866694,0.2193951598448556,2,True,2,3,2
0.3182150308515215,0.9998793005309948,2,True,0,3,2
0.2901511133328549,0.474964344839893,2,True,1,3,2
0.2274318572270182,0.218440227418926,2,True,2,3,2
0.2927669623029316,0.4800902639204015,2,True,1,3,2
0.1187596249956445,0.1916230037299529,2,True,3,3,2
0.120008387819046,0.6383362499127428,2,True,4,3,2
0.1442319113278787,0.6465815999424621,2,True,4,3,2
0.2323693308948328,0.2278246362286377,2,True,2,3,2
0.2250668851827048,0.2012304984855599,2,True,2,3,2
0.2881514093668944,0.473643739768952,2,True,1,3,2
0.2847260526611331,0.4698245152062498,2,True,1,3,2
0.2330077461217573,0.2149349253023527,2,True,2,3,2
0.1099368666723495,0.1844130986973305,2,True,3,3,2
0.2859322862177755,0.4679906509127116,2,True,1,3,2
0.2272190274575445,0.2226886047209126,2,True,2,3,2
0.3081538430492243,1.002620291917268,2,True,0,3,2
0.1451860721468423,0.64595507488579,2,True,4,3,2
0.3235042887939491,1.0002590470774566,2,True,0,3,2
0.1331085118001005,0.6392726491918564,2,True,4,3,2
0.280035359138474,0.4566857032193111,2,True,1,3,2
0.289949700764426,0.4598676189039641,2,True,1,3,2
0.2637895876745834,0.4869277787903409,2,True,1,3,2
0.3125411375191346,0.461575866937871,2,True,1,3,2
0.1378234289321704,0.6536883751259358,2,True,4,3,2
0.2372055140995154,0.2315117142930052,2,True,2,3,2
0.2689149836445101,0.445330937690179,2,True,1,3,2
0.0720253258972627,0.2143529874721475,2,True,3,3,2
0.2388067766377889,0.2207058054123765,2,True,2,3,2
0.1372822567757132,0.6535008618371636,2,True,4,3,2
0.2203589509411937,0.2132066680788518,2,True,2,3,2
0.2933850562270261,0.4643334734236594,2,True,1,3,2
0.1545817832064989,0.6574956161977578,2,True,4,3,2
0.2228477192288155,0.2078710584593898,2,True,2,3,2
0.3162254543348528,1.0025408189395255,2,True,0,3,2
0.3146039045059249,0.947188350328108,2,True,0,3,2
0.2294036233123507,0.2211776623909013,2,True,2,3,2
0.2241003635066845,0.2133922767737019,2,True,2,3,2
0.1411786977076412,0.6556198887927732,2,True,4,3,2
0.1065024574005037,0.1776278740887842,2,True,3,3,2
0.1211676565158649,0.1776288456725493,2,True,3,3,2
0.0930880724925359,0.1774900016441782,2,True,3,3,2
0.2628855198553648,0.4764844350986901,2,True,1,3,2
0.1098947104766725,0.1789742712496439,2,True,3,3,2
0.1061601484823289,0.172064208317774,2,True,3,3,2
0.2232125753597586,0.229238335588307,2,True,2,3,2
0.3364094399609575,0.987679452071506,2,True,0,3,2
0.2298767434653116,0.2380485230433016,2,True,2,3,2
0.2305297287857672,0.2239332251057799,2,True,2,3,2
0.2454890056819243,0.204146028182538,2,True,2,3,2
0.3123028789694568,0.9928182691671724,2,True,0,3,2
0.085981981105645,0.179193791867529,2,True,3,3,2
0.2177733085870178,0.236270350604679,2,True,2,3,2
0.0832688225917437,0.1736193515014442,2,True,3,3,2
0.2857938349026358,0.4669852423826374,2,True,1,3,2
0.2101841929028398,0.2219831036962452,2,True,2,3,2
0.2241708061422068,0.2142261270632113,2,True,2,3,2
0.3150784303193696,0.9854066564246274,2,True,0,3,2
0.3070336285258438,0.4679523350901424,2,True,1,3,2
0.2174130877284055,0.208836500379474,2,True,2,3,2
0.2202056478777625,0.206592217970424,2,True,2,3,2
0.2167522957493069,0.2061410138574304,2,True,2,3,2
0.2627270280143822,0.450151238411913,2,True,1,3,2
0.2368513429758061,0.2027340448297655,2,True,2,3,2
0.1073889506982911,0.1874114972387554,2,True,3,3,2
0.1258622957542504,0.1683111438517642,2,True,3,3,2
0.1343096976944283,0.6559776071227762,2,True,4,3,2
0.2939374970233809,0.4559103508175299,2,True,1,3,2
0.3276447268731472,0.9761802994226134,2,True,0,3,2
0.285986264670524,0.452159188591594,2,True,1,3,2
0.0969294743022555,0.1785855751935554,2,True,3,3,2
0.2198313961257179,0.2293359320910025,2,True,2,3,2
0.2288248324426814,0.1968555694485763,2,True,2,3,2
0.1351686533598537,0.6537162594630346,2,True,4,3,2
0.2693214379602576,0.4696798455524312,2,True,1,3,2
0.30359718496036,0.4133322354834773,2,True,1,3,2
0.308120579874376,0.4965534411587668,2,True,1,3,2
0.2309088373575721,0.2152370819093747,2,True,2,3,2
0.101456168752492,0.1828321876132241,2,True,3,3,2
0.2627355227976581,0.4667322633137259,2,True,1,3,2
0.2913222204304889,0.4849552290897075,2,True,1,3,2
0.2848397578225292,0.4570645696228137,2,True,1,3,2
0.1027466028369457,0.1780927797746664,2,True,3,3,2
0.1218123017076339,0.1927478281841227,2,True,3,3,2
0.0991726321854367,0.1803141818606359,2,True,3,3,2
0.0979517291178874,0.1871229654777043,2,True,3,3,2
0.2288813519484712,0.206265917095194,2,True,2,3,2
0.1312636936572453,0.6586887905509468,2,True,4,3,2
0.2636762197220593,0.4392088371342143,2,True,1,3,2
0.1092243659622147,0.1793677149938067,2,True,3,3,2
0.2171457053899459,0.1939317224435357,2,True,2,3,2
0.290525896791361,0.4396629942097939,2,True,1,3,2
0.1376626274966521,0.6718546827584826,2,True,4,3,2
0.3095644404307942,0.992239024165504,2,True,0,3,2
0.1204578290299506,0.1858320833149738,2,True,3,3,2
0.2219293021847345,0.2116280884681189,2,True,2,3,2
0.2174422155650956,0.2052889332797302,2,True,2,3,2
0.2382701715965177,0.2025365201067797,2,True,2,3,2
0.3109636362066608,0.994482744639036,2,True,0,3,2
0.1163629097791588,0.1739787523472585,2,True,3,3,2
0.2262536567961965,0.2282319174954409,2,True,2,3,2
0.2134859117629193,0.2134660158759596,2,True,2,3,2
0.2290334589102169,0.2160101881029227,2,True,2,3,2
0.1082523266746088,0.1699595506110496,2,True,3,3,2
0.2238968045174253,0.2086330543764492,2,True,2,3,2
0.2314874435788258,0.1891351442416942,2,True,2,3,2
0.1044070018407069,0.6454013364135681,2,True,4,3,2
0.3112710421741697,0.9934385006468976,2,True,0,3,2
0.3081024003503654,0.9929344936083064,2,True,0,3,2
0.3052540365666611,0.4892946568927124,2,True,1,3,2
0.2864108285683573,1.0021419008145132,2,True,0,3,2
0.222878198520766,0.2117858810739598,2,True,2,3,2
0.2217857241753226,0.2147787284199929,2,True,2,3,2
0.2939147978346728,0.4518726218154777,2,True,1,3,2
0.3131262760536878,1.0018676090037322,2,True,0,3,2
0.313352656376382,0.9973285934499296,2,True,0,3,2
0.1184377507568748,0.6673736514584292,2,True,4,3,2
0.1007253318421168,0.187696592256772,2,True,3,3,2
0.2347918203589218,0.2035547866757972,2,True,2,3,2
0.2269227675605147,0.2042309181758962,2,True,2,3,2
0.0947019902246041,0.1813751298964897,2,True,3,3,2
0.3203557578229068,0.9761638095325842,2,True,0,3,2
0.2295143274185268,0.212747129760601,2,True,2,3,2
0.3760205656041847,0.9819879328189762,2,True,0,3,2
0.1133084883368481,0.1710234875779486,2,True,3,3,2
0.2819719539744973,0.4742890617036185,2,True,1,3,2
0.2215316948806592,0.2085521179879143,2,True,2,3,2
0.1135405380133838,0.1831774115147817,2,True,3,3,2
0.2858657118615652,0.4595812171674913,2,True,1,3,2
0.1408939762165077,0.6502042269775494,2,True,4,3,2
0.2201448180095635,0.2052764791362656,2,True,2,3,2
0.2224101419139296,0.2022086521261747,2,True,2,3,2
0.1286120236185108,0.6528153570019711,2,True,4,3,2
0.1233522529183822,0.6696689455828163,2,True,4,3,2
0.2025134092413393,0.2084812229891531,2,True,2,3,2
0.3081677034999171,0.9881429010813656,2,True,0,3,2
0.2239159233921799,0.2069957195393115,2,True,2,3,2
0.2188361244937822,0.2026633886568712,2,True,2,3,2
0.2215646716840775,0.2052762677838284,2,True,2,3,2
0.2727543248752976,0.467877967661175,2,True,1,3,2
0.283556688126959,0.4731936885172259,2,True,1,3,2
0.3108663892824671,0.9874725353750792,2,True,0,3,2
0.2050227324889284,0.18402841311069,2,True,2,3,2
0.1154944302282121,0.1923915274183155,2,True,3,3,2
0.2944420089126026,1.0210922198314445,2,True,0,3,2
0.2312286610474935,0.2014390295381945,2,True,2,3,2
0.2757864899231328,0.4697642253591599,2,True,1,3,2
0.2156514693122111,0.1974564900130329,2,True,2,3,2
0.2921092570834974,0.4627971404563241,2,True,1,3,2
0.2140691394386741,0.2035401333693996,2,True,2,3,2
0.2334874000195925,0.2047630502108303,2,True,2,3,2
0.1998834688511554,0.2048562718498382,2,True,2,3,2
0.2514481269256172,0.2006017266798007,2,True,2,3,2
0.284822644719257,0.4575646316120782,2,True,1,3,2
0.13904859146809,0.158637933718474,2,True,3,3,2
0.2168178969722004,0.224566595250299,2,True,2,3,2
0.1122013494871036,0.1867406657504393,2,True,3,3,2
0.3076467288112042,0.9891195205911698,2,True,0,3,2
0.1371817239764701,0.6748364207659221,2,True,4,3,2
0.2779553057698804,0.4601707182460406,2,True,1,3,2
0.3128447265633244,0.4449513886128374,2,True,1,3,2
0.1429260135524415,0.6731791856262018,2,True,4,3,2
0.2303232526317551,0.2112778410034265,2,True,2,3,2
0.3273825432649218,1.0040382713670144,2,True,0,3,2
0.2193911455062579,0.2014701415431008,2,True,2,3,2
0.1116502381241934,0.1883029956240657,2,True,3,3,2
0.2187845998832944,0.2143016340586099,2,True,2,3,2
0.2191791477349269,0.2055960463561507,2,True,2,3,2
0.2717590577123344,0.4450844257412454,2,True,1,3,2
0.2978133462274497,0.9862352083225068,2,True,0,3,2
0.1281420648855484,0.1950239233185607,2,True,3,3,2
0.2276576524045763,0.464563080663928,2,True,1,3,2
0.3093520077025547,0.9828024065436846,2,True,0,3,2
0.2908633778106567,0.4592734219851366,2,True,1,3,2
0.2706246276511813,0.448845354281765,2,True,1,3,2
0.3051273113912102,0.9829184575542056,2,True,0,3,2
0.2298088078737436,0.191254250101911,2,True,2,3,2
0.3073302280276631,0.4349446804355473,2,True,1,3,2
0.2054629889608976,0.2202089426853337,2,True,2,3,2
0.3026375811403767,0.4585829472577985,2,True,1,3,2
0.1255416289459753,0.1983634238388918,2,True,3,3,2
0.2443239522637801,0.2014031899985506,2,True,2,3,2
0.2049756478688576,0.1885937722762609,2,True,2,3,2
0.2876581779761917,0.4430163994624655,2,True,1,3,2
0.2081789520080104,0.1967720491114455,2,True,2,3,2
0.2227865277704711,0.1975281316313042,2,True,2,3,2
0.1075637483025533,0.1810869600126307,2,True,3,3,2
0.2191529481829196,0.2051292297501593,2,True,2,3,2
0.2202566803861305,0.1937367889357257,2,True,2,3,2
0.1326503100483763,0.1712964580381115,2,True,3,3,2
0.2292679603919158,0.2010674228267413,2,True,2,3,2
0.283977709251217,0.4560654248346711,2,True,1,3,2
0.3091192838958048,0.9516973702900546,2,True,0,3,2
0.2901722306345524,0.4679066681905076,2,True,1,3,2
0.1082711131888936,0.1794945249068552,2,True,3,3,2
0.2812826596526075,0.4514416121972651,2,True,1,3,2
0.2224510263157929,0.1941481164442094,2,True,2,3,2
0.2162858354297616,0.2044427953981101,2,True,2,3,2
0.3089882411160984,0.9826571563017488,2,True,0,3,2
0.1053957725764829,0.6616321866010761,2,True,4,3,2
0.3178546454397585,0.9992127691465972,2,True,0,3,2
0.286346080552456,0.4556881621634172,2,True,1,3,2
0.0810456356807517,0.1990859758863184,2,True,3,3,2
0.1987163101165044,0.1957758143881604,2,True,2,3,2
0.2770197406108928,0.4498013417945783,2,True,1,3,2
0.2733951701743201,0.4348231073205121,2,True,1,3,2
0.1260915309878238,0.6644724471556614,2,True,4,3,2
0.2320424257645042,0.2143491309086706,2,True,2,3,2
0.220881634993597,0.225050566736633,2,True,2,3,2
0.1024327863834374,0.1871214577600843,2,True,3,3,2
0.3028122376474482,0.9756542935639622,2,True,0,3,2
0.3254995113392711,0.9872234297254864,2,True,0,3,2
0.2372464793099565,0.2105569999053989,2,True,2,3,2
0.2171985927496787,0.2198747657728073,2,True,2,3,2
0.333470218632822,0.9706471212730056,2,True,0,3,2
0.2898420981856566,0.973939057697185,2,True,0,3,2
0.2766417811469714,0.4619714957014437,2,True,1,3,2
0.2881103883850706,0.4782544382787767,2,True,1,3,2
0.2330875703028318,0.2119713473861939,2,True,2,3,2
0.1278345357881513,0.7162972198731677,2,True,4,3,2
0.2232746567984949,0.2038445336419854,2,True,2,3,2
0.2152367273775483,0.1858059398757142,2,True,2,3,2
0.2144729107317161,0.2060840918870507,2,True,2,3,2
0.3089466522039946,0.987558948215165,2,True,0,3,2
0.3055082862313013,0.978880285709265,2,True,0,3,2
0.1914355447730986,0.199283160814013,2,True,2,3,2
0.2953723318315874,0.9880821458941652,2,True,0,3,2
0.221605879123032,0.2027565747034159,2,True,2,3,2
0.279184182936251,0.4381158113157369,2,True,1,3,2
0.33932675162023,0.9644707729744152,2,True,0,3,2
0.2317600264233511,0.2001469438590369,2,True,2,3,2
0.2750612971862018,0.4442356789671023,2,True,1,3,2
0.2211998402879483,0.1995298705167595,2,True,2,3,2
0.2214680151231436,0.1939853216982048,2,True,2,3,2
0.11985995946291,0.1934794401584243,2,True,3,3,2
0.268739257252963,0.4614004667760811,2,True,1,3,2
0.1188877150353737,0.1922874165023152,2,True,3,3,2
0.097619955117386,0.2023474746780398,2,True,3,3,2
0.1228408809789315,0.6661354489620183,2,True,4,3,2
0.3091292964471506,0.9686875806514176,2,True,0,3,2
0.2802862969749686,0.9954019613475124,2,True,0,3,2
0.3148786517687919,0.9820856087224624,2,True,0,3,2
0.1025744456420701,0.1837287953177137,2,True,3,3,2
0.3047406877343127,0.9654806575497664,2,True,0,3,2
0.219035247427875,0.2124136530089624,2,True,2,3,2
0.2719748448282389,0.4346454847596544,2,True,1,3,2
0.2226572153384339,0.1772684205265693,2,True,2,3,2
0.209996610550927,0.2206258377505304,2,True,2,3,2
0.2111497784669168,0.1915571127418591,2,True,2,3,2
0.2210838615838055,0.192128338778793,2,True,2,3,2
0.3193606730359598,0.9461120788986184,2,True,0,3,2
0.2342544204083812,0.2048953444468161,2,True,2,3,2
0.229379462450205,0.1756763195928667,2,True,2,3,2
0.3014373542749926,0.4717964578974116,2,True,1,3,2
0.225005661783877,0.2016042201933129,2,True,2,3,2
0.2341812050513448,0.1708555554055042,2,True,2,3,2
0.2288138139279159,0.1964124929530643,2,True,2,3,2
0.1412292029871706,0.1665610322100957,2,True,3,3,2
0.3159821053914522,0.9600236985435636,2,True,0,3,2
0.3128780540648351,0.959068579671561,2,True,0,3,2
0.1213722324211098,0.669063753592072,2,True,4,3,2
0.274983070812658,0.4629512746358676,2,True,1,3,2
0.2194871460513039,0.1964609601218022,2,True,2,3,2
0.1335938200916025,0.1842761380663751,2,True,3,3,2
0.2220275768112391,0.1934536275890331,2,True,2,3,2
0.2127971175827887,0.2016224385325625,2,True,2,3,2
0.1335397994710014,0.1830524713209502,2,True,3,3,2
0.2161782377220318,0.196290745440946,2,True,2,3,2
0.2187875229777132,0.1947622772471921,2,True,2,3,2
0.1002901152216806,0.2171779208793131,2,True,3,3,2
0.0955093529280458,0.173212071531245,2,True,3,3,2
0.2379116737005278,0.2101217334121125,2,True,2,3,2
0.2083309392890535,0.1906715499750698,2,True,2,3,2
0.2029401943693303,0.2008059635006331,2,True,2,3,2
0.2012394170306234,0.2062410774274675,2,True,2,3,2
0.2220027615328584,0.1851259640913491,2,True,2,3,2
0.2906835117335397,0.4356784878259347,2,True,1,3,2
0.1258458155325812,0.6811338321814887,2,True,4,3,2
0.105297594319047,0.1843640699341396,2,True,3,3,2
0.1270818776350609,0.6819328697182729,2,True,4,3,2
0.3080021536723692,0.988187497318168,2,True,0,3,2
0.2997894727962185,0.458491824413451,2,True,1,3,2
0.1342728150637244,0.2051012277546409,2,True,3,3,2
0.1524105090936593,0.181757748533856,2,True,3,3,2
0.1264069939786654,0.6655274636795712,2,True,4,3,2
0.3023753474051884,1.0070015691653569,2,True,0,3,2
0.2976781243515016,0.972197012832726,2,True,0,3,2
0.2743460783062618,0.4714847147431932,2,True,1,3,2
0.2994405572795748,0.97653389997418,2,True,0,3,2
0.1078434846719971,0.2129187086185096,2,True,3,3,2
0.2809134249202358,0.4435191942863506,2,True,1,3,2
0.2851059849633665,0.9691190674911482,2,True,0,3,2
0.2397450953847572,0.2009544373382569,2,True,2,3,2
0.2182098775153713,0.1955416288712525,2,True,2,3,2
0.217472937510788,0.1904643666617257,2,True,2,3,2
0.2048987630376161,0.1760794580454586,2,True,2,3,2
0.3347688419839159,0.3927929816278978,2,True,1,3,2
0.3109945488484151,0.4193303522359784,2,True,1,3,2
0.2162700329482333,0.1983393352103833,2,True,2,3,2
0.2926244356334759,0.4235641748587499,2,True,1,3,2
0.2165003754822946,0.1895440791476477,2,True,2,3,2
0.3045000872566033,0.977985665895034,2,True,0,3,2
0.2691424910287145,0.4355985798181712,2,True,1,3,2
0.2086388289969971,0.1880729178059181,2,True,2,3,2
0.2942663368464682,0.4282889571162129,2,True,1,3,2
0.2318563233631491,0.1894790759134609,2,True,2,3,2
0.2930679233789344,0.4521166965041789,2,True,1,3,2
0.2996254854193394,0.969314907745506,2,True,0,3,2
0.2027566192456829,0.1845010973878898,2,True,2,3,2
0.2199697621436219,0.1848436188657238,2,True,2,3,2
0.2914923993470235,0.9596187023472528,2,True,0,3,2
0.214083033260816,0.1993144805777473,2,True,2,3,2
0.2456846824968998,0.4147339176079383,2,True,1,3,2
0.3015159325613664,0.9432481708238132,2,True,0,3,2
0.2810173713381412,0.9799023076001294,2,True,0,3,2
0.2752681602256357,0.4380220757069411,2,True,1,3,2
0.1259509934729591,0.1937810468077995,2,True,3,3,2
0.1867403699108616,0.215149954771414,2,True,2,3,2
0.109554075209844,0.6664837544103873,2,True,4,3,2
0.1042741678692888,0.6594998342062308,2,True,4,3,2
0.2655259950027082,0.4231806808897836,2,True,1,3,2
0.284536790260958,0.9675311467607738,2,True,0,3,2
0.2108121533559537,0.1848663729850348,2,True,2,3,2
0.20995290547172,0.2026513207196719,2,True,2,3,2
0.220044787412131,0.1970242624368918,2,True,2,3,2
0.2762700723576157,0.4601207499238749,2,True,1,3,2
0.1217414048151955,0.195615507008233,2,True,3,3,2
0.2894960655544099,0.976099049181696,2,True,0,3,2
0.224110715103503,0.1933212737191554,2,True,2,3,2
0.282665774724527,0.4403232728017964,2,True,1,3,2
0.2255532327601398,0.2069337021669385,2,True,2,3,2
0.2414417468256895,0.4053518259391337,2,True,1,3,2
0.2143042943570984,0.1894618097577658,2,True,2,3,2
0.2864571225228053,0.4368087489705248,2,True,1,3,2
0.287093116326882,0.4445746972657729,2,True,1,3,2
0.2512317630069774,0.4411038446861733,2,True,1,3,2
0.1221100217061597,0.1812411520026575,2,True,3,3,2
0.1222848777474235,0.1860859323661586,2,True,3,3,2
0.2689444728496601,0.4280424354669356,2,True,1,3,2
0.2242086985478318,0.1982195300111167,2,True,2,3,2
0.2331144183508209,0.1888192740947383,2,True,2,3,2
0.213406738706108,0.187417739686334,2,True,2,3,2
0.313136378076813,0.9704420253652624,2,True,0,3,2
0.2886525021293525,0.4459658995745922,2,True,1,3,2
0.2007334948764641,0.2003461258728313,2,True,2,3,2
0.2786550460538862,0.969223731452758,2,True,0,3,2
0.2166233463990755,0.1840972579460563,2,True,2,3,2
0.3005042789358668,0.9835029281880804,2,True,0,3,2
0.2921437176498825,0.963436699335299,2,True,0,3,2
0.3299585730520056,0.953067542199868,2,True,0,3,2
0.0920318757059217,0.2100164794712273,2,True,3,3,2
0.3097570159886614,0.4294318031673761,2,True,1,3,2
0.3091596192038301,0.3945425244855383,2,True,1,3,2
0.2524449402212027,0.4405899824883141,2,True,1,3,2
0.1016613173218572,0.6976341007821544,2,True,4,3,2
0.323987036380267,0.9911079843563362,2,True,0,3,2
0.3206031320859308,0.4617747606887226,2,True,1,3,2
0.2730436095286787,0.4303328447649474,2,True,1,3,2
0.2120865776488202,0.190688000113298,2,True,2,3,2
0.2858978746750777,0.9736501844136648,2,True,0,3,2
0.2038387147606386,0.1782446554856916,2,True,2,3,2
0.2764313135755128,0.4219586366697859,2,True,1,3,2
0.3147345588632339,0.9390912677944016,2,True,0,3,2
0.1316679171808709,0.1872375686931446,2,True,3,3,2
0.3087334850485929,0.4486214088349066,2,True,1,3,2
0.2181107644878694,0.1770466331831175,2,True,2,3,2
0.2164957134049097,0.1889991698363436,2,True,2,3,2
0.2173119168792283,0.177486574050568,2,True,2,3,2
0.215502258110396,0.1798206542602728,2,True,2,3,2
0.2107126468873462,0.1899935539761793,2,True,2,3,2
0.2072165038442929,0.1761060498770003,2,True,2,3,2
0.1990782729971506,0.1772711842711354,2,True,2,3,2
0.2911707186491081,0.9650901985123114,2,True,0,3,2
0.1585967457571414,0.192179272426706,2,True,3,3,2
0.281890789633174,0.4288430890564876,2,True,1,3,2
0.1407486336919912,0.2058915117304794,2,True,3,3,2
0.2512802256326245,0.4123152498273799,2,True,1,3,2
0.2572475513047529,0.4362813258533972,2,True,1,3,2
0.2975557184387181,0.9650992232096148,2,True,0,3,2
0.2745068909041356,0.9574504064310024,2,True,0,3,2
0.1385946667281442,0.1838977396276999,2,True,3,3,2
0.2873170781727345,0.4330158784096348,2,True,1,3,2
0.214460451190933,0.1816287923846397,2,True,2,3,2
0.2466778709023301,0.4124541509465736,2,True,1,3,2
0.2147376042359065,0.1852567749390594,2,True,2,3,2
0.2116967075164073,0.1823391308484256,2,True,2,3,2
0.3111408590392935,0.443482371652224,2,True,1,3,2
0.2162789477617575,0.1756912866941807,2,True,2,3,2
0.2845202535445466,0.4333619753742666,2,True,1,3,2
0.2126062605927899,0.1903425111192905,2,True,2,3,2
0.2220193879988053,0.1707298713921681,2,True,2,3,2
0.2721103632785814,0.4221146674889427,2,True,1,3,2
0.1255444493453207,0.1920580544946784,2,True,3,3,2
0.2885956103585147,0.4464590656900778,2,True,1,3,2
0.2149242688393309,0.1799572176942928,2,True,2,3,2
0.1056284416619255,0.6819386832074066,2,True,4,3,2
0.1096998334915073,0.6779620120810985,2,True,4,3,2
0.2843697205674274,0.4326411215109411,2,True,1,3,2
0.2855675563345216,0.4341001755501125,2,True,1,3,2
0.2283994081477185,0.189646782012696,2,True,2,3,2
0.2734883960977736,0.4435536164272151,2,True,1,3,2
0.2955885727492477,0.9549323755463872,2,True,0,3,2
0.2080174979755752,0.1293465191253364,2,True,2,3,2
0.1278143291481666,0.2084526059343745,2,True,3,3,2
0.3101742081084274,0.9557962891581208,2,True,0,3,2
0.2216002108693384,0.1532909241961294,2,True,2,3,2
0.2039462833980406,0.188592296743027,2,True,2,3,2
0.2491312119315144,0.4601394772756982,2,True,1,3,2
0.2360917183000389,0.1883924933398449,2,True,2,3,2
0.2950402079075892,0.4763072656825849,2,True,1,3,2
0.2850164050747071,0.4273331349309445,2,True,1,3,2
0.1129680336627478,0.6738611563347459,2,True,4,3,2
0.3090730177879784,0.960438984997262,2,True,0,3,2
0.1230648021440829,0.202853608614684,2,True,3,3,2
0.1998003397196581,0.1725169124387021,2,True,2,3,2
0.2164766961626715,0.1825453130647409,2,True,2,3,2
0.2204830007340889,0.1938842193102914,2,True,2,3,2
0.2133526452942045,0.1796027078114571,2,True,2,3,2
0.2057774950096587,0.1767891081813274,2,True,2,3,2
0.1472107231657329,0.1882759708282571,2,True,3,3,2
0.225758351561719,0.1697325505798247,2,True,2,3,2
0.2104973437799299,0.1948399302345028,2,True,2,3,2
0.121870381794537,0.2095850791539879,2,True,3,3,2
0.2858122093987303,0.4304529737290793,2,True,1,3,2
0.2890160660939194,0.956751059153614,2,True,0,3,2
0.2197788862589525,0.1835312941098598,2,True,2,3,2
0.2946955936151657,0.9521900509950694,2,True,0,3,2
0.2186097387478555,0.1891407900734959,2,True,2,3,2
0.1038831546665746,0.6740663020151039,2,True,4,3,2
0.0850678590244747,0.6844765038152678,2,True,4,3,2
0.2010309552656887,0.1940142423564309,2,True,2,3,2
0.2953255991854249,0.4161600594033668,2,True,1,3,2
0.2454566383523249,0.1798821917229039,2,True,2,3,2
0.1996851681167816,0.1753698254459199,2,True,2,3,2
0.2216264765360666,0.1800090527454113,2,True,2,3,2
0.1192732889054531,0.2169236657941592,2,True,3,3,2
0.2225621782664481,0.1684483465523863,2,True,2,3,2
0.2861952719910984,0.4364530678654909,2,True,1,3,2
0.2997443805719804,0.4165810624838859,2,True,1,3,2
0.2963083801298066,0.9601823614291816,2,True,0,3,2
0.1021751936457291,0.6838941626922797,2,True,4,3,2
0.2115263932872038,0.1774382793150878,2,True,2,3,2
0.2163248784712995,0.1783733544065685,2,True,2,3,2
0.2178187078712976,0.1812545724942309,2,True,2,3,2
0.2959672306240907,0.9598662586482708,2,True,0,3,2
0.3176752232292468,0.9646572607162914,2,True,0,3,2
0.1311347322892591,0.1995160353199042,2,True,3,3,2
0.1389735764275154,0.2135121572116352,2,True,3,3,2
0.3231064082433126,0.9268029387990244,2,True,0,3,2
0.3051225604343809,0.9502449891180146,2,True,0,3,2
0.1096513517212653,0.6929613785437322,2,True,4,3,2
0.2778873905555805,0.4605487642639647,2,True,1,3,2
0.3091569432486856,0.9521973650584328,2,True,0,3,2
0.2913847156621145,0.9724155970353036,2,True,0,3,2
0.152283327509216,0.2108810692242281,2,True,3,3,2
0.0786980753659419,0.704037028016075,2,True,4,3,2
0.2797912730540748,0.4156212626337581,2,True,1,3,2
0.1401718207838944,0.2070581350565243,2,True,3,3,2
0.2818573570097323,0.4057944018533554,2,True,1,3,2
0.2958597394554355,0.957441178314376,2,True,0,3,2
0.224958769982874,0.1950221825841872,2,True,2,3,2
0.2904582618040021,0.4297955688129464,2,True,1,3,2
0.2167148390211467,0.1975071115541303,2,True,2,3,2
0.3209694939120388,0.949079053240306,2,True,0,3,2
0.2881211221749044,0.9669494961542466,2,True,0,3,2
0.2995739346374904,0.4528839692014744,2,True,1,3,2
0.1376362954162749,0.2043052890473625,2,True,3,3,2
0.1976179028628811,0.1671191331398981,2,True,2,3,2
0.1973973034284408,0.1860007892844101,2,True,2,3,2
0.1232956629755143,0.2016909647403196,2,True,3,3,2
0.1083311654841459,0.6962723924656864,2,True,4,3,2
0.1848253700411837,0.15406207100728,2,True,2,3,2
0.2192450693222046,0.1751469153746552,2,True,2,3,2
0.2739139690704951,0.4115223109146372,2,True,1,3,2
0.2850884548909428,0.9606742442260912,2,True,0,3,2
0.2735565101506299,0.446555145736044,2,True,1,3,2
0.2892953204615017,0.9498590589448797,2,True,0,3,2
0.1002300180379556,0.6789713554001459,2,True,4,3,2
0.1607942887587263,0.1872078383375084,2,True,3,3,2
0.2729726561690979,0.9501764026382732,2,True,0,3,2
0.2809716205937016,0.9700944490466082,2,True,0,3,2
0.2732691330502105,0.9905113409230324,2,True,0,3,2
0.2923051060112741,0.9522387222618578,2,True,0,3,2
0.0939599013780336,0.6810023887798665,2,True,4,3,2
0.2005294463096562,0.18811549847363,2,True,2,3,2
0.3041654521075869,0.942980078725274,2,True,0,3,2
0.2180618502425185,0.1797877682932326,2,True,2,3,2
0.2957382266219782,0.9565240343883992,2,True,0,3,2
0.3231676257716633,0.9377586236175608,2,True,0,3,2
0.1966779779872285,0.1570160840797,2,True,2,3,2
0.3325819720787837,0.4770069572521879,2,True,1,3,2
0.1066198295000727,0.6759064641138524,2,True,4,3,2
0.2194802425121953,0.1666795250385186,2,True,2,3,2
0.2055476572500718,0.1720704308742577,2,True,2,3,2
0.1435057770874699,0.2024976130650378,2,True,3,3,2
0.2148238452521799,0.1690777859948744,2,True,2,3,2
0.2148390302321157,0.1760825882184248,2,True,2,3,2
0.2874615619900469,0.921394263409499,2,True,0,3,2
0.1972415710385764,0.1890677454570008,2,True,2,3,2
0.2981201103076018,0.9917831370976952,2,True,0,3,2
0.272470015396144,0.4208798672378417,2,True,1,3,2
0.135826774929847,0.2132616550781149,2,True,3,3,2
0.3046962739409588,0.9667058384278788,2,True,0,3,2
0.20057916913125,0.1686631284574854,2,True,2,3,2
0.1469889329866148,0.2243712836869589,2,True,3,3,2
0.1933654399005437,0.1556723956831553,2,True,2,3,2
0.1815061109965896,0.1951116400954522,2,True,2,3,2
0.2197021984662096,0.1635748445590466,2,True,2,3,2
0.2899942640170941,0.4275702792627076,2,True,1,3,2
0.3063229563245452,0.4480488668613737,2,True,1,3,2
0.2997754357185854,0.3962139920875807,2,True,1,3,2
0.2081774315587509,0.1704078772368547,2,True,2,3,2
0.2068251611298897,0.1796673043893666,2,True,2,3,2
0.2105760749682989,0.1673837919553725,2,True,2,3,2
0.1337893140942544,0.2198205053028666,2,True,3,3,2
0.0724401270278416,0.6843213695946195,2,True,4,3,2
0.2115330642743639,0.1770184327572387,2,True,2,3,2
0.1463713542845564,0.2022244629336062,2,True,3,3,2
0.1304739163522733,0.215558721188021,2,True,3,3,2
0.2104474564644589,0.1589530700062056,2,True,2,3,2
0.3243247132029344,0.450270517314142,2,True,1,3,2
0.1471202951329005,0.2028748902231016,2,True,3,3,2
0.0963578713039597,0.6823335430154631,2,True,4,3,2
0.1007255046665147,0.6842602839164769,2,True,4,3,2
0.212161054827673,0.1544766340226934,2,True,2,3,2
0.1417665270750194,0.207925658507875,2,True,3,3,2
0.2156645281407487,0.1725461383274249,2,True,2,3,2
0.219305891211777,0.1758710706260344,2,True,2,3,2
0.1531636012731959,0.235368412420548,2,True,3,3,2
0.2916943424839416,0.9525575985200724,2,True,0,3,2
0.2660226160458601,0.959583841023282,2,True,0,3,2
0.0949595426944029,0.6824753598093494,2,True,4,3,2
0.290263926579533,0.9601289858276376,2,True,0,3,2
0.0616040098798688,0.6874021377898799,2,True,4,3,2
0.2077731264050762,0.1697357354631195,2,True,2,3,2
0.2103282512434864,0.179726917622995,2,True,2,3,2
0.283056878099673,0.4154531100990483,2,True,1,3,2
0.2156609462823119,0.1664522985739076,2,True,2,3,2
0.2121777288443761,0.1767469346282923,2,True,2,3,2
0.1489615497772411,0.1879479980323135,2,True,3,3,2
0.2080266864687295,0.1680517191652616,2,True,2,3,2
0.3047433509724865,0.9618818638278176,2,True,0,3,2
0.1536662069904808,0.2359287230555829,2,True,3,3,2
0.2174527722697141,0.1695795889999797,2,True,2,3,2
0.1032894251718843,0.670552106491775,2,True,4,3,2
0.0977448453624813,0.6719841521670298,2,True,4,3,2
0.2045763856639729,0.1622009056422565,2,True,2,3,2
0.0806112895177424,0.6718203326287103,2,True,4,3,2
0.0764521082364671,0.7060248551785374,2,True,4,3,2
0.1433763020763424,0.2104015614130391,2,True,3,3,2
0.2950166726855842,0.9761433242741802,2,True,0,3,2
0.2996568634505365,0.9645061729358378,2,True,0,3,2
0.2747128114028855,0.4475668820654299,2,True,1,3,2
0.3064655429746558,0.9541384348886072,2,True,0,3,2
0.1640156032729239,0.2252731870247787,2,True,3,3,2
0.1386635031943081,0.2191580752101709,2,True,3,3,2
0.2733238977835815,0.4065652960573607,2,True,1,3,2
0.2912989486419862,0.9493012616479612,2,True,0,3,2
0.2548146523996563,0.954770242888312,2,True,0,3,2
0.30189548326135,0.9402265169923965,2,True,0,3,2
0.2639735416073171,0.9755371436787316,2,True,0,3,2
0.2333585996612017,0.4132351011434759,2,True,1,3,2
0.0878166895937041,0.6896705268720267,2,True,4,3,2
0.2860952042953875,0.4192930248100779,2,True,1,3,2
0.2069577992811627,0.1652438924239717,2,True,2,3,2
0.2299212285056862,0.1533080281784194,2,True,2,3,2
0.1536928767187174,0.2149296347913679,2,True,3,3,2
0.2095448716632791,0.1661239672801103,2,True,2,3,2
0.2994381076259741,0.945556767043479,2,True,0,3,2
0.3144190319284071,0.3920677817896312,2,True,1,3,2
0.1438301044636865,0.2122370394350189,2,True,3,3,2
0.0954630413664032,0.6881894614759707,2,True,4,3,2
0.2082447316920401,0.1571315244929976,2,True,2,3,2
0.2846986779960986,0.9570103105443252,2,True,0,3,2
0.205955962642876,0.1544456883286201,2,True,2,3,2
0.0817280065067472,0.6772796237749379,2,True,4,3,2
0.2831578538822409,0.4644828885076999,2,True,1,3,2
0.0928106002583793,0.6884166944710017,2,True,4,3,2
0.1399145113946485,0.2367780394588551,2,True,3,3,2
0.2187119248195357,0.1654362898467543,2,True,2,3,2
0.1591004143462352,0.1992554722841956,2,True,3,3,2
0.1461887719802183,0.1593079942865856,2,True,3,3,2
0.2050800943559459,0.1650557305457964,2,True,2,3,2
0.2055788925099565,0.1776948961821247,2,True,2,3,2
0.2780917130298587,0.4306054399172955,2,True,1,3,2
0.2561297305798432,0.3782090790306855,2,True,1,3,2
0.287793280264867,0.4271469331596043,2,True,1,3,2
0.306405639990974,0.9412834658285734,2,True,0,3,2
0.3049624226997375,0.4327691880164413,2,True,1,3,2
0.1037376885311379,0.6908904386373342,2,True,4,3,2
0.1871502272992937,0.179084947508528,2,True,2,3,2
0.1831185047737079,0.1843258399299561,2,True,2,3,2
0.2347148613831339,0.1555143163556057,2,True,2,3,2
0.3091805947539441,0.4098846376753787,2,True,1,3,2
0.2133916374078074,0.1586573699639878,2,True,2,3,2
0.1917378886343048,0.1590779090487098,2,True,2,3,2
0.2049668759265855,0.1607695625106529,2,True,2,3,2
0.200768031411523,0.1587160162200088,2,True,2,3,2
0.2070996839239449,0.1622332891312536,2,True,2,3,2
0.2904091158911848,0.9361353042400894,2,True,0,3,2
0.3041097990280849,0.4210226477250209,2,True,1,3,2
0.281782456031146,0.4118571557357985,2,True,1,3,2
0.2011888782324746,0.1694869402180143,2,True,2,3,2
0.1613063031872176,0.1812017756456733,2,True,3,3,2
0.2177089242862606,0.1380356744797192,2,True,2,3,2
0.2107879695717452,0.1589690059639639,2,True,2,3,2
0.2754290931820177,0.9595846200507508,2,True,0,3,2
0.2924920671588005,0.9430114101228464,2,True,0,3,2
0.2783927377155227,0.9357695612632656,2,True,0,3,2
0.2807569281486797,0.4046388790746422,2,True,1,3,2
0.2903957531555234,0.9479056887645602,2,True,0,3,2
0.1424204145801434,0.1898988793701336,2,True,3,3,2
0.2161355616278069,0.1574237967325123,2,True,2,3,2
0.2889197592554829,0.9420600689382116,2,True,0,3,2
0.2731181706932266,0.3909995565264931,2,True,1,3,2
0.1457941521307461,0.203327148151396,2,True,3,3,2
0.1961144880533206,0.1616129088376728,2,True,2,3,2
0.1618513097322085,0.2205886396721843,2,True,3,3,2
0.2671093942444066,0.9340985675408662,2,True,0,3,2
0.0845102879232909,0.6779740628847551,2,True,4,3,2
0.2694961005345178,0.9294648467242383,2,True,0,3,2
0.2676014191929529,0.4047045879145218,2,True,1,3,2
0.3074204276740532,0.4172175804053152,2,True,1,3,2
0.1688585441093162,0.2219232119607067,2,True,3,3,2
0.2033357983703258,0.15770000464759,2,True,2,3,2
0.2128510147036307,0.1663774518524969,2,True,2,3,2
0.2147234179366303,0.1812467619774108,2,True,2,3,2
0.2868728034355341,0.4258287941411063,2,True,1,3,2
0.2841594437565101,0.3693390255470523,2,True,1,3,2
0.3013741127665548,0.416675411600731,2,True,1,3,2
0.2077328003894354,0.1489643562745712,2,True,2,3,2
0.2195509409485524,0.1702113416532467,2,True,2,3,2
0.301954293250587,0.4010112865894968,2,True,1,3,2
0.0946681080831428,0.6901815625232537,2,True,4,3,2
0.1567154880248007,0.2120403467639383,2,True,3,3,2
0.1381175001511471,0.2019722951186447,2,True,3,4,2
0.0698291430970504,0.6990176516371732,2,True,4,4,2
0.2498338217370968,0.4095458483333314,2,True,1,4,2
0.1858130200665645,0.1624345122457912,2,True,2,4,2
0.1927997263156595,0.1607145957549714,2,True,2,4,2
0.3082914106883887,0.9268114784160468,2,True,0,4,2
0.0897110371657279,0.6874712171534749,2,True,4,4,2
0.281067293506726,0.9343004829452886,2,True,0,4,2
0.1405202104235229,0.2181540486485228,2,True,3,4,2
0.2862635036177941,0.9396215603552917,2,True,0,4,2
0.2706895060191369,0.9193863470280392,2,True,0,4,2
0.2014514986084365,0.1602383580035434,2,True,2,4,2
0.2026213721587751,0.1504464558093398,2,True,2,4,2
0.136550299007384,0.2237103162600426,2,True,3,4,2
0.2820224017798782,0.4120495524131137,2,True,1,4,2
0.3013827032837535,0.9295047144628982,2,True,0,4,2
0.2986428738365986,0.9374942319291686,2,True,0,4,2
0.2077311322518061,0.1583998008839308,2,True,2,4,2
0.2877807020539785,0.921611316857512,2,True,0,4,2
0.2054397571547987,0.1604208547287668,2,True,2,4,2
0.2961414367282156,0.9300169028460308,2,True,0,4,2
0.1805255890445893,0.1583767520605745,2,True,2,4,2
0.1970585027477019,0.1784198064128054,2,True,2,4,2
0.2694492961196323,0.9399973418136964,2,True,0,4,2
0.2812548940269704,0.9396733803867908,2,True,0,4,2
0.1618857156287904,0.2085706248739746,2,True,3,4,2
0.2854398114890988,0.9430625171593052,2,True,0,4,2
0.3083079520276212,0.4265949508575844,2,True,1,4,2
0.1422533489439827,0.2229447679371588,2,True,3,4,2
0.2072174806168482,0.1543025655404247,2,True,2,4,2
0.1539608164465616,0.2220819959157054,2,True,3,4,2
0.2814455970711488,0.9243946697411844,2,True,0,4,2
0.2163147404943278,0.1565858273186905,2,True,2,4,2
0.1988443383088738,0.1410868911552574,2,True,2,4,2
0.1898688518870898,0.1469250793291049,2,True,2,4,2
0.2304764269304815,0.1676389792306726,2,True,2,4,2
0.2874149831882568,0.9156273664910248,2,True,0,4,2
0.2220946293157618,0.444810449831431,2,True,1,4,2
0.2848627258565243,0.4042594366698122,2,True,1,4,2
0.0752063891161207,0.7089469872512439,2,True,4,4,2
0.2735654260022812,0.3915869802117163,2,True,1,4,2
0.3073052532052019,0.9328414746978042,2,True,0,4,2
0.2250513426104696,0.1346718086721427,2,True,2,4,2
0.2819546747231207,0.947976580906862,2,True,0,4,2
0.2248189921595079,0.1582259896527982,2,True,2,4,2
0.1721317076481255,0.1851182404806202,2,True,2,4,2
0.271246291670231,0.4072447952858121,2,True,1,4,2
0.2104269944655316,0.1474027349118649,2,True,2,4,2
0.2773079687278433,0.9456651398394316,2,True,0,4,2
0.2964763375680124,0.3969049898154841,2,True,1,4,2
0.1574298857588736,0.235064798254952,2,True,3,4,2
0.2882912572521581,0.9356926688062592,2,True,0,4,2
0.2927956385192609,0.3966721193837352,2,True,1,4,2
0.2776267996794458,0.4113609954019059,2,True,1,4,2
0.2719342855292634,0.926654100298072,2,True,0,4,2
0.2034294286034319,0.1451712551031647,2,True,2,4,2
0.2899772242620856,0.3953102932046975,2,True,1,4,2
0.2878076122978621,0.3965586726558011,2,True,1,4,2
0.2618576698527037,0.926339427446188,2,True,0,4,2
0.1996061710292617,0.1667366786927868,2,True,2,4,2
0.2654715977795991,0.955561782339944,2,True,0,4,2
0.1758839583722708,0.2284737726502377,2,True,3,4,2
0.1997464120289404,0.1611747159267661,2,True,2,4,2
0.2113556415511647,0.1410027098805351,2,True,2,4,2
0.2028752225746709,0.1509912675479858,2,True,2,4,2
0.1325904252015393,0.207464240849629,2,True,3,4,2
0.2843588577061375,0.4027594440510625,2,True,1,4,2
0.2024816741855177,0.1527385181974368,2,True,2,4,2
0.2538638863786001,0.4254855048351378,2,True,1,4,2
0.29287377225933,0.9449595174145068,2,True,0,4,2
0.320436433960368,0.9313850161713452,2,True,0,4,2
0.2840131730836384,0.4014086747774976,2,True,1,4,2
0.2807128235389345,0.4014193133736078,2,True,1,4,2
0.2055223401574962,0.1562604521415868,2,True,2,4,2
0.224502841467667,0.1604684245753009,2,True,2,4,2
0.3224199458492804,0.4011244569837342,2,True,1,4,2
0.2084005586404667,0.1573709955009146,2,True,2,4,2
0.294154457259523,0.9436942087286287,2,True,0,4,2
0.2069580462845743,0.1491366784048327,2,True,2,4,2
0.1894285695558764,0.1612975481484359,2,True,2,4,2
0.2854058068942502,0.4034233256759151,2,True,1,4,2
0.0927398681668812,0.7036092337528456,2,True,4,4,2
0.181217909489115,0.1596858324279383,2,True,2,4,2
0.2059413062238911,0.142525837182851,2,True,2,4,2
0.1572305421045197,0.2072662896088542,2,True,3,4,2
0.1995746363254416,0.148538332807717,2,True,2,4,2
0.2864583965348705,0.9263470137719054,2,True,0,4,2
0.1629543388813835,0.2153082549212003,2,True,3,4,2
0.3105231046171034,0.3907651208304304,2,True,1,4,2
0.2086123690095442,0.1463192109530101,2,True,2,4,2
0.2861634065245607,0.9151009600656352,2,True,0,4,2
0.2576950278601109,0.4088782524986109,2,True,1,4,2
0.1749431081680826,0.2250726168376735,2,True,3,4,2
0.3084532660737618,0.3934351815897425,2,True,1,4,2
0.1886587827750655,0.1577679117123073,2,True,2,4,2
0.2958605692589005,0.3895741413019916,2,True,1,4,2
0.2815559847210329,0.4018227680191782,2,True,1,4,2
0.1603896772604829,0.2185078763423598,2,True,3,4,2
0.2020709714461618,0.1502528165266526,2,True,2,4,2
0.2738630699572619,0.4012956213123518,2,True,1,4,2
0.3222399184938507,0.929383500090821,2,True,0,4,2
0.1622631364861232,0.2081842969106893,2,True,3,4,2
0.2878874458987124,0.9346639305020694,2,True,0,4,2
0.3016324015925325,0.3794783809666003,2,True,1,4,2
0.286018055771193,0.3972729684735203,2,True,1,4,2
0.2039086970442636,0.1499280167436766,2,True,2,4,2
0.1546060683443878,0.2084243206072819,2,True,3,4,2
0.26739742845866,0.4168401568387377,2,True,1,4,2
0.24779152084032,0.3960376659772964,2,True,1,4,2
0.0816919785107895,0.6953003721212109,2,True,4,4,2
0.2856354440962638,0.3952731757071629,2,True,1,4,2
0.2973469065237706,0.3820723961000301,2,True,1,4,2
0.1529261663278592,0.2047215113766426,2,True,3,4,2
0.266505584071913,0.3867111639228904,2,True,1,4,2
0.192939310514911,0.1533550180946569,2,True,2,4,2
0.1978929230063677,0.1442565257411064,2,True,2,4,2
0.2834475871994709,0.396162315300577,2,True,1,4,2
0.0918917259951615,0.6977504763901836,2,True,4,4,2
0.2649154882005495,0.936112979697456,2,True,0,4,2
0.1971896922887196,0.1475511264061038,2,True,2,4,2
0.1690682803810674,0.2272083488997235,2,True,3,4,2
0.2109788073829854,0.1307649612575764,2,True,2,4,2
0.0781615995736723,0.7017543835210087,2,True,4,4,2
0.3090253562868316,0.9334409755064078,2,True,0,4,2
0.1854245292650452,0.2317269105492239,2,True,3,4,2
0.2065034393883697,0.1411696075105728,2,True,2,4,2
0.2748778195692395,0.913806942902017,2,True,0,4,2
0.2620379194202681,0.9489328402594588,2,True,0,4,2
0.2813573413796946,0.9457906244725496,2,True,0,4,2
0.1911673383836988,0.1537027869681518,2,True,2,4,2
0.2943347425369519,0.9157034947685642,2,True,0,4,2
0.3059873778545934,0.9383135010003192,2,True,0,4,2
0.2994924023689744,0.9435683825940236,2,True,0,4,2
0.305919234703961,0.9408065878758995,2,True,0,4,2
0.2064560463660719,0.140395044521332,2,True,2,4,2
0.1631035083303454,0.2214122191980889,2,True,3,4,2
0.2065320366561476,0.1330419513669212,2,True,2,4,2
0.0838410221308291,0.6671696691818902,2,True,4,4,2
0.2860175940837629,0.9274488418746928,2,True,0,4,2
0.2662076553648722,0.3734075863812263,2,True,1,4,2
0.2105855036259013,0.139178768274392,2,True,2,4,2
0.2033094427712108,0.1456243476114354,2,True,2,4,2
0.1809124057195076,0.1391678508217413,2,True,2,4,2
0.2079547655065881,0.1500978185286661,2,True,2,4,2
0.272568077570093,0.410267146325769,2,True,1,4,2
0.0678469223670928,0.6956006702739556,2,True,4,4,2
0.2796278020543983,0.3902125568437365,2,True,1,4,2
0.2991861049798454,0.4349628862191236,2,True,1,4,2
0.1997624089362889,0.1388652291924532,2,True,2,4,2
0.1891644729792359,0.149249149090921,2,True,2,4,2
0.1979329773113787,0.151095987160527,2,True,2,4,2
0.268289884318974,0.3912665306054088,2,True,1,4,2
0.081469848844649,0.6808415509783624,2,True,4,4,2
0.2059824333897044,0.1556162179237702,2,True,2,4,2
0.1737194156641948,0.2239509971312859,2,True,3,4,2
0.2020538228712861,0.1477630571917436,2,True,2,4,2
0.1344842843679394,0.1957312268674125,2,True,3,4,2
0.2776744722368842,0.9257672322113224,2,True,0,4,2
0.1766855557256611,0.1267462265782208,2,True,2,4,2
0.2758201927040573,0.38882305337919,2,True,1,4,2
0.2867828162826523,0.3981147866644389,2,True,1,4,2
0.1988852362762866,0.1390091403406682,2,True,2,4,2
0.2938420862495455,0.9302455425423442,2,True,0,4,2
0.0593096040494551,0.6863135350805639,2,True,4,4,2
0.2844599776767566,0.926043264667347,2,True,0,4,2
0.1630066705953677,0.2216573743388847,2,True,3,4,2
0.1975391361940365,0.1347180066248864,2,True,2,4,2
0.1439838254141283,0.2225754393961226,2,True,3,4,2
0.1942991393249761,0.150937000488176,2,True,2,4,2
0.2696979257460865,0.4058692168977165,2,True,1,4,2
0.2888325636265614,0.9146561840202976,2,True,0,4,2
0.1596943686426354,0.2163479806130162,2,True,3,4,2
0.2862473119349524,0.3960476442277802,2,True,1,4,2
0.2822072161227794,0.9253873205039476,2,True,0,4,2
0.2936133570777838,0.3721499419011464,2,True,1,4,2
0.2918490906706589,0.3956704658211189,2,True,1,4,2
0.242740392662023,0.8850387277349957,2,True,0,4,2
0.0716832873683656,0.6963878252648336,2,True,4,4,2
0.1971345557069761,0.1490190784013763,2,True,2,4,2
0.215521746265202,0.1184133203139841,2,True,2,4,2
0.2719814729623534,0.3850089116773344,2,True,1,4,2
0.1981418010241228,0.1383227937000408,2,True,2,4,2
0.2978391786436392,0.398900977593149,2,True,1,4,2
0.0708346976810838,0.7064211301718187,2,True,4,4,2
0.3022839559940742,0.3956498365110001,2,True,1,4,2
0.2791081132762932,0.9247331604560232,2,True,0,4,2
0.2738576475407266,0.9249205315559156,2,True,0,4,2
0.3009593245741686,0.8853220976253443,2,True,0,4,2
0.0662910136917551,0.7081534436039257,2,True,4,4,2
0.2777191174347461,0.938984256017131,2,True,0,4,2
0.1990986051188008,0.1388622839288062,2,True,2,4,2
0.2704800893247072,0.3707685088802783,2,True,1,4,2
0.0627520259394168,0.692894354615108,2,True,4,4,2
0.1999360182207545,0.158877776358206,2,True,2,4,2
0.272780354521862,0.9184026686998856,2,True,0,4,2
0.2026468454690107,0.1426052610335544,2,True,2,4,2
0.2827787683886415,0.388702589548322,2,True,1,4,2
0.266485250989152,0.3986430628801979,2,True,1,4,2
0.3020193520878166,0.4032848322160686,2,True,1,4,2
0.195549080331791,0.140563683552663,2,True,2,4,2
0.0699570784761283,0.6978081476271908,2,True,4,4,2
0.0737151662092733,0.6963710949244213,2,True,4,4,2
0.2831787555683875,0.407098090856596,2,True,1,4,2
0.1956694911801851,0.1585963511191846,2,True,2,4,2
0.283273028185837,0.9257502437378672,2,True,0,4,2
0.2068310229220214,0.1341890981502849,2,True,2,4,2
0.1952080412368549,0.2228980025524606,2,True,3,4,2
0.1842751819027144,0.2280412175795578,2,True,3,4,2
0.2000752257665966,0.1521855532317813,2,True,2,4,2
0.2776960141389536,0.9251552745904004,2,True,0,4,2
0.2814528653143386,0.3864918882062969,2,True,1,4,2
0.1970453431559012,0.1378768572141721,2,True,2,4,2
0.270315871656702,0.3795829628227761,2,True,1,4,2
0.1691939707677588,0.2275372051125438,2,True,3,4,2
0.2021369323992007,0.1280395689603409,2,True,2,4,2
0.1952803172102566,0.1309389281357154,2,True,2,4,2
0.1768593763656112,0.2198573468946265,2,True,3,4,2
0.2824778202313288,0.9250052821098156,2,True,0,4,2
0.2714758250289804,0.91711119287167,2,True,0,4,2
0.1681364330268413,0.2192780367229841,2,True,3,4,2
0.2607681708657544,0.4119363981360763,2,True,1,4,2
0.1972583863412745,0.1391435536820972,2,True,2,4,2
0.1988059527264442,0.1394717962415164,2,True,2,4,2
0.2709453511046981,0.9269133946822716,2,True,0,4,2
0.2901768640055293,0.391324811691461,2,True,1,4,2
0.2656324777959113,0.3829995666347611,2,True,1,4,2
0.1664694650117337,0.227877000625334,2,True,3,4,2
0.1647829638356317,0.2345779868830468,2,True,3,4,2
0.2046239114496402,0.1336156832507001,2,True,2,4,2
0.1989161012803265,0.1387360207867835,2,True,2,4,2
0.2871564873425894,0.3972802968481381,2,True,1,4,2
0.1807217386417785,0.2102628650704033,2,True,3,4,2
0.2751721344733555,0.3562451086613221,2,True,1,4,2
0.2729962640772097,0.3965459036642472,2,True,1,4,2
0.2748614772790493,0.9377974303539068,2,True,0,4,2
0.1879159193183756,0.1490425061160433,2,True,2,4,2
0.2514122622776703,0.36294456361824,2,True,1,4,2
0.2777513187562008,0.3821740717233486,2,True,1,4,2
0.215483445475061,0.1292369399429498,2,True,2,4,2
0.2871820929432491,0.92627438157353,2,True,0,4,2
0.1729508256405452,0.2262122233747218,2,True,3,4,2
0.2958936314109326,0.3754315266375518,2,True,1,4,2
0.269984385729308,0.3789481466313799,2,True,1,4,2
0.2832185439317785,0.9267795435511256,2,True,0,4,2
0.1707159097131894,0.2293544687832531,2,True,3,4,2
0.282860278463286,0.9009805053795668,2,True,0,4,2
0.0422155570758802,0.7048507892869116,2,True,4,4,2
0.1840739308024024,0.141457587723076,2,True,2,4,2
0.2740775694020376,0.3706361403782746,2,True,1,4,2
0.19850279477643,0.1285212673586515,2,True,2,4,2
0.2002466399446518,0.1338731469630797,2,True,2,4,2
0.3135144628313156,0.4144501860161863,2,True,1,4,2
0.1305814669496118,0.1955078814014093,2,True,3,4,2
0.2532092023087032,0.9088014620476084,2,True,0,4,2
0.2856888056071121,0.3844027125697633,2,True,1,4,2
0.2670332084207329,0.9283565509380776,2,True,0,4,2
0.1847629114519511,0.1547580105786712,2,True,2,4,2
0.2727440721101782,0.3711181142700842,2,True,1,4,2
0.2789711010264009,0.3771728111328678,2,True,1,4,2
0.1947326220431789,0.1343149882287883,2,True,2,4,2
0.2937115347019587,0.3719731471617459,2,True,1,4,2
0.3084923238189542,0.3796772233559043,2,True,1,4,2
0.2689536478494342,0.9211197616265006,2,True,0,4,2
0.2814786757917122,0.9174512431784366,2,True,0,4,2
0.1975625135202936,0.136871734265727,2,True,2,4,2
0.0575041475816272,0.7061021299063458,2,True,4,4,2
0.2224523910420741,0.1201448637482506,2,True,2,4,2
0.2748427261545909,0.3830428723833285,2,True,1,4,2
0.1927495053219355,0.1311987545468426,2,True,2,4,2
0.1526368057545743,0.2329918623047706,2,True,3,4,2
0.2656485354345247,0.9195387304074266,2,True,0,4,2
0.2879509271323845,0.3754567146729541,2,True,1,4,2
0.2849125656749325,0.3892131240266107,2,True,1,4,2
0.1913684448555548,0.1367506073410938,2,True,2,4,2
0.2520181563363045,0.3818447139900763,2,True,1,4,2
0.202338580546019,0.123086115236122,2,True,2,4,2
0.0526821725218798,0.6979978465231539,2,True,4,4,2
0.199053209012874,0.1311482915347216,2,True,2,4,2
0.2056010788941008,0.1302980948371497,2,True,2,4,2
0.1815330922716036,0.1390276387804015,2,True,2,4,2
0.064538319289322,0.717237188954725,2,True,4,4,2
0.1835008148455452,0.2238399925616765,2,True,3,4,2
0.1989051341243953,0.1047918931794179,2,True,2,4,2
0.1897290704421706,0.1208719491321881,2,True,2,4,2
0.2661791886044846,0.9202905750739728,2,True,0,4,2
0.1909503386284411,0.2039249598612584,2,True,3,4,2
0.1982063179397994,0.1349977698557056,2,True,2,4,2
0.0576952662238099,0.7116017684464895,2,True,4,4,2
0.277400120189312,0.3929873616034197,2,True,1,4,2
0.278130495236484,0.3729900014027149,2,True,1,4,2
0.2766813313693859,0.9129005393833716,2,True,0,4,2
0.284758897471388,0.9119674462112828,2,True,0,4,2
0.1671815740146498,0.2219710559237395,2,True,3,4,2
0.1914416319684863,0.135519890366629,2,True,2,4,2
0.1721214591544334,0.226283951146853,2,True,3,4,2
0.2603466020432077,0.3568861464960199,2,True,1,4,2
0.2520950954696963,0.9061272839784872,2,True,0,4,2
0.2622266983082759,0.9469179670382606,2,True,0,4,2
0.2777566276108912,0.912834736611942,2,True,0,4,2
0.2904437943587089,0.378257461426056,2,True,1,4,2
0.2728071829488894,0.3945117147691994,2,True,1,4,2
0.0674521823968441,0.6974916843809389,2,True,4,4,2
0.1927419729375229,0.1334420889083565,2,True,2,4,2
0.1846317507402935,0.1298649189721237,2,True,2,4,2
0.1961504490780495,0.1286827439868346,2,True,2,4,2
0.2856457761925566,0.9086189261714402,2,True,0,4,2
0.1944115228856474,0.1301902340682425,2,True,2,4,2
0.1830028858827807,0.218206440438678,2,True,3,4,2
0.2595185436274204,0.9028725290786328,2,True,0,4,2
0.2838191110121811,0.3667815095402754,2,True,1,4,2
0.204520033668939,0.1353609765360017,2,True,2,4,2
0.2942269214283325,0.396791925913086,2,True,1,4,2
0.2814708498182749,0.901830539304418,2,True,0,4,2
0.1886079431206558,0.1415211326947824,2,True,2,4,2
0.2012274523130339,0.142276028962435,2,True,2,4,2
0.3106410767948327,0.3914294734541647,2,True,1,4,2
0.057492436853349,0.7110178678157056,2,True,4,4,2
0.2967521425355099,0.9222772142664007,2,True,0,4,2
0.284277089011888,0.8993706104208238,2,True,0,4,2
0.2726483880062889,0.9097269935805886,2,True,0,4,2
0.1928640617500242,0.1321273431455492,2,True,2,4,2
0.3128524641903651,0.373677521516372,2,True,1,4,2
0.1918664682875083,0.1244083550367369,2,True,2,4,2
0.1867088658795283,0.2346865757251316,2,True,3,4,2
0.1919513974247129,0.1310003913645271,2,True,2,4,2
0.2054033871935143,0.1521749558783038,2,True,2,4,2
0.2718786700608466,0.9138944579099832,2,True,0,4,2
0.1995567886567083,0.1675171646696328,2,True,2,4,2
0.2937189544689778,0.3589989113231626,2,True,1,4,2
0.1848847370759275,0.1344337582098922,2,True,2,4,2
0.1931411762585919,0.1213783399216182,2,True,2,4,2
0.1934913948889266,0.1246946167955587,2,True,2,4,2
0.1891406402820554,0.1363081977801242,2,True,2,4,2
0.2684073606760979,0.9081948365426844,2,True,0,4,2
0.254481713657005,0.9361288751578922,2,True,0,4,2
0.1844239227955061,0.121338632917524,2,True,2,4,2
0.2079458483598825,0.139162904986273,2,True,2,4,2
0.2130033015342157,0.1208785642493758,2,True,2,4,2
0.2966702619317679,0.3713103833650984,2,True,1,4,2
0.1944079462379059,0.1268083198173904,2,True,2,4,2
0.2437019404109029,0.8816011718834473,2,True,0,4,2
0.1947565294097205,0.1259465927376651,2,True,2,4,2
0.29316671614916,0.3638732989604876,2,True,1,4,2
0.2771408330939808,0.8986013175009931,2,True,0,4,2
0.037619341780113,0.6988419944907627,2,True,4,4,2
0.2896538560903529,0.3430407016942554,2,True,1,4,2
0.1886341721636127,0.1337702027453852,2,True,2,4,2
0.2896458878199744,0.365986618863627,2,True,1,4,2
0.1914391149671127,0.1385137414836797,2,True,2,4,2
0.252906288710473,0.8893690500576249,2,True,0,4,2
0.1970376521082854,0.1188821949564007,2,True,2,4,2
0.2633252267024962,0.9023662843694154,2,True,0,4,2
0.2789470752472819,0.9088419942844062,2,True,0,4,2
0.0551666001341836,0.7106147535563072,2,True,4,4,2
0.2673585324526961,0.905356134571982,2,True,0,4,2
0.1924030917241791,0.125911891897191,2,True,2,4,2
0.1869089848039453,0.1299541640821678,2,True,2,4,2
0.2750477744152095,0.9090914152715917,2,True,0,4,2
0.3101706856756404,0.3248730425184479,2,True,1,4,2
0.1888269678990838,0.1259100310804123,2,True,2,4,2
0.2778748723046612,0.904461467646524,2,True,0,4,2
0.2090388270529846,0.2434923262349219,2,True,3,4,2
0.306221650263725,0.4052505815438268,2,True,1,4,2
0.251939101805484,0.8914094140669627,2,True,0,4,2
0.1812054059847617,0.2401526853031895,2,True,3,4,2
0.1857348812174966,0.1250267897095399,2,True,2,4,2
0.1777290742897762,0.1346136183953007,2,True,2,4,2
0.1712050374828894,0.1088582412015607,2,True,2,4,2
0.1810567189001808,0.1288426971492642,2,True,2,4,2
0.2833239922504099,0.3683262669569432,2,True,1,4,2
0.1599706503383969,0.2344398581945439,2,True,3,4,2
0.0381195956958904,0.6867328175335292,2,True,4,4,2
0.2653931216504648,0.9145718658127407,2,True,0,4,2
0.2766432460474652,0.8943481801673447,2,True,0,4,2
0.2696398215014378,0.9049861653606228,2,True,0,4,2
0.1906270627506548,0.0929095141276439,2,True,2,4,2
0.2632257657538603,0.362330745877471,2,True,1,4,2
0.2834022754374593,0.3403504668531387,2,True,1,4,2
0.1675458842605542,0.2408880357859515,2,True,3,4,2
0.1875147112737246,0.2300052661562787,2,True,3,4,2
0.1793106420283421,0.2371212105998904,2,True,3,4,2
0.195327635283669,0.1187957027978802,2,True,2,4,2
0.1681547807548484,0.2532768429424589,2,True,3,4,2
0.2724968027964909,0.3780207234579832,2,True,1,4,2
0.2849953120838032,0.3726178969138325,2,True,1,4,2
0.0515487979976917,0.7088647994725618,2,True,4,4,2
0.2883318578581115,0.3687248127934424,2,True,1,4,2
0.2821406002110405,0.8916325225684774,2,True,0,4,2
0.2555145743351477,0.9241463819062612,2,True,0,4,2
0.2369319486066476,0.3622009258857681,2,True,1,4,2
0.0537247095511433,0.7088020865088063,2,True,4,4,2
0.1934643741989085,0.1227353563808706,2,True,2,4,2
0.3162793314538528,0.3405796278408237,2,True,1,4,2
0.2486306120191757,0.9054612069893724,2,True,0,4,2
0.1854363474561131,0.1075754436371248,2,True,2,4,2
0.1934917010041405,0.0870953413444,2,True,2,4,2
0.1788519835565304,0.2426843152285139,2,True,3,4,2
0.1824309443690488,0.1252693993773731,2,True,2,4,2
0.1843692439363784,0.2358371256221884,2,True,3,4,2
0.1873937168568808,0.1119937188767565,2,True,2,4,2
0.1884194754158744,0.1324511471911562,2,True,2,4,2
0.1733100046934217,0.2291966255335419,2,True,3,4,2
0.1835583439275981,0.2445715511889928,2,True,3,4,2
0.2908300484699421,0.3705611421002945,2,True,1,4,2
0.2582903605673631,0.3744834655542305,2,True,1,4,2
0.1872824465949049,0.1112224511582083,2,True,2,4,2
0.1924259841777196,0.1140821206969525,2,True,2,4,2
0.234825419276684,0.9440104821312144,2,True,0,4,2
0.1596591951514883,0.2536511505921542,2,True,3,4,2
0.2843415918405536,0.3696559973230339,2,True,1,4,2
0.2516740313239913,0.93148593207009,2,True,0,4,2
0.2026839113350942,0.116484309180805,2,True,2,4,2
0.1616403646858862,0.2542123694622543,2,True,3,4,2
0.2913712962936604,0.9218674229854816,2,True,0,4,2
0.2832371677681073,0.3675756557673915,2,True,1,4,2
0.2762965076686876,0.8974177411500285,2,True,0,4,2
0.1935182569788384,0.1224510587729058,2,True,2,4,2
0.2265885582121523,0.3718670368306929,2,True,1,4,2
0.2783110420926433,0.9297547628305473,2,True,0,4,2
0.2127066192854399,0.1191601272497059,2,True,2,4,2
0.2492201058027181,0.4010945506240553,2,True,1,4,2
0.1945226729948004,0.1419113352972307,2,True,2,4,2
0.144373441023663,0.1141132416796184,2,True,2,4,2
0.1960908229231154,0.1146943561069939,2,True,2,4,2
0.0423394789513593,0.7007598058394032,2,True,4,4,2
0.1815898126780687,0.1089024647318667,2,True,2,4,2
0.28939135942448,0.8965131136717818,2,True,0,4,2
0.2637745142496462,0.8983111699006002,2,True,0,4,2
0.2004159641316804,0.1051378052027959,2,True,2,4,2
0.1945811983502956,0.2431973464277999,2,True,3,4,2
0.053595237613904,0.7090035830659114,2,True,4,4,2
0.1948469913703461,0.2524187071867055,2,True,3,4,2
0.202221180852731,0.1142270822299438,2,True,2,4,2
0.2915026799583013,0.3561561687399749,2,True,1,4,2
0.1821046420492051,0.1158709985332734,2,True,2,4,2
0.2763078506988901,0.3701331183991668,2,True,1,4,2
0.2987426257214482,0.9058570064941,2,True,0,4,2
0.1923682485554118,0.1162202302012693,2,True,2,4,2
0.2877102116063005,0.3947428056748251,2,True,1,4,2
0.1917807841592227,0.2347827194309635,2,True,3,4,2
0.2843216925852047,0.367273557009983,2,True,1,4,2
0.1847287310291249,0.1140068114586414,2,True,2,4,2
0.2704996902728168,0.9017140489876568,2,True,0,4,2
0.2646437319445309,0.3853649706780639,2,True,1,4,2
0.2712736472842558,0.8810587786352996,2,True,0,4,2
0.0494596394653748,0.7116516400492552,2,True,4,4,2
0.2946678988813345,0.3570203004412166,2,True,1,4,2
0.2896319082289421,0.90409572210121,2,True,0,4,2
0.0518493320153928,0.7177168604219586,2,True,4,4,2
0.2863364162489765,0.9225015921780804,2,True,0,4,2
0.192510108269593,0.1237494296215302,2,True,2,4,2
0.1871512095410593,0.1180015062167761,2,True,2,4,2
0.1755230719028696,0.093329711134661,2,True,2,4,2
0.1864871016560561,0.2391502299049069,2,True,3,4,2
0.2585654032976774,0.8969790342861036,2,True,0,4,2
0.2875579943741104,0.8740918420682054,2,True,0,4,2
0.1687014692979803,0.2263757654500587,2,True,3,4,2
0.1993687044388907,0.1113908342505325,2,True,2,4,2
0.3051987715731636,0.317411574649835,2,True,1,4,2
0.278533714905772,0.3520870237535657,2,True,1,4,2
0.2690428165641902,0.9004444840407584,2,True,0,4,2
0.2653804471033905,0.9096546560884108,2,True,0,4,2
0.2689413121139158,0.8990361600082397,2,True,0,4,2
0.2407428087421304,0.356880272467559,2,True,1,4,2
0.2720344561463205,0.3552966481144713,2,True,1,4,2
0.1884221713691393,0.1167999739802688,2,True,2,4,2
0.1542519671501546,0.1342214296093957,2,True,2,4,2
0.1909463240665188,0.2394815596808883,2,True,3,4,2
0.1805254598051686,0.1157990123203577,2,True,2,4,2
0.2723522420663604,0.8998237061699607,2,True,0,4,2
0.2582906606132354,0.3786520491273744,2,True,1,4,2
0.1994888604522771,0.2511235683885898,2,True,3,4,2
0.1916973505914697,0.1162047251074519,2,True,2,4,2
0.0371722094542797,0.7202376642843716,2,True,4,4,2
0.2815680481575203,0.3510005643495379,2,True,1,4,2
0.0497027781853853,0.6887859668184334,2,True,4,4,2
0.1723963206572853,0.2206984225795187,2,True,3,4,2
0.2871465069687829,0.360003493911917,2,True,1,4,2
0.2702816629218812,0.8976802749020456,2,True,0,4,2
0.2838662905750597,0.3601772758290869,2,True,1,4,2
0.1998499249216457,0.1257350261879734,2,True,2,4,2
0.191815511555515,0.1346997254756882,2,True,2,4,2
0.1783146169549194,0.1100190911551007,2,True,2,4,2
0.0309732037714038,0.6996247662485158,2,True,4,4,2
0.2919625674857843,0.364552769360651,2,True,1,4,2
0.261779351282964,0.8919472439709689,2,True,0,4,2
0.2862068442137431,0.3587684548581094,2,True,1,4,2
0.1955531666028614,0.1039052471692898,2,True,2,4,2
0.1963294052002182,0.1095307772903838,2,True,2,4,2
0.1876683513273529,0.1187815517786505,2,True,2,4,2
0.1932626301558456,0.2355943986221752,2,True,3,4,2
0.3264208825386168,0.3357479291866336,2,True,1,4,2
0.2107542028148379,0.2594563471677357,2,True,3,4,2
0.1780577727989942,0.2040337577024343,2,True,3,4,2
0.2711967297599909,0.3677208576729805,2,True,1,4,2
0.1958351090309376,0.097645076364235,2,True,2,4,2
0.1919665942062403,0.1104686348631129,2,True,2,4,2
0.3018597451543777,0.3611641266606881,2,True,1,4,2
0.2557680311501324,0.8933331488607182,2,True,0,4,2
0.1712674674797948,0.2676245091348399,2,True,3,4,2
0.1909734702220173,0.1113345920636328,2,True,2,4,2
0.2679844861878995,0.8770554311870677,2,True,0,4,2
0.1463831694563411,0.2355989620746568,2,True,3,4,2
0.2662977323633875,0.3427899770060741,2,True,1,4,2
0.189413799530766,0.1193014157673377,2,True,2,4,2
0.2783526017269244,0.3598394034218379,2,True,1,4,2
0.176494674566366,0.1153216171080225,2,True,2,4,2
0.2587780589069706,0.8975607053407876,2,True,0,4,2
0.2655987129123902,0.8854516413827057,2,True,0,4,2
0.1750859910764317,0.1070789682413912,2,True,2,4,2
0.2683861344425743,0.3521991040462574,2,True,1,4,2
0.1885509500439773,0.1119014645939622,2,True,2,4,2
0.2025579628767071,0.2330025276600457,2,True,3,4,2
0.2681807686557372,0.9031763564096348,2,True,0,4,2
0.1868162294383432,0.1069564515373417,2,True,2,4,2
0.2908303313378807,0.3576387652181337,2,True,1,4,2
0.2768310831811769,0.3551895706922561,2,True,1,4,2
0.2726197980303836,0.8860505465220709,2,True,0,4,2
0.2650507844977787,0.8902305407888325,2,True,0,4,2
0.2712319056202924,0.89163311482812,2,True,0,4,2
0.1618686788427216,0.1075510015643833,2,True,2,4,2
0.1697863764658437,0.1071412021134579,2,True,2,4,2
0.2782951738872108,0.3276881187068908,2,True,1,4,2
0.2868195357789856,0.3579226077880466,2,True,1,4,2
0.1926811771107766,0.2410458624734445,2,True,3,4,2
0.2796446183699567,0.3574758565181893,2,True,1,4,2
0.0669977545748117,0.7181822594312685,2,True,4,4,2
0.1921951937658468,0.2389326771255363,2,True,3,4,2
0.1548214076451232,0.0944451207159228,2,True,2,4,2
0.0414104604147499,0.7167622540186327,2,True,4,4,2
0.1859099835888032,0.1207543079453312,2,True,2,4,2
0.1882185462254053,0.1089873672591399,2,True,2,4,2
0.290247961283358,0.3719195526821419,2,True,1,4,2
0.2906709668651641,0.3566041814673392,2,True,1,4,2
0.2027273932351929,0.1152166925605573,2,True,2,4,2
0.1844674590785264,0.08258650858709,2,True,2,4,2
0.2832934904098738,0.352831685647851,2,True,1,4,2
0.1854611011149187,0.1122977189648429,2,True,2,4,2
0.0527829954698136,0.7234886212697785,2,True,4,4,2
0.1824614067571136,0.0986026401448978,2,True,2,4,2
0.165837117923162,0.0889858121731122,2,True,2,4,2
0.149418985782206,0.2410006739815902,2,True,3,4,2
0.2690332910701973,0.8898629451248716,2,True,0,4,2
0.2065620169498451,0.2470878456163853,2,True,3,4,2
0.2054252328900195,0.1230430515226038,2,True,2,4,2
0.1965900291247345,0.2444438171622695,2,True,3,4,2
0.1763253998859415,0.0998289289073241,2,True,2,4,2
0.2619397705539028,0.3603530467275324,2,True,1,4,2
0.1830191348083886,0.1129375819254502,2,True,2,4,2
0.298466520113815,0.3784717499053526,2,True,1,4,2
0.0567942896049306,0.7223622822386802,2,True,4,4,2
0.0353381946473571,0.715763195640826,2,True,4,4,2
0.2921023219718015,0.359552210229183,2,True,1,4,2
0.0506329726221805,0.7353571326186008,2,True,4,4,2
0.2045581494053882,0.1018977471774508,2,True,2,4,2
0.1641005404135772,0.1088039189761141,2,True,2,4,2
0.0336560877767973,0.7226071549534093,2,True,4,4,2
0.1765247286182885,0.1280234707599474,2,True,2,4,2
0.2028024725816214,0.1172260992133176,2,True,2,4,2
0.2662552514650688,0.8889718330798262,2,True,0,4,2
0.1863126008576117,0.1058806979962497,2,True,2,4,2
0.1832151243902543,0.11112005261876,2,True,2,4,2
0.2637362585109966,0.8803649244021767,2,True,0,4,2
0.247471611284005,0.8962742197940567,2,True,0,4,2
0.3233089685799636,0.348723478743969,2,True,1,4,2
0.1977380308540638,0.2445577676205779,2,True,3,4,2
0.1935348189781711,0.1323916494150816,2,True,2,4,2
0.2053282553626718,0.0965398300636401,2,True,2,4,2
0.2014555275593814,0.2387166759467196,2,True,3,4,2
0.198585179130223,0.2457827815143756,2,True,3,4,2
0.2160112455319198,0.2594504811661953,2,True,3,4,2
0.296624022291373,0.3442023353104493,2,True,1,4,2
0.2719928789851933,0.3383386166618855,2,True,1,4,2
0.260779202630562,0.8656744183661567,2,True,0,4,2
0.1936706546512691,0.1149191716535275,2,True,2,4,2
0.1901654292371866,0.1138572213276706,2,True,2,4,2
0.1846446053819355,0.1042965922119232,2,True,2,4,2
0.1922626310431424,0.2336825427343509,2,True,3,4,2
0.2467956616426676,0.8789422028377115,2,True,0,4,2
0.0405942728145678,0.7178022380565314,2,True,4,4,2
0.2586428746246956,0.8911567829082973,2,True,0,4,2
0.2506872847168924,0.8689047772534912,2,True,0,4,2
0.2859655420427632,0.3317745953733798,2,True,1,4,2
0.2211279021934168,0.2105356006391616,2,True,3,4,2
0.2036191634038791,0.2580665827132086,2,True,3,4,2
0.1955238961073662,0.126096377043414,2,True,2,4,2
0.237117400357401,0.8676928976966611,2,True,0,4,2
0.2686797193326117,0.3514299661884005,2,True,1,4,2
0.1794027134999502,0.0997834035147038,2,True,2,4,2
0.1889242521248979,0.1048642858950982,2,True,2,4,2
0.0148205635712936,0.7377940870473733,2,True,4,4,2
0.2064681607945673,0.2695572195277295,2,True,3,4,2
0.1877630553015033,0.1090581782675093,2,True,2,4,2
0.1820154722535206,0.1054216139294889,2,True,2,4,2
0.0511418565686793,0.7090476605126955,2,True,4,4,2
0.2599349952785696,0.8878847315718957,2,True,0,4,2
0.0355562804946202,0.7227371634286255,2,True,4,4,2
0.2613356375080443,0.8866233676087134,2,True,0,4,2
0.2865449844303066,0.3321426090521737,2,True,1,4,2
0.2381642219633748,0.8834371811580423,2,True,0,4,2
0.1820935029705981,0.0990367390375034,2,True,2,4,2
0.2924762248510958,0.3408574444225573,2,True,1,4,2
0.2041048788065717,0.251222272941966,2,True,3,4,2
0.1917234754493585,0.2447076952022254,2,True,3,4,2
0.187418510249844,0.263170445900728,2,True,3,4,2
0.2769966769226227,0.3582477826210069,2,True,1,4,2
0.1660041284419089,0.084187434759236,2,True,2,4,2
0.1836448862873702,0.1232150865008045,2,True,2,4,2
0.2809434238780475,0.3535413214719696,2,True,1,4,2
0.2886990602700943,0.3533235956958641,2,True,1,4,2
0.2775259754861091,0.3066754977366562,2,True,1,4,2
0.1874410181672982,0.0916365838853857,2,True,2,4,2
0.2108904875661484,0.2585974544235483,2,True,3,4,2
0.2718576313621755,0.8830348521133128,2,True,0,4,2
0.2402522351444223,0.8756758186135556,2,True,0,4,2
0.0345795410895381,0.7202582857162917,2,True,4,4,2
0.269838368610866,0.8905449006419831,2,True,0,4,2
0.279195728234652,0.3509739600991575,2,True,1,4,2
0.3082748610399549,0.3599929822460163,2,True,1,4,2
0.1990845616207078,0.1134532107237735,2,True,2,4,2
0.2828810436200873,0.3467032950700408,2,True,1,4,2
0.2742611907379876,0.335330030563588,2,True,1,4,2
0.2696496551279677,0.3376662416024574,2,True,1,4,2
0.0549389420338246,0.7105481509946192,2,True,4,4,2
0.1948497574915026,0.2554986333317752,2,True,3,4,2
0.2680569383220876,0.8645732932003738,2,True,0,4,2
0.0335958030527256,0.6842573786383808,2,True,4,4,2
0.2619247583612755,0.8855411523979015,2,True,0,4,2
0.2630719701913634,0.8854829601684174,2,True,0,4,2
0.1968659465809741,0.2529251135460442,2,True,3,4,2
0.2773204545843087,0.3515313617517584,2,True,1,4,2
0.2850424072001878,0.9039439021114478,2,True,0,4,2
0.171803257278968,0.0913925291772807,2,True,2,4,2
0.1742308097676175,0.1035210928798543,2,True,2,4,2
0.2785748542791698,0.368825675961598,2,True,1,4,2
0.245426126131074,0.3371345456195388,2,True,1,4,2
0.183606325705146,0.0976558864209205,2,True,2,4,2
0.2148238893539711,0.243241327771612,2,True,3,4,2
0.0325137878555591,0.7207871414889805,2,True,4,4,2
0.168978117730481,0.0893168327064437,2,True,2,4,2
0.2603466359509229,0.8879224948071429,2,True,0,4,2
0.263710998883012,0.8945224223199032,2,True,0,4,2
0.2942904392976096,0.3545287258660725,2,True,1,4,2
0.2107731793755594,0.0996664923137474,2,True,2,4,2
0.2528126129038199,0.8800334535579553,2,True,0,4,2
0.3043336287589315,0.2983613962755765,2,True,1,4,2
0.2027050507051826,0.2496204288871581,2,True,3,4,2
0.2225312335868056,0.2592529145498893,2,True,3,4,2
0.2054645978982821,0.247053345671394,2,True,3,4,2
0.1840189219422034,0.096983410763009,2,True,2,4,2
0.2513800889034959,0.3737496708459948,2,True,1,4,2
0.0209885092534293,0.7356735368859904,2,True,4,4,2
0.2721155405213901,0.9107762974997876,2,True,0,4,2
0.2738435657375307,0.867814234468225,2,True,0,4,2
0.2612563761014163,0.8824507501637465,2,True,0,4,2
0.2829502839531667,0.3437835411143429,2,True,1,4,2
0.2628448608764701,0.8820839912530338,2,True,0,4,2
0.266138325969706,0.8893482825748567,2,True,0,4,2
0.1872215229869547,0.1026551936208228,2,True,2,4,2
0.1894595116681937,0.0898971952103075,2,True,2,4,2
0.2101380271407975,0.2863401513273043,2,True,3,4,2
0.1572807201035309,0.1088036282687543,2,True,2,4,2
0.2868240803714109,0.3541267599231271,2,True,1,4,2
0.258560202887781,0.8729378182191488,2,True,0,4,2
0.2314113783772423,0.248013292221525,2,True,3,4,2
0.2588661875739452,0.8656209799731681,2,True,0,4,2
0.2942472951048177,0.3307557760636525,2,True,1,4,2
0.1815576225746058,0.0941885809466375,2,True,2,4,2
0.2562715960311922,0.8875707604536811,2,True,0,4,2
0.283306392783761,0.8683360870113943,2,True,0,4,2
0.0250140094276304,0.7255790696495268,2,True,4,4,2
0.2816635261882989,0.350611824868529,2,True,1,4,2
0.1624784330442036,0.089602638016471,2,True,2,4,2
0.1643414440865971,0.0686581343860889,2,True,2,4,2
0.2877240295702324,0.3464078553500389,2,True,1,4,2
0.1853264623125387,0.0998755027177567,2,True,2,4,2
0.1985838805108881,0.2408418609294242,2,True,3,4,2
0.2813430399566719,0.9054828640932014,2,True,0,4,2
0.2157735821294662,0.2714061993274634,2,True,3,4,2
0.254434687191547,0.8899524283662028,2,True,0,4,2
0.2849347852590979,0.3343440298702116,2,True,1,4,2
0.2776300292213425,0.3701403913163342,2,True,1,4,2
0.1996785018711735,0.121983605417746,2,True,2,4,2
0.1833047677281465,0.0933277448206128,2,True,2,4,2
0.2716039615309064,0.3312485219990694,2,True,1,4,2
0.0324256029340409,0.7383190088338142,2,True,4,4,2
0.2049807326375787,0.2360009206724166,2,True,3,4,2
0.2662582770410936,0.8855236762577944,2,True,0,4,2
0.1712844933540692,0.0805779258148831,2,True,2,4,2
0.0179529502725476,0.729877446811481,2,True,4,4,2
0.0293349889759368,0.7371236498769858,2,True,4,4,2
0.2350209481150617,0.2650368613874223,2,True,3,4,2
0.1828513998470585,0.0922610297032626,2,True,2,4,2
0.2581118909161471,0.8936422538538358,2,True,0,4,2
0.1872696600202901,0.1015558857596546,2,True,2,4,2
0.1926371838286481,0.1192235120623228,2,True,2,4,2
0.28156196684587,0.8627614564715951,2,True,0,4,2
0.1960078315436557,0.2212661784686365,2,True,3,4,2
0.2104820479954247,0.2548740542088051,2,True,3,4,2
0.0309395426845821,0.7010071724532007,2,True,4,4,2
0.2900549744654249,0.3126026268454373,2,True,1,4,2
0.0236003878377824,0.7292547727317722,2,True,4,4,2
0.1789444278050975,0.0994636776124716,2,True,2,4,2
0.1627000039266295,0.1094430753067876,2,True,2,4,2
0.2601256297394979,0.8778196885891455,2,True,0,4,2
0.2512093898467633,0.8875032010215449,2,True,0,4,2
0.2543486565607957,0.8910191501892716,2,True,0,4,2
0.2676344106191291,0.3295046271088445,2,True,1,4,2
0.219769538082951,0.2574172433170363,2,True,3,4,2
0.1917227631286676,0.1144655004156443,2,True,2,4,2
0.2000778601998064,0.0856541469551272,2,True,2,4,2
0.3367485061595835,0.359314554064458,2,True,1,4,2
0.1905939999284024,0.1054937509322003,2,True,2,4,2
0.2195371491451673,0.2455732147460005,2,True,3,4,2
0.219062357396239,0.2654297878939817,2,True,3,4,2
0.286302626789072,0.8736041546357706,2,True,0,4,2
0.284249664381958,0.3493087660298317,2,True,1,4,2
0.1721909910280342,0.085111931634027,2,True,2,4,2
0.2109787467291145,0.2548023938997749,2,True,3,4,2
0.1765272877466574,0.0944543357492933,2,True,2,4,2
0.203682813163865,0.2640952955234035,2,True,3,4,2
0.1600414129622094,0.0886033121165413,2,True,2,4,2
0.2665275904598483,0.319789297483755,2,True,1,4,2
0.1798714793323907,0.1054971664569022,2,True,2,4,2
0.0101812358864934,0.7305568989578117,2,True,4,4,2
0.2651954558092925,0.8822034407465761,2,True,0,4,2
0.2816531036022462,0.8944021172649503,2,True,0,4,2
0.2595227437105412,0.8668402580044239,2,True,0,4,2
0.1788758228561881,0.0855193721389833,2,True,2,4,2
0.2846431916298726,0.8697496374080823,2,True,0,4,2
0.2173608947192472,0.2606184335496399,2,True,3,4,2
0.2727666403607733,0.3261272392251499,2,True,1,4,2
0.2137149384920583,0.2561325992716609,2,True,3,4,2
0.1725265269722647,0.0923382645474567,2,True,2,4,2
0.1918041425209247,0.1040737063315191,2,True,2,4,2
0.2452576189050807,0.3570102419658906,2,True,1,4,2
0.1800003528942735,0.0903424113212856,2,True,2,4,2
0.267357622215177,0.8629752814656301,2,True,0,4,2
0.2781586605008931,0.3336099207911915,2,True,1,4,2
0.1802980007170907,0.0804795386219978,2,True,2,4,2
0.2841590082467588,0.3357063617166276,2,True,1,4,2
0.1618919942325354,0.0596892824420272,2,True,2,4,2
0.0271522686920229,0.7254198157642288,2,True,4,4,2
0.2588891099062826,0.3335043206988872,2,True,1,4,2
0.2032096396583125,0.2918735777335015,2,True,3,4,2
0.2009358868542514,0.0927649835682746,2,True,2,4,2
0.2756178899922151,0.3461467812648868,2,True,1,4,2
0.183077320286355,0.0926837152775361,2,True,2,4,2
0.0448455328856387,0.7287109785466532,2,True,4,4,2
0.1708658584347249,0.1017731380461758,2,True,2,4,2
0.1941585360254629,0.2556476698421898,2,True,3,4,2
0.2810520488121033,0.3374406457160728,2,True,1,4,2
0.2742300497072247,0.3379935975845251,2,True,1,4,2
0.2146178799183346,0.2571477735250764,2,True,3,4,2
0.2827054565812342,0.8533863150014495,2,True,0,4,2
0.2630004268288848,0.8897721255560629,2,True,0,4,2
0.1762094720143891,0.101129133336468,2,True,2,4,2
0.2516538706734518,0.8655034926351146,2,True,0,4,2
0.254739807315975,0.3075882898458438,2,True,1,4,2
0.1707954914102621,0.0908919046166487,2,True,2,4,2
0.1956876894439946,0.1150595256578,2,True,2,4,2
0.2081407408997771,0.0783704782808105,2,True,2,4,2
0.2187802818121802,0.2639764270688438,2,True,3,4,2
0.1872522027920216,0.0949695261832234,2,True,2,4,2
0.2595392388052749,0.8679663431602705,2,True,0,4,2
0.1851491475446706,0.0984742131272477,2,True,2,4,2
0.2581052832714809,0.8714066334397398,2,True,0,4,2
0.2271027559461442,0.2690494437736467,2,True,3,4,2
0.012788622550705,0.7413521085836073,2,True,4,4,2
0.272695197154503,0.3424319645141624,2,True,1,4,2
0.166603828063885,0.0993628499334175,2,True,2,4,2
0.1697390507672722,0.0845039699778271,2,True,2,4,2
0.1720569130834787,0.0795264265933251,2,True,2,4,2
0.2764964807618892,0.3352646737152949,2,True,1,4,2
0.2676439877405806,0.8436867450981126,2,True,0,4,2
0.1706699987954461,0.0820628826944748,2,True,2,4,2
0.2579940652382651,0.8656296126670305,2,True,0,4,2
0.2846248872044304,0.3267679046363728,2,True,1,4,2
0.176173693323052,0.077327697774679,2,True,2,4,2
0.1572191912807786,0.0867376378012975,2,True,2,4,2
0.2874888355609778,0.3381447640359922,2,True,1,4,2
0.1788167480019556,0.0655048661152828,2,True,2,4,2
0.267544521995494,0.3320230667888207,2,True,1,4,2
0.1752184627275348,0.0887885691998972,2,True,2,4,2
0.2559349504863243,0.879812043652546,2,True,0,4,2
0.2558368405516365,0.868499553691567,2,True,0,4,2
0.2574361573981706,0.869746331067584,2,True,0,4,2
0.1698611865116259,0.0776106048227074,2,True,2,4,2
0.2957738127158302,0.3178518536561507,2,True,1,4,2
0.1773531032264737,0.0845344539505633,2,True,2,4,2
0.2808996591663309,0.3318177904425885,2,True,1,4,2
0.2471119500591767,0.8566395723897157,2,True,0,4,2
0.2881915827626891,0.3334088116320474,2,True,1,4,2
0.17048652188638,0.0802357137617604,2,True,2,4,2
0.2672505836012226,0.3181777798898383,2,True,1,4,2
0.24038070249966,0.2480294488511364,2,True,3,4,2
0.1701036383145197,0.0568655278194499,2,True,2,4,2
0.1778014682402666,0.0843427886961214,2,True,2,4,2
0.2993819514076197,0.3432632356930894,2,True,1,4,2
0.2254172615077937,0.2871264310340676,2,True,3,4,2
0.2209414096616423,0.8991088533101589,2,True,0,4,2
0.1753647070096646,0.0848020576624296,2,True,2,4,2
0.2908976446893788,0.335875160519898,2,True,1,4,2
0.235236631001624,0.2757457959721947,2,True,3,4,2
0.2733302188011861,0.8843886835648928,2,True,0,4,2
0.2530775513750504,0.870726686964822,2,True,0,4,2
0.2530080916803429,0.8713470263128912,2,True,0,4,2
0.2525210354803072,0.8778227244204726,2,True,0,4,2
0.2436779639722754,0.8728580057298929,2,True,0,4,2
0.1679578899438497,0.0854432580038443,2,True,2,4,2
0.2045126088444606,0.2594533209897077,2,True,3,4,2
0.2627374496945162,0.8741176892504918,2,True,0,4,2
0.1722336363474589,0.0829515090625534,2,True,2,4,2
0.2321269272849807,0.2709476513681508,2,True,3,4,2
0.2142566067472516,0.2624752984719533,2,True,3,4,2
0.1843796348536467,0.0916311083384594,2,True,2,4,2
0.2849448121558503,0.3338295400173316,2,True,1,4,2
0.2582413294847413,0.8545170347169123,2,True,0,4,2
0.2020426559965197,0.0924553767987012,2,True,2,4,2
0.2075551964572378,0.2570170375349431,2,True,3,4,2
0.2533797907070849,0.868347696430251,2,True,0,4,2
0.1996618031808557,0.1063460693350108,2,True,2,4,2
0.1777538402536644,0.0816084771976546,2,True,2,4,2
0.2786770269243154,0.3131525245694423,2,True,1,4,2
0.1745939536278604,0.0844100367807406,2,True,2,4,2
0.18046677777007,0.0807343422730728,2,True,2,4,2
0.1773788617909438,0.0852331757473711,2,True,2,4,2
0.2262265963958363,0.2520626662781124,2,True,3,4,2
0.006246918384609,0.7464569620097826,2,True,4,4,2
0.1472192558091024,0.0541176679914054,2,True,2,4,2
0.2515003688392618,0.8703294077398424,2,True,0,4,2
0.2965782651600951,0.3335913957695974,2,True,1,4,2
0.254938961918994,0.8622835960714255,2,True,0,4,2
0.0287122066817061,0.739639660211972,2,True,4,4,2
0.1687577482098461,0.0740923627888649,2,True,2,4,2
0.254387900363653,0.8698667307351708,2,True,0,4,2
-0.0126088281568227,0.7400181007159626,2,True,4,4,2
0.2513733432758587,0.8660781141405711,2,True,0,4,2
0.2884635760344636,0.3190754350715829,2,True,1,4,2
0.1877085792857923,0.1018216562472737,2,True,2,4,2
0.2071638419110997,0.2508859617936694,2,True,3,4,2
0.2625136524677548,0.8399321884487455,2,True,0,4,2
0.2796089317117883,0.3280207683732343,2,True,1,4,2
0.2791438043162754,0.3142212824474447,2,True,1,4,2
0.1786286533980029,0.0797169079168006,2,True,2,4,2
0.2147966040257781,0.2673060986628713,2,True,3,4,2
0.2541292635490703,0.3331330563745165,2,True,1,4,2
0.1845574502326917,0.0825934879101568,2,True,2,4,2
0.2822637707625595,0.3189379335550052,2,True,1,4,2
0.180670658661667,0.0788232391844877,2,True,2,4,2
0.165350516127199,0.0695288218792496,2,True,2,4,2
0.2068849869535741,0.2432949560648433,2,True,3,4,2
0.2779417073292572,0.3137537264725048,2,True,1,4,2
0.1744131526485234,0.0632355352238167,2,True,2,4,2
0.2815052590048524,0.3224843831128582,2,True,1,4,2
0.1933397589907589,0.0874509498351753,2,True,2,4,2
0.2815682912012743,0.3207894522489015,2,True,1,4,2
0.2758848739625883,0.3200111559311728,2,True,1,4,2
0.249244113740035,0.8540213658833958,2,True,0,4,2
0.2925820214999,0.3178513398356064,2,True,1,4,2
0.1743521467477041,0.079159490770449,2,True,2,4,2
0.2808576170571044,0.3242145945831405,2,True,1,4,2
0.2637045472955658,0.8782726909665027,2,True,0,4,2
0.2471305114053749,0.8528631717584997,2,True,0,4,2
0.1510222783332221,0.0845074731740812,2,True,2,4,2
0.2730708255673091,0.3228238297170147,2,True,1,4,2
0.157385047138987,0.0671862593657662,2,True,2,4,2
0.1574738731728653,0.0812386233728188,2,True,2,4,2
0.1748099348292239,0.0738353073816108,2,True,2,4,2
0.2664136990406108,0.3359000793434879,2,True,1,4,2
0.2495784994015791,0.8572640284084059,2,True,0,4,2
0.221436044839079,0.2503986744335758,2,True,3,4,2
0.2916738661007554,0.299920928373908,2,True,1,4,2
0.1755578041911076,0.077827875907803,2,True,2,4,2
0.1823186972947051,0.0988764303938813,2,True,2,4,2
0.1937232034259468,0.2897832495428947,2,True,3,4,2
0.2516048650415849,0.8672732439221628,2,True,0,4,2
0.1787835526181378,0.0686792263601904,2,True,2,4,2
0.1718614052674091,0.0836980741249644,2,True,2,4,2
0.2477026208464012,0.8583801929674296,2,True,0,4,2
0.2635609874410028,0.8533423448551298,2,True,0,4,2
0.1742811391674784,0.076627609455646,2,True,2,4,2
0.2791899958766883,0.3267837720893649,2,True,1,4,2
0.1972241866180507,0.0829922600513376,2,True,2,4,2
0.1816069551080092,0.07520581244041,2,True,2,4,2
0.1877455669706088,0.0780245965427661,2,True,2,4,2
0.2232282827363143,0.2593424351904541,2,True,3,4,2
0.1769762511137927,0.0735877246735002,2,True,2,4,2
0.3126734454390093,0.3292764800648015,2,True,1,4,2
0.2923632008664734,0.3129524275173218,2,True,1,4,2
0.2796237102387923,0.3220983353480928,2,True,1,4,2
0.1810313193332955,0.0885088769200183,2,True,2,4,2
0.1805739348941458,0.0775032475967168,2,True,2,4,2
0.1708498186627426,0.0709459415451599,2,True,2,4,2
0.0149091137968693,0.7231225106671477,2,True,4,4,2
0.0113048895194147,0.7556249869805399,2,True,4,4,2
0.3060862071066355,0.2972223559287391,2,True,1,4,2
0.1932011340494451,0.0758295394281403,2,True,2,4,2
0.2743012505276539,0.3323407991283675,2,True,1,4,2
0.2391643746405299,0.8690319988363441,2,True,0,4,2
0.0096754673210108,0.7275685706866702,2,True,4,4,2
0.2745925239071094,0.2938454824435487,2,True,1,4,2
0.018593198776128,0.7397253662966975,2,True,4,4,2
0.2554557782306552,0.8700504319246838,2,True,0,4,2
0.0101527851018373,0.7361480411838036,2,True,4,4,2
0.2666199277668128,0.8671945789470858,2,True,0,4,2
0.27451757660801,0.8930395730752301,2,True,0,4,2
0.1597182588708559,0.0859643749148649,2,True,2,4,2
0.1665970098055596,0.0697012501178279,2,True,2,4,2
0.3013810480038267,0.3016512250235142,2,True,1,4,2
0.1720585997038986,0.0796289628346102,2,True,2,4,2
0.189758300827156,0.0920859786194289,2,True,2,4,2
0.2160503055220126,0.2807462202209297,2,True,3,4,2
0.1598361779902028,0.0642330297407686,2,True,2,4,2
0.1857729695430527,0.0841730698688377,2,True,2,4,2
0.2516760373388979,0.8600701820730843,2,True,0,4,2
0.2832094735030554,0.8217624296763874,2,True,0,4,2
0.2495771358916206,0.8608029361596551,2,True,0,4,2
0.2816599766542177,0.2596192901555666,2,True,1,4,2
0.2734489567363723,0.2993481002595231,2,True,1,4,2
0.2095564731999946,0.2851486067076353,2,True,3,4,2
0.2243234211695625,0.8531248123156827,2,True,0,4,2
0.1672842108589526,0.0792915026721262,2,True,2,4,2
0.2522447018033374,0.8594701426089664,2,True,0,4,2
0.1834185790205075,0.0703449994288303,2,True,2,4,2
0.1783340924000214,0.0804765308245659,2,True,2,4,2
-0.0109689087280174,0.7526462204649824,2,True,4,4,2
0.1744639075299821,0.0699538533648919,2,True,2,4,2
0.1707444919098856,0.0909607372507684,2,True,2,4,2
0.2047513071234183,0.0516852301336245,2,True,2,4,2
0.1891693561698554,0.0782485719158342,2,True,2,4,2
0.1663957542169313,0.0957044264873504,2,True,2,4,2
0.2759628234971895,0.3224297576132466,2,True,1,4,2
0.1769773700221306,0.0724170738324908,2,True,2,4,2
0.171835909715273,0.0714592058034317,2,True,2,4,2
0.2085162386772616,0.2662433673766469,2,True,3,4,2
0.2254897554621769,0.8402604654848896,2,True,0,4,2
0.1601278988523153,0.0737495063584822,2,True,2,4,2
0.2437752822124241,0.8416703964182317,2,True,0,4,2
0.2554476248962195,0.8643203229523073,2,True,0,4,2
0.2416527418475757,0.8550917332104597,2,True,0,4,2
0.1744851842361712,0.0566062466952804,2,True,2,4,2
0.1742669893426553,0.0580770190370978,2,True,2,4,2
0.27031632411108,0.8766158500966396,2,True,0,4,2
0.1728244969483861,0.0711765239678637,2,True,2,4,2
0.2555839811016934,0.307669346593946,2,True,1,4,2
0.2510731373857263,0.8550644329196269,2,True,0,4,2
0.2475518726937637,0.8547645355318192,2,True,0,4,2
0.2281741798668742,0.255054567894708,2,True,3,4,2
0.1730010891460686,0.0412596576233047,2,True,2,4,2
0.1765747285764578,0.0707010630620571,2,True,2,4,2
0.225945357596313,0.8666917471230033,2,True,0,4,2
0.2913243984646596,0.3138459401497116,2,True,1,4,2
0.1621839550063066,0.0932092530092388,2,True,2,4,2
0.157605063456194,0.0892587411824544,2,True,2,4,2
0.2502876488017665,0.8537564234840934,2,True,0,4,2
0.175494916772769,0.0723686955800651,2,True,2,4,2
0.1684587498524415,0.0791877304839419,2,True,2,4,2
0.2820715404957442,0.3113971443442348,2,True,1,4,2
0.2582612041647153,0.2806978970352859,2,True,3,4,2
-0.0031811948831962,0.7321450884006159,2,True,4,4,2
0.1757235607733227,0.0720157929574899,2,True,2,4,2
0.2828135564324032,0.3085265882071007,2,True,1,4,2
0.1965471689606024,0.0759791766999358,2,True,2,4,2
0.2492432612782709,0.8446284120344022,2,True,0,4,2
0.2791860354922958,0.322803178624598,2,True,1,4,2
0.2704150991151162,0.8469849629424905,2,True,0,4,2
0.2520656956758131,0.8552617721634783,2,True,0,4,2
0.1676798672220419,0.0644798386304996,2,True,2,4,2
0.1572014838225998,0.0752306237090973,2,True,2,4,2
0.2420149271667144,0.8371641718854314,2,True,0,4,2
0.2293501073259845,0.2670278516938705,2,True,3,4,2
0.2703519513501913,0.8231561726243388,2,True,0,4,2
0.2915344914562524,0.3004155822088417,2,True,1,4,2
0.2553235781094307,0.8471012262060457,2,True,0,4,2
0.2401693577426537,0.8433371545404714,2,True,0,4,2
0.2829015912531711,0.3098594301963289,2,True,1,4,2
0.2350490262854798,0.3037611253763777,2,True,3,4,2
0.2557548250891916,0.2955262466697563,2,True,1,4,2
0.232475320874706,0.2680147536088055,2,True,3,4,2
0.2610524006470349,0.2680189087678096,2,True,3,4,2
0.177639574303201,0.0581183344264723,2,True,2,4,2
0.2580216472334811,0.2459809103269293,2,True,3,4,2
0.2409393865244024,0.8433833867964764,2,True,0,4,2
0.2583109300860329,0.8534481940271773,2,True,0,4,2
0.1969282873177724,0.2883161790267839,2,True,3,4,2
0.2422070857073972,0.2609518515743809,2,True,3,4,2
0.2909656068925471,0.3088989566434698,2,True,1,4,2
0.1821286490279129,0.042066786816755,2,True,2,4,2
0.2791589317118454,0.3011365574293725,2,True,1,4,2
0.2445288630118217,0.8385383173644912,2,True,0,4,2
0.2819196723401702,0.3124301175336632,2,True,1,4,2
0.2337586995017006,0.2696341122123889,2,True,3,4,2
0.1491709475905521,0.0449668549865356,2,True,2,4,2
0.2809121718655073,0.3089208572957273,2,True,1,4,2
0.252335187172712,0.8469248688854795,2,True,0,4,2
0.3093292445464915,0.3609343356920928,2,True,1,4,2
0.2096724456985875,0.3102409516892211,2,True,3,4,2
0.1523509440480505,0.080733450160446,2,True,2,4,2
0.0009900959089844,0.7407060170020326,2,True,4,4,2
0.1715739881557476,0.0646269832532598,2,True,2,5,2
0.1839404403878335,0.0656732338795315,2,True,2,5,2
0.2758656108381229,0.2872735552080928,2,True,1,5,2
0.2125351296022613,0.8576337851577664,2,True,0,5,2
0.2804152184066323,0.3090569732627061,2,True,1,5,2
0.2683835570529366,0.3035370828187359,2,True,1,5,2
0.2661329186757746,0.2882883496557238,2,True,1,5,2
0.2574355255111621,0.3237828835925198,2,True,1,5,2
0.1657091501964774,0.0695104273225898,2,True,2,5,2
0.1605665933539144,0.0587920892300518,2,True,2,5,2
0.1692060366144079,0.0654816646136936,2,True,2,5,2
0.1695725434227182,0.062276909707276,2,True,2,5,2
0.1880741437288338,0.0399691649551812,2,True,2,5,2
0.2474620224798845,0.8553916936458036,2,True,0,5,2
0.2485346292328541,0.8474252049099138,2,True,0,5,2
0.2853022923191365,0.29817844145075,2,True,1,5,2
0.2787813823304101,0.8206458524165375,2,True,0,5,2
0.1600306749128911,0.0753808614663913,2,True,2,5,2
0.1687527043525057,0.0753495840528717,2,True,2,5,2
0.2512333721837721,0.8523279299263901,2,True,0,5,2
-0.009279655871744,0.7725371064812603,2,True,4,5,2
0.0007264094889714,0.746582320539945,2,True,4,5,2
0.1921392192413833,0.0399843114078704,2,True,2,5,2
0.2379800590906443,0.8317451129529005,2,True,0,5,2
0.1747001709094967,0.0577190204936198,2,True,2,5,2
0.2290276066529599,0.2844529567788544,2,True,3,5,2
-0.0015940748981526,0.7465471383600952,2,True,4,5,2
0.2205389133097411,0.2854931507935212,2,True,3,5,2
0.2410851288139599,0.8364604325141431,2,True,0,5,2
0.2353858136146937,0.2806649729358547,2,True,3,5,2
0.2824739168317466,0.3066443015807892,2,True,1,5,2
0.2978426993717291,0.3261586082511961,2,True,1,5,2
0.2401705615002095,0.8440653061077439,2,True,0,5,2
0.1686328374024328,0.0608265591430746,2,True,2,5,2
0.2451199389154845,0.2731480071049439,2,True,3,5,2
0.1758425438279348,0.0679132657473096,2,True,2,5,2
0.2936352770793387,0.3186957219763129,2,True,1,5,2
0.0016475509785214,0.720671960075748,2,True,4,5,2
0.1679849846109254,0.0627609345079891,2,True,2,5,2
0.2815743458152603,0.3049336924250699,2,True,1,5,2
0.1575495015505297,0.0630445668798019,2,True,2,5,2
0.2158772264819145,0.2667237263312398,2,True,3,5,2
0.2579471734309377,0.2655824097430697,2,True,3,5,2
0.0072191896428215,0.7439339249119666,2,True,4,5,2
0.2521616280941783,0.3126482016780919,2,True,1,5,2
-0.00392059321332,0.743095377349952,2,True,4,5,2
0.2591827172775508,0.2852313034318621,2,True,3,5,2
0.2426120494449155,0.8429123812735918,2,True,0,5,2
0.2542790627084194,0.8380485452593628,2,True,0,5,2
0.2514718338645643,0.2595416347531538,2,True,3,5,2
0.1441478077377429,0.0623839085410008,2,True,2,5,2
0.0193646089989827,0.7413894318862622,2,True,4,5,2
0.2666352969778561,0.8956395019241165,2,True,0,5,2
0.2296352872771004,0.2771582809182014,2,True,3,5,2
0.2541500645923164,0.8375413550596966,2,True,0,5,2
0.1609641388827512,0.0663184038392954,2,True,2,5,2
0.25054892151719,0.2758349555066696,2,True,3,5,2
0.1739225272541024,0.0376746374476496,2,True,2,5,2
0.2570264613475736,0.2817348916576564,2,True,3,5,2
0.2440446064168761,0.2839213737990083,2,True,3,5,2
0.2227671203238269,0.8273395812859002,2,True,0,5,2
0.1429397748976997,0.0538095400068751,2,True,2,5,2
0.1568091139356749,0.069563921716873,2,True,2,5,2
0.1917774694305062,0.0617575412727316,2,True,2,5,2
-0.0039230148074089,0.7521838557477826,2,True,4,5,2
0.1723708434987496,0.0665191140713313,2,True,2,5,2
0.1862488476054726,0.0499824560724116,2,True,2,5,2
0.2664998511068251,0.2639239154908045,2,True,3,5,2
0.3392126064126985,0.3172962433196261,2,True,1,5,2
0.2750612187909498,0.3162653979243817,2,True,1,5,2
0.2405821076148151,0.2791704596083387,2,True,3,5,2
0.2418954317292996,0.2597338467396377,2,True,3,5,2
0.2773945113376607,0.2684247859650115,2,True,1,5,2
0.2571713436198251,0.8509351467440817,2,True,0,5,2
0.2851914772424386,0.2969781274696031,2,True,1,5,2
0.2883616887723157,0.3065092082994975,2,True,1,5,2
0.1650164768023458,0.0987134627520608,2,True,2,5,2
0.2876973528761829,0.3181015906464981,2,True,1,5,2
-0.0002399089753806,0.752137748552724,2,True,4,5,2
0.2357575525529588,0.837118564806513,2,True,0,5,2
0.165795921255011,0.0584241251388778,2,True,2,5,2
0.1856721493255103,0.0504583845297753,2,True,2,5,2
0.1688220828280944,0.0537152189088061,2,True,2,5,2
0.272693196753226,0.284850644678458,2,True,3,5,2
0.2867147451338281,0.2964787439659211,2,True,1,5,2
0.1727247001286378,0.0622970349173824,2,True,2,5,2
-0.0011403401218463,0.7476842597516113,2,True,4,5,2
0.162955377307026,0.061038624346176,2,True,2,5,2
0.2383726349161631,0.2777148769229092,2,True,3,5,2
0.2794543386789584,0.2714519154877838,2,True,1,5,2
0.2573082694266817,0.840022143519005,2,True,0,5,2
0.1655816605739221,0.0670118350627574,2,True,2,5,2
0.2379976689182401,0.8443150952526937,2,True,0,5,2
0.0100030146324786,0.7330428631120727,2,True,4,5,2
0.1646490852979004,0.0572311545548912,2,True,2,5,2
0.2560319708463118,0.8693563847550867,2,True,0,5,2
0.1728931230628492,0.0607259741662707,2,True,2,5,2
0.2195019495379142,0.2567528992497564,2,True,3,5,2
0.1690483761927592,0.0545155490769268,2,True,2,5,2
0.2706934957656338,0.282656301561502,2,True,1,5,2
0.1773784668694439,0.0932075606416886,2,True,2,5,2
0.2311948500813742,0.2440039451549321,2,True,3,5,2
0.1709340823801342,0.0555607040161481,2,True,2,5,2
0.2645351185081047,0.2425844786954494,2,True,1,5,2
0.3010288242932897,0.2976602408846622,2,True,1,5,2
0.2747104769897457,0.3165917071377318,2,True,1,5,2
0.136163953189444,0.0621460161135362,2,True,2,5,2
0.2887825595571169,0.3056839702023852,2,True,1,5,2
0.279469898366916,0.2954771719903787,2,True,1,5,2
0.2759070147503765,0.2981114363683314,2,True,1,5,2
0.239934491394038,0.8578321849346795,2,True,0,5,2
0.2455350133244524,0.8416906237517169,2,True,0,5,2
0.3091723675962614,0.3101043695694825,2,True,1,5,2
0.2472306670869059,0.860978178332686,2,True,0,5,2
0.0134940461663632,0.7630742565106421,2,True,4,5,2
0.2372036725461788,0.833925452892582,2,True,0,5,2
0.170798666013059,0.0506478206245594,2,True,2,5,2
0.1657424853522465,0.0515911965130184,2,True,2,5,2
0.2324889760924537,0.3104241422267912,2,True,3,5,2
0.1669397260882602,0.0768976239264972,2,True,2,5,2
0.1620035048688862,0.0600152595054827,2,True,2,5,2
0.2782292397202001,0.2982758085595707,2,True,1,5,2
0.2249926964765587,0.2968054056783756,2,True,3,5,2
0.2840647131328745,0.2672445577503561,2,True,1,5,2
0.2783156359743157,0.2957446710746189,2,True,1,5,2
0.2515313542602179,0.8469228358714238,2,True,0,5,2
0.1688726890425402,0.05056666866117,2,True,2,5,2
0.2793091701838519,0.2870972823193575,2,True,1,5,2
0.2585565285886829,0.290347211953703,2,True,3,5,2
0.2583854749381767,0.8491048041887707,2,True,0,5,2
0.2217237729288896,0.3184093200153777,2,True,1,5,2
0.2977060822909383,0.2878805900875104,2,True,1,5,2
0.2298143099774704,0.3118569675535176,2,True,3,5,2
-0.0153106802309329,0.7534298635702914,2,True,4,5,2
0.170051372362675,0.0410660821954034,2,True,2,5,2
0.2303613241324951,0.2869326040742531,2,True,3,5,2
0.1477384726166044,0.0735355194070145,2,True,2,5,2
0.2378688182569725,0.8343530532412631,2,True,0,5,2
0.179465096460056,0.0598712455356379,2,True,2,5,2
0.1774614108278893,0.0535282172233446,2,True,2,5,2
0.157055125586847,0.0484267741730843,2,True,2,5,2
0.0024269102331196,0.7510079377316571,2,True,4,5,2
0.2556274494961202,0.8536971535393694,2,True,0,5,2
0.2532148733368826,0.2782182843150304,2,True,3,5,2
0.1580689019116384,0.0616249340993286,2,True,2,5,2
0.2752930881988733,0.2561310770131662,2,True,1,5,2
0.2740751812720761,0.2664646260539916,2,True,1,5,2
0.1531638838089271,0.0588726450432269,2,True,2,5,2
0.1548337276289431,0.0557340392333035,2,True,2,5,2
0.1578933004577616,0.0323751797265814,2,True,2,5,2
0.2427807276488011,0.3047362957489124,2,True,1,5,2
0.1701049072856897,0.0326390036238707,2,True,2,5,2
0.2656275857777082,0.3137171540684106,2,True,1,5,2
0.236888936143551,0.8508155150918464,2,True,0,5,2
0.3043597825542188,0.31258250408446,2,True,1,5,2
0.1575533768060054,0.059786609859346,2,True,2,5,2
0.2200925392847632,0.2786015857364595,2,True,3,5,2
0.2589215083298662,0.8198354480203945,2,True,0,5,2
0.2811357930982612,0.2876789845774514,2,True,1,5,2
0.1573890681161785,0.0438144034470588,2,True,2,5,2
0.2414461995496175,0.8242189000805958,2,True,0,5,2
0.3000373217580687,0.3176317074465055,2,True,1,5,2
0.2637508335499693,0.2510491496568157,2,True,3,5,2
0.2191862038180211,0.837807333379439,2,True,0,5,2
0.1678854429336296,0.0432677325535648,2,True,2,5,2
0.1640089369481884,0.0439939521150862,2,True,2,5,2
0.1608071819201239,0.096981114122744,2,True,2,5,2
0.2755747374610737,0.2876560924106198,2,True,1,5,2
0.254933579015846,0.2702616482324386,2,True,3,5,2
0.1633171781348324,0.0533080708253489,2,True,2,5,2
0.1667601324821349,0.0548417864095792,2,True,2,5,2
0.0102683740998717,0.7558756069978965,2,True,4,5,2
0.1648932913798436,0.0494454577817409,2,True,2,5,2
0.2474277687897101,0.2603228814719895,2,True,1,5,2
0.1761712879798005,0.0496747391794656,2,True,2,5,2
0.019103805876228,0.7553289331908005,2,True,4,5,2
0.2509680544824972,0.2836926468563751,2,True,3,5,2
0.2646748992046357,0.2899893839453146,2,True,1,5,2
0.2531425845499344,0.2747967687008636,2,True,3,5,2
0.3297471181282626,0.3115208485422341,2,True,1,5,2
0.0156552270365548,0.7637329905953756,2,True,4,5,2
0.2717166092401,0.2775380685188631,2,True,1,5,2
0.1694878006121104,0.0646287010237225,2,True,2,5,2
0.2426901510416658,0.8289555858462684,2,True,0,5,2
0.159466454512602,0.0499472070211173,2,True,2,5,2
0.2544652503154446,0.2807516538003402,2,True,3,5,2
0.2609586736708975,0.2615300286052754,2,True,3,5,2
0.1741983061546177,0.0464698907938913,2,True,2,5,2
0.1680414339005446,0.044254822668681,2,True,2,5,2
0.2426290792653253,0.8328041566383219,2,True,0,5,2
0.2382796466206234,0.2584728797799592,2,True,3,5,2
0.1526395738779359,0.0362361787659104,2,True,2,5,2
0.2615100163766932,0.8485349160685223,2,True,0,5,2
0.2804796608480492,0.8123446666566766,2,True,0,5,2
0.3001263651630291,0.301652219636279,2,True,1,5,2
0.2431054976620784,0.8233706756750463,2,True,0,5,2
0.1582080574559797,0.0519129267728799,2,True,2,5,2
0.2777418853403111,0.2819002779059213,2,True,1,5,2
0.1660278098486916,0.045703531913295,2,True,2,5,2
0.2637198287788846,0.2797804393127402,2,True,3,5,2
0.2594491035986201,0.2862614674408049,2,True,3,5,2
0.2534631224178901,0.284234938629782,2,True,3,5,2
0.1445990874127896,0.0228153724830016,2,True,2,5,2
0.257412134245786,0.2887899327288681,2,True,3,5,2
0.1664354006083429,0.0497046204641935,2,True,2,5,2
0.2519948408261088,0.276623508518768,2,True,3,5,2
0.1654291387157391,0.0438792785035021,2,True,2,5,2
0.202226676025316,0.8324039949447205,2,True,0,5,2
0.1877766274536446,0.0305783303395974,2,True,2,5,2
0.2854472699991925,0.2917708469572823,2,True,1,5,2
0.2517337284649978,0.2812010322543319,2,True,3,5,2
0.2714572900746236,0.2637361977427189,2,True,3,5,2
0.2895247682524973,0.297474537844253,2,True,1,5,2
0.0020965611798971,0.7588744462807363,2,True,4,5,2
0.1674503536446238,0.0415430265099111,2,True,2,5,2
0.2387409115649198,0.8196039358063308,2,True,0,5,2
0.2730142377319445,0.2988067116632809,2,True,1,5,2
0.2922293171327785,0.2735966438286614,2,True,1,5,2
0.2951514708831313,0.2482778404117042,2,True,1,5,2
0.2623286352310722,0.8051463684752604,2,True,0,5,2
0.1565763565170703,0.036498324878206,2,True,2,5,2
0.0160830516133077,0.7541143971607999,2,True,4,5,2
0.1637923382304692,0.0342031822311964,2,True,2,5,2
0.227678435691696,0.8605315086629755,2,True,0,5,2
0.2155425535125283,0.8557724883245318,2,True,0,5,2
0.2810720794561586,0.2858042161207312,2,True,1,5,2
0.2774278212308777,0.2861542081237199,2,True,1,5,2
0.2449603703184036,0.8350919251439203,2,True,0,5,2
0.2406976571662622,0.2952517806718435,2,True,3,5,2
0.2538085774467319,0.283813402598475,2,True,3,5,2
0.2425946523613114,0.8276920161607423,2,True,0,5,2
0.252970613550419,0.8317213784510875,2,True,0,5,2
0.2400636139501379,0.8226577457307738,2,True,0,5,2
0.2395060688585495,0.8626287062068065,2,True,0,5,2
0.2756371810123177,0.2618211663782352,2,True,1,5,2
0.1687036673654952,0.0332525923028021,2,True,2,5,2
0.2645925162974465,0.8447017852605841,2,True,0,5,2
0.2521210685436069,0.2838233210597256,2,True,3,5,2
0.1893078466532494,0.0415827842520618,2,True,2,5,2
0.2540719458546925,0.2791402589669678,2,True,3,5,2
0.2337490474604961,0.8324689264633458,2,True,0,5,2
0.258187422186401,0.2728048543952561,2,True,3,5,2
0.1508210445304052,0.0528772305751945,2,True,2,5,2
0.2488958090416761,0.8160597719321209,2,True,0,5,2
0.1492518676177863,0.0307909419751301,2,True,2,5,2
0.0153321914780051,0.7522092342110953,2,True,4,5,2
0.1689207491753213,0.0264591946300051,2,True,2,5,2
0.2709571404440676,0.2690630362945476,2,True,1,5,2
0.2807191868593027,0.3149650903937879,2,True,1,5,2
0.1635301292411465,0.0490742645556617,2,True,2,5,2
0.16343337180937,0.0456908155748293,2,True,2,5,2
0.1641114841825662,0.0415009612887155,2,True,2,5,2
0.1899335972222039,0.029210181730585,2,True,2,5,2
0.2642299404382524,0.2881378974183614,2,True,3,5,2
0.1618612945016125,0.0414671714094191,2,True,2,5,2
0.226406233325824,0.8197711698233255,2,True,0,5,2
0.245768272369112,0.259292885094174,2,True,1,5,2
0.0326074289407593,0.760343822132362,2,True,4,5,2
0.2625441665522133,0.2761748322525442,2,True,3,5,2
0.2207263344106733,0.8513697988918143,2,True,0,5,2
0.2898467396875732,0.2796230201765045,2,True,1,5,2
0.1650537403980019,0.0420260202067972,2,True,2,5,2
0.2557288113515007,0.2790728885989064,2,True,3,5,2
0.2750198663540436,0.3113316848815151,2,True,3,5,2
0.2081510250481224,0.2850145100510344,2,True,3,5,2
0.1760989099240757,0.0300385654749259,2,True,2,5,2
0.1943797919289946,0.0550370646494557,2,True,2,5,2
0.2801126464630172,0.3029868390947041,2,True,3,5,2
0.2632182357826703,0.275700476842469,2,True,3,5,2
0.1431666765883019,0.0288866054468534,2,True,2,5,2
0.268217521814699,0.2637357091653103,2,True,3,5,2
0.2648684645183007,0.2734085145366209,2,True,3,5,2
0.1607352039403935,0.0415688379516121,2,True,2,5,2
0.2556839342195267,0.8320089106107321,2,True,0,5,2
0.0420294532003276,0.756837829667219,2,True,4,5,2
0.151419907349466,0.0507217414357745,2,True,2,5,2
0.254959625111614,0.2922103338622973,2,True,3,5,2
0.0211687790265137,0.7562354699858562,2,True,4,5,2
0.2633578602754208,0.2689573048267856,2,True,1,5,2
0.1544831408494711,0.0324785251207231,2,True,2,5,2
0.1893334750608915,0.016024719909223,2,True,2,5,2
0.1762157940388468,0.0330674848392799,2,True,2,5,2
0.2377843439116464,0.8240510427507014,2,True,0,5,2
0.1489759173295514,0.0321580826248466,2,True,2,5,2
0.1610977403581967,0.0650806648999783,2,True,2,5,2
0.2822946338190213,0.2809992464070729,2,True,1,5,2
0.1710661408635339,0.0528402488807561,2,True,2,5,2
0.2707732509744508,0.2656903061147883,2,True,3,5,2
0.2347779465423128,0.8221593706149533,2,True,0,5,2
0.2718150429322798,0.2827578507577535,2,True,1,5,2
0.2142903621988663,0.8446819134532721,2,True,0,5,2
0.2270515072375245,0.8306243183867857,2,True,0,5,2
0.1860100769802085,0.0094353973067585,2,True,2,5,2
0.0256206788263692,0.7475930672318626,2,True,4,5,2
0.232927764109024,0.8214412892933586,2,True,0,5,2
0.2352446405870246,0.3036106628904356,2,True,3,5,2
0.2699024298922913,0.2812150472634624,2,True,1,5,2
0.159362142282748,0.0398839948039568,2,True,2,5,2
0.2250617249792925,0.8129427133451724,2,True,0,5,2
0.1637697547903719,0.0407465482372393,2,True,2,5,2
0.0120520033154784,0.7686778422944505,2,True,4,5,2
0.2574182987175535,0.8296144709348764,2,True,0,5,2
0.1542247720174344,0.0314229565905455,2,True,2,5,2
0.1593033486427058,0.0210470965202503,2,True,2,5,2
0.2634273049403462,0.306021993107457,2,True,3,5,2
0.2150609505868383,0.7901364987780628,2,True,0,5,2
0.172266432115517,0.0545612171489923,2,True,2,5,2
0.2384501376266213,0.817675721370316,2,True,0,5,2
0.1606339355536413,0.0288857315065567,2,True,2,5,2
0.2657240910560405,0.3035886667474231,2,True,1,5,2
0.168167194018817,0.0307790371299585,2,True,2,5,2
0.2112674456883356,0.8222782187984526,2,True,0,5,2
0.009459766332698,0.7453782829282078,2,True,4,5,2
0.1649859692340375,0.0126169866950832,2,True,2,5,2
0.1599856080224183,0.0365768055668921,2,True,2,5,2
0.256159478878902,0.282215016490866,2,True,3,5,2
0.2580878519150038,0.2871599259884342,2,True,3,5,2
0.2216201768450399,0.8453421887987385,2,True,0,5,2
0.2464174716379885,0.8074065263484103,2,True,0,5,2
0.2084208729692114,0.8002269463115285,2,True,0,5,2
0.2394083833389639,0.8286652369507468,2,True,0,5,2
0.281661328495218,0.2750796452746633,2,True,1,5,2
0.1656384656883492,0.0266355421149746,2,True,2,5,2
0.1583453531411231,0.0267321698744626,2,True,2,5,2
0.1598790793836628,0.0353140608757631,2,True,2,5,2
0.1644447864147546,0.0049598227482275,2,True,2,5,2
0.1580280553049407,0.0541462635242453,2,True,2,5,2
0.2806906462102259,0.2768151246998602,2,True,1,5,2
0.1518402913159225,0.0341537650676291,2,True,2,5,2
0.1564384808045289,0.0358493228787614,2,True,2,5,2
0.2463324618543012,0.8049583203399101,2,True,0,5,2
0.1733470480586574,0.0279281894146859,2,True,2,5,2
0.0234788550278241,0.7619957051901562,2,True,4,5,2
0.2491990284789132,0.8320018251447356,2,True,0,5,2
0.2482232066648927,0.2737164034490541,2,True,3,5,2
0.2421760880647453,0.2786998670658384,2,True,3,5,2
0.2066838489942292,0.3000490979021575,2,True,3,5,2
0.1570653345339792,0.0375188338890452,2,True,2,5,2
0.1636338168591175,0.027108699919019,2,True,2,5,2
0.287465644627023,0.2774853115690036,2,True,1,5,2
0.2643012789818136,0.2942503163871663,2,True,3,5,2
0.2739368876675954,0.2766322463662659,2,True,1,5,2
0.2798482556572019,0.2656926537109965,2,True,1,5,2
0.2474102892470478,0.8290777787078223,2,True,0,5,2
0.2412184338881988,0.8360459328993289,2,True,0,5,2
0.1593420191366832,0.0367314284895349,2,True,2,5,2
0.296942534485052,0.261600523201133,2,True,1,5,2
0.283349748798138,0.2720746157812591,2,True,1,5,2
0.2522692451896258,0.8111780702092701,2,True,0,5,2
0.1557131504882408,0.0373628146304282,2,True,2,5,2
0.2659737284871448,0.2867268383743123,2,True,3,5,2
0.2288184236145493,0.8157537972810773,2,True,0,5,2
0.1583425818006189,0.0310813411308005,2,True,2,5,2
0.2846049618800166,0.3073887069619871,2,True,3,5,2
0.0272861046954075,0.7586709978062839,2,True,4,5,2
0.267512591507094,0.2948868891589428,2,True,3,5,2
0.3057267447622385,0.2574835999630839,2,True,1,5,2
0.2980545892929091,0.2540145607693865,2,True,1,5,2
0.2601312030716725,0.292381619109857,2,True,3,5,2
0.2329553796952324,0.8184183475653081,2,True,0,5,2
0.2172885679325366,0.8129427647594523,2,True,0,5,2
0.2969232388250518,0.2971521332436735,2,True,1,5,2
0.2379784717036297,0.8192305977289295,2,True,0,5,2
0.2618904019886549,0.287967894771674,2,True,3,5,2
0.2805659715646547,0.2819068421411001,2,True,1,5,2
0.1668619404467602,0.036933412291129,2,True,2,5,2
0.304306389542449,0.2418498631487439,2,True,1,5,2
0.1716650352426223,0.0225198439567987,2,True,2,5,2
0.2394436057701386,0.8302042922190004,2,True,0,5,2
0.2932382759482258,0.2675418151215925,2,True,1,5,2
0.165266238537422,0.0258991514585479,2,True,2,5,2
0.2657625201534312,0.28916680476523,2,True,3,5,2
0.277336250094363,0.2912717856973677,2,True,3,5,2
0.3155586591500357,0.2992769007003028,2,True,1,5,2
0.2149264314477957,0.8269833890823115,2,True,0,5,2
0.2734501807494593,0.2516062992294751,2,True,1,5,2
0.1519625227699881,0.0568896188215596,2,True,2,5,2
0.2839762905439866,0.2490011388931287,2,True,1,5,2
0.0352095418270996,0.7572442716563541,2,True,4,5,2
0.1482151517167678,0.038115937472145,2,True,2,5,2
0.1842684203639786,0.0270720026995655,2,True,2,5,2
0.1513530485531759,0.0295099170337137,2,True,2,5,2
0.03957488630579,0.7441362060983105,2,True,4,5,2
0.2724222082359263,0.2643353393421917,2,True,1,5,2
0.1447233832174484,0.022103789726635,2,True,2,5,2
0.2394892849712294,0.8216977518482975,2,True,0,5,2
0.2250507444976554,0.8274638820886658,2,True,0,5,2
0.2831888778131868,0.2674933776529309,2,True,1,5,2
0.1507072363314663,0.0301866584677385,2,True,2,5,2
0.2722077262603778,0.2803904172418177,2,True,1,5,2
0.1442279774918847,0.0229076071752459,2,True,2,5,2
0.2377103999115606,0.820868693441433,2,True,0,5,2
0.0084796554239317,0.763649360400118,2,True,4,5,2
0.2849138352377075,0.2579367086876895,2,True,1,5,2
0.2709044311639492,0.296243116944722,2,True,3,5,2
0.0436166754360313,0.7464384809523104,2,True,4,5,2
0.215579692969109,0.8394264045157902,2,True,0,5,2
0.026233127313061,0.7657876664945277,2,True,4,5,2
0.2699292082391842,0.2643156944415355,2,True,1,5,2
0.2842847951022838,0.2740314182416057,2,True,1,5,2
0.1583672112157125,0.0247231612053479,2,True,2,5,2
0.1727347855109446,0.0338908058831903,2,True,2,5,2
0.2881610625392174,0.2372132684869061,2,True,1,5,2
0.1617027739409278,0.0197257838754716,2,True,2,5,2
0.2323915952419868,0.8090617803378624,2,True,0,5,2
0.2654803139272956,0.2453162437175705,2,True,1,5,2
0.257331367890546,0.3444669964594639,2,True,3,5,2
0.2688365596318,0.2804832926541495,2,True,3,5,2
0.2247965485226423,0.8027348292354543,2,True,0,5,2
0.3011075380324226,0.2844705664076149,2,True,1,5,2
0.0261104293487548,0.7843162191248262,2,True,4,5,2
0.2332258829553199,0.7951730113020447,2,True,0,5,2
0.2414439815009961,0.8304260667853749,2,True,0,5,2
0.144382712264016,0.0279239888894661,2,True,2,5,2
0.1577067980642452,0.0319403755230596,2,True,2,5,2
0.0328118469650834,0.7660746246510188,2,True,4,5,2
0.0501246561091126,0.7806038479055742,2,True,4,5,2
0.2197704322901494,0.816520284122968,2,True,0,5,2
0.1551485700778347,0.0307458496595803,2,True,2,5,2
0.280889793187986,0.2667589925538428,2,True,1,5,2
0.2912952478393714,0.2695379950285987,2,True,1,5,2
0.0524641758972126,0.7690875481495776,2,True,4,5,2
0.2795293237273226,0.2869839516362083,2,True,3,5,2
0.2858146498116822,0.2734714193713717,2,True,1,5,2
0.258644028635918,0.8045071237769695,2,True,0,5,2
0.157172906332761,0.0203432065960133,2,True,2,5,2
0.2746958130808648,0.2575123922437436,2,True,1,5,2
0.2109671439832501,0.7939252491007415,2,True,0,5,2
0.2566106678757157,0.305419321503492,2,True,3,5,2
0.1456790057288343,0.0195674397217576,2,True,2,5,2
0.2365977800290871,0.8126302859815896,2,True,0,5,2
0.0128359782611401,0.7473651751710152,2,True,4,5,2
0.1473845220370021,0.0207694386994778,2,True,2,5,2
0.0366313013237655,0.7681610680713553,2,True,4,5,2
0.0167361849451951,0.7833149144974896,2,True,4,5,2
0.276031597081216,0.307100854396259,2,True,3,5,2
0.1541450926785694,0.0238648996557006,2,True,2,5,2
0.1607676152297206,0.0259494886402647,2,True,2,5,2
0.1847596301945221,0.0275620940274305,2,True,2,5,2
0.2311938143530105,0.811268554520184,2,True,0,5,2
0.1527197664139114,0.0307260838899025,2,True,2,5,2
0.2553405763835729,0.2512044623274277,2,True,1,5,2
0.2295578981683655,0.8170046198485136,2,True,0,5,2
0.2103008052683563,0.8332286509996745,2,True,0,5,2
0.2856479210123125,0.268318240805835,2,True,1,5,2
0.2839605965330637,0.2631604074602048,2,True,1,5,2
0.1494549418013297,0.0347860958629401,2,True,2,5,2
0.2750828740679233,0.2735200319667831,2,True,1,5,2
0.2803052760710396,0.2654782492238845,2,True,1,5,2
0.2785822589823414,0.3023548190020631,2,True,3,5,2
0.1620066660350104,0.0282577541845411,2,True,2,5,2
0.0429099898557367,0.7746287995228355,2,True,4,5,2
0.037985758379879,0.770457846670722,2,True,4,5,2
0.0410746372287741,0.7697526710288579,2,True,4,5,2
0.2220672721704453,0.8019899718481119,2,True,0,5,2
0.2849168010664459,0.2891557753313523,2,True,3,5,2
0.2673123135463942,0.2980217484162918,2,True,3,5,2
0.332187804632759,0.2133230217730218,2,True,1,5,2
0.314382378324225,0.2431468786888012,2,True,1,5,2
0.2188469709089359,0.815260881135292,2,True,0,5,2
0.1340784205178454,0.0381896314128849,2,True,2,5,2
0.279443216844076,0.2716257609345002,2,True,1,5,2
0.2679017388792165,0.8344578944515818,2,True,0,5,2
0.1616880717397511,0.0186488530070559,2,True,2,5,2
0.2792970689784556,0.3030070567811376,2,True,3,5,2
0.2188913056473038,0.7873737419475959,2,True,0,5,2
0.0193422168927023,0.8012442415517254,2,True,4,5,2
0.2639712607472452,0.2570122767487807,2,True,1,5,2
0.0391040178024499,0.7736064152615008,2,True,4,5,2
0.1581904227524787,0.0125462684369367,2,True,2,5,2
0.2943272146383351,0.3089625821612267,2,True,3,5,2
0.2246434929086114,0.8125147648117422,2,True,0,5,2
0.02065727267075,0.7846275810114272,2,True,4,5,2
0.2244344830573181,0.7918151341444194,2,True,0,5,2
0.3153580172358167,0.2787185534201115,2,True,3,5,2
0.2120900506226867,0.8001881952213652,2,True,0,5,2
0.2920555029462119,0.2573144226618866,2,True,1,5,2
0.0493733372707825,0.7537878781228436,2,True,4,5,2
0.2583971489473748,0.3110892567312334,2,True,3,5,2
0.2704152685580218,0.2252053595746984,2,True,1,5,2
0.2255614582027256,0.8232085007115438,2,True,0,5,2
0.2665843302340308,0.2643628630833829,2,True,1,5,2
0.1542348130424604,0.0229280997991096,2,True,2,5,2
0.2788364616653119,0.291750768598719,2,True,3,5,2
0.2347716283532756,0.7956028165386018,2,True,0,5,2
0.1679103887573201,0.0005026759930566,2,True,2,5,2
0.0369064821662288,0.7693802679374234,2,True,4,5,2
0.1654696112703928,0.0120149605588004,2,True,2,5,2
0.2358697368880582,0.7863049161862294,2,True,0,5,2
0.2752183877639985,0.2878963190689978,2,True,3,5,2
0.1614312031914224,0.0219688510141191,2,True,2,5,2
0.2939090021688679,0.2850116870670678,2,True,3,5,2
0.2268550596395476,0.8014554255329691,2,True,0,5,2
0.1545747726093056,0.0252934653476866,2,True,2,5,2
0.1694837650040941,0.0145935460524484,2,True,2,5,2
0.1553393569215813,-0.0071922931264154,2,True,2,5,2
0.1532837909576442,0.0183974442119077,2,True,2,5,2
0.2848531701840621,0.2625228866972583,2,True,1,5,2
0.2804792496675046,0.2523095655151127,2,True,1,5,2
0.2855424137993058,0.258103061669221,2,True,1,5,2
0.1696313006554902,0.0363580303695343,2,True,2,5,2
0.3148815769282149,0.2731612164384084,2,True,1,5,2
0.289446621551518,0.2665532625883501,2,True,1,5,2
0.169798106838572,0.0227234538822892,2,True,2,5,2
0.2149902529482245,0.7898785004771165,2,True,0,5,2
0.1448023785584848,0.0230003182554401,2,True,2,5,2
0.2506075857147222,0.7967890892222241,2,True,0,5,2
0.2820769251204367,0.2397055862277155,2,True,1,5,2
0.1611743462515405,0.015860008801749,2,True,2,5,2
0.2719365390101079,0.2083492600916032,2,True,1,5,2
0.2747765432907688,0.3000281542345134,2,True,3,5,2
0.1454349701585763,0.017628297186958,2,True,2,5,2
0.1702036325643335,0.0201956825989142,2,True,2,5,2
0.0488883417199658,0.7634249730194563,2,True,4,5,2
0.0645684840891484,0.7601302566824807,2,True,4,5,2
0.1552716481050464,0.0240089938943653,2,True,2,5,2
0.1465180014194544,0.0221246835675469,2,True,2,5,2
0.297772522971335,0.292796966810162,2,True,1,5,2
0.2820813910715435,0.2636086556365488,2,True,1,5,2
0.0713139328009206,0.7683947707102444,2,True,4,5,2
0.1523632825519521,0.0041271540925783,2,True,2,5,2
0.1606602322379081,0.0088852106248701,2,True,2,5,2
0.2922249745651659,0.3092183709470796,2,True,3,5,2
0.2588637796703522,0.245537543321878,2,True,1,5,2
0.2184004101869378,0.7924056715231467,2,True,0,5,2
0.1603285663301156,0.0157335446504647,2,True,2,5,2
0.2812587682229175,0.3064110182502874,2,True,3,5,2
0.27559255268019,0.2485692516161121,2,True,1,5,2
0.1501087334646611,0.0248727430457577,2,True,2,5,2
0.1443151376012355,0.021290351552431,2,True,2,5,2
0.2778272977189571,0.3000477552255119,2,True,3,5,2
0.2510561746183382,0.2996235371420969,2,True,1,5,2
0.1403737083873409,-0.0083419929075378,2,True,2,5,2
0.2343985411509737,0.8075599469792849,2,True,0,5,2
0.2876850789823474,0.3364085958841815,2,True,3,5,2
0.1571041522853279,0.0220110355302289,2,True,2,5,2
0.0337536575417706,0.7685070978029053,2,True,4,5,2
0.2792233431075386,0.2099816637912029,2,True,1,5,2
0.2916809295452533,0.2913940772709297,2,True,3,5,2
0.2946645365000359,0.2610847238580632,2,True,1,5,2
0.0411624981229904,0.7784139071974338,2,True,4,5,2
0.2439363121122345,0.7975891905898684,2,True,0,5,2
0.1385781744236447,0.0152916456442137,2,True,2,5,2
0.1492023295511045,0.0227919971038289,2,True,2,5,2
0.2298981511680373,0.7993354679180807,2,True,0,5,2
0.2793774343684239,0.2573433669151821,2,True,1,5,2
0.2818294757813041,0.2560016661777936,2,True,1,5,2
0.286261805795315,0.2522404006053095,2,True,1,5,2
0.0287033050298081,0.7670376762966478,2,True,4,5,2
0.1521801504708834,0.0453440093162876,2,True,2,5,2
0.0447129572895456,0.7711050585880521,2,True,4,5,2
0.1663360709303491,0.0083769502127061,2,True,2,5,2
0.2257467205649555,0.7816607871504744,2,True,0,5,2
0.1352707786389387,0.0193872233156675,2,True,2,5,2
0.2618529517478209,0.2546843712764522,2,True,1,5,2
0.1558220840649935,0.0155681344203645,2,True,2,5,2
0.2206755585154411,0.8058943115009656,2,True,0,5,2
0.2753908273500242,0.3133269306983956,2,True,3,5,2
0.2189130881260616,0.2518657062125962,2,True,1,5,2
0.2769563096532816,0.2222852313630406,2,True,1,5,2
0.2402802182225645,0.2794536735584642,2,True,1,5,2
0.2855872810938349,0.2994896115588594,2,True,3,5,2
0.1345418569480321,0.0250507356824213,2,True,2,5,2
0.1617764088546526,0.0222428943388948,2,True,2,5,2
0.2809070540098294,0.2564505054429188,2,True,1,5,2
0.1772262629429878,-0.0056322076187452,2,True,2,5,2
0.2730188752064895,0.2606691465818339,2,True,1,5,2
0.2593660955027418,0.3331211810467789,2,True,3,5,2
0.2884722603838269,0.2560831873651226,2,True,1,5,2
0.1320006367417274,0.0158419572687563,2,True,2,5,2
0.136819703932804,0.0257420672781326,2,True,2,5,2
0.2105685524302343,0.7985768885523243,2,True,0,5,2
0.1261339454288718,0.0023523953196899,2,True,2,5,2
0.1506599511586102,0.0103411611047924,2,True,2,5,2
0.2197755891651053,0.8048895494092032,2,True,0,5,2
0.2805344110423131,0.2514133748255817,2,True,1,5,2
0.2818538684788813,0.2496996249758016,2,True,1,5,2
0.2847406309695986,0.288200212273267,2,True,3,5,2
0.2153467558466177,0.8011313221416714,2,True,0,5,2
0.2272979786331083,0.8007143716603863,2,True,0,5,2
0.2906098750728205,0.2547833960281923,2,True,1,5,2
0.1504218397451873,0.0158014015636952,2,True,2,5,2
0.2997900864866132,0.2841171349195292,2,True,1,5,2
0.1583149745985827,0.0102258186611846,2,True,2,5,2
0.2912772597374669,0.2770364117933453,2,True,3,5,2
0.1603040798575249,0.0213029219419816,2,True,2,5,2
0.2856104235444022,0.2281978546819862,2,True,1,5,2
0.279907489600637,0.289078807650923,2,True,3,5,2
0.0504675945525723,0.7689194603889035,2,True,4,5,2
0.1460046340229001,0.0083928839482794,2,True,2,5,2
0.2275400160668766,0.7954176588902445,2,True,0,5,2
0.1515312402712558,0.010550045703576,2,True,2,5,2
0.30235286227782,0.2647979308125595,2,True,1,5,2
0.1555684603092615,0.0087644787526028,2,True,2,5,2
0.2207229018184056,0.7931199178754972,2,True,0,5,2
0.1460506814545165,0.004820948747712,2,True,2,5,2
0.0243301629280782,0.7656969376589755,2,True,4,5,2
0.3088683954489027,0.2397373344387939,2,True,1,5,2
0.2617643864715583,0.2504560727668304,2,True,1,5,2
0.2671966855390231,0.2326561839941919,2,True,1,5,2
0.2863210403866853,0.2529546195252785,2,True,1,5,2
0.2114834261048413,0.8075735538235618,2,True,0,5,2
0.3060035416394498,0.3178918620142452,2,True,3,5,2
0.2925248739338602,0.3077138394489991,2,True,3,5,2
0.1352155926907916,0.0232091691683124,2,True,2,5,2
0.2794971993067444,0.2483857809003533,2,True,1,5,2
0.287081235132157,0.3091789794473465,2,True,3,5,2
0.2809584810911567,0.250771402648357,2,True,1,5,2
0.1568944318724054,0.0152118438637921,2,True,2,5,2
0.1484741432949657,-0.0016040814330279,2,True,2,5,2
0.2712239394849065,0.2389382659383035,2,True,1,5,2
0.1437705046475551,0.0054068385725454,2,True,2,5,2
0.2885979675265304,0.3025930611308315,2,True,3,5,2
0.1544757446331938,0.0067645660012745,2,True,2,5,2
0.2696491953675928,0.2658393759295041,2,True,1,5,2
0.1618403162519634,-0.0131242879239834,2,True,2,5,2
0.2580711720469638,0.3485004065387629,2,True,3,5,2
0.2701470527696725,0.2644416098396663,2,True,1,5,2
0.2239312140610911,0.7928413236348278,2,True,0,5,2
0.0451367621648036,0.7803573825561855,2,True,4,5,2
0.2894216421075145,0.2422268357390974,2,True,1,5,2
0.2742301684547053,0.3140714767534591,2,True,3,5,2
0.2795759378970369,0.2960201912594534,2,True,3,5,2
0.1483161135222043,0.0058271357017088,2,True,2,5,2
0.2318542533664809,0.7943004616113613,2,True,0,5,2
0.2800794446757373,0.2893749878189945,2,True,3,5,2
0.2856188291004062,0.2471321497720991,2,True,1,5,2
0.2825340254127107,0.2993317588458675,2,True,3,5,2
0.2886810638566474,0.3081695367445146,2,True,3,5,2
0.2863969451907626,0.265166974108711,2,True,1,5,2
0.1966825985764312,0.7977909720728158,2,True,0,5,2
0.1521321043964852,0.00331813701769,2,True,2,5,2
0.2640894793802334,0.2590852523949528,2,True,1,5,2
0.2847563042349816,0.319692864801055,2,True,3,5,2
0.2719801763692628,0.2929956687997863,2,True,3,5,2
0.227152013947946,0.7916601968396524,2,True,0,5,2
0.1432170668769793,0.0008475107449076,2,True,2,5,2
0.2979354701787856,0.2483751851564886,2,True,1,5,2
0.1639594315795037,-0.0161858434348292,2,True,2,5,2
0.2292798872971428,0.7867436459520166,2,True,0,5,2
0.261197602491788,0.2360087344530985,2,True,1,5,2
0.2741376509003851,0.2513175835132739,2,True,1,5,2
0.2356724107752103,0.7745172674600964,2,True,0,5,2
0.1511954303011585,-0.0012540417060035,2,True,2,5,2
0.1652105310055882,-0.0219048867082046,2,True,2,5,2
0.148273993236314,0.0044767026035982,2,True,2,5,2
0.3026814036625242,0.3154551320956193,2,True,3,5,2
0.2728475253728847,0.2637722978505658,2,True,1,5,2
0.2240469620941267,0.7901739468178486,2,True,0,5,2
0.285252619033181,0.2996438599901344,2,True,3,5,2
0.2218752856244667,0.7750057338754983,2,True,0,5,2
0.143123743989257,0.0090663002466954,2,True,2,5,2
0.2304343674259945,0.7863442335630656,2,True,0,5,2
0.2638371177613821,0.3138107636664057,2,True,3,5,2
0.1498376515908955,-0.015800206352135,2,True,2,5,2
0.1469712656555152,-0.0163581728703755,2,True,2,5,2
0.2877422448248219,0.2593077030127344,2,True,1,5,2
0.1246793189062194,0.0218422253507358,2,True,2,5,2
0.307867983480433,0.1968175673399354,2,True,1,5,2
0.2616239460734391,0.2273985184230406,2,True,1,5,2
0.2789983395228098,0.2446488466984566,2,True,1,5,2
0.1461508548456712,0.0025004182505317,2,True,2,5,2
0.3056905271043917,0.2625868392936973,2,True,3,5,2
0.1452090682462036,0.0024626038232753,2,True,2,5,2
0.1601587916109907,-0.0054899661758382,2,True,2,5,2
0.2801902741634838,0.3127270872951736,2,True,3,5,2
0.1254560753532791,0.0078235243105782,2,True,2,5,2
0.2329821462953653,0.8275408866194809,2,True,0,5,2
0.2378861747003075,0.8185299052081227,2,True,0,5,2
0.2881857470465794,0.2840245774973166,2,True,3,5,2
0.2171929501768429,0.8056168526343586,2,True,0,5,2
0.1491251180344239,0.0059951037293466,2,True,2,5,2
0.122644704345635,0.0202058768788726,2,True,2,5,2
0.2630786243188174,0.2384266415751051,2,True,1,5,2
0.2830963118279249,0.2360768565581467,2,True,1,5,2
0.2723878964031783,0.2982036173571791,2,True,3,5,2
0.2818036183535928,0.3133811211194244,2,True,3,5,2
0.2133635800105804,0.7888837627745623,2,True,0,5,2
0.1467313258889546,7.750003842848185e-05,2,True,2,5,2
0.2888559948643595,0.2288969993600098,2,True,1,5,2
0.0555309891101463,0.7776084542597043,2,True,4,5,2
0.218375269065765,0.7850627904303414,2,True,0,5,2
0.2698740605194855,0.2622088792781141,2,True,1,5,2
0.0453753896885887,0.7868135144576749,2,True,4,5,2
0.2188904126188481,0.7867872631579353,2,True,0,5,2
0.1451328241156758,0.020582410774138,2,True,2,5,2
0.2802976986924446,0.2628355303105036,2,True,3,5,2
0.1550410262897528,-0.0080146140917393,2,True,2,5,2
0.2465748869453651,0.2234503580860202,2,True,1,5,2
0.2510618369169053,0.2331866171552445,2,True,1,5,2
0.1495088945946185,0.0015294375593926,2,True,2,5,2
0.2231685334552866,0.7844751706777737,2,True,0,5,2
0.1568815208196511,0.0182202037805059,2,True,2,5,2
0.2168347347050098,0.782134539575458,2,True,0,5,2
0.1437030436761097,-0.0030692992446354,2,True,2,5,2
0.2811901416433041,0.2654910954870424,2,True,1,5,2
0.1128693497551135,-0.0279256999036112,2,True,2,5,2
0.2949123895303539,0.231640403399604,2,True,1,5,2
0.1524320392249704,-0.0030026091419837,2,True,2,5,2
0.2003077100461331,0.7989493641678357,2,True,0,5,2
0.2805772155209652,0.3328953657349783,2,True,3,5,2
0.2873704133144428,0.3125754290978784,2,True,3,5,2
0.1711268690106456,-0.004004297729858,2,True,2,5,2
0.2795512101045886,0.2547769990730111,2,True,1,5,2
0.1514402024879692,4.887527979976971e-05,2,True,2,5,2
0.2724631554650928,0.242579715471283,2,True,1,5,2
0.2068706572595898,0.7685431215590265,2,True,0,5,2
0.2838801546849839,0.2451386510126,2,True,1,5,2
0.3166969359269098,0.3020081625295679,2,True,3,5,2
0.1447468363431922,0.0059913033798457,2,True,2,5,2
0.2802942018814831,0.2374090861438224,2,True,1,5,2
0.1385005042227092,-9.9728981758133e-05,2,True,2,5,2
0.1925611810397891,0.8173751744032753,2,True,0,5,2
0.2982115839888632,0.3189691269558389,2,True,3,5,2
0.1996134200763161,0.7641740213477847,2,True,0,5,2
0.2913680729482412,0.2278933843125586,2,True,1,5,2
0.2904480524867354,0.237051236385548,2,True,1,5,2
0.2196236642664919,0.7768662004181931,2,True,0,5,2
0.1452655193148851,0.0006862019061223,2,True,2,5,2
0.1532859747985083,0.0058400497499627,2,True,2,5,2
0.0693063021248011,0.7734751714467571,2,True,4,5,2
0.2985474249889843,0.3201457803047497,2,True,3,5,2
0.1441571608902198,-0.0043670223669495,2,True,2,5,2
0.2808931736171795,0.2353677639166749,2,True,1,5,2
0.1453509300764896,0.0044384266333449,2,True,2,5,2
0.2995511740901576,0.296140829238053,2,True,3,5,2
0.3132718678270222,0.3101423388592492,2,True,3,5,2
0.2178538463896519,0.7959230195540575,2,True,0,5,2
0.0655145917955552,0.7739537769006872,2,True,4,5,2
0.2787527725604963,0.2345045553958915,2,True,1,5,2
0.2354673528846966,0.7958432146096859,2,True,0,5,2
0.1377118882310918,0.0013909949184258,2,True,2,5,2
0.2205108236679256,0.7922931686346089,2,True,0,5,2
0.3130334292522643,0.3287608343192746,2,True,3,5,2
0.1900516237590499,0.7939178674632582,2,True,0,5,2
0.152522006352642,0.0040666035182888,2,True,2,5,2
0.3056421800141624,0.3107074280684319,2,True,3,5,2
0.3065099777383513,0.2495521768268706,2,True,1,5,2
0.0612939361928633,0.7859738690563889,2,True,4,5,2
0.2809857882092478,0.2416847861849035,2,True,1,5,2
0.2277160610075346,0.7948541784509957,2,True,0,5,2
0.2781965647969686,0.2346969978726734,2,True,1,5,2
0.1592086624773298,-0.0062385099571079,2,True,2,5,2
0.2316395571024274,0.7620376638920717,2,True,0,5,2
0.268770917381068,0.2496437845564154,2,True,1,5,2
0.2964590245026554,0.3134391728769945,2,True,3,5,2
0.1995617307363045,0.7741127263901753,2,True,0,5,2
0.2795314684653568,0.3180573765649125,2,True,3,5,2
0.045088768482065,0.7846422356622147,2,True,4,5,2
0.1538543647080246,-0.0036521292837017,2,True,2,5,2
0.2932397352400401,0.2294742735447197,2,True,1,5,2
0.2931089120604376,0.2356092980571393,2,True,1,5,2
0.1579316838387975,-0.0084234267882758,2,True,2,5,2
0.3022552022033723,0.2437558433935494,2,True,1,5,2
0.2420043262757575,0.7543395252083298,2,True,0,5,2
0.143672808517454,0.0123281425694289,2,True,2,5,2
0.1675616852748649,-0.0332413283270385,2,True,2,5,2
0.2764706905403936,0.3091957482996849,2,True,3,5,2
0.1995861259049995,0.7897495961645472,2,True,0,5,2
0.2197352770188392,0.7862064686593911,2,True,0,5,2
0.2202531906458541,0.7832497510742933,2,True,0,5,2
0.1189877418419435,-0.0160871326183552,2,True,2,5,2
0.2790732650186862,0.2277757748032022,2,True,1,5,2
0.1466900870731826,0.0143447518553822,2,True,2,5,2
0.0647102667324145,0.7639408413039914,2,True,4,5,2
0.1442314712866474,0.006281604471754,2,True,2,5,2
0.2710930122660003,0.2315523744393537,2,True,1,5,2
0.2350430854048386,0.7930182515379092,2,True,0,5,2
0.0735353787141155,0.7810507513869541,2,True,4,5,2
0.214112233387457,0.7753857348013498,2,True,0,5,2
0.1398146301011211,0.0033504286328416,2,True,2,5,2
0.2722391716909151,0.2186096520161208,2,True,1,5,2
0.2071400176766138,0.7795229847164272,2,True,0,5,2
0.1423772798583236,0.0059560485050041,2,True,2,5,2
0.2900072923663296,0.2282845575226119,2,True,1,5,2
0.1590615719066157,0.021130140735228,2,True,2,5,2
0.2047779018403382,0.7691995747649627,2,True,0,5,2
0.0694059270533725,0.7775081120187562,2,True,4,5,2
0.2875246906643833,0.24144613751357,2,True,1,5,2
0.0626587821275508,0.7847269859755457,2,True,4,5,2
0.1796542802247103,0.7815539192913243,2,True,0,5,2
0.1495182571554525,0.0190147506043718,2,True,2,5,2
0.2061673979448653,0.7819101718288557,2,True,0,5,2
0.0799123252811087,0.7919390886648029,2,True,4,5,2
0.2404893234826151,0.7637619173315879,2,True,0,5,2
0.2923199020064845,0.2062356279319094,2,True,1,5,2
0.2894432632289658,0.3422728785637473,2,True,3,5,2
0.2087051948703402,0.7857319105721641,2,True,0,5,2
0.0732258681841642,0.7723524758928507,2,True,4,5,2
0.1492516173935592,0.0049596336889734,2,True,2,5,2
0.1298281207169234,0.0173942911003864,2,True,2,5,2
0.2713789516916312,0.2331272737225802,2,True,1,5,2
0.2529168569057521,0.7683215162452919,2,True,0,5,2
0.154933229816619,0.0178458395793237,2,True,2,5,2
0.198705849439024,0.7998279437752128,2,True,0,5,2
0.2207461256530071,0.7735856991072071,2,True,0,5,2
0.1523787241081628,0.0327195051482814,2,True,2,5,2
0.1457354529211109,0.0210199697744926,2,True,2,5,2
0.2226244222149561,0.7721130135474593,2,True,0,5,2
0.2240440085815389,0.7999072613764288,2,True,0,5,2
0.2676801250794128,0.2324486597605583,2,True,1,5,2
0.2590691475014928,0.2096965207986305,2,True,1,5,2
0.32846351517758,0.3337878159456193,2,True,3,5,2
0.1546300194284496,0.0202122333619963,2,True,2,5,2
0.1414736369274777,0.01531220882166,2,True,2,5,2
0.2112998366159084,0.7741772429937074,2,True,0,5,2
0.2793941404779021,0.2211686146714467,2,True,1,5,2
0.142470403316092,0.0149783442448877,2,True,2,5,2
0.3059037575709869,0.3068185574424699,2,True,3,5,2
0.1401545202875622,0.0138312400784577,2,True,2,5,2
0.2046551310139996,0.7765219554036324,2,True,0,5,2
0.270560495390142,0.2350137316294437,2,True,1,5,2
0.2834802236343636,0.1847867413083308,2,True,1,5,2
0.2105056841432003,0.7815583775784468,2,True,0,5,2
0.3184069960937919,0.3349193413510443,2,True,3,5,2
0.1413158906673206,0.0116685659039314,2,True,2,5,2
0.072965732766857,0.7870394614189116,2,True,4,5,2
0.2992713549464818,0.3231151595935332,2,True,3,5,2
0.2754205162817464,0.2299731382462088,2,True,1,5,2
0.1334233375292074,0.0130572132122825,2,True,2,5,2
0.2243867967426127,0.7963457722150593,2,True,0,5,2
0.1432345333609,0.0110234473550968,2,True,2,5,2
0.2691818912347606,0.1832410477183693,2,True,1,5,2
0.1404245754324093,0.0065559275040776,2,True,2,5,2
0.2014482805616322,0.7706132925793394,2,True,0,5,2
0.0788191991001273,0.8231360378746139,2,True,4,5,2
0.23555230664481,0.7596506599982725,2,True,0,5,2
0.3016899048485012,0.3234959961806332,2,True,3,5,2
0.1416620848136208,0.0051546417497159,2,True,2,5,2
0.2808340025575038,0.2258043836036193,2,True,1,5,2
0.2840410501973646,0.2235158592592511,2,True,1,5,2
0.1420954574544526,0.0127542449479716,2,True,2,5,2
0.1389718234796283,0.0188845817860817,2,True,2,5,2
0.2444735383066028,0.2109535509432356,2,True,1,5,2
0.3031655701785221,0.3092656516321089,2,True,3,5,2
0.3015525775309032,0.3449783136226473,2,True,3,5,2
0.141996004852509,0.0134180726107992,2,True,2,5,2
0.2785632303902622,0.2361691338689224,2,True,1,5,2
0.3039457701804817,0.3127264718627694,2,True,3,5,2
0.1424286895418834,0.0147226708362492,2,True,2,5,2
0.1265978737804637,0.0168266089937353,2,True,2,5,2
0.159752477672908,0.0056626327598079,2,True,2,5,2
0.2264037704106751,0.7678335254770363,2,True,0,5,2
0.209396284095261,0.7590597841692497,2,True,0,5,2
0.1937642309454004,0.7693719453336477,2,True,0,5,2
0.0599628593218674,0.7959660909616029,2,True,4,5,2
0.1890191894466059,0.7606233842604211,2,True,0,5,2
0.2836981792317415,0.2331211170578857,2,True,1,5,2
0.1450437986742761,0.013727438732807,2,True,2,5,2
0.2713162931932142,0.2460279229817033,2,True,1,5,2
0.1482184770614981,0.0169866859806708,2,True,2,5,2
0.1500176687009027,0.0203831177507703,2,True,2,5,2
0.1266126371575933,0.013236250874674,2,True,2,5,2
0.0693039533974205,0.7860707727329664,2,True,4,5,2
0.2308779489233109,0.7569857706291856,2,True,0,5,2
0.1348294244197336,0.0180201878602808,2,True,2,5,2
0.0622648753409584,0.7837066597634117,2,True,4,5,2
0.298755814416457,0.3290561936059161,2,True,3,5,2
0.1320806530513224,0.0457486255885601,2,True,2,5,2
0.2158780679190918,0.771745545264587,2,True,0,5,2
0.1331391961872988,0.0110470512576746,2,True,2,5,2
0.1491899767402582,0.0247051422491801,2,True,2,5,2
0.2268380684798377,0.7325120213847954,2,True,0,5,2
0.1543538649556587,0.0018304577320962,2,True,2,5,2
0.1357547596801906,-0.0076932821589318,2,True,2,5,2
0.3216083144718277,0.3081334465891749,2,True,3,5,2
0.2407335709632958,0.7570947488936867,2,True,0,5,2
0.1396963354790804,0.0011041457723133,2,True,2,5,2
0.2981565136758546,0.2416610668017015,2,True,1,5,2
0.2051574610587031,0.7796167867234761,2,True,0,5,2
0.2634004973793249,0.2219807238951786,2,True,1,5,2
0.2764367716634579,0.208140186132376,2,True,1,5,2
0.2230797732115374,0.7714280447100452,2,True,0,5,2
0.1479365829089113,0.0105168863836526,2,True,2,5,2
0.1457311692718688,0.0195794301357172,2,True,2,5,2
0.2948107600240199,0.2080994317903641,2,True,1,5,2
0.3141343298935157,0.3128951212302672,2,True,3,5,2
0.1404902250962926,0.0169877458692835,2,True,2,5,2
0.0669531991207457,0.8037032253321847,2,True,4,5,2
0.2149570484726879,0.7690321807501622,2,True,0,5,2
0.0862589923590185,0.7864220768240059,2,True,4,5,2
0.2794020494682436,0.2203643011849246,2,True,1,5,2
0.1435198799848953,0.0060163340568394,2,True,2,5,2
0.1426152772134409,0.0089726989967344,2,True,2,5,2
0.2111843899276974,0.7692780342281647,2,True,0,5,2
0.3059994634960479,0.3223385696849552,2,True,3,5,2
0.3042507369359479,0.317040922019362,2,True,3,5,2
0.2710043117530507,0.2170291654556516,2,True,1,5,2
0.1440222035003583,0.017045367096096,2,True,2,5,2
0.1448347571517038,0.0312999607673116,2,True,2,5,2
0.3033370385332151,0.313763698965493,2,True,3,5,2
0.3078198658334192,0.3212005187119632,2,True,3,5,2
0.2793203587906062,0.2200512165767215,2,True,1,5,2
0.2805978611294405,0.3313060724589404,2,True,3,5,2
0.2540720150274557,0.1819071122590575,2,True,1,5,2
0.1328361501441288,0.004765632375954,2,True,2,5,2
0.236713617661874,0.7898138769309928,2,True,0,5,2
0.0745574451027626,0.7823895445950692,2,True,4,5,2
0.1495537538082713,0.0329158707163735,2,True,2,5,2
0.0798374313953544,0.7879606525318718,2,True,4,5,2
0.0729907618527807,0.7913170870883488,2,True,4,5,2
0.224240091892361,0.7788318691158709,2,True,0,5,2
0.2966095828355092,0.3179449932263867,2,True,3,5,2
0.1890639516271009,0.7724262268890995,2,True,0,5,2
0.1523746253818109,0.0093891750482833,2,True,2,5,2
0.1376404364816087,0.0168632906579007,2,True,2,5,2
0.1392592698779891,0.0210298421419031,2,True,2,5,2
0.1849183464740812,0.7639327727380347,2,True,0,5,2
0.2913558790514765,0.2028670405376961,2,True,1,5,2
0.1430857816515055,0.0264299360395044,2,True,2,5,2
0.315541934042056,0.1895628687931883,2,True,1,5,2
0.2826826892946932,0.2122358781570122,2,True,1,5,2
0.255573086891925,0.2288614421445761,2,True,1,5,2
0.1608808689717102,0.0185803241571621,2,True,2,5,2
0.217415593596627,0.7703238868564942,2,True,0,5,2
0.3053704250154311,0.3368885035664168,2,True,3,5,2
0.272009798178557,0.1779460850773839,2,True,1,5,2
0.2105611533682288,0.7785460146207857,2,True,0,5,2
0.1406227591492299,0.0224967680506257,2,True,2,5,2
0.2447229233756053,0.2213323601743257,2,True,1,5,2
0.3162645245774012,0.3197243534994863,2,True,3,5,2
0.0712850341235558,0.8233206717488841,2,True,4,5,2
0.2131188300311574,0.7677093717272842,2,True,0,5,2
0.0706425245840342,0.7754196411342816,2,True,4,5,2
0.138193533511306,0.0121883025768855,2,True,2,5,2
0.2827469356407677,0.2179276685628199,2,True,1,5,2
0.0678361888597422,0.7926643580832756,2,True,4,5,2
0.2975009841347401,0.2235953280144451,2,True,1,5,2
0.1556404657004354,0.0318047594958981,2,True,2,5,2
0.1929954881688856,0.7482207274211574,2,True,0,5,2
0.2767413944378091,0.2439308372428876,2,True,1,5,2
0.0573858584925514,0.7771400733818908,2,True,4,5,2
0.2793995037318979,0.3012514606909916,2,True,3,5,2
0.135083597438386,0.0038876992946622,2,True,2,5,2
0.2795166158032177,0.2230152140389573,2,True,1,5,2
0.1263907264564677,0.0284211694756552,2,True,2,5,2
0.131924527012086,0.0161969134310138,2,True,2,5,2
0.2108482152150121,0.7640738164905262,2,True,0,5,2
0.2119822805239192,0.7638050122906863,2,True,0,5,2
0.2110170305546895,0.7556019465942727,2,True,0,5,2
0.1380774852227222,0.021725706114161,2,True,2,5,2
0.2949843676848618,0.1969287440689187,2,True,1,5,2
0.2490376309454421,0.2013914019056178,2,True,1,5,2
0.2498804534793949,0.2148946155139079,2,True,1,5,2
0.1432562860715615,0.0225125749707858,2,True,2,5,2
0.1420806687107167,0.028236536470896,2,True,2,5,2
0.2899093263890175,0.2032587778173415,2,True,1,5,2
0.1433572606877996,0.0275176029007753,2,True,2,5,2
0.2919301552401165,0.223018000431169,2,True,1,5,2
0.0742104024220479,0.7893076020767564,2,True,4,5,2
0.2762804450968257,0.2145812343566439,2,True,1,5,2
0.2184670364048824,0.7398471269087703,2,True,0,5,2
0.3064358794427584,0.1780781888280299,2,True,1,5,2
0.1380396902767819,0.024882950642782,2,True,2,5,2
0.283907216389287,0.2174124917857753,2,True,1,5,2
0.2190824076415922,0.7464072552023975,2,True,0,5,2
0.1193391622121873,0.0271734676281999,2,True,2,5,2
0.224757071731732,0.7787715010282561,2,True,0,5,2
0.134731248648834,0.0273170973533779,2,True,2,5,2
0.2107763076296295,0.760984703295929,2,True,0,5,2
0.1970985972849977,0.7599254103384372,2,True,0,5,2
0.1346154368118204,0.0196503919967041,2,True,2,5,2
0.281178988010191,0.2112009251060992,2,True,1,5,2
0.3179681632884205,0.3192061380199176,2,True,3,5,2
0.1361068341269278,0.0239726092864339,2,True,2,5,2
0.2366382449649079,0.1801843555631654,2,True,1,5,2
0.0761463317488704,0.7971412973252591,2,True,4,5,2
0.3131735169606047,0.3269234679312012,2,True,3,5,2
0.2096742955206693,0.7548704601070744,2,True,0,5,2
0.196188300127951,0.7691733045186385,2,True,0,5,2
0.1349811194438508,0.0319664793792418,2,True,2,5,2
0.1633209149406244,0.0138141485762035,2,True,2,5,2
0.2021622552030459,0.7587914012338299,2,True,0,5,2
0.1340924667150242,0.0203707916425038,2,True,2,5,2
0.2874076208323317,0.3552874821882485,2,True,3,5,2
0.1282587870019969,0.0316487831316345,2,True,2,5,2
0.2510234516953647,0.236665270839374,2,True,1,5,2
0.2079050149959375,0.7835927890401002,2,True,0,5,2
0.2011361562150893,0.7763110272791018,2,True,0,5,2
0.1275717311422849,0.0247289815416851,2,True,2,5,2
0.3150466812867809,0.3253337568270366,2,True,3,5,2
0.2766511028068479,0.1941676806759655,2,True,1,5,2
0.1806331142195554,0.7489398562075467,2,True,0,5,2
0.3246316684943417,0.3396092004706958,2,True,3,5,2
0.2237399563030346,0.7727860621077458,2,True,0,5,2
0.1404016218249862,0.0308466597103518,2,True,2,5,2
0.2102140545203448,0.7626754086156026,2,True,0,5,2
0.3116462854987499,0.3244880760129563,2,True,3,5,2
0.1393174621451766,0.0091214095387283,2,True,2,5,2
0.1325353762192826,0.0183468410691155,2,True,2,5,2
0.1158590731749364,0.0330366846022908,2,True,2,5,2
0.129420165481598,0.0172953367130958,2,True,2,5,2
0.1350379165113064,0.0353773422531036,2,True,2,5,2
0.1224519197457229,0.0191799762661666,2,True,2,5,2
0.2682759994109905,0.2302240097223976,2,True,1,5,2
0.274028896266758,0.2377520184511681,2,True,1,5,2
0.1994956753475663,0.7517765568611273,2,True,0,5,2
0.1438685944741782,0.0411344902330276,2,True,2,5,2
0.3031348116628975,0.3221306397337214,2,True,3,5,2
0.2164407211168328,0.7632032456555713,2,True,0,5,2
0.1543276909636436,0.0541783126135247,2,True,2,6,2
0.2921493623099373,0.2285581448400677,2,True,1,6,2
0.1339578960654002,0.0334842073132136,2,True,2,6,2
0.2070495784820892,0.7637756003604291,2,True,0,6,2
0.1447168277954972,0.043078601301397,2,True,2,6,2
0.208197224012418,0.7604006478892137,2,True,0,6,2
0.1363364577261492,0.0290281536285359,2,True,2,6,2
0.1407036204732383,0.0568302068030283,2,True,2,6,2
0.1401163505589876,0.0264354250733853,2,True,2,6,2
0.2825127388795572,0.192177562372925,2,True,1,6,2
0.3168521361244459,0.3273851445815258,2,True,3,6,2
0.2806195301786779,0.2071230835424095,2,True,1,6,2
0.3317923414404765,0.3227937563396829,2,True,3,6,2
0.30870137385468,0.3138399402618831,2,True,3,6,2
0.2613384696894852,0.1799055796111248,2,True,1,6,2
0.0837170911667939,0.7961785849751325,2,True,4,6,2
0.3303527691756814,0.3047878270441004,2,True,3,6,2
0.2135492809904021,0.7583482158271463,2,True,0,6,2
0.1965767630645669,0.7405968597493321,2,True,0,6,2
0.0797422480361074,0.7934041144576797,2,True,4,6,2
0.217620343523708,0.7552239808824596,2,True,0,6,2
0.3126884155256897,0.2193400522867289,2,True,1,6,2
0.1946622179865412,0.7519183354553214,2,True,0,6,2
0.1422977504599337,0.035669865229117,2,True,2,6,2
0.1431997574414856,0.0234715310884592,2,True,2,6,2
0.3139611834045918,0.3277644092071538,2,True,3,6,2
0.2140801815522756,0.7535041493129861,2,True,0,6,2
0.3162068534941595,0.3363951587023288,2,True,3,6,2
0.2744949596966781,0.1762621148778514,2,True,1,6,2
0.3238110966722109,0.3156727865813811,2,True,3,6,2
0.0700028868835817,0.7889231722371318,2,True,4,6,2
0.3268203062632625,0.3218572527584791,2,True,3,6,2
0.1962840317238383,0.7433967608014226,2,True,0,6,2
0.2563919279897969,0.1967044909929291,2,True,1,6,2
0.1537214460073472,0.0341525942285128,2,True,2,6,2
0.265020505823046,0.2186457938705852,2,True,1,6,2
0.2901513799841519,0.1980610446357619,2,True,1,6,2
0.1358294939533043,0.0389698558609965,2,True,2,6,2
0.2090687779291289,0.7543806365646973,2,True,0,6,2
0.1274252117936761,0.021037208040818,2,True,2,6,2
0.1425670745692866,0.0392864736784431,2,True,2,6,2
0.1422203311216966,0.0279400503602568,2,True,2,6,2
0.1369854563388323,0.0335451461955297,2,True,2,6,2
0.3135324731891129,0.3313359275897158,2,True,3,6,2
0.2079956556207793,0.7559138617140899,2,True,0,6,2
0.2004641216455989,0.7590853515544581,2,True,0,6,2
0.2665088970215423,0.1780916771963403,2,True,1,6,2
0.2066543802505641,0.7541361923224791,2,True,0,6,2
0.304794706482234,0.313721532084837,2,True,3,6,2
0.2765100242344288,0.2074672918861086,2,True,1,6,2
0.3272711165381213,0.3597082689964104,2,True,3,6,2
0.143404593380153,0.0342254404803306,2,True,2,6,2
0.3073174852958887,0.3509500263332737,2,True,3,6,2
0.1896575093299658,0.7467313161525315,2,True,0,6,2
0.2920740107320639,0.215503557384656,2,True,1,6,2
0.2765996969313907,0.2050643726730154,2,True,1,6,2
0.3842029810778101,0.2997956479711524,2,True,3,6,2
0.1347366993296593,0.0337033986609256,2,True,2,6,2
0.1308277545010187,0.0302831595299695,2,True,2,6,2
0.3173213128158366,0.3244907093398301,2,True,3,6,2
0.1609187583353163,0.0346104667852306,2,True,2,6,2
0.2143657405317835,0.7440113600857756,2,True,0,6,2
0.3132714249771237,0.3621530695013383,2,True,3,6,2
0.3238784181412713,0.3448705185730997,2,True,3,6,2
0.1297683178130265,0.0422583022980608,2,True,2,6,2
0.1825132568353413,0.7706215349840543,2,True,0,6,2
0.1404992340066327,0.0302646310284201,2,True,2,6,2
0.2622535901997451,0.1633823382720962,2,True,1,6,2
0.285587154343829,0.1798990181496704,2,True,1,6,2
0.2084862848616909,0.754483725553323,2,True,0,6,2
0.2030406021313502,0.7528677251375596,2,True,0,6,2
0.2056368243173599,0.7659614844824201,2,True,0,6,2
0.2756195250175944,0.1979616236645708,2,True,1,6,2
0.2510461247888573,0.1778585035064127,2,True,1,6,2
0.1406690910432047,0.0468016957540038,2,True,2,6,2
0.1594530313702906,0.021973021931922,2,True,2,6,2
0.2658167506837381,0.188036600017361,2,True,1,6,2
0.1357791575768904,0.0389134073479311,2,True,2,6,2
0.3046831507204582,0.3087812376300488,2,True,3,6,2
0.1962413265214528,0.7583740261628025,2,True,0,6,2
0.1213112218258789,0.8000879249817965,2,True,4,6,2
0.3050117623202532,0.3416285140567994,2,True,3,6,2
0.1361774803634784,0.022041779762182,2,True,2,6,2
0.2893951617208977,0.2101737575062788,2,True,1,6,2
0.136389897341208,0.0375694034837668,2,True,2,6,2
0.202140087506132,0.7415054731716965,2,True,0,6,2
0.1771536189978414,0.7568304145495618,2,True,0,6,2
0.2966813124702223,0.3184828353758665,2,True,3,6,2
0.20067160060736,0.7447966508940616,2,True,0,6,2
0.1329977783533705,0.0411951330965138,2,True,2,6,2
0.2847868482789473,0.202515247968814,2,True,1,6,2
0.2171447284099655,0.7419046877694389,2,True,0,6,2
0.1490637969753913,0.0302125413069547,2,True,2,6,2
0.2060336411057736,0.7305947777884569,2,True,0,6,2
0.2418450583514604,0.2266465707608209,2,True,1,6,2
0.1081647751945444,0.0564525792546969,2,True,2,6,2
0.2088931091981111,0.7503849147831588,2,True,0,6,2
0.1483509175765616,0.0608643104750625,2,True,2,6,2
0.2414005520885416,0.736252957198443,2,True,0,6,2
0.2781227955252354,0.1974761699816911,2,True,1,6,2
0.1952785065363471,0.7415758254436664,2,True,0,6,2
0.1356041477896429,0.0350175949197519,2,True,2,6,2
0.2670164983081079,0.1973851994525767,2,True,1,6,2
0.3269439502732552,0.3286252656122292,2,True,3,6,2
0.3366749487430411,0.3055378647898047,2,True,3,6,2
0.2749871018079953,0.1949355555346508,2,True,1,6,2
0.1091889329181251,0.0344123625660367,2,True,2,6,2
0.0850949595082046,0.8031924258850873,2,True,4,6,2
0.127868662060429,0.0284570016453165,2,True,2,6,2
0.0902289752256712,0.7913251947856123,2,True,4,6,2
0.1913720047541545,0.7543889315680119,2,True,0,6,2
0.1308723635289432,0.0451173412232503,2,True,2,6,2
0.0907360752378405,0.8020232384206537,2,True,4,6,2
0.1387769868475147,0.04122095267987,2,True,2,6,2
0.3058105729854403,0.344993612416963,2,True,3,6,2
0.0873248098672258,0.7977687033888489,2,True,4,6,2
0.3280341674988155,0.3330937363981816,2,True,3,6,2
0.2812345402187323,0.1567813811221381,2,True,1,6,2
0.2834851672841519,0.1986437415762412,2,True,1,6,2
0.1259064165868528,0.0274279462556432,2,True,2,6,2
0.1020428922005768,0.8264049377473066,2,True,4,6,2
0.0922952609591189,0.8027831323245882,2,True,4,6,2
0.1316613296722933,0.0534640885358263,2,True,2,6,2
0.2782644997661338,0.1998829305769739,2,True,1,6,2
0.1317603916645105,0.0406979375998682,2,True,2,6,2
0.3132226565828334,0.3464271359072666,2,True,3,6,2
0.1088793481597599,0.0370365195422092,2,True,2,6,2
0.3053152413518969,0.1346219459503175,2,True,1,6,2
0.1313906027156106,0.0432431920224768,2,True,2,6,2
0.292275340099803,0.165616475942726,2,True,1,6,2
0.1993908003016435,0.751529789698615,2,True,0,6,2
0.2790141334964346,0.1959044308902268,2,True,1,6,2
0.0851039226875132,0.804877636295813,2,True,4,6,2
0.1454215889680913,0.0549566562730919,2,True,2,6,2
0.2920939864267214,0.1764336021600596,2,True,1,6,2
0.2400079514787414,0.176676077745608,2,True,1,6,2
0.0958873086030399,0.7979526710256302,2,True,4,6,2
0.132357704076702,0.0501466735500422,2,True,2,6,2
0.1431767482724974,0.0434524033988395,2,True,2,6,2
0.2807382339343923,0.2057347023235942,2,True,1,6,2
0.2806817438354141,0.2088532305693844,2,True,1,6,2
0.314231860476715,0.1818987619585393,2,True,1,6,2
0.2826432611762893,0.1707669876313922,2,True,1,6,2
0.3181933050157364,0.2149227098485159,2,True,1,6,2
0.1326256218345854,0.0244308580449298,2,True,2,6,2
0.1252499246118635,0.0347638713138647,2,True,2,6,2
0.1170023559126103,0.0256600668368864,2,True,2,6,2
0.1023505166211129,0.8053378869628334,2,True,4,6,2
0.2869875718617057,0.220311423917182,2,True,1,6,2
0.209005221789923,0.7551607904925771,2,True,0,6,2
0.1173194091933675,0.0346644426735455,2,True,2,6,2
0.3259288301675003,0.3322023160338175,2,True,3,6,2
0.3271463043434974,0.3344813185179678,2,True,3,6,2
0.3233178398293407,0.1889573205544687,2,True,1,6,2
0.2628352507125432,0.2059755364226235,2,True,1,6,2
0.1427402468600386,0.0532680979555705,2,True,2,6,2
0.1673887987906091,0.7475228242907456,2,True,0,6,2
0.1283017694292808,0.0465846988077178,2,True,2,6,2
0.1987181170385158,0.745509114792874,2,True,0,6,2
0.2017004291961958,0.7326445272907633,2,True,0,6,2
0.1295255779155852,0.0413512356222554,2,True,2,6,2
0.2779882974075382,0.1923915491917801,2,True,1,6,2
0.2481294464395763,0.2201183250430344,2,True,1,6,2
0.2754781484222026,0.2017352910169737,2,True,1,6,2
0.1105336965881984,0.0303839905916495,2,True,2,6,2
0.2828497300177217,0.1970481648146728,2,True,1,6,2
0.1353825137451034,0.0405769505925982,2,True,2,6,2
0.13448852294546,0.0413006863904366,2,True,2,6,2
0.3059546609162285,0.312110539241184,2,True,3,6,2
0.1209350797714361,0.0239857041461333,2,True,2,6,2
0.3018081279699147,0.3714386884708449,2,True,3,6,2
0.1606012237152697,0.7485878012125311,2,True,0,6,2
0.2741469281736473,0.1932443687069281,2,True,1,6,2
0.1040257905806194,0.0502691962924947,2,True,2,6,2
0.2634208479815683,0.2010923392173089,2,True,1,6,2
0.2062648568777204,0.7491178937139831,2,True,0,6,2
0.3312958513353379,0.3382646761819666,2,True,3,6,2
0.1288246676591713,0.0438815591209773,2,True,2,6,2
0.0819657667150887,0.822799077476261,2,True,4,6,2
0.2738238155135451,0.1897501850296751,2,True,1,6,2
0.1097497262286091,0.8042531942850755,2,True,4,6,2
0.1986968080697889,0.7376634414717468,2,True,0,6,2
0.2608208810807011,0.1879105895115951,2,True,1,6,2
0.059469589070595,0.8065443194922188,2,True,4,6,2
0.2057258959127309,0.7446039885703475,2,True,0,6,2
0.1148939298188745,0.0518239808057596,2,True,2,6,2
0.139627626722819,0.0554321864375264,2,True,2,6,2
0.3398639397643296,0.3296488402907095,2,True,3,6,2
0.1313309454030134,0.066918778696169,2,True,2,6,2
0.3235074446415735,0.336023297285351,2,True,3,6,2
0.2067327237299319,0.7252583754918398,2,True,0,6,2
0.1367160811933847,0.0488405999177078,2,True,2,6,2
0.2813788654607768,0.2166276435638486,2,True,1,6,2
0.1173230147095161,0.0444031646392099,2,True,2,6,2
0.0986224189925372,0.8062228307674896,2,True,4,6,2
0.3106205868889133,0.2031315396482405,2,True,1,6,2
0.1326879254383544,0.0369428423654071,2,True,2,6,2
0.2033362559444757,0.7522804918679304,2,True,0,6,2
0.2774453428294638,0.1906088774425599,2,True,1,6,2
0.1909076472634875,0.7028583238294402,2,True,0,6,2
0.354403173450695,0.3029268481974895,2,True,3,6,2
0.3285847217421124,0.3445981272811433,2,True,3,6,2
0.3318140841046453,0.3517238593980483,2,True,3,6,2
0.1022246536279107,0.8056192014404839,2,True,4,6,2
0.282608638667704,0.1852691964332563,2,True,1,6,2
0.2879712038303642,0.176610557003237,2,True,1,6,2
0.1273615261267136,0.0460492065487639,2,True,2,6,2
0.3221639787472972,0.3332162979364316,2,True,3,6,2
0.1284162316302665,0.0505163335510361,2,True,2,6,2
0.1435135909671109,0.0399938430919336,2,True,2,6,2
0.1924679844774012,0.7522546628761176,2,True,0,6,2
0.2694436917036567,0.1897325577005251,2,True,1,6,2
0.2787304485547597,0.187381728958646,2,True,1,6,2
0.3396692256804854,0.3357837191320762,2,True,3,6,2
0.1756630469862019,0.7335436851800758,2,True,0,6,2
0.3122554689290018,0.3523463132756993,2,True,3,6,2
0.1281993304973884,0.04744046897744,2,True,2,6,2
0.1290414577309838,0.0487998175687932,2,True,2,6,2
0.3198394518167691,0.3392484051410848,2,True,3,6,2
0.0997601047891526,0.8107623649625411,2,True,4,6,2
0.0980121791455226,0.0580505236549036,2,True,2,6,2
0.1313041885496066,0.051285380740827,2,True,2,6,2
0.1250548502055232,0.0421776530155415,2,True,2,6,2
0.1061653292140882,0.8088473686749901,2,True,4,6,2
0.1087358374030499,0.8015389058249937,2,True,4,6,2
0.3217125515975026,0.3475081835231534,2,True,3,6,2
0.2793432757521942,0.1871488766731258,2,True,1,6,2
0.1435751593631573,0.0538828620929217,2,True,2,6,2
0.1972806529441892,0.7390667857307132,2,True,0,6,2
0.1427682602933365,0.0339900239002899,2,True,2,6,2
0.2808152828471693,0.1688811328504058,2,True,1,6,2
0.1249056151743257,0.0491056567645063,2,True,2,6,2
0.2518411533956051,0.1670596116714383,2,True,1,6,2
0.1368980439593914,0.0455334682577097,2,True,2,6,2
0.3156358271709041,0.3539559893656554,2,True,3,6,2
0.1183871502935508,0.0577356298909964,2,True,2,6,2
0.2738312992638269,0.150182748042068,2,True,1,6,2
0.1917124249184685,0.7513201991957491,2,True,0,6,2
0.2153123381446904,0.7465887454988298,2,True,0,6,2
0.262940763381039,0.1840381419136494,2,True,1,6,2
0.3403652011915056,0.3422889846409988,2,True,3,6,2
0.1296969005538959,0.0545259681268666,2,True,2,6,2
0.291531712038757,0.1829284703132082,2,True,1,6,2
0.3491955754308466,0.3282093499910233,2,True,3,6,2
0.275035963637573,0.1844016416521562,2,True,1,6,2
0.1072407606149166,0.0287359364149421,2,True,2,6,2
0.1229054466163451,0.0575209111292414,2,True,2,6,2
0.2719488637248775,0.1878700969345305,2,True,1,6,2
0.101734154279217,0.8272437387834217,2,True,4,6,2
0.2588845270452963,0.1941161753878988,2,True,1,6,2
0.1277646715127875,0.0462224071438436,2,True,2,6,2
0.343064794695945,0.3446025253327724,2,True,3,6,2
0.1713448023491503,0.7130782916402412,2,True,0,6,2
0.124685828768086,0.0588695256534409,2,True,2,6,2
0.2757637039602096,0.1937667543935095,2,True,1,6,2
0.1285677948105512,0.0515224706099261,2,True,2,6,2
0.2023742240296661,0.7543129334251908,2,True,0,6,2
0.1153514783331456,0.0701706807882407,2,True,2,6,2
0.2106351280532109,0.6921876084740535,2,True,0,6,2
0.3382550258473375,0.3409244975361111,2,True,3,6,2
0.2058208256031502,0.7365079621164798,2,True,0,6,2
0.1120637126646035,0.0477460216769878,2,True,2,6,2
0.1195997305599208,0.0750338076373285,2,True,2,6,2
0.1233489074919049,0.0408769487213043,2,True,2,6,2
0.1034559327744257,0.8108192216253225,2,True,4,6,2
0.2002680464688146,0.7327922032595038,2,True,0,6,2
0.127253747104984,0.0534368521865169,2,True,2,6,2
0.3002503515509913,0.2263438298224803,2,True,1,6,2
0.2097667325675167,0.7370652082709889,2,True,0,6,2
0.3470994746548825,0.349845857766374,2,True,3,6,2
0.1290241338735449,0.0525746796748644,2,True,2,6,2
0.3382081182369154,0.338468087369495,2,True,3,6,2
0.1993827405815266,0.7344339221792269,2,True,0,6,2
0.2661818732094848,0.1693608108045433,2,True,1,6,2
0.136554081154737,0.0488466545930086,2,True,2,6,2
0.1187602064387061,0.8110386301153389,2,True,4,6,2
0.1958524261184278,0.7416198675580893,2,True,0,6,2
0.1324687519771905,0.0554570358739989,2,True,2,6,2
0.1024679478582378,0.0494557430189424,2,True,2,6,2
0.3448380848468184,0.3522353425134665,2,True,3,6,2
0.1123213961609827,0.0369160190753413,2,True,2,6,2
0.1375018531681376,0.0826365783356764,2,True,2,6,2
0.1236733535623696,0.0485627841927409,2,True,2,6,2
0.3508993376758463,0.3335684166921556,2,True,3,6,2
0.2767077005889222,0.18788130753954,2,True,1,6,2
0.1833980087379693,0.7184720309270782,2,True,0,6,2
0.3665884913406932,0.3176807533328769,2,True,3,6,2
0.2804016439986538,0.1813793247718573,2,True,1,6,2
0.27561083046972,0.1843086778809722,2,True,1,6,2
0.1138175382675666,0.0804627608217526,2,True,2,6,2
0.1239608055430969,0.0534138640740664,2,True,2,6,2
0.0997919642791804,0.813343689794817,2,True,4,6,2
0.1178358546863582,0.0720437212402019,2,True,2,6,2
0.1980685029742945,0.7316995148047686,2,True,0,6,2
0.3516518620368623,0.3516146594857102,2,True,3,6,2
0.1257442043641044,0.0561195183301514,2,True,2,6,2
0.12928491032773,0.0618873390974658,2,True,2,6,2
0.0903456927329258,0.8005194776003208,2,True,4,6,2
0.2492041913078959,0.1824557742106561,2,True,1,6,2
0.1143152319597849,0.069408308048792,2,True,2,6,2
0.1264203884419336,0.0549824022580114,2,True,2,6,2
0.3343738290358904,0.3367435686735595,2,True,3,6,2
0.1003548543646454,0.8082335610727218,2,True,4,6,2
0.1295975397631359,0.057351604131242,2,True,2,6,2
0.2682570323301049,0.1708866045274326,2,True,1,6,2
0.1061817886254477,0.8129101101929677,2,True,4,6,2
0.192957866807213,0.7296128558689894,2,True,0,6,2
0.3654326123326976,0.3597395660276107,2,True,3,6,2
0.1254921986867619,0.0562421137844545,2,True,2,6,2
0.1072551954568774,0.8176032196672627,2,True,4,6,2
0.3384186502024867,0.3409475060957706,2,True,3,6,2
0.1189528147162475,0.0454118780838109,2,True,2,6,2
0.1051325252205341,0.0690987224136487,2,True,2,6,2
0.2198944429907493,0.7473469393712332,2,True,0,6,2
0.1129419610702863,0.0918998717920173,2,True,2,6,2
0.2899874224390106,0.1567858909022642,2,True,1,6,2
0.1237027827423316,0.0531146911286428,2,True,2,6,2
0.1520117161970177,0.0837085889844719,2,True,2,6,2
0.2425541034920674,0.175629666394418,2,True,1,6,2
0.313868029057274,0.3548805992785084,2,True,3,6,2
0.1325368384504902,0.0643633954441489,2,True,2,6,2
0.3494574135214767,0.3576130264242189,2,True,3,6,2
0.3451018821199099,0.3463547427908725,2,True,3,6,2
0.2801882446039258,0.1770040230471549,2,True,1,6,2
0.120596468128155,0.0631875779582371,2,True,2,6,2
0.2718296749566693,0.1544857394213701,2,True,1,6,2
0.3437782319018613,0.3465190985330882,2,True,3,6,2
0.2517353472642692,0.1518707097240623,2,True,1,6,2
0.2107297647482292,0.7233546319353445,2,True,0,6,2
0.2797444588614916,0.1527976749308598,2,True,1,6,2
0.2920755401479086,0.1555892891772214,2,True,1,6,2
0.1279089821435596,0.0624582044575745,2,True,2,6,2
0.2739832439704269,0.1749493987723895,2,True,1,6,2
0.1235565074173672,0.0634244687952052,2,True,2,6,2
0.1063381950064054,0.0483222045112623,2,True,2,6,2
0.1929462762262842,0.7290651218038542,2,True,0,6,2
0.1230160984694972,0.0629228319256374,2,True,2,6,2
0.1298131390901416,0.0558045283512737,2,True,2,6,2
0.1217212525452182,0.0569539429896862,2,True,2,6,2
0.3607072605369765,0.3324856125914225,2,True,3,6,2
0.1214485105243884,0.0514290434684125,2,True,2,6,2
0.3277128939171765,0.3758140241629269,2,True,3,6,2
0.2364354960408928,0.1550496861512707,2,True,1,6,2
0.3392826251679724,0.3372463535071903,2,True,3,6,2
0.2864501704894075,0.1851930243075276,2,True,1,6,2
0.134103210259124,0.0512638505995496,2,True,2,6,2
0.1807192802077024,0.7213879029780697,2,True,0,6,2
0.3453872782850145,0.3511054403605874,2,True,3,6,2
0.126807182921003,0.0659227634852807,2,True,2,6,2
0.1195629722244241,0.0723267775311867,2,True,2,6,2
0.140582037551511,0.0527427997902459,2,True,2,6,2
0.1403999136041956,0.0562756038891976,2,True,2,6,2
0.2923224743220812,0.1480610982139625,2,True,1,6,2
0.1147105171075904,0.816127350879989,2,True,4,6,2
0.2911058237230973,0.1977415362635296,2,True,1,6,2
0.2049997631866913,0.6916551806158706,2,True,0,6,2
0.1205684605955191,0.0584657706304365,2,True,2,6,2
0.1906717253007414,0.7311904177358715,2,True,0,6,2
0.1978874573534638,0.7287132315688984,2,True,0,6,2
0.1128654877358169,0.8235643632215267,2,True,4,6,2
0.1339836284008568,0.0611093275569603,2,True,2,6,2
0.1253961939170317,0.066333215363151,2,True,2,6,2
0.2729724112800755,0.1930137326554697,2,True,1,6,2
0.2487586662706783,0.1677397211407787,2,True,1,6,2
0.1847730946847187,0.7168320348620472,2,True,0,6,2
0.2709438330532832,0.1346795134890051,2,True,1,6,2
0.1288989373121238,0.0631058730305225,2,True,2,6,2
0.285104122533505,0.1703749829680155,2,True,1,6,2
0.0987669897214263,0.8310781425827352,2,True,4,6,2
0.1422961645222159,0.0693705765422453,2,True,2,6,2
0.2823936313865287,0.1751593315113536,2,True,1,6,2
0.124345617204543,0.0591530953234368,2,True,2,6,2
0.3547815093004548,0.3256809681342879,2,True,3,6,2
0.121984007394145,0.0614687884468087,2,True,2,6,2
0.102005750326432,0.07927062778288,2,True,2,6,2
0.1209934709354024,0.0618239345571805,2,True,2,6,2
0.158787235696673,0.089040266755188,2,True,2,6,2
0.3265311784342982,0.3343358547664715,2,True,3,6,2
0.3602851711371144,0.3459781212800272,2,True,3,6,2
0.2912996131395844,0.1915389080999308,2,True,1,6,2
0.1205325273013576,0.0617585618649369,2,True,2,6,2
0.113211536806244,0.8186911246852882,2,True,4,6,2
0.1271200047383071,0.0595015725460163,2,True,2,6,2
0.2849056263547236,0.1879282841724885,2,True,1,6,2
0.0745879532921281,0.8034969437977072,2,True,4,6,2
0.1538935346497017,0.0563915923850142,2,True,2,6,2
0.2016879561378885,0.7286296308358865,2,True,0,6,2
0.2733791457628212,0.1618618763427926,2,True,1,6,2
0.3451211470156665,0.341221640786217,2,True,3,6,2
0.1724045029607926,0.7082714874529643,2,True,0,6,2
0.3869856905866719,0.3908836491144047,2,True,3,6,2
0.1234823120331825,0.0655385876235188,2,True,2,6,2
0.3550308494515894,0.3385423651457377,2,True,3,6,2
0.1056948950206393,0.0658399985137246,2,True,2,6,2
0.1270295914583119,0.0730715113089223,2,True,2,6,2
0.1133594627222731,0.071527378169161,2,True,2,6,2
0.2933379021548137,0.1506872828718443,2,True,1,6,2
0.3454079505381551,0.3644131875411849,2,True,3,6,2
0.3529424011319121,0.3442995110263671,2,True,3,6,2
0.2777382068377724,0.1706096512817865,2,True,1,6,2
0.3601013311723689,0.3353833030157601,2,True,3,6,2
0.1208337872010855,0.8261055879146291,2,True,4,6,2
0.1964121152882083,0.7205459195992405,2,True,0,6,2
0.1108130753613987,0.0623567247981477,2,True,2,6,2
0.3301480639063929,0.3770007502833739,2,True,3,6,2
0.1216421941612348,0.065644345040877,2,True,2,6,2
0.3459081199463439,0.3487115682302714,2,True,3,6,2
0.3503307706260442,0.3464510760411192,2,True,3,6,2
0.1171464680319904,0.0767745278336659,2,True,2,6,2
0.1146367937918561,0.0511049813057926,2,True,2,6,2
0.1266284886093154,0.0675109878428983,2,True,2,6,2
0.1163236014102456,0.0688599098998434,2,True,2,6,2
0.3408285980248692,0.3584934822790834,2,True,3,6,2
0.3498720414600054,0.3490850577603366,2,True,3,6,2
0.1891789525813999,0.7074998972934273,2,True,0,6,2
0.282289075764753,0.1665368844476893,2,True,1,6,2
0.1103027822253295,0.0790045405044775,2,True,2,6,2
0.1451131284420329,0.8184787242436546,2,True,4,6,2
0.2750458471662864,0.1701617129627504,2,True,1,6,2
0.2889388973457661,0.1869342723652506,2,True,1,6,2
0.2779340457270531,0.1687564726110681,2,True,1,6,2
0.132619008701144,0.0533061102137731,2,True,2,6,2
0.2837944427177588,0.1664651629985167,2,True,1,6,2
0.3047979885981789,0.1544382540175053,2,True,1,6,2
0.2728969728070576,0.1485865190757089,2,True,1,6,2
0.2038758007216001,0.7078990362660608,2,True,0,6,2
0.1868214100246563,0.7141295977603046,2,True,0,6,2
0.1295877629274998,0.8285557772798264,2,True,4,6,2
0.2618988301016438,0.2024530057880253,2,True,1,6,2
0.2862231555159119,0.1714756651267319,2,True,1,6,2
0.2756816994096166,0.1707616259601645,2,True,1,6,2
0.2570856136802361,0.1927947878663431,2,True,1,6,2
0.1138474463067061,0.0649261054967519,2,True,2,6,2
0.1311279799452599,0.074336340488989,2,True,2,6,2
0.1041170235369718,0.0712384786638006,2,True,2,6,2
0.1838210165097707,0.7348517797613456,2,True,0,6,2
0.1288907177230865,0.8147750081693214,2,True,4,6,2
0.092699739802107,0.0758449561711315,2,True,2,6,2
0.2698371287979101,0.1543144698673916,2,True,1,6,2
0.1268957710358919,0.0676504945550555,2,True,2,6,2
0.1204780309441364,0.8362360316011187,2,True,4,6,2
0.1239888283794712,0.0587539958510561,2,True,2,6,2
0.2929228891935483,0.1357715590679741,2,True,1,6,2
0.1923503147017684,0.7172749480160525,2,True,0,6,2
0.1334259522148088,0.057009792278998,2,True,2,6,2
0.1774329819007612,0.7484827662061594,2,True,0,6,2
0.1248867029597519,0.8282618330941688,2,True,4,6,2
0.2865604883386229,0.1601603653550977,2,True,1,6,2
0.19838932997229,0.71162311908554,2,True,0,6,2
0.1288506471418098,0.072973938751278,2,True,2,6,2
0.1427504230522059,0.046409077831904,2,True,2,6,2
0.116724733412095,0.8224751535598548,2,True,4,6,2
0.3363147019283972,0.344251921330392,2,True,3,6,2
0.1196428837268838,0.0820481062126181,2,True,2,6,2
0.1158136063011367,0.8313344460451464,2,True,4,6,2
0.1302432033930469,0.8203950235029951,2,True,4,6,2
0.1217139904755576,0.071816759062016,2,True,2,6,2
0.1087097996704091,0.83723287126864,2,True,4,6,2
0.3553891272899954,0.3227685189789254,2,True,3,6,2
0.3533529939877285,0.3496482568268456,2,True,3,6,2
0.2106379870898965,0.7074996073714185,2,True,0,6,2
0.1872216238833325,0.72041478127549,2,True,0,6,2
0.0970903787310294,0.8511635281982562,2,True,4,6,2
0.3586654314043306,0.3511186798182453,2,True,3,6,2
0.227750038629679,0.7068371411757363,2,True,0,6,2
0.1298246118607587,0.0726892644878703,2,True,2,6,2
0.196340603393952,0.7201421546024876,2,True,0,6,2
0.20336668322738,0.6950812774481024,2,True,0,6,2
0.1918430745224462,0.7237340259243182,2,True,0,6,2
0.1102172998414674,0.8305571256926388,2,True,4,6,2
0.0831724433469371,0.0619268826347083,2,True,2,6,2
0.1014628605012887,0.0532407508265462,2,True,2,6,2
0.2749134597175852,0.1694751897555108,2,True,1,6,2
0.3087742741948475,0.1601252600416831,2,True,1,6,2
0.1343651576044785,0.0769465424108883,2,True,2,6,2
0.3691227679783544,0.374114237382649,2,True,3,6,2
0.3477916784329727,0.382010978391598,2,True,3,6,2
0.1196455271350985,0.088544965622791,2,True,2,6,2
0.2661612382944753,0.1479964582773546,2,True,1,6,2
0.1155555726966473,0.0693324560039332,2,True,2,6,2
0.2589624845663941,0.1708457719409417,2,True,1,6,2
0.1893396290643142,0.7105350520292192,2,True,0,6,2
0.2845638937493208,0.1560934973685316,2,True,1,6,2
0.120426992531987,0.080107184189731,2,True,2,6,2
0.241026040197193,0.1488436080777339,2,True,1,6,2
0.3648631119506709,0.3537234079821061,2,True,3,6,2
0.113828382302863,0.0718886131846511,2,True,2,6,2
0.1206056672528143,0.812901200355324,2,True,4,6,2
0.2419940977795035,0.150164798026933,2,True,1,6,2
0.1182242273955682,0.0570401913763163,2,True,2,6,2
0.1202607573480507,0.0755680679568303,2,True,2,6,2
0.277496354500285,0.1591830161591538,2,True,1,6,2
0.1119070740386752,0.0651815414174054,2,True,2,6,2
0.279516665179776,0.1590013614230288,2,True,1,6,2
0.1839579762533846,0.7105439955277226,2,True,0,6,2
0.2692086009896478,0.1484393684649744,2,True,1,6,2
0.2699469929703871,0.1955959835804868,2,True,1,6,2
0.1893155277856062,0.7396377979060568,2,True,0,6,2
0.124895911049637,0.0744745830910028,2,True,2,6,2
0.3732705677209609,0.3416149415246217,2,True,3,6,2
0.1208082500382783,0.0690353443580979,2,True,2,6,2
0.1927494741026726,0.7075320697916596,2,True,0,6,2
0.1072320244830587,0.0644961824995429,2,True,2,6,2
0.2977062530730229,0.1578178913290016,2,True,1,6,2
0.2857925276714229,0.1540812260631446,2,True,1,6,2
0.2838947621871573,0.1583025475755922,2,True,1,6,2
0.1991708805749569,0.7196653122065179,2,True,0,6,2
0.1175135254261535,0.0764318156082406,2,True,2,6,2
0.1189897325498946,0.0748290579466133,2,True,2,6,2
0.2439069551681804,0.1581498270609529,2,True,1,6,2
0.1901345322156576,0.7127792229926193,2,True,0,6,2
0.4256334509117841,0.3428164833175957,2,True,3,6,2
0.118529861833509,0.0767120685059092,2,True,2,6,2
0.1228092314568931,0.0817460865953543,2,True,2,6,2
0.1343145881195404,0.1069576782109908,2,True,2,6,2
0.1134721988963079,0.8072001207013669,2,True,4,6,2
0.3774133001637267,0.3828838435716291,2,True,3,6,2
0.1251299645373053,0.0788842942893457,2,True,2,6,2
0.116461751885187,0.075204141717647,2,True,2,6,2
0.1320351400084449,0.8199884339627095,2,True,4,6,2
0.1129837479211028,0.0790518189251967,2,True,2,6,2
0.1197441516489506,0.0662361364409084,2,True,2,6,2
0.1753740031215453,0.7252564182842887,2,True,0,6,2
0.1886054756692723,0.7085837270133055,2,True,0,6,2
0.2748534216079152,0.1569034487415386,2,True,1,6,2
0.1253776666699728,0.8255246469573868,2,True,4,6,2
0.3598117147678779,0.3533314072135561,2,True,3,6,2
0.118588930228544,0.0749956263182045,2,True,2,6,2
0.1084885334609029,0.0682851649587113,2,True,2,6,2
0.2510177681955466,0.2174838399018997,2,True,1,6,2
0.1972744162408113,0.7305395153937727,2,True,0,6,2
0.1164551013513174,0.0798129323456642,2,True,2,6,2
0.1178283487100622,0.0780571675189857,2,True,2,6,2
0.1291317334686563,0.0996485027439448,2,True,2,6,2
0.1165096151320269,0.0791417793539988,2,True,2,6,2
0.1913182727657319,0.7077651075817687,2,True,0,6,2
0.1878169214180584,0.708405984683612,2,True,0,6,2
0.2610589706979758,0.1713353397949232,2,True,1,6,2
0.3623715244470546,0.3436365495494971,2,True,3,6,2
0.1780859788065557,0.6913732865374876,2,True,0,6,2
0.1134669872473161,0.067232049488733,2,True,2,6,2
0.1278422148212374,0.824588057754554,2,True,4,6,2
0.2881039395979666,0.1442944229688587,2,True,1,6,2
0.2756057153865819,0.1559250106470742,2,True,1,6,2
0.1941035205557519,0.7128963246588973,2,True,0,6,2
0.1433247972954928,0.7235081384511207,2,True,0,6,2
0.2540262746407715,0.1735531475090753,2,True,1,6,2
0.1178601527261971,0.0807225420226738,2,True,2,6,2
0.1560824016957765,0.0932844031966271,2,True,2,6,2
0.1180147411589153,0.8113758840475324,2,True,4,6,2
0.1268530041186293,0.074583061710433,2,True,2,6,2
0.2682573439336893,0.1706194778367109,2,True,1,6,2
0.1879279200023259,0.7076549409906184,2,True,0,6,2
0.1072718158303825,0.0879741434061538,2,True,2,6,2
0.1141368025810782,0.0841599177919061,2,True,2,6,2
0.1334708407195776,0.0754913675204537,2,True,2,6,2
0.1813532846931037,0.7000429562537046,2,True,0,6,2
0.11593859462605,0.0813523380278343,2,True,2,6,2
0.3023453624484252,0.1953822153505927,2,True,1,6,2
0.1983757181495111,0.7004056338488435,2,True,0,6,2
0.1478630564333775,0.0599741071438821,2,True,2,6,2
0.1855318668637409,0.7075815157598565,2,True,0,6,2
0.1942641183704941,0.7070250977929969,2,True,0,6,2
0.1097798442456293,0.0713479143598145,2,True,2,6,2
0.2268677297596354,0.1501097200212652,2,True,1,6,2
0.18432386260689,0.7199249506927896,2,True,0,6,2
0.2937813595382538,0.1270935487632997,2,True,1,6,2
0.1078421519814359,0.0989428123904969,2,True,2,6,2
0.1099278570039275,0.0946337591038765,2,True,2,6,2
0.1379691337131469,0.8376164940820262,2,True,4,6,2
0.2816978020743486,0.1487134371337565,2,True,1,6,2
0.1232521607529843,0.8345854957071359,2,True,4,6,2
0.3859043288414759,0.3338885988782334,2,True,3,6,2
0.1146854523003836,0.0813350886062905,2,True,2,6,2
0.3416348497856084,0.3752660854234226,2,True,3,6,2
0.2061526680955517,0.6876260415410471,2,True,0,6,2
0.1797689245908645,0.7055942073283761,2,True,0,6,2
0.1047247766882235,0.0870374009995792,2,True,2,6,2
0.2462903760386068,0.1665298250033229,2,True,1,6,2
0.108339250241666,0.0951357198371513,2,True,2,6,2
0.1338222219970158,0.8285190315333031,2,True,4,6,2
0.1907641947049957,0.7121383555951772,2,True,0,6,2
0.2667209464240717,0.162510406383337,2,True,1,6,2
0.1856545814892874,0.7167969571778546,2,True,0,6,2
0.1169756133963706,0.0817330455895573,2,True,2,6,2
0.3558691101070249,0.3718400777915592,2,True,3,6,2
0.1051989289441483,0.0962167214701937,2,True,2,6,2
0.2726926789847578,0.122570653136326,2,True,1,6,2
0.2841086927448099,0.1481551165611871,2,True,1,6,2
0.1297852203967709,0.8218072554164159,2,True,4,6,2
0.3654450237171569,0.3590216333361256,2,True,3,6,2
0.1233712675375467,0.0722158035760039,2,True,2,6,2
0.182573774902697,0.6994392586872528,2,True,0,6,2
0.1941088783756575,0.7136855697571458,2,True,0,6,2
0.3666519288770754,0.3602176595789724,2,True,3,6,2
0.364405245832623,0.3364519440536014,2,True,3,6,2
0.1188186597480622,0.0882232934624501,2,True,2,6,2
0.1168967339091913,0.0781471571176561,2,True,2,6,2
0.1199509219481483,0.0823321188062138,2,True,2,6,2
0.1201562375061595,0.073968865493611,2,True,2,6,2
0.1053544658682755,0.0799902053686568,2,True,2,6,2
0.1159512415312818,0.0848379720842234,2,True,2,6,2
0.1023525861884599,0.0613342172751514,2,True,2,6,2
0.3504880602137999,0.3473640758567056,2,True,3,6,2
0.2394461605047377,0.1670478159163018,2,True,1,6,2
0.1948585830532632,0.6964247270206841,2,True,0,6,2
0.1084946525319869,0.0883731471075326,2,True,2,6,2
0.1152749065646851,0.1099726924911954,2,True,2,6,2
0.1883023491327036,0.7369521776957908,2,True,0,6,2
0.2954896142149559,0.1702380145919853,2,True,1,6,2
0.139344405616308,0.0933151262774315,2,True,2,6,2
0.1137907462266086,0.092437601272927,2,True,2,6,2
0.1223832617283528,0.0572181726582472,2,True,2,6,2
0.118277279522941,0.0901780722645498,2,True,2,6,2
0.1873856601674254,0.7233737276608075,2,True,0,6,2
0.2583283807604211,0.1495137006104599,2,True,1,6,2
0.1247715093125948,0.0891081681942439,2,True,2,6,2
0.1539991713598843,0.6784867246790451,2,True,0,6,2
0.1940360340319837,0.7121332821855394,2,True,0,6,2
0.1155667860211013,0.0751449970129311,2,True,2,6,2
0.2834556303835187,0.1437421828441004,2,True,1,6,2
0.1136783637087709,0.0918772937759965,2,True,2,6,2
0.1304581255392012,0.8205074469158914,2,True,4,6,2
0.2630335355822084,0.1631416309650411,2,True,1,6,2
0.2806113184966561,0.1488922491425038,2,True,1,6,2
0.1147985769538791,0.0870098238841052,2,True,2,6,2
0.2653630908749156,0.1527718399589015,2,True,1,6,2
0.2802078593593031,0.1515380357246742,2,True,1,6,2
0.2781069328598183,0.1461595716183777,2,True,1,6,2
0.1180272594205027,0.834896782133517,2,True,4,6,2
0.2009114541200314,0.6787702258401928,2,True,0,6,2
0.1791732910051618,0.7121255296741005,2,True,0,6,2
0.1211709976757461,0.0876998639909674,2,True,2,6,2
0.284323137143979,0.1615873715110577,2,True,1,6,2
0.1747281621366702,0.7168860180125947,2,True,0,6,2
0.2953288906704394,0.1229966759482152,2,True,1,6,2
0.1402325952647456,0.822916647094906,2,True,4,6,2
0.1639633912823437,0.7200033274568042,2,True,0,6,2
0.2890179663023551,0.1821652604854276,2,True,1,6,2
0.1264556652035428,0.1016413467446992,2,True,2,6,2
0.1832709024406304,0.6994198704541328,2,True,0,6,2
0.1186333739917607,0.0865038136485884,2,True,2,6,2
0.3775227199332539,0.3864763607066763,2,True,3,6,2
0.1138624178768276,0.0893676919862307,2,True,2,6,2
0.3790508139258614,0.3665345384363049,2,True,3,6,2
0.2731782492542229,0.1563348858068212,2,True,1,6,2
0.3730558916354057,0.3655892602125614,2,True,3,6,2
0.2770507932445796,0.14213661874484,2,True,1,6,2
0.3592657699454638,0.3543132057101553,2,True,3,6,2
0.1063376996192806,0.0877563280269118,2,True,2,6,2
0.1150464942072151,0.083478996289309,2,True,2,6,2
0.2025893610518294,0.7320089928710503,2,True,0,6,2
0.1357817097442767,0.0599361810632164,2,True,2,6,2
0.1154574902931313,0.1020366310775041,2,True,2,6,2
0.1075284258835389,0.0985486193214007,2,True,2,6,2
0.1122678286438327,0.0893843786056384,2,True,2,6,2
0.3693409055490999,0.3621385268457687,2,True,3,6,2
0.1739378498897119,0.6915695351351773,2,True,0,6,2
0.2477615723553979,0.1617974414187395,2,True,1,6,2
0.1105933517615543,0.093796124765185,2,True,2,6,2
0.0971642785229514,0.1030899568478098,2,True,2,6,2
0.1047604342960289,0.0981549634182298,2,True,2,6,2
0.0860981802264427,0.0904720663930095,2,True,2,6,2
0.2859649085772596,0.1313937393427697,2,True,1,6,2
0.148761541747187,0.6740557904009798,2,True,0,6,2
0.372917864754199,0.3567175844429883,2,True,3,6,2
0.189348461170885,0.7093633579020544,2,True,0,6,2
0.1133732798649075,0.0922168080954199,2,True,2,6,2
0.2849269821305051,0.151715659873552,2,True,1,6,2
0.1805394869798793,0.6937222413505404,2,True,0,6,2
0.2788061706595637,0.1394062026262056,2,True,1,6,2
0.1415828995767942,0.0896385419024636,2,True,2,6,2
0.3200070765033858,0.1474606143200895,2,True,1,6,2
0.2616503479585025,0.156710202080921,2,True,1,6,2
0.0863041025922731,0.0961802843303304,2,True,2,6,2
0.1080245529354597,0.0821620577230983,2,True,2,6,2
0.1256434520770439,0.1068132769433665,2,True,2,6,2
0.1266359491216035,0.1046338354532037,2,True,2,6,2
0.1106439852494063,0.0930981059618146,2,True,2,6,2
0.1743605875148961,0.7010551615563403,2,True,0,6,2
0.1767095009334836,0.6933550750372812,2,True,0,6,2
0.2836758396438449,0.1256603282068227,2,True,1,6,2
0.3265950868489403,0.1589517170337328,2,True,1,6,2
0.0913672254338994,0.0932192930410673,2,True,2,6,2
0.1819806242373507,0.6956811969637545,2,True,0,6,2
0.1045896791025297,0.0985966826120293,2,True,2,6,2
0.3553834680130122,0.3990864910290432,2,True,3,6,2
0.1970461178896241,0.6941898334888144,2,True,0,6,2
0.1283744151967725,0.851099097213131,2,True,4,6,2
0.300134501762679,0.1098473380989108,2,True,1,6,2
0.1221222028661091,0.0837126121380823,2,True,2,6,2
0.2565390554438665,0.1424089747232503,2,True,1,6,2
0.1114566082443307,0.089458934128798,2,True,2,6,2
0.1740111875783391,0.7126586746281095,2,True,0,6,2
0.1337222413038282,0.8280213605048268,2,True,4,6,2
0.3731658430556285,0.3651967093311153,2,True,3,6,2
0.1784212493173396,0.7146233554487985,2,True,0,6,2
0.1499096191215627,0.689583509188446,2,True,0,6,2
0.1134954682776038,0.0903016079564621,2,True,2,6,2
0.1887612867880116,0.6897812867295866,2,True,0,6,2
0.1613000921087468,0.6933862482855419,2,True,0,6,2
0.1018045638312039,0.1009042232031651,2,True,2,6,2
0.1786108509388067,0.6970941463697151,2,True,0,6,2
0.2600688373656353,0.1164762048061643,2,True,1,6,2
0.1035194774529062,0.0868857170126265,2,True,2,6,2
0.1190541507538716,0.0921711765568625,2,True,2,6,2
0.2710356879682277,0.1181767657865938,2,True,1,6,2
0.1750601754667851,0.6971313912407957,2,True,0,6,2
0.2650122406658844,0.1409581550606912,2,True,1,6,2
0.2714172244176543,0.1323172999977154,2,True,1,6,2
0.1055656529263515,0.0886075392351452,2,True,2,6,2
0.2303217702243683,0.1078475124411856,2,True,1,6,2
0.3785233096798329,0.3819615155048597,2,True,3,6,2
0.1367985626625004,0.8391635505631275,2,True,4,6,2
0.1298064356417756,0.8535064161154392,2,True,4,6,2
0.1679665601590801,0.6684844541377803,2,True,0,6,2
0.364875147103722,0.3564885246673732,2,True,3,6,2
0.1477349976441118,0.8464450361071948,2,True,4,6,2
0.169890988571357,0.6885734189526536,2,True,0,6,2
0.1891239000934797,0.6899517108779746,2,True,0,6,2
0.2773866201655497,0.1362376829968483,2,True,1,6,2
0.1762397752851898,0.6921014522777861,2,True,0,6,2
0.3801262675062897,0.3583836228059746,2,True,3,6,2
0.1804491311820617,0.6907673994196672,2,True,0,6,2
0.3058388958528631,0.150771481046464,2,True,1,6,2
0.3611419278924623,0.3666990276104274,2,True,3,6,2
0.1210165030393212,0.0959950637159374,2,True,2,6,2
0.2469924310318667,0.1140032251611366,2,True,1,6,2
0.1957259538158472,0.6831099558308731,2,True,0,6,2
0.1834559873660823,0.6884648662310405,2,True,0,6,2
0.3688499770163398,0.3744158927689949,2,True,3,6,2
0.2872889513885398,0.159092355914029,2,True,1,6,2
0.1664996592021889,0.7109393799002622,2,True,0,6,2
0.1868315768653574,0.6782694854803065,2,True,0,6,2
0.0935147182254394,0.1183069840290038,2,True,2,6,2
0.085085095595912,0.1265984850667072,2,True,2,6,2
0.1858799050894041,0.6970317577430282,2,True,0,6,2
0.1151362119547595,0.1036300547165094,2,True,2,6,2
0.110100997087932,0.1212704000196711,2,True,2,6,2
0.1040989572128067,0.0811926697509937,2,True,2,6,2
0.3912004045311494,0.3851659470203651,2,True,3,6,2
0.1692124412551274,0.7009265647259607,2,True,0,6,2
0.1829476132109729,0.6891197075224295,2,True,0,6,2
0.3878928004600309,0.3606934263264252,2,True,3,6,2
0.1142108127277318,0.0955177839034333,2,True,2,6,2
0.1041080954962447,0.1017375050743848,2,True,2,6,2
0.2251150206967309,0.124643638896361,2,True,1,6,2
0.3810212392958612,0.368530433073775,2,True,3,6,2
0.1100467467574641,0.100151658990186,2,True,2,6,2
0.1430069743182092,0.8455324889968855,2,True,4,6,2
0.3632372112476301,0.3506567176699785,2,True,3,6,2
0.1070048521961921,0.8336169634009356,2,True,4,6,2
0.0877937103739584,0.1237647760414703,2,True,2,6,2
0.1131731936269692,0.0778845115282154,2,True,2,6,2
0.1132122556707271,0.0986597425782416,2,True,2,6,2
0.102205484713049,0.108421108470521,2,True,2,6,2
0.3754584278411629,0.3736966388449892,2,True,3,6,2
0.2079534837016357,0.6883496258095664,2,True,0,6,2
0.2752165635741334,0.134688808810802,2,True,1,6,2
0.1074848944052675,0.0967479275329358,2,True,2,6,2
0.1793688137303321,0.6889029454113104,2,True,0,6,2
0.4015735994035914,0.3682872535050073,2,True,3,6,2
0.2776181026704449,0.137370271683083,2,True,1,6,2
0.1036499926574432,0.1060090090570158,2,True,2,6,2
0.113285779749031,0.1057571687758815,2,True,2,6,2
0.3890493276643401,0.3448477299780336,2,True,3,6,2
0.285234086356866,0.1269015182194466,2,True,1,6,2
0.1101322687634941,0.1007362422169803,2,True,2,6,2
0.1063943724110101,0.1009924692123456,2,True,2,6,2
0.1766738328618275,0.6876406220107665,2,True,0,6,2
0.105169931611433,0.1062421270311628,2,True,2,6,2
0.2745720749606988,0.1253549399151818,2,True,1,6,2
0.3823631789737331,0.3877141989178751,2,True,3,6,2
0.2387512708834683,0.1623134957770239,2,True,1,6,2
0.1090192187848087,0.1016670691456409,2,True,2,6,2
0.1759682783172473,0.6890137542361312,2,True,0,6,2
0.2839439929723513,0.1356906089175584,2,True,1,6,2
0.1570592388457763,0.8286285426491566,2,True,4,6,2
0.2812460996378656,0.1479843788587307,2,True,1,6,2
0.1065654962282739,0.1093152601770306,2,True,2,6,2
0.1184487945164807,0.0831678585622937,2,True,2,6,2
0.0997885316306947,0.0920370143499746,2,True,2,6,2
0.1934354059020463,0.7031803094477065,2,True,0,6,2
0.1468995955074074,0.8397401327694765,2,True,4,6,2
0.2976735377055646,0.096917587307714,2,True,1,6,2
0.2718012622209231,0.0778998357290271,2,True,1,6,2
0.1327509557390427,0.118345999398305,2,True,2,6,2
0.1146365220378512,0.0951885379726385,2,True,2,6,2
0.1919808104077855,0.6655953817636125,2,True,0,6,2
0.1180150236279608,0.1096106190955822,2,True,2,6,2
0.3770326673728866,0.377562205812067,2,True,3,6,2
0.0993142137075537,0.0999848513093736,2,True,2,6,2
0.182773917907923,0.6837886021608597,2,True,0,6,2
0.1044094049063035,0.1020312342321145,2,True,2,6,2
0.3016479544814501,0.1228796561049623,2,True,1,6,2
0.1204376737656309,0.1077823746390265,2,True,2,6,2
0.1737495819397397,0.6933841163190164,2,True,0,6,2
0.0909259785404556,0.1052005163521704,2,True,2,6,2
0.1762260293959278,0.6964473677412547,2,True,0,6,2
0.1048458707075454,0.1056662118413211,2,True,2,6,2
0.247291774831866,0.1333376755092983,2,True,1,6,2
0.3796492838948215,0.3667834700238379,2,True,3,6,2
0.1541224418162702,0.7043294709631983,2,True,0,6,2
0.1284178989500342,0.0884321496524927,2,True,2,6,2
0.0947781814965017,0.0957012229271584,2,True,2,6,2
0.1594176889357309,0.6635766375390901,2,True,0,6,2
0.1763386907053419,0.6844157254726875,2,True,0,6,2
0.3831211660696703,0.3588347723649947,2,True,3,6,2
0.08327292270242,0.1248093187164183,2,True,2,6,2
0.0896629309908891,0.1029232810788024,2,True,2,6,2
0.3291986687154039,0.1131793857743196,2,True,1,6,2
0.1634842584557553,0.6909663824548876,2,True,0,6,2
0.3542003695819021,0.3518485936908954,2,True,3,6,2
0.2839905939287037,0.1193353700312145,2,True,1,6,2
0.1787983097323807,0.6517200599249942,2,True,0,6,2
0.3014870248837112,0.1094893337833294,2,True,1,6,2
0.082012215815488,0.1145700265914933,2,True,2,6,2
0.2438478065767145,0.1500112835716729,2,True,1,6,2
0.1727841738813662,0.8182755384136333,2,True,4,6,2
0.1433125961835917,0.838358089612119,2,True,4,6,2
0.1280485155389467,0.1121203004827879,2,True,2,6,2
0.274288647297307,0.0908257113320031,2,True,1,6,2
0.1737466342417271,0.7081235168333259,2,True,0,6,2
0.1791902773933328,0.6907742224779639,2,True,0,6,2
0.1776463504153295,0.6814910203206695,2,True,0,6,2
0.1498268720098924,0.8421864448687388,2,True,4,6,2
0.2492021039953261,0.1139538337120093,2,True,1,6,2
0.1783003411920337,0.6803885454453983,2,True,0,6,2
0.1537898884956696,0.68773231434943,2,True,0,6,2
0.3051764890502008,0.1188940422112483,2,True,1,6,2
0.3948004298670208,0.3847616445490807,2,True,3,6,2
0.1046955062893805,0.1078156486629986,2,True,2,6,2
0.1887279845770462,0.6744460760036154,2,True,0,6,2
0.0970816378121128,0.0964828264485635,2,True,2,6,2
0.1870061168245701,0.6810504733227446,2,True,0,6,2
0.2719994183907472,0.127721010120937,2,True,1,6,2
0.2518788880384667,0.1657238095588098,2,True,1,6,2
0.1900017747653198,0.6485587381770355,2,True,0,6,2
0.0948057699068233,0.1130063068571339,2,True,2,6,2
0.2666506585252584,0.1304529701626664,2,True,1,6,2
0.1579278088434554,0.6749427942584093,2,True,0,6,2
0.3852520201842672,0.3748666394556896,2,True,3,6,2
0.1544177413578765,0.8345852930606368,2,True,4,6,2
0.0971649619994761,0.0877425532779964,2,True,2,6,2
0.0904527280781239,0.0866142098105276,2,True,2,6,2
0.1159728585214182,0.1117950650590266,2,True,2,6,2
0.1754167662727969,0.6608086133627201,2,True,0,6,2
0.1616111716241262,0.8397931431958499,2,True,4,6,2
0.1262235569497291,0.1216662961947877,2,True,2,6,2
0.1040863111043011,0.1057804185533717,2,True,2,6,2
0.1566151731770115,0.6508610068192333,2,True,0,6,2
0.1008069493886347,0.1062710344781819,2,True,2,6,2
0.1198011425490004,0.1024098949171488,2,True,2,6,2
0.1495298791550789,0.8431307771728314,2,True,4,6,2
0.2790873299543703,0.1288378193508977,2,True,1,6,2
0.4015121863304352,0.3499773485464049,2,True,3,6,2
0.2499823481935856,0.1126653132981477,2,True,1,6,2
0.1764644158053987,0.665575826852893,2,True,0,6,2
0.3823292742822576,0.3867416440270336,2,True,3,6,2
0.2032029153137436,0.6908131504965971,2,True,0,6,2
0.1386972316908383,0.6711042459402499,2,True,0,6,2
0.2814430685117761,0.1323688804101249,2,True,1,6,2
0.2895080547462522,0.1325239322488292,2,True,1,6,2
0.0993884166873364,0.1061561554753495,2,True,2,6,2
0.103338285903213,0.1069229995963459,2,True,2,6,2
0.2774972288973998,0.1225059162417135,2,True,1,6,2
0.2986445648426484,0.1391918006158212,2,True,1,6,2
0.1703586208599889,0.6685570330399525,2,True,0,6,2
0.3879922136361888,0.37280566322092,2,True,3,6,2
0.154291676005074,0.8507469191370065,2,True,4,6,2
0.1104076362990628,0.1461016212538463,2,True,2,6,2
0.1870429686162427,0.6904226886832141,2,True,0,6,2
0.1054472876402096,0.1233382395479762,2,True,2,6,2
0.277160288994916,0.1266488236343255,2,True,1,6,2
0.1750187751219566,0.6752909592967381,2,True,0,6,2
0.1375873940678316,0.8339185629293364,2,True,4,6,2
0.185787545711011,0.6830346964238063,2,True,0,6,2
0.0914220017220552,0.1361428345994149,2,True,2,6,2
0.1058014216118957,0.1125488763612794,2,True,2,6,2
0.1058719925505336,0.1108802026875842,2,True,2,6,2
0.0988391909739614,0.1183148946402865,2,True,2,6,2
0.2750040874133962,0.1184525681708985,2,True,1,6,2
0.1690525313760613,0.6697482457670012,2,True,0,6,2
0.3056655988443956,0.1531184684365506,2,True,1,6,2
0.1013239974880488,0.1128937190305806,2,True,2,6,2
0.0993741838712806,0.1248874926190358,2,True,2,6,2
0.3950301108952135,0.3532477596202676,2,True,3,6,2
0.1679750349476895,0.6943828344988069,2,True,0,6,2
0.2655204713630572,0.056182040463545,2,True,1,6,2
0.1235688343983929,0.0968112359437935,2,True,2,6,2
0.1180964061149876,0.1006376969887657,2,True,2,6,2
0.109935069666448,0.0997421203047422,2,True,2,6,2
0.108687391741338,0.112249139890538,2,True,2,6,2
0.1062912838194591,0.1125282197872567,2,True,2,6,2
0.1047653509704124,0.1150739402817271,2,True,2,6,2
0.1143032127071515,0.1183425978533547,2,True,2,6,2
0.1059329937218711,0.113496800345276,2,True,2,6,2
0.268284886838074,0.1254317436371017,2,True,1,6,2
0.1062161037333251,0.1147514472850951,2,True,2,6,2
0.3812764788922191,0.3643154670053413,2,True,3,6,2
0.2805760042267383,0.1138045724419581,2,True,1,6,2
0.1071693862782596,0.1133976686994919,2,True,2,6,2
0.3896784752646525,0.3767804146858488,2,True,3,6,2
0.2395996817842799,0.0776517631489511,2,True,1,6,2
0.1008128119849227,0.1178559431798962,2,True,2,6,2
0.2683867418660511,0.1301086437101853,2,True,1,6,2
0.1084499126424815,0.1196523280576112,2,True,2,6,2
0.178251791745315,0.6698684557863791,2,True,0,6,2
0.0958536598770873,0.1282770317952157,2,True,2,6,2
0.1452236135366459,0.8392185123556241,2,True,4,6,2
0.2745776779399386,0.1453477413884512,2,True,1,6,2
0.0911577070218242,0.1115981973988318,2,True,2,6,2
0.2765723042904404,0.114978652173561,2,True,1,6,2
0.1690383979190823,0.6741576675154078,2,True,0,6,2
0.0888932186712746,0.1270545576096767,2,True,2,6,2
0.1713787601518971,0.8220829194139498,2,True,4,6,2
0.1773573349043467,0.6735245480036286,2,True,0,6,2
0.1627544462993678,0.840023110361676,2,True,4,6,2
0.0852625412962631,0.1375579393583415,2,True,2,6,2
0.1924634056160631,0.6133694612755588,2,True,0,6,2
0.0995287412394598,0.1106359093853357,2,True,2,6,2
0.2929190719276288,0.1015856481338271,2,True,1,6,2
0.3895574637709565,0.3447806126467387,2,True,3,6,2
0.2766559801385747,0.097876296788849,2,True,1,6,2
0.1687455728931286,0.8523513312731121,2,True,4,6,2
0.2789050516890844,0.1171072089886525,2,True,1,6,2
0.2811710444578345,0.1310791822622256,2,True,1,6,2
0.2766336419363412,0.1165287416361821,2,True,1,6,2
0.2747689198871876,0.1102601697292844,2,True,1,6,2
0.127491660757239,0.1201628603246017,2,True,2,6,2
0.1046830572864883,0.1155572319092802,2,True,2,6,2
0.1377348838144921,0.8501716043453033,2,True,4,6,2
0.1783173769400526,0.6840648263702391,2,True,0,6,2
0.3542657566404666,0.400388794410798,2,True,3,6,2
0.281994152368184,0.1150786054838957,2,True,1,6,2
0.0829713766722658,0.096224189417926,2,True,2,6,2
0.1115512419593868,0.0976940634384664,2,True,2,6,2
0.4081721956392052,0.3802606392974073,2,True,3,6,2
0.2673627856504904,0.1219976470785674,2,True,1,6,2
0.2764996688671012,0.12784266027942,2,True,1,6,2
0.2041237148443022,0.654253037775521,2,True,0,6,2
0.1697227203681023,0.6744292564753638,2,True,0,6,2
0.1003993628478748,0.1197362117687716,2,True,2,6,2
0.0986306059628584,0.1081313762182353,2,True,2,6,2
0.2949126229658259,0.1292029860354497,2,True,1,6,2
0.3889001008987205,0.374018307784236,2,True,3,6,2
0.2833037283995577,0.1106083776743878,2,True,1,6,2
0.2506288717867339,0.0765947044432948,2,True,1,6,2
0.1631385802734798,0.6760656757088319,2,True,0,6,2
0.1091593469798382,0.1027081968256537,2,True,2,6,2
0.3932255111649084,0.3469765978154328,2,True,3,6,2
0.0898512654451448,0.1220806617810659,2,True,2,6,2
0.0965928709203026,0.1046066283559751,2,True,2,6,2
0.2889058344279726,0.106012118109827,2,True,1,6,2
0.1213944548678214,0.1199228695478212,2,True,2,6,2
0.2474651036401684,0.0894965468329861,2,True,1,6,2
0.2900998090458783,0.1174504389814112,2,True,1,6,2
0.1757419604678416,0.6421764244509873,2,True,0,6,2
0.092438516056587,0.1093213631218906,2,True,2,6,2
0.4080721634297075,0.3747730985512418,2,True,3,6,2
0.2675199550225086,0.1088136030096559,2,True,1,6,2
0.1034632768696227,0.1152588553001363,2,True,2,6,2
0.1040593649688433,0.1148502570188215,2,True,2,6,2
0.095910301836853,0.1264198505122829,2,True,2,6,2
0.2890394954021351,0.0995080568315017,2,True,1,6,2
0.0937618961247318,0.0997619248063486,2,True,2,6,2
0.1145322377541905,0.1288912843503001,2,True,2,6,2
0.1903245949918966,0.646410794228813,2,True,0,6,2
0.2698869164527276,0.1189069269118407,2,True,1,6,2
0.1048205178539792,0.1186922655641389,2,True,2,6,2
0.0827485810230913,0.127885188237476,2,True,2,6,2
0.1628838488148639,0.6936378317877748,2,True,0,6,2
0.3095079526045947,0.1357484533378783,2,True,1,6,2
0.2406477719918217,0.1359360161056856,2,True,1,6,2
0.179695701506124,0.6646469626904756,2,True,0,6,2
0.1045328120936539,0.1217556110916468,2,True,2,6,2
0.1689121028827105,0.6643828770705505,2,True,0,6,2
0.1554409091334371,0.8640997167034902,2,True,4,6,2
0.2773009628860423,0.110816676612665,2,True,1,6,2
0.1560223745872062,0.6770004645186504,2,True,0,6,2
0.1736383968086266,0.6689216653488483,2,True,0,6,2
0.1500240033334149,0.6704050829201658,2,True,0,6,2
0.1721385095189213,0.6686744448828228,2,True,0,6,2
0.167816673839387,0.6645609990912992,2,True,0,6,2
0.2696678933407492,0.1053166534894134,2,True,1,6,2
0.3864959736259528,0.3757247479649258,2,True,3,6,2
0.2047475050323209,0.6786455974717353,2,True,0,6,2
0.3978490910546293,0.3786273768454603,2,True,3,6,2
0.1013659000456392,0.1216716378450603,2,True,2,6,2
0.0921305905837661,0.1169899481735312,2,True,2,6,2
0.1721221088251501,0.6678066435019986,2,True,0,6,2
0.3994762815883612,0.3813597745682758,2,True,3,6,2
0.1149775315879909,0.119012631028458,2,True,2,6,2
0.3850202164928957,0.4025882510272284,2,True,3,6,2
0.0999735848644687,0.1192172338960707,2,True,2,6,2
0.3994747518841264,0.3642881384454913,2,True,3,6,2
0.144455733508712,0.8697383370983748,2,True,4,6,2
0.2710010787047625,0.1158546226176972,2,True,1,6,2
0.1796117087516837,0.6804680368302006,2,True,0,6,2
0.0951448149093042,0.1071266462363133,2,True,2,6,2
0.1082019274017487,0.1284955689145866,4,False,2,7,2
0.3955275157204903,0.3912421313051982,4,False,3,7,2
0.0933983517734312,0.1201699987421728,4,False,2,7,2
0.2775007472299792,0.1097154251495007,4,False,1,7,2
0.2970831397803637,0.1089956336854442,4,False,1,7,2
0.2846065488475471,0.1404580216764083,4,False,1,7,2
0.1626499418762267,0.6613325522776694,4,False,0,7,2
0.1041906679902872,0.1511904977771636,4,False,2,7,2
0.1743457798854386,0.8522354930914692,4,False,4,7,2
0.173520227101427,0.6662034584092503,4,False,0,7,2
0.2761737673433992,0.1116976628256817,4,False,1,7,2
0.1689401221037279,0.6670845755613919,4,False,0,7,2
0.1648147332178792,0.8492050715742824,4,False,4,7,2
0.1054325419897975,0.1290086675330232,4,False,2,7,2
0.2096913497249544,0.6598227097543972,4,False,0,7,2
0.4234098791609822,0.3908845383775934,4,False,3,7,2
0.403309707832421,0.3734251435578449,4,False,3,7,2
0.101067448957717,0.1254050645704779,4,False,2,7,2
0.3683154789712062,0.3804023225485602,4,False,3,7,2
0.1734704053470837,0.6942407182431866,4,False,0,7,2
0.1668501854150448,0.8453036470721014,4,False,4,7,2
0.2767911009785466,0.1024056833965026,4,False,1,7,2
0.2758288518998152,0.1004099513976308,4,False,1,7,2
0.2763596244275888,0.1116142976194782,4,False,1,7,2
0.0980644455845686,0.125114528956265,4,False,2,7,2
0.1791603103756851,0.6405299418038779,4,False,0,7,2
0.3165579561016972,0.1192725159518527,4,False,1,7,2
0.1193543378137928,0.1252886509834101,4,False,2,7,2
0.0992812966421441,0.1215489627147026,4,False,2,7,2
0.0986730241094479,0.1224780941629675,4,False,2,7,2
0.0975895717899545,0.1299496013483874,4,False,2,7,2
0.1670689892784298,0.8530314637620152,4,False,4,7,2
0.084802021659313,0.1018399859050454,4,False,2,7,2
0.3992854931938553,0.392101854518592,4,False,3,7,2
0.1028776290284305,0.1266887747876062,4,False,2,7,2
0.4196552819257645,0.3790909818148046,4,False,3,7,2
0.1656809124617768,0.6730439899174441,4,False,0,7,2
0.2720777727245103,0.1366813154921801,4,False,1,7,2
0.0979398824605313,0.1283993151199624,4,False,2,7,2
0.2734967908833453,0.1100591596234203,4,False,1,7,2
0.0932810282597211,0.1281269269836381,4,False,2,7,2
0.0973164692532574,0.1252110823353003,4,False,2,7,2
0.2742452271997654,0.0682609799469987,4,False,1,7,2
0.276956444239242,0.1044494406633415,4,False,1,7,2
0.2307976901996324,0.1285077694246745,4,False,1,7,2
0.0828224880491067,0.1214465485319816,4,False,2,7,2
0.2725907698623024,0.0997073570695124,4,False,1,7,2
0.1044571042337757,0.1263985442176439,4,False,2,7,2
0.158871475553228,0.6368647178739735,4,False,0,7,2
0.1638605605913293,0.6661330284994268,4,False,0,7,2
0.0998690680346094,0.1319245398067586,4,False,2,7,2
0.1135906296635088,0.1276001600841932,4,False,2,7,2
0.1002198447050968,0.1226597568730421,4,False,2,7,2
0.0780302983670251,0.1075114339026492,4,False,2,7,2
0.2653070751360777,0.1223178694139342,4,False,1,7,2
0.1107881994932274,0.1170108827252837,4,False,2,7,2
0.2738678837963857,0.1046551625586936,4,False,1,7,2
0.2826203424002008,0.0992578118308781,4,False,1,7,2
0.0994312463827266,0.1289352827407954,4,False,2,7,2
0.1028038531530234,0.1268960234185659,4,False,2,7,2
0.1218114593053151,0.1372928084689874,4,False,2,7,2
0.1729354741963584,0.6667406856888477,4,False,0,7,2
0.1514133731194959,0.6531290591029825,4,False,0,7,2
0.4148325180563242,0.3774342055937251,4,False,3,7,2
0.4051455886665496,0.3858521787130795,4,False,3,7,2
0.2377768927263217,0.1208464888552291,4,False,1,7,2
0.3781063957610724,0.3772066354441979,4,False,3,7,2
0.2738656717717787,0.1328259738701188,4,False,1,7,2
0.4081677059990742,0.4003353518372465,4,False,3,7,2
0.3814644211754651,0.3913007926935518,4,False,3,7,2
0.0990150787526094,0.1324722096787999,4,False,2,7,2
0.1210308568126716,0.1218442023388669,4,False,2,7,2
0.1082752777157314,0.1239398050461438,4,False,2,7,2
0.2916456647217547,0.0891626665065743,4,False,1,7,2
0.0973013495060683,0.1325053379625184,4,False,2,7,2
0.1632190903211841,0.8460677096048832,4,False,4,7,2
0.2766557998075508,0.0982969736000989,4,False,1,7,2
0.1000976316970752,0.1284965038999123,4,False,2,7,2
0.1065542559505499,0.1227453749310536,4,False,2,7,2
0.3953423896540671,0.3955016594023151,4,False,3,7,2
0.0995690046880095,0.1297424153354731,4,False,2,7,2
0.102823582178612,0.1283353579575825,4,False,2,7,2
0.1484601611952877,0.837590492910445,4,False,4,7,2
0.2785490964900902,0.0988978594599507,4,False,1,7,2
0.1145535732366775,0.1244748698606839,4,False,2,7,2
0.1042572705689309,0.1372099097635102,4,False,2,7,2
0.4083525348155777,0.3906585416502678,4,False,3,7,2
0.1779623418439945,0.8457482465944051,4,False,4,7,2
0.2743252483359959,0.1086687520104762,4,False,1,7,2
0.1696087048386925,0.6590400312338918,4,False,0,7,2
0.2653056542951222,0.0987241599037455,4,False,1,7,2
0.0931703540418678,0.1264979903805178,4,False,2,7,2
0.0906592739461257,0.1390626638106602,4,False,2,7,2
0.3765450582417771,0.404530883278487,4,False,3,7,2
0.162871582991061,0.6799747411095401,4,False,0,7,2
0.1701577328176805,0.641189013563841,4,False,0,7,2
0.1091702368856475,0.1147727275537625,4,False,2,7,2
0.2804691842975304,0.103185344418798,4,False,1,7,2
0.1788311850874763,0.6524963452427256,4,False,0,7,2
0.2816005006735216,0.0758263965345004,4,False,1,7,2
0.1122025779739618,0.1154425485157931,4,False,2,7,2
0.0730706735704835,0.1281239304309848,4,False,2,7,2
0.3626395453166901,0.3862500221651528,4,False,3,7,2
0.2503544775677581,0.0865468223894231,4,False,1,7,2
0.2784940312732269,0.1024226488411153,4,False,1,7,2
0.3986251094582136,0.4152536796006886,4,False,3,7,2
0.1011696183665012,0.122955933147373,4,False,2,7,2
0.0797042539989235,0.1119632551804809,4,False,2,7,2
0.1692001153592741,0.6540779057284057,4,False,0,7,2
0.089745744020339,0.1221548988593116,4,False,2,7,2
0.1093366707125386,0.113287034001908,4,False,2,7,2
0.269324003866018,0.1010601566045432,4,False,1,7,2
0.1618189848452476,0.6540969335238455,4,False,0,7,2
0.0998190488726942,0.1387636886825771,4,False,2,7,2
0.4082740284413814,0.3891899978854533,4,False,3,7,2
0.272691598542894,0.0868319534752663,4,False,1,7,2
0.0787812651396715,0.1519163503413248,4,False,2,7,2
0.0881634402766877,0.1174474498744093,4,False,2,7,2
0.277786249829565,0.114875328792979,4,False,1,7,2
0.097439569477261,0.1492594772075712,4,False,2,7,2
0.1685512802211025,0.6590152568260361,4,False,0,7,2
0.284352238426185,0.0646620007145454,4,False,1,7,2
0.4117189439043261,0.345009867895558,4,False,3,7,2
0.2624312122036824,0.1064029720046173,4,False,1,7,2
0.0967564196618233,0.1100785322321481,4,False,2,7,2
0.2021530726434702,0.8345309526191976,4,False,4,7,2
0.0956888191798739,0.1333604917726183,4,False,2,7,2
0.1518657105949649,0.6902843378746986,4,False,0,7,2
0.2473391472147929,0.058172092118388,4,False,1,7,2
0.27227943789212,0.0889695436267793,4,False,1,7,2
0.1078561512894446,0.1245238917998014,4,False,2,7,2
0.104412175069274,0.1683566035494698,4,False,2,7,2
0.2735670708060216,0.0918313787969643,4,False,1,7,2
0.0998861673688052,0.1164384510913547,4,False,2,7,2
0.4293949310554343,0.4030786329634618,4,False,3,7,2
0.0873113819649551,0.1297719207510097,4,False,2,7,2
0.1754826498529835,0.8745474580567708,4,False,4,7,2
0.2918148077922725,0.0854233782124762,4,False,1,7,2
0.1795773960524907,0.846753710210823,4,False,4,7,2
0.2575272172598267,0.1082141757935346,4,False,1,7,2
0.1751815598584051,0.870340159933467,4,False,4,7,2
0.4279444863503259,0.3773056910415202,4,False,3,7,2
0.16951383115173,0.8723319563020214,4,False,4,7,2
0.0946893865689262,0.1321146052773598,4,False,2,7,2
0.277252689079494,0.094246275416711,4,False,1,7,2
0.311213198895602,0.0776531282918107,4,False,1,7,2
0.0929283367597076,0.1473157872689325,4,False,2,7,2
0.1763832344860746,0.8521911046984245,4,False,4,7,2
0.0988006083849952,0.1275227719220542,4,False,2,7,2
0.2730903029481293,0.0933260339502798,4,False,1,7,2
0.1778724737671543,0.6376913884276181,4,False,0,7,2
0.4131530345264145,0.402407232843008,4,False,3,7,2
0.0892839910870613,0.1620885876758674,4,False,2,7,2
0.1754546588427828,0.8443909016643487,4,False,4,7,2
0.4100649560726579,0.4046951694847314,4,False,3,7,2
0.418042881864102,0.3888980697049689,4,False,3,7,2
0.1676706567029676,0.8687754235380016,4,False,4,7,2
0.0896799444008062,0.1484874941457481,4,False,2,7,2
0.2881161184709288,0.0897144859440519,4,False,1,7,2
0.0961040642167945,0.137565834759646,4,False,2,7,2
0.166336963456302,0.650927723018684,4,False,0,7,2
0.1673642430887819,0.6609502017932857,4,False,0,7,2
0.1644604238314496,0.872060398988927,4,False,4,7,2
0.0958796634156731,0.138771642911341,4,False,2,7,2
0.369742768323201,0.4008297234489165,4,False,3,7,2
0.1141314838502933,0.1327057985048279,4,False,2,7,2
0.2715511603328717,0.0883427481520872,4,False,1,7,2
0.1917854734413175,0.6625193775083902,4,False,0,7,2
0.1813813545381004,0.6464287683822492,4,False,0,7,2
0.0966437999194905,0.1377134940829627,4,False,2,7,2
0.1552637123142124,0.6270032715836381,4,False,0,7,2
0.2667310589152397,0.0837799449896593,4,False,1,7,2
0.4081402751537573,0.3877927972727355,4,False,3,7,2
0.1002369930786746,0.1361375909809076,4,False,2,7,2
0.1760141291442168,0.6272644198427152,4,False,0,7,2
0.293247859210871,0.0759872981881348,4,False,1,7,2
0.1897675189279075,0.6763908606699908,4,False,0,7,2
0.1526248866410262,0.6379600748656041,4,False,0,7,2
0.0892975063629942,0.1390556902163946,4,False,2,7,2
0.3002332925192837,0.0603842235109237,4,False,1,7,2
0.0866824485014077,0.1517884273732582,4,False,2,7,2
0.1835153646912219,0.8563568597523996,4,False,4,7,2
0.1691129078004142,0.8696574437717769,4,False,4,7,2
0.2671974247913956,0.1272139100960742,4,False,1,7,2
0.2737752185454214,0.1116155889757325,4,False,1,7,2
0.0821201145202648,0.1533021551908093,4,False,2,7,2
0.395666630573829,0.3831482846622216,4,False,3,7,2
0.1639117672485593,0.6349328397059004,4,False,0,7,2
0.1462464492350829,0.6111775239156393,4,False,0,7,2
0.0853502525023138,0.129029699491901,4,False,2,7,2
0.2514726821781776,0.0961528064956199,4,False,1,7,2
0.1008005214962871,0.1315874106389853,4,False,2,7,2
0.1872931335579428,0.8670324509587876,4,False,4,7,2
0.2547536615433614,0.1015934247017667,4,False,1,7,2
0.1489635632218255,0.6556984082017174,4,False,0,7,2
0.1720185505221784,0.8656021939016189,4,False,4,7,2
0.0919463255549796,0.1432730777280531,4,False,2,7,2
0.395667612316137,0.3810935801608477,4,False,3,7,2
0.1818465725938371,0.8622873622261326,4,False,4,7,2
0.4111047193573618,0.4029507554095903,4,False,3,7,2
0.1568682853851595,0.6436939985411702,4,False,0,7,2
0.0999053307997099,0.1369173534055128,4,False,2,7,2
0.1640345725602776,0.6567548575871053,4,False,0,7,2
0.0895123093674361,0.1438606214720728,4,False,2,7,2
0.2777722809709327,0.0881963366051007,4,False,1,7,2
0.0990723293486174,0.1381925532434785,4,False,2,7,2
0.0844412833725822,0.1306788079762553,4,False,2,7,2
0.4191633554721636,0.3818893720727458,4,False,3,7,2
0.2729646887568269,0.0839858770353729,4,False,1,7,2
0.4004207140681952,0.3904375704843509,4,False,3,7,2
0.0953830763547265,0.1447298106612664,4,False,2,7,2
0.4025994645013758,0.4114718379655118,4,False,3,7,2
0.1602840151517016,0.6531270342760473,4,False,0,7,2
0.1773274310837914,0.8522812148449893,4,False,4,7,2
0.0819165734922248,0.1516958389454617,4,False,2,7,2
0.2879487553851225,0.0963213894084913,4,False,1,7,2
0.0898261230068664,0.1250796004103853,4,False,2,7,2
0.1001068840596555,0.1505015331676726,4,False,2,7,2
0.1527116715318646,0.6470541349208772,4,False,0,7,2
0.1723238668055909,0.654935117673547,4,False,0,7,2
0.1454484261656147,0.6452129651320163,4,False,0,7,2
0.4310619446914849,0.393919082220837,4,False,3,7,2
0.2641985907867611,0.1243829455638513,4,False,1,7,2
0.0938952944672203,0.1443833869551897,4,False,2,7,2
0.2917112846871971,0.0620709494780673,4,False,1,7,2
0.1723619061493643,0.6564453264182718,4,False,0,7,2
0.0749417602646001,0.1554881174243393,4,False,2,7,2
0.0589726834716584,0.1240844936400296,4,False,2,7,2
0.0891242346597672,0.1406087266651213,4,False,2,7,2
0.4099052024332595,0.4094099005565069,4,False,3,7,2
0.4190917391610417,0.3961111566974205,4,False,3,7,2
0.1608028067193742,0.6453257416133813,4,False,0,7,2
0.261022871496838,0.0853082609404917,4,False,1,7,2
0.4315910172969711,0.3960858316458996,4,False,3,7,2
0.4296526250174389,0.3792063191166641,4,False,3,7,2
0.1026257344000693,0.1354258687061344,4,False,2,7,2
0.4059554102339563,0.3862203587172089,4,False,3,7,2
0.1884609944371568,0.8666328830114489,4,False,4,7,2
0.1525270147245633,0.6552820122563323,4,False,0,7,2
0.1996378903101715,0.8529662721186703,4,False,4,7,2
0.4221816406942341,0.4006574002858053,4,False,3,7,2
0.0921094751878649,0.1388375251320538,4,False,2,7,2
0.2849181470538505,0.0797667572572052,4,False,1,7,2
0.1578326763487955,0.6154644035839888,4,False,0,7,2
0.0978023153880732,0.1505303677587844,4,False,2,7,2
0.093379001035809,0.1452007579965711,4,False,2,7,2
0.1765739758655718,0.671733672409885,4,False,0,7,2
0.1723987365601876,0.6355153015181657,4,False,0,7,2
0.0933985916177993,0.1456220222393457,4,False,2,7,2
0.0973942590440762,0.135705751292833,4,False,2,7,2
0.4043412954740079,0.381981382592137,4,False,3,7,2
0.4192076219046993,0.4032487346839578,4,False,3,7,2
0.087187745258465,0.1646341448573554,4,False,2,7,2
0.1886178325250697,0.8749405521692706,4,False,4,7,2
0.1420021046276605,0.6491148806352055,4,False,0,7,2
0.3071731752211505,0.1249454620495965,4,False,1,7,2
0.0813163881841211,0.147390730033743,4,False,2,7,2
0.1029751235481171,0.1470682956824204,4,False,2,7,2
0.0815088663838928,0.135133894796628,4,False,2,7,2
0.0928942780487911,0.1465686697931171,4,False,2,7,2
0.4323488731132796,0.385196838759292,4,False,3,7,2
0.0666866311830806,0.1646818700423249,4,False,2,7,2
0.1207446452510502,0.1620369008518225,4,False,2,7,2
0.1444980500169234,0.6645459205055452,4,False,0,7,2
0.0848619075241767,0.1578101954594325,4,False,2,7,2
0.0826969520500554,0.1671748260956877,4,False,2,7,2
0.1499608827896926,0.6434327128671518,4,False,0,7,2
0.2769216703470917,0.0891365027811083,4,False,1,7,2
0.4131534855988282,0.4042803262384294,4,False,3,7,2
0.2863828614149018,0.0968316232366975,4,False,1,7,2
0.0909906588261783,0.1487672358281889,4,False,2,7,2
0.1827371857029405,0.8651164456664726,4,False,4,7,2
0.2826696221225603,0.075618382126028,4,False,1,7,2
0.422115216525141,0.3983807728747816,4,False,3,7,2
0.4284371734070121,0.3959566411425596,4,False,3,7,2
0.092612535382507,0.148870317124273,4,False,2,7,2
0.1351050603933774,0.6567659322706897,4,False,0,7,2
0.2735623813240133,0.08350239013431,4,False,1,7,2
0.1834195605331489,0.6294159158392746,4,False,0,7,2
0.2904699451315454,0.093927103184171,4,False,1,7,2
0.3001772191927963,0.0639971926987545,4,False,1,7,2
0.1663043000123564,0.6374707477039171,4,False,0,7,2
0.2761325602174603,0.0801187392521679,4,False,1,7,2
0.2862399671965473,0.0821910160496209,4,False,1,7,2
0.391831376014694,0.401064411294015,4,False,3,7,2
0.1037531931902439,0.1315835761764658,4,False,2,7,2
0.1701881417873164,0.6582964792880581,4,False,0,7,2
0.2421769840495988,0.0709495960733487,4,False,1,7,2
0.1285438529766665,0.6129699031333281,4,False,0,7,2
0.4246700863226955,0.3981598804738558,4,False,3,7,2
0.1965226304875635,0.8584795036159586,4,False,4,7,2
0.1522995975868432,0.6509614961956842,4,False,0,7,2
0.2808948016387677,0.0817853264958645,4,False,1,7,2
0.4189146534296944,0.3971391665529101,4,False,3,7,2
0.2942680968275493,0.0724438218559311,4,False,1,7,2
0.4319778660303173,0.4212762326604711,4,False,3,7,2
0.446701123123457,0.3948949272942403,4,False,3,7,2
0.1829736760701613,0.6410549781781997,4,False,0,7,2
0.1562859527376986,0.6378516066460304,4,False,0,7,2
0.0862004526185512,0.1515813142388094,4,False,2,7,2
0.1919638172286537,0.8539343039258305,4,False,4,7,2
0.0707278895085818,0.168445886563779,4,False,2,7,2
0.0763915020804896,0.1610811205047443,4,False,2,7,2
0.4255085338580374,0.3974624109016409,4,False,3,7,2
0.1642355459259404,0.6434159717023535,4,False,0,7,2
0.1375850340434459,0.6315342039043874,4,False,0,7,2
0.1059749037105515,0.1360822134991166,4,False,2,7,2
0.0895459205200744,0.1525159028917419,4,False,2,7,2
0.4267024223925885,0.4013829510343587,4,False,3,7,2
0.0976584372758971,0.1580392836013238,4,False,2,7,2
0.2726743791615899,0.0741656168755601,4,False,1,7,2
0.0787731400346566,0.1667850840097822,4,False,2,7,2
0.2976095172778797,0.0481289553744835,4,False,1,7,2
0.1974597658201563,0.8773204896831519,4,False,4,7,2
0.4442990137235808,0.3817244136606736,4,False,3,7,2
0.3055349100102407,0.0846609456776392,4,False,1,7,2
0.4054195424588501,0.4399710511239943,4,False,3,7,2
0.2761939571257163,0.0776066170519718,4,False,1,7,2
0.4264925092703684,0.4004653229494463,4,False,3,7,2
0.1954276782882437,0.8475714115264857,4,False,4,7,2
0.2555044366862598,0.0991694284702115,4,False,1,7,2
0.2714855002916561,0.0830600800472094,4,False,1,7,2
0.2910495652233424,0.0942503684490611,4,False,1,7,2
0.0800997604742665,0.1850698750635734,4,False,2,7,2
0.4504399916324635,0.358896561362095,4,False,3,7,2
0.4251549139187321,0.4008046034020559,4,False,3,7,2
0.083952748565306,0.1562959978313005,4,False,2,7,2
0.0971756954735431,0.1522085308919236,4,False,2,7,2
0.1577412176584559,0.6363883723311594,4,False,0,7,2
0.4290696408447639,0.3996274056071037,4,False,3,7,2
0.0947933799125762,0.1444332075721661,4,False,2,7,2
0.0730944085941935,0.1762834591685408,4,False,2,7,2
0.1017238874900451,0.1409364574066931,4,False,2,7,2
0.4265390904229797,0.3860806852907648,4,False,3,7,2
0.303214243283903,0.0525035464207965,4,False,1,7,2
0.2586732420768273,0.057281871714005,4,False,1,7,2
0.4501844340965567,0.4076501148300588,4,False,3,7,2
0.4362090077184649,0.4038862883521115,4,False,3,7,2
0.0918210035530338,0.1539525569965717,4,False,2,7,2
0.1912238525089979,0.619074681709615,4,False,0,7,2
0.1029936808392259,0.147098541539826,4,False,2,7,2
0.4246359544959899,0.3976796581714069,4,False,3,7,2
0.2686029193622439,0.0640269968253387,4,False,1,7,2
0.1554315534969689,0.6311847822380571,4,False,0,7,2
0.2968886134711062,0.0639963841592171,4,False,1,7,2
0.0630750267322424,0.1400120353709222,4,False,2,7,2
0.114453105706311,0.1731232503763845,4,False,2,7,2
0.0836324743990773,0.1439303171661498,4,False,2,7,2
0.4239907816203603,0.4189084952601379,4,False,3,7,2
0.3314742285780776,0.0652057932033412,4,False,1,7,2
0.4280662209401032,0.3987448605504448,4,False,3,7,2
0.0907316545501812,0.1589208829142352,4,False,2,7,2
0.249257985024742,0.0617927209434691,4,False,1,7,2
0.1543174065913296,0.6360289525645667,4,False,0,7,2
0.1356186206993707,0.6339261098761866,4,False,0,7,2
0.0841477485278865,0.1521842045179102,4,False,2,7,2
0.1086159538501189,0.1653668117627753,4,False,2,7,2
0.1891072675875638,0.8682295656897883,4,False,4,7,2
0.2512524834736649,0.0630085322631923,4,False,1,7,2
0.1535759262577037,0.6369890709695548,4,False,0,7,2
0.2711836543062115,0.0740208752763444,4,False,1,7,2
0.1877217458116632,0.878931655998369,4,False,4,7,2
0.0888185783458428,0.1574330682596956,4,False,2,7,2
0.0848092440867184,0.1634856597889518,4,False,2,7,2
0.3954160153691946,0.411592808060799,4,False,3,7,2
0.160273678378131,0.6566714090938076,4,False,0,7,2
0.1121972141787311,0.1600084545575398,4,False,2,7,2
0.2764272184394878,0.0691665050248525,4,False,1,7,2
0.1468907389468023,0.6235601007507331,4,False,0,7,2
0.4380505285446225,0.4112695888275602,4,False,3,7,2
0.1698749898577101,0.5926055787584374,4,False,0,7,2
0.0596083341631687,0.1684835463876248,4,False,2,7,2
0.1617658622771169,0.6258473432511915,4,False,0,7,2
0.0781974180589081,0.1610937366397941,4,False,2,7,2
0.2404639947487521,0.0914836783846888,4,False,1,7,2
0.2045926690375169,0.8599695033822102,4,False,4,7,2
0.084647956542112,0.1530668824356456,4,False,2,7,2
0.1077483919515295,0.1440153532313866,4,False,2,7,2
0.0885261228386574,0.1736672065481552,4,False,2,7,2
0.0897109964584629,0.1570276145616402,4,False,2,7,2
0.0793377965302806,0.1477099679935426,4,False,2,7,2
0.1912777409792141,0.8650201009591767,4,False,4,7,2
0.1612971647998364,0.617965833347957,4,False,0,7,2
0.0770411946254084,0.1681175334550596,4,False,2,7,2
0.1942475687848548,0.8595437300368712,4,False,4,7,2
0.4294908059901509,0.4070439812760306,4,False,3,7,2
0.4419832261095756,0.413345118572879,4,False,3,7,2
0.0872381695501205,0.1610080690244003,4,False,2,7,2
0.4383592155191101,0.3955242599146867,4,False,3,7,2
0.0882295489870629,0.1609362349599706,4,False,2,7,2
0.0955446659612649,0.1489609004617324,4,False,2,7,2
0.1685301125938887,0.6223175049220673,4,False,0,7,2
0.0827333614754997,0.1782929746982762,4,False,2,7,2
0.1460012617198979,0.62570540874724,4,False,0,7,2
0.0821502114852489,0.1358128415619609,4,False,2,7,2
0.4351968124807168,0.4015325855169003,4,False,3,7,2
0.4401504810096596,0.4020276880011601,4,False,3,7,2
0.0831597861117366,0.1591623812455481,4,False,2,7,2
0.0884727516658556,0.1711972894792038,4,False,2,7,2
0.1481643861485609,0.6168052688551449,4,False,0,7,2
0.2901679343678481,0.0669622937520847,4,False,1,7,2
0.4256337605192443,0.4278457832531377,4,False,3,7,2
0.2566812871881982,0.0787132411783348,4,False,1,7,2
0.4072938451002796,0.3790274888703507,4,False,3,7,2
0.1099641794433021,0.1529546322268211,4,False,2,7,2
0.1671254178709944,0.6265993082739261,4,False,0,7,2
0.4425169333219182,0.424625895712393,4,False,3,7,2
0.4597042874339777,0.4151731604302215,4,False,3,7,2
0.1770537851293763,0.629258501174965,4,False,0,7,2
0.265992428604851,0.0632565270374528,4,False,1,7,2
0.4266566076991793,0.3995590038980683,4,False,3,7,2
0.2551943551482688,0.0430990195575934,4,False,1,7,2
0.0894416006875814,0.1655561545102094,4,False,2,7,2
0.2935534643388141,0.0791585028801044,4,False,1,7,2
0.0786280259087493,0.1726125412723009,4,False,2,7,2
0.1563852853140564,0.6253838819252691,4,False,0,7,2
0.2748870550116685,0.0937545158842175,4,False,1,7,2
0.0943251506601732,0.1675998805013514,4,False,2,7,2
0.1582798986066997,0.6283148981348282,4,False,0,7,2
0.1364707660515828,0.6305856671187232,4,False,0,7,2
0.1593605868829233,0.6315509048971073,4,False,0,7,2
0.2960803725852158,0.0665890508365808,4,False,1,7,2
0.261720284467025,0.0735640986785327,4,False,1,7,2
0.2855399797098278,0.044171411230394,4,False,1,7,2
0.1604368540580031,0.6174741826069238,4,False,0,7,2
0.0786570936719234,0.1712943423953433,4,False,2,7,2
0.1712252758551169,0.6101517643413248,4,False,0,7,2
0.0929034456608471,0.1899647021231729,4,False,2,7,2
0.2640328178173184,0.0558152306897463,4,False,1,7,2
0.1788856429124741,0.895911715607977,4,False,4,7,2
0.2998832744175096,0.0554239168772609,4,False,1,7,2
0.1493621869268885,0.6342471275237064,4,False,0,7,2
0.0856077329638328,0.1660675142244404,4,False,2,7,2
0.0810064306507744,0.1673503802470738,4,False,2,7,2
0.0948628042607605,0.1777342326591795,4,False,2,7,2
0.2613793941737457,0.1038446678085677,4,False,1,7,2
0.4318212763014808,0.4051233534445553,4,False,3,7,2
0.1663426468153271,0.625523335295656,4,False,0,7,2
0.0837598291130371,0.1587801602912517,4,False,2,7,2
0.2638078778153594,0.055863078495494,4,False,1,7,2
0.4254794990072239,0.4055563024889487,4,False,3,7,2
0.2015778815539033,0.8770995887310636,4,False,4,7,2
0.4288603779530354,0.4216168896020975,4,False,3,7,2
0.1957882592287382,0.8779216908349001,4,False,4,7,2
0.1870902294336358,0.8782722980221087,4,False,4,7,2
0.0977548175033367,0.164048812250745,4,False,2,7,2
0.2965961013352472,0.0665807146965057,4,False,1,7,2
0.0913237845135606,0.1626263886913503,4,False,2,7,2
0.2247168695427132,0.8525998327630752,4,False,4,7,2
0.0910373859934518,0.1504262775635066,4,False,2,7,2
0.2923267609141446,0.0876253681070736,4,False,1,7,2
0.2810631075485815,0.0611583504230679,4,False,1,7,2
0.2736095690929692,0.0618249254923895,4,False,1,7,2
0.2099729197839529,0.8781855444628798,4,False,4,7,2
0.4409758104520008,0.4048827311734531,4,False,3,7,2
0.1097347470187852,0.1802190457208906,4,False,2,7,2
0.0865304355903806,0.1647047718145173,4,False,2,7,2
0.1539097610118724,0.6230166981178941,4,False,0,7,2
0.2788341089062461,0.0586597015978313,4,False,1,7,2
0.2760926152148867,0.0632061745049054,4,False,1,7,2
0.1524294818742314,0.6108577276033368,4,False,0,7,2
0.286831585909862,0.0562124523181433,4,False,1,7,2
0.0910187602350629,0.1734631917954743,4,False,2,7,2
0.1516611130279019,0.6245593016038592,4,False,0,7,2
0.0906666041379323,0.1639388066877188,4,False,2,7,2
0.2808064252881018,0.0519172607453487,4,False,1,7,2
0.2790867833795658,0.0958108656841161,4,False,1,7,2
0.0952950807242609,0.141003772145826,4,False,2,7,2
0.1944143839447948,0.8744088604758253,4,False,4,7,2
0.0858944598458677,0.1663958624613861,4,False,2,7,2
0.1558362238361433,0.6279023494861797,4,False,0,7,2
0.2530879019200664,0.0494173981977234,4,False,1,7,2
0.0868267178923348,0.1660592811999471,4,False,2,7,2
0.0891053410326359,0.159547695429932,4,False,2,7,2
0.0867216452929302,0.1616496325063729,4,False,2,7,2
0.1400157050879916,0.6023193632443986,4,False,0,7,2
0.0946746846432075,0.1706797967491715,4,False,2,7,2
0.153434068588899,0.6228062749875989,4,False,0,7,2
0.280343677952305,0.0572152903468299,4,False,1,7,2
0.0939100879557406,0.1589885564759723,4,False,2,7,2
0.4371082440542058,0.4341794556006724,4,False,3,7,2
0.2057319476742955,0.8777227366732182,4,False,4,7,2
0.4206558318313513,0.4242816873676174,4,False,3,7,2
0.0869728310736904,0.1684466000183828,4,False,2,7,2
0.4444788422794992,0.3951343230504079,4,False,3,7,2
0.2735035686738367,0.0563567539747665,4,False,1,7,2
0.0884000475440129,0.1724228577903676,4,False,2,7,2
0.2943553341266339,0.0425515830499401,4,False,1,7,2
0.2749651698029154,0.0649884304950921,4,False,1,7,2
0.0840536733272266,0.1819783644799163,4,False,2,7,2
0.0771618120856786,0.165653553116222,4,False,2,7,2
0.2197367101039324,0.8655814191482322,4,False,4,7,2
0.2064389102250736,0.8764941673090608,4,False,4,7,2
0.2643757507468489,0.0718226396734976,4,False,1,7,2
0.1080396202214857,0.1427302020629814,4,False,2,7,2
0.0826712921397909,0.1694494309872695,4,False,2,7,2
0.0951830597970641,0.1901338458872932,4,False,2,7,2
0.2748127311796285,0.0726770971045913,4,False,1,7,2
0.2483712540067241,0.0654110772869174,4,False,1,7,2
0.0881484962115938,0.1503778028520157,4,False,2,7,2
0.1463890775151354,0.622837082605736,4,False,0,7,2
0.1497666998980089,0.6015940567485123,4,False,0,7,2
0.2244460917705308,0.8756956604847012,4,False,4,7,2
0.2563630071972007,0.0264706351343549,4,False,1,7,2
0.0922298849627128,0.1749639059046283,4,False,2,7,2
0.454349388031544,0.4185295275681482,4,False,3,7,2
0.0810063183867266,0.1793855138292831,4,False,2,7,2
0.0831728018307166,0.1678091060822445,4,False,2,7,2
0.0866499425107489,0.1721719961350648,4,False,2,7,2
0.4512051885925994,0.4033832966210601,4,False,3,7,2
0.1540031275885215,0.5887659575944212,4,False,0,7,2
0.2732848660454631,0.0594659686368769,4,False,1,7,2
0.1684321449018594,0.6341279123588502,4,False,0,7,2
0.0822990213755389,0.1719960162625999,4,False,2,7,2
0.0804547463402074,0.1681668204399978,4,False,2,7,2
0.2143689082203222,0.8884984630870308,4,False,4,7,2
0.2740508048087217,0.0435417633591413,4,False,1,7,2
0.3011616997929767,0.0807893246015268,4,False,1,7,2
0.288536231516402,0.038821733121517,4,False,1,7,2
0.2861511854867479,0.0255004457249383,4,False,1,7,2
0.2895820986354684,0.0355247065322621,4,False,1,7,2
0.268596982714986,0.0545001098594414,4,False,1,7,2
0.2640224858140747,0.0652847674487864,4,False,1,7,2
0.2654023604274017,0.0644046571630346,4,False,1,7,2
0.0857459792744586,0.1852161530823284,4,False,2,7,2
0.4460831026855894,0.4207897085769754,4,False,3,7,2
0.4497760482520697,0.419965427771355,4,False,3,7,2
0.3075387788381366,0.0524982993690476,4,False,1,7,2
0.0858426641974377,0.1723035932967155,4,False,2,7,2
0.4433885708385911,0.4009308387136817,4,False,3,7,2
0.2616751584224581,0.0581395240295223,4,False,1,7,2
0.2115914776124321,0.8751199255754414,4,False,4,7,2
0.0957141948314836,0.1797318769881491,4,False,2,7,2
0.080893911222732,0.1594189049981404,4,False,2,7,2
0.4397172395160647,0.4204377908735278,4,False,3,7,2
0.2759767458913409,0.0554635628388456,4,False,1,7,2
0.2654922662825314,0.0510840085108286,4,False,1,7,2
0.1499938634701221,0.6156593880133054,4,False,0,7,2
0.0884345937400295,0.1792065774562916,4,False,2,7,2
0.0901273093649274,0.1713067092464874,4,False,2,7,2
0.0930050487991101,0.1671981966789315,4,False,2,7,2
0.202596620389539,0.859988525489135,4,False,4,7,2
0.082328536165435,0.1726947275488021,4,False,2,7,2
0.1516078252203895,0.6243251120171763,4,False,0,7,2
0.1712345886518659,0.6072951531952373,4,False,0,7,2
0.0764496843276827,0.1645182851227057,4,False,2,7,2
0.4330390275386227,0.4252072160752054,4,False,3,7,2
0.0617291079864621,0.1887869234613001,4,False,2,7,2
0.1421521152564668,0.6240734476098424,4,False,0,7,2
0.2109759975918415,0.8811580557495438,4,False,4,7,2
0.0774950185074704,0.1901968180871263,4,False,2,7,2
0.2524793653948482,0.0723882564180114,4,False,1,7,2
0.0668546832545108,0.1851469438448155,4,False,2,7,2
0.0819231923836371,0.1713413649932647,4,False,2,7,2
0.2611002317070471,0.0346783365725665,4,False,1,7,2
0.0855273468400922,0.1826003110218067,4,False,2,7,2
0.4476566919513464,0.412505660003532,4,False,3,7,2
0.44294616871236,0.4112632837135747,4,False,3,7,2
0.4777759768545961,0.3850051039085613,4,False,3,7,2
0.257920564221321,0.0777547065208505,4,False,1,7,2
0.2658749969978571,0.037981187520693,4,False,1,7,2
0.1339815627767293,0.6036195601765434,4,False,0,7,2
0.2654901374284256,0.0415614945630325,4,False,1,7,2
0.0790989953630787,0.1590307439220691,4,False,2,7,2
0.0813185458772345,0.1742985813009961,4,False,2,7,2
0.1537513006890542,0.6181544738492805,4,False,0,7,2
0.0964802341837743,0.1858789164685367,4,False,2,7,2
0.4369192963526664,0.4168720708131603,4,False,3,7,2
0.1527706373051785,0.6295361105220766,4,False,0,7,2
0.0619883848620068,0.171071565984188,4,False,2,7,2
0.0818993283996814,0.1763956112658471,4,False,2,7,2
0.2538077228435154,0.0520629389542881,4,False,1,7,2
0.0721611126216756,0.1819693976412854,4,False,2,7,2
0.1361383916114791,0.6165700280721569,4,False,0,7,2
0.0977936363213994,0.1478797032035089,4,False,2,7,2
0.2041285310929752,0.8702974844215486,4,False,4,7,2
0.0747232602266266,0.1905502160609088,4,False,2,7,2
0.4439819487160417,0.4100393340183793,4,False,3,7,2
0.4504104130338477,0.4161532443940913,4,False,3,7,2
0.1480220044722652,0.6136981981185478,4,False,0,7,2
0.1549626261174563,0.6106440553105523,4,False,0,7,2
0.2118865611135534,0.8766907989955968,4,False,4,7,2
0.2694249342972323,0.0503484543402086,4,False,1,7,2
0.1490374314466363,0.6119827045475807,4,False,0,7,2
0.4422684129040282,0.4161609982025782,4,False,3,7,2
0.4416306683010237,0.4187782326071163,4,False,3,7,2
0.3131122351271427,0.0277950278848795,4,False,1,7,2
0.0864391219723247,0.1756904001987443,4,False,2,7,2
0.4348520890741983,0.3918456739994336,4,False,3,7,2
0.3812579024786952,0.4108173512584217,4,False,3,7,2
0.2244199507944103,0.8858057001418206,4,False,4,7,2
0.1507853653231533,0.6132415197043711,4,False,0,7,2
0.2674213693708117,0.0481465125716583,4,False,1,7,2
0.0755460960612238,0.1760830895601433,4,False,2,7,2
0.449115366314837,0.4181456336168985,4,False,3,7,2
0.2771773024172524,0.0506596205342677,4,False,1,7,2
0.0957315905709684,0.1663314992640698,4,False,2,7,2
0.257515578814828,0.0340164214530251,4,False,1,7,2
0.111041788152298,0.1761613207185876,4,False,2,7,2
0.07240749311132,0.1736081346467276,4,False,2,7,2
0.0640185568181008,0.1620993444700591,4,False,2,7,2
0.1482507539675569,0.6089947761563028,4,False,0,7,2
0.4513282987389032,0.416846975687988,4,False,3,7,2
0.1499870427984634,0.599878909954178,4,False,0,7,2
0.2795512282373989,0.0543574758358304,4,False,1,7,2
0.139982956493899,0.5826430534015504,4,False,0,7,2
0.2734684185491317,0.0462659484498615,4,False,1,7,2
0.2813197820339876,0.0498747318144023,4,False,1,7,2
0.0775913017352623,0.1771956572894776,4,False,2,7,2
0.2796261159061724,0.0423260647331912,4,False,1,7,2
0.2465423236415352,0.0542636255344778,4,False,1,7,2
0.4319154085295724,0.4075003825074844,4,False,3,7,2
0.2870371702762769,0.0456359770803042,4,False,1,7,2
0.2874109145922453,0.0404762811956496,4,False,1,7,2
0.1259634743099575,0.6291089544434808,4,False,0,7,2
0.0743923851865547,0.1669886206770507,4,False,2,7,2
0.0791266033496473,0.1627126517776657,4,False,2,7,2
0.1430708623619052,0.6160285418137851,4,False,0,7,2
0.4506914323673496,0.4175551337495959,4,False,3,7,2
0.1476858460414412,0.6086279357496683,4,False,0,7,2
0.1651837750653214,0.6096477562864612,4,False,0,7,2
0.3001118189286667,0.0696635192074267,4,False,1,7,2
0.0639797015567319,0.1850996470048288,4,False,2,7,2
0.0850012534952467,0.1893582343653528,4,False,2,7,2
0.2924484171104287,0.0309195358556368,4,False,1,7,2
0.0626565959053864,0.1909415833309352,4,False,2,7,2
0.2699689133775063,0.043225420930603,4,False,1,7,2
0.1386039174359472,0.6095183911616207,4,False,0,7,2
0.2525662539886111,0.0215402911728221,4,False,1,7,2
0.1473291297796989,0.6032358049045247,4,False,0,7,2
0.4492286621623397,0.4127680143577077,4,False,3,7,2
0.268900774794641,0.034208942282556,4,False,1,7,2
0.2792952896033637,0.0435410490244892,4,False,1,7,2
0.2792521200076858,0.0779189639332837,4,False,1,7,2
0.0803294826701748,0.1817256652705853,4,False,2,7,2
0.150205509116786,0.6142882115930463,4,False,0,7,2
0.0916724694802409,0.1799709964673603,4,False,2,7,2
0.083081582904193,0.1822141287067578,4,False,2,7,2
0.085663865744314,0.1725240299447205,4,False,2,7,2
0.1444125835743671,0.6085141382685291,4,False,0,7,2
0.4546754621165831,0.4210436885962373,4,False,3,7,2
0.064690389910015,0.2006120390411031,4,False,2,7,2
0.4438455708753874,0.405224847704569,4,False,3,7,2
0.2121195609633052,0.8811451335803403,4,False,4,7,2
0.288931342834855,0.0242637667910584,4,False,1,7,2
0.4339993877277379,0.3902208422231233,4,False,3,7,2
0.1216826692377422,0.625519763928742,4,False,0,7,2
0.2630533161651275,0.0083303314770438,4,False,1,7,2
0.2198806393500098,0.9023118441476464,4,False,4,7,2
0.080326757992592,0.1770255059549045,4,False,2,7,2
0.284254753059923,0.0506121847488261,4,False,1,7,2
0.2820638665134491,0.0520531260065554,4,False,1,7,2
0.4721675170710731,0.4258319512529927,4,False,3,7,2
0.2561031021041316,0.0731240656769758,4,False,1,7,2
0.058770869396427,0.1886063164509805,4,False,2,7,2
0.434530646589071,0.4218052420710041,4,False,3,7,2
0.232160442817798,0.8976447498263604,4,False,4,7,2
0.2813162967885964,0.0398584161690437,4,False,1,7,2
0.1058129079567286,0.2061161304099487,4,False,2,7,2
0.2771360901302682,0.0436533140877287,4,False,1,7,2
0.4796299186717452,0.4279776951506286,4,False,3,7,2
0.0581174387716241,0.171131287352683,4,False,2,7,2
0.2685157949500747,0.0781296286466467,4,False,1,7,2
0.2731970057839685,0.0401512134788876,4,False,1,7,2
0.4666131494917137,0.437470370731403,4,False,3,7,2
0.1367951523450324,0.5996201066404125,4,False,0,7,2
0.2750749246660088,0.0415054671443327,4,False,1,7,2
0.1620534371964977,0.6061494459156739,4,False,0,7,2
0.077113714078332,0.1955146331769781,4,False,2,7,2
0.1592668247472192,0.5777767583458868,4,False,0,7,2
0.1394514683130095,0.5971220616589913,4,False,0,7,2
0.1293750932831137,0.6258771681357476,4,False,0,7,2
0.1417275031885237,0.6161709817134403,4,False,0,7,2
0.1293282028408891,0.5767321854473886,4,False,0,7,2
0.0712040990530277,0.1972458655754909,4,False,2,7,2
0.450359463760258,0.4260156151970093,4,False,3,7,2
0.0915433211869379,0.1986274774297882,4,False,2,7,2
0.2742874496625326,0.0277983241286096,4,False,1,7,2
0.3115514987396067,0.0323710355274083,4,False,1,7,2
0.4528565930553052,0.4207290934378115,4,False,3,7,2
0.2742773507743682,0.0435980467977489,4,False,1,7,2
0.4579158537073588,0.4232724296347449,4,False,3,7,2
0.0739599141063039,0.1889841720890003,4,False,2,7,2
0.0892127049758658,0.1775388364075681,4,False,2,7,2
0.257216410895157,0.0080715171831698,4,False,1,7,2
0.0865986215942603,0.1761751831313436,4,False,2,7,2
0.126890834962446,0.6021683012415231,4,False,0,7,2
0.2845670865074534,0.0324237335313272,4,False,1,7,2
0.0784057542282611,0.1867378057270541,4,False,2,7,2
0.1433675764212816,0.6024251353993796,4,False,0,7,2
0.0883262295748552,0.1899141922160903,4,False,2,7,2
0.0747072760985635,0.1928411742962465,4,False,2,7,2
0.2235263196627578,0.891102563282705,4,False,4,7,2
0.4658556677769213,0.430515724701549,4,False,3,7,2
0.2551349185738126,0.0327729183861638,4,False,1,7,2
0.257606149203873,0.0578938599297516,4,False,1,7,2
0.1381923234523613,0.6136591499795454,4,False,0,7,2
0.2763834676214606,0.0387310322324518,4,False,1,7,2
0.2110893545869518,0.8788405542043869,4,False,4,7,2
0.2234225922679293,0.8775143877058451,4,False,4,7,2
0.0732295602698206,0.1894646568460584,4,False,2,7,2
0.2743111342324872,0.067076249840208,4,False,1,7,2
0.0618367102100431,0.1954558835997895,4,False,2,7,2
0.1593182398225028,0.641644413190695,4,False,0,7,2
0.453650477346015,0.431602914544146,4,False,3,7,2
0.2660806346631954,0.0521591842435291,4,False,1,7,2
0.2236875367871435,0.8891075995651039,4,False,4,7,2
0.2648843150278236,0.055608765867757,4,False,1,7,2
0.4383554072041328,0.4410196913738555,4,False,3,7,2
0.4722066511097741,0.4740565370384882,4,False,3,7,2
0.1418842059259577,0.5972246371281944,4,False,0,7,2
0.2291794009227325,0.8980350983626312,4,False,4,7,2
0.2662192147733717,0.0498561582717799,4,False,1,7,2
0.2724457290940954,0.0631042154106385,4,False,1,7,2
0.1879650196452142,0.5763274732091488,4,False,0,7,2
0.0719177351148845,0.1843206707438803,4,False,2,7,2
0.2762112771897946,0.0289989817847282,4,False,1,7,2
0.1619848283633771,0.5753546677118738,4,False,0,7,2
0.0792522203107617,0.1924078479233784,4,False,2,7,2
0.3017551049496639,0.0497174237229655,4,False,1,7,2
0.0877443427176306,0.1733435758351101,4,False,2,7,2
0.4482183869398299,0.4133466170351073,4,False,3,7,2
0.1049382395898909,0.2082457840563501,4,False,2,7,2
0.2154181824960794,0.8987001701404289,4,False,4,7,2
0.0707733435957113,0.1968625944333055,4,False,2,7,2
0.4477109420735223,0.4410022302684795,4,False,3,7,2
0.0680049882310295,0.2024448227296174,4,False,2,7,2
0.2679178596874614,0.0449892683521554,4,False,1,7,2
0.4590902955472815,0.4225948330075641,4,False,3,7,2
0.0737075753411021,0.1935763311032079,4,False,2,7,2
0.1225035274445449,0.6083109083330253,4,False,0,7,2
0.0809139500398631,0.1857511551047401,4,False,2,7,2
0.467758327287815,0.4391567229773558,4,False,3,7,2
0.4414885087855985,0.4309480963862668,4,False,3,7,2
0.4827063325197353,0.4245679136690798,4,False,3,7,2
0.0650602039842839,0.1892574287261484,4,False,2,7,2
0.0778569654159676,0.1918596448479352,4,False,2,7,2
0.0769149722655432,0.1918045271632732,4,False,2,7,2
0.0928690091587098,0.1866558549528708,4,False,2,7,2
0.0813012385889497,0.186778988903861,4,False,2,7,2
0.1181962737513668,0.1795976672340648,4,False,2,7,2
0.0942873330276714,0.1931239786405579,4,False,2,7,2
0.236988203747077,0.8893886759716443,4,False,4,7,2
0.213774603266278,0.904491299660468,4,False,4,7,2
0.4551190397421645,0.4442883555629188,4,False,3,7,2
0.2184440912686424,0.9086442733830644,4,False,4,7,2
0.078079719552021,0.1885094841643336,4,False,2,7,2
0.1542990343395905,0.6090389834169807,4,False,0,7,2
0.2783406933279889,0.0164958362805124,4,False,1,7,2
0.253636725512875,0.8938067143282539,4,False,4,7,2
0.0732991090442774,0.1949743469492041,4,False,2,7,2
0.0736520222115563,0.1909993849068442,4,False,2,7,2
0.2335727222621843,0.8844868844674,4,False,4,7,2
0.0664270733187598,0.2003646021485298,4,False,2,7,2
0.0959949302207717,0.2153568001519333,4,False,2,7,2
0.0619842840519814,0.1841542508321343,4,False,2,7,2
0.278495449971242,0.060167541000592,4,False,1,7,2
0.1369234231833556,0.5938931138721086,4,False,0,7,2
0.272604320739937,0.0274038467616444,4,False,1,7,2
0.3049764657799935,-0.017211779210743,4,False,1,7,2
0.448700686601882,0.3959648840719036,4,False,3,7,2
0.3020004031462432,0.0301692534183186,4,False,1,7,2
0.0873531862757513,0.1817928104421315,4,False,2,7,2
0.144693495320291,0.6427683968759358,4,False,0,7,2
0.0866270513366534,0.1912106024137973,4,False,2,7,2
0.2870112179798703,0.093414908098068,4,False,1,7,2
0.4476558265507023,0.4087332363966334,4,False,3,7,2
0.2316843253986328,0.8961941830758209,4,False,4,7,2
0.075932418495474,0.1939417381281148,4,False,2,7,2
0.4709698068975761,0.4409918487035735,4,False,3,7,2
0.2714385857618042,0.0077642474667827,4,False,1,7,2
0.08806589847598,0.1989796210878363,4,False,2,7,2
0.1462026006342378,0.6160858119736463,4,False,0,7,2
0.2296585076404999,0.8892076732731942,4,False,4,7,2
0.4694393104882197,0.4538443175316765,4,False,3,7,2
0.2218173762841713,0.8942381745264605,4,False,4,7,2
0.0969402900154384,0.6022003488366374,4,False,0,7,2
0.0735588287375815,0.1958887498953194,4,False,2,7,2
0.4758723928676013,0.4085234139483101,4,False,3,7,2
0.0676782354184983,0.2023774502438268,4,False,2,7,2
0.0484262208798133,0.1673014843753706,4,False,2,7,2
0.0799616118213994,0.1931395402324799,4,False,2,7,2
0.0977040018711111,0.1850730466240984,4,False,2,7,2
0.2177454867970455,0.8883542211061258,4,False,4,7,2
0.0919725628183161,0.2019677018019199,4,False,2,7,2
0.0893562844142303,0.1916858628278747,4,False,2,7,2
0.0574726534931411,0.212506194611025,4,False,2,7,2
0.0739540471254283,0.1949363523987,4,False,2,7,2
0.2946727948786176,0.0272753353471795,4,False,1,7,2
0.5003882302797844,0.4098372961176347,4,False,3,7,2
0.3028267392147694,-0.0227771437764416,4,False,1,7,2
0.075724026674972,0.1988363884591433,4,False,2,7,2
0.0588656188531905,0.1941124029227211,4,False,2,7,2
0.0393524978581061,0.2058797986902559,4,False,2,7,2
0.2418286907564311,0.0436246400147403,4,False,1,7,2
0.278898554753135,0.0329489821557917,4,False,1,7,2
0.1282302107819564,0.597720924899105,4,False,0,7,2
0.0717914155692325,0.195113442483502,4,False,2,7,2
0.2628061482814496,0.0540138984293379,4,False,1,7,2
0.0679336338741723,0.1915330504845793,4,False,2,7,2
0.1555000451532446,0.5767419613021599,4,False,0,7,2
0.262134242614589,0.0403783446470971,4,False,1,7,2
0.2704575075673744,0.0292490963769853,4,False,1,7,2
0.0605896942145301,0.1940591307066991,4,False,2,7,2
0.2932451753968323,0.0466106627091163,4,False,1,7,2
0.0769183746078653,0.2021556798856183,4,False,2,7,2
0.2076616655982018,0.8944369664933661,4,False,4,7,2
0.077541404043389,0.1985589011198901,4,False,2,7,2
0.0859727003681281,0.1898122755256087,4,False,2,7,2
0.0723823170843309,0.209905376179665,4,False,2,7,2
0.2306494847715284,0.8929193194395938,4,False,4,7,2
0.0770825247188025,0.1947856766343927,4,False,2,7,2
0.2477239564601849,0.8907846649365369,4,False,4,7,2
0.4691755002361014,0.4404561221905227,4,False,3,7,2
0.0359059216001376,0.1921042257149156,4,False,2,7,2
0.0750700731411341,0.1991362560275369,4,False,2,7,2
0.2891467374609973,0.0238231738847942,4,False,1,7,2
0.0704974596216768,0.2016441740785543,4,False,2,7,2
0.0740567963591502,0.1997290940954084,4,False,2,7,2
0.1392503983613885,0.5846088588415861,4,False,0,7,2
0.0545757346509614,0.2302079042837349,4,False,2,7,2
0.232960145140521,0.893206099678918,4,False,4,7,2
0.3011542362964785,0.0053302264345389,4,False,1,7,2
0.0821010131128808,0.1861959743296293,4,False,2,7,2
0.1463429942064546,0.5849972340777533,4,False,0,7,2
0.0729243808065135,0.2000020480641496,4,False,2,7,2
0.4496524626365412,0.458935417984025,4,False,3,7,2
0.0579890282810027,0.2088891712389133,4,False,2,7,2
0.2377539957663761,-0.0051708400811118,4,False,1,7,2
0.246243558187032,0.8888339193952605,4,False,4,7,2
0.4616768525105567,0.4382955632890647,4,False,3,7,2
0.279605609388063,0.0145234937541949,4,False,1,7,2
0.2690065717246321,0.02251196700586,4,False,1,7,2
0.2517609088836225,0.8898117218383881,4,False,4,7,2
0.0658107107071028,0.1967846301864317,4,False,2,7,2
0.2665950859680918,0.0208019902732262,4,False,1,7,2
0.1334434661136057,0.5863494503929245,4,False,0,7,2
0.0738669087841631,0.199708067908593,4,False,2,7,2
0.4459006503987203,0.4143349630707604,4,False,3,7,2
0.073595230729319,0.2000298549807868,4,False,2,7,2
0.0777471316993795,0.2021214579068414,4,False,2,7,2
0.4670123475138935,0.4312535888533657,4,False,3,7,2
0.1375066328626214,0.5887014412712708,4,False,0,7,2
0.0538565764102523,0.1937979353082312,4,False,2,7,2
0.4725637664301682,0.4432413877360073,4,False,3,7,2
0.133944449801262,0.6035396458449601,4,False,0,7,2
0.2590582271916772,0.0351360935415209,4,False,1,7,2
0.2922481635324528,0.0205570498071756,4,False,1,7,2
0.0822792067129017,0.173588501795304,4,False,2,7,2
0.080139334958117,0.2002885693333873,4,False,2,7,2
0.0743850851280647,0.2026927045447198,4,False,2,7,2
0.1371780337533975,0.5881215719370749,4,False,0,7,2
0.4646835246865904,0.4115465802179118,4,False,3,7,2
0.128790286612158,0.5804813268979236,4,False,0,7,2
0.069001959449384,0.1997737916815516,4,False,2,7,2
0.296511745526473,0.015150730549741,4,False,1,7,2
0.4645677951120278,0.4246009771429515,4,False,3,7,2
0.3026226897489212,0.0214372823273451,4,False,1,7,2
0.2719034864199362,0.0258002849551058,4,False,1,7,2
0.2853167513433918,0.0296054962020773,4,False,1,7,2
0.0798246336341452,0.2108145876859678,4,False,2,7,2
0.1284175547539793,0.6106927672460731,4,False,0,7,2
0.1367444594338506,0.5864357514339718,4,False,0,7,2
0.0455180660844741,0.1996086909865098,4,False,2,7,2
0.061647909711667,0.2228987897671281,4,False,2,7,2
0.3142222817552146,0.0547362903622446,4,False,1,7,2
0.0907480198877459,0.2017456744540843,4,False,2,7,2
0.1597677171147122,0.5461354850448259,4,False,0,7,2
0.2516596273127628,0.0383575771954267,4,False,1,7,2
0.0688961728178855,0.2016928832050054,4,False,2,7,2
0.2902000759237547,0.0305008225887264,4,False,1,7,2
0.1298089103390784,0.580215321027364,4,False,0,7,2
0.1385165576758604,0.581431928818275,4,False,0,7,2
0.071053745818654,0.2029845464002702,4,False,2,7,2
0.0640709384698919,0.2078163588089897,4,False,2,7,2
0.4612615501839557,0.4504466642677389,4,False,3,7,2
0.0683111148754668,0.2123773804561483,4,False,2,7,2
0.1332233715321299,0.5881994359873319,4,False,0,7,2
0.1278063064014838,0.5806481754775319,4,False,0,7,2
0.2310872210245452,0.9108292087917782,4,False,4,7,2
0.0479981023456471,0.2044928795839219,4,False,2,7,2
0.4849673679480943,0.4435598362207551,4,False,3,7,2
0.4699739135074778,0.4250424170376625,4,False,3,7,2
0.0707716681041593,0.2010988241639596,4,False,2,7,2
0.2270622479799436,0.9008135134629844,4,False,4,7,2
0.2619752388369886,0.0213908674399916,4,False,1,7,2
0.0720276640160197,0.2119665822694637,4,False,2,7,2
0.3320284533554614,0.0203636388963859,4,False,1,7,2
0.1257702977932459,0.5786929431581814,4,False,0,7,2
0.0820820431408365,0.2203614167707812,4,False,2,7,2
0.1726774799444194,0.6112097978350596,4,False,0,7,2
0.2632151822120739,0.0196788741433571,4,False,1,7,2
0.2608830171032759,0.0179599282110309,4,False,1,7,2
0.0939349772957427,0.2023465594564488,4,False,2,7,2
0.4778647380834696,0.4306860797167587,4,False,3,7,2
0.2481731347904968,0.044069660075535,4,False,1,7,2
0.1319514881948532,0.5826838993802614,4,False,0,7,2
0.2933345465375741,0.0431675726656752,4,False,1,7,2
0.2682496658145639,0.0697863541517675,4,False,1,7,2
0.0719266684663926,0.2065559466959159,4,False,2,7,2
0.0724071554441848,0.2036601297623887,4,False,2,7,2
0.4872699148469481,0.4458314190191276,4,False,3,7,2
0.131584753239089,0.5857649441878547,4,False,0,7,2
0.0682358467927509,0.2048991048334615,4,False,2,7,2
0.071392844856709,0.2320533131136114,4,False,2,7,2
0.0706371242639025,0.2075337388439072,4,False,2,7,2
0.4656758115500248,0.4240324022993424,4,False,3,7,2
0.0646578860783831,0.2117684440047409,4,False,2,7,2
0.2796921369079285,0.0128837885642274,4,False,1,7,2
0.0609392874712277,0.231139113053811,4,False,2,7,2
0.1552148592763842,0.5968134429752036,4,False,0,7,2
0.4838009409294204,0.4311658907903689,4,False,3,7,2
0.1353697823087396,0.5771406454380967,4,False,0,7,2
0.0688774204636528,0.2411811269489451,4,False,2,7,2
0.1399822851131572,0.5762063436686811,4,False,0,7,2
0.2633943744441739,0.0152530316972562,4,False,1,7,2
0.2808304654759635,0.0088846926620678,4,False,1,7,2
0.1276386325608083,0.5863850039178353,4,False,0,7,2
0.1390303054683635,0.5925522070454935,4,False,0,7,2
0.0679245662518164,0.2237962875313999,4,False,2,7,2
0.4869145871001613,0.4128702575858918,4,False,3,7,2
0.4934454947004418,0.418753163008042,4,False,3,7,2
0.2484882638774042,0.9108423490607772,4,False,4,7,2
0.0692073486125505,0.208223550721336,4,False,2,7,2
0.0831776717833299,0.2103112227293928,4,False,2,7,2
0.4761171149472687,0.4345113045828815,4,False,3,7,2
0.1362469855493309,0.5746159441748991,4,False,0,7,2
0.0766523075141319,0.217806322953031,4,False,2,7,2
0.0682580711912076,0.2167165700102266,4,False,2,7,2
0.2784392083156747,0.0351228314494761,4,False,1,7,2
0.1420549613715471,0.5730022416576162,4,False,0,7,2
0.2669745394624164,0.0303429575202073,4,False,1,7,2
0.131950748671801,0.5688521533900552,4,False,0,7,2
0.0564601246479465,0.2288463330429758,4,False,2,7,2
0.2244509103137311,0.8943637862879855,4,False,4,7,2
0.2359278433930044,0.9026871583415174,4,False,4,7,2
0.0706706156097722,0.2000760843437585,4,False,2,7,2
0.4739104459971074,0.4338974113869295,4,False,3,7,2
0.0596356448316515,0.2265716588453695,4,False,2,7,2
0.0778671914320699,0.205628616918901,4,False,2,7,2
0.1338282507377009,0.5825310672476953,4,False,0,7,2
0.2776029935778103,0.0089759807763794,4,False,1,7,2
0.2903445200532707,0.0179050659980116,4,False,1,7,2
0.1252565774814093,0.5897053828843744,4,False,0,7,2
0.0576953612480141,0.2165154842643187,4,False,2,7,2
0.0546918196376302,0.2522193427078508,4,False,2,7,2
0.1173637681068242,0.6125596011499532,4,False,0,7,2
0.2866783827328188,0.0108746777480372,4,False,1,7,2
0.4573922361455987,0.4297981782207297,4,False,3,7,2
0.4785141196795385,0.4034356804653094,4,False,3,7,2
0.2460563868297536,0.9057996450592956,4,False,4,7,2
0.2519513110574434,-0.0116719458696069,4,False,1,7,2
0.1055917892084012,0.568232115851354,4,False,0,7,2
0.1136559651818413,0.516854125736284,4,False,0,7,2
0.0746530131901895,0.2316613884580438,4,False,2,7,2
0.1356611961878834,0.5716645097035635,4,False,0,7,2
0.0672429766036992,0.2121647942731967,4,False,2,7,2
0.298744765811635,0.0226439226930954,4,False,1,7,2
0.2739069689836369,0.0110382204975154,4,False,1,7,2
0.0921421108729519,0.2068589262734443,4,False,2,7,2
0.0568254455717227,0.2056422395772163,4,False,2,7,2
0.0664538224000415,0.1969743096505964,4,False,2,7,2
0.2775818033096685,0.0106805919401358,4,False,1,7,2
0.0773409852319728,0.1836718369853077,4,False,2,7,2
0.0764819944015037,0.2106957070232808,4,False,2,7,2
0.0695974557604429,0.2090332134274994,4,False,2,7,2
0.0699174392942208,0.1877062027410203,4,False,2,7,2
0.2895858954329729,0.0496093038111909,4,False,1,7,2
0.0570171281971473,0.2048189057732535,4,False,2,7,2
0.0632443014807115,0.2170446665363724,4,False,2,7,2
0.2463487820845964,0.9089883906322684,4,False,4,7,2
0.0823884121350976,0.2261285121849079,4,False,2,7,2
0.4941144315889291,0.4117623511860623,4,False,3,7,2
0.2657125766456251,0.0163539017743908,4,False,1,7,2
0.2534093052180002,0.9075004373759562,4,False,4,7,2
0.4800673342059623,0.4386735444504427,4,False,3,7,2
0.2777903090475428,0.0062510708894742,4,False,1,7,2
0.1047135160080425,0.6014246796151165,4,False,0,7,2
0.1168496586234258,0.61699540934297,4,False,0,7,2
0.2930999370284651,-0.0221216098744736,4,False,1,7,2
0.0694748110939823,0.2035684921756817,4,False,2,7,2
0.0622492631296277,0.2215141178175823,4,False,2,7,2
0.4989101551980456,0.4579016015415411,4,False,3,7,2
0.1269854098408781,0.5818763607123865,4,False,0,7,2
0.2752638695644304,0.0104026668812199,4,False,1,7,2
0.1144013249585311,0.5292862575381366,4,False,0,7,2
0.4798743458729831,0.4396618784421888,4,False,3,7,2
0.0569437088992233,0.2170128695818062,4,False,2,7,2
0.1269024789292639,0.5765426395551531,4,False,0,7,2
0.117253924265853,0.5764012595094544,4,False,0,7,2
0.0741998070468315,0.2219943521977778,4,False,2,7,2
0.0723115784949093,0.228964489077224,4,False,2,7,2
0.1054363263837524,0.5685875617338195,4,False,0,7,2
0.0614598393710972,0.1999990011436848,4,False,2,7,2
0.0605963550470377,0.2130041221878164,4,False,2,7,2
0.1282280637346961,0.5514431444781493,4,False,0,7,2
0.1211223353277971,0.5734795427552839,4,False,0,7,2
0.1459815796700016,0.5723528080151237,4,False,0,7,2
0.2499655775122448,0.9012546483048276,4,False,4,7,2
0.2813749108852351,0.9074945882255496,4,False,4,7,2
0.1462936072689348,0.5705453104837808,5,False,0,8,2
0.0681483661197393,0.2157229424897112,5,False,2,8,2
0.265754686405366,0.0208548102015418,5,False,1,8,2
0.2488510314605595,0.9107293563202974,5,False,4,8,2
0.0672713491844366,0.2178941620569079,5,False,2,8,2
0.1319442168587061,0.5873118377086556,5,False,0,8,2
0.4809522200617005,0.4477143126230989,5,False,3,8,2
0.081030854530505,0.2197531710966329,5,False,2,8,2
0.1296323585175597,0.5771239995965858,5,False,0,8,2
0.2526149135930214,0.9081535606512506,5,False,4,8,2
0.2761989816553083,-0.0027820063085966,5,False,1,8,2
0.1322806913229967,0.5827803534155724,5,False,0,8,2
0.0692839306651538,0.2195725080676281,5,False,2,8,2
0.1230531919181624,0.5792630776554676,5,False,0,8,2
0.0609568140159255,0.2251167962949396,5,False,2,8,2
0.0869776987000231,0.2231142084589176,5,False,2,8,2
0.1459318146847379,0.5749501109359964,5,False,0,8,2
0.2719322902972207,-0.0044144995597603,5,False,1,8,2
0.0650240982801774,0.2286898405148039,5,False,2,8,2
0.2490915411150249,0.0124118471365488,5,False,1,8,2
0.2744131503165767,0.0072212053265548,5,False,1,8,2
0.3038369638851593,0.0130433270364365,5,False,1,8,2
0.4767555769436942,0.446537241875958,5,False,3,8,2
0.4732023735927252,0.4262389740028827,5,False,3,8,2
0.0602397649737524,0.2313284522096066,5,False,2,8,2
0.1182865388972545,0.585323191305571,5,False,0,8,2
0.0579162581538778,0.2332184371464282,5,False,2,8,2
0.2654562330516664,0.0064340393631221,5,False,1,8,2
0.0700176706121366,0.2158612895952142,5,False,2,8,2
0.122515918206565,0.5954988569758183,5,False,0,8,2
0.1254462180313912,0.5675121743527257,5,False,0,8,2
0.0827767024759238,0.1934590377638375,5,False,2,8,2
0.1061223371218962,0.5507159895940499,5,False,0,8,2
0.1255428338327668,0.5633348159380415,5,False,0,8,2
0.1352021313035978,0.5701160293160725,5,False,0,8,2
0.4863409639258796,0.4364771378407403,5,False,3,8,2
0.2962033621468655,-0.0042016250722521,5,False,1,8,2
0.1072038004326854,0.5928285072190919,5,False,0,8,2
0.2320032204031714,0.9229941762907842,5,False,4,8,2
0.1219812866755321,0.5706113872025202,5,False,0,8,2
0.2661334195562134,-0.012041710313623,5,False,1,8,2
0.2560833120782947,-0.0222562463612672,5,False,1,8,2
0.27328311443613,0.0190618111717945,5,False,1,8,2
0.4822275242189577,0.4521111987684106,5,False,3,8,2
0.0700499616978181,0.2032088159269292,5,False,2,8,2
0.0611771198664208,0.2239531921520035,5,False,2,8,2
0.4813118346932301,0.4355382509521349,5,False,3,8,2
0.4866769952132787,0.4374023882845677,5,False,3,8,2
0.1155480880472565,0.5523423587093662,5,False,0,8,2
0.2746306537107961,0.0042862695984281,5,False,1,8,2
0.2937700736725565,0.0101534056763214,5,False,1,8,2
0.0681169528776409,0.220312949491907,5,False,2,8,2
0.277902921076643,-0.001246288950012,5,False,1,8,2
0.0276924046614133,0.2019466598195705,5,False,2,8,2
0.2931950655115087,-0.0584767714738558,5,False,1,8,2
0.2932392112181471,-0.0048072178415337,5,False,1,8,2
0.480477711289801,0.4402667316869134,5,False,3,8,2
0.0657001186177898,0.2215765742097958,5,False,2,8,2
0.2580345012664853,0.8866066205742249,5,False,4,8,2
0.1241073367733585,0.5609337845587362,5,False,0,8,2
0.2925671532804291,0.0226243263260977,5,False,1,8,2
0.2651058323444457,0.0203960406726983,5,False,1,8,2
0.2708727699493239,-0.0003743957762277,5,False,1,8,2
0.4948287888318663,0.4812788095177527,5,False,3,8,2
0.1069377191757707,0.5694260931940663,5,False,0,8,2
0.2715960481046694,0.0019753550204491,5,False,1,8,2
0.063841483737268,0.2211380943141562,5,False,2,8,2
0.2361706753478351,0.9331792092721828,5,False,4,8,2
0.0652825334052611,0.2203630740380212,5,False,2,8,2
0.0609780439825183,0.2300366606015019,5,False,2,8,2
0.1318217569454621,0.5669644721983311,5,False,0,8,2
0.2798675014639632,0.0001087833028544,5,False,1,8,2
0.5017486054926613,0.3906441900497691,5,False,3,8,2
0.0665161163584293,0.2248664938987858,5,False,2,8,2
0.2563289225286549,0.0230234753984124,5,False,1,8,2
0.2784164557645218,0.0021786397433763,5,False,1,8,2
0.2259913470663397,0.0339710704425306,5,False,1,8,2
0.0552366829252163,0.2283722842603974,5,False,2,8,2
0.0728909642978751,0.2221614358798077,5,False,2,8,2
0.2872417010782369,0.019726506707584,5,False,1,8,2
0.2625716760096217,0.9109035085944668,5,False,4,8,2
0.2807236904104515,-0.0036860778779078,5,False,1,8,2
0.2647962944588185,0.917367475439686,5,False,4,8,2
0.070259698634032,0.2295155381802688,5,False,2,8,2
0.4839727232613406,0.4659097449929901,5,False,3,8,2
0.2785756322483605,0.0028392443366263,5,False,1,8,2
0.2727489065975387,-0.002258317328947,5,False,1,8,2
0.030645384411296,0.2249563759514599,5,False,2,8,2
0.0637547154394726,0.2250073230840508,5,False,2,8,2
0.1280975234957694,0.5665436602477235,5,False,0,8,2
0.1317510109734743,0.5682182791773311,5,False,0,8,2
0.1527094719919963,0.5569004499874486,5,False,0,8,2
0.2572984192305471,0.9099079279208182,5,False,4,8,2
0.2573113321028897,0.0311372569441896,5,False,1,8,2
0.2705398836690136,0.0024892926464899,5,False,1,8,2
0.1381711063848316,0.5542923093377113,5,False,0,8,2
0.2939412556521421,0.0025607554370015,5,False,1,8,2
0.2564866209893909,0.9035058029681102,5,False,4,8,2
0.0884958857936716,0.2190288601653965,5,False,2,8,2
0.0817203769926353,0.2414451628809451,5,False,2,8,2
0.2413126303342005,0.9258215651119835,5,False,4,8,2
0.1000584265566626,0.5677995424311075,5,False,0,8,2
0.2397961592507491,0.8887098404473666,5,False,4,8,2
0.2889674461348839,-0.0041793552188747,5,False,1,8,2
0.2632227988100361,-0.0039968044340687,5,False,1,8,2
0.0570583270150137,0.2332002517125321,5,False,2,8,2
0.2356365448336765,0.0360197037671686,5,False,1,8,2
0.1256766330391323,0.58963608175697,5,False,0,8,2
0.1305877935759689,0.5706021569613419,5,False,0,8,2
0.2705850812295506,0.0020662736218349,5,False,1,8,2
0.0636958084733262,0.2276231348411631,5,False,2,8,2
0.0720692473266185,0.2319673653127827,5,False,2,8,2
0.4960925079845998,0.448819240794059,5,False,3,8,2
0.0759242589685086,0.210876225553644,5,False,2,8,2
0.0615017656634029,0.2261096647976597,5,False,2,8,2
0.0646916784452461,0.2161484354011511,5,False,2,8,2
0.0718226430354194,0.2365737714873893,5,False,2,8,2
0.512606361955693,0.4228843871484876,5,False,3,8,2
0.0983376517803292,0.23493429515178,5,False,2,8,2
0.0865893283971774,0.2228842210307607,5,False,2,8,2
0.4834951446973458,0.4519833804498824,5,False,3,8,2
0.1365851191604124,0.5779244943222855,5,False,0,8,2
0.0767797519523884,0.2407552635006239,5,False,2,8,2
0.2821942791044901,0.9464456672350894,5,False,4,8,2
0.4923895680114144,0.4457798827231004,5,False,3,8,2
0.0492440218548161,0.235875903269396,5,False,2,8,2
0.4957324603177906,0.4450360143222756,5,False,3,8,2
0.0472222042648085,0.2222702935721966,5,False,2,8,2
0.5066289238871864,0.4564297472749193,5,False,3,8,2
0.0588312138333213,0.2287357705491615,5,False,2,8,2
0.5078251983667541,0.4570244724255224,5,False,3,8,2
0.1263965853969885,0.5500138879658287,5,False,0,8,2
0.1164025073521164,0.584797748929007,5,False,0,8,2
0.4807291620575069,0.484386485330231,5,False,3,8,2
0.2567748784286207,-0.0060214458160766,5,False,1,8,2
0.127171570432766,0.5638935356301168,5,False,0,8,2
0.2595626749095925,-0.0040203071627004,5,False,1,8,2
0.2845948348813438,-0.0074056701995597,5,False,1,8,2
0.2851129649819389,0.0318054564662297,5,False,1,8,2
0.1251816021403208,0.5629316248699013,5,False,0,8,2
0.0660002651539287,0.226471630566545,5,False,2,8,2
0.3240429225454491,0.0295173948608372,5,False,1,8,2
0.2656752173266231,0.0016504350150416,5,False,1,8,2
0.5096598686431484,0.4487698990770185,5,False,3,8,2
0.1239829310164938,0.574371491051246,5,False,0,8,2
0.1199052847901362,0.5519985326421578,5,False,0,8,2
0.1228961193722624,0.5619736168189866,5,False,0,8,2
0.1333515993859917,0.5556147616801197,5,False,0,8,2
0.2644778744940181,0.0095358242720228,5,False,1,8,2
0.072210068530666,0.242085325322157,5,False,2,8,2
0.1198317999273362,0.5553829682197508,5,False,0,8,2
0.067141533096005,0.2252876871465319,5,False,2,8,2
0.2639582686390793,0.9266634247311484,5,False,4,8,2
0.1403492409310051,0.5453499899551478,5,False,0,8,2
0.4908294428371229,0.4773002862087084,5,False,3,8,2
0.4968336185253267,0.4510314399842123,5,False,3,8,2
0.115866055779803,0.5590425842070276,5,False,0,8,2
0.0532574803051901,0.2003374424951974,5,False,2,8,2
0.2749086230604317,0.0009194461989388,5,False,1,8,2
0.0604879181747548,0.2343616456375929,5,False,2,8,2
0.4703814670187025,0.4137333954232387,5,False,3,8,2
0.2665380664395854,0.9134005423516692,5,False,4,8,2
0.1123831847139346,0.5634258622619425,5,False,0,8,2
0.2833027151526904,0.9148441416420244,5,False,4,8,2
0.2616383114136554,0.926242804775033,5,False,4,8,2
0.0767250516758479,0.2457439066596541,5,False,2,8,2
0.2533106693546428,0.9005279236594718,5,False,4,8,2
0.2951335908552883,0.016429605580464,5,False,1,8,2
0.1354029036692333,0.5504152251553847,5,False,0,8,2
0.125307252558994,0.5633347881092519,5,False,0,8,2
0.0684556086507177,0.2236592950387076,5,False,2,8,2
0.064137775541327,0.234862422686837,5,False,2,8,2
0.0604412726434771,0.2326540588109375,5,False,2,8,2
0.0934168276482939,0.5671351117628509,5,False,0,8,2
0.0602662139575789,0.2251848854385126,5,False,2,8,2
0.0749061982926442,0.2391403955021911,5,False,2,8,2
0.4723921249355993,0.4454117104122508,5,False,3,8,2
0.0443013700761854,0.2262228939215638,5,False,2,8,2
0.2907484932224579,0.0213538141117279,5,False,1,8,2
0.4675562033269801,0.4786958848729418,5,False,3,8,2
0.4733834382771401,0.4493142276991672,5,False,3,8,2
0.2922833171960995,-0.0063904011719956,5,False,1,8,2
0.2653019251404724,0.0338886978805129,5,False,1,8,2
0.2568149057091114,0.0014878889715848,5,False,1,8,2
0.2993234949950877,0.0035669623531865,5,False,1,8,2
0.4986021616489173,0.4283463293488276,5,False,3,8,2
0.0660071530772636,0.2381303407704789,5,False,2,8,2
0.2709904945474256,0.9152637279180956,5,False,4,8,2
0.0688694135325236,0.2120102105861516,5,False,2,8,2
0.0738110801371923,0.2320246996340078,5,False,2,8,2
0.0731282764209648,0.2516613176056357,5,False,2,8,2
0.0644468071648229,0.237860261588852,5,False,2,8,2
0.3072857791440743,-0.0050193269873083,5,False,1,8,2
0.0559552223715368,0.2460809286857387,5,False,2,8,2
0.2682776764358601,0.0061112228924317,5,False,1,8,2
0.1227157192215945,0.5410638778030394,5,False,0,8,2
0.1266066164521145,0.5648566186243095,5,False,0,8,2
0.2414130558351331,0.0479021257546406,5,False,1,8,2
0.4877724794608934,0.4734913522063559,5,False,3,8,2
0.0601698407288047,0.2350326954953693,5,False,2,8,2
0.0695519028716316,0.2478361843950902,5,False,2,8,2
0.0622085517262285,0.2386892703630967,5,False,2,8,2
0.5166107117832143,0.456028747742146,5,False,3,8,2
0.0683898332049864,0.2351922154800909,5,False,2,8,2
0.0712189759117941,0.2342839916416995,5,False,2,8,2
0.1013540250116555,0.5849642190482839,5,False,0,8,2
0.4921277336498372,0.447847932395625,5,False,3,8,2
0.3070070471346637,-0.0126401032701226,5,False,1,8,2
0.4971531426088878,0.4514825578936688,5,False,3,8,2
0.1006317433061706,0.2674211038934092,5,False,2,8,2
0.0509262291523761,0.2294413044414204,5,False,2,8,2
0.131871240148919,0.5781439681435133,5,False,0,8,2
0.076468530852977,0.2441272732197416,5,False,2,8,2
0.2557043611087575,0.0061316247675588,5,False,1,8,2
0.1223986904531687,0.5552592354543737,5,False,0,8,2
0.055940033954019,0.2242936543391906,5,False,2,8,2
0.0619932446684507,0.2361241714719434,5,False,2,8,2
0.1353061399634742,0.5704038370830415,5,False,0,8,2
0.2837423999363592,0.0225223985213614,5,False,1,8,2
0.0580207163980325,0.2471063025053106,5,False,2,8,2
0.0493875090783645,0.2453111424089645,5,False,2,8,2
0.0594481859480194,0.2356228521225541,5,False,2,8,2
0.0518184022599642,0.2290331115860008,5,False,2,8,2
0.0591510723275042,0.2376804933436611,5,False,2,8,2
0.0678460541271743,0.2209125769940255,5,False,2,8,2
0.2773322363658225,0.0109913404793669,5,False,1,8,2
0.122710933431877,0.5582277147699283,5,False,0,8,2
0.119312258729862,0.5708238553960722,5,False,0,8,2
0.0614863863322615,0.2315651874498907,5,False,2,8,2
0.053022100239832,0.2494174543992527,5,False,2,8,2
0.500155040634176,0.4241738548903711,5,False,3,8,2
0.0525992045147572,0.2461488228711033,5,False,2,8,2
0.265350848174901,0.0135618090806799,5,False,1,8,2
0.0615751679857703,0.2413674842330872,5,False,2,8,2
0.1330640514363407,0.5625399226674105,5,False,0,8,2
0.1235279900990158,0.5499188049544133,5,False,0,8,2
0.2535738660880492,0.0563933704222873,5,False,1,8,2
0.1410195286186375,0.5414255227329899,5,False,0,8,2
0.1287875477159285,0.5594328942023684,5,False,0,8,2
0.3513832874249941,0.004517062397859,5,False,1,8,2
0.0478806338533564,0.2341277172118062,5,False,2,8,2
0.0732967742353448,0.2250937185087365,5,False,2,8,2
0.0599885653485863,0.2398761177437171,5,False,2,8,2
0.0543833982389371,0.242295594667987,5,False,2,8,2
0.25522710290839,0.9285595843312596,5,False,4,8,2
0.497544976240283,0.4455863061320942,5,False,3,8,2
0.4995354389407709,0.4536387624981864,5,False,3,8,2
0.4721043469644941,0.4806488416612186,5,False,3,8,2
0.3070381051445987,-0.0128781995112351,5,False,1,8,2
0.28327148348896,0.0079688939013955,5,False,1,8,2
0.1245905665319685,0.5481137978914585,5,False,0,8,2
0.2578010953005049,0.0480600548691163,5,False,1,8,2
0.123887931851668,0.5452147183646301,5,False,0,8,2
0.0422211262269134,0.2521480140330571,5,False,2,8,2
0.2657702538865545,0.914572155157235,5,False,4,8,2
0.2704716937152855,0.9200344123859582,5,False,4,8,2
0.5005188277997773,0.4382333144655581,5,False,3,8,2
0.0490289612899458,0.2409547146574291,5,False,2,8,2
0.2695240192081709,0.0134571232617614,5,False,1,8,2
0.0997057552937845,0.5523702007458142,5,False,0,8,2
0.059109117672638,0.2278592772518113,5,False,2,8,2
0.0396099248802597,0.239494777037454,5,False,2,8,2
0.0511068672792553,0.2369280924030729,5,False,2,8,2
0.1177117951164333,0.5469074674742311,5,False,0,8,2
0.0504992322737909,0.2230715192164808,5,False,2,8,2
0.1327532056981915,0.5619414043407924,5,False,0,8,2
0.2674224569033288,0.919293121089576,5,False,4,8,2
0.2831414880967876,0.9316641992336548,5,False,4,8,2
0.2418461210894561,-0.0115722673183656,5,False,1,8,2
0.4957056681300125,0.4565378357512162,5,False,3,8,2
0.0626866162106116,0.2360036536092564,5,False,2,8,2
0.4957056840090241,0.4422619658067696,5,False,3,8,2
0.0633073766309922,0.2393461275522724,5,False,2,8,2
0.2806749303944717,0.0130094736285119,5,False,1,8,2
0.1127963080188722,0.5474306634470693,5,False,0,8,2
0.0538319355964052,0.2455627673426049,5,False,2,8,2
0.0561750195346504,0.2483147057494681,5,False,2,8,2
0.2616844442789063,0.9014643716993062,5,False,4,8,2
0.3000995114136554,-0.0408690971294295,5,False,1,8,2
0.0580601819170949,0.2410078475102043,5,False,2,8,2
0.2997972488308291,-0.0023970521399755,5,False,1,8,2
0.1403882656489981,0.4981265728492701,5,False,0,8,2
0.0440231421592357,0.2484033997341777,5,False,2,8,2
0.0578461850436815,0.2544400949406518,5,False,2,8,2
0.086787804033584,0.5422541399558338,5,False,0,8,2
0.2903075764899973,0.0156127454420946,5,False,1,8,2
0.1548597693428295,0.5601864848992147,5,False,0,8,2
0.1144080861535553,0.5394367525514625,5,False,0,8,2
0.2646647081576793,0.915552438858527,5,False,4,8,2
0.0663947663626338,0.2549723591292368,5,False,2,8,2
0.0779860002936423,0.2246472348352043,5,False,2,8,2
0.2707616918004807,0.0190446798669461,5,False,1,8,2
0.2742395766239259,0.0198408810518966,5,False,1,8,2
0.5053511385902915,0.4600713818974505,5,False,3,8,2
0.0613090071444116,0.2456529824520842,5,False,2,8,2
0.2869408255722799,0.0079010262600299,5,False,1,8,2
0.2947698864344254,0.046896627776912,5,False,1,8,2
0.0604637876827273,0.2399768194174068,5,False,2,8,2
0.2557992701505069,0.0728204983838741,5,False,1,8,2
0.0680913307475423,0.2532832278076526,5,False,2,8,2
0.4958971435355229,0.4696905963208784,5,False,3,8,2
0.2898082345928972,0.0107961799041654,5,False,1,8,2
0.0495631112634305,0.2360511441282921,5,False,2,8,2
0.5032275199777373,0.4560861529170641,5,False,3,8,2
0.0497317901248203,0.2381309745810961,5,False,2,8,2
0.2772324519632632,0.0222807984068111,5,False,1,8,2
0.1255102684129727,0.5452343626120543,5,False,0,8,2
0.3022564769684452,0.9007850363343538,5,False,4,8,2
0.0387269384662303,0.2444711278398564,5,False,2,8,2
0.11896578682495,0.54595498389572,5,False,0,8,2
0.2788392294840392,0.923141384501859,5,False,4,8,2
0.0631527860982929,0.2532119960247378,5,False,2,8,2
0.5122315535253937,0.45543276729096,5,False,3,8,2
0.0801628222053734,0.2524764028315633,5,False,2,8,2
0.0503857295159648,0.2518886192139927,5,False,2,8,2
0.0578841563026612,0.2446891351769094,5,False,2,8,2
0.5044425028191033,0.4600871316151758,5,False,3,8,2
0.0552757312705444,0.2432757089265597,5,False,2,8,2
0.0938997252878087,0.5441439058109708,5,False,0,8,2
0.5074809918244211,0.4581539143427479,5,False,3,8,2
0.0959971618417654,0.5253435997644901,5,False,0,8,2
0.0702890407554075,0.2496871542142038,5,False,2,8,2
0.1068682730853102,0.5370912939342498,5,False,0,8,2
0.0730445837862558,0.2657697402894023,5,False,2,8,2
0.0415176659188984,0.2321545373023827,5,False,2,8,2
0.0853434016326623,0.5568457412733616,5,False,0,8,2
0.2767733188144631,0.9134265375791252,5,False,4,8,2
0.0302756549140476,0.2611253768536518,5,False,2,8,2
0.1310003373547039,0.5567553109856828,5,False,0,8,2
0.280541400631769,0.0176889494646087,5,False,1,8,2
0.1034784577186911,0.5506201281993051,5,False,0,8,2
0.1178708665893427,0.5438087694606537,5,False,0,8,2
0.2667891279613829,0.0324695214598483,5,False,1,8,2
0.0734646519440807,0.2317978632920002,5,False,2,8,2
0.5084499312070936,0.4572199375341322,5,False,3,8,2
0.0571707655088282,0.2459257035495247,5,False,2,8,2
0.0777239552994631,0.2670118254733428,5,False,2,8,2
0.2828818251963041,0.9190502339246908,5,False,4,8,2
0.1203141466400922,0.5484299784618583,5,False,0,8,2
0.0388545739281241,0.2507976879093734,5,False,2,8,2
0.2758034030119623,0.0237478270712796,5,False,1,8,2
0.0546647324377581,0.2568846289971571,5,False,2,8,2
0.0618521136467761,0.2423093915976326,5,False,2,8,2
0.5115134456965132,0.4588015032673914,5,False,3,8,2
0.2807321178679607,0.9380206603973787,5,False,4,8,2
0.2830010899151427,0.0182213714848782,5,False,1,8,2
0.0532655732761296,0.24391365658547,5,False,2,8,2
0.520392548128865,0.4519151398010288,5,False,3,8,2
0.282890620536921,0.9289731085761548,5,False,4,8,2
0.0614723054127,0.2547751497333866,5,False,2,8,2
0.2742374817785165,0.0266534539821551,5,False,1,8,2
0.0582793552480258,0.2494364006416894,5,False,2,8,2
0.043465357980053,0.2422479632137102,5,False,2,8,2
0.2742722872073161,0.92631564353524,5,False,4,8,2
0.0550597579880166,0.2497090168290476,5,False,2,8,2
0.0515305176857013,0.2555051212442992,5,False,2,8,2
0.0553469894870046,0.2499799039613083,5,False,2,8,2
0.5079983455263215,0.4621709755331724,5,False,3,8,2
0.2551124353387821,0.0328479197211046,5,False,1,8,2
0.2760748967730901,0.0441105725217235,5,False,1,8,2
0.053080957716472,0.2848274471389443,5,False,2,8,2
0.3247769633763983,0.0123329106418956,5,False,1,8,2
0.1158747211435461,0.5379581477649864,5,False,0,8,2
0.0873480545502628,0.5396995659157982,5,False,0,8,2
0.0262108700755944,0.2529347889570557,5,False,2,8,2
0.0834957106609791,0.5591555640064718,5,False,0,8,2
0.1163514915346939,0.540488635748292,5,False,0,8,2
0.052666389636881,0.2377322869475479,5,False,2,8,2
0.0627948551014453,0.2428386802251536,5,False,2,8,2
0.5105328206292056,0.4563612194949792,5,False,3,8,2
0.3077838104267448,0.0150503382852653,5,False,1,8,2
0.5255411950695403,0.45933840256579,5,False,3,8,2
0.5072205857743001,0.4646171469372672,5,False,3,8,2
0.5151094289711652,0.4429015756806639,5,False,3,8,2
0.1178698080096123,0.5478703282612515,5,False,0,8,2
0.1171974661221326,0.5413527822916383,5,False,0,8,2
0.129207337702098,0.5257522374214783,5,False,0,8,2
0.1114417547737135,0.5380975601805507,5,False,0,8,2
0.2753544538802512,0.0268008228921512,5,False,1,8,2
0.0479911267728083,0.2435304031960217,5,False,2,8,2
0.5173095317280704,0.4640898941036472,5,False,3,8,2
0.5383762248868788,0.4617091765334943,5,False,3,8,2
0.2742330624280976,0.0268024134503916,5,False,1,8,2
0.0561947213786602,0.249095041136841,5,False,2,8,2
0.5185750287108093,0.4731270585400313,5,False,3,8,2
0.1028594385084672,0.5707560052610888,5,False,0,8,2
0.1251205468026343,0.5134653980861702,5,False,0,8,2
0.118743577583307,0.5347844609582709,5,False,0,8,2
0.1212852831069787,0.5347844118123086,5,False,0,8,2
0.5160273217081353,0.4615105535277365,5,False,3,8,2
0.0954400866528721,0.5382185370901827,5,False,0,8,2
0.070775107463899,0.2740971885636558,5,False,2,8,2
0.2818816026592348,0.9274045345959964,5,False,4,8,2
0.0516923777227133,0.2436148940656734,5,False,2,8,2
0.1288989896741823,0.5243277979730119,5,False,0,8,2
0.2828923767595174,0.9211608452934364,5,False,4,8,2
0.1171835744291165,0.5340035821392638,5,False,0,8,2
0.2441401795447733,0.0709894518480795,5,False,1,8,2
0.105001900666342,0.5250577664932256,5,False,0,8,2
0.1055630887713581,0.5328871885700872,5,False,0,8,2
0.0792927985563744,0.2495892026296527,5,False,2,8,2
0.2619830153362789,0.0467368160006541,5,False,1,8,2
0.1201633614221724,0.5392240681393479,5,False,0,8,2
0.281373116898614,0.0270112409525025,5,False,1,8,2
0.1186214531546263,0.5314231510132837,5,False,0,8,2
0.0565766983299966,0.2194140914550729,5,False,2,8,2
0.2854192922175183,0.0376557017671456,5,False,1,8,2
0.1137932504782344,0.5459194944851905,5,False,0,8,2
0.0894487786343476,0.5473690158376204,5,False,0,8,2
0.2832752534447506,0.9321654963253092,5,False,4,8,2
0.0308714205411739,0.2849739979125,5,False,2,8,2
0.2734686730603359,0.9319869962846334,5,False,4,8,2
0.0483568245165665,0.2522923100008459,5,False,2,8,2
0.0449784435612818,0.2665327170042054,5,False,2,8,2
0.0473249849484644,0.2352934174069238,5,False,2,8,2
0.1063700543604335,0.5311267936525056,5,False,0,8,2
0.0580591627943654,0.2661907260746937,5,False,2,8,2
0.0978656690907922,0.5531855924104916,5,False,0,8,2
0.0531951195971737,0.2555803515154473,5,False,2,8,2
0.5197239852829624,0.4786387457710485,5,False,3,8,2
0.5179101620826094,0.4629456146524481,5,False,3,8,2
0.5144882772047382,0.4600641417500446,5,False,3,8,2
0.2578655643432337,0.0204082856180077,5,False,1,8,2
0.0587812377278232,0.2494070612606927,5,False,2,8,2
0.2752906456200084,0.0343037108009127,5,False,1,8,2
0.0561895441514788,0.2490596506061628,5,False,2,8,2
0.0479250700354945,0.2621781269047548,5,False,2,8,2
0.2697626715009333,0.0391816757770956,5,False,1,8,2
0.2749136108595052,0.0346350680557991,5,False,1,8,2
0.2707464379337041,0.0293683806112609,5,False,1,8,2
0.1136553310568083,0.531604517808972,5,False,0,8,2
0.284984205265775,0.0412944825583188,5,False,1,8,2
0.5184435881047204,0.4637083206939154,5,False,3,8,2
0.5104721826420048,0.4557160519749669,5,False,3,8,2
0.1208586803129678,0.5458747059095823,5,False,0,8,2
0.0526672305409923,0.2575416140228925,5,False,2,8,2
0.112417149942876,0.5374334608096847,5,False,0,8,2
0.0384926504171953,0.2694264417091555,5,False,2,8,2
0.301923960768903,0.9423412873118492,5,False,4,8,2
0.0568381893030654,0.2568004712900467,5,False,2,8,2
0.2863863171286474,0.9219552963612389,5,False,4,8,2
0.5225134724816669,0.4643452138111201,5,False,3,8,2
0.513818454267927,0.4609389586611351,5,False,3,8,2
0.3072884888938492,0.0800725994728884,5,False,1,8,2
0.2898627364404347,0.0521393386665067,5,False,1,8,2
0.292294916333041,0.0165166367443762,5,False,1,8,2
0.2565104669824843,0.0257455029399649,5,False,1,8,2
0.2699226436028479,0.936311576256828,5,False,4,8,2
0.2868515862659964,0.9301364056789568,5,False,4,8,2
0.0434894136894763,0.268123050079063,5,False,2,8,2
0.1084211628190289,0.5330402625806588,5,False,0,8,2
0.5406542872462547,0.4409878247842239,5,False,3,8,2
0.2780079295770498,0.0304265834531032,5,False,1,8,2
0.0509879868689968,0.2633693215232446,5,False,2,8,2
0.5174820298504885,0.4576015302933393,5,False,3,8,2
0.2727359848210012,0.0348666398413649,5,False,1,8,2
0.0991658286360063,0.5118108768690938,5,False,0,8,2
0.1251556456469099,0.526533716756378,5,False,0,8,2
0.2737347884461858,0.0371883221098779,5,False,1,8,2
0.5025321589177713,0.4633642967932236,5,False,3,8,2
0.1121587204791492,0.5332950952678004,5,False,0,8,2
0.3066408669386893,0.9462667297268536,5,False,4,8,2
0.2832560819502557,0.9300305997128256,5,False,4,8,2
0.0521686841315289,0.2607050626368054,5,False,2,8,2
0.0442955935102705,0.2629717368710292,5,False,2,8,2
0.2766407383785328,0.0410222061601575,5,False,1,8,2
0.0397210289942438,0.2589488405385864,5,False,2,8,2
0.2933123718121316,0.0397495803921905,5,False,1,8,2
0.1088741116643967,0.5293245735466131,5,False,0,8,2
0.1200773474796203,0.5483713075458622,5,False,0,8,2
0.2684224044526866,0.0450803613934456,5,False,1,8,2
0.5269330885642018,0.4535850140840267,5,False,3,8,2
0.055179924045352,0.2555371759932463,5,False,2,8,2
0.240412607001026,0.0298843221887603,5,False,1,8,2
0.5329254070552565,0.4495416938096778,5,False,3,8,2
0.5134600539196754,0.4636386541281277,5,False,3,8,2
0.2625022987611562,0.0293553849890666,5,False,1,8,2
0.4994658177749833,0.4555945435176582,5,False,3,8,2
0.2612664189284539,0.0054869936842825,5,False,1,8,2
0.2878987007780049,0.932354692814942,5,False,4,8,2
0.5308148568080338,0.4591772136549655,5,False,3,8,2
0.2854892336815125,0.0358889712988049,5,False,1,8,2
0.0482657471934076,0.2618287879663833,5,False,2,8,2
0.2896103038895635,0.924311323387795,5,False,4,8,2
0.1014972606513027,0.5061043543782355,5,False,0,8,2
0.52439917331341,0.4698876664923241,5,False,3,8,2
0.0499627854430089,0.2484027789182047,5,False,2,8,2
0.5173245934385505,0.4668385510426405,5,False,3,8,2
0.278717850919167,0.0467398650252102,5,False,1,8,2
0.4698372738030938,0.4742697540770529,5,False,3,8,2
0.0513694535482502,0.2639031157548864,5,False,2,8,2
0.0974720218948345,0.5106444911633958,5,False,0,8,2
0.0508314992258183,0.2624876281525051,5,False,2,8,2
0.2611833667973036,0.0464908295537937,5,False,1,8,2
0.0477789970570515,0.2691108776779952,5,False,2,8,2
0.0590241702697954,0.2598411182347205,5,False,2,8,2
0.0491518116023683,0.2622154305676179,5,False,2,8,2
0.2936865310409368,0.0141377979318345,5,False,1,8,2
0.0476476381260562,0.2599813866324961,5,False,2,8,2
0.0505419615537723,0.2660220253133595,5,False,2,8,2
0.5367189930108663,0.4475240801669886,5,False,3,8,2
0.0551287727518681,0.2713297373241033,5,False,2,8,2
0.1246186790743962,0.4958291276969328,5,False,0,8,2
0.2768569128006209,0.0445099809597353,5,False,1,8,2
0.1107839096241259,0.5280145324595629,5,False,0,8,2
0.2936887437335294,0.0653525835049419,5,False,1,8,2
0.5235991026273609,0.4563549911813471,5,False,3,8,2
0.1132368922620839,0.4980674210864372,5,False,0,8,2
0.2782716869195148,0.0362393374121576,5,False,1,8,2
0.1117085196870228,0.5278796852872891,5,False,0,8,2
0.3088113326200795,0.0468685750989203,5,False,1,8,2
0.112299053820033,0.525375818003452,5,False,0,8,2
0.048497786435131,0.2630815405508661,5,False,2,8,2
0.2619352945251255,0.0401670758766135,5,False,1,8,2
0.2759908783869659,0.0420212853201383,5,False,1,8,2
0.0942958564647884,0.5488798103069168,5,False,0,8,2
0.0504301884344404,0.2660416510400569,5,False,2,8,2
0.0597583820400263,0.2334890576501957,5,False,2,8,2
0.2248222494581344,0.0631147096814433,5,False,1,8,2
0.2784501303756925,0.0544922215944546,5,False,1,8,2
0.2883615764954093,0.936638877386646,5,False,4,8,2
0.0301003783339545,0.2529974942830135,5,False,2,8,2
0.0957460943981854,0.511497373007719,5,False,0,8,2
0.2520438021711341,0.0464989201789596,5,False,1,8,2
0.0485910164404474,0.2646210184039508,5,False,2,8,2
0.5318188524168147,0.4805592057695149,5,False,3,8,2
0.5244867076728627,0.4739810653381319,5,False,3,8,2
0.5125336869599861,0.4792028878211839,5,False,3,8,2
0.2580414592124078,0.0163018008560628,5,False,1,8,2
0.1085505046818241,0.5289508828387766,5,False,0,8,2
0.0515493558857814,0.2672634790909294,5,False,2,8,2
0.1069665883651644,0.5218777946441147,5,False,0,8,2
0.2696487669564596,0.0389715448371246,5,False,1,8,2
0.1167074556998479,0.5109289434072098,5,False,0,8,2
0.1115937106050996,0.5301915507630218,5,False,0,8,2
0.045812680595012,0.2710409660001354,5,False,2,8,2
0.5435650461641588,0.4590409519704974,5,False,3,8,2
0.0565359306192394,0.2762830958327143,5,False,2,8,2
0.0458720450367068,0.267992701074399,5,False,2,8,2
0.0194441671458316,0.2632386335076964,5,False,2,8,2
0.1147940511214404,0.5304431072771636,5,False,0,8,2
0.2739463954838261,0.0610690792037532,5,False,1,8,2
0.059173468092694,0.2629797626512687,5,False,2,8,2
0.1089411645117655,0.5279136161410144,5,False,0,8,2
0.527897864423008,0.4695749962598353,5,False,3,8,2
0.0520682640554297,0.2650610283480823,5,False,2,8,2
0.2490331616177855,0.0557662155443307,5,False,1,8,2
0.051325249325586,0.2741224604632761,5,False,2,8,2
0.037692213356959,0.2931363570951125,5,False,2,8,2
0.5071385959326103,0.4656894679310522,5,False,3,8,2
0.0654721249418948,0.2666747624838703,5,False,2,8,2
0.1320616086672333,0.5202612760984178,5,False,0,8,2
0.2685055733354755,0.0644967642664093,5,False,1,8,2
0.0901309081792292,0.5296162447306348,5,False,0,8,2
0.1185113317934387,0.5166254088381547,5,False,0,8,2
0.0483357445030403,0.2693051838168416,5,False,2,8,2
0.5350885181234624,0.4741789932722552,5,False,3,8,2
0.5231857337643464,0.4755992379136845,5,False,3,8,2
0.2499965021946557,0.0605599621594292,5,False,1,8,2
0.0502900038213812,0.2697864466595071,5,False,2,8,2
0.5458152696244983,0.464470891139939,5,False,3,8,2
0.0519940365535178,0.2684419691362106,5,False,2,8,2
0.0475777471669842,0.2694456044661489,5,False,2,8,2
0.2965216600091291,0.0099180958453163,5,False,1,8,2
0.5099159444898839,0.4611730304172723,5,False,3,8,2
0.2566338458410474,0.0593713147220622,5,False,1,8,2
0.2786934141806487,0.0498392204192666,5,False,1,8,2
0.1114513279678703,0.5002988968048734,5,False,0,8,2
0.5139475439910062,0.4581445049937334,5,False,3,8,2
0.2529941478379919,0.0325903854302639,5,False,1,8,2
0.1044577956705255,0.5244159525586318,5,False,0,8,2
0.5770686555656648,0.4906908446038667,5,False,3,8,2
0.1138840563697744,0.5285721600207187,5,False,0,8,2
0.0564517386232469,0.2800680054617021,5,False,2,8,2
0.0416529207026757,0.2733130822817126,5,False,2,8,2
0.2727217547503142,0.0517256541279379,5,False,1,8,2
0.055413735125572,0.2807258349284973,5,False,2,8,2
0.0481629410648934,0.2742969323118483,5,False,2,8,2
0.0779456503145607,0.5147377996324435,5,False,0,8,2
0.1324899433391722,0.5211460029714859,5,False,0,8,2
0.2774736318293688,0.0752010874162643,5,False,1,8,2
0.0506535501385019,0.2618246381263682,5,False,2,8,2
0.5424466878147688,0.4905914328802688,5,False,3,8,2
0.0518745429733967,0.2723190759551602,5,False,2,8,2
0.1047930246639533,0.5258324602402361,5,False,0,8,2
0.5430363535893825,0.4625374338049952,5,False,3,8,2
0.0511581296293359,0.2753529873212586,5,False,2,8,2
0.2999411306452965,0.946768356138604,5,False,4,8,2
0.5440645358026899,0.4797609813498023,5,False,3,8,2
0.0852259452101996,0.5344850785385702,5,False,0,8,2
0.2813559670493653,0.9374022353127514,5,False,4,8,2
0.0637244735190774,0.2874480672591852,5,False,2,8,2
0.2619336420356393,0.0618187153263334,5,False,1,8,2
0.1043506470075242,0.5228464983619816,5,False,0,8,2
0.3030106871571986,0.942489562038842,5,False,4,8,2
0.2431419331038832,0.0808994531876153,5,False,1,8,2
0.1156624264302949,0.551001478884525,5,False,0,8,2
0.054738081289065,0.2832557695024584,5,False,2,8,2
0.2759877887327307,0.0531492942988268,5,False,1,8,2
0.0466151993051029,0.2873724011090421,5,False,2,8,2
0.1012749843999084,0.511953144593598,5,False,0,8,2
0.032348607148277,0.2682751932202885,5,False,2,8,2
0.2821209702235869,0.0519924110145088,5,False,1,8,2
0.0497636847917153,0.2674361155872858,5,False,2,8,2
0.0459647132657152,0.2723445054536554,5,False,2,8,2
0.272248664723232,0.0538443200440197,5,False,1,8,2
0.1176768570027843,0.504641773891276,5,False,0,8,2
0.5284658818358774,0.4873013967944268,5,False,3,8,2
0.5314584888915846,0.4753536648837599,5,False,3,8,2
0.126719589780486,0.5331237725065637,5,False,0,8,2
0.0465039405256399,0.2823867445688415,5,False,2,8,2
0.0400182126697159,0.2708799832758189,5,False,2,8,2
0.5206774471169208,0.4625130381640573,5,False,3,8,2
0.2794691143452104,0.953087353911106,5,False,4,8,2
0.0412257979383875,0.2644311165049676,5,False,2,8,2
0.0453592932137349,0.2592099392521594,5,False,2,8,2
0.1296725248299955,0.5074553453807578,5,False,0,8,2
0.1010787996766792,0.5064194502558149,5,False,0,8,2
0.1097571707923854,0.5131581712109076,5,False,0,8,2
0.2831910384049504,0.0459880636696374,5,False,1,8,2
0.0467769846385625,0.266833560338084,5,False,2,8,2
0.2766333911094633,0.0511162277605452,5,False,1,8,2
0.1096295531438583,0.5143767384623156,5,False,0,8,2
0.2861781265674828,0.0390150573612763,5,False,1,8,2
0.3093938444364669,0.950600831392968,5,False,4,8,2
0.0544370895288234,0.2772102939332245,5,False,2,8,2
0.279682572753171,0.0629405294628327,5,False,1,8,2
0.0347328074155291,0.2846260742322805,5,False,2,8,2
0.0470486248660634,0.2881659424280027,5,False,2,8,2
0.2803211598799383,0.0598382375679229,5,False,1,8,2
0.0498086778471091,0.252895521947248,5,False,2,8,2
0.0427196194612573,0.2791918304815222,5,False,2,8,2
0.2406352553852966,0.0649295675726939,5,False,1,8,2
0.2707938967614022,0.0541877040854065,5,False,1,8,2
0.0930719306531408,0.5024769992836468,5,False,0,8,2
0.0406589318366142,0.2798094656482633,5,False,2,8,2
0.0515974533305363,0.2809109611865115,5,False,2,8,2
0.1211747034896799,0.5322123320087613,5,False,0,8,2
0.2783773388595542,0.0565215098253016,5,False,1,8,2
0.1013720619444661,0.5331969231362446,5,False,0,8,2
0.0214130320989762,0.2653431186587862,5,False,2,8,2
0.2721304373727581,0.0625591366977565,5,False,1,8,2
0.301342110031812,0.9392228227481244,5,False,4,8,2
0.3002913711416526,0.9382757414084224,5,False,4,8,2
0.53387540429528,0.4809330303013003,5,False,3,8,2
0.095229334088797,0.5168568790288721,5,False,0,8,2
0.0615010058267947,0.2807565956494951,5,False,2,8,2
0.1146534413704915,0.5255993287063178,5,False,0,8,2
0.2691854384701873,0.0761693003492439,5,False,1,8,2
0.0792843853951541,0.2720877863447231,5,False,2,8,2
0.1177310631767262,0.5187662671136415,5,False,0,8,2
0.0425819960137847,0.2689629103494831,5,False,2,8,2
0.0386232097585563,0.2708306882308147,5,False,2,8,2
0.0518546100201683,0.2774166702430296,5,False,2,8,2
0.0481848854595374,0.2849227235981402,5,False,2,8,2
0.2674698432135596,0.0425168345070264,5,False,1,8,2
0.1036092992707898,0.5121692054637116,5,False,0,8,2
0.2700661855681336,0.0484308421075097,5,False,1,8,2
0.0458576880502184,0.2772495869799573,5,False,2,8,2
0.0299162582084842,0.2815467560823552,5,False,2,8,2
0.0329955987057774,0.2700601875663826,5,False,2,8,2
0.3054313575720224,0.9438762466757112,5,False,4,8,2
0.2871104848349251,0.063753112923145,5,False,1,8,2
0.2683796146586048,0.0629094192425851,5,False,1,8,2
0.2739022222777887,0.0448542419255333,5,False,1,8,2
0.0413273815832492,0.2771574376776412,5,False,2,8,2
0.1053173734526718,0.512303780590293,5,False,0,8,2
0.2420580117008759,0.0227868991901258,5,False,1,8,2
0.0444841307593515,0.2765007525476539,5,False,2,8,2
0.5358582162750399,0.4810693495557782,5,False,3,8,2
0.0562058991504068,0.285472414888315,5,False,2,8,2
0.292277152195991,0.0685082729561146,5,False,1,8,2
0.2999754557449476,0.0397499524334171,5,False,1,8,2
0.3065275876836194,0.040025328800201,5,False,1,8,2
0.2373575182502548,0.0900972739315823,5,False,1,8,2
0.0383579596705543,0.2980755608033327,5,False,2,8,2
0.1132551285688655,0.5132761125224052,5,False,0,8,2
0.1002879211829044,0.5106327923464233,5,False,0,8,2
0.302297919378969,0.951231959485256,5,False,4,8,2
0.5607332406494852,0.5156778920453509,5,False,3,8,2
0.1268500292194464,0.5028177322226439,5,False,0,8,2
0.5375613355808965,0.4834117492402257,5,False,3,8,2
0.0396975773220886,0.2599277519087203,5,False,2,8,2
0.0402551487810716,0.2853850517053251,5,False,2,8,2
0.1114730667377762,0.5181868766380304,5,False,0,8,2
0.3007473346441233,0.9411968517283196,5,False,4,8,2
0.0438003317783231,0.2867459285693435,5,False,2,8,2
0.0463334612667755,0.2924579641623963,5,False,2,8,2
0.3178699179309587,0.9345609436965644,5,False,4,8,2
0.0493576716855978,0.2702605857566227,5,False,2,8,2
0.5402026874997833,0.4746086407982179,5,False,3,8,2
0.2469220878072391,0.087633963214152,5,False,1,8,2
0.2931844086541949,0.044575291211106,5,False,1,8,2
0.0529410238280296,0.2929735543082992,5,False,2,8,2
0.0449640763366461,0.2801438943236541,5,False,2,8,2
0.035952761901606,0.2685378655104135,5,False,2,8,2
0.0621185013700643,0.3077934803498071,5,False,2,8,2
0.1166882809096185,0.5192327124691252,5,False,0,8,2
0.0964067194497251,0.5275379230023238,5,False,0,8,2
0.0366573992385592,0.2739797900240886,5,False,2,8,2
0.305389365712517,0.9463407187175776,5,False,4,8,2
0.0979111375865158,0.5241109505382631,5,False,0,8,2
0.2991426931898146,0.931336928539341,5,False,4,8,2
0.0412318214802297,0.2806464075922766,5,False,2,8,2
0.0453577740897986,0.2608692310351685,5,False,2,8,2
0.546771502213482,0.4768379343106299,5,False,3,8,2
0.0436205698389614,0.2824123963826797,5,False,2,8,2
0.0331659825527419,0.2965838796273103,5,False,2,8,2
0.062938405424399,0.3028049353271765,5,False,2,8,2
0.2745979391046905,0.0824922905571742,5,False,1,8,2
0.2708050223975715,0.0571384058349282,5,False,1,8,2
0.5268092695212143,0.4873197312117916,5,False,3,8,2
0.1101451735073288,0.5012570836998961,5,False,0,8,2
0.5419088556879411,0.4785950882285918,5,False,3,8,2
0.0425023222477168,0.2750824628394518,5,False,2,8,2
0.2959655879899684,0.0525863442468564,5,False,1,8,2
0.2656254614324635,0.0642371451680819,5,False,1,8,2
0.0418840980812093,0.2814937795952499,5,False,2,8,2
0.5059360340514566,0.4843733765613091,5,False,3,8,2
0.3002802715237022,0.0561136837591901,5,False,1,8,2
0.1008016990045925,0.5067803947273525,5,False,0,8,2
0.0313029189319281,0.2830190849836483,5,False,2,8,2
0.1216633599776513,0.5131132011135819,5,False,0,8,2
0.057474662883163,0.2655270969037883,5,False,2,8,2
0.0405089075369176,0.2984125717100266,5,False,2,8,2
0.2728460890697082,0.0725172356957691,5,False,1,8,2
0.2939764131480989,0.9341131870405354,5,False,4,8,2
0.5386053029660919,0.476381343086443,5,False,3,8,2
0.1098803139774987,0.502251531037958,5,False,0,8,2
0.0424158042401618,0.2834504984941314,5,False,2,8,2
0.2660707553866426,0.0677653169820448,5,False,1,8,2
0.0909286572060843,0.5035096111877354,5,False,0,8,2
0.3076989489637732,0.9485826650098664,5,False,4,8,2
0.2509481757524626,0.0749138114723482,5,False,1,8,2
0.5395534508145247,0.485737955570734,5,False,3,8,2
0.5216007656639051,0.5005170202505299,5,False,3,8,2
0.0250967996549831,0.2933824572621328,5,False,2,8,2
0.0368903052003915,0.2773481804204517,5,False,2,8,2
0.2587014012116716,0.0611573978597918,5,False,1,8,2
0.5509686380534125,0.4890788013173882,5,False,3,8,2
0.313139998433462,0.9494351768115256,5,False,4,8,2
0.2683866470137256,0.0592268117523166,5,False,1,8,2
0.0510875555435032,0.277150758609231,5,False,2,8,2
0.0428528709926784,0.2722183866450789,5,False,2,8,2
0.5400398455025285,0.4807150012601171,5,False,3,8,2
0.1043242698611258,0.5064342502205618,5,False,0,8,2
0.026897687746861,0.2836883596326536,5,False,2,8,2
0.038102849841832,0.291416276501677,5,False,2,8,2
0.0968417712487874,0.5100427762907032,5,False,0,8,2
0.0973799015866167,0.5072552371213684,5,False,0,8,2
0.2712409367965142,0.0634762781118543,5,False,1,8,2
0.086598053825463,0.4934234944820475,5,False,0,8,2
0.0495994328830332,0.2784105996912183,5,False,2,8,2
0.075507076979173,0.2612150554355698,5,False,2,8,2
0.0187691968939641,0.3016225188359711,5,False,2,8,2
0.0510184083282001,0.2865565995837479,5,False,2,8,2
0.0436233214421307,0.2891139048483914,5,False,2,8,2
0.0425397972677715,0.2863202408858058,5,False,2,8,2
0.1120212984257571,0.5214969022424245,5,False,0,8,2
0.040576466038954,0.2882594340229907,5,False,2,8,2
0.3230073278364104,0.9558806499534848,5,False,4,8,2
0.2634761284055473,0.0419488621828094,5,False,1,8,2
0.0251699240239992,0.3073509123969756,5,False,2,8,2
0.0374215241965254,0.2937148409750602,5,False,2,8,2
0.2869963967489623,0.0800601212398346,5,False,1,8,2
0.5251109367224486,0.4626922270771509,5,False,3,8,2
0.291229712923713,0.0438568941266464,5,False,1,8,2
0.5293527118879089,0.4683023467053411,5,False,3,8,2
0.2896369419654115,0.0520032921078675,5,False,1,8,2
0.0495620012082649,0.2850492858225883,5,False,2,8,2
0.5316800606118844,0.5010672835508051,5,False,3,8,2
0.1104052712809512,0.5202602862724032,5,False,0,8,2
0.1050887299494383,0.4953800017955119,5,False,0,8,2
0.281044494227217,0.0591306725775084,5,False,1,8,2
0.0423576939788971,0.3133875343178481,5,False,2,8,2
0.0995998720564556,0.5029016048230911,5,False,0,8,2
0.2702758811927698,0.0682416221996793,5,False,1,8,2
0.2857296985996464,0.0568189463422556,5,False,1,8,2
0.110759880723828,0.4851244025096206,5,False,0,8,2
0.2530222793101859,0.0760713885549852,5,False,1,8,2
0.2666145572759147,0.0650101399653544,5,False,1,8,2
0.3234277798727824,0.925564992297119,5,False,4,8,2
0.0515998109163321,0.281857409831348,5,False,2,8,2
0.3360882701309302,0.9248283750120516,5,False,4,8,2
0.0848726152019812,0.5252428016236149,5,False,0,8,2
0.0265611457945563,0.296306059541211,5,False,2,8,2
0.0810557096520554,0.5304629421283281,5,False,0,8,2
0.1256448507231374,0.5145882916884172,5,False,0,8,2
0.2302432503976619,0.0743709647840691,5,False,1,8,2
0.1001512432946595,0.4942573288192837,5,False,0,8,2
0.0392462379938487,0.2670785227650099,5,False,2,8,2
0.5530977941931209,0.4742514738214507,5,False,3,8,2
0.3343023944429595,0.9494184707138178,5,False,4,8,2
0.0985181587218384,0.5147959336107968,5,False,0,8,2
0.2816994118878682,0.0685975242030478,5,False,1,8,2
0.0957339463028358,0.5021840583378674,5,False,0,8,2
0.0445814210804244,0.2842263322121158,5,False,2,8,2
0.2621671789946556,0.0714350248001357,5,False,1,8,2
0.1003820703249186,0.5030251047792075,5,False,0,8,2
0.0813958706720388,0.4978005838764919,5,False,0,8,2
0.1167611345801406,0.5034658985407999,5,False,0,8,2
0.3116099990770999,0.9597084050156848,5,False,4,8,2
0.0975774651973886,0.504072118927602,5,False,0,8,2
0.2603881139296614,0.0879199190599921,5,False,1,8,2
0.2533014468599226,0.0500531110041244,5,False,1,8,2
0.0149914730376867,0.280203520380847,5,False,2,8,2
0.281875574095632,0.0803839143036049,5,False,1,8,2
0.0362629787025027,0.2978847882991412,5,False,2,8,2
0.0499091485518791,0.2738253737792812,5,False,2,8,2
0.0519988830427523,0.2801354622912993,5,False,2,8,2
0.0509818528266538,0.2771744247535164,5,False,2,8,2
0.5677176474083198,0.4902243496493358,5,False,3,8,2
0.1097164608038738,0.5218300078221495,5,False,0,8,2
0.0764948268980854,0.4794737471308188,5,False,0,8,2
0.0348534631325875,0.2977790996660981,5,False,2,8,2
0.0413373784217681,0.3031066337122258,5,False,2,8,2
0.0953968282148096,0.5045399016443107,5,False,0,8,2
0.0455932924891499,0.2987560323245659,5,False,2,8,2
0.3172328503352703,0.9491248874001896,5,False,4,8,2
0.2770814010398425,0.0122383974561354,5,False,1,8,2
0.1088424811055305,0.4979296344468908,5,False,0,8,2
0.0549036101264298,0.2934198951191609,5,False,2,8,2
0.0267159787561102,0.2987973584620799,5,False,2,8,2
0.3054904588253864,0.9329571658265066,5,False,4,8,2
0.5534951447018408,0.4860132657767234,5,False,3,8,2
0.0607179173938518,0.5308345082961597,5,False,0,8,2
0.5580493425914477,0.4896433722328767,5,False,3,8,2
0.0290649018396294,0.2880400426002079,5,False,2,8,2
0.0687307072923359,0.4834466947331828,5,False,0,8,2
0.0516659530484578,0.2913644259444027,5,False,2,8,2
0.2589220273871236,0.0669509702956282,5,False,1,8,2
0.0349517087106756,0.2888668113366937,5,False,2,8,2
0.2793487868088594,0.0780874576537015,5,False,1,8,2
0.0413715585041705,0.3024064211507966,5,False,2,8,2
0.0802541705323087,0.5132516669575761,5,False,0,8,2
0.544473530889636,0.485196288201515,5,False,3,8,2
0.0572379498299841,0.2807462773635758,5,False,2,8,2
0.2753919381127657,0.0735009646661499,5,False,1,8,2
0.0976848721933302,0.481507944805227,5,False,0,8,2
0.2821588198156836,0.0645426124422236,5,False,1,8,2
0.258571207128631,0.0942682054217905,5,False,1,8,2
0.5458700699663994,0.470645051344694,5,False,3,8,2
0.0905800010235152,0.4984788056589692,5,False,0,8,2
0.5413054751992481,0.4647854324945761,5,False,3,8,2
0.0289730401733363,0.303625791593331,5,False,2,8,2
0.0420513332763765,0.3055238689601673,5,False,2,8,2
0.1025891712076356,0.4903742613660567,5,False,0,8,2
0.2558401896612609,0.0846756662208413,5,False,1,8,2
0.2771564090817017,0.074470530991757,5,False,1,8,2
0.5516110596775761,0.4953558704219695,5,False,3,8,2
0.096149275865144,0.4964839016074329,5,False,0,8,2
0.0967972172871877,0.4967322759314556,5,False,0,8,2
0.2609559874391683,0.0892761411942786,5,False,1,8,2
0.0461866507561077,0.288777314427934,5,False,2,8,2
0.0600675017342753,0.285860764346749,5,False,2,8,2
0.286780836194537,0.07713142494778,5,False,1,8,2
0.0265065557889851,0.2871067976028822,5,False,2,8,2
0.5608307028317004,0.4936600820031183,5,False,3,8,2
0.345741094340101,0.9536549731293728,5,False,4,8,2
0.10348994201415,0.4958981564611128,5,False,0,8,2
0.0362856533264144,0.2962507550984391,5,False,2,8,2
0.0466522220548979,0.3023686447264612,5,False,2,8,2
0.029670523633227,0.2946344727346551,5,False,2,8,2
0.5508590902540844,0.4871823350020183,5,False,3,8,2
0.0273765942407447,0.2875081810095093,5,False,2,8,2
0.2524506155588971,0.1050919402341605,5,False,1,8,2
0.1028386485722412,0.505631507690972,5,False,0,8,2
0.5601292590427319,0.4822926230823505,5,False,3,8,2
0.2822236602334216,0.0931153420272706,5,False,1,8,2
0.3196811951973181,0.9544719837141096,5,False,4,8,2
0.2746919560684114,0.0846555725343529,5,False,1,8,2
0.0382716369195446,0.2975897405051463,5,False,2,8,2
0.0378002938861939,0.2964244264752985,5,False,2,8,2
0.0568259033298883,0.3025682842985111,5,False,2,8,2
0.0977317924636378,0.4852159895167229,5,False,0,8,2
0.2629014168799617,0.0947237807439518,5,False,1,8,2
0.5522599770065219,0.4869588698752504,5,False,3,8,2
0.0328338728890719,0.3119452374010213,5,False,2,8,2
0.0361433056441978,0.3007877110223555,5,False,2,8,2
0.2921099515780817,0.0942630345457044,5,False,1,8,2
0.0392146657809776,0.2864649278673628,5,False,2,8,2
0.3008248509976784,0.957495417575876,5,False,4,8,2
0.0361003054717209,0.3000002070949651,5,False,2,8,2
0.035301880762336,0.2967160674380739,5,False,2,8,2
0.3145825537081685,0.9766743836360056,5,False,4,8,2
0.2670893692379354,0.0728024553424969,5,False,1,8,2
0.0731600999096228,0.5124468916535004,5,False,0,8,2
0.3005936360186598,0.0672836508013455,5,False,1,8,2
0.0336978460964901,0.2936007860915977,5,False,2,8,2
0.254627165842983,0.064103246655548,5,False,1,8,2
0.5478647412226333,0.4911494765644113,5,False,3,8,2
0.5357925507875482,0.4942240316782629,5,False,3,8,2
0.3348909028068617,0.96699336813785,5,False,4,8,2
0.0940973166055845,0.4960114263263124,5,False,0,8,2
0.0334867439293777,0.2964987670593702,5,False,2,8,2
0.548231482323298,0.4861090489700135,5,False,3,8,2
0.0503918362755034,0.2725568542561157,5,False,2,8,2
0.0673606553154537,0.5130753610025288,5,False,0,8,2
0.3389959140128466,0.9405966173381676,5,False,4,8,2
0.0336287265224716,0.3061418067350218,5,False,2,8,2
0.2710699838247292,0.0793181141222858,5,False,1,8,2
0.0382523968330747,0.2919167907620659,5,False,2,8,2
0.2601215359363069,0.0891795258681778,5,False,1,8,2
0.2621259477853875,0.0680855716182432,5,False,1,8,2
0.0363604382131266,0.2995273896692001,5,False,2,8,2
0.3395143554795296,0.9735444702787516,5,False,4,8,2
0.3259958085976119,0.9545990800554772,5,False,4,8,2
0.1271031709170502,0.5010552480683935,5,False,0,8,2
0.0387794780510218,0.3045550227549753,5,False,2,8,2
0.3478991957743462,0.946211738696326,5,False,4,8,2
0.2754170344416243,0.0876353320828221,5,False,1,8,2
0.5599058576305642,0.4877772647942256,5,False,3,8,2
0.0270625956799292,0.3016803439417121,5,False,2,8,2
0.2738115991183891,0.0846849447630981,5,False,1,8,2
0.0231172630596404,0.3129736167993218,5,False,2,8,2
0.0463700028583391,0.2988601420223968,5,False,2,8,2
0.0963176496360179,0.4856675831257104,5,False,0,8,2
0.2956820502405413,0.0807007059932269,5,False,1,8,2
0.5535340468563231,0.4885445870960437,5,False,3,8,2
0.548115418846383,0.5067711436262481,5,False,3,8,2
0.0350939752875642,0.3036630763808187,5,False,2,8,2
0.0842408214441299,0.4562305532775331,5,False,0,8,2
0.3273230514427948,0.966851657365666,5,False,4,8,2
0.3290088925002513,0.9539496708575776,5,False,4,8,2
0.5604717788601361,0.4960632333286575,5,False,3,8,2
0.1109046033524747,0.4654635181704663,5,False,0,8,2
0.0339472898239786,0.3239509699214648,5,False,2,8,2
0.0286782083754106,0.2915939542978618,5,False,2,8,2
0.5603416619164996,0.4707964730787432,5,False,3,8,2
0.2523867712172483,0.0985222414053721,5,False,1,8,2
0.2731617403827679,0.0836192595582292,5,False,1,8,2
0.5430039708562496,0.510596353483115,5,False,3,8,2
0.0440086882118574,0.2971520743322217,5,False,2,8,2
0.5720051533520266,0.5059299104965396,5,False,3,8,2
0.0402084319737963,0.3034024670401672,5,False,2,8,2
0.0977782839293597,0.4857740238038559,5,False,0,8,2
0.0946331316380852,0.4820941616327382,5,False,0,8,2
0.0955949421788904,0.4858832291133702,5,False,0,8,2
0.3098594799117941,0.9514176739646182,5,False,4,8,2
0.282492639380124,0.0663596053543536,5,False,1,8,2
0.5827465539082132,0.5033332257898891,5,False,3,8,2
0.56444981214229,0.4890028012915235,5,False,3,8,2
0.2677536371548338,0.0729174661769146,5,False,1,8,2
0.0333047731030111,0.3089995317258501,5,False,2,8,2
0.2503504233518411,0.1277811303484282,5,False,1,8,2
0.0467727524146549,0.2806354539016025,5,False,2,8,2
0.2740773518651815,0.0745183958146329,5,False,1,8,2
0.032863974246032,0.3038530849000528,5,False,2,8,2
0.0364673369166336,0.2923889003750005,5,False,2,8,2
0.0350545277704136,0.3039920379409117,5,False,2,8,2
0.1075089038498332,0.4715383639521286,5,False,0,8,2
0.3231023001190043,0.9611868295318364,5,False,4,8,2
0.5785950945280267,0.503912460226873,5,False,3,8,2
0.5728263224848348,0.4857590825930807,5,False,3,8,2
0.5623760706744695,0.4945412294739228,5,False,3,8,2
0.0250311465580288,0.2966898767749034,5,False,2,8,2
0.2723023154831898,0.0862014804991763,5,False,1,8,2
0.1020967748113336,0.4712801544153845,5,False,0,8,2
0.3311837682369014,0.9547961183834508,5,False,4,8,2
0.275960101091059,0.0876486347120475,5,False,1,8,2
0.2667439870608897,0.0835037657591296,5,False,1,8,2
0.3305235825257473,0.96353496778555,5,False,4,8,2
0.0581791494154826,0.2889845826197336,5,False,2,8,2
0.0875646877893619,0.5082164131476895,5,False,0,8,2
0.1083736004804357,0.4768868989362716,5,False,0,8,2
0.5666913646729772,0.4899471817812827,5,False,3,8,2
0.3252716600811678,0.9480516172937384,5,False,4,8,2
0.0938121266166117,0.5009324888105129,5,False,0,8,2
0.0440195999486969,0.3020987681606717,5,False,2,8,2
0.0314075620282563,0.3061787416318395,5,False,2,8,2
0.2772017317028216,0.0922266361825884,5,False,1,8,2
0.3288415044084187,0.9706972782294272,5,False,4,8,2
0.3429122575942127,0.9491372629823244,5,False,4,8,2
0.5678133444806643,0.4681924538334668,5,False,3,8,2
0.5800114946691249,0.4524880094280267,5,False,3,8,2
0.2444307883949497,0.0395335212914902,5,False,1,8,2
0.0251932543688002,0.291501842324481,5,False,2,8,2
0.1131807219078139,0.5077996910171285,5,False,0,8,2
0.0289260628996836,0.3155536179362462,5,False,2,8,2
0.2725910931380301,0.0890526913521838,5,False,1,8,2
0.0982359759379188,0.487363957717177,5,False,0,8,2
0.2794642866342388,0.0975917922934602,5,False,1,8,2
0.034292919179,0.31420898188827,5,False,2,8,2
0.2568352781205413,0.0738457355621265,5,False,1,8,2
0.09186587044779,0.5031971674439997,5,False,0,8,2
0.0904827280375612,0.4824513345744256,5,False,0,8,2
0.0325526586641487,0.2987073318729332,5,False,2,8,2
0.5530787164967664,0.5001062407423899,5,False,3,8,2
0.3507360331977777,0.9603948911071092,5,False,4,8,2
0.047857726621165,0.2968611576172846,5,False,2,8,2
0.2798312167920372,0.0940969372673401,5,False,1,8,2
0.0279694332265959,0.3133487751687954,5,False,2,8,2
0.5951949645087633,0.4633278793057176,5,False,3,8,2
0.3520829882234451,0.9455018187986814,5,False,4,8,2
0.0355050899440521,0.3065614247568516,5,False,2,8,2
0.5765352200024412,0.5123470645238771,5,False,3,8,2
0.2718444536132788,0.0911725504356412,5,False,1,8,2
0.0419647887465698,0.3532904434146003,5,False,2,8,2
0.0463557084995184,0.2941263511930794,5,False,2,8,2
0.0155668972770079,0.3298498221761732,5,False,2,8,2
0.5629511284341445,0.4982431697769158,6,False,3,9,2
0.0898373559895879,0.4835666066050432,6,False,0,9,2
0.2745734326493501,0.0922597402231386,6,False,1,9,2
0.1045551038649154,0.4916927767302302,6,False,0,9,2
0.3428200765513346,0.9592543710065652,6,False,4,9,2
0.589006850964326,0.496975895753092,6,False,3,9,2
0.0462113803819005,0.3159268979060245,6,False,2,9,2
0.5484143332885641,0.5027175211051147,6,False,3,9,2
0.2764817554979088,0.0810260167744081,6,False,1,9,2
0.029222216901207,0.3144327561433129,6,False,2,9,2
0.0311019933653218,0.3241205437714217,6,False,2,9,2
0.048354822019838,0.3004184866440822,6,False,2,9,2
0.2503765376711593,0.0991645953514634,6,False,1,9,2
0.3392379782223103,0.9665895347712308,6,False,4,9,2
0.320316787021325,0.9657969448077248,6,False,4,9,2
0.0909267789575839,0.4976552395510646,6,False,0,9,2
0.2711473019723285,0.0715532167893516,6,False,1,9,2
0.5576242900148632,0.4667040505236303,6,False,3,9,2
0.0935061752626797,0.4929255369237098,6,False,0,9,2
0.0723323239206271,0.4271848506407815,6,False,0,9,2
0.0707109669004596,0.5215558390088341,6,False,0,9,2
0.0256387321114146,0.3150323887987599,6,False,2,9,2
0.5634436767684076,0.5183784770542096,6,False,3,9,2
0.2696131525637491,0.0857430317914954,6,False,1,9,2
0.1028485250849258,0.4722831813198258,6,False,0,9,2
0.0304808879856375,0.31115438823507,6,False,2,9,2
0.274083153772441,0.058213581055894,6,False,1,9,2
0.0515853969730113,0.3299937840177017,6,False,2,9,2
0.0683370143139006,0.4996496979648609,6,False,0,9,2
0.0448509342298397,0.3140361288881859,6,False,2,9,2
0.5735593245723194,0.4996792980915895,6,False,3,9,2
-0.0077750443102322,0.3201374153000337,6,False,2,9,2
0.0819970720866276,0.5056847616573196,6,False,0,9,2
0.0412318177767844,0.3266240651249607,6,False,2,9,2
0.0392805984849203,0.3147285453206809,6,False,2,9,2
0.0226610313437032,0.3087798344214649,6,False,2,9,2
0.2729347504870923,0.1265294825460061,6,False,1,9,2
0.2568279808143568,0.0648033777807521,6,False,1,9,2
0.568032968663187,0.497702210359199,6,False,3,9,2
0.2654335630509027,0.1048296405054196,6,False,1,9,2
0.5632635167183696,0.5033942018282263,6,False,3,9,2
0.0845079969421139,0.485913312827961,6,False,0,9,2
0.2668492443432364,0.0525522200774551,6,False,1,9,2
0.0318496526640675,0.315328878554411,6,False,2,9,2
0.3296019116350073,0.9464194443971352,6,False,4,9,2
0.0346784663229287,0.3086256819655196,6,False,2,9,2
0.3110369206016624,0.1092930597118444,6,False,1,9,2
0.088013918271778,0.4774050351283739,6,False,0,9,2
0.0243356556542179,0.3189661816821884,6,False,2,9,2
0.0843213949654258,0.4677532468687484,6,False,0,9,2
0.1354575510427667,0.5042181704296409,6,False,0,9,2
0.0861886401965907,0.4869186683558164,6,False,0,9,2
0.2501398134734905,0.0960491926576918,6,False,1,9,2
0.5669225792327249,0.4934639753752667,6,False,3,9,2
0.2700653520051526,0.0978904058069491,6,False,1,9,2
0.5565253799090654,0.5053123838510407,6,False,3,9,2
0.2484054316430284,0.1253089067893894,6,False,1,9,2
0.5694015660230822,0.4986026946269116,6,False,3,9,2
0.1341415610663273,0.4928447720935334,6,False,0,9,2
0.0757525461447152,0.4681515192675055,6,False,0,9,2
0.0861482492152953,0.465173339347568,6,False,0,9,2
0.332837371569945,0.9585787573167046,6,False,4,9,2
0.0295688532374771,0.3114717898004613,6,False,2,9,2
0.2707896885156018,0.1010311465241037,6,False,1,9,2
0.0409951811911872,0.304390607834343,6,False,2,9,2
0.0253095132381135,0.3157084640082028,6,False,2,9,2
0.583551425183978,0.5059436234863235,6,False,3,9,2
0.3243798794364351,0.9515151045881816,6,False,4,9,2
0.0330184327744316,0.3140539790028289,6,False,2,9,2
0.3371765252685712,0.9486415833990206,6,False,4,9,2
0.0324316016978242,0.3083600198498871,6,False,2,9,2
0.0870900572803945,0.4668326793888758,6,False,0,9,2
0.0830889999862636,0.4704281891267872,6,False,0,9,2
0.2631397036173623,0.1021788404164531,6,False,1,9,2
0.2958493891322137,0.0351085814877997,6,False,1,9,2
0.0273737949042527,0.3213576673727475,6,False,2,9,2
0.2787104071216892,0.1145923480559653,6,False,1,9,2
0.5615326587067803,0.4903399375916329,6,False,3,9,2
0.2784774569053931,0.1187020033424889,6,False,1,9,2
0.5705215380536182,0.5002335406165627,6,False,3,9,2
0.3028815009216712,0.0939955241769557,6,False,1,9,2
0.0261894008142408,0.324325204216198,6,False,2,9,2
0.6006329928984979,0.5109145630684997,6,False,3,9,2
0.0360494894293049,0.3403078751917192,6,False,2,9,2
0.2379614328446067,0.0940959083736205,6,False,1,9,2
0.2725432691857082,0.0993406786972685,6,False,1,9,2
0.2880698562854039,0.1073306385946318,6,False,1,9,2
0.5372736366636499,0.4679606932836335,6,False,3,9,2
0.5888686687541709,0.4968530206005339,6,False,3,9,2
0.0036951195082911,0.3166672799735058,6,False,2,9,2
0.0929557280415121,0.4404170231116097,6,False,0,9,2
0.3404800951300534,0.9649734012960652,6,False,4,9,2
0.2739075778822578,0.0891030722158152,6,False,1,9,2
0.030647767968977,0.3200653271554435,6,False,2,9,2
0.0937310607159712,0.4760208226986361,6,False,0,9,2
0.2947189159092327,0.0812968216086203,6,False,1,9,2
0.1076643334450382,0.4638759525392272,6,False,0,9,2
0.028485455779649,0.3184712425884758,6,False,2,9,2
0.2628158338136505,0.0920118075590007,6,False,1,9,2
0.0299262279060327,0.3195409251479153,6,False,2,9,2
0.030135415652138,0.3188608219041139,6,False,2,9,2
0.018476312295971,0.3384348223463404,6,False,2,9,2
0.0250813732998341,0.324020061687031,6,False,2,9,2
0.0247830934931406,0.3343811214354593,6,False,2,9,2
0.0557312880146184,0.5066379116229247,6,False,0,9,2
0.0309087598524042,0.3060429809770977,6,False,2,9,2
0.2464862206456592,0.0654472171246351,6,False,1,9,2
0.0201785003839398,0.331526188686546,6,False,2,9,2
0.2697892738155669,0.1048510672773602,6,False,1,9,2
0.5678451166885876,0.4820619097683386,6,False,3,9,2
0.3402545002455392,0.9301085021750406,6,False,4,9,2
0.274007085085903,0.0665170231398667,6,False,1,9,2
0.0371041369035732,0.3110492969073354,6,False,2,9,2
0.0917005082981834,0.4728044190533887,6,False,0,9,2
0.026216485549845,0.3229746744250962,6,False,2,9,2
0.273047078264885,0.1034449715920285,6,False,1,9,2
0.0134268104246312,0.3219564946322408,6,False,2,9,2
0.1041290099229133,0.4842138819176866,6,False,0,9,2
0.0349159048649906,0.3163592754255521,6,False,2,9,2
0.2690432080916723,0.0753296199086157,6,False,1,9,2
0.5739889444318175,0.5120935780989382,6,False,3,9,2
0.338945552102138,0.9694002568429122,6,False,4,9,2
0.2780334251712467,0.0949038953278197,6,False,1,9,2
0.3532937045519758,0.951926221397194,6,False,4,9,2
0.3440923168765173,0.9666581796701356,6,False,4,9,2
0.3317995006122499,0.1115692167234833,6,False,1,9,2
0.2730233341242095,0.093767713364584,6,False,1,9,2
0.5882981315182201,0.477583816312924,6,False,3,9,2
0.0426599427725116,0.3334391118208158,6,False,2,9,2
0.2704221090117042,0.1138206717305119,6,False,1,9,2
0.0315201309370046,0.3311193730217689,6,False,2,9,2
0.2834762513290472,0.1046774310809199,6,False,1,9,2
0.2434910255316641,0.0927821175841931,6,False,1,9,2
0.0204136570194643,0.3288081901262907,6,False,2,9,2
0.0250719859562774,0.3192010680611638,6,False,2,9,2
0.2707810480952562,0.105976271912517,6,False,1,9,2
0.0896875236302707,0.4682286363938094,6,False,0,9,2
0.2721019626283818,0.1049495313544445,6,False,1,9,2
0.0308788935285177,0.3203812077533511,6,False,2,9,2
0.0915461294629689,0.4595463237538717,6,False,0,9,2
0.017855068852302,0.325654202084267,6,False,2,9,2
0.5792409560300124,0.5153809532261087,6,False,3,9,2
0.0533588556757308,0.3230133356933685,6,False,2,9,2
0.0279976818826244,0.3296196783155496,6,False,2,9,2
0.0303426155810104,0.314320800270732,6,False,2,9,2
0.2771311417288532,0.1032319667026966,6,False,1,9,2
0.0283342771225717,0.3122618444836022,6,False,2,9,2
0.0292972904821787,0.3065444569939878,6,False,2,9,2
0.2707227501265113,0.1045812062298664,6,False,1,9,2
0.3527007832453112,0.9876152581562108,6,False,4,9,2
0.5767645085273415,0.4933631310365469,6,False,3,9,2
0.2663448834780432,0.113707804124339,6,False,1,9,2
0.0850595081033627,0.4684783361693901,6,False,0,9,2
0.5783298300118813,0.5030030814005266,6,False,3,9,2
0.0305544414773971,0.3296684904659855,6,False,2,9,2
0.0202518108439343,0.3286966673146415,6,False,2,9,2
0.1346772793148233,0.4689357420754603,6,False,0,9,2
0.0302773508559973,0.3253301950488752,6,False,2,9,2
0.0737441027410146,0.4680681843965542,6,False,0,9,2
0.2432344637470254,0.1314117616715668,6,False,1,9,2
0.2850294664909317,0.1182755949503998,6,False,1,9,2
0.5816218449767014,0.5080892149686905,6,False,3,9,2
0.0353566644728619,0.3301695035618275,6,False,2,9,2
0.3531690719529184,0.9891602303697284,6,False,4,9,2
0.0997670413655115,0.4736565030648552,6,False,0,9,2
0.0845230118332483,0.4674937466650488,6,False,0,9,2
0.0955328501458683,0.468055392491925,6,False,0,9,2
0.078160015255881,0.446058130405744,6,False,0,9,2
0.2676829919955558,0.1238483389623196,6,False,1,9,2
0.3762601856716818,0.9687939942199436,6,False,4,9,2
0.5975598825809628,0.5144373283176923,6,False,3,9,2
0.2760319694025904,0.1348547291670958,6,False,1,9,2
0.0272456468247817,0.3263571585821158,6,False,2,9,2
0.3285042349356515,0.0681581995793383,6,False,1,9,2
0.0772199169976178,0.455480332842641,6,False,0,9,2
0.0221125272866646,0.327446068988349,6,False,2,9,2
0.0587992071918013,0.4736923141770052,6,False,0,9,2
0.0333619562011388,0.323281342987286,6,False,2,9,2
0.0205706473287485,0.316594829088721,6,False,2,9,2
0.2862843521830497,0.0791248024697027,6,False,1,9,2
0.5923199102889528,0.5211485020598537,6,False,3,9,2
0.5826375144063006,0.5000872538723559,6,False,3,9,2
0.028446677404865,0.3265767809510933,6,False,2,9,2
0.3442218229792623,0.9755278429333518,6,False,4,9,2
0.2956897423244382,0.125712228540913,6,False,1,9,2
0.5734741293431767,0.4879422806240063,6,False,3,9,2
0.0417779108979993,0.2990546070998487,6,False,2,9,2
0.2675092286909106,0.1037773720664654,6,False,1,9,2
0.5837296871842435,0.516318967625516,6,False,3,9,2
0.3492687713071639,0.9657346049160808,6,False,4,9,2
0.2785503827300726,0.1065572515003118,6,False,1,9,2
0.0263902782581235,0.3282602967998583,6,False,2,9,2
0.0234782808505696,0.3182546484766275,6,False,2,9,2
0.0399435830524927,0.3153582093346059,6,False,2,9,2
0.0266748329881956,0.3262180130816653,6,False,2,9,2
0.2626285935525663,0.1186546878330931,6,False,1,9,2
0.007867369849049,0.3308864145849975,6,False,2,9,2
0.0542067515916318,0.4492052892714237,6,False,0,9,2
0.0630617450428785,0.4659579398344375,6,False,0,9,2
0.0658465333550373,0.4458624944656882,6,False,0,9,2
0.0422615542714062,0.3257871296853546,6,False,2,9,2
0.035068966228842,0.3384700219895837,6,False,2,9,2
0.3416766515158148,0.9651002443641248,6,False,4,9,2
0.0328743852271182,0.3392755113278918,6,False,2,9,2
0.0300772880125294,0.3257068803376192,6,False,2,9,2
0.0196451773358677,0.324009244737617,6,False,2,9,2
0.2600376155510135,0.1238327780983859,6,False,1,9,2
0.0827337890121859,0.4659606141529077,6,False,0,9,2
0.3559217977720589,0.9757429284951422,6,False,4,9,2
0.5771691163729502,0.5016869971644428,6,False,3,9,2
0.0194001354278642,0.3351707726511595,6,False,2,9,2
0.2774261257089247,0.1209138493946347,6,False,1,9,2
0.2787433692339169,0.1179821333097607,6,False,1,9,2
0.0775714457177135,0.4573864766279519,6,False,0,9,2
0.038826147701047,0.324001912064683,6,False,2,9,2
0.5806268770848622,0.515176079174269,6,False,3,9,2
0.2658207799338492,0.1171706497398186,6,False,1,9,2
0.0866162169030216,0.4634669877802469,6,False,0,9,2
0.0173238028311622,0.3327315179794529,6,False,2,9,2
0.2583705541091449,0.1032133413801375,6,False,1,9,2
0.3558996955266276,0.9795588059306592,6,False,4,9,2
0.2483895039493096,0.0970959379633879,6,False,1,9,2
0.5701767124841488,0.5040929304906429,6,False,3,9,2
0.3191388806364587,0.1164346464120329,6,False,1,9,2
0.1128375750779559,0.4652308858018847,6,False,0,9,2
0.3531821578313771,0.9730833601060398,6,False,4,9,2
0.1056297458042577,0.4820564800218735,6,False,0,9,2
0.0104858697073207,0.3344237288450653,6,False,2,9,2
0.5823913076764308,0.4991427649731741,6,False,3,9,2
0.0332586458375438,0.3415355248395432,6,False,2,9,2
0.0096635579636883,0.3332087911458408,6,False,2,9,2
0.0266429112402612,0.3607558495751696,6,False,2,9,2
0.0119097303031196,0.3449105020912136,6,False,2,9,2
0.0405950787464691,0.315179940669457,6,False,2,9,2
0.273674198645193,0.1235865133683827,6,False,1,9,2
0.591832330605493,0.5194885866987331,6,False,3,9,2
0.0311677247930471,0.3199857616947576,6,False,2,9,2
0.0229395244587291,0.3313981133102671,6,False,2,9,2
0.0366110246144145,0.3221693143717737,6,False,2,9,2
0.2824574254215232,0.0979146140816729,6,False,1,9,2
0.3262030775180953,0.9625870074860952,6,False,4,9,2
0.3343721449980901,0.9567398816978469,6,False,4,9,2
0.0849615115606503,0.4732531605247285,6,False,0,9,2
0.5915928117183237,0.5001154153139207,6,False,3,9,2
0.0249709299427401,0.3166709892584692,6,False,2,9,2
0.0090083342018474,0.3510398764169291,6,False,2,9,2
0.0795135946805779,0.4572226716373346,6,False,0,9,2
0.5855551110124787,0.5036337876153315,6,False,3,9,2
0.5706662442219935,0.5096239826315412,6,False,3,9,2
0.2583358268307181,0.0984105347044914,6,False,1,9,2
0.0772205461440299,0.4563049242450497,6,False,0,9,2
0.0278662953321093,0.3356258805127957,6,False,2,9,2
0.3575464679427307,0.985828596274344,6,False,4,9,2
0.0726487893227178,0.4555792637711394,6,False,0,9,2
0.5863193822915936,0.5084374787172806,6,False,3,9,2
0.581819325184155,0.5082680240147508,6,False,3,9,2
0.2745472370053465,0.1176794602840682,6,False,1,9,2
0.0898194911116724,0.4446838234352721,6,False,0,9,2
0.1015088338164959,0.4847072773469555,6,False,0,9,2
0.0236229441477637,0.3337959648867765,6,False,2,9,2
0.2853939945080413,0.1049231912050254,6,False,1,9,2
0.2780852989555651,0.1207875300874644,6,False,1,9,2
0.0245473857096755,0.3464571443280415,6,False,2,9,2
0.0240422823880497,0.3353359871697762,6,False,2,9,2
0.0561285116116538,0.4747056093391603,6,False,0,9,2
0.0815008844026428,0.4589293187039096,6,False,0,9,2
0.5915914740994743,0.5333413124001917,6,False,3,9,2
0.0256607524720065,0.3342654021280159,6,False,2,9,2
0.0445930116491038,0.3269962251401928,6,False,2,9,2
0.3578736114414435,0.9750735768742004,6,False,4,9,2
0.0859304019709611,0.464697073111771,6,False,0,9,2
0.3432512205541288,0.986267924533463,6,False,4,9,2
0.6032988733216463,0.4977072351565175,6,False,3,9,2
0.0396812708620348,0.3553591346764035,6,False,2,9,2
0.5340281771435301,0.4631718941752978,6,False,3,9,2
0.3576016079577251,0.974915146855986,6,False,4,9,2
0.3503240727125621,0.9751846508220866,6,False,4,9,2
0.085936879323815,0.4603778919590303,6,False,0,9,2
0.0107093702734871,0.3517184157206549,6,False,2,9,2
0.355874839494087,0.979471846915818,6,False,4,9,2
0.0922191106550655,0.4782544577672561,6,False,0,9,2
0.075001516456932,0.4533397807507834,6,False,0,9,2
0.0254104411056526,0.3387435787828438,6,False,2,9,2
0.3217631893067602,0.0916162792139207,6,False,1,9,2
0.3585451565141152,0.9722310298358136,6,False,4,9,2
0.0256028142024082,0.3283270415053843,6,False,2,9,2
0.271453402573641,0.1185920279969451,6,False,1,9,2
0.0337962304664388,0.3352747516645665,6,False,2,9,2
0.0381555087084985,0.3260288711549415,6,False,2,9,2
0.0191172523531131,0.3403415756316809,6,False,2,9,2
0.0791099291395847,0.4556259594362743,6,False,0,9,2
0.2875132963818929,0.0994504286270042,6,False,1,9,2
0.0076934198172925,0.3277902264320996,6,False,2,9,2
0.30331153989634,0.1006890198911845,6,False,1,9,2
0.5783710609862244,0.5074575709077401,6,False,3,9,2
0.6127007261717852,0.5193986895702984,6,False,3,9,2
0.5955038951761215,0.5038905306354412,6,False,3,9,2
0.5666205277575158,0.5282413401617384,6,False,3,9,2
0.0227903636037339,0.337818787498622,6,False,2,9,2
0.2700159057525615,0.1033565870305623,6,False,1,9,2
0.0322945907523266,0.3287847425380085,6,False,2,9,2
0.2743255642691963,0.1191061218506632,6,False,1,9,2
0.5828883904236983,0.5209298911733139,6,False,3,9,2
0.2792730670077833,0.1336890164556932,6,False,1,9,2
0.2653334100491582,0.1140989978881219,6,False,1,9,2
0.0275012509000342,0.3353684857137045,6,False,2,9,2
0.2568140258841376,0.1224702533709069,6,False,1,9,2
0.2727228994798573,0.1211035734762346,6,False,1,9,2
0.2737266285445492,0.1350005018526843,6,False,1,9,2
0.0101897574856819,0.2984991056452458,6,False,2,9,2
0.5904901910954564,0.5308957940667508,6,False,3,9,2
0.0236714544932611,0.3375799021813078,6,False,2,9,2
0.0678959386943123,0.4458909047297139,6,False,0,9,2
0.0184704325973284,0.3353306614401445,6,False,2,9,2
0.0223156058696429,0.3396292672275522,6,False,2,9,2
0.0933273219680369,0.4430309517191259,6,False,0,9,2
0.599299739044564,0.5065660602261406,6,False,3,9,2
0.0070769391549733,0.3247487745006107,6,False,2,9,2
0.0607900239968682,0.4816386846234561,6,False,0,9,2
0.0331546482960115,0.3217385910419451,6,False,2,9,2
0.0551030874876482,0.4051718837377634,6,False,0,9,2
0.2866944242855241,0.1188991899125027,6,False,1,9,2
0.258839360256369,0.1150772676434814,6,False,1,9,2
0.30339852044248,0.1084076407536293,6,False,1,9,2
0.0193423573745724,0.354380027125443,6,False,2,9,2
0.2913343197302601,0.1972703168468993,6,False,1,9,2
0.0170772938845141,0.3480680596105993,6,False,2,9,2
0.0298383414547404,0.3463924719379484,6,False,2,9,2
0.0291517043842129,0.3343094411484311,6,False,2,9,2
0.5786436223491265,0.5140304533784267,6,False,3,9,2
0.0012733664846027,0.3688466634070162,6,False,2,9,2
0.3533717564148922,0.9769961138015888,6,False,4,9,2
0.0322179475945899,0.3453430392395007,6,False,2,9,2
0.0230744221302184,0.3431999167617303,6,False,2,9,2
0.0894414034086559,0.4453046704784039,6,False,0,9,2
0.2762197452472877,0.103305119691862,6,False,1,9,2
0.5676034257387375,0.5120402768435875,6,False,3,9,2
0.0103985381653057,0.3315985200837312,6,False,2,9,2
0.0205611826396603,0.3491938493374565,6,False,2,9,2
0.2762448707619856,0.1137720377050627,6,False,1,9,2
0.3024988401559666,0.1188913138629901,6,False,1,9,2
0.3708173477987311,0.9847914370484436,6,False,4,9,2
0.5933476965389425,0.5083409827006754,6,False,3,9,2
0.0182297119561591,0.3657887869871251,6,False,2,9,2
0.0661099636288991,0.4555711421975248,6,False,0,9,2
0.3070768401109221,0.1558014688927065,6,False,1,9,2
0.0890488288199688,0.45378980896001,6,False,0,9,2
0.0275464045782953,0.3333399806980525,6,False,2,9,2
0.0780833748203493,0.4520978257621603,6,False,0,9,2
0.2542737939439428,0.1123575709820506,6,False,1,9,2
0.5904640444136113,0.4821526570056951,6,False,3,9,2
0.2798576449202477,0.1184901650454088,6,False,1,9,2
0.0728157943926645,0.4573712359919797,6,False,0,9,2
0.02322985904654,0.3443745940557683,6,False,2,9,2
0.0113871549408105,0.3317599246551235,6,False,2,9,2
-0.0036172099234985,0.3269213835875836,6,False,2,9,2
0.0346377276669218,0.3384852459832489,6,False,2,9,2
0.0351851934320617,0.3273512176809375,6,False,2,9,2
0.2785088247309665,0.1476186868657078,6,False,1,9,2
0.268815061913702,0.130306368141848,6,False,1,9,2
0.0830644264295367,0.4747632363894924,6,False,0,9,2
0.3773348406495823,0.962041100123086,6,False,4,9,2
0.3559723060098008,0.966284174060144,6,False,4,9,2
0.6248609907141577,0.5284529134141185,6,False,3,9,2
0.280528977586002,0.1185597270365102,6,False,1,9,2
0.0746945042602794,0.4513922689634913,6,False,0,9,2
0.2646197142506193,0.1176185535916808,6,False,1,9,2
0.0916662439901307,0.458260738779228,6,False,0,9,2
0.5989385444903786,0.5129295701285342,6,False,3,9,2
0.2804843466370844,0.1371935712644115,6,False,1,9,2
0.0805373884738682,0.4556304528834667,6,False,0,9,2
0.2669584243501527,0.1541093451429757,6,False,1,9,2
0.0172189467586587,0.3464075021399128,6,False,2,9,2
0.0203970329273019,0.3453018895258962,6,False,2,9,2
0.0107337276340744,0.3542950531407687,6,False,2,9,2
0.019843645061547,0.3511872320622377,6,False,2,9,2
0.2505561908928203,0.1486104946807634,6,False,1,9,2
0.5943922963623859,0.5149843131659761,6,False,3,9,2
0.019256424475541,0.3451181645996421,6,False,2,9,2
0.6030396338565793,0.4697774864189379,6,False,3,9,2
0.6198511580899984,0.53242133879631,6,False,3,9,2
0.5958521417651534,0.5079815322831568,6,False,3,9,2
0.0725606275257046,0.445252794657707,6,False,0,9,2
0.0339353698997155,0.3468186304295195,6,False,2,9,2
0.6136650295044549,0.5094745840132175,6,False,3,9,2
0.0758143378851603,0.4441082166030676,6,False,0,9,2
0.0142026711076902,0.3361876842643003,6,False,2,9,2
0.018684041183799,0.3526814807144841,6,False,2,9,2
0.3721173466495847,0.996197667939104,6,False,4,9,2
0.0672348234199201,0.4490342098774299,6,False,0,9,2
0.0148852542439551,0.3487177368344818,6,False,2,9,2
0.3694153797312928,0.979480107729464,6,False,4,9,2
0.0195396761242646,0.3470158490601102,6,False,2,9,2
0.5948714217151245,0.547102012606018,6,False,3,9,2
0.0299838438630371,0.3599653144830242,6,False,2,9,2
0.0464808450487417,0.4419211631177308,6,False,0,9,2
0.013205650767083,0.3522787898555083,6,False,2,9,2
0.020377753394265,0.3466238361759569,6,False,2,9,2
0.271685258789884,0.1304848138867405,6,False,1,9,2
0.5908489897014744,0.509613998905843,6,False,3,9,2
0.0150983883040996,0.3397374752850565,6,False,2,9,2
0.0133082971588529,0.3417234196602432,6,False,2,9,2
0.267884614002692,0.1335847893740667,6,False,1,9,2
0.2549626931630138,0.1249798048454449,6,False,1,9,2
0.2720093353953524,0.1313954438675941,6,False,1,9,2
0.0288114214495286,0.3297359949326529,6,False,2,9,2
0.0180575837180818,0.3757085065065024,6,False,2,9,2
0.5871190796413093,0.523981021091629,6,False,3,9,2
-0.0149171156026799,0.3286183552733429,6,False,2,9,2
0.2898862972731925,0.13138451550233,6,False,1,9,2
0.2670268751071292,0.1581760163917128,6,False,1,9,2
0.075886352000323,0.4436352141322295,6,False,0,9,2
0.2709034097452273,0.1363629047177619,6,False,1,9,2
0.0519319276760048,0.4355315705585419,6,False,0,9,2
0.2967178641071338,0.080544381366015,6,False,1,9,2
0.0044458647353435,0.3667957539695077,6,False,2,9,2
0.2743231480020865,0.1333957619748064,6,False,1,9,2
0.0990322889634339,0.4151579350813833,6,False,0,9,2
0.5938361909930571,0.5248578117488927,6,False,3,9,2
0.6337958892846655,0.5048975539616646,6,False,3,9,2
0.0105905056399695,0.3675856680435192,6,False,2,9,2
0.2545328714978293,0.1620107692268084,6,False,1,9,2
0.0210281353717256,0.3481525127444152,6,False,2,9,2
-0.0039177844714705,0.3628208532120912,6,False,2,9,2
0.2737148014886439,0.1446913026283572,6,False,1,9,2
0.00777183231837,0.3742686452890205,6,False,2,9,2
0.3661491838983871,0.9805110706613364,6,False,4,9,2
0.0752322715801383,0.438569077417497,6,False,0,9,2
0.0252497374657547,0.3716007425118685,6,False,2,9,2
0.6085647655857251,0.5280124736630691,6,False,3,9,2
0.6082304486257639,0.5154355380566011,6,False,3,9,2
0.0112300005950694,0.3447634789765666,6,False,2,9,2
0.0258353750233334,0.3635097399480108,6,False,2,9,2
0.2556934254393635,0.1648665160091743,6,False,1,9,2
0.0726281027708413,0.4304681610029781,6,False,0,9,2
0.3454917139214055,0.9814267517653286,6,False,4,9,2
0.0664502913983176,0.4448481109584057,6,False,0,9,2
0.2343054641639557,0.1195090993956173,6,False,1,9,2
0.028898276521049,0.3710603989163926,6,False,2,9,2
0.0746162683195431,0.4417499390170734,6,False,0,9,2
0.3661115312790862,0.9820643257917604,6,False,4,9,2
0.2831911414618112,0.1207269858786494,6,False,1,9,2
0.0753458954911816,0.4362812529218652,6,False,0,9,2
0.255512158143805,0.1352582056648835,6,False,1,9,2
0.2893588894520573,0.1551988721345261,6,False,1,9,2
0.3018987892606428,0.1339753107125185,6,False,1,9,2
0.0891190557365682,0.4457568287738315,6,False,0,9,2
0.0193522786896082,0.3545453488279395,6,False,2,9,2
0.0067011612763047,0.361679700551615,6,False,2,9,2
0.3039860049621391,0.118842855472864,6,False,1,9,2
0.0746613965209706,0.4416109013783501,6,False,0,9,2
0.0201829388780908,0.3517995589986072,6,False,2,9,2
0.2632199727031437,0.1300848931267651,6,False,1,9,2
0.0126728196382253,0.356604545594311,6,False,2,9,2
0.011397976250025,0.3489348106440469,6,False,2,9,2
0.0729339547608108,0.4145539478677671,6,False,0,9,2
0.0745650012138392,0.4351620096017412,6,False,0,9,2
0.3692032477231148,0.9876240472302832,6,False,4,9,2
0.5881218633149534,0.5209240489644728,6,False,3,9,2
0.0513434039185153,0.356183433126653,6,False,2,9,2
0.2929616128454247,0.1277039434932276,6,False,1,9,2
0.0137283655648238,0.3448715108540245,6,False,2,9,2
0.0859146286618111,0.427233998134388,6,False,0,9,2
0.0246079455672125,0.3866524428199185,6,False,2,9,2
0.0151252210121259,0.3587261464072818,6,False,2,9,2
0.026794309688909,0.3235479896226415,6,False,2,9,2
0.6031192135280709,0.5322486638052023,6,False,3,9,2
0.0090842743213972,0.3517370598755985,6,False,2,9,2
0.1255691666303739,0.4431967727314605,6,False,0,9,2
0.0710148483765773,0.4397809562715088,6,False,0,9,2
0.6131737553267578,0.5037165263999263,6,False,3,9,2
0.0699440224079579,0.4624592174207118,6,False,0,9,2
0.0533439712165993,0.3652971478859628,6,False,2,9,2
0.0135311153989418,0.353646204879669,6,False,2,9,2
0.2648431381133372,0.1189729290881942,6,False,1,9,2
0.0236207431508969,0.3560501663464646,6,False,2,9,2
0.029732905367401,0.3536415575567233,6,False,2,9,2
0.243454124299883,0.1740178939892765,6,False,1,9,2
0.6064856589639893,0.5221325746812608,6,False,3,9,2
0.0163668736619529,0.3593585921641833,6,False,2,9,2
0.1246512560483148,0.4082926151708659,6,False,0,9,2
0.2853707784261871,0.0958143768407142,6,False,1,9,2
0.3735262055748307,0.9870605749461654,6,False,4,9,2
0.6018621776394091,0.5214045944479238,6,False,3,9,2
0.579486826662248,0.5146066804217696,6,False,3,9,2
0.2854874684450509,0.1515591375312237,6,False,1,9,2
0.0718711109740156,0.4309431243009651,6,False,0,9,2
0.0145479964826109,0.3573739426845107,6,False,2,9,2
0.0163090255945696,0.3570741915566009,6,False,2,9,2
0.5719287080936563,0.5151767656193106,6,False,3,9,2
0.0092260630833306,0.3888300472761818,6,False,2,9,2
0.230188496135934,0.1158740491264865,6,False,1,9,2
0.0164832944224205,0.356679241634309,6,False,2,9,2
0.0032773316970774,0.3642439905554218,6,False,2,9,2
0.2732569354353741,0.1359630607497138,6,False,1,9,2
0.374293313248828,0.9936207219324809,6,False,4,9,2
0.0093945726346847,0.344968126955088,6,False,2,9,2
0.2678250263974211,0.1422440332557153,6,False,1,9,2
0.6087093833964603,0.5200566307211478,6,False,3,9,2
0.0220797309763955,0.3519952008618761,6,False,2,9,2
0.026317446767999,0.3573716008942411,6,False,2,9,2
0.014212550765695,0.3607647631627715,6,False,2,9,2
0.2703902162775329,0.1413331046117696,6,False,1,9,2
0.0279756673544804,0.3447042366344123,6,False,2,9,2
0.0147238484547768,0.3567280053572152,6,False,2,9,2
0.2610927978704354,0.154719990582197,6,False,1,9,2
0.2919535474440748,0.1119850493042621,6,False,1,9,2
0.0149086386609876,0.3569346954913244,6,False,2,9,2
0.094838043528301,0.4260949044308571,6,False,0,9,2
0.604619587798442,0.522947035115927,6,False,3,9,2
0.3765120972912847,0.990928266507152,6,False,4,9,2
0.2758871760016021,0.1668188851307973,6,False,1,9,2
0.0464811675336338,0.4535320744444077,6,False,0,9,2
0.017829279624665,0.35955938200223,6,False,2,9,2
0.2773744583869355,0.1553789791983114,6,False,1,9,2
0.003594115856853,0.3380201262210877,6,False,2,9,2
0.0869154545133226,0.4372539178197809,6,False,0,9,2
-0.0021784951707638,0.3582422640583821,6,False,2,9,2
0.3764142165862774,0.990536257855334,6,False,4,9,2
0.5930655665197623,0.5144155352242137,6,False,3,9,2
0.5944411789930788,0.5226763950331503,6,False,3,9,2
0.0110905548860134,0.349461837461929,6,False,2,9,2
0.3034579125522771,0.1107833874742275,6,False,1,9,2
0.6137065200787493,0.5115672050846658,6,False,3,9,2
0.0230615999360868,0.3453153502888662,6,False,2,9,2
0.589319826405356,0.5285162627917024,6,False,3,9,2
0.2801596355592697,0.1415352892095599,6,False,1,9,2
0.0909453653510463,0.4365188318092074,6,False,0,9,2
0.589683045885768,0.5055257681520425,6,False,3,9,2
0.0962149111719449,0.4241554018752228,6,False,0,9,2
0.0175070925875398,0.3640583879164627,6,False,2,9,2
0.2706950604364893,0.1384523069203186,6,False,1,9,2
0.2637786568869116,0.1617990858183182,6,False,1,9,2
0.0043935787654475,0.3587737201258154,6,False,2,9,2
0.3129005846150492,0.1130539212784349,6,False,1,9,2
0.0596364376199492,0.4327296590788546,6,False,0,9,2
0.2679569672340225,0.1473636846647899,6,False,1,9,2
0.0574752939147227,0.4140017736752641,6,False,0,9,2
0.0679032035057571,0.4195390690376593,6,False,0,9,2
0.4031405359531513,1.0037900291754682,6,False,4,9,2
0.026067306809203,0.3485156378316024,6,False,2,9,2
-0.0061987488205719,0.3508067875609217,6,False,2,9,2
0.0728245601762342,0.4307052331144789,6,False,0,9,2
0.3750345135453776,0.9910665046893108,6,False,4,9,2
0.2670122517092874,0.1219535967104688,6,False,1,9,2
0.2886968786999785,0.1552364110629348,6,False,1,9,2
0.2484016178268973,0.1284467575047259,6,False,1,9,2
0.0148166201642818,0.3635586401855531,6,False,2,9,2
0.0030426746688859,0.3653014713336444,6,False,2,9,2
0.0784989085868424,0.4314772174121459,6,False,0,9,2
0.2814088610071409,0.1443495563402032,6,False,1,9,2
0.0588021893221315,0.4199179356504699,6,False,0,9,2
0.0689148209362508,0.4320915562592631,6,False,0,9,2
0.6068482675554117,0.5330715636896642,6,False,3,9,2
0.0640469543419879,0.4426602486289817,6,False,0,9,2
0.601329852249783,0.5462107562746377,6,False,3,9,2
0.2730444746470677,0.1454691789516955,6,False,1,9,2
0.0328687150627553,0.360472793050517,6,False,2,9,2
0.3868417440433306,1.0014291441050696,6,False,4,9,2
0.0177095602381332,0.3571408965927663,6,False,2,9,2
0.2839680866364334,0.1291779175448936,6,False,1,9,2
-0.002132636118646,0.3567461866931344,6,False,2,9,2
0.0666582810924964,0.4320723772055293,6,False,0,9,2
0.014497637585531,0.3628679365471587,6,False,2,9,2
0.6117164656674144,0.5234817217337498,6,False,3,9,2
0.2877991165140008,0.1622146114401026,6,False,1,9,2
0.2843618925806207,0.1375598257770251,6,False,1,9,2
0.0603016160292047,0.4300218522453695,6,False,0,9,2
0.3782935264779659,0.9946000934728724,6,False,4,9,2
0.0765531265297479,0.4223682495778078,6,False,0,9,2
0.028420334544411,0.3779157978619727,6,False,2,9,2
0.3642787197587154,1.0019908888421445,6,False,4,9,2
0.2943710315196552,0.1541150207036893,6,False,1,9,2
0.005927282023912,0.3446716896367351,6,False,2,9,2
0.0550873617427118,0.4367107202998863,6,False,0,9,2
0.2803268737886452,0.1747575232609372,6,False,1,9,2
0.6200979493974803,0.518669966434427,6,False,3,9,2
0.2771745934484468,0.1513956596427251,6,False,1,9,2
0.016046980314665,0.3568255073102717,6,False,2,9,2
0.3832951653555348,0.9716608875792884,6,False,4,9,2
0.0846851407730709,0.4519004609292273,6,False,0,9,2
0.358055698959403,1.003921978064597,6,False,4,9,2
0.607533567178635,0.5288725219925424,6,False,3,9,2
0.3918950021848056,1.0008163199122946,6,False,4,9,2
0.2503085410804316,0.1649366825032184,6,False,1,9,2
0.2740482637133083,0.1490747875845048,6,False,1,9,2
0.0786703247463407,0.4276975097420525,6,False,0,9,2
0.2524170884815392,0.1660723602062483,6,False,1,9,2
0.0223604103467993,0.3751069655940723,6,False,2,9,2
0.6143574895853263,0.5222997087304377,6,False,3,9,2
0.2835568179561685,0.1438910050876551,6,False,1,9,2
0.6111541385334537,0.5290118523396385,6,False,3,9,2
0.0747397600007301,0.4224328962164842,6,False,0,9,2
0.012250214369423,0.3659684939859672,6,False,2,9,2
0.0180853308405108,0.375697078290163,6,False,2,9,2
0.0137484680370257,0.3661274582019156,6,False,2,9,2
0.0657805807890985,0.4277532447423398,6,False,0,9,2
0.0572404687306085,0.4327051465097082,6,False,0,9,2
0.0663882301690534,0.4334487195425198,6,False,0,9,2
-0.0184802227750158,0.3988345903240966,6,False,2,9,2
0.0656356963687117,0.438594872587715,6,False,0,9,2
0.0614864529118728,0.4334118305654179,6,False,0,9,2
0.0098033700495242,0.3780193403662412,6,False,2,9,2
0.2802691795018486,0.1760203619495349,6,False,1,9,2
0.01582264686384,0.3777516845412331,6,False,2,9,2
0.246357196746827,0.1489365870470162,6,False,1,9,2
-0.0087146301934065,0.3604044277751053,6,False,2,9,2
0.0175027306556093,0.36436425029677,6,False,2,9,2
-0.0030094540762842,0.3751235768750345,6,False,2,9,2
0.6168747496943402,0.5229269484388839,6,False,3,9,2
0.0175389019232739,0.365495957786679,6,False,2,9,2
0.286713909960169,0.1297161431499955,6,False,1,9,2
0.0085831284761622,0.3710364674540502,6,False,2,9,2
0.267322109475704,0.1457020074399727,6,False,1,9,2
0.618158935897609,0.5379584445088043,6,False,3,9,2
0.0221370183575501,0.3671895216093168,6,False,2,9,2
0.0064609002758163,0.3570011996374144,6,False,2,9,2
0.0919405332811213,0.4486785419191438,6,False,0,9,2
0.4049271753071323,1.0221055226475906,6,False,4,9,2
0.3865975168544593,0.978868086919413,6,False,4,9,2
0.0138348268169776,0.3723846183085833,6,False,2,9,2
0.0653820593229823,0.422336725250845,6,False,0,9,2
0.6301752992004153,0.5340256664991001,6,False,3,9,2
0.4158081277373203,0.976666697996478,6,False,4,9,2
0.2517355818269058,0.1655564144443215,6,False,1,9,2
0.00785859708217,0.3720236972876848,6,False,2,9,2
0.6201472189907384,0.5318049763224892,6,False,3,9,2
0.6250797588727313,0.5306895512542532,6,False,3,9,2
0.0619325938141363,0.4023454516867465,6,False,0,9,2
0.0233444759852469,0.3923686046594041,6,False,2,9,2
0.0002942535254822,0.3788807456751994,6,False,2,9,2
0.0097682489091416,0.3660479421400882,6,False,2,9,2
0.0691220287516664,0.4279427361219255,6,False,0,9,2
0.0126989203102507,0.3704016539435726,6,False,2,9,2
0.0180285472996046,0.3526363050598642,6,False,2,9,2
0.0546912947445159,0.4296870340420363,6,False,0,9,2
0.3891758169545268,0.9905043447963252,6,False,4,9,2
0.0054545735979068,0.3729667924877189,6,False,2,9,2
0.0121559931462433,0.368454539107051,6,False,2,9,2
0.3870428021765084,0.9922015057479786,6,False,4,9,2
0.0022315028867033,0.363071769138469,6,False,2,9,2
0.3837335174578459,0.9863043890559404,6,False,4,9,2
0.0403958777391228,0.4348410991323921,6,False,0,9,2
0.0097005691465314,0.3776318296765674,6,False,2,9,2
0.0291535738879509,0.3686094456925607,6,False,2,9,2
0.0086294547121138,0.3732818465036451,6,False,2,9,2
0.0039506046549597,0.3619795286589962,6,False,2,9,2
0.2714444808314379,0.1567295640177604,6,False,1,9,2
0.3962629873911567,0.9999609299731474,6,False,4,9,2
-0.0184594131296128,0.3770271962537306,6,False,2,9,2
0.0110288035979243,0.3758976209266761,6,False,2,9,2
0.1102621973661533,0.3802890042115727,6,False,0,9,2
0.0121670893239968,0.3742487715315263,6,False,2,9,2
0.0284873234153686,0.3842023969046754,6,False,2,9,2
0.0811709635067017,0.4441980661291057,6,False,0,9,2
0.0050831934613323,0.3785729739584171,6,False,2,9,2
0.0112935915440691,0.3784743377980811,6,False,2,9,2
0.0238266696685393,0.381641767850792,6,False,2,9,2
0.6177799565445903,0.5357241782151809,6,False,3,9,2
0.0668943215271569,0.4160495214760384,6,False,0,9,2
0.0596998009394695,0.4148288512519481,6,False,0,9,2
0.6279001042075645,0.5378985805918701,6,False,3,9,2
0.0137662455397279,0.3738840087077125,6,False,2,9,2
0.263219297648163,0.1746940497851026,6,False,1,9,2
0.6126037643256603,0.5330314283540448,6,False,3,9,2
0.0603965588178115,0.4198430684207345,6,False,0,9,2
0.620538089679951,0.532755445654185,6,False,3,9,2
0.0302694275158126,0.432869307296054,6,False,0,9,2
0.4024674160126866,0.9922525078595344,6,False,4,9,2
0.2831353379768862,0.1623115093728366,6,False,1,9,2
0.0029597062700792,0.3673214835209956,6,False,2,9,2
0.2725818138059069,0.1801335175962364,6,False,1,9,2
0.0127604868263354,0.3783619287406006,6,False,2,9,2
0.2870954964261273,0.1275641833241491,6,False,1,9,2
0.0547013632383595,0.4134655038277117,6,False,0,9,2
0.0680250908834921,0.4192908853576985,6,False,0,9,2
0.6316240574310239,0.5385907516636105,6,False,3,9,2
0.0122757999681428,0.3755632220464792,6,False,2,9,2
0.1187937472359179,0.4229299986654677,6,False,0,9,2
0.3886487162984462,0.9993162832308256,6,False,4,9,2
0.3036950178589465,0.1848045741863581,6,False,1,9,2
0.620290792962347,0.533598280648515,6,False,3,9,2
0.0039651928632308,0.390267110956054,6,False,2,9,2
-0.005555250265961,0.359074831380575,6,False,2,9,2
0.0803927078190423,0.435331277749253,6,False,0,9,2
0.2641711595068264,0.1661040389742009,6,False,1,9,2
0.2670953885298762,0.1585067323144983,6,False,1,9,2
0.0109331387343544,0.3680064404876397,6,False,2,9,2
0.0185750858149888,0.3813890954105973,6,False,2,9,2
0.0711229379791775,0.4134355382294029,6,False,0,9,2
0.6075409400468427,0.5409159808914168,6,False,3,9,2
0.2767308915975702,0.1633532971816349,6,False,1,9,2
0.3920258367377925,0.998693953970686,6,False,4,9,2
0.2604977580080543,0.1545797547301634,6,False,1,9,2
0.2860427623929082,0.1988976635538638,6,False,1,9,2
-0.0053458624569671,0.3590807717268425,6,False,2,9,2
0.0622410626592625,0.4213405756022782,6,False,0,9,2
0.0071467966385652,0.3935365394984795,6,False,2,9,2
0.0039132077161061,0.3680507385090136,6,False,2,9,2
0.0184129252217985,0.3705076350206659,6,False,2,9,2
0.6216434889644714,0.5363463031477534,6,False,3,9,2
0.032465603145774,0.4161349959898727,6,False,0,9,2
0.2815104919584549,0.1584145466281267,6,False,1,9,2
0.0240154276435831,0.3583049536053782,6,False,2,9,2
0.6205960444953019,0.532981355618022,6,False,3,9,2
0.0106749224357392,0.3743519044272538,6,False,2,9,2
0.0125988648245659,0.3802456821997444,6,False,2,9,2
0.0087481586761493,0.3778183511677259,6,False,2,9,2
0.6114354693356603,0.549206126081658,6,False,3,9,2
0.0077101236064505,0.3762559922787981,6,False,2,9,2
0.3001141224753057,0.1593901363471005,6,False,1,9,2
0.066251074733985,0.4151203624027502,6,False,0,9,2
0.0086210940471889,0.3770807376285284,6,False,2,9,2
0.0631061618248675,0.3994480596258352,6,False,0,9,2
0.6222947616929833,0.524359824017329,6,False,3,9,2
0.0653570728462875,0.386602633970956,6,False,0,9,2
0.0136302944755779,0.3694786931339055,6,False,2,9,2
0.0078246142965169,0.3778652273483222,6,False,2,9,2
0.284532151656336,0.1414416711194561,6,False,1,9,2
0.6244737397613345,0.5244779483502026,6,False,3,9,2
0.6270866321181358,0.5325572059975816,6,False,3,9,2
0.0046588260258355,0.3827689522363118,6,False,2,9,2
0.0718893202533696,0.3854792066808827,6,False,0,9,2
0.2726410823160562,0.1129127716009876,6,False,1,9,2
0.2523913311933816,0.1749551191619068,6,False,1,9,2
0.0001777845898086,0.3721576791941888,6,False,2,9,2
0.2885194119958575,0.1484488257343784,6,False,1,9,2
0.2731638927897996,0.1655722176892076,6,False,1,9,2
0.3636412110242548,1.0159499349490826,6,False,4,9,2
0.0613993417026606,0.414791002239337,6,False,0,9,2
0.0085961025552719,0.3489069374540027,6,False,2,9,2
0.2312652995861703,0.1401691399316852,6,False,1,9,2
0.3849161507633439,0.9934677248261083,6,False,4,9,2
0.0219231749622998,0.3878743315186456,6,False,2,9,2
0.6229857779867751,0.5430130222031517,6,False,3,9,2
-0.0288560831954142,0.3723535363871894,6,False,2,9,2
0.2694037926514395,0.1363490839762332,6,False,1,9,2
0.0726806806188854,0.418406311692693,6,False,0,9,2
0.0645133530394369,0.4176407423841577,6,False,0,9,2
0.3954354728800822,0.9952365042700156,6,False,4,9,2
0.2871275433030256,0.1807085402638255,6,False,1,9,2
0.0408224582142954,0.3716005571486044,6,False,2,9,2
0.0020874690234938,0.368486154958005,6,False,2,9,2
0.2297206175178257,0.1546315568800576,6,False,1,9,2
0.039711596964085,0.3986461663464107,6,False,0,9,2
0.017690320056394,0.3752986063901166,6,False,2,9,2
0.0523907130882944,0.4361582853359942,6,False,0,9,2
0.3838902091925808,0.9870292097149777,6,False,4,9,2
0.0612030015752756,0.4136699863551162,6,False,0,9,2
0.0082544502695516,0.3811122182341596,6,False,2,9,2
0.0595496650792292,0.4143477159636829,6,False,0,9,2
0.0252177578466231,0.3662342803412916,6,False,2,9,2
0.0071708657172384,0.3819407533070525,6,False,2,9,2
0.0144702262573134,0.3789582888207795,6,False,2,9,2
0.284317588566373,0.1545278625381437,6,False,1,9,2
-0.0012432465500704,0.376069514968225,6,False,2,9,2
0.0623493340305979,0.4111003235904337,6,False,0,9,2
-0.0035037001215058,0.3897940151978384,6,False,2,9,2
0.0047930163538133,0.3834652552901196,6,False,2,9,2
-0.0002276765235809,0.399558827149204,6,False,2,9,2
0.2707836059417284,0.1662202072005919,6,False,1,9,2
0.0561683723994094,0.4207310691345759,6,False,0,9,2
0.2771034542548151,0.1671766690049253,6,False,1,9,2
-0.0037976767593094,0.3838428457690163,6,False,2,9,2
0.0178247253576939,0.3918524995386445,6,False,2,9,2
0.0568144438672865,0.4205828181744292,6,False,0,9,2
0.6282373409954811,0.5205957191029776,6,False,3,9,2
0.2800895988309245,0.1599649870013461,6,False,1,9,2
0.0028542064728083,0.3890824108317295,6,False,2,9,2
0.2660279802375133,0.1656661813821126,6,False,1,9,2
0.5907938167531519,0.5484361487864391,6,False,3,9,2
0.628030229502752,0.5394238620616497,6,False,3,9,2
0.2704672107219035,0.1684444562118329,6,False,1,9,2
0.0560290622457936,0.4099214760420785,6,False,0,9,2
0.0083800064624206,0.3834860836478139,6,False,2,9,2
0.2718301101686848,0.172101801548867,6,False,1,9,2
-0.0056474338836908,0.3981705974506755,6,False,2,9,2
0.6385375198728022,0.5353875553032932,6,False,3,9,2
0.0144457492802799,0.383523004327149,6,False,2,9,2
0.0049330597439287,0.3779500471107982,6,False,2,9,2
0.621407470750929,0.5439757707055181,6,False,3,9,2
0.6564929845923057,0.5274377904476464,6,False,3,9,2
0.0136517700016612,0.4062063788454222,6,False,2,9,2
0.0171838843679777,0.3827173909026168,6,False,2,9,2
-0.0030448199940075,0.3679604601570581,6,False,2,9,2
0.3075327513726065,0.1626307462272171,6,False,1,9,2
0.0789144432482844,0.4106695166864492,6,False,0,9,2
0.2800945682913709,0.1590280406255048,6,False,1,9,2
0.0098166126142707,0.3861527680780906,6,False,2,9,2
0.4012999722491335,0.9986245948558314,6,False,4,9,2
0.2792250077118945,0.1865744763120922,6,False,1,9,2
0.05942013690183,0.4096348261337866,6,False,0,9,2
0.2718637349722246,0.1748783721946477,6,False,1,9,2
0.6174648784395301,0.5473128408739396,6,False,3,9,2
0.0361015257710944,0.3973541344687785,6,False,2,9,2
0.0545408212138696,0.4063583666587513,6,False,0,9,2
0.0017869093453174,0.3766336645279594,6,False,2,9,2
0.0688077846775507,0.4265788173249291,6,False,0,9,2
-0.0093419631652547,0.374805280565367,6,False,2,9,2
0.0641647518396774,0.4064178900249114,6,False,0,9,2
0.0472627777659768,0.4229890997482108,6,False,0,9,2
0.0150306374008797,0.3855332089289093,6,False,2,9,2
0.6070965841509949,0.5418955006302738,6,False,3,9,2
0.402458241301648,0.9985037975674558,6,False,4,9,2
0.653230209116339,0.5526916328540731,6,False,3,9,2
0.2702283472363358,0.1818062225269795,6,False,1,9,2
0.0502873333015747,0.4102857546517341,6,False,0,9,2
0.0046665410508869,0.3889367564706192,6,False,2,9,2
0.0470110437135934,0.3947524510457892,6,False,0,9,2
0.6095621821529806,0.5382312673475684,6,False,3,9,2
0.0591191020038412,0.4073892993424178,6,False,0,9,2
0.248580357376832,0.1931032163604642,6,False,1,9,2
0.0475555403768462,0.4042468195742896,6,False,0,9,2
-0.0077577681892358,0.3703321587920776,6,False,2,9,2
0.0054023684117202,0.3587731956212644,6,False,2,9,2
0.2718233996128831,0.1743484518664702,6,False,1,9,2
-0.0034500904540168,0.3900617681813579,6,False,2,9,2
0.0615554549974319,0.4286889315890278,6,False,0,9,2
0.2498479442806143,0.1600379119637623,6,False,1,9,2
0.0077779200783201,0.3951078531282489,6,False,2,9,2
0.0558813170159421,0.4079947141991891,6,False,0,9,2
0.0062474970871955,0.3845250639661153,6,False,2,9,2
0.0044963618130933,0.3833604568399308,6,False,2,9,2
-0.0155575752986754,0.390252234132209,6,False,2,9,2
0.0043520420378077,0.3759298035930558,6,False,2,9,2
0.265141893218767,0.1951898873277996,6,False,1,9,2
0.6344408906961101,0.53936379117364,6,False,3,9,2
0.2833328260114914,0.1707017276285208,6,False,1,9,2
0.0579552047476401,0.392390772149419,6,False,0,9,2
0.2697309794569024,0.1684678036686434,6,False,1,9,2
0.6405249429560348,0.5578238314638854,6,False,3,9,2
0.2621649510154809,0.1417460150542177,6,False,1,9,2
0.0619160644537914,0.3988407331452926,6,False,0,9,2
0.0542477130335715,0.388795377944069,6,False,0,9,2
0.0588063408432441,0.4077968607395529,6,False,0,9,2
0.6522246631362253,0.5513496816423249,6,False,3,9,2
0.6049167101538852,0.5666750237025072,6,False,3,9,2
0.2748876047615518,0.1825345446926469,6,False,1,9,2
0.4014575708805223,0.9923693654494982,6,False,4,9,2
0.3044406442793629,0.1855623904438043,6,False,1,9,2
0.0780169223564724,0.3850090031514847,6,False,0,9,2
0.069707496744575,0.4031053897148217,6,False,0,9,2
0.5908398083979854,0.5284648280492121,6,False,3,9,2
0.0673483448434823,0.4104827714202737,6,False,0,9,2
0.2661764427755221,0.1440592651605464,6,False,1,9,2
0.2903899433930377,0.1722469447296061,6,False,1,9,2
0.0406792912628735,0.428237092527986,6,False,0,9,2
0.0572293104613956,0.4043046353180539,6,False,0,9,2
0.2701830081054419,0.1723531678139786,6,False,1,9,2
-0.0036638397730979,0.3840495128048595,6,False,2,9,2
0.0513425338647784,0.4195547702584941,6,False,0,9,2
-0.0030706477674646,0.3925187273015491,6,False,2,9,2
0.0027455497644526,0.3881876924798405,6,False,2,9,2
0.2137759625132916,0.1425038398232592,6,False,1,9,2
0.249547834926211,0.1748665680322077,6,False,1,9,2
0.4066351161336752,0.9926704358107912,6,False,4,9,2
0.0674682444058981,0.4026558693599158,6,False,0,9,2
0.638441609833322,0.545849245302426,6,False,3,9,2
0.2793120456687795,0.1781104652120876,6,False,1,9,2
0.4207961843418822,0.992256792267014,6,False,4,9,2
0.0296797213199714,0.3835614718362483,6,False,0,9,2
0.0042043911684737,0.3943869547621071,6,False,2,9,2
0.2760338757974118,0.2169432388632401,6,False,1,9,2
0.2744469102851006,0.180441975738011,6,False,1,9,2
-0.0005720759199716,0.397958334564126,6,False,2,9,2
0.0010758493014314,0.3933939350691123,6,False,2,9,2
0.0659191309505172,0.4020767159483729,6,False,0,9,2
0.2800898878593177,0.1313272603552934,6,False,1,9,2
0.2785886595952155,0.1787578338666764,6,False,1,9,2
0.2654900467082309,0.183484286303807,6,False,1,9,2
-0.0076067358311849,0.3819111578663451,6,False,2,9,2
0.0166142519012283,0.3792493644898524,6,False,2,9,2
0.2872120077700651,0.1899322855780708,6,False,1,9,2
0.0068811759218774,0.3813039748002218,6,False,2,9,2
0.269211155504399,0.1606737610172536,6,False,1,9,2
3.2846505354869066e-05,0.3953299780712124,6,False,2,9,2
0.2881201950920793,0.189597271982152,6,False,1,9,2
0.0096347137032319,0.4032211245260234,6,False,2,9,2
0.0953267941418723,0.4138318311576879,6,False,0,9,2
0.0021787431418496,0.3916490153618696,6,False,2,9,2
0.0209900385699153,0.3775447686608366,6,False,2,9,2
0.2765601355108748,0.1976183962993452,6,False,1,9,2
-0.0025938440448195,0.3739823175194149,6,False,2,9,2
0.6400913084487377,0.5298681241980773,6,False,3,9,2
0.277933282778608,0.1857298223884677,6,False,1,9,2
0.4094363153553083,0.9941898463818306,6,False,4,9,2
0.0413754433626505,0.3851348366258839,6,False,0,9,2
-0.0104512997368092,0.3814951084213076,6,False,2,9,2
0.288139317303632,0.1785915801101723,6,False,1,9,2
0.64547313552476,0.5595968103516988,6,False,3,9,2
0.0040229675240633,0.3930939917755267,6,False,2,9,2
0.0058906197164663,0.396730363611447,6,False,2,9,2
0.413641710498255,0.9893485367318156,6,False,4,9,2
-0.004599202794359,0.3851930132093399,6,False,2,9,2
0.0475953530128567,0.3955355599553402,6,False,0,9,2
0.6346419438117777,0.5458533929625355,6,False,3,9,2
0.6572730526972294,0.5335927445160236,6,False,3,9,2
0.6077649440035303,0.5118377862275233,6,False,3,9,2
0.411352263188661,0.9872123885188128,6,False,4,9,2
0.0050231968192854,0.3986389000731044,6,False,2,9,2
0.0117622862234566,0.3819162183650268,6,False,2,9,2
0.4101974425699224,0.9941147280688716,6,False,4,9,2
0.0158760166079399,0.4068573591748902,6,False,2,9,2
-0.0048201250017806,0.392130336844756,6,False,2,9,2
0.0569529508220506,0.4005800590869091,6,False,0,9,2
0.0485801642470972,0.3903402161236399,6,False,0,9,2
-0.0027756629443367,0.3951188428789733,6,False,2,9,2
0.6128616830881546,0.5222009642933568,6,False,3,9,2
0.2828068645415598,0.1685952441653515,6,False,1,9,2
-0.0111931741785217,0.4074932872359179,6,False,2,9,2
0.2787107303691102,0.1872485017237727,6,False,1,9,2
0.6602149220959103,0.5701527533054983,6,False,3,9,2
0.0533628731955425,0.3969500315058579,6,False,0,9,2
0.0744604431567996,0.3681159846659724,6,False,0,9,2
0.0692780264075704,0.412550393792093,6,False,0,9,2
0.0544700012396978,0.3915864606148406,6,False,0,9,2
0.0491618071012506,0.4047237860456507,6,False,0,9,2
0.0213563376156427,0.3757879608374718,6,False,2,9,2
0.6346279787823313,0.550777234503411,6,False,3,9,2
0.6404747296749309,0.5511713001616274,6,False,3,9,2
0.4247966394435661,0.9686498326108588,6,False,4,9,2
0.4092637828192012,0.9891669566543017,6,False,4,9,2
0.0390743371309953,0.3970083216823847,6,False,0,9,2
0.408211785272043,0.9892512143983452,6,False,4,9,2
-0.0034101241547385,0.3755956756278385,6,False,2,9,2
0.2553324310686559,0.1502826707775011,6,False,1,9,2
0.276327091150806,0.1782238124724729,6,False,1,9,2
0.0075975608499517,0.3795908034485905,6,False,2,9,2
0.4210554235215531,0.9781883819124996,6,False,4,9,2
0.2728154371325866,0.1737376526668035,6,False,1,9,2
0.0066968967529202,0.3947966790451094,6,False,2,9,2
0.0079354972799703,0.3911104539028723,6,False,2,9,2
-0.0007803529175726,0.3963647796497736,6,False,2,9,2
0.2659278124241698,0.1838074259570391,6,False,1,9,2
0.2712353923294592,0.1743077715711576,6,False,1,9,2
0.019639999586562,0.4002837750966226,6,False,2,9,2
0.4098807378953107,0.9885586031926096,6,False,4,9,2
0.0483649133064759,0.3929479923723076,6,False,0,9,2
0.0112199193388845,0.4185462640005227,6,False,2,9,2
0.0561015344163127,0.3888305777550556,6,False,0,9,2
0.2794812902156919,0.1837825044446783,6,False,1,9,2
0.0369848714038877,0.3932928331068821,6,False,0,9,2
0.0155726719857811,0.4089669124009228,6,False,2,9,2
0.0081109326163297,0.3890665879674063,6,False,2,9,2
0.2493589040376785,0.2080170383603937,6,False,1,9,2
0.3999171481851631,0.9800827628143716,6,False,4,9,2
0.0043851240499431,0.401684561071728,6,False,2,9,2
0.0127907507263039,0.3900579470529415,6,False,2,9,2
-0.0002033342613289,0.3978673757529672,6,False,2,9,2
-0.0111636274516002,0.4083018535013822,6,False,2,9,2
0.2588360546665622,0.1462815220597146,6,False,1,9,2
0.0468995253132685,0.392348511078107,6,False,0,9,2
-0.021540554832508,0.3855157881273272,6,False,2,9,2
0.0518917006539767,0.396838913907813,6,False,0,9,2
0.4149100249124461,0.9903581120619454,6,False,4,9,2
0.6441303383036713,0.5495231158006548,6,False,3,9,2
-0.0002366790986654,0.4054616465209738,6,False,2,9,2
-0.0091543017066022,0.4121961566550252,6,False,2,9,2
0.644812207442297,0.5771494149286458,6,False,3,9,2
0.6559231098186503,0.5476352752314111,6,False,3,9,2
0.0585463481530204,0.4056702734935538,6,False,0,9,2
0.0167362405502292,0.4018905629677775,6,False,2,9,2
0.6659112538201236,0.5555964586682807,6,False,3,9,2
0.2695564022473212,0.1854015065896088,6,False,1,9,2
-0.0255294099097293,0.3969378892034876,6,False,2,9,2
0.2761264152674377,0.1897150893135463,6,False,1,9,2
-0.0006549448055043,0.401105045332798,6,False,2,9,2
-0.0063574692736962,0.3960407412665854,6,False,2,9,2
0.0015904695227376,0.4005739982429738,6,False,2,9,2
0.0055082666920437,0.4066823841262419,6,False,2,9,2
0.6472850308300735,0.5495005598224385,6,False,3,9,2
0.0100816680035981,0.3858925688320778,6,False,2,9,2
0.2684529122943176,0.191166263934542,6,False,1,9,2
0.6257733033078468,0.5746243233342148,6,False,3,9,2
0.6462180150156861,0.5392754792851256,6,False,3,9,2
0.2905964286600092,0.1941271570240926,6,False,1,9,2
0.4146864647354185,0.9863896344590288,6,False,4,9,2
0.4120968796738423,0.9896940551467648,6,False,4,9,2
0.0012367250980007,0.4199853871772528,6,False,2,9,2
0.6510650832280759,0.5553453964636098,6,False,3,9,2
0.2579770288736364,0.1958806971300803,6,False,1,9,2
0.6591742715337988,0.5602949346463918,6,False,3,9,2
0.027556827700116,0.394749933379084,6,False,0,9,2
0.6223404278809535,0.5356021283966792,6,False,3,9,2
0.2544862624465216,0.2067688274353476,6,False,1,9,2
-0.0038499226286501,0.3973095862487748,6,False,2,9,2
0.6417093563687358,0.5487657623415758,6,False,3,9,2
0.053839844491994,0.4091477935946012,6,False,0,9,2
0.0134931308851121,0.4017857267256766,6,False,2,9,2
0.2516043793814965,0.201243987900646,6,False,1,9,2
0.0029185079721437,0.4030294903824518,6,False,2,9,2
0.0015064507496236,0.3967231547465951,6,False,2,9,2
0.4332318634638185,0.998404293579356,6,False,4,9,2
0.6570343833746499,0.5819662788336585,6,False,3,9,2
0.0059815840952198,0.4064887116437953,6,False,2,9,2
0.6463881351836792,0.5527423267590718,6,False,3,9,2
0.2684104823649716,0.192301106662881,6,False,1,9,2
-0.019812982099715,0.3964522424944257,6,False,2,9,2
-0.014536545955006,0.4174412999195162,6,False,2,9,2
0.6408876606667273,0.5732945575884144,6,False,3,9,2
