0,1,2,3,4,5,6,7,cluster,target,segment,stream
0.120593752039118,0.6571403164751822,0.1812354088488248,0.3971430876095909,0.4266951356817627,0.0852243330992032,0.1999608749695604,0.7240281639469444,6,3,0,4
0.7781801342981736,0.0787183110058788,0.849257568526122,0.2152676477944098,0.7799576445568196,0.6887819450263442,0.1228796485667318,0.4338469383731259,6,0,0,4
0.783953103394216,0.0811460184887342,0.8517768065598847,0.2245996524615133,0.7776630165731706,0.6948828969805663,0.1233698182439282,0.4372690441815659,6,0,0,4
0.7701174552066903,0.4940609030527761,0.4413795901283214,0.9525919576504032,0.0738958608072472,0.7923380967206269,0.723521599158099,0.6781506511445707,6,4,0,4
0.7832948235192674,0.4861528697547527,0.4266838249248953,0.9657085592737008,0.0721430950108541,0.7778097016444044,0.7321844405291076,0.6864034005942051,6,4,0,4
0.1277664079908162,0.6698979476952099,0.1877384784183692,0.3880738949610222,0.430849546539883,0.0968733123242184,0.191266261314907,0.7344559564232099,6,3,0,4
0.7806225486178077,0.079438858684512,0.8470994244614996,0.2162630290703224,0.782905075923821,0.6898663462217517,0.1218962377131016,0.4348609805025414,6,0,0,4
0.7830809742164933,0.4939427890840756,0.4447564730151247,0.9758189185146692,0.07391123987259,0.7827101014974703,0.7208753906656493,0.6630693841217912,6,4,0,4
0.7715275428934036,0.4924057544037022,0.4362409367283388,0.9518837524924278,0.0756085982830559,0.7891846785858908,0.7293067028742395,0.67545092620262,6,4,0,4
0.1306789881926632,0.6739330928877009,0.1794161535639391,0.3899569387789781,0.4322129541040503,0.0862862302562386,0.1893730922594342,0.7308567476211079,6,3,0,4
0.766815711418903,0.4908688729867708,0.4398462164485037,0.9487345236445442,0.0739874774476743,0.785127104998693,0.7345669746446288,0.6766421559791354,6,4,0,4
0.1291878516321504,0.6668591203712585,0.1870317724382773,0.3850562492427286,0.4331087145552709,0.0942449681550119,0.1939714557804059,0.7347686443833514,6,3,0,4
0.7838586725470106,0.0819895853720112,0.8465135127069096,0.2133992459461366,0.7856958700153953,0.6939512851766274,0.1262510613113968,0.4352398231521679,6,0,0,4
0.7794654233523944,0.0864754393790109,0.8515284036232238,0.2101878103718216,0.7714587897539107,0.6907312040548611,0.1343377468332297,0.4358921488773388,6,0,0,4
0.774876303984842,0.0875855663131901,0.852746805194129,0.2197746058997009,0.7803166296030286,0.6839527255504185,0.1220682475071362,0.442194144980211,6,0,0,4
0.7698049977944914,0.4911871323459318,0.4407918470163289,0.9418741527274604,0.0689662414685221,0.7833023991759269,0.7372359663890201,0.6724058299980908,6,4,0,4
0.8095978636434417,0.4877533022838116,0.4540522644248584,0.933099346183118,0.0871953968522719,0.8282476552876418,0.6955804113777206,0.7045646474476119,6,4,0,4
0.7860890994440446,0.0782557960199281,0.8369062764104636,0.2075588734109269,0.7924000309113554,0.6963387644710316,0.1138837821780144,0.4360289539527177,6,0,0,4
0.7732200860743288,0.4934291631388815,0.4354268747697698,0.9554438909441394,0.0763522211443527,0.7875422270077114,0.7301718453315958,0.6766324595268114,6,4,0,4
0.7704439401950173,0.4929941674336278,0.4356876668433884,0.953579874833316,0.0767755392686285,0.7883094707937318,0.7300340140675102,0.6737913256090384,6,4,0,4
0.768454948749336,0.4947521799114421,0.4374489035146211,0.95756386731594,0.0719610934127558,0.7929690522971556,0.7257189652120565,0.6717349092217576,6,4,0,4
0.1296094248938299,0.6674288768990445,0.1841441151472344,0.3838492601758957,0.4336600560099185,0.0894622748748289,0.1917918873816752,0.73292089852534,6,3,0,4
0.7873239492340799,0.0720006239981742,0.8403581758028249,0.2194210150233935,0.7801694027272669,0.6915026756706653,0.1225611084837167,0.4289186137989764,6,0,0,4
0.7702694969627615,0.4930410923814439,0.4367972081279679,0.9538358173912252,0.0750727806000655,0.7885645354755543,0.730184556154954,0.6750277111260237,6,4,0,4
0.2318713628244164,0.6975769268512961,0.3643269077818069,0.6447774310547029,0.1941421482387677,0.264071215889444,0.154335739770215,0.3462583969227799,6,1,0,4
0.7758248072990115,0.4908612018949228,0.4418429578273186,0.9593913885761292,0.0699541127698425,0.7942567580625728,0.7272885950581666,0.6764501053198849,6,4,0,4
0.132694128718381,0.6628874416031191,0.1888711211338124,0.3842444186802773,0.4369954455064916,0.0928786999957128,0.1977584884317245,0.7307519504566942,6,3,0,4
0.7743613582328305,0.4979982442500023,0.432823000100295,0.9441236144369995,0.0814151352466171,0.7818348964639875,0.723196637121382,0.6845512247573147,6,4,0,4
0.1381800905714294,0.662097809019047,0.1967086087388304,0.3898677401268225,0.4259768253724309,0.0859861260521142,0.2014193669746292,0.7430834960897416,6,3,0,4
0.1309576066832631,0.6620078755743085,0.183163093664785,0.3863278736962445,0.4339283728356214,0.0930252136226694,0.1954128471072962,0.7380833100935735,6,3,0,4
0.7817770505616215,0.0788963949022529,0.845365641507305,0.2160786735866073,0.7828311305539617,0.6888569490902017,0.123259190464806,0.4325095083592401,6,0,0,4
0.7763527773059031,0.0807897563712544,0.850730803621972,0.2137543341063864,0.7794202559329957,0.6860452610094525,0.1202640208220301,0.4370890276430567,6,0,0,4
0.7811036438044239,0.0790177737768785,0.84553843790703,0.2151758948675791,0.7830070915042014,0.6895432451701257,0.1242556986012094,0.4321294816543961,6,0,0,4
0.7754527442470909,0.4953107693918449,0.4369984050039607,0.956565007609434,0.0807292539042266,0.7900642678744645,0.7276321768505253,0.6719530274535682,6,4,0,4
0.7725924757571342,0.4920155361997132,0.4347532637207944,0.9523552017208462,0.0784699337232353,0.7871033525622059,0.7290845187549387,0.6726115750906844,6,4,0,4
0.7742376257298172,0.4771697964032914,0.4256301843171876,0.9396287466493516,0.0799984297742833,0.7869424484168848,0.7324115962201836,0.6793037938259548,6,4,0,4
0.7845829370592485,0.0753975243438145,0.8477800031245094,0.2121299740125068,0.784895946872297,0.6952290589089529,0.1245958918439676,0.4389132840174074,6,0,0,4
0.7622490378399039,0.4818337533679757,0.4255569175018598,0.9631406344545488,0.0663901344734569,0.7972465868236259,0.7188724413031995,0.6691591008334274,6,4,0,4
0.1332022211936837,0.6635661456654706,0.1866264190191283,0.3848395979713555,0.432330173988483,0.0966699972871222,0.1929708229337945,0.7293492416954949,6,3,0,4
0.7716308866990264,0.4944502416449278,0.434022507770676,0.957384176834258,0.0776300179424864,0.7850396666457682,0.7286327058947304,0.6728765221747164,6,4,0,4
0.7669677350819999,0.4893523178407405,0.433459828772835,0.9529983260335524,0.0758696556170953,0.7912309328370527,0.7326530884150141,0.678726552871878,6,4,0,4
0.7636385966278757,0.4823237652228727,0.4279771397456506,0.9561300131769376,0.0831700068484077,0.7777543060609824,0.7219846808349288,0.6803066366745079,6,4,0,4
0.7842686019258215,0.4865063048477366,0.4451054728649427,0.948737813663873,0.0958291826998908,0.7680601323813643,0.7198192470973087,0.6939448973309936,6,4,0,4
0.7841759095972907,0.0691988531027252,0.8480383049036991,0.2231500416888152,0.7839458292869859,0.687638189324324,0.1252961633686985,0.4232563030398688,6,0,0,4
0.7825044366949285,0.0750166381359644,0.8483763222876255,0.2160589304535972,0.7846243503002662,0.6893335195302375,0.1225379957346286,0.431650454694187,6,0,0,4
0.127528249324804,0.6618945614327283,0.1862903638629709,0.3808187463832401,0.4325424484898905,0.0948561248488829,0.1952452957667894,0.7354419130186313,6,3,0,4
0.7634225719487886,0.4926699031083462,0.4427633156599905,0.9593452034863404,0.0689828343261319,0.7935904374676757,0.7223372350592756,0.6721566970999505,6,4,0,4
0.779476620848327,0.0747637237229144,0.8465973611739226,0.2212784983276703,0.7751026876082668,0.6953486954104122,0.1235364216692501,0.4306040289711943,6,0,0,4
0.7758938015700373,0.4862139242022771,0.4315016427485863,0.9466338131657984,0.0836228410523972,0.7958246600494637,0.7235632132276864,0.6672577078119757,6,4,0,4
0.1274844843143296,0.6667723351505025,0.18554228049202,0.3815750240848669,0.4280248330614646,0.091069546771168,0.1994731359941983,0.7345383846504379,6,3,0,4
0.7751967534230698,0.145298308545665,0.8977782588476098,0.9737277301829492,0.1601822087757987,0.0794397470108177,0.7639271725914711,0.2507226321732672,6,2,0,4
0.764360148962885,0.4858689879858663,0.4418645760889066,0.9599194677087708,0.0807936844188507,0.8009388779153728,0.7417081296251302,0.6854099787243119,6,4,0,4
0.7711058993724581,0.4923686487763565,0.4344479425493942,0.951869029934994,0.077203299301768,0.786572151088379,0.7275357916171812,0.6760975615354528,6,4,0,4
0.7700355784994534,0.4845793456222959,0.4396656692434442,0.9682872647718312,0.0885504795474844,0.7845316140141418,0.7414653358575798,0.6805637158893892,6,4,0,4
0.7695145569790688,0.4919773347311201,0.4367009413970021,0.9540588331585996,0.0779925129804686,0.7863456805516421,0.7306576511910076,0.6747021030301049,6,4,0,4
0.7727807390445417,0.4877328093252491,0.4400560321126386,0.9584418362100652,0.0811893960172518,0.7760883607201869,0.7194493626329617,0.6670205521015272,6,4,0,4
0.7861407021437569,0.4817991268118517,0.4537935681213694,0.9636570416574668,0.0883672415029804,0.7928485446327781,0.7463605319709545,0.6600770239805474,6,4,0,4
0.7761256050987827,0.4842122822437153,0.4377848743119527,0.9574853356169978,0.0767765665190476,0.7844778041639809,0.7347600411037108,0.6813895927116618,6,4,0,4
0.7825982982311547,0.0782593610146104,0.8435302556362037,0.2153411413522077,0.7820559350382444,0.6870928166431821,0.1219639520733998,0.4313009777608987,6,0,0,4
0.7621393305952735,0.0579611030261911,0.836005514704251,0.2028056206313071,0.7881156903773363,0.705942641250352,0.1197502893993635,0.4460412232480779,6,0,0,4
0.7843155942210313,0.0793520887976119,0.8444176003511855,0.2124202363868126,0.7812826001800371,0.6852376697054008,0.1245122102338787,0.4287008809061768,6,0,0,4
0.7825395412693583,0.480704638463507,0.437137707190837,0.9429442459405134,0.0759019526108102,0.7947354561083795,0.7206884898657648,0.6673411671665276,6,4,0,4
0.7812880614325708,0.0771407824159181,0.8447747704191623,0.2138892815209786,0.7817232382827237,0.6881281117264734,0.1229192917221625,0.4314795865050702,6,0,0,4
0.1285829914614558,0.6645591053397362,0.1896910459587359,0.3820044649349959,0.4339573239147428,0.092983798222296,0.1915077646434838,0.733270553047758,6,3,0,4
0.7632223161329295,0.4894613614221408,0.430367160312314,0.9600556295653982,0.0832963065733575,0.7936076899134693,0.7356508725777188,0.6730943480446977,6,4,0,4
0.1406832796905658,0.6649159384392483,0.1862228824271437,0.3786553517370451,0.4192661986670294,0.08032087657267,0.1894072916335205,0.7224325323807333,6,3,0,4
0.7677344199329489,0.4933200482523531,0.4368841092398106,0.9563446495855544,0.0787379737339725,0.7885849419290446,0.7319556689840636,0.6720256043925371,6,4,0,4
0.7809316010029416,0.0773407050939465,0.845914349099532,0.2125159003674878,0.7834750256948071,0.6893622092824866,0.1221256631991283,0.4267940292049996,6,0,0,4
0.7665433435647052,0.4899660226582548,0.4323634873642041,0.9573438970822704,0.0826751682530232,0.7905099719473753,0.730090960866179,0.6740038535439524,6,4,0,4
0.2514234051509911,0.6815649658384316,0.3533450957320217,0.6573551176071967,0.209139101529707,0.2752339468326715,0.17437361570232,0.3340038312495917,6,1,0,4
0.7821491858032701,0.0744382174391987,0.8505408688051747,0.2200403581258847,0.7934582840053314,0.6855714708578691,0.1195696897090987,0.4356837445001855,6,0,0,4
0.7773122212568687,0.0693613349905577,0.8448588435961956,0.2082915171776132,0.7746138337667277,0.6957052161477669,0.1232319273884809,0.4213714923760141,6,0,0,4
0.7805485471379248,0.0784299261416964,0.8460616092428128,0.2141830201359877,0.7829984569867443,0.6874018056218278,0.1235799387073987,0.432159256570793,6,0,0,4
0.127154777085545,0.6633730898489755,0.1897205599383664,0.3814963485374218,0.4356036866846596,0.092461570795079,0.1920576238850375,0.7320632096986092,6,3,0,4
0.1267715130167624,0.660613852965037,0.192590279613418,0.3816391440248473,0.4317852108087979,0.0949539605848998,0.1920720644045958,0.7347061965209469,6,3,0,4
0.2319392528381447,0.7069374026239025,0.3747796949038866,0.6517221389698628,0.2052262601556984,0.2529000311391692,0.1555801188531025,0.3457375475435472,6,1,0,4
0.1287910105671718,0.6698603681547961,0.1838298979770534,0.3862299875978735,0.4275727188097404,0.0887922033402692,0.1914354563949537,0.7279175977063537,6,3,0,4
0.7850587541157483,0.1455012682073753,0.8874635844534174,0.9642989321298456,0.1601415570239884,0.093666973696962,0.7558483536527687,0.2540859468205749,6,2,0,4
0.7747633689802795,0.0764688411984618,0.8476920642820768,0.2045027265546291,0.777139572412918,0.6902110433121973,0.115087656662189,0.4287883686637606,6,0,0,4
0.7821537123718119,0.0763737262761815,0.8446279528877332,0.2136106794386791,0.7815276682361285,0.6866579963102544,0.1234359772517379,0.4302195019382833,6,0,0,4
0.7765611094180676,0.4809889178122977,0.4469464887493888,0.9650742850263248,0.072790580487867,0.7941132672695113,0.739539768273947,0.6736406683215449,6,4,0,4
0.7635244220961873,0.4976074536089922,0.4414150196924698,0.965174065631576,0.0794478044128972,0.7851386139818736,0.7378531974262382,0.6822537289532578,6,4,0,4
0.7874133181446145,0.4668142913679571,0.4234408736440067,0.9333517408527934,0.0727244431643696,0.80137942459201,0.7329445184192864,0.6632797641533614,6,4,0,4
0.1290055064865006,0.6554083156708824,0.2028387417892869,0.3720182895880796,0.4218263535457939,0.0874082193799648,0.1811745582566296,0.7291086333275559,6,3,0,4
0.2311122025295134,0.6992166055374676,0.3760280719542466,0.6438203982105197,0.1927588318255025,0.2506547643653251,0.1595830514120925,0.347809057257098,6,1,0,4
0.1292054182706963,0.6590926439834189,0.1861114373782509,0.3899818867169263,0.4333125887292293,0.0828669445087841,0.1936095959375013,0.7315612899532905,6,3,0,4
0.778720535404253,0.0805267873367612,0.8358204632792191,0.2113896680211087,0.7812553630770304,0.6834079324399948,0.1152198932735026,0.4338844084969818,6,0,0,4
0.7681750957848645,0.5001902334549949,0.4367689046137871,0.9634445316455238,0.0822464198553008,0.7930575990087957,0.7322139527649477,0.665523377660339,6,4,0,4
0.786911052469144,0.0745300866131991,0.8478247655924024,0.215302825130772,0.7782288022466923,0.6896875561733001,0.117920928644021,0.429754772362404,6,0,0,4
0.1100900962602539,0.6762161124888214,0.1943107259607879,0.3865708697664448,0.4384397726831838,0.0953436181834256,0.2056498446321785,0.7179427951760653,6,3,0,4
0.7773114872445447,0.4978698049618534,0.4450166648920803,0.9532405139973948,0.0738098908339789,0.781841930151421,0.7261658706582048,0.6758709383561016,6,4,0,4
0.2329527438646003,0.7010610706394319,0.3727676687127545,0.6407164167619036,0.1921619846276618,0.2488784917413175,0.1567359155043297,0.3538119601312862,6,1,0,4
0.1262300539437906,0.6645471984177708,0.1957351428997643,0.3887573505253442,0.436817674504027,0.0861445881372563,0.1893315320046045,0.7361944048304332,6,3,0,4
0.7818035844508269,0.0738948266818409,0.8429329847726135,0.2119125385796537,0.780262784025771,0.6849647995431285,0.1226201530575947,0.4275468410084506,6,0,0,4
0.7658382197470703,0.4910164380085429,0.4357762071068669,0.9555052729808096,0.0751509192126529,0.7844274858130537,0.7498741038037285,0.6896242990113213,6,4,0,4
0.1254657627086519,0.6626841032014784,0.1871835031418933,0.3857426598441466,0.4277232215643926,0.0934163013519126,0.1966665490711661,0.7390462542680599,6,3,0,4
0.7659788833276235,0.4955979774988235,0.4374536775426937,0.9618064595198816,0.0852571516600181,0.791526477321119,0.7313818857788726,0.6765152930875934,6,4,0,4
0.7712610289457332,0.492951712813536,0.4325890051775881,0.9535170786529648,0.0829945714182891,0.7843146926639826,0.7309463343993504,0.670743133129824,6,4,0,4
0.126832147960431,0.6659244521280506,0.1834417694853002,0.3973794822553368,0.4296050936493317,0.0792033375091295,0.2010881463638678,0.73718361061439,6,3,0,4
0.767986617829543,0.4878201764044692,0.4359632972261982,0.9579476677947784,0.0782940405211311,0.7850154393119393,0.7344222927440937,0.6769660394274497,6,4,0,4
0.7867797441999757,0.4967252270562856,0.4553536048567378,0.9636716401802048,0.0692820322966777,0.8160806646948312,0.7033053092613422,0.6783451073057375,6,4,0,4
0.7772465104959503,0.0699354908685267,0.8474599589156389,0.2177610206100022,0.7799817361260631,0.6814685273162928,0.129592341222294,0.4251034661826694,6,0,0,4
0.7706501572330356,0.4894275412665809,0.437299153266908,0.955939607729022,0.0808355472079844,0.7848072343681073,0.7320621410127702,0.6739364393699468,6,4,0,4
0.7906942736120788,0.0761665270605969,0.8469049960515701,0.2106890854830885,0.7808989148656205,0.6839725982207396,0.1273186859194464,0.4313563827473927,6,0,0,4
0.7649882163777949,0.0744287351130607,0.8342955412390527,0.2279070242247237,0.7739757459058665,0.6972628961485444,0.1173234863497632,0.4444539061138391,6,0,0,4
0.7736146140847533,0.0839088665197805,0.8337032798173336,0.2139392355980934,0.7887008819393786,0.6721024722873185,0.1327166100950295,0.4261695095052855,6,0,0,4
0.7792270737605358,0.0761038877800673,0.8458525582844659,0.2150407926939215,0.7781058320063127,0.6865509731425922,0.1225761600083527,0.430206396987411,6,0,0,4
0.242497694775353,0.7018308576824294,0.3854770349652717,0.6561267082918804,0.1991495842410077,0.2540431688041822,0.1699422079686881,0.3472714066041576,6,1,0,4
0.736522615128155,0.5096611169137328,0.3967276896218777,0.9581226737137974,0.0486403590191311,0.7924159345535826,0.7163207819253997,0.6890212895627551,6,4,0,4
0.7835722158353795,0.1415389842082963,0.8937949152527284,0.9709814532932056,0.1561066589299003,0.0889897355358577,0.7570590052117245,0.2488208278372352,6,2,0,4
0.7671610700692763,0.4930916720876095,0.4336439322804586,0.9611573057689944,0.0833699494134775,0.7871133300725266,0.7360340376016833,0.6760630951868769,6,4,0,4
0.7702887856536756,0.489692446934387,0.4373962093917218,0.9569845284313092,0.080839678513148,0.7849222382544551,0.7331893382138643,0.6742284547483297,6,4,0,4
0.7627886238645554,0.4787096210314904,0.4677456297235468,0.9400438135846002,0.1178143364557767,0.7903059802862806,0.7541139079712845,0.6881211978136976,6,4,0,4
0.7821965259018269,0.0769319412067673,0.8391802612477065,0.2135870642824675,0.7853227151675942,0.6883037939918907,0.124041810728604,0.4308210864408933,6,0,0,4
0.7767790503053706,0.4849251965047424,0.4419736035323664,0.950900678806353,0.0776942942715255,0.7872087129510132,0.7270329447127925,0.6729911517897191,6,4,0,4
0.2230683664317762,0.6977981681715939,0.3665295578705078,0.6493829151621819,0.2007891278410036,0.2527656913151864,0.154997861617854,0.3398370846864081,6,1,0,4
0.228689528645856,0.6792162159586294,0.4116643793111716,0.6539607170392063,0.1711069776084348,0.2249078986578523,0.1976896155918625,0.3725367761059369,6,1,0,4
0.7723713347208231,0.4982680009972048,0.4335048110214443,0.9472347945899146,0.0743994800085694,0.7784350751675456,0.7321674353798994,0.6841372549232619,6,4,0,4
0.7785216651949367,0.0713055206989167,0.8423700560668766,0.2146310920506338,0.7821947280212869,0.6874911592248311,0.1287363070553653,0.4240888227536302,6,0,0,4
0.7712902999755784,0.4900520481821551,0.4378480687956296,0.9610609580809544,0.078195039037197,0.7812658826129858,0.7331901260666908,0.6773612213468525,6,4,0,4
0.7833492631487448,0.0759600648142127,0.8422600672908154,0.2134577879686019,0.7794639626113943,0.6859428511900546,0.1227137372006541,0.4278489340882477,6,0,0,4
0.7697366503444156,0.4886030886662525,0.4369851138804043,0.95763902269018,0.0821812523140914,0.7838070795891545,0.732245345477147,0.6749269745049865,6,4,0,4
0.7682395994128712,0.48185036095863,0.4430483255377939,0.962230353051102,0.0764862379431789,0.7763377752620729,0.7339647078485252,0.6730667811295382,6,4,0,4
0.7838066607413813,0.0712874917815051,0.8404632257091904,0.2087054789256823,0.7800479589005437,0.6851393007083975,0.1224714885697693,0.4254161174568618,6,0,0,4
0.7678032253950645,0.4857479991258012,0.4386443765499926,0.9661729330131004,0.0821406299199044,0.7921180090084681,0.7241948534709978,0.6752195538717531,6,4,0,4
0.1302086558709697,0.6625087784642145,0.1937934930101481,0.3799270753739422,0.4318231178402159,0.0876211278360861,0.1872952847283571,0.7349542026259759,6,3,0,4
0.129611040413514,0.6578372468046064,0.1863731371392144,0.3753088275636416,0.4337672594545639,0.0856160858494297,0.1923319129128488,0.7338129071016954,6,3,0,4
0.1271716728469523,0.6552422283537074,0.1836842096580219,0.3740528680367872,0.4277429785653437,0.0986698652383228,0.1946998691207605,0.7359044102820482,6,3,0,4
0.7883886000375553,0.0760797645058555,0.831747669227844,0.2080353590920589,0.7801366321222177,0.6892987938969166,0.1151643912577949,0.4319991786802828,6,0,0,4
0.7977916494866456,0.1431030555814975,0.899518118337329,0.9568612810260628,0.1702008952439865,0.1019558960920044,0.7596551563969283,0.2499380490452721,6,2,0,4
0.7716190280816148,0.4883229901969383,0.4362772095195431,0.956959924531702,0.0840185193409514,0.7820947448025798,0.7349196757716183,0.6737823334155721,6,4,0,4
0.7668906960442216,0.481465994043119,0.4506742109159595,0.9811800409712544,0.0947073327616526,0.7934961061868758,0.7332417850978545,0.6787084210728265,6,4,0,4
0.7709231223589871,0.4888086334400628,0.4384229630896548,0.9566947280985376,0.0830575200793641,0.7832437783793935,0.7348933325866278,0.6754586981003743,6,4,0,4
0.2359492104905896,0.7064928625343311,0.3762193497533087,0.6458768533451954,0.1903094934206957,0.2524602577191053,0.1552412022130705,0.3518520632475777,6,1,0,4
0.1262799892859795,0.6612910079867125,0.1936290508801776,0.3759050046659145,0.4367354917844004,0.0928585813126673,0.1894437140396986,0.7355397573319427,6,3,0,4
0.7762221757722071,0.0677096341139532,0.8479410784073298,0.2129227624766922,0.7834072938621864,0.6774443147783668,0.1176963964230658,0.4336780356895242,6,0,0,4
0.7864811857064853,0.0631269897923436,0.8440052668379876,0.2069411943495591,0.7776585295608673,0.6734414108244101,0.1277360777279558,0.4241569621083896,6,0,0,4
0.7663617620576025,0.4866341014803654,0.4341930988442508,0.9603913137958314,0.0832473296251595,0.7861083206273776,0.7305887580546686,0.6776540467292642,6,4,0,4
0.773728040778902,0.490137691806096,0.4321819684865461,0.9548982893175358,0.0774007929375716,0.7816171231256108,0.7318850244098097,0.6799522988380777,6,4,0,4
0.7804387888039418,0.0694837232829455,0.8528599903561292,0.2004825659518219,0.781990146438074,0.6784665629371207,0.1175808701039101,0.4247160218172621,6,0,0,4
0.1302649377157178,0.6626060224244436,0.1915329855577782,0.3829012981066155,0.4314155170023509,0.0856000581707039,0.1930544843624546,0.7329160358121057,6,3,0,4
0.2306175997528393,0.7180947354350218,0.3827112184887395,0.6505268009897538,0.1969922702012447,0.2521532470700404,0.1490112592484255,0.358515269475992,6,1,0,4
0.7799822568646638,0.0694977921520189,0.8462391512254769,0.2080177816383821,0.7791601786047333,0.6866165094053472,0.1251918365054996,0.4236089150927079,6,0,0,4
0.7682324954926112,0.4884760738292593,0.4360823398472658,0.958071310038126,0.0828264408823085,0.7851211570399292,0.73505009927306,0.6766204821886834,6,4,0,4
0.1276636052419942,0.6633062589555433,0.1937381853115586,0.3798544908647517,0.4353852163257705,0.09175527048108,0.1886852626949584,0.7326227530709846,6,3,0,4
0.787756979939023,0.0694659920881012,0.8397088063774321,0.2058649037087358,0.7827223712545176,0.6847812912845755,0.1274883771117637,0.4215143537106535,6,0,0,4
0.7711502010583646,0.4880305224822797,0.4352382513177868,0.9583429033693786,0.0852534827866807,0.7851029244608816,0.7319786596591061,0.6734517199132933,6,4,0,4
0.7814246218790508,0.5327054049302997,0.4292661562758689,0.9825199841247726,0.0568801185173882,0.7451889607723855,0.7417968747487949,0.6611117962675749,6,4,0,4
0.7809690019258518,0.0700885957295398,0.8445036854214454,0.2105685206682066,0.7762318474930854,0.6854672080383378,0.1195437826854133,0.4285022847287119,6,0,0,4
0.1408308522952772,0.660420252815617,0.1800866645082208,0.3650516188156475,0.4423213591136335,0.0832618175542424,0.1883480052692698,0.7389788443668206,6,3,0,4
0.2307862466629368,0.703430831649211,0.3750527034573995,0.6495970745907116,0.2013496930492625,0.2369371679270958,0.1574163729375776,0.3356541677714525,6,1,0,4
0.7704558406944324,0.4866715991550411,0.4349822868564216,0.9604516583119898,0.0827677032673565,0.7835327530568709,0.7327121140794979,0.6760760855547071,6,4,0,4
0.7859588063937037,0.1314227883096465,0.9143701777594188,0.9639144610206956,0.1638800290256442,0.077179794507964,0.7472746143887551,0.2256279179838184,6,2,0,4
0.7755389709043753,0.078668808715031,0.8417049894338368,0.2049428308391428,0.784442144205439,0.6783605027228748,0.1239099909225261,0.4302513640585367,6,0,0,4
0.7749667756990873,0.4786973717618134,0.4460573321589526,0.9605257303593088,0.0905619632272986,0.7943505739582756,0.7272245770421958,0.6675011532419483,6,4,0,4
0.758397629991369,0.495214837850398,0.4336887069206212,0.9507939974528996,0.0723058978382898,0.7697823100238759,0.7465826892959307,0.6607191711012292,6,4,0,4
0.1291135981411285,0.660011647146521,0.192370481151769,0.3773986590727615,0.4367249521890974,0.0890993218327579,0.1902392345245673,0.73389210964927,6,3,0,4
0.7806642750564913,0.0715849798321223,0.8446228891621012,0.2081345411564164,0.7781965099855103,0.683737206233791,0.1222624516056831,0.4281698204524882,6,0,0,4
0.7825034990427314,0.0744797327094362,0.8430215532838035,0.2102751552537465,0.7801761253115743,0.681584350573849,0.1228104916680588,0.4273916516588574,6,0,0,4
0.785401332002023,0.0686400588301517,0.8395851740068592,0.2086723246345713,0.7831519165108877,0.6822484678491185,0.1281840502681561,0.4251029449606355,6,0,0,4
0.7818776117259857,0.4795519708285323,0.440183610750444,0.984007534867893,0.0633863388822951,0.7898252850892908,0.742726524847463,0.6973390900923436,6,4,0,4
0.75322959761956,0.4926271518170753,0.4380303212383035,0.9781285438484394,0.0980173234018225,0.8024157170787436,0.7544513332948215,0.6880204800043709,6,4,0,4
0.7798461177232763,0.080611889729685,0.8528729054896658,0.2017796015036344,0.7685761246203159,0.671789179727281,0.116866496250432,0.4208442157562291,6,0,0,4
0.7655508697739238,0.4807262822298214,0.4530104699307934,0.9614927861718876,0.0864672289906869,0.7811987059566279,0.7380169034214266,0.6794820331967655,6,4,0,4
0.1299560311254588,0.6573414308181084,0.1942101309025579,0.3778210128634031,0.4324416612202319,0.0867344454133994,0.1873720997711551,0.7368013526187089,6,3,0,4
0.7669871669175227,0.4872848314190396,0.4343300209889598,0.9583393482350804,0.0871450767630053,0.7822413837790185,0.737077575038329,0.6771835597607756,6,4,0,4
0.7850124071346166,0.0735983738620286,0.8407420740984379,0.2108683666634868,0.7805977160055337,0.6808244558497216,0.1259452822174549,0.4254828595066119,6,0,0,4
0.1326795137738749,0.6663959645305498,0.2059956788809486,0.3823457356803328,0.4461015821190998,0.0880674193487105,0.1829167580859261,0.7441402059929786,6,3,0,4
0.7812553653036765,0.067180384363733,0.8441505553491149,0.2057216206661235,0.7756346905160448,0.6774273074323176,0.1258338854903021,0.4234719332605407,6,0,0,4
0.7838550148285013,0.0727342211560965,0.838866968652567,0.2134122401100765,0.7852296862469615,0.6882361752674847,0.1139505870706409,0.4233591175036648,6,0,0,4
0.7703795227141164,0.4854493218004284,0.4380729776063668,0.9603656091533526,0.0828917364439554,0.7821154595933086,0.7365045511011842,0.6736605926183417,6,4,0,4
0.133402598712176,0.6607693320189949,0.1954892846097846,0.371818355590175,0.4339558231118526,0.0824872218067515,0.1936633463080629,0.7290702485410231,6,3,0,4
0.7830800641089777,0.0717599069545503,0.8421381016668836,0.2088311891170419,0.7796874877337099,0.682408696282296,0.123489269551937,0.4267128407206847,6,0,0,4
0.7874107099344425,0.0727146685639746,0.8517414763361092,0.2142553762263163,0.7789597014900685,0.6922654056057912,0.1214936847117166,0.4195076227277236,6,0,0,4
0.7755999812812367,0.4924570930995345,0.4309404615931965,0.961400297181456,0.0830511415930405,0.7865651787273649,0.7448161820075172,0.6648031279692804,6,4,0,4
0.7707229696791343,0.4868209110499997,0.4372509917332119,0.9608015442189676,0.0836921615155693,0.7804713687324367,0.7363372123713192,0.6753295773936866,6,4,0,4
0.7858448423355417,0.0714900502850494,0.8402038345509144,0.2124404631426354,0.7772698461364417,0.6851527131375341,0.1227368742571768,0.4275153615065563,6,0,0,4
0.7841594088169384,0.4815565567672967,0.4200711206081874,0.9435992503194308,0.0880980228927686,0.7628280955131994,0.7176353353985745,0.6679935985036738,6,4,0,4
0.7793798632026571,0.0692259004872942,0.8473535625317593,0.2121175908557042,0.7793224521341455,0.6800610567656239,0.1275801861226032,0.4292645996576406,6,0,0,4
0.7795486315950678,0.0727488704485542,0.844402110704397,0.2069610929787233,0.7763484070309727,0.679949179248527,0.1242987783298415,0.4269925731132497,6,0,0,4
0.7819393449101126,0.077329444067429,0.8474333655503061,0.2102320593372226,0.7824069576913337,0.677723901156969,0.1313078843921975,0.4281720781545239,6,0,0,4
0.7681029451939194,0.4696037603090222,0.4261320622562082,0.9613194234552472,0.0909049763380409,0.7824907631713257,0.7416771756056948,0.6625689962058107,6,4,0,4
0.7749150654944118,0.4910086579311669,0.4418298887684526,0.9578804915650756,0.0897922768942108,0.7832323041004877,0.730632166003467,0.6703016923516198,6,4,0,4
0.764441474910376,0.4993355315179659,0.448136826621801,0.9638607050027173,0.0898305663180955,0.7773373548725144,0.7308269152817573,0.6711057566566139,6,4,0,4
0.8041909830914356,0.4918288784600946,0.4213629519092926,0.9737120105270336,0.0929044648810342,0.7540843563385258,0.7435692995556321,0.7078306533600213,6,4,0,4
0.7625028978649495,0.4943591842937628,0.42909877744575,0.9649174017436872,0.091874956314584,0.7898938999627874,0.7458377139245871,0.6742921001491458,6,4,0,4
0.7909205312850428,0.0631553480744595,0.8354045401306378,0.2149208076718419,0.7724486674573369,0.6808186503308672,0.124556000572773,0.4206092314488133,6,0,0,4
0.1273884840979057,0.6577631246171397,0.1941276167875967,0.3762567412596377,0.4356817692672105,0.0875464851461251,0.1884615481242553,0.7342835318809859,6,3,0,4
0.1282102247848127,0.657269869778132,0.1959312750598655,0.3745043150357934,0.4350006562481103,0.0873011031197176,0.1868049028275723,0.7360662110720444,6,3,0,4
0.7713186509900509,0.4840293852905634,0.4358109664222725,0.9594815141113558,0.0823535132010809,0.7776379742464041,0.7385757623768057,0.6739827336199111,6,4,0,4
0.7667344067109143,0.4772218297873083,0.4343648684235672,0.9612235489524532,0.094495382510996,0.7905728566686812,0.7237306708999232,0.6797328238371272,6,4,0,4
0.7844207843130768,0.0684741079859441,0.8395935144665798,0.2045813877751562,0.7836880841153675,0.6850826401906491,0.1225006151170886,0.4224401409915799,6,0,0,4
0.7855831716586956,0.4740524233138366,0.4205190538047612,0.9562902097657204,0.070519573150535,0.7886433204429387,0.7286969216178414,0.6734634738222153,6,4,0,4
0.7854253968157955,0.0713994329558616,0.8419907966058696,0.2080887953056592,0.7766466804869309,0.6820447570835909,0.1223069745215548,0.4259670346282635,6,0,0,4
0.1272911962840425,0.6579413089220939,0.1948428304535689,0.3763937279067317,0.4358424532776637,0.0873297371077728,0.18808503870438,0.7343086745138548,6,3,0,4
0.7771461971669607,0.070578691699992,0.8394560071248721,0.2054142754940271,0.7796356974232205,0.6745523143089428,0.122457983785192,0.4207151231309499,6,0,0,4
0.7782654634606844,0.0655019973510306,0.8505746003486274,0.2010822808989268,0.7701139057638072,0.6725689059862632,0.132616632520769,0.4300761720502442,6,0,0,4
0.7885978140212504,0.4851196882695456,0.4535824702857343,0.9609460574422888,0.0733575516086927,0.8075852987771837,0.762346377663486,0.6430568868442527,6,4,0,4
0.7920516985967982,0.0768272800646477,0.8375328978524369,0.2066105559933315,0.7934697804905373,0.6797790390321614,0.1131364710910066,0.4157688768103931,6,0,0,4
0.7767901074531702,0.0702357164273402,0.8375981753907497,0.2122218227075183,0.7809731008471711,0.6873315743323252,0.1198809185972801,0.4244479302564727,6,0,0,4
0.791139747605888,0.0679538720949313,0.8466714338555467,0.214958722878925,0.7841313579911365,0.6888700183892928,0.1297917857090521,0.4224370489630162,6,0,0,4
0.7662256939586621,0.4829780515565083,0.4346971587223851,0.9598379124517732,0.0829451377841292,0.7790955527424681,0.7316719498640988,0.6732537702410242,6,4,0,4
0.7645542491076593,0.4879731209713814,0.4410482518108825,0.960936772577872,0.0828588609483993,0.7858646801914185,0.7305572303690302,0.6766676893282114,6,4,0,4
0.779194416665168,0.0681211989699781,0.8412577034024049,0.2047069722564379,0.7805925267367012,0.679771656617734,0.1253022408405054,0.4239983186355477,6,0,0,4
0.7817779239826478,0.0632737189774886,0.8466020340096972,0.2033170922756807,0.7725220326334673,0.6854127918696886,0.1287165734421166,0.4330735803417899,6,0,0,4
0.1249005811728116,0.6524738335081046,0.1885915689553245,0.3669162932289392,0.4274310236945048,0.0811561787946993,0.1774388864099466,0.728075663216679,6,3,0,4
0.762164901881171,0.4708379622233071,0.4281901192708185,0.977532774255926,0.0858755703330629,0.7684908879462654,0.7512599394165452,0.6610247561035564,6,4,0,4
0.762843152287618,0.4812681127686536,0.4420505515015151,0.9615642740158784,0.0807533774925693,0.7782631772858656,0.7350826782038044,0.672896132397012,6,4,0,4
0.7858469068290113,0.0715181999182919,0.8425762066392825,0.2106445311342102,0.7799617361423073,0.6792643243903428,0.1236078991521877,0.4220231730076162,6,0,0,4
0.1181079347795105,0.6565231786935153,0.192596582299717,0.3780035560539495,0.4484924268456779,0.0980269582759634,0.1811595616502818,0.7397668064802895,6,3,0,4
0.7671822852165322,0.4871968083462638,0.4358357740649071,0.9610137574770594,0.0880873786997595,0.7795452473566519,0.7376516161384208,0.6764378694753596,6,4,0,4
0.7776881737738986,0.4939238961508899,0.4459819051104853,0.9708982872539652,0.0834509370348987,0.7643932646924542,0.7487592382527708,0.6684808015159444,6,4,0,4
0.1224265595372738,0.6553583772450514,0.1936399952166489,0.3807482425843538,0.433763958372419,0.0916165692089996,0.1825663015348758,0.7299843697299733,6,3,0,4
0.7830310355898503,0.0699655211323003,0.8417012381565758,0.2072790238907243,0.7781295226687529,0.6796251561286087,0.1237652387119794,0.4249674096436805,6,0,0,4
0.7676809422791585,0.4876611908612717,0.4379978614913888,0.963164491297756,0.0854851272184016,0.7820539177778576,0.7376039287019304,0.6751063679079655,6,4,0,4
0.1270079959522059,0.6560706373842855,0.1956185485061933,0.3748603746117065,0.4358342501706505,0.0869883283176329,0.1873677420147926,0.7338028122485101,6,3,0,4
0.8109169242991702,0.1459962668568015,0.91021498326946,0.9674690435842288,0.1341882197304077,0.1031317861566251,0.7543946115200049,0.254803642291117,6,2,0,4
0.1276018107081061,0.6553155774514023,0.1976018765253382,0.3753756204646219,0.435570457571357,0.0843250442618177,0.1861306245198873,0.7347363818394641,6,3,0,4
0.7683750007293862,0.4900845855860315,0.4429634177394154,0.957143879060103,0.0822949318458805,0.787305100848629,0.7323523222182754,0.6788760202580658,6,4,0,4
0.7677906835199542,0.4853632579926514,0.4301742281254619,0.9558933028544416,0.0932964290091606,0.7764907758303514,0.7301655829357874,0.6754705943305761,6,4,0,4
0.7892911016922037,0.1474106074572973,0.8976308802450521,0.9763678871279604,0.1435078035581993,0.0859883722227875,0.7626871566759289,0.245871653004658,6,2,0,4
0.7855366158737845,0.0650655954053832,0.839498423887053,0.2113324732768162,0.7740239501062663,0.6815231238607649,0.1240763037588989,0.4265858709461428,6,0,0,4
0.7906577534914621,0.1437960488676264,0.8924458650264605,0.9778787152519464,0.1447561885134284,0.0857510120557356,0.7652753905681232,0.2432767445835769,6,2,0,4
0.7675451786242953,0.4857746722494257,0.4388149184221623,0.964175469193564,0.0867000787574206,0.7776958871423872,0.7392896233043491,0.6740924307643188,6,4,0,4
0.766471729393491,0.4874786780531123,0.4382674966068015,0.96047693465197,0.0855852562933319,0.7798507277634307,0.737801466680802,0.6765860323435842,6,4,0,4
0.7671748094635111,0.4848628927915788,0.4414795014113373,0.9662874216958612,0.0914240182424447,0.7836518570299137,0.7385451848978428,0.6774718403739907,6,4,0,4
0.7753074998831282,0.1356263650579801,0.8920020592166026,0.960474206782992,0.1417242118000212,0.0975423406733707,0.7575071165883484,0.2495671924988011,6,2,0,4
0.7827180111896731,0.0692664494238592,0.8402665107858376,0.1989534206837915,0.7775863803271336,0.6834970197682313,0.1120533100966609,0.4320996776692027,6,0,0,4
0.7841796220127771,0.0775138989208975,0.8471595065458783,0.1968896456432766,0.7831181812327094,0.6794188932682036,0.1232178739979764,0.4149068551466005,6,0,0,4
0.1148177706051691,0.6669326177613966,0.1959698124600309,0.3623023724986379,0.4420433859919049,0.0859125997150687,0.1853163788942045,0.7430897525999416,6,3,0,4
0.2377434058751591,0.7056363121517065,0.3761988543790961,0.6519376252300182,0.1890089873618041,0.2515741318188358,0.1601511546802423,0.3406137453977416,6,1,0,4
0.7809395299259697,0.0674025926427389,0.8397562185495105,0.2103978210382626,0.7779812865194693,0.6811417047052586,0.1257342065044319,0.4253485115581541,6,0,0,4
0.7834638954790716,0.0684701473337727,0.8426423816590798,0.2068676556621678,0.7773308492124245,0.6787659471273115,0.1249234925789941,0.4250010430376651,6,0,0,4
0.7470163327885784,0.4929189405000932,0.4588593399136677,0.9796258836272184,0.0969073733314158,0.8036995704543729,0.7497890081067483,0.6505634353981538,6,4,0,4
0.7746199077886309,0.4925688954632362,0.4365922490854516,0.9555544343153366,0.0958097863440942,0.7758313445105225,0.7326695176699912,0.6693046698902034,6,4,0,4
0.785354602286375,0.0679668055447474,0.8380776749612981,0.206383358812543,0.7787327754969993,0.6792131518865043,0.126116751229708,0.4261888187048103,6,0,0,4
0.1265726916375606,0.6584560738977904,0.2008295750455372,0.3736462049822706,0.4334766491558245,0.0805444206596755,0.1872057563183915,0.729957585572218,6,3,0,4
0.7797885030895786,0.0678238161449014,0.8368189691584729,0.2158123777830876,0.7816442360919839,0.6717774689550422,0.1201236645961936,0.4248376723333109,6,0,0,4
0.7920191518032774,0.0576843871106212,0.8531351907114091,0.1993306369005344,0.7771282813832588,0.6701011796247582,0.1240054304612991,0.4161152294275161,6,0,0,4
0.784024456176154,0.066214171640827,0.8377499832773991,0.2079918514689444,0.7767206549164425,0.6793450058016199,0.126834170804049,0.4221933212476831,6,0,0,4
0.7806074050962987,0.0699813815758985,0.8466460082138563,0.2024348663306816,0.7735045399304318,0.6814317316155555,0.1276471929670116,0.428739441665098,6,0,0,4
0.2462385825834735,0.7232004070717215,0.3800389038256045,0.6658328886361574,0.1974334309430386,0.2350266747226094,0.153723053384865,0.355669552845814,6,1,0,4
0.7683106761029425,0.4843905039333541,0.4365895370035958,0.9619004358304116,0.0879942060654874,0.7769137305218655,0.7379661256221093,0.6742509076253935,6,4,0,4
0.7829301882329972,0.0689911159808744,0.8410817679088385,0.2063280066492355,0.7775544484698144,0.6783247823099313,0.1236264521137654,0.4236319546179903,6,0,0,4
0.7923616890778838,0.0597662124872867,0.8551728417754025,0.2195562823454404,0.768386350227966,0.6921143766361799,0.1346862818384114,0.4176686922121503,6,0,0,4
0.7829960157606912,0.0685012218781615,0.8409267024699913,0.2060113076131447,0.7773828989254783,0.6779742160848267,0.1241681784130543,0.4230097523714902,6,0,0,4
0.7591088908253106,0.4619364549240666,0.4184762118558495,0.9677729007744648,0.1207709137876719,0.7502645056709523,0.7488968933523972,0.6673620182901832,6,4,0,4
0.126839773229604,0.6555228500553353,0.1983084508243487,0.3720226906480118,0.4355283976824293,0.0857850000197776,0.1890083401774095,0.7368904682796436,6,3,0,4
0.7852151268936526,0.0652708013645247,0.8464463286006266,0.2092740145020156,0.7778939985213378,0.6822544358453607,0.1240049825164538,0.4234492768252152,6,0,0,4
0.1324023566818531,0.6548979330236852,0.192478364301653,0.3741429288332851,0.4324670734163113,0.0904118885345034,0.1842266396616914,0.7407229173138802,6,3,0,4
0.7642492200913377,0.4794912031014284,0.438895142403919,0.9572271746916649,0.0885782370674113,0.786302815290177,0.7428384990767051,0.6689589608416892,6,4,0,4
0.7707855739406083,0.4938986972558974,0.4371132929894288,0.9626795329646376,0.102110449917011,0.7811340731060387,0.7456009994320013,0.6814224580297633,6,4,0,4
0.1255472226981937,0.6539336406958584,0.1976418176435554,0.3729999736963613,0.4373302561104402,0.0839330642239088,0.1871664465798592,0.7340269070532788,6,3,0,4
0.1228992337121566,0.6436885173946811,0.2088756715911079,0.377219657817868,0.44273684565297,0.0733129778956726,0.1930307841995541,0.744151808659173,6,3,0,4
0.7665847476025719,0.0696492916756477,0.8231437598674696,0.2230667187658878,0.7897574472701278,0.6658731617910992,0.1376884661859405,0.4154769300040601,6,0,0,4
0.7681076764369041,0.484526687822233,0.4370348627645584,0.96371385118726,0.0893149998749981,0.7781093729068981,0.7378209375676643,0.6748286588904341,6,4,0,4
0.78299121641936,0.067621753714301,0.8413015254559252,0.2052713611766088,0.7752831554822649,0.6769598879575056,0.1236618018576283,0.4215728839688045,6,0,0,4
0.7685527506709187,0.4842930524501451,0.4367468849670845,0.9643850418355544,0.0894222949310323,0.7774944005158325,0.73740469426158,0.675483125723994,6,4,0,4
0.2390448187382415,0.7170335477823324,0.3759069072094183,0.6493227175453706,0.1875084893982811,0.2340184616891142,0.1573464507781541,0.3509921834948064,6,1,0,4
0.2476019230690213,0.7085276461974092,0.3678102890003921,0.6501234719389303,0.1903323758142145,0.2393599382940503,0.1464924912536866,0.3308763779287449,6,1,0,4
0.7648124070618021,0.4881880190058019,0.4328800779349913,0.9581372935223148,0.0984856467547142,0.7875803127097459,0.7396321612584411,0.6652885943877405,6,4,0,4
0.7712380896753275,0.0438363621517119,0.8459509215432732,0.194989794390085,0.7830339660819898,0.6938666222773867,0.102603611923512,0.4354859963687991,6,0,0,4
0.7809344648299547,0.071420500375947,0.8370758932575758,0.2038000874853595,0.7802923283315846,0.6762358821176686,0.1258776731511794,0.4232626256488388,6,0,0,4
0.7552192415504917,0.4781211857206385,0.4480694794834955,0.9849005377764072,0.1007102186597956,0.7733330016203596,0.7310896155061224,0.6629304491709245,6,4,0,4
0.7690211523356637,0.4848820426333217,0.4335186872818766,0.9646277141163216,0.0919636008349062,0.7771805204574915,0.7338730214515521,0.6738991352448196,6,4,0,4
0.7651406756168107,0.4730322749303464,0.4356241845917624,0.9686427459127116,0.0910054559860377,0.7861613298668919,0.7450137447916658,0.6656243050081683,6,4,0,4
0.7746396900046965,0.4829049751671856,0.438033595756187,0.963633255273074,0.0978017976913343,0.7816654240019978,0.73004365457759,0.6724006077559884,6,4,0,4
0.7701103545159027,0.4757774906094526,0.4479953217499247,0.9737676384131876,0.0781932491074411,0.7820810975907603,0.7359660265677469,0.6558215334841216,6,4,0,4
0.7687804831194278,0.4835769967575853,0.4372808972440754,0.96492356273602,0.0895229314931125,0.7781873135248406,0.7382109373295794,0.6757313948811984,6,4,0,4
0.7851859487033608,0.0582342306196173,0.8421266925876775,0.1993194932488575,0.7743961571477428,0.6708219102668866,0.1242131754772981,0.4214007157469247,6,0,0,4
0.1187526996478227,0.6466778201934806,0.1969864979414803,0.3751205108181301,0.4315105217387698,0.0850764058035307,0.1835812271120171,0.7371457844933466,6,3,0,4
0.7696693076981083,0.4831913312698161,0.4401589044285888,0.9629434242641188,0.0945121848037031,0.7790306752236875,0.7349750197736139,0.6764371175596505,6,4,0,4
0.7804346773788154,0.0690964446472814,0.8393595028883943,0.2043158919284107,0.7750257751026232,0.6798012468581385,0.1215465526106017,0.4219220244920977,6,0,0,4
0.7751361731777485,0.075691664000333,0.8402193236126791,0.1982753123867268,0.7743536719222381,0.6722350033061126,0.129920346487084,0.4282928208311535,6,0,0,4
0.7703279530647327,0.4763230166121617,0.4459251800247886,0.9685704858696272,0.0995705525625693,0.7689850198081328,0.7302880734848234,0.6736869485808116,6,4,0,4
0.7877754459922327,0.4967714382076956,0.4486585779760034,0.9795465122903512,0.1007631794630277,0.7610872431105058,0.7358866981503388,0.6954033177282367,6,4,0,4
0.7717476117949424,0.4833270192695675,0.4279920745332974,0.9706989276300116,0.099167277803139,0.7724539862355655,0.7476732340383309,0.6670733983926156,6,4,0,4
0.7967148656942935,0.0790125459712442,0.8298704081356647,0.1995454245780921,0.7668283722767639,0.6740836860315019,0.1237898574478625,0.4092258298449531,6,0,0,4
0.7871598614007753,0.0741153536667928,0.840546839693725,0.2052468380844784,0.7807189328160657,0.6778848037363383,0.128352247186386,0.4140818006162034,6,0,0,4
0.783055456509692,0.0666454211144829,0.8405135364306198,0.2058989739631858,0.7761771132269777,0.6747195983389216,0.1263439989515764,0.421667378492349,6,0,0,4
0.780765627602358,0.0603919192854185,0.8457915569502579,0.2085233841615891,0.7698410002563388,0.6730910074906316,0.1283783633316443,0.4266272881985205,6,0,0,4
0.7834414677353926,0.06711729283133,0.8407637825838677,0.2036324878425887,0.775746574134207,0.6762066439350151,0.1238340102975267,0.4217431617067543,6,0,0,4
0.1256120010267996,0.6516325002196981,0.198533165968384,0.3705065651198536,0.4383103044542459,0.0846664816687668,0.1858251364056392,0.7330949225196648,6,3,0,4
0.7840423412697513,0.067159924043566,0.8395194209395421,0.2036238522674483,0.7769523250633191,0.6758660403914643,0.125268177218276,0.4211027142735568,6,0,0,4
0.7813502568522303,0.0666561045707886,0.8400745511119506,0.2007140220211707,0.7747356039321291,0.6782836415342135,0.122331030553442,0.4231323149567027,6,0,0,4
0.1289327937204386,0.6585939691992014,0.1996431448721327,0.3647913556951456,0.4317156693162901,0.0876553132042873,0.1869447459270632,0.7360693165907578,6,3,0,4
0.7855025560675486,0.0699837619781417,0.8419776676480485,0.205567855061536,0.7730651132817259,0.67394327663266,0.1217585915764432,0.4238328574539942,6,0,0,4
0.1267695727351437,0.6569489661451046,0.2019320612354227,0.3784389906666451,0.4310433859057857,0.0761799189412536,0.1790147763322681,0.7262165100332587,6,3,0,4
0.790983621519012,0.06157393724614,0.8511155732745814,0.2003646209645786,0.7858393363864993,0.6853454197667492,0.1180931414904699,0.4312543641404773,6,0,0,4
0.7805011591787527,0.0648534454786631,0.8417583473907861,0.2005506557895512,0.7768791351359448,0.6771891731839094,0.123472097022647,0.4183390764706776,6,0,0,4
0.7663854354935173,0.4793827630261818,0.4379791202877454,0.970633622520291,0.0956009382758566,0.7717866394027504,0.7416250765060192,0.6713934333360763,6,4,0,4
0.7821352220430251,0.0631209270370282,0.8421044720030668,0.1984250138838455,0.774753069290072,0.6710688591615486,0.1268535381256679,0.4215791235590867,6,0,0,4
0.7820821262536963,0.0667524828166176,0.8415171961925884,0.2048144941949676,0.7749992897920743,0.67691338569771,0.1241444392626577,0.4223841193223331,6,0,0,4
0.2349343751513656,0.7136903695380614,0.3667418098056457,0.6459719714822899,0.1907042465422456,0.2398594130316174,0.1510377487395779,0.3430590415287863,6,1,0,4
0.7829022960544352,0.0672499931960226,0.8430942212679117,0.203234697579615,0.7717211062051731,0.6746873347545478,0.1221561411575278,0.419576735326465,6,0,0,4
0.7624541277422262,0.4734861495023545,0.4376236905627365,0.9724692473428324,0.1041714022865058,0.7656580633881469,0.7461076236846094,0.6877322171186645,6,4,0,4
0.7721963300058516,0.4815614108801848,0.4482589208638419,0.9589747256427356,0.0855302875120264,0.7886300481616633,0.7501456838543793,0.6848667950556713,6,4,0,4
0.7831520565551914,0.0680357214137577,0.829561607121212,0.1966877143053297,0.7684071259875184,0.6649155262842479,0.1150539568242249,0.429085353429761,6,0,0,4
0.7818062799906765,0.0677525735493934,0.8395555044161631,0.1985166240249755,0.7793066840409094,0.6763015277761322,0.1257940454009973,0.4235324215782211,6,0,0,4
0.7777323625050264,0.0726899131499295,0.8445663687929784,0.1981050183946964,0.7784159161541466,0.6807939601822554,0.133520457050195,0.4241974456938469,6,0,0,4
0.1324183799693479,0.6589304805229588,0.1991733580201569,0.3721995842419392,0.4414383571755628,0.0914840353766979,0.1793108394471741,0.7274704031366636,6,3,0,4
0.7798817931238518,0.072047073192982,0.8454807567494184,0.1986159225138573,0.7814846286891824,0.6764474378468063,0.1232788630683127,0.4276388458600763,6,0,0,4
0.7848471180277775,0.0663759716204278,0.8383872029083074,0.2037818427755758,0.7754840435460864,0.6764969580211034,0.123373561227819,0.4211672022690916,6,0,0,4
0.230088812773234,0.7164100471021357,0.3862551845965854,0.6599793465154092,0.184857107516924,0.2585818202844008,0.1628955064473128,0.3449394351838587,6,1,0,4
0.7688501327520482,0.4742290935377801,0.4437271170638428,0.9556294423968318,0.0826272670840249,0.7651350783124924,0.7422129065481802,0.656452078841242,6,4,0,4
0.7606461398294111,0.4833178046480185,0.4387453887421796,0.957046814696566,0.0913433768582179,0.7634447335004864,0.7488283808182628,0.6744521737227774,6,4,0,4
0.7551635956838596,0.4659021358514467,0.4442412552042695,0.9746129318116724,0.0837671435723701,0.7590890241621098,0.7481927616791506,0.6609111832975,6,4,0,4
0.7903485140272875,0.0656540915870303,0.8355135367364,0.2050216703992655,0.766727827182446,0.6833585154840958,0.132848805348464,0.4139649126522665,6,0,0,4
0.7696921882589934,0.486867554079959,0.4474180097646267,0.9772324002895864,0.0919446753283031,0.7761755394271564,0.7372940537486835,0.6730906863031125,6,4,0,4
0.2379388502977852,0.7070078990008019,0.3772643872960239,0.650424061249202,0.1831656673372851,0.2444878554309379,0.1595649303282033,0.3365524435128403,6,1,0,4
0.7873106418693452,0.05556732037059,0.8549378046601115,0.2070944569359066,0.7780889932685771,0.6805778304710853,0.1266768093177706,0.4225220131741777,6,0,0,4
0.7766437970547243,0.0648974196448965,0.8441160619446401,0.1980107718529477,0.7737326041123044,0.6776245393338909,0.1222634287261536,0.427199851630691,6,0,0,4
0.7944998614150266,0.05169368238623,0.8286751947511067,0.2128791445829178,0.7778450981140391,0.6755931626680626,0.1063917940146164,0.4061633019605481,6,0,0,4
0.7757929718191704,0.4766440622594327,0.4377707722713217,0.967852100267956,0.0961759340648045,0.7709102502875839,0.7369598281219896,0.6682247820014549,6,4,0,4
0.7675712062210868,0.4833630401197229,0.4378986339295317,0.9651804946032616,0.0922488400298995,0.7758981133825267,0.7391202350964241,0.6743723920279944,6,4,0,4
0.7780515997452422,0.0587167780489457,0.8401810365474394,0.2046675828357852,0.7811767250759154,0.6809811283840638,0.1207546599426941,0.4201504456289845,6,0,0,4
0.12577101164546,0.6489884465921814,0.1999770554042101,0.3680758059012661,0.4378193718149435,0.0852261043683515,0.1846915427332335,0.733957393639098,6,3,0,4
0.119763219055445,0.6479493864641402,0.1992766673295689,0.3678897741870765,0.4313733354949737,0.0801524629316791,0.1908993445397433,0.7321493119454657,6,3,0,4
0.7618572589731216,0.4906890273632623,0.4462706517543189,0.96656385729029,0.0838950603254298,0.7650872835527065,0.7297791027296092,0.6728565836174334,6,4,0,4
0.7915197336990871,0.0772260989605744,0.8306245056645636,0.2001818644968869,0.7816002189617641,0.6659305197544949,0.1225367876225853,0.4212163385758891,6,0,0,4
0.7715327587343181,0.4789264506989023,0.4460949479811453,0.9654102261320237,0.0924422778889241,0.7709202545598312,0.7420707815110731,0.6703535225770515,6,4,0,4
0.7678093374596265,0.4818140053462348,0.4386699872177687,0.9666927479417246,0.0926493122157942,0.7741639653354793,0.7413152068995844,0.675063323046559,6,4,0,4
0.7607683318509836,0.4827546341935776,0.4276240423543447,0.9621314763900544,0.0948344741697276,0.7699703052311963,0.7391938111253582,0.6721817619793591,6,4,0,4
0.7803474912659464,0.0433638638335009,0.8565132881990936,0.1967867560258132,0.7549345895862837,0.6898048942737147,0.1136639284399454,0.43121379707389,6,0,0,4
0.1239981424749477,0.6482911785054198,0.1995771564784388,0.3710870644630779,0.4403194296254893,0.0850859042425392,0.1864985585620268,0.7310069184883929,6,3,0,4
0.1263987821973314,0.6511436303546155,0.2003078830818108,0.3685301391258213,0.437596548173121,0.0841594204352248,0.1826464955555581,0.7361687743107471,6,3,0,4
0.7807075449267342,0.0675889476793366,0.839931356542846,0.2060522228634149,0.7739487600784193,0.67642486123903,0.1262781835521838,0.4215176872976107,6,0,0,4
0.7846494037467828,0.1334572239376331,0.913315846300922,0.972686696578803,0.1566663460518342,0.0979729547049753,0.7452474280082779,0.2324244980123592,6,2,0,4
0.1279133715581069,0.6542889666188421,0.1970485433485554,0.3660532557823595,0.4377776053163849,0.0855545706339274,0.1806924438512063,0.7336117683023087,6,3,0,4
0.7953177459027809,0.066947757631291,0.8263489243504519,0.2122586823771154,0.7702121436067073,0.6747035466897974,0.1277030972532474,0.4071676262561519,6,0,0,4
0.7540843248691278,0.4802615302813372,0.4375323860926075,0.9745554684132044,0.1060852670142122,0.7852494288624463,0.7246849787129805,0.6612030470113286,6,4,0,4
0.7674416456647956,0.0737337844759289,0.8580185228299493,0.2029319373548541,0.7704461553511668,0.6667996531783784,0.1179604834550733,0.4218365760190403,6,0,0,4
0.7854070483179098,0.062237482094922,0.8375412663020775,0.1990202705746967,0.7769028575765086,0.6725938331260556,0.1234673633177717,0.4174426784467109,6,0,0,4
0.7685889755796841,0.4863339399938367,0.4322170940450363,0.963004243490174,0.0979953376982557,0.7741807022867954,0.7420296492168795,0.6779811339603918,6,4,0,4
0.7603498346475547,0.4782500976935799,0.4418228048670593,0.9616117160754076,0.0869278771328721,0.7794686990683896,0.73900198064281,0.6764274815076231,6,4,0,4
0.7841154295949744,0.0600076233213279,0.8439482191184833,0.1986518446077111,0.7690855627995851,0.6690700021696881,0.1198206527413534,0.4136662084880561,6,0,0,4
0.784066522613317,0.063729938809182,0.8387821599888976,0.2005972592211328,0.7750861985214851,0.6743947116343731,0.123739242975103,0.4195021259463407,6,0,0,4
0.7691285286439724,0.4787812265232645,0.4310966657767115,0.959717831291036,0.0879889358022572,0.7708256710547426,0.7474064764859666,0.6707653541916506,6,4,0,4
0.7550086721976508,0.4713924272534844,0.4356936862181575,0.9699139205648946,0.0943771782387832,0.7710732514649252,0.742965379685702,0.6798081501312556,6,4,0,4
0.1238667182993027,0.6468238671015544,0.1981047134445138,0.3714351425873747,0.4428927554462037,0.0779706583073052,0.187364041091874,0.7343433085863589,6,3,0,4
0.7817140498380176,0.4793227581781095,0.4266540204717007,0.9492542638807684,0.1182437916261929,0.7513303902205255,0.7238200470432414,0.6738976155648239,6,4,0,4
0.7689339197103437,0.0670846777305298,0.8482937184062835,0.1990733140821717,0.7742412111576839,0.6815973532534176,0.1315547520393313,0.407233214950746,6,0,0,4
0.7742144616028496,0.4722582864034526,0.4311396752717564,0.9666074251045044,0.0891585954553189,0.7661792529842626,0.7474142546515925,0.6784847248866801,6,4,0,4
0.7701975157812686,0.4751581009953123,0.4475753816101054,0.9847626785739244,0.1038170921427676,0.768117930661491,0.7393809381045003,0.6587372974609078,6,4,0,4
0.1263864586124986,0.6498165454581347,0.2002770250278955,0.3678169885142114,0.4388415258841546,0.0826363783028459,0.1830836626856331,0.734855107457966,6,3,0,4
0.7822121088791472,0.0637731259433413,0.8406330322625286,0.1999897695598726,0.7754985047870531,0.6733497933553367,0.1253662925065917,0.4195146825901549,6,0,0,4
0.125067792309217,0.646227401700527,0.2017666356136465,0.3702501715623102,0.4356503864235839,0.0826097706841587,0.1812851049438053,0.7357876378820256,6,3,0,4
0.7836020672833757,0.0637361083524625,0.8390784465202832,0.2009337741948653,0.7745066696933038,0.6731639112577984,0.1246010494357503,0.4189347233078059,6,0,0,4
0.7834790937673084,0.1353949552362029,0.9117959536163112,0.9828761924295876,0.1509410713524965,0.0876376401411047,0.7563300140782279,0.2335193156047756,6,2,0,4
0.2449801430167438,0.7084452572516867,0.3766296287105224,0.6511358173352804,0.1842002220422286,0.2448203019557198,0.1522850321598849,0.3397292373587769,6,1,0,4
0.7780999825110402,0.0690540756803828,0.839187436441169,0.1885936651994253,0.7683923738105987,0.6693570645531167,0.1129154956354125,0.4321828748031828,6,0,0,4
0.7668715151050709,0.4818336525297847,0.4375062574257451,0.9683129788299684,0.0942508053254785,0.7732601106969488,0.7411703324078902,0.6744746170429413,6,4,0,4
0.7668545288835882,0.4817615014943436,0.4375390129913681,0.9680781067363172,0.0941433083581476,0.774454267175075,0.7420375761898209,0.6745888935358898,6,4,0,4
0.787138747472008,0.0585768639147813,0.8402213616579137,0.1957686799324118,0.7737515243746386,0.6700483059936829,0.1206763565684611,0.4168913013457841,6,0,0,4
0.7639292144196793,0.4628890985016887,0.4314361157655718,0.9807615200281232,0.110746947831615,0.7643110495206362,0.7529670708600441,0.6699077205141664,6,4,0,4
0.1287764586356952,0.6486709131753949,0.208783061940114,0.358984944650342,0.4368401398389726,0.0773264198952249,0.1869782492641901,0.7339640747818387,6,3,0,4
0.7843297978395946,0.0653961617060529,0.8429159047059779,0.2036049036986586,0.766563307522798,0.6759984596230042,0.1238284855823452,0.4181291237025968,6,0,0,4
0.7834407872257914,0.0620244884208118,0.837940386120318,0.2009232197259136,0.7726280400769037,0.6724858561629868,0.1244719711771518,0.4200458504043695,6,0,0,4
0.7789654379956944,0.0560923304652237,0.8300195547467278,0.204847192284591,0.7770420384249355,0.6598189172326039,0.1290120077950252,0.4264986022893618,6,0,0,4
0.7708686345450173,0.4803896791073649,0.4329153630790507,0.9655527080335302,0.0974815362395015,0.7764132256385542,0.7386802496307641,0.6750861573377457,6,4,0,4
0.7998445744100644,0.0522780974830658,0.864645706083743,0.2116571198925504,0.7845486137368295,0.6607754539486271,0.0996194791162121,0.4156977666103706,6,0,0,4
0.238972643043854,0.7060452577773331,0.3739559436925415,0.6600893353163289,0.19087945131895,0.2345343336856959,0.169961775475198,0.3479384376611922,6,1,0,4
0.7631665616117846,0.48518623494658,0.4387333654542742,0.967322462818406,0.0956506218044108,0.7750774776921524,0.7386416052447226,0.6722246945717749,6,4,0,4
0.1364588705174595,0.6469673564188326,0.1926606852634559,0.3601897097023258,0.4451735501060701,0.0746475451929618,0.1823648006925557,0.7344964670177596,6,3,0,4
0.764917445872032,0.4902481608446166,0.4487893536932821,0.9774753008714426,0.0818527355318705,0.7739102917764237,0.7450459687260425,0.6823591421461244,6,4,0,4
0.7868831296538399,0.0608374260902607,0.8403828435565738,0.2040429440668062,0.7709548300596811,0.6732307599824597,0.1205819761287047,0.4224373256953922,6,0,0,4
0.7749543517814391,0.4722812533502047,0.4426132446930866,0.97109421210226,0.0862355332946664,0.7709155277227294,0.7360609872009877,0.6623338133001135,6,4,0,4
0.7683327168520823,0.4829655490873307,0.4383935840611129,0.9712561992215408,0.0958380750655166,0.7731807755199707,0.73943415923672,0.6723545214057661,6,4,0,4
0.7660727434989006,0.4814950855705345,0.4355717076662029,0.9723866001143838,0.097446459278919,0.7693495589633426,0.7386975053631477,0.6732438027984297,6,4,0,4
0.7618461880625199,0.4901965669395158,0.4463327777283307,0.956732225500702,0.1033912878785871,0.7868373147973267,0.7537749424201028,0.6656498156219369,6,4,0,4
0.7559854616095115,0.469803515218004,0.4256151963692818,0.970552082376496,0.1048685830292528,0.7728020942889063,0.7366492324986756,0.6854913510343126,6,4,0,4
0.7845275052322365,0.4867783610433287,0.4289060607825128,0.9930009153347394,0.0889344644549764,0.7609254361682488,0.756261243608422,0.668143496559357,6,4,0,4
0.1230936311999461,0.6461507082732899,0.2032392092949909,0.3638103550170836,0.4387973797063165,0.0823861480885608,0.1847632648711371,0.7357973395420953,6,3,0,4
0.7945268555432102,0.1329348495810922,0.9060577193923364,0.969633249035304,0.1446331205339367,0.0877026733418888,0.7597117446674587,0.2417154735392836,6,2,0,4
0.1252669346348293,0.644973674977898,0.2008867762760516,0.3676359983338942,0.4425684938712084,0.0841079654928785,0.1795921514079719,0.7357731299408171,6,3,0,4
0.7841742688977641,0.0615429868528201,0.8397838059257671,0.1987563084386507,0.7743828972909478,0.6728696610341426,0.1260855246472225,0.4184010929880382,6,0,0,4
0.1228820055338649,0.6492464012832857,0.1992843156153853,0.3691348343474553,0.4423398172669934,0.0818851226668967,0.1861035821228264,0.7336156110727384,6,3,0,4
0.8012648587299861,0.4453711901029022,0.4011632294435672,0.9572149635723266,0.1185951260803893,0.804818767408886,0.7074313325328766,0.646987076320335,6,4,0,4
0.7709826889981134,0.4764108797116639,0.4400102147181993,0.9690455646202916,0.0923384072626063,0.7682131436396573,0.7440401056680952,0.6726023555245063,6,4,0,4
0.1255582124608392,0.6479769031018495,0.2017959008844225,0.3657254078910378,0.4389999495295662,0.0809522304635769,0.1819633747710253,0.7348370295397456,6,3,0,4
0.1249348745759488,0.648140949444571,0.2018982644149451,0.365799047331408,0.4393431260687003,0.0803717789067266,0.1814902886215989,0.7353848306449583,6,3,0,4
0.776428219811825,0.0568592926994737,0.8427992117796297,0.1988042180814636,0.7714075394391139,0.6681783206343367,0.1264516886397001,0.4105968764544473,6,0,0,4
0.7795764835302935,0.0668969242365377,0.843341630326352,0.2046356981855866,0.7693705688941896,0.6653640790764423,0.1205210352078689,0.4154016131221253,6,0,0,4
0.7665101479561788,0.479062587917459,0.4370287497758907,0.9682413786621512,0.0969270223264993,0.7731274235190518,0.7427131493844024,0.6757502606567123,6,4,0,4
0.1264124991828996,0.6413793477934879,0.2067175870315908,0.3644387776907752,0.4421390726785323,0.0748545071960011,0.1793459045117465,0.7337728396561279,6,3,0,4
0.7694863221105679,0.4855370610625789,0.4311165861283575,0.9671966184047393,0.0950191970648804,0.7740354013925006,0.7410946516391993,0.6722051210273294,6,4,0,4
0.1248592159657118,0.647456167257109,0.2029272660192201,0.3664722176009279,0.4398110349628094,0.0803499944244141,0.1812328840093182,0.7348648424650472,6,3,0,4
0.7913698246800512,0.0629842574823744,0.8334616654980918,0.1933524271355484,0.7733172195072227,0.6692064675815408,0.1152026503810111,0.4147252022460844,6,0,0,4
0.1310388816040593,0.6484801986661927,0.2072231180492908,0.37061407315911,0.444708003229209,0.0766962682182886,0.1784234147691955,0.7308428975751676,6,3,0,4
0.7849553995856196,0.0638699460704638,0.8361927805826632,0.197554176907208,0.7719198514407473,0.6736811684318593,0.1245294166825416,0.4164383766083647,6,0,0,4
0.7868459676578642,0.0590748788946297,0.8377936166433155,0.1955385459345991,0.771247067883505,0.6739876631435259,0.1273774426933079,0.4191679700735264,6,0,0,4
0.78878877496749,0.12885576071866,0.9144433147716092,0.9657147717830356,0.1398550100431699,0.096758178439171,0.7546954995542132,0.2342316654391382,6,2,0,4
0.7886164801179902,0.0579907050312305,0.8506183108885027,0.1926037036530306,0.7653705517474301,0.6639307934267595,0.1156154454661395,0.4063840919147353,6,0,0,4
0.1362709651420842,0.639038417101312,0.1940359860468744,0.35389257322919,0.4364552919210698,0.0907914730860533,0.1915815747284115,0.7242020676550642,6,3,0,4
0.1311433589559424,0.643318692978166,0.208044051210062,0.3665252024923729,0.4371152907344263,0.0868540498009702,0.1822519473851628,0.7264151125237,6,3,0,4
0.7685193503144017,0.4775667478591904,0.4388304861453679,0.9679837055405932,0.0973876734505048,0.7720493582154184,0.741702441447581,0.6721434100714101,6,4,0,4
0.7690540946519463,0.4768156520912912,0.4378616810926674,0.9725931973997706,0.0896711899474217,0.783025108308833,0.7540921261459391,0.6724530585779279,6,4,0,4
0.1253080991083479,0.6466324475766556,0.2020718559493328,0.3642542839303788,0.4385312807373903,0.0797883479555046,0.1815161352596257,0.7346946217510257,6,3,0,4
0.7834790839759366,0.0585292940535143,0.8359684158334258,0.2008844018778351,0.7720905482221845,0.6728619501440782,0.1280535036307955,0.4193397861542166,6,0,0,4
0.7846818695379436,0.0614456660471894,0.8372742965182809,0.198028637001222,0.7723408957111629,0.6699639803405446,0.124429143812447,0.4159326448596275,6,0,0,4
0.767628001997106,0.4964237458218344,0.4188861753584988,0.9605962256571244,0.0862645103742363,0.783292673324028,0.7450311671861914,0.6923272052977533,6,4,0,4
0.7638828379079581,0.4743295069558919,0.4378183541165227,0.973544962289134,0.0915363215187594,0.7661147028224142,0.7372806295628326,0.6796809475115598,6,4,0,4
0.7448399998488161,0.4716699575747898,0.4353325708324488,0.987951633207235,0.0993817587091161,0.7852693608909066,0.7247016716687195,0.6720573761898989,6,4,0,4
0.784246713326534,0.0628046709013082,0.8374098859953683,0.1956966510299986,0.772311491166549,0.6713677202397387,0.1270668440315953,0.4177828915620237,6,0,0,4
0.1185014429464614,0.6414691687645272,0.2088866021672655,0.3601386703213893,0.4388005326234392,0.0799373716183047,0.1837409430997991,0.7287263067252048,6,3,0,4
0.7897847900111488,0.0633577853301148,0.8337864505286247,0.1988597298909485,0.7735005328499872,0.6667574435746152,0.1286518857673248,0.4136193497747188,6,0,0,4
0.7859528818359393,0.0608410242696928,0.8309261368067745,0.1992311129391255,0.7648679130247323,0.6724671085454926,0.1233355581817952,0.4127924959966842,6,0,0,4
0.7677402388938268,0.4781104501185344,0.4375717109217838,0.9710581442712352,0.096982291242045,0.7696402687898383,0.7434973409784962,0.6759772145159513,6,4,0,4
0.7815897612271993,0.0703029344651412,0.8363702923252494,0.1984582547858754,0.7738687272161308,0.6691036150573387,0.1283783538462145,0.4180353448963824,6,0,0,4
0.7798882795643345,0.0650808529975549,0.8351594399353534,0.1974097203959294,0.7788248378939319,0.6731248592714805,0.1201130563504834,0.4171630020405097,6,0,0,4
0.7665908586671247,0.4781379319731025,0.4383687705490304,0.9689433041168556,0.0986803140102837,0.7725609410910821,0.7420637378781008,0.6744361074678721,6,4,0,4
0.7985197202088331,0.1353618827674626,0.9078730239680876,0.9691260404228412,0.1399456311290439,0.0883287879527301,0.7615700750620573,0.2348048259865506,6,2,0,4
0.7916258136567468,0.064225453152622,0.8308539375528885,0.192986925743553,0.7774914574410684,0.6752240319434781,0.1190840087612376,0.4100748187629016,6,0,0,4
0.7633672787239003,0.4755781863832841,0.4397305242658823,0.9685541762076032,0.0972960186023792,0.7725371380847942,0.7426399745533951,0.674433854435306,6,4,0,4
0.7655671636056722,0.4792991770198201,0.4366139172889936,0.9710231121589956,0.0987303517885852,0.7712245335239021,0.7434656437947544,0.6747280123211884,6,4,0,4
0.7702212630473992,0.471958078680873,0.4380876152836914,0.9589852794805668,0.0908362802179993,0.7659209408507901,0.7573800947810888,0.6853717351306319,6,4,0,4
0.7649049836989321,0.476692907192351,0.434569505814131,0.9722536600828904,0.1013995537200462,0.7694526618596917,0.7410195723893688,0.6763187724939967,6,4,0,4
0.8013580443038693,0.1368942910535636,0.9104110885180688,0.9635079088683322,0.1483137303594441,0.0879200716680725,0.7523639395338266,0.2416872600876904,6,2,0,4
0.7574511543799362,0.4572542997431351,0.4204247146828656,0.9735496508469136,0.1186483058512894,0.7414255967700659,0.7643615672862025,0.6935439240323784,6,4,0,4
0.7870954458193082,0.0633671198671233,0.8349123443282375,0.1933582827048179,0.7712271455343143,0.6675597617482765,0.1274702218100212,0.4138478348195561,6,0,0,4
0.787950353810456,0.062961539478052,0.8330176513402303,0.1948489436605031,0.7716878907906596,0.6674812578384293,0.1241791628809659,0.4136767731432849,6,0,0,4
0.1210365557184688,0.6408835899945112,0.2057663857920884,0.3633681452690511,0.4379639935566966,0.0771966417225729,0.1772543981075314,0.7322171489586035,6,3,0,4
0.7952683476818343,0.0489194997947469,0.8389751681982527,0.1913790689088413,0.7810414262053063,0.677886966489644,0.1320156541064898,0.415676246537077,6,0,0,4
0.7754036614065166,0.0604857219894343,0.827995838377318,0.1936804607980591,0.7719109723313985,0.6638521634181881,0.1297370840153325,0.4139390375000128,6,0,0,4
0.7727573647903057,0.4968562294531911,0.4569796033963352,0.9533934111475552,0.1031243422211149,0.7915836486744328,0.7375049080982286,0.6914334323111063,6,4,0,4
0.7919577127835778,0.0478430551500864,0.8356883110980253,0.1842586809843754,0.7630559370928065,0.6734055925352721,0.1338937006618022,0.4138113042154355,6,0,0,4
0.1260455171398819,0.6458724838729696,0.2033778466157264,0.3654976307191661,0.4394915791689086,0.0791543661586537,0.181153659109145,0.7329272151000392,6,3,0,4
0.1218833314153235,0.6459276225562065,0.204188092069334,0.3654855710001027,0.4384962254299837,0.080104597599542,0.1773573047487554,0.7325492983093643,6,3,0,4
0.1242321358570313,0.6455244320343636,0.2036260336932048,0.3631790924049483,0.4400756848868756,0.0811516473565603,0.1816367656811381,0.7356967643606359,6,3,0,4
0.783454778695819,0.0590712137309484,0.8369802965390598,0.196003675378749,0.7720227871858609,0.6692850304529846,0.124492867648301,0.4160709792555112,6,0,0,4
0.7860251284634848,0.0607491997316256,0.8328970618364957,0.1877960094412542,0.7671536675835794,0.6656092909333942,0.1180275559076252,0.4194269142062184,6,0,0,4
0.7647226739308112,0.4778449866244272,0.434490342451415,0.973214401599538,0.0998125183158364,0.7670911824171305,0.7417178583534175,0.6776520764671604,6,4,0,4
0.2560659966090884,0.7092930774479921,0.3696527665675122,0.6513584011184161,0.1731988439203505,0.2352272127433725,0.1598554415056675,0.3364212159013343,6,1,0,4
0.7650855057186654,0.4760627575856547,0.4406142778041188,0.966433557973288,0.0975719722002263,0.7758547195404303,0.7413187675479913,0.6770690525426835,6,4,0,4
0.7830942409561669,0.0586452879289409,0.8366681788213576,0.1972877177636375,0.7717871126725437,0.6677792152548716,0.1268885296755858,0.414611361444329,6,0,0,4
0.1261156980279201,0.6413593349548565,0.2037445623448667,0.3660007181068898,0.4358150318698072,0.0786157614199869,0.1764298832074519,0.737495243515589,6,3,0,4
0.7659559156087101,0.4784752296408918,0.4376779149446452,0.9716458220402932,0.0998815557726146,0.7700317226186945,0.744804085741793,0.6746872577823784,6,4,0,4
0.7727457810194289,0.0491555873858638,0.8356541140437869,0.1983516461420409,0.7729877592150988,0.6776915174135754,0.1198539777255229,0.4167032636000822,6,0,0,4
0.7823246523774001,0.0635449897470151,0.8298476667951737,0.1900800919925822,0.7713976590510438,0.6658376319251456,0.1198928154750977,0.4110161039322909,6,0,0,4
0.7811372090608439,0.4789483150151989,0.4351540995499276,0.9649327384850916,0.1127610549635489,0.7545446131767387,0.7558298857592397,0.6646806721235118,6,4,0,4
0.7684100512171255,0.4682945708533625,0.4347609113280772,0.9814239909608472,0.0857215707162694,0.7758425049632466,0.731549062386677,0.6840465728489579,6,4,0,4
0.7682783489538135,0.4574136542733079,0.4212321602954639,0.9570112470946774,0.0879423663683839,0.7940311778476905,0.7227926901695241,0.6826295478906524,6,4,0,4
0.2412728926097798,0.7192144942539532,0.3645598163561288,0.6319408220502143,0.1650065080252199,0.2515179464454469,0.1699038843242983,0.3073446241363967,6,1,0,4
0.7880915271444019,0.0587671482607381,0.830752715124085,0.1883000607648838,0.7651427767176721,0.6594349311704096,0.1287864804926999,0.4164959541202804,6,0,0,4
0.7910424105452543,0.1395440704773462,0.8971845024285541,0.9735481898286706,0.1434898449098706,0.0948103241566611,0.7739369863164481,0.2294647336853156,6,2,0,4
0.1242322824466696,0.6447311699438646,0.2051529847547143,0.3620072642206817,0.4403431452741724,0.0789469234872843,0.1803033970206646,0.7353148862815883,6,3,0,4
0.1218226888812177,0.650750832382699,0.1973978299144426,0.3636314173035521,0.434491564283899,0.0718670967017584,0.1874760800978692,0.7270689482337066,6,3,0,4
0.795568640174749,0.0462337836025509,0.8316669375325572,0.2027015989358315,0.7701045167013442,0.6650438499348107,0.1361305788119579,0.4224054174758711,6,0,0,4
0.8139854326228467,0.1304850436602801,0.9163100160834232,0.9687958708452336,0.1500259408327904,0.0746881902330724,0.7687871502895097,0.2377393003090618,6,2,0,4
0.7566983871169225,0.4790949869004409,0.4341103488218886,0.9712676803528878,0.1075047014994938,0.7658949506274131,0.7429961624672673,0.6812353120334156,6,4,0,4
0.7842294310701572,0.05933141103865,0.8369457957399143,0.1962750282437753,0.7722957524880875,0.6682062373139702,0.1253947295809431,0.4143695553541503,6,0,0,4
0.2298546293970312,0.7203882374215871,0.3709086094892068,0.652397467783638,0.1859732290761486,0.2293676876321617,0.153590209823111,0.3301229712582269,6,1,0,4
0.125787927928431,0.6436301365161479,0.2043311392360299,0.3632544450229359,0.4412526234130311,0.0766200447313988,0.181161532698508,0.7353042545989856,6,3,0,4
0.7770150081103399,0.0634996743006775,0.8401482784993742,0.194862199669453,0.7787254602139195,0.6661061891686784,0.1277916298510322,0.4122746583383074,6,0,0,4
0.7829555477784887,0.05752624035199,0.8379962050059591,0.1973683335136253,0.7717692105126689,0.666028252382783,0.1232363683168633,0.4153693722431449,6,0,0,4
0.7599545199441152,0.4699175094799684,0.4314991345152075,0.9815661421144494,0.0986794182225365,0.7735148471943535,0.7389449303791621,0.6661491773310636,6,4,0,4
0.1283252545480312,0.6477983190773644,0.2070764129818139,0.365534090517856,0.4385740431523909,0.0753792944101458,0.1759555562210742,0.7377159630817711,6,3,0,4
0.1336726781546209,0.6451025102462761,0.2092516025519435,0.3648538610570356,0.4435162739326279,0.07669623072616,0.1735792110716209,0.7339258034320097,6,3,0,4
0.7484030336895381,0.4922585389234521,0.4339740370191882,0.9758694992671632,0.1137248349835732,0.7735451333157412,0.7440813919555054,0.6852767372891967,6,4,0,4
0.7693613445774452,0.4838637698355925,0.4437137969060151,0.9687375278176916,0.09210748095805,0.7722924775732624,0.743274986370835,0.6687264481228659,6,4,0,4
0.7789853420264701,0.0483349470736843,0.8390603002652063,0.1978998253153726,0.7724235647301881,0.6550966166851211,0.120050296383276,0.4012258611610734,6,0,0,4
0.127521041214805,0.6411596364516603,0.2012275337597658,0.3593916263360048,0.4366842692322553,0.0766385291381714,0.1830632508123069,0.7381408016256282,6,3,0,4
0.7782727573452934,0.046629333991173,0.8452280843322829,0.1827761639785412,0.769201725139621,0.667426917064611,0.1347912019593137,0.4231743726842359,6,0,0,4
0.7873447087998254,0.0548113555476243,0.8334450877566775,0.1975590250588342,0.7729910240235075,0.6637318582111339,0.1221691848307319,0.4163308291118693,6,0,0,4
0.7839839085989708,0.056920751652555,0.8308704449002435,0.192940016425424,0.7667540047173528,0.6724233019779029,0.1243909484770714,0.411487587015882,6,0,0,4
0.7719189335701476,0.062731764453322,0.841616473253973,0.1997933985302509,0.7619109514356419,0.6726832454182413,0.1181227732278261,0.4182534813839798,6,0,0,4
0.7737679434265902,0.0507948676846268,0.8352418190682169,0.2082615505710589,0.7803414489743729,0.6618102456551875,0.1300435578586329,0.4164602822155245,6,0,0,4
0.7672752245679916,0.4787098479248506,0.4394004238209478,0.9724609363505206,0.1025485476492246,0.7716365029245507,0.7421895281427309,0.6720053300509579,6,4,0,4
0.7869684938233795,0.0641968853237582,0.8347972136959868,0.1869493310369498,0.7845048969704944,0.6594810824699133,0.1362704141968825,0.407181079849055,6,0,0,4
0.2494598902807282,0.7121807566712577,0.374981239064208,0.6547762398998507,0.1779188710713228,0.238958462031763,0.1517913129244697,0.3325180178088611,6,1,0,4
0.7842614140459736,0.0579331046495528,0.836717703407359,0.1949421112182356,0.7713263046098345,0.6671309009143679,0.1250521343426905,0.4138105906590528,6,0,0,4
0.1232136628295115,0.6383961922717062,0.2038049410356763,0.3690937184176688,0.4469336610605142,0.0769702359024402,0.1829776128649891,0.7424678177109502,6,3,0,4
0.2502316203486086,0.7022875178343673,0.3656317154063387,0.6670202907437124,0.1686700344335304,0.2333454704214883,0.1460842865758181,0.3342196973499894,6,1,0,4
0.7467779702716437,0.466827576286596,0.4341180297895166,0.9590961179184386,0.0943997385751745,0.7720194425278123,0.7378376528281003,0.665740376791402,6,4,0,4
0.7696121484765167,0.4776947809106388,0.4413295260607668,0.968134546169034,0.0973282616159805,0.7731122010789969,0.7470888307470444,0.6741066107387325,6,4,0,4
0.1239604893629014,0.6445598174490208,0.206334207433595,0.3619916069081592,0.4391989629762735,0.0760027846625434,0.1777222586073999,0.7342663664346719,6,3,0,4
0.7754602251662918,0.0511190589392942,0.8415960239656876,0.1896311524142436,0.7785984450527016,0.6659515174216685,0.1208548509183046,0.4178407537974135,6,0,0,4
0.128275694034588,0.6511440619011504,0.2126396079517784,0.380510778171043,0.4434342139557855,0.0790458267317675,0.1998177108058386,0.7244085074180732,6,3,0,4
0.7635809400327579,0.4811259205166068,0.4421644867005858,0.970143808750049,0.1034697060968331,0.7699794444348979,0.7451975711906493,0.6782866266673244,6,4,0,4
0.1298273808808404,0.6363639564207705,0.211678654227436,0.3602679147082356,0.4418631772271327,0.0710014163575647,0.1841314884864414,0.7367205940426916,6,3,0,4
0.1313450992340215,0.6353158595991167,0.1997207878943598,0.3558352707399331,0.446041722331506,0.0814015080780232,0.1829118178421685,0.7424542802022127,6,3,0,4
0.7564655935964039,0.4630663539619936,0.4221609365236705,0.966469319535882,0.1160814071137221,0.783236990529486,0.7358647376602995,0.6712714206703353,6,4,0,4
0.7838754518496012,0.0570792706734262,0.8363578292230565,0.1946209503739482,0.771243290210665,0.6667574506222365,0.1246029591524638,0.4133697879159749,6,0,0,4
0.7625400898506166,0.4793924514934178,0.41475770782151,0.9886127607259712,0.0882138276212296,0.766972076265969,0.7526332434473426,0.6957661164634601,6,4,0,4
0.7775208410599022,0.0649807359295983,0.8322447126016077,0.1931985966698793,0.7775700521874739,0.660004399404394,0.1237643527401937,0.4147769617505744,6,0,0,4
0.7784564197243234,0.0520427140502004,0.8406308878259019,0.1880681433141995,0.7769811996583217,0.6719546701342626,0.1195568660364084,0.4177998852449891,6,0,0,4
0.7665102150866315,0.4830590262946473,0.4381426304365384,0.9676322414109004,0.1003785726142091,0.7719448320518775,0.7495061342186081,0.667944339798683,6,4,0,4
0.7646598534680319,0.470962846451108,0.433941437209505,0.97085875875257,0.1054729001564502,0.758637489524382,0.7442914827079151,0.6684348640917832,6,4,0,4
0.7649103990089925,0.4745087000575068,0.4341095689414738,0.9734655708499212,0.0984453359403089,0.771769457765547,0.7463250897598551,0.6723713654104209,6,4,0,4
0.7850113215250394,0.0569568453499218,0.8369875210037577,0.1940497736018805,0.7712461262227975,0.6663868513976584,0.1227266436465619,0.4143067708841698,6,0,0,4
0.7672572970082239,0.4764491977702487,0.4386855672958737,0.9759568926055056,0.1036520285750906,0.7657215020964211,0.7475779368073893,0.6734087091639859,6,4,0,4
0.1176553505259498,0.6439033845020476,0.2120620571796341,0.3567823303899195,0.4242254930312801,0.0670265525546098,0.187848209770999,0.7207133013725782,6,3,0,4
0.7593673549202667,0.4799327467109742,0.430912594082405,0.9660286774313666,0.0972469942638773,0.7676199993907379,0.7508027989677343,0.6843092307230157,6,4,0,4
0.7999806878363755,0.0625788528318877,0.8439561602698504,0.1967835604813744,0.7623120167498824,0.667185972481127,0.1154526690038821,0.4168460165455767,6,0,0,4
0.7571839690881321,0.4841800049520486,0.4444758406428867,0.966992807715648,0.0990947820601221,0.7614713103624201,0.7566626982832259,0.6782847009152311,6,4,0,4
0.7666619710315534,0.4790208201978516,0.4391319421996792,0.9729056871846968,0.1038892744002687,0.7673127655882382,0.7487606987971334,0.6769022898378729,6,4,0,4
0.1261662006763457,0.6408853878755615,0.207793506835884,0.3590931902356784,0.4419226068185054,0.0759011731715621,0.1792685675580657,0.7335397350658968,6,3,0,4
0.122465195427444,0.6393461206182646,0.2070874317995933,0.3578436262120658,0.4365189066170838,0.0772796798500507,0.1802878406647136,0.7371415643366391,6,3,0,4
0.753581498817524,0.4720023642828672,0.4421000797929589,0.9828356810510196,0.0941116171706999,0.7642606370199819,0.7527678941074387,0.6789557292548062,6,4,0,4
0.1298682248208817,0.6350745249354732,0.2027581979167822,0.3565336981554301,0.4346004205650824,0.0753879345780127,0.1811391507476694,0.7386791786154117,6,3,0,4
0.7869256014905972,0.0584633176219627,0.83522912788007,0.1952281354764106,0.7711396909679645,0.6634548609413924,0.1272269261431097,0.4105446657388258,6,0,0,4
0.1192343173696808,0.6326719830755805,0.2111692148908063,0.3676431022752331,0.4395766071089261,0.0700372736877218,0.1863531634130579,0.7360035173236057,6,3,0,4
0.1294959326269912,0.6410203529070576,0.2004204943583747,0.3703544091880025,0.4326134945467524,0.0740255768744845,0.1690335439260238,0.7240933269847446,6,3,0,4
0.7626254098095907,0.4727355279210592,0.438271363897047,0.973926734555286,0.1052939767386957,0.7644318671764907,0.745465596686158,0.6730287115602895,6,4,0,4
0.7843047062383385,0.0552519857332713,0.8348020012319867,0.193380266088369,0.7713435201017115,0.6649051207160861,0.1244488064416071,0.4112061362402877,6,0,0,4
0.7548337696804581,0.4619613595890321,0.4372976011708187,0.9796285773283948,0.0899650540663906,0.7495882477818646,0.7414709260990964,0.6923800202627896,6,4,0,4
0.1322318878716593,0.635944221996692,0.2021436966325993,0.3586598758233866,0.4382633332068726,0.0777198977663903,0.1825396258242574,0.7291999759857638,6,3,0,4
0.1272266494142417,0.6456610757226707,0.2107540369194778,0.3641014756705378,0.4391192963194912,0.0810519792837159,0.1794265553456571,0.7338467277886901,6,3,0,4
0.7633747108267663,0.4720742005727644,0.4464765212444315,0.9718318379427122,0.1079799392193315,0.758385610622371,0.7504923871513705,0.6833788361761844,6,4,0,4
0.1255382073577483,0.6456380573751983,0.2034657178534872,0.3593708962902864,0.4416414655341363,0.0756645585416282,0.1830139931322085,0.7337996007976448,6,3,0,4
0.7607457772199133,0.4767618683263111,0.4412419946315318,0.9784061655162078,0.0976465415223861,0.7723262714204676,0.7514785490977379,0.6700843128627136,6,4,0,4
0.7800771270899131,0.0517857305409869,0.831743607422262,0.1908765353885697,0.7640772405582488,0.6627592584758497,0.1258052471806199,0.4104780160713772,6,0,0,4
0.7507570025712238,0.464075126693781,0.4347675695593235,0.9618893323415548,0.0905750969444465,0.753198668846977,0.7357719623963102,0.6637569162720404,6,4,0,4
0.7630969546442298,0.4812712055526683,0.4351590734513721,0.964746549536829,0.1057330212901116,0.760776997236926,0.7421804156140765,0.6801579553651665,6,4,0,4
0.7659374898944104,0.472965008994632,0.4388139236995203,0.9766629949146192,0.1043457239171472,0.7653622851174853,0.7493165559030636,0.6740137902669263,6,4,0,4
0.7648928761948266,0.4752876054522301,0.4374765831713192,0.9751058844108742,0.1040339267921722,0.7660591958282842,0.7472844807875508,0.6748706641125504,6,4,0,4
0.7578604554303168,0.4759598525043999,0.4337678479400154,0.9811057185444516,0.1047316165430096,0.7683308970776087,0.7436828336762311,0.6747353308977599,6,4,0,4
0.7895863191780927,0.058610266185514,0.832840086046459,0.1893038541868833,0.7761069529495733,0.6700886421186845,0.1288350484062821,0.4148427175996795,6,0,0,4
0.7728100342890628,0.4666187872073093,0.4325493219905374,0.9781807804081604,0.0977465197597022,0.7633550973300934,0.752244096014774,0.6750069232758149,6,4,0,4
0.1244166450890916,0.6400460003389056,0.2073794631836591,0.3586412643282345,0.4409017812682463,0.0758593898538992,0.1777115277438579,0.7347697974749596,6,3,0,4
0.785952928393701,0.0603464717200459,0.8374926639931851,0.192628021357792,0.7692640661441156,0.6640030674745854,0.1230235596514468,0.406692027129424,6,0,0,4
0.762637485995389,0.4763517663376007,0.4386079443378827,0.975632483420823,0.1013548487679022,0.7616692404561188,0.7456172224602645,0.6762229914947522,6,4,0,4
0.7665623572591136,0.4729632481372781,0.4352745756121912,0.9778820148963012,0.1041255840633567,0.766271928946152,0.7458140756870915,0.6743571284067865,6,4,0,4
0.7883274346950772,0.0519128789067497,0.8303521175389739,0.1935860810540075,0.7696889149617195,0.664661031138207,0.1301238828534122,0.4075105789400776,6,0,0,4
0.7434480544420091,0.479020202793344,0.4421991076621043,0.9707345005896936,0.0992233346242974,0.7555862768287124,0.7682367227039674,0.6533623502119831,6,4,0,4
0.7546795397145528,0.4637878581801547,0.4287051636820726,0.963162472116598,0.1000382649592834,0.7599227938946643,0.762167300283363,0.6793466652206375,6,4,0,4
0.7763508347496302,0.0493626520091549,0.8288053723899929,0.1853842053172869,0.7656850041108602,0.6706187813015074,0.1318673566346098,0.4130066135298978,6,0,0,4
0.7850821418707212,0.0620907096332805,0.8413494154366411,0.2007976331574879,0.772840217780355,0.6671524441144029,0.1302473670023077,0.4013477206292187,6,0,0,4
0.1240508697073685,0.639992229936125,0.2081255678253608,0.3580059861431296,0.4414416801371719,0.0753494492397853,0.1773966421048824,0.7349503852662131,6,3,0,4
0.7867019447606325,0.0566186603566083,0.834869288233991,0.1892035642582707,0.7695410928084261,0.6653978883870183,0.1275137701368509,0.414206503411555,6,0,0,4
0.77571807443543,0.4715321853234367,0.4172926233104754,0.9914056821987766,0.1068873383861098,0.7586781103316089,0.7669678967233575,0.6733993801602152,6,4,0,4
0.7681404761427562,0.4648541143241382,0.4322584609622016,0.9701613771713132,0.1119471681333385,0.7767279591928029,0.7587867649191463,0.6607269225319701,6,4,0,4
0.7655823062533568,0.4765525129958942,0.4385472517644334,0.983485523537085,0.1044095475420734,0.7644207373880922,0.754716825218709,0.6716314325910172,6,4,0,4
0.7842541847893957,0.0563114929852003,0.8380511588969018,0.1901513549851168,0.7728423576126325,0.6678447079463686,0.1207106653809852,0.4114119434106774,6,0,0,4
0.7830640291017293,0.0568223754878963,0.8361774566054628,0.1944633384583125,0.7708464824410614,0.6616818846247609,0.1258090596251391,0.408396837614194,6,0,0,4
0.7439575506451953,0.4576543720762894,0.4347248207484424,0.9575299767871652,0.11831493645481,0.7545316586923555,0.7605011429956379,0.6905465706272034,6,4,0,4
0.7839458438703024,0.0548732502966417,0.8346870014636009,0.1923256734911496,0.7709564123343253,0.6650145271255803,0.1255779826001203,0.4110978744253107,6,0,0,4
0.1245129325933106,0.6396836200244371,0.2080151435057728,0.35674689222211,0.4406034846212886,0.0741645358502848,0.1781024816884962,0.7360600375803528,6,3,0,4
0.1221671988459359,0.6425666174283343,0.2129577572163582,0.351960620222887,0.4440341102735308,0.0809802587039985,0.1722897741694815,0.7292293536997054,6,3,0,4
0.1230652278552161,0.6385366946303013,0.2094513943946589,0.3580992096886953,0.4409455938864473,0.0763682644548418,0.1765822332299147,0.7360610908257741,6,3,0,4
0.2327064625934621,0.7263151410292098,0.3608513694969271,0.6675577336083938,0.1789535586302673,0.2386088555108165,0.1545540015206224,0.3373650137552789,6,1,0,4
0.7846832271542407,0.0549064926843876,0.8349685349917363,0.1912743280409903,0.7697603850072975,0.6630564631335646,0.1252257738268212,0.4109123607033955,6,0,0,4
0.7624353027830607,0.4711695517111074,0.4422719729382451,0.9790320085417896,0.1034557525240547,0.7614321586080879,0.748863836523952,0.6738332038995338,6,4,0,4
0.7852338618978124,0.054367717639992,0.8353734264648469,0.1920009330591527,0.7696628377825849,0.6638052106667709,0.1256721690360868,0.4109978386684878,6,0,0,4
0.7516548675173981,0.4733015282350615,0.4430877761434203,0.9746302404154552,0.1095930578516969,0.7716784245489879,0.7430424304274044,0.6759055000199915,6,4,0,4
0.7684952107789653,0.4746566793591397,0.4318692264065223,0.982287936158587,0.0980032657361935,0.7711737250500752,0.7529985892973844,0.6755690602643758,6,4,0,4
0.7871315861667618,0.0579120006363975,0.8350749790254256,0.1881438011696405,0.7718758307673937,0.6597237029940196,0.126877595679929,0.4068837336062744,6,0,0,4
0.7563900845552397,0.4678385458305903,0.4312182724066727,0.9787159646566196,0.1104864786691827,0.7606306276597287,0.7464059509153452,0.6669139377122946,6,4,0,4
0.763162624797648,0.4708138218933589,0.4425335115629641,0.9780946887341104,0.1003715354088146,0.7704992933405734,0.7492789249237674,0.6789207576833927,6,4,0,4
0.7688066045743535,0.4703621721864542,0.4432856897114035,0.9735997640042096,0.1028209152122233,0.7656673829577545,0.7446030953029872,0.6707923866948863,6,4,0,4
0.7851679334675404,0.0424844033121723,0.834411164074327,0.1884849604531535,0.7834766703409598,0.6594466744353739,0.1265780204083415,0.4098681165212388,6,0,0,4
0.1246127278289749,0.635427276118289,0.2034560511027354,0.3709907427084327,0.4456852793638128,0.0721640324043844,0.1734390376882965,0.729567910803986,6,3,0,4
0.2542023131748462,0.7098302192906757,0.3720289039287323,0.6574563401370798,0.1757210133038361,0.2347182061055299,0.1543998327228057,0.3328101703198685,6,1,0,4
0.7850819449241078,0.0538679301484373,0.8348972178288111,0.1911498588117969,0.7693600366350734,0.6629828885736826,0.1255355840410044,0.4099135832768553,6,0,0,4
0.1235715452903479,0.6420122062446992,0.2056772836918695,0.3543639696728024,0.4402536580176369,0.0750417078539208,0.1779512287398687,0.7321383649255329,6,3,0,4
0.7917856861101011,0.0497148490578151,0.8299608950558794,0.1885134090369774,0.7564697806352731,0.6675097291112104,0.1364088910926476,0.3996348866314592,6,0,0,4
0.1296214190186497,0.6380544139423419,0.2093773724376126,0.366681846732484,0.4367852031967869,0.0703623114078364,0.1743991911973608,0.7503645601863775,6,3,0,4
0.8206039261410634,0.13192268366352,0.9241267855710472,0.9642642075664192,0.1461385209711687,0.1019461697474876,0.7713814013316587,0.2373854045547651,6,2,0,4
0.7629716686920729,0.4782672505646779,0.4394409298115412,0.980903223859666,0.1052807534848392,0.7698621296035909,0.7550568888344408,0.6740879159274191,6,4,0,4
0.1227182967951818,0.6379937394685923,0.2099087236101492,0.3568175882921484,0.4405837825162427,0.0750931683189718,0.1748342791628322,0.7353479423188594,6,3,0,4
0.7904671197028074,0.0513135432892451,0.8305124249670346,0.1785652878577841,0.7700892372469759,0.6493481336515196,0.1093646717849037,0.4039887485118526,6,0,0,4
0.7819562499731402,0.051563938189037,0.837532060150472,0.1892416942590041,0.7718485056460528,0.6619510572710718,0.1262505054050575,0.4109370009561843,6,0,0,4
0.2543341557081617,0.7092789939816079,0.3779176897293637,0.661645016084808,0.1700422305328459,0.2360889628704389,0.145992103256608,0.3347095339506348,6,1,0,4
0.7730786707576816,0.05928766798872,0.8394157480478825,0.1949941946780913,0.76677613005406,0.6729428130852341,0.1205873092985935,0.4044516075104427,6,0,0,4
0.7941504639626404,0.0543357146674222,0.829237247058871,0.1850092955331966,0.7799627614593605,0.6602095838688162,0.1162500883927534,0.4053649452754955,6,0,0,4
0.7963237498963063,0.0544714906737319,0.8446413586771254,0.1801082442180377,0.7761630283917174,0.6532646221242394,0.1282160694209317,0.4209956391191141,6,0,0,4
0.7523991143541269,0.4750585134357361,0.4301095986822608,0.9759430722746142,0.1025705228685042,0.7566441856430636,0.7550852311400548,0.6787739899580516,6,4,0,4
0.7811000994755786,0.0483826918844436,0.8354217297225869,0.1967109365125558,0.7730121838787514,0.6557400260305131,0.1317787154615282,0.4149541718677701,6,0,0,4
0.7775837225723936,0.0418463895622606,0.8346766665563521,0.1955312661397238,0.7703391315720665,0.6687676942430408,0.1287666495695807,0.4160937651510245,6,0,0,4
0.7737503409234471,0.5163768079975534,0.4272034791704885,0.9632145238953314,0.1285679149440161,0.7571514238133268,0.7270561481054173,0.6740569294651026,6,4,0,4
0.7850574324176011,0.0542276841304912,0.835692041350902,0.1871321058648728,0.7696892526363376,0.6667419073334911,0.1266872425827054,0.4082400836285955,6,0,0,4
0.7848705207763897,0.0507272580536368,0.8363290807885558,0.1889735585600702,0.7653122606915982,0.6584411712960339,0.1242956355765945,0.4059901768300926,6,0,0,4
0.125923021240973,0.6403538721307472,0.2135112044251598,0.3573549286766776,0.4412987201633243,0.0755855284791069,0.1738095551110639,0.7349122070080892,6,3,0,4
0.1216487548296322,0.6360164942028732,0.1913895175159006,0.3810700994753556,0.4489972785684823,0.0780459470881037,0.187570205395103,0.7559022640597881,6,3,0,4
0.7865735152024543,0.0626428500973197,0.8334296603875537,0.1905056770177259,0.7573219948269141,0.6717893422016088,0.127623975300691,0.4218529715820504,6,0,0,4
0.762034365610319,0.4859425600905699,0.4372892077826095,0.9803310758428312,0.1006525408970141,0.7652809942519435,0.7506416765142202,0.6781872963677665,6,4,0,4
0.2582829649453479,0.7089659962018178,0.3749929471042232,0.6634463972995017,0.173437206386419,0.2393871935709265,0.146380177953539,0.3222997577368466,6,1,0,4
0.783190722278851,0.0489657865599426,0.8358193263814738,0.1849397519019741,0.7696135555938488,0.6631715717944847,0.1279646510504711,0.4125022467330807,6,0,0,4
0.7857509292286261,0.0547431837022203,0.8313659161844803,0.1847408912073704,0.7622639089761871,0.6553707428082471,0.1196730005143207,0.4117489878896624,6,0,0,4
0.7507087559284082,0.449501830941334,0.4211613636300603,0.9591387481807708,0.118536346203702,0.7811291291221382,0.76025548215108,0.6540209095510456,6,4,0,4
0.1285928775422387,0.6335555822572181,0.204187371069373,0.3514296111890728,0.4495652938866088,0.0696332245074355,0.1772668873601899,0.7278149095184127,6,3,0,4
0.7822028105745564,0.0550083094372855,0.8375979065211497,0.1909484991071133,0.7683445322906399,0.6603086523532973,0.1226311786629571,0.4077360434950765,6,0,0,4
0.7860698572082939,0.0516298322684207,0.8352974224192502,0.1886544878653201,0.7694573240477646,0.6609487085800035,0.1254694430103608,0.4093793377770868,6,0,0,4
0.7803219814993528,0.0566404333029145,0.8335601949709891,0.1938144603465375,0.761821758007688,0.6633934168266439,0.1223955829803887,0.4135146483683897,6,0,0,4
0.7741131673824595,0.4649364185690272,0.4295027204339398,0.9767627499139292,0.0968046709343755,0.7565658099740372,0.7457849850079435,0.684636052328517,6,4,0,4
0.7878884547045751,0.0623341113637207,0.8300840056137834,0.1790459623097055,0.7662238024695964,0.6578159099311354,0.1182621163062311,0.4045875832283639,6,0,0,4
0.7765400256913202,0.4520164458408185,0.455343150326236,0.9868559808823716,0.093201121249676,0.7590015060580761,0.7413819952020593,0.6947623472632614,6,4,0,4
0.7938318583451033,0.0495051248953931,0.8272910747323843,0.1980216889640064,0.764189423184209,0.6598135218165286,0.1320174311361242,0.4037272034492146,6,0,0,4
0.1189206225420342,0.6310867232997217,0.2059441277773481,0.3544333619240897,0.439968345277233,0.0713656154249388,0.1784104660756038,0.7335888696387903,6,3,0,4
0.784834193910107,0.0519242901384685,0.8342019676525612,0.1890364552529702,0.7682488918118159,0.6611029034234713,0.1255389339650057,0.4087553549868866,6,0,0,4
0.7639552431811362,0.4719239434384711,0.4380503833145888,0.977335179295268,0.1079237949125199,0.7634589481370041,0.7486978913588163,0.6736547328993134,6,4,0,4
0.7842627564007181,0.0436128430402346,0.825019809209304,0.1872587657347011,0.7629037400391395,0.6686008559065375,0.1245691884726483,0.3966810124678893,6,0,0,4
0.7608178595224568,0.4653206574757126,0.4372100297974712,0.9826246669333348,0.1020662351873299,0.7572511364041671,0.7441349328106588,0.6676488150686539,6,4,0,4
0.7853861643796924,0.0468160039383405,0.844805706042816,0.1914724108026384,0.7665009966914835,0.6528493188165675,0.1269053238627907,0.4067239566342437,6,0,0,4
0.1264259939446693,0.6385124009480317,0.208595183334817,0.3571496419579951,0.4404471768735824,0.0757268199429833,0.1770875973913361,0.7373859036443914,6,3,0,4
0.7808751494452005,0.0581116187403095,0.8339569840901413,0.1853128108967808,0.7683450077495286,0.6658425107752857,0.1197833550651607,0.4095616158069833,6,0,0,4
0.7829519779273666,0.0581857355633906,0.8338469741640794,0.1852939600031937,0.7679294053078553,0.6566778734982145,0.1204282026853639,0.4021902901572635,6,0,0,4
0.7877406002876625,0.0514093128303506,0.8318989521106869,0.1888764746642491,0.7682030427444424,0.6552252817149224,0.1303683799240378,0.4029053123228743,6,0,0,4
0.7659718910252679,0.4727587274657107,0.4359759115303371,0.992060565114474,0.1000269029001573,0.763191755468827,0.7469116433269156,0.6884050889066365,6,4,0,4
0.7651637122797939,0.4770236047951746,0.4373921424833396,0.9757161849265756,0.1069013208253094,0.7675360669960719,0.7456932546438413,0.679144246493119,6,4,0,4
0.7725735138218366,0.4684293634275533,0.4305206693039687,0.982448669023784,0.1198085046297152,0.7468440467234218,0.7349964333163674,0.6818338380029823,6,4,0,4
0.7826459829931994,0.0517239035406277,0.8344964802552588,0.187107272863334,0.7662226018862431,0.6622541267593389,0.127467987081584,0.4082080383822453,6,0,0,4
0.7586527215868296,0.4726985269450163,0.4444670290130599,0.9869161431860644,0.1177504747269477,0.7699998797311038,0.7583606249985222,0.6816916883553956,6,4,0,4
0.7880312883211461,0.0488714204011593,0.8330485222056205,0.1893402037810716,0.7678124986491023,0.658914155690198,0.1235962168496431,0.4065858541996007,6,0,0,4
0.7869015496110858,0.0509216023843301,0.831963191515044,0.1872855229581279,0.7658600887104301,0.6583831861909969,0.124742531421205,0.409675995225176,6,0,0,4
0.7618597104048468,0.4829437062453782,0.4253860011589485,0.9781245835181858,0.112322063425455,0.7771417378867428,0.7525609223579361,0.6777849428209999,6,4,0,4
0.7842713572176154,0.0515109482861289,0.8333876146970143,0.1894712772358699,0.7674780648485234,0.6604856785362008,0.1244295394963875,0.4081918416060086,6,0,0,4
0.1229322891256251,0.6313960688163894,0.2152027716217819,0.3479323391157974,0.4462689673288534,0.0681257038393337,0.1780073920775414,0.7354404008133957,6,3,0,4
0.7747425944967228,0.4821687943799027,0.4364222919564413,0.9707454750904204,0.098597473855347,0.7904381581918458,0.717246091228261,0.6390800868717836,6,4,0,4
0.7660706033127005,0.4711486394205894,0.4408535341595452,0.9797744870464656,0.1106678884316585,0.7587298837566643,0.7520597628103746,0.6745935513739406,6,4,0,4
0.7855288995118609,0.0515634336215153,0.8354537407031146,0.1898128860260981,0.76800022965194,0.6590947790138053,0.1238937890107017,0.4065016763504043,6,0,0,4
0.7851744733233725,0.0514520240867405,0.833822560205289,0.1886896707683134,0.767625167545771,0.6598026593694555,0.1252028447986191,0.4080562861204554,6,0,0,4
0.7854115049943017,0.052878727232399,0.8277383644096183,0.1874257177237387,0.7637476501127101,0.6563857935296996,0.1276922474052356,0.4021997125221466,6,0,0,4
0.7555596457640524,0.4593723700945084,0.4437316454681519,0.9807671230655546,0.1015073159073259,0.7608711482673418,0.7626022283704005,0.6605623676841361,6,4,0,4
0.7893517562567226,0.0483987738860462,0.8324553648892015,0.181665347323354,0.7720984898011576,0.6547681016829966,0.1261159585517154,0.4127564232248597,6,0,0,4
0.7632156616588013,0.4716009130758922,0.4379311397824244,0.9800947817313578,0.1097708724447295,0.7616548190273014,0.7506005086890926,0.6745792724106271,6,4,0,4
0.7645885542380064,0.4818416302154696,0.4279902934346656,0.9929560800703192,0.1001652515905849,0.7747655973996181,0.7589431140421771,0.6735084283964551,6,4,0,4
0.807196212855126,0.1251863050674624,0.9179868297208782,0.962307713869043,0.1361495786183268,0.0914723982679023,0.7735367736801605,0.2299845419714936,6,2,0,4
0.7548604118196517,0.446220065288519,0.4467335456125247,0.9932950930342952,0.1120315752942145,0.743673906188791,0.7535035282473964,0.6997155375478903,6,4,0,4
0.783094113191623,0.0496579598307958,0.8359525765586038,0.1881446371772892,0.7698877602069387,0.6612481238193075,0.1247490633794469,0.4057216721911295,6,0,0,4
0.7519307221220911,0.4608469011754573,0.4348814705180832,0.9903466355052224,0.1019373840946522,0.7651578650320174,0.7495599801843144,0.6874316026472927,6,4,0,4
0.7662703802720571,0.4722704048702023,0.438357935080781,0.975726358337006,0.109459036424628,0.7552513185553414,0.7536238484200396,0.6813829429932471,6,4,0,4
0.7502588027713688,0.4709295280632007,0.4315565254615047,0.9900385074296896,0.0968463742686615,0.7703719326607267,0.7608528703227698,0.670680294632012,6,4,0,4
0.7574675873862615,0.4744485116088322,0.4384851031084048,0.9793491426225084,0.1070108495407707,0.7690990853550838,0.7496906511549407,0.6601541075887014,6,4,0,4
0.7726981942405539,0.4728320798029466,0.4450445723640673,0.9867500959050094,0.1187239456273251,0.7577582468562415,0.7594116312226624,0.6765796645397226,6,4,0,4
0.7707604767099397,0.4765028160280137,0.4445397613425961,0.9861664074484388,0.1107901612965276,0.7591914477736906,0.7558285219736918,0.6802746579836738,6,4,0,4
0.76362715301024,0.4695345170642774,0.4477039231655808,0.9686047252042418,0.1180897586365861,0.7615295161903706,0.746823955590896,0.6795617228635907,6,4,0,4
0.7847247772993134,0.0538281951200881,0.8364893696126712,0.1903329008554274,0.7709349305120732,0.6556879542461089,0.1253276886459786,0.403839247094902,6,0,0,4
0.120851165829053,0.6195053044632272,0.2045429694109072,0.3417324483339582,0.4544936070274194,0.0698810151523525,0.1912282020769056,0.7494000366990446,6,3,0,4
0.1238425481236351,0.6364832777312972,0.2107370491398096,0.3642799158375281,0.4368386064416905,0.069752178885094,0.1713297961736364,0.7461396278799747,6,3,0,4
0.7836763408532064,0.0506163207868978,0.8284965524130466,0.1926019473599548,0.7689756852875788,0.6520503109019123,0.1232221352739971,0.401686727375734,6,0,0,4
0.7645361826582011,0.4728345658643074,0.4377403705544773,0.9803621456951946,0.1107748426337132,0.7614006936888422,0.7512433966012562,0.6752756826874656,6,4,0,4
0.7854328665609002,0.049607418037529,0.8347759732449531,0.1886852971642312,0.7656531238384825,0.6602981499599315,0.1261909586352813,0.4056585398143477,6,0,0,4
0.7878755324210663,0.0509063865995832,0.8358799960879182,0.188487865219704,0.7656906074157038,0.658112503591223,0.123844584858894,0.4095497416773634,6,0,0,4
0.1178704679354404,0.63501451727276,0.2079806144254241,0.3499730750184538,0.4462303897750186,0.0685718295808976,0.1671885495906997,0.7412866947631512,6,3,0,4
0.7621507537481783,0.4718139036453399,0.4365290059161963,0.9790042846686284,0.1096495275936933,0.7597234724740357,0.7527777652989857,0.673273583995638,6,4,0,4
0.7844808541744421,0.0494469078044606,0.8334453913766551,0.1881811708854933,0.7686092242949846,0.6583200205822832,0.1248279239337433,0.4073564957140507,6,0,0,4
0.7638398719907998,0.4733146383451895,0.4395118515416533,0.9830090604947952,0.1176567978031671,0.7617775800910834,0.7499728715924011,0.6772752975666722,6,4,0,4
0.7835225154662705,0.0491884063234933,0.8374081631026788,0.1908461717009958,0.7622145216255289,0.6613432347840514,0.1251907374750349,0.402963679049711,6,0,0,4
0.7565643935824163,0.4640936100771343,0.4347238945078839,0.9849097650221712,0.1034289322441522,0.7647854798853777,0.7488503270609064,0.6723153484579314,6,4,0,4
0.7738651975273537,0.4782904716195015,0.4362710670962865,0.9892490758522624,0.123406629982384,0.7726362285031184,0.7627861041877951,0.6657667584699649,6,4,0,4
0.7782786464378597,0.0468225299940188,0.8376754599246018,0.1925883228306261,0.7715382992441315,0.6652731048596451,0.1252863808942273,0.4127564618225035,6,0,0,4
0.1285649759166192,0.6357263814896751,0.2156690148343063,0.3496561578951909,0.4375380281502831,0.076175166282776,0.1744426309072382,0.7369337322285185,6,3,0,4
0.7453807075700406,0.4759151500182437,0.4518569680102629,0.987871153147532,0.1004409897561981,0.7675885776634197,0.7606637103398931,0.6813728556203934,6,4,0,4
0.7776141294971199,0.453891506912741,0.4392346590247751,0.998914519989518,0.092448186090936,0.7546290859821468,0.759799552913871,0.6669947369756952,6,4,0,4
0.785588133873506,0.0488349059867727,0.8342588124311253,0.1880283506557353,0.7680932079004882,0.6579467673138851,0.1274641993101099,0.4044447136727327,6,0,0,4
0.2596545193697664,0.7248123964858653,0.3760203261059179,0.6491098830123687,0.1614384842902864,0.2364424990767585,0.1400894090594306,0.3210250713832172,6,1,0,4
0.8063906126762401,0.1180669593748376,0.9196572294991776,0.9578470795491574,0.1162258149301902,0.0843146645033217,0.7695950235912914,0.2185042686606821,6,2,0,4
0.7719646737393736,0.4744024748368702,0.4416123624828194,0.9710615163515603,0.1201787627958414,0.7655751945521815,0.7626826884184739,0.6691231863037487,6,4,0,4
0.7618689743389417,0.4731289404485546,0.4365157398083042,0.9797668946142808,0.1103924591446357,0.7597614840791445,0.7547549747294171,0.6741958074976526,6,4,0,4
0.7827911139181024,0.0509385211532714,0.8221378226917667,0.1774765977561773,0.7785931677001979,0.658463318962318,0.125986870300768,0.4066188786181399,6,0,0,4
0.7941923472364848,0.0573324978162522,0.8282717134054328,0.1946996587224028,0.7728684545407783,0.6603091759860221,0.1256245636619134,0.4040554670720741,6,0,0,4
0.7359336901122779,0.4756380103983862,0.4438181852833013,0.957299972597874,0.0863287150048578,0.7488967965543173,0.7903101875194698,0.6847408280253047,6,4,0,4
0.7856590508794242,0.0495149181668203,0.8300927219847046,0.1889790064846977,0.7680559269525787,0.6566724805010473,0.1283035316955658,0.4038809652385434,6,0,0,4
0.7809553433062286,0.4901302336204324,0.4690035527594914,0.9857721071001274,0.0819697224294558,0.7380740381935965,0.7208657237599716,0.6869179173735895,6,4,0,4
0.7989887929888078,0.0420557258260591,0.8402868544964169,0.1771405588833224,0.7537405626925989,0.6614936543288631,0.1151818405681887,0.400607456791564,6,0,0,4
0.7845779288442304,0.0377041925748634,0.8586479056068612,0.1750295452205732,0.7551635646669318,0.6421016060708368,0.1199590851868815,0.4207747983838075,6,0,0,4
0.1176177300718335,0.6357658894583029,0.2077523434051216,0.348099228532934,0.4467499016557661,0.072384192297194,0.1696889423839523,0.729851733833906,6,3,0,4
0.783148050291247,0.0543399426178416,0.8314716277915636,0.1915263027710028,0.7624136491839193,0.6584534818468226,0.1315383660466113,0.4086234575607209,6,0,0,4
0.7842254597577766,0.0482804109491874,0.8321007532497122,0.1852335224612123,0.7650928508774354,0.6572495673704032,0.1256721954820568,0.4059437863188828,6,0,0,4
0.1232137773932612,0.6350934352786799,0.2157411888024529,0.3473552345815845,0.4453080542647258,0.0701797671850737,0.1713959341815841,0.7325880921404784,6,3,0,4
0.255703324155526,0.7127574157118995,0.3796589579331636,0.6638553962544985,0.167726089507942,0.2377962561142303,0.1521145917397559,0.3203362472189049,6,1,0,4
0.7944537568021212,0.4672513210037735,0.4114120117282556,1.003793933691906,0.141742975581555,0.7787576729970125,0.7400992785727303,0.6421836115198574,6,4,0,4
0.7956142694689625,0.0529659544062906,0.8283312441722769,0.1895462950918789,0.7587540638667509,0.6554127982425731,0.1287864433536895,0.4123987888878637,6,0,0,4
0.8212528508759716,0.1318971724262365,0.9172177670362228,0.969599201986418,0.1310780852966158,0.0954737952198752,0.770773660495601,0.2148830840756281,6,2,0,4
0.7516412674930395,0.4811435836903434,0.4430254624000941,0.9837916716383804,0.1030233598320212,0.7488476354385093,0.7534898358937108,0.6969278696205083,6,4,0,4
0.785875968550332,0.0556375011934762,0.8462505111306481,0.1736916855201564,0.7681907824862229,0.6529745869553146,0.1224623499812065,0.408455462431467,6,0,0,4
0.2517217512413424,0.726050242355174,0.3720410493788736,0.663277005728693,0.1822916653329744,0.2216194292776298,0.1532302341186693,0.3282402719463786,6,1,0,4
0.7598556386729366,0.4720612741889185,0.4392507508562147,0.985668089124813,0.1103563216492953,0.7567634902590895,0.752484738498549,0.673444412133509,6,4,0,4
0.7663077962323847,0.4713710088282778,0.4345850904711619,0.9790019874546164,0.111711577479394,0.7559187921547653,0.7540560167384739,0.6721449225939826,6,4,0,4
0.1264221499856488,0.6174794523883956,0.2018875275331386,0.3447861846486472,0.4345077620583726,0.079668601822562,0.1725909215971132,0.7350288282799619,6,3,0,4
0.1218430970659864,0.6306209152726051,0.2154205345776229,0.352896211945591,0.4468890045204557,0.0764874199480465,0.1688620932673059,0.7383055196363241,6,3,0,4
0.7522718933945136,0.460434142315204,0.4413827958270224,0.984464816997628,0.1174269265317044,0.7476927881178109,0.7446660863034419,0.6706259662101997,6,4,0,4
0.7622476736301651,0.4650268441342927,0.4324799749506052,0.9708300314497263,0.1138600167396832,0.7641938754544201,0.7599159631752643,0.6728893321818792,6,4,0,4
0.767813492064422,0.4625573510361938,0.4507720336169823,0.9785943300001496,0.1078615546497025,0.7708293821708683,0.7553001008885916,0.6783222324144715,6,4,0,4
0.7703189532819262,0.4792730061363091,0.413656466660035,0.9910838685861852,0.1089856495220741,0.7629335559249821,0.7425902942569971,0.6914621480576071,6,4,0,4
0.7803658337729109,0.0523968169969919,0.8344212744683662,0.1853343325038351,0.7670724073696631,0.654547988148004,0.1292613749582003,0.4062436203409065,6,0,0,4
0.7496357268903595,0.4768221702541618,0.4383753963951683,0.9880655556690406,0.1052100288281571,0.7492009692828712,0.7564044619791888,0.6831895418944737,6,4,0,4
0.7863568037878823,0.0495110676321377,0.8346742935664692,0.1861647955677636,0.7637055792255308,0.6586962853668146,0.1239357123162339,0.4051542405161619,6,0,0,4
0.7905118072610199,0.0443385212007991,0.8296162278779123,0.1896501506727987,0.7707880536897818,0.6515650924431055,0.1256090195817114,0.4097986206481517,6,0,0,4
0.8145759127602483,0.1318163229738931,0.9216326447149176,0.9713832594631318,0.1266901191384993,0.0892777450301577,0.7641203352806228,0.2246479553302681,6,2,0,4
0.7652870109904175,0.4719623948757263,0.4395372864095477,0.989867781388168,0.1149990729808141,0.7638829982652293,0.7534744888149996,0.6755973034306414,6,4,0,4
0.2472668669748995,0.7249300289491567,0.387072857695056,0.6588631026400972,0.17083178085834,0.2266126719746791,0.1592654616516116,0.339543906040802,6,1,0,4
0.7612792568865828,0.4622664116800764,0.4509548135584548,0.9929861201931096,0.1033659682614077,0.7636655673083694,0.7643869106393051,0.6744180326767566,6,4,0,4
0.7590601819139363,0.4521552117757609,0.4351475519259795,0.9707706657279032,0.1270610397600343,0.7398197541531885,0.7451687016641022,0.6756724896566147,6,4,0,4
0.7740762148990986,0.0368827295465931,0.84390729861878,0.1885008921402775,0.7585157458337196,0.6683885691733632,0.1321212000819451,0.4157037673801501,6,0,0,4
0.7854595435142633,0.0511177280279043,0.8324959515049328,0.1833573584626603,0.7647808658116029,0.6529663224278601,0.1303880777866477,0.4012247407237096,6,0,0,4
0.7815009947591083,0.0532774160769224,0.8284973354088958,0.1784848519582269,0.7636445700029926,0.6541306064656249,0.1255483263479379,0.4068864974868415,6,0,0,4
0.7607896351409412,0.4707895058798805,0.4367440348057921,0.9761247365651148,0.1050645670433267,0.7526578664245801,0.7470391460692108,0.6777237166045503,6,4,0,4
0.7676121976274932,0.4979646553119475,0.4209064365604633,0.9929963518072396,0.1180186012290781,0.7531971403930963,0.7712438091957363,0.6819236287653287,6,4,0,4
0.259615483622846,0.7190378700303236,0.378343303205103,0.6602814199718309,0.1670533507586742,0.2302606633287258,0.1453152576193053,0.3220930251064013,6,1,0,4
0.1195974353322719,0.6329155116901091,0.21203478373581,0.3520595585699266,0.4481152586717396,0.0708918708803839,0.173254280014348,0.734487019067333,6,3,0,4
0.2543240022827066,0.7169998810284326,0.3860613091384834,0.6510663741165058,0.1676053781335566,0.2217470109401934,0.1518748784878213,0.3154779979950524,6,1,0,4
0.1237026034832176,0.6285920372708708,0.2163071808396517,0.3515948073267033,0.4392183905707419,0.0667696733464845,0.1738948557102,0.7307526766900907,6,3,0,4
0.7916744740529764,0.1400200999110695,0.9486597256698788,0.9542107059401936,0.1446921035214664,0.0884977011762393,0.7662542730899681,0.2084524035394998,6,2,0,4
0.7627105088887135,0.4708749813175653,0.4362916873926575,0.983052350331664,0.1121345639685941,0.7591701335867017,0.7554291405279722,0.6727460590582748,6,4,0,4
0.7600843933574122,0.4731966816627788,0.4404304666035173,0.9803522168819552,0.1213752954109937,0.7577307885605096,0.7608177026545357,0.6718419848957403,6,4,0,4
0.7707630007500808,0.4740434681854059,0.434232432564451,0.9817021047924612,0.107427176072056,0.7667196318682928,0.7627063530691416,0.675419929604545,6,4,0,4
0.7914911957597182,0.0447831649678278,0.8369212495812252,0.1924376900033107,0.7696773904631493,0.6605278633346242,0.142280551069624,0.4184434673951338,6,0,0,4
0.7633341878350866,0.4687622108118887,0.4369946950735555,0.9823408215610012,0.1140198927563631,0.7566519287157782,0.7544762094236371,0.6755334878563075,6,4,0,4
0.1208235306010742,0.6308093140024258,0.2126878573731224,0.3470899324585536,0.4439458280655683,0.0710832633021551,0.17021700719266,0.7338421714090616,6,3,0,4
0.7993091130971288,0.0584025830360724,0.83303356252852,0.1751152723388848,0.7598293786283739,0.6595062181887736,0.1366899868651373,0.4027952257940223,6,0,0,4
0.7700273090971903,0.4614322881835153,0.4353888868660961,0.991679323546187,0.1110377773372144,0.7637586745538391,0.7512937783308651,0.6639886728282283,6,4,0,4
0.7614545320616303,0.4656578119173347,0.4389544108260004,0.9817469189947896,0.1182152211176885,0.7606020530831933,0.7558551776976808,0.6722037868258155,6,4,0,4
0.7855036919255869,0.046010827983893,0.8323511217188327,0.1832770506269322,0.7644090493300469,0.6550565305274804,0.125708152984285,0.4028172547244955,6,0,0,4
0.785444212062725,0.0497742621947171,0.8320425856963791,0.1872689195976519,0.7653771333532673,0.6588060564854888,0.1285700968182366,0.4029027880680815,6,0,0,4
0.1229171537527446,0.6315059972020066,0.216257193524746,0.3490446894362544,0.4435124342047162,0.0701511933649806,0.1707877575252519,0.7357252284688502,6,3,0,4
0.7635774822488255,0.4681479125005537,0.4386186784690643,0.9831290698097848,0.1140722272907019,0.7587083362755548,0.7544154052062746,0.6741493873131053,6,4,0,4
0.7633810366986247,0.4676770069983025,0.4362855213595146,0.9817934412398048,0.1169712693123174,0.7555504443068932,0.7539634246459672,0.6721433122479354,6,4,0,4
0.7911095880292192,0.0439182266666832,0.8297124352413638,0.1828037775933043,0.7601421009761524,0.6572710040748149,0.1255240190079267,0.4018087327569736,6,0,0,4
0.7963094672263384,0.057582336873292,0.8327416600154991,0.1911005459178171,0.7669782409699998,0.6606549221714813,0.1315603950520433,0.3905419074561977,6,0,0,4
0.2597641969306873,0.7197765924000591,0.3772382758938714,0.6596679809099405,0.1658100273133381,0.2286371152122378,0.1458076775780868,0.3209285710357171,6,1,0,4
0.7811397441292807,0.0458245780901719,0.8350284220032802,0.1892977275152,0.7684474937264504,0.6500757468214677,0.1195289747524439,0.4005489504360431,6,0,0,4
0.7807832454151912,0.0418581213727803,0.8271414320324816,0.1870905087699843,0.7648304193995916,0.6518104828172862,0.1271828646033499,0.40513251905276,6,0,0,4
0.7738380257454724,0.4549315913907946,0.4484339296612327,0.9817973459776724,0.1043929317756725,0.7389301862523865,0.7584800675161338,0.6706279453269186,6,4,0,4
0.7562641273222448,0.480070764794886,0.435468861151865,0.993409556051262,0.114065812429546,0.7521806246192424,0.7527358105400247,0.662470079988371,6,4,0,4
0.7647277105722936,0.4670169196904922,0.4398417059876159,0.9853208876138232,0.1183829608615172,0.7587756753047055,0.7533850464507745,0.677277169010067,6,4,0,4
0.759352024721012,0.4669166598673267,0.4387247601837625,0.9871867628398822,0.1119558645344071,0.7583954952427618,0.7512170018696225,0.6741454797219729,6,4,0,4
0.7687599367588486,0.4761930556861435,0.4307386982798282,0.978760302615453,0.104531095844305,0.7616955244732158,0.7439810449142769,0.6852844992617632,6,4,0,4
0.7843447464028719,0.0446686695698674,0.831740218124156,0.1852511225709199,0.7647872821418001,0.6566734582141205,0.1259077549556724,0.4024877202100975,6,0,0,4
0.7899469196841389,0.0539781966354582,0.8195514624277955,0.1880225636226134,0.7538507209494506,0.6460089653229839,0.134042871037557,0.408238258098732,6,0,0,4
0.1217034181076068,0.6289531887094313,0.2156363900566271,0.3480419955497714,0.4440067682783463,0.0684788288771237,0.1712028971709412,0.7356271419700765,6,3,0,4
0.7596287041726728,0.4710905914100403,0.4389970091857773,0.9796802836680886,0.109648910675509,0.7603955309963587,0.7364247326074224,0.6945767708626516,6,4,0,4
0.121272852378095,0.6244439680956991,0.2191451697360173,0.3494483540642909,0.441886864786649,0.0756317194053134,0.1731293107626766,0.739060046563517,6,3,0,4
0.1174342584062144,0.6274671205339348,0.2220644890738263,0.3442387890586449,0.4408572467854765,0.0662345314723021,0.1756116163885141,0.7388004911225541,6,3,0,4
0.7498006337448512,0.4557372702363191,0.4298874389951617,0.9738504828882611,0.1104175035257032,0.7685799169871603,0.7504864542406868,0.6625931559016423,6,4,0,4
0.7623878965331284,0.467757271198398,0.4377395163024415,0.9843288031066604,0.1159468104953845,0.7562392924394548,0.7548754440952052,0.6749909950109968,6,4,0,4
0.1220510169494758,0.6300007257328881,0.2199566729247442,0.3523121262937607,0.4412723506525036,0.0661026384220082,0.1722817297198982,0.7313900985419226,6,3,0,4
0.762665610969019,0.4683512331397865,0.4361708629887813,0.985954315439765,0.1175211110448159,0.7552289960798534,0.75599949301905,0.6735799857858151,6,4,0,4
0.7459124389298295,0.4756050667033361,0.4233645271679947,0.998354878801722,0.111556429542963,0.766418112932266,0.7597269963521354,0.666645985145688,6,4,0,4
0.7849745344836951,0.0477915920674954,0.8341932418445297,0.1839420580076178,0.7621124807496248,0.6545240531837849,0.1259484267988048,0.4015949165028666,6,0,0,4
0.8184851472215983,0.1325156859309056,0.9299310325919188,0.9641287411319612,0.1254213476288909,0.0869642482641152,0.763790172064649,0.2263183096512538,6,2,0,4
0.7891927019763796,0.0473514671304319,0.828581763946631,0.1836541532769775,0.7684529320079828,0.6564846806920384,0.1245637846331919,0.3994946316575579,6,0,0,4
0.7638846101332748,0.4543134505908502,0.4558767000156283,0.9899625501178196,0.1317055562979636,0.7528434514654828,0.7646642158135736,0.6473931097909287,6,4,0,4
0.7889756277748229,0.0466010247421673,0.8283128329182573,0.1793962182312252,0.7685645716638164,0.6519979566567043,0.1282363960320729,0.4035167974212207,6,0,0,4
0.7849734994388867,0.0457442667144864,0.8317491019565701,0.1833074172091888,0.7650545979941024,0.6540329026740609,0.1257830311650095,0.4031451028737645,6,0,0,4
0.1261782589770192,0.6293293193011474,0.2203566104394506,0.3465735062385312,0.445567467110803,0.0710865162783746,0.1665537104044152,0.7326613088390223,6,3,0,4
0.7702681349506737,0.4568069025046682,0.451302053945243,0.9899758323335538,0.1270084360884378,0.7360639854230137,0.7398814670840669,0.6606523895343379,6,4,0,4
0.7734523308793754,0.4606757725409883,0.4329359025474675,0.9833633502751477,0.1213392686597201,0.7503894315042795,0.748702478740415,0.6813360991708702,6,4,0,4
0.7845432552818348,0.0475725915104575,0.8251106294781912,0.1827409006622747,0.7588925500646039,0.6576243731615602,0.1267170790851298,0.3988846048164731,6,0,0,4
0.1194404549325047,0.6316384293132402,0.2141472205577355,0.3464670749756305,0.443106543384545,0.071101422440005,0.1705934689884965,0.7348472626020375,6,3,0,4
0.7847529708247367,0.0598317907206646,0.8202130133168145,0.1931153268661247,0.7648859520966365,0.6419700471111232,0.1331964214572513,0.4040399235919913,6,0,0,4
0.7650764428978031,0.4685756003139802,0.4359780164826945,0.9856758813842008,0.1150987645152884,0.7569428806366973,0.7537570995578315,0.6782506741895888,6,4,0,4
0.7849703227954942,0.0413289789648346,0.8232136138238965,0.179577695319427,0.7657152014290298,0.6571580465751725,0.1235280955531407,0.3954311414782928,6,0,0,4
0.1188605419873615,0.6401590937230397,0.2192421561973684,0.3484025688699417,0.4441755038159187,0.0690079403811963,0.1784424916902965,0.7224249392773424,6,3,0,4
0.2504531863048608,0.7170225507085588,0.4031382998538753,0.6768803704753958,0.1303512443828715,0.2068578799660733,0.1253767577231191,0.3465672715955244,6,1,0,4
0.1219933610437123,0.6284724299088819,0.2169255684678896,0.3462518662298302,0.4450679577980309,0.0676161161726303,0.1701618836116712,0.7352946609073097,6,3,0,4
0.7561395511226737,0.4675997098959844,0.4341706078669792,0.9870504297004306,0.1227887805877169,0.7520641534650115,0.7604608677115737,0.6716377538964852,6,4,0,4
0.2620896297716875,0.7204405611709949,0.3782151440273128,0.6605875792985592,0.1640986107036933,0.2274792446654665,0.1450572452045686,0.3193268690024685,6,1,0,4
0.1237483172531808,0.6159251928306949,0.2245979881373085,0.3578902193693684,0.4480511122335442,0.0552086523325575,0.1672992211978173,0.7446160025760044,6,3,0,4
0.7563598575637882,0.4764547774565408,0.4420217032264627,0.9880389082166464,0.1031939331747602,0.7522557403940815,0.7729111592559591,0.683854933431481,6,4,0,4
0.7913568496712587,0.0432243055970104,0.8255338931211182,0.1905121902126491,0.760574244598631,0.6561336060862206,0.1242350596621948,0.4068882533371132,6,0,0,4
0.7864613221799801,0.0417146107233884,0.8302093121678543,0.18015421828678,0.7631487951225764,0.6560743188926256,0.1279232732420875,0.3986667737412878,6,0,0,4
0.7601382039921077,0.4578180207633281,0.4348417952855726,0.9850444761400674,0.1172948704611633,0.761430785654254,0.7616677514544022,0.6652386010374551,6,4,0,4
0.1203172929745127,0.6237954905200137,0.2241977336405122,0.3559926183091186,0.4514616570906269,0.0684623474374528,0.1714794128868796,0.7401337046884349,6,3,0,4
0.7884891726334639,0.0439678206920944,0.8316084203325578,0.1803161050578703,0.7623474368346205,0.6509362677939092,0.1251805745320805,0.4042523072024916,6,0,0,4
0.7828060812525548,0.0500228301992202,0.8313815348152916,0.1852747215048624,0.7596339698755817,0.6480378207641717,0.1265453192100931,0.4030123006119684,6,0,0,4
0.7816655916398559,0.0492471113260543,0.8261658855914898,0.184954850895289,0.7647110811167603,0.6499817721356982,0.1236853731738115,0.4003538304937315,6,0,0,4
0.7629524403203145,0.4655919189879169,0.4362337966228415,0.9850031802869073,0.120059894301949,0.75706501347106,0.7548610070342004,0.6752283459140774,6,4,0,4
0.7574387811524862,0.4694393822766317,0.4316339095966889,0.991912700773205,0.1156555634394944,0.767091979901448,0.7605955241167281,0.6638188873600025,6,4,0,4
0.750274142307041,0.4470490884136269,0.4544694400584766,0.9904670852810684,0.1157304918711394,0.7721758734387294,0.756116580321575,0.6557289743174932,6,4,0,4
0.7638130279188995,0.4636621795289254,0.4341981750860743,0.9906192296521432,0.1160560379640072,0.7573147888000435,0.7596289605069562,0.6745806951230691,6,4,0,4
0.7868039809866219,0.0450224699056757,0.8348974959467141,0.1772954540503635,0.7590309074116571,0.6579883736960368,0.1222675464258333,0.3971052206059214,6,0,0,4
0.1201587728851698,0.6265377857809351,0.2155761188441379,0.3467913135293137,0.4440747575720549,0.0674404726470023,0.1689969068602587,0.7359812649111321,6,3,0,4
0.7918192714058039,0.0449551256548476,0.8364024445195757,0.1911112037851036,0.7698104077860758,0.6588921983656308,0.1325033916995552,0.4036072567454182,6,0,0,4
0.7838523556886818,0.0451666649767249,0.8275305049495848,0.1892937934868362,0.7717963088527431,0.6562726929670234,0.1370348178029099,0.3879387550674416,6,0,0,4
0.7669464593281977,0.4766898086801328,0.4270613334065633,0.9883620854133855,0.1146905339749159,0.7521432761791332,0.7651729082954121,0.663232300675265,6,4,0,4
0.7690800219276726,0.4732080663035777,0.4417582216334945,0.9826744566429164,0.1143681797168215,0.7552882317897432,0.7611047403536637,0.6820879585511778,6,4,0,4
0.7890013653378152,0.0499422948533026,0.8305449882593413,0.185607497865957,0.7649894942217346,0.6543590767066989,0.1282383214095351,0.3960521476140211,6,0,0,4
0.7615211274393976,0.466006153455041,0.4382783722761361,0.986380947029185,0.1185149016326471,0.754432923617958,0.7566966035115571,0.6753032990907238,6,4,0,4
0.7755835092399642,0.4508246771319235,0.4370438735045689,0.9741725090419904,0.1160311263268145,0.7345331940481469,0.7421034016828015,0.6592744400537082,6,4,0,4
0.7795299065714973,0.0507461673632893,0.8242732499908664,0.188038746961988,0.7558039036078641,0.6634998932331455,0.1168250073279215,0.4069793118670316,6,0,0,4
0.775289481094312,0.4653059027376628,0.4166829447352272,0.9777995991248144,0.1145534545217017,0.7443160244014625,0.7565022330174228,0.684327504704155,6,4,0,4
0.8123774904336631,0.1383472427316505,0.919772856374822,0.9759054619088589,0.1282967074636477,0.0953083916827891,0.7580501233229358,0.2240436029526678,6,2,0,4
0.7445220817129266,0.4898826034041589,0.4419455951030129,0.9854376980367132,0.134068099781048,0.7350024466720518,0.7526067300670177,0.6713712548495072,6,4,0,4
0.7782091093397083,0.0438554291420835,0.8258704155248873,0.1765440649321659,0.7545899056240679,0.6520193730581834,0.1237392852707006,0.3931052410034285,6,0,0,4
0.790072376374563,0.0390810077219802,0.8366728694946016,0.1870271724499785,0.7591320134782543,0.6587709662977399,0.1340204640843715,0.3978388058679243,6,0,0,4
0.1201484418143927,0.6264244593122474,0.2165414187187564,0.3473895682078609,0.4428904576321132,0.0637098521232867,0.1722271861802647,0.7324907647030383,6,3,0,4
0.1111243087501908,0.6360038535675504,0.2151192889957979,0.3355529181933229,0.4405425732432091,0.0567695357841067,0.1749439645810859,0.743672083081293,6,3,0,4
0.7546055289198222,0.4636649715550074,0.4363679751930542,0.979243798117124,0.1131929619952611,0.7590067343366869,0.7517497403907766,0.678131292442068,6,4,0,4
0.7740781980986082,0.0422429472200144,0.8349433162714853,0.1948517235169687,0.7673897709020678,0.6609037613596584,0.1331295233477635,0.391403970405285,6,0,0,4
0.7604391802415198,0.4645194103998911,0.4362313104347352,0.9840389686970744,0.1229514511658314,0.7517351459666174,0.7532871619312499,0.6756342357458762,6,4,0,4
0.7847178854428388,0.0425487596728149,0.8296577315855403,0.1789922840528735,0.761835454586602,0.6527298678804534,0.1273775601169126,0.401725912841019,6,0,0,4
0.1188886605456497,0.626283262425504,0.2214807226728389,0.342343441660036,0.453949301697282,0.0595621615215921,0.170207968383151,0.7352373776019443,6,3,0,4
0.1203661211986391,0.6344567274318115,0.2297000237964942,0.3415505758265506,0.4441787595715096,0.0685985266208583,0.161995297915709,0.7299752554462585,6,3,0,4
0.1216012626887903,0.626459807172295,0.2187876376137014,0.344341182327018,0.4458459305075956,0.0663030714267451,0.168903961094341,0.735303511629725,6,3,0,4
0.7882907436269425,0.0429755365383681,0.8287078677291796,0.1797783203635346,0.7629119304531132,0.6532173009816977,0.1257190463691407,0.4008179574592124,6,0,0,4
0.7652695284038582,0.4677843279756092,0.4346677436761629,0.988787607922124,0.1244755913047364,0.7476098548389848,0.7591699652197409,0.6770610801592488,6,4,0,4
0.7535576335961315,0.4546996983449389,0.4373314122219532,0.98203770086722,0.1170582101003009,0.7637792677179157,0.7609092410880005,0.6829405234175399,6,4,0,4
0.789763462261397,0.0397295758491712,0.8276146397201679,0.1771297094555541,0.7657820912226534,0.6503992043858794,0.1295714743492952,0.3966724134450029,6,0,0,4
0.7862538717824055,0.0427357282058755,0.8302251888656744,0.179674274251762,0.7630834264959656,0.6509954734870979,0.1262743599584044,0.4000039515592564,6,0,0,4
0.2513107099207657,0.7081819275890258,0.3819213855675121,0.6636948207201435,0.1591235825056443,0.2291975432233125,0.1350444106588665,0.3242537748319338,6,1,0,4
0.7321193596050347,0.4617539205132537,0.444623772736876,0.9867434426652408,0.1177414587857479,0.7606778756688969,0.7789432134546164,0.6613230145367471,6,4,0,4
0.2528564411584492,0.7310812063295619,0.4015071621232708,0.6464260788149648,0.1508606471203283,0.2271725350077538,0.1458560588612127,0.3249174808209157,6,1,0,4
0.2730716980386233,0.7138844067368436,0.3890114772513258,0.6493406874999947,0.1560788278556351,0.2112688330673062,0.1405890353035909,0.3206951288542597,6,1,0,4
0.7742818883095995,0.0396565351155789,0.8358888461089944,0.1724361152696616,0.7595201080033116,0.6433516656997119,0.1316194677655459,0.4117003215132474,6,0,0,4
0.7772664500052113,0.0539995378226577,0.8310670820905574,0.1786935716920182,0.7601449636778116,0.6353171748106202,0.1294618973117814,0.4125807138477113,6,0,0,4
0.7938847814520391,0.0323889753210189,0.8274013040669187,0.1825764554142472,0.7689649258816487,0.6470086319829198,0.1324369689193212,0.4029097655684818,6,0,0,4
0.7802510840915386,0.4712798450865175,0.4672507486951784,0.9962018369462808,0.1200338051481141,0.7806042380742575,0.7728955810717182,0.6573996536788745,6,4,0,4
0.7381645567824334,0.4421328479430313,0.4051017571568061,0.955088246386922,0.0965022088789667,0.7627408590562023,0.784625839781996,0.675812565532904,6,4,0,4
0.7766047638631179,0.4482385104323926,0.4231583175711342,1.0142661490589833,0.0986045996670211,0.7511052321478205,0.7540739705370368,0.6923812691553144,6,4,0,4
0.7702374830852422,0.4727833759581137,0.4665732598550798,0.9590205547402711,0.1326923750943193,0.7413110395555733,0.737257652982735,0.661841402028539,6,4,0,4
0.750277223235507,0.4603941430613045,0.4357202408946005,0.9876175637495412,0.1249850041438989,0.7580799665627292,0.7661715300750402,0.6616029206237423,6,4,0,4
0.7615257275119518,0.4659388168504299,0.4388766709744713,0.9867443708164988,0.1210804482797981,0.7520788051677728,0.7585786653932919,0.6740538783054865,6,4,0,4
0.7728328214200327,0.0524795059806525,0.8198237715463204,0.1533273359554417,0.76671124551068,0.6364532570696412,0.1146199507506548,0.4074317880574929,6,0,0,4
0.766243281976025,0.4617385179044563,0.4444683566856804,0.9858484831140566,0.1220848019590099,0.7582971687070998,0.7498496007142126,0.6755075288545,6,4,0,4
0.2872092453733634,0.7151167096508962,0.3765542835997772,0.6663195824800222,0.1511367412332925,0.2415250579006512,0.1143093654423425,0.3016927668005955,6,1,0,4
0.782628533437784,0.0357771054910146,0.8316828648026153,0.1742193984414386,0.7635968650045761,0.6547309091263495,0.1301164355341273,0.3936300737486976,6,0,0,4
0.7707445848785873,0.4581181253979244,0.4336544204410287,0.995149903405571,0.1298451374874823,0.757656728641312,0.7601701466237978,0.6667818507055384,6,4,0,4
0.7851790318122267,0.0397232906192153,0.8297291039351381,0.1802837065188052,0.7619923614457135,0.6498401355893768,0.1283673072465279,0.4002416806187885,6,0,0,4
0.7910169846043096,0.0463339555082426,0.8247254683268473,0.1888833087928211,0.771311874019395,0.6485241210177491,0.1243562524971592,0.4032022052754626,6,0,0,4
0.7634596629173246,0.4753996087026514,0.4466731230180333,0.988820980337979,0.1198235427296136,0.7531317194413477,0.7567492111109764,0.6883995986413214,6,4,0,4
0.1118285321150488,0.6223379008397273,0.2187000922810865,0.342270500703939,0.4557148097252537,0.0637736818657319,0.1768261517936083,0.7390580524284319,6,3,0,4
0.7718865285732149,0.4548122984817678,0.428408912608437,0.9838798635896222,0.1260754386953134,0.7625956237927937,0.7494735935270994,0.6846568621581481,6,4,0,4
0.788479798577176,0.042622552328944,0.830143863612363,0.1771978122558599,0.7610340785481959,0.6482067735505298,0.1242631103172991,0.3976907231482992,6,0,0,4
0.1178518544043454,0.6287210074168341,0.2256173964422131,0.3329268694153679,0.4571349467298936,0.0693448394270363,0.1784018778331495,0.7251696920295714,6,3,0,4
0.7612685914104772,0.4645978210182415,0.4379996360085028,0.9884479771579252,0.1211817298833135,0.752056065707752,0.7579428411490392,0.6748941475131777,6,4,0,4
0.7919350958456163,0.0294665355676987,0.8234658304920128,0.175409095375491,0.768882504359417,0.6512768352505579,0.1329369251962377,0.3895280238317734,6,0,0,4
0.1158250393811782,0.6282816497924955,0.2175229119816116,0.3365183473399895,0.4531000171713867,0.0699273751681236,0.1653460682961156,0.7379845680399276,6,3,0,4
0.7703018314982825,0.468351373692758,0.4289736891177022,0.9925823429867496,0.1135882919318285,0.7528219936040167,0.7556355629114001,0.6775831149654581,6,4,0,4
0.7523811887812021,0.4542220184927567,0.4252390877025231,0.9970437835170146,0.1168098505048506,0.7519053386207348,0.7481140248625112,0.6624795864985883,6,4,0,4
0.7496412048442058,0.4655568890053712,0.4497385500975863,0.972336028728072,0.1286758916556432,0.7562136414621824,0.7586623082986061,0.6749860122039278,6,4,0,4
0.7709078337340898,0.4946489964302399,0.4430857897544641,0.9631817383429442,0.096716748213205,0.7441059522854071,0.7333505602193043,0.6575966710986834,6,4,0,4
0.2740363870298656,0.7253437382150361,0.3810616079745631,0.6509325752405379,0.1509495725702747,0.2308472285953674,0.1512130577792937,0.3181301468137287,6,1,0,4
0.7946758388605839,0.0475161757451558,0.8224211591937591,0.1848985813322803,0.7592428010940073,0.6435305696559256,0.1235862477316549,0.4064822679066148,6,0,0,4
0.7737745246132064,0.042084056314472,0.8300817266449894,0.1908181244966826,0.7666561116754835,0.6602953182878831,0.1403615849075737,0.4114752704292954,6,0,0,4
0.7898388781350281,0.0425305736139638,0.8341393716217925,0.179618666569325,0.7579722803176925,0.6507481215542891,0.1305554959502191,0.3946750868923339,6,0,0,4
0.7583323511748279,0.4614386324843215,0.4419020791356476,0.9900376991459638,0.1186002815265944,0.7494742968741914,0.7627542791533682,0.67098361767528,6,4,0,4
0.7485974020815472,0.4736759711675072,0.4281988484720814,0.9981521509614432,0.1148059244219007,0.7607537649704664,0.7698456143129452,0.6859899657436873,6,4,0,4
0.7307395941714852,0.4479631785105346,0.4265176491428585,0.9728920991930126,0.132885784844662,0.7790476598032166,0.7196905305662439,0.7062325307208126,6,4,0,4
0.7570432083092075,0.4707416565624524,0.4333979752911119,0.9867889384810096,0.1248259299704565,0.7444362336316287,0.7521316259587533,0.6700960148059804,6,4,0,4
0.7864579714009187,0.0406459220286345,0.8291889069548529,0.1778613044425271,0.761860465744869,0.6487417215105559,0.1266434463318664,0.3981523870315659,6,0,0,4
0.7831552968885301,0.0477644044955082,0.8160122313874987,0.1689451007347308,0.7680684879644903,0.6515364545982965,0.1171019414129449,0.3955341336090743,6,0,0,4
0.7597286522624314,0.4631877475173546,0.4381482127539098,0.9878477062042036,0.1204995606418211,0.7523186156118523,0.7601505091223365,0.6744062656851769,6,4,0,4
0.7844051151314154,0.0416128094674946,0.8300704490004661,0.1755255512061466,0.7632715387725229,0.6471038318945889,0.1275853024317234,0.3962901868449779,6,0,0,4
0.7550681717741649,0.4713134101623968,0.4461739538713281,0.9887735489247842,0.1225815437540796,0.7464565519520884,0.7627581729004531,0.681964632929731,6,4,0,4
0.7906826540611083,0.0474016150255496,0.8240599927073937,0.1832637973687491,0.7617529640959396,0.6412666107746353,0.130434957419958,0.4029324732239501,6,0,0,4
0.7777180737814173,0.0465543303021558,0.8297496880331442,0.1728278611709466,0.7715460099443804,0.6466102920326051,0.1169424712257903,0.4014322173188699,6,0,0,4
0.7898645099013729,0.0396746572533974,0.8325515489709433,0.174783581391439,0.7631485206837489,0.6510270659034004,0.1263631377483968,0.3945172241367449,6,0,0,4
0.7541832825000291,0.4624767012199354,0.4446137291303598,0.9959119863835864,0.1147372177386256,0.744964058078915,0.7541703967444433,0.6842935896863231,6,4,0,4
0.7438097965683286,0.4587088486065793,0.4179189838906418,0.965809409348991,0.0995351732052776,0.7419147276646659,0.7429195806595708,0.6655351908261089,6,4,0,4
0.7834699705962712,0.4783501395177294,0.4495422942681205,1.00496828009366,0.1174026937650205,0.7762876940772766,0.7388783087069457,0.6578610399523105,6,4,0,4
0.2590593554712585,0.726046201347271,0.371719194256952,0.661209092197294,0.151268294755696,0.2302801401390937,0.150738094955307,0.310117551306362,6,1,0,4
0.7893207493352049,0.041797442937526,0.821327998013029,0.1775230465340779,0.7554647613870079,0.640789697394473,0.1182944494338633,0.3966324440289046,6,0,0,4
0.7686497724723849,0.4666145835607935,0.4377355974279339,0.986658450155418,0.1139403920958122,0.7556684116887108,0.7636860936628628,0.6609323153362126,6,4,0,4
0.757890501129599,0.4563055971321739,0.447521729512123,0.9894096292050992,0.1154636658703433,0.7435490874014777,0.7534179466889255,0.6732258028486588,6,4,0,4
0.787505159899403,0.0399014491943254,0.829345964806398,0.1762028972857492,0.7609638925193106,0.6481138724345749,0.1273182710413873,0.3982130175825521,6,0,0,4
0.748415280489405,0.4583208175821701,0.4459153211119599,0.9922057251426716,0.1291463633194502,0.7659489665699757,0.7515824311586173,0.6801598268468743,6,4,0,4
0.1248713208065131,0.625774133315854,0.2180640611665814,0.3456830697636216,0.4523154789017573,0.0574035062941386,0.1709130221089003,0.730283425096317,6,3,0,4
0.7801739956009346,0.0429853417760635,0.8282463676138921,0.1773532976555031,0.7625508067770966,0.655858719244559,0.1219954715943652,0.3949661198907414,6,0,0,4
0.1156179613292341,0.625221760049802,0.2094758442228398,0.3303175809737178,0.451071284719963,0.0555806134586132,0.1589669802765059,0.7475856942300976,6,3,0,4
0.733216191521146,0.4743029976640949,0.4605704767923071,1.003273324485498,0.1462048939317002,0.7271897837403674,0.7282977374445142,0.6670896191197341,6,4,0,4
0.7869960696441787,0.0416147696944865,0.8278838751704923,0.1752798710191913,0.7623157601074503,0.6476494945534821,0.1280875243895395,0.398230153508613,6,0,0,4
0.7641796014546176,0.4769440201228042,0.427181953139202,0.9968645211168772,0.1354370799471426,0.7454347276079881,0.7573548568053481,0.6883400712339927,6,4,0,4
0.7610875775197964,0.4630581370501759,0.4381207071753999,0.9900066547803082,0.1235111481537039,0.7502299088081051,0.759549240843155,0.67508251571601,6,4,0,4
0.7899328924921346,0.0417356347274015,0.8323785307750868,0.1750248383695974,0.7641444459083453,0.6443984995853682,0.1243882510251974,0.3954922183852723,6,0,0,4
0.268443945459037,0.7200102690225738,0.3760711147854149,0.662343078709484,0.1565046218223153,0.2225017789868058,0.1437004498601184,0.312841672727467,6,1,0,4
0.1250946237637074,0.6199161241407963,0.204565370279858,0.3552613459790202,0.4523972040387924,0.0621853478926884,0.1525538163902925,0.7356601606719988,6,3,0,4
0.7867280589520381,0.0399763491853036,0.829161291195153,0.1766812303349334,0.7609901957663123,0.6473643354643882,0.1269503867446734,0.3969165171515312,6,0,0,4
0.8153398925325718,0.1339054505331276,0.9315280002836828,0.9745121838285218,0.1265643293411656,0.0920487496742257,0.774429272381708,0.2240656035343087,6,2,0,4
0.7538541777596913,0.4537845650599238,0.4327551453619009,0.985669182266426,0.1244209766140719,0.7519506989780725,0.7660910233804156,0.6848656513119961,6,4,0,4
0.7886945555291364,0.0421634386725233,0.8205720434852629,0.1861064581400305,0.7654186256589786,0.6442381053711744,0.1342358369981936,0.4013128915851621,6,0,0,4
0.1322989852960553,0.6255875999442458,0.2328461168372031,0.3306047804627562,0.4369210146415739,0.0699781160075717,0.1561059594084274,0.7177958445787,6,3,0,4
0.1213051955882086,0.6228180443995633,0.2216207381145819,0.3401838519599342,0.4472817561901671,0.0636137533935852,0.1662131804435229,0.7361497531856972,6,3,0,4
0.7864161702897857,0.0531329257036665,0.821610942878044,0.1814300130156615,0.7472003975469856,0.6347090993795859,0.1286786156383483,0.3924064559570691,6,0,0,4
0.7542655962762604,0.4712203537126448,0.4313543466826818,0.994137302488986,0.1258881381458276,0.7580791383837084,0.7731698115107102,0.6866415516719437,6,4,0,4
0.1203526043434363,0.6232778246493066,0.2221827190033244,0.3406738518978396,0.4479136085738437,0.0631229953715144,0.1667428801220308,0.7368200885441785,6,3,0,4
0.7592406530450536,0.4625444215235276,0.4358272240057193,0.9921594064282898,0.123040142473758,0.7481941602683695,0.7592467356279629,0.6738537171117404,6,4,0,4
0.778786191553987,0.0402693263358894,0.8363991204070848,0.1834463568787533,0.7564637798924256,0.6442432497570413,0.1323831850155764,0.3950223865982199,6,0,0,4
0.7512270518979615,0.4705055316947247,0.4354282533011901,0.9849661260007732,0.1204311819044453,0.7591009636234594,0.7742965175552199,0.672402819375116,6,4,0,4
0.231970480370182,0.7461000194129616,0.3724505721531862,0.6319259209560975,0.1537843567355226,0.2000053067377432,0.1391073411061725,0.3441580863990626,6,1,0,4
0.1198812714809543,0.6196424088287599,0.2271569913651901,0.346265151422036,0.4440047332872269,0.0679838280344645,0.1731622493990184,0.7392588951294629,6,3,0,4
0.7842006535700385,0.0361515974135661,0.8317175522693356,0.1736845757136361,0.7572254351733215,0.6455586723377086,0.1264786169784489,0.3964480642531816,6,0,0,4
0.7437336216596483,0.4602509171401163,0.42656868147495,1.003415673109294,0.1069867688597824,0.735543641823912,0.7619691693377011,0.6757615901711368,6,4,0,4
0.1179135525428133,0.621385827361123,0.2240743003982477,0.337159048083213,0.4477802176380565,0.0667584259716135,0.1692454254960775,0.7372117603721952,6,3,0,4
0.7554085019846716,0.4546132945143282,0.445150696579717,0.9978840277334908,0.1280370516762657,0.7386116356895046,0.7634200473993772,0.6822632350470955,6,4,0,4
0.1213750640398928,0.6173206728764643,0.218284025108186,0.3459990431959505,0.4456407420644196,0.0693134598529724,0.1689616230851365,0.7297397737756166,6,3,0,4
0.7977158171112121,0.0482215048392898,0.8372511007323205,0.1657574815721724,0.7557344155726511,0.6534192565551478,0.1395452320328559,0.398151999333046,6,0,0,4
0.7828457171865684,0.0352796876311802,0.8303686848161775,0.1763932885437757,0.7595969342290505,0.6494586952825647,0.1241529767238307,0.394827104864513,6,0,0,4
0.7604759602762884,0.4622517764514899,0.4378630779996811,0.991175408479375,0.1247617187282958,0.7492627999448992,0.7605378408513329,0.6748604319234055,6,4,0,4
0.7871250948713409,0.037817228836131,0.8280086319438198,0.1740928456356516,0.7612188123591501,0.6449427774039679,0.1263962797561987,0.3945647489368065,6,0,0,4
0.7618422081072121,0.4626173529583564,0.4375482672327813,0.991991572514556,0.1244431462897707,0.7478434378159898,0.7601528450350777,0.6763367123858075,6,4,0,4
0.7931847783186522,0.0452384776000524,0.8195865947771388,0.1826493156190743,0.7586313458620181,0.6525197844194421,0.1336471654462445,0.3929224466698426,6,0,0,4
0.7621680151412382,0.4673341748509367,0.4410929596905411,0.9946135472161636,0.1274332483283131,0.7443392204083863,0.7596999633919878,0.670997066674842,6,4,0,4
0.7861054318828118,0.0374025862343781,0.8285363503531443,0.1752852772850343,0.7607019428370733,0.6464793258082197,0.1264991122404989,0.3951140551666724,6,0,0,4
0.7829364357301839,0.0334203806315768,0.8317862452150284,0.1799904168281924,0.7556842052344422,0.6470350868151146,0.1293658136538602,0.3924671010706472,6,0,0,4
0.7859575375604911,0.0368657785694866,0.8283575447776332,0.1750742241365484,0.7593615779698912,0.6459393057162229,0.1267369653649901,0.3949830840809101,6,0,0,4
0.1278056353413618,0.6179413245800455,0.222196296866001,0.3391799111195294,0.4524873166361746,0.0684889747761393,0.1631454506791918,0.7386348556212202,6,3,0,4
0.7466192553455259,0.4593158249420127,0.4492946709969163,0.998431847121983,0.1318626104968831,0.7601010804790949,0.7740476467877653,0.6765166722479257,6,4,0,4
0.1232319069998787,0.6077848105496834,0.2345737867931827,0.3406878697738941,0.4565747448414116,0.0635936778653829,0.1672326434772599,0.7348723009238329,6,3,0,4
0.743698073512915,0.4554107197813437,0.4324771775195408,0.99266561735002,0.1355954719583743,0.731305822400688,0.7723391806985467,0.6551446268395756,6,4,0,4
0.7911244902109509,0.0457217092916212,0.8401477991565615,0.162570225658939,0.7551766116692409,0.6376365968123239,0.1215431929893052,0.397025465538934,6,0,0,4
0.7836183463669677,0.0386392890536258,0.826181163885352,0.1781104724552511,0.7628240169523517,0.6430837562922328,0.126584446621109,0.3936705490057677,6,0,0,4
0.7432812799381159,0.4612857795986456,0.4567225028736688,0.993345240834292,0.1331424861024976,0.7625267503898494,0.7764758471185227,0.6701662442378125,6,4,0,4
0.750939896662068,0.4611587578526895,0.4218532766447034,1.007762622036222,0.1372221434964121,0.7581883751803135,0.7501466820257158,0.691473902923056,6,4,0,4
0.7640413021823198,0.4623627467860899,0.4360780811601927,0.995057547884435,0.1300659697043185,0.7465773803300528,0.7589465283395672,0.6723930815333508,6,4,0,4
0.1100901491696408,0.6239477797942101,0.2261100668114674,0.330509390551896,0.4530887543861718,0.0662309760873032,0.1731925865545449,0.7298807783653402,6,3,0,4
0.268127579517592,0.7247604550182724,0.3789602011776057,0.6634861897741273,0.1562212365727808,0.2215972630247623,0.1414355223645313,0.3125223965032249,6,1,0,4
0.7607604557516265,0.4573927938527484,0.4339864998710256,0.9875829447695148,0.1297078165560595,0.7418872605276675,0.7631350878846349,0.6727533200867288,6,4,0,4
0.7898155354932789,0.031109936267599,0.8323716996277131,0.1688454208735826,0.7668699808170549,0.6494140340936372,0.1246579431375315,0.4009122383819797,6,0,0,4
0.7600403134005992,0.4631613943476708,0.4384294791388941,0.9870423578255602,0.1291041628393978,0.7510552591937947,0.7601907869415113,0.677244897503451,6,4,0,4
0.7846147313148778,0.0384014216257369,0.8222278200993793,0.177482548344865,0.7554915206206738,0.646294926460714,0.13179438973655,0.3991764703363826,6,0,0,4
0.1136262901377515,0.6330579409517764,0.2285710381600115,0.3347592440289855,0.4631488995979136,0.0646018276083056,0.161152442210321,0.7406580690668587,6,3,0,4
0.7910465729728504,0.0396573059746807,0.8230985755911072,0.1732255771508856,0.7616881196819667,0.6499434015682757,0.1275280293114477,0.3968781509056751,6,0,0,4
0.1280548836297202,0.6252582513574363,0.2268711931468699,0.342273292158821,0.440286893294502,0.0669645225121184,0.1530751084373561,0.7273888818613313,6,3,0,4
0.1256080239584535,0.6328932173514835,0.212623354177262,0.3390172925245966,0.4588605360393553,0.0529544579608792,0.1680939562732467,0.7464760989454764,6,3,0,4
0.1137279689276871,0.6020751757847546,0.2296241721836046,0.3335559041527125,0.4514549228741989,0.0507715541442281,0.1714993200255181,0.7160681008478424,6,3,0,4
0.753414859412309,0.4594571987241816,0.4320826341686917,0.9986802706015304,0.1283324797200042,0.7414612921646395,0.7582177462724247,0.6701992459612485,6,4,0,4
0.7843220901907888,0.0388351106158575,0.8296820938125502,0.1711413263781373,0.7611923247035738,0.6444198231238876,0.1259469397484683,0.3974373790970685,6,0,0,4
0.2712216198711013,0.7231012783952182,0.3779457548352296,0.6611133302639498,0.1561604269721833,0.2205844700721703,0.143208098633977,0.3119209839132524,6,1,0,4
0.7525289596802994,0.4642916663824111,0.4330274675972865,0.9848842004965476,0.1263749957860947,0.7497700449974661,0.7546157376220779,0.6776077564297026,6,4,0,4
0.790575161291883,0.0495360125036937,0.8224550439272592,0.1781208840429037,0.7609170460617207,0.6466950093544984,0.1121628724562731,0.4011379422387057,6,0,0,4
0.7896176376561216,0.0343629253256001,0.8283375917080094,0.175881348011623,0.7610783741579354,0.6433638708014031,0.1278840747569183,0.3923165910881936,6,0,0,4
0.1213380027934413,0.6220691266559082,0.2245542191967825,0.337436734571353,0.4484708225077878,0.0634132704082594,0.1650955854935827,0.7361125086083764,6,3,0,4
0.125592209193945,0.6236172763448816,0.2208717832723983,0.3292593727956465,0.4466283403941363,0.0527232247599431,0.1599402724172059,0.7311710729575369,6,3,0,4
0.128974088680746,0.6169333931961998,0.2204531189696008,0.341221738820231,0.4517093212738298,0.0593678087201696,0.1630998611295543,0.7294292713472502,6,3,0,4
0.7914040983628226,0.0389164778528515,0.830017920061059,0.1779566001508008,0.7553016475365536,0.6449002648088098,0.1319610233704269,0.3967209047971243,6,0,0,4
0.7874365503856721,0.0360441226106437,0.8357505016748675,0.1695234133323379,0.7508539453976809,0.6449297079367162,0.1184514412417869,0.3971935920857053,6,0,0,4
0.787759091586442,0.0357877088590168,0.8287372433921509,0.1749110320968999,0.7595127329587898,0.6432667689747658,0.1246672428836571,0.3927487903204655,6,0,0,4
0.7714034957252078,0.4617300135649118,0.4280710165933256,0.9845403148671088,0.1284660890551038,0.751948140712145,0.754910386889678,0.6832052363168806,6,4,0,4
0.7455939949716229,0.4633468043834572,0.4445408461375144,0.9803710420105736,0.1163154167248171,0.759170350368161,0.7518689822167154,0.6675498355306735,6,4,0,4
0.764022347264707,0.4611515621980215,0.4345036560029153,0.9887642403831262,0.1224869562142451,0.7412940274796029,0.7657938436877928,0.6689114162188647,6,4,0,4
0.7598536126605465,0.4609466695937971,0.4379889050007392,0.9929262094486064,0.1271522219431086,0.7472580874148937,0.7620070476183467,0.6749980324613722,6,4,0,4
0.7792542960575767,0.0470978333821693,0.8315481311431531,0.1834191662451571,0.765218299262052,0.6469440905913326,0.130423707449526,0.3925243197730342,6,0,0,4
0.7872070892928674,0.0362470812737341,0.8275408192883357,0.1733824269779485,0.7595062344185505,0.6442990440998535,0.1266976611059714,0.3943498290101946,6,0,0,4
0.7735263175422137,0.4648203660242178,0.4494015644522642,0.9903858699980568,0.1312780823094682,0.7490695032499082,0.7504733639408158,0.6639988973524581,6,4,0,4
0.2699271040731574,0.7210777816819585,0.3741665483108016,0.6584748990685041,0.1539710704073186,0.2171041394328599,0.1451079352482322,0.3155859166383122,6,1,0,4
0.7583500842515589,0.4732538146242109,0.4374631649636541,0.9821324785762846,0.117424685588467,0.7608185598238368,0.7546247454755219,0.6791550207430807,6,4,0,4
0.755112630499378,0.468429643140104,0.4344898222749201,1.0050512580622764,0.1166329984096699,0.756104667727867,0.7672460265194716,0.6633838021923604,6,4,0,4
0.1206162841706711,0.6154728677548578,0.2217113183164838,0.338479448232694,0.4522568093247447,0.059125790224239,0.1670318431250078,0.7396329539755114,6,3,0,4
0.2747506875834811,0.7203991906410326,0.3848721753147286,0.6589894222101275,0.1597741920432476,0.2174267562532596,0.1369574541419434,0.3115766425772511,6,1,0,4
0.7916766764669445,0.4529948015860048,0.4299207955779832,0.966177967782848,0.134086023959923,0.7670936774248398,0.7892604525644735,0.6919752504551727,6,4,0,4
0.7525791174442161,0.4594577771043955,0.4409628964449847,0.993978553224246,0.1323903912570558,0.7444226456395897,0.7635731437178678,0.6748113802903797,6,4,0,4
0.7629387157651697,0.4573790649778451,0.446791974410186,0.9897376269807664,0.1306532055500628,0.7473304676432421,0.7718052548121711,0.6752612389521724,6,4,0,4
0.7699916429576956,0.4551174364724115,0.4356078660615213,0.9924361684445168,0.1117182004865784,0.7413809197282397,0.7775672806281395,0.6733311961750901,6,4,0,4
0.1225711389152873,0.617354564160655,0.2346526981101946,0.3423057661967067,0.4384253163032163,0.0495516855824542,0.1632626385036717,0.7345880344120338,6,3,0,4
0.7917164264108153,0.0391362147215907,0.8319330612235231,0.1742588800147119,0.7614805327057131,0.6436393231171431,0.1264111103614484,0.3905504754410104,6,0,0,4
0.7860545578811556,0.0342495908942325,0.8294861681833212,0.1743096355752613,0.7584650822091618,0.6462249250149613,0.127289479364683,0.3939113399928874,6,0,0,4
0.1236878617154856,0.6213438287561084,0.2206172788127083,0.3363577389372336,0.4485358539507516,0.055288898949284,0.1628371931376504,0.7373471991465936,6,3,0,4
0.2727441487548849,0.7343695985401106,0.3760888242244815,0.6696765313375153,0.1459688234673961,0.2238385010815873,0.1306243255060592,0.3208469847472207,6,1,0,4
0.7915389049035304,0.043843868790715,0.8321698526453197,0.1632195232321801,0.7580244894683642,0.6376162673921364,0.1320639898219402,0.3931446035990428,6,0,0,4
0.7607139479787842,0.4623809438860363,0.4365170816009101,0.9970874641631262,0.1301743867599403,0.7485562346822725,0.7610652621841129,0.6746143566080036,6,4,0,4
0.1198870452608963,0.6175056682164837,0.2243265319610508,0.3367246658273329,0.4481856260905962,0.0614381152440606,0.1646676103399202,0.736644708728871,6,3,0,4
0.7568309523094331,0.4495420354179773,0.4494983187345036,0.9980644230217028,0.1365828978678867,0.7522457050992668,0.7727917521894845,0.6634003601988756,6,4,0,4
0.1181726436530913,0.6201509292365734,0.2177965874509145,0.3341099205192844,0.4547961256984816,0.0583582885070274,0.1635857741874868,0.7290474078477218,6,3,0,4
0.8269120223463772,0.1295860847655103,0.9379876594164406,0.973775236713117,0.1171608370899586,0.087382744496904,0.7649012377681116,0.2161931333554373,6,2,0,4
0.1119232223347651,0.6130841045881852,0.2212771097422012,0.3411413141682032,0.4441632090456136,0.0626861267491758,0.1682007395290365,0.7347578032939103,6,3,0,4
0.76082066459889,0.4604874621320799,0.4385180860598775,0.9977866621636776,0.1276989048803634,0.7507298432629553,0.7640984338091593,0.6816484566600489,6,4,0,4
0.117427255754561,0.6128257617305779,0.2226946208862357,0.3301082702261589,0.4539737948630634,0.0591469182287466,0.1651143917615512,0.7314530312701082,6,3,0,4
0.1225309435758373,0.6212675481117341,0.2198071045981197,0.3311231567008665,0.4519613412032477,0.0568805978797319,0.1642914184807095,0.7393026956153088,6,3,0,4
0.1236397719715387,0.6211485149579427,0.2271263969667232,0.3367308783479797,0.4499167273129096,0.0628507016448312,0.1634317685383616,0.7384814572713194,6,3,0,4
0.7490030717325744,0.474299594608331,0.4399343740470974,1.0065438811226963,0.1338163647736736,0.7538450639044719,0.7563769453042901,0.6733902207880674,6,4,0,4
0.2853378616552696,0.7627708199001488,0.3869535611975959,0.6737622708318507,0.2007008746012152,0.2125664091829176,0.1292235687973197,0.2882086131042262,6,1,0,4
0.7650922582231083,0.4661354311216371,0.456359370684056,0.9869874719905414,0.1394262512066209,0.7665513190177623,0.7582277163630982,0.6691731754869823,6,4,0,4
0.7584705302483947,0.4587273702059471,0.4376024958874125,0.9942104670973466,0.1286043202954679,0.7457773087259411,0.7625928885661741,0.6741229429198543,6,4,0,4
0.7439207388815459,0.4406102806114395,0.4363437344535261,0.9992277834934964,0.1211963074371596,0.7428384980666953,0.7476835579718395,0.6805439561849311,6,4,0,4
0.762082894136155,0.4606608301410833,0.4358934774022828,0.9922362019784204,0.1287268613169853,0.7433564037697308,0.7607497201994571,0.6748527207696399,6,4,0,4
0.7537163322729044,0.4560666535113692,0.4351546294289574,0.99404672865674,0.1193747769240483,0.7507762857546938,0.7522393545213636,0.6655672877233946,6,4,0,4
0.1288535603299984,0.6088104133447771,0.2224828623029252,0.3444288735802596,0.4501659485479324,0.0653302799173884,0.170282402650602,0.7352572583728522,6,3,0,4
0.7929323584781764,0.0386393914798564,0.8359879047210085,0.1688882884883436,0.7564815316356956,0.6328583413391653,0.1207202097181446,0.3982982298489483,6,0,0,4
0.7905869484434142,0.0356022952867459,0.8270678800156795,0.1752667191798445,0.7574261145929416,0.6438944195527249,0.1284284751913736,0.396974302073008,6,0,0,4
0.7615932454260584,0.4616674697313428,0.4347606896992864,0.9919181971948824,0.1271000420349913,0.7432537518040827,0.7654960127858069,0.6742321295638883,6,4,0,4
0.782038994088986,0.0268133396974451,0.8218436753128345,0.1875257506784083,0.7757746758936171,0.6260782991893792,0.1404464218561676,0.3850801031788389,6,0,0,4
0.7890280408578192,0.037497595923633,0.8281950912609668,0.1689780751377486,0.75951796744732,0.6436358353836973,0.1244157009060642,0.3958737612068231,6,0,0,4
0.7610037993260138,0.4617333217268309,0.4352842793604104,0.9927795396552574,0.1256687894430745,0.7493774208266698,0.7618109049467074,0.6760762564194213,6,4,0,4
0.7581916617209649,0.4553772696393021,0.4261517218860056,0.9907344859274562,0.1358416113773576,0.7348377594859645,0.7641839236145263,0.682379915318212,6,4,0,4
0.7716855792782811,0.0510895175560539,0.8203449220810868,0.1576610139761969,0.7641083693866173,0.6444800564361888,0.1174786998088207,0.407229794168865,6,0,0,4
0.7602289265160025,0.457997686614426,0.4366009063290166,0.9943043046133234,0.1286380089397583,0.748061178324738,0.7611858915204911,0.6694392091692798,6,4,0,4
0.1184709175982844,0.615668420897549,0.2282946317891975,0.3321037295711971,0.4485856188032154,0.0621274222862723,0.1628493346049068,0.7339176729972615,6,3,0,4
0.7894443811289295,0.0333149817739433,0.8124338429498518,0.160228539633065,0.7478838657869393,0.6596666640301395,0.1231755803328801,0.3967670068493812,6,0,0,4
0.757692665297687,0.4628626468698971,0.4432460905453377,0.995233971709696,0.1311710707260273,0.7447314918073507,0.7600273258336413,0.6743018118847969,6,4,0,4
0.1181093302266725,0.6186741836742201,0.226048199524745,0.3331119168503267,0.4463790369331462,0.0617431803535457,0.1621952765675541,0.7341921030161677,6,3,0,4
0.7912678577773573,0.0349114407093335,0.8291818974930284,0.1710671349323119,0.7552027794601344,0.6376952031213506,0.1305344360452277,0.3961071799399886,6,0,0,4
0.7617845329999021,0.457130225487628,0.4381961292845472,0.9921165677750708,0.128225942706218,0.7436913281072784,0.7639665939752318,0.6756435662587799,6,4,0,4
0.7528952414784655,0.455536228220572,0.4525413716367778,0.9855812472341065,0.1239594474299307,0.7587880042462593,0.743703765403083,0.664026489149495,6,4,0,4
0.762140493439226,0.4573353420559548,0.4431784697152837,0.9962100481612508,0.1258048274476829,0.7436168067378234,0.761395037755641,0.6782219035140209,6,4,0,4
0.7896723475919634,0.0325168714164821,0.8300866057791533,0.171654678864295,0.7627051757155938,0.637440209245629,0.1314669455326251,0.3945408772162672,6,0,0,4
0.7498575707495188,0.4662516474766007,0.4399908022001998,1.0015420903691843,0.1204458444977108,0.7449129314397989,0.7630031823944717,0.6755741584432369,6,4,0,4
0.7617557684019994,0.4591990127690761,0.4360648926266127,0.997511821935754,0.1312792711624644,0.7435415247133271,0.7631457815597673,0.6753653582319918,6,4,0,4
0.7880814697942827,0.0335366638444181,0.8240130897000615,0.1751460035431676,0.7711968776600757,0.6368207988523229,0.1271752233495195,0.388758075178117,6,0,0,4
0.7955872233905779,0.0418746972157293,0.8185682961189648,0.1667407910829099,0.7618187934104402,0.6472215745568466,0.1289407695315746,0.3947351196982359,6,0,0,4
0.7486024054289526,0.4543484189352768,0.4408360968920902,1.0055566952961157,0.1372874447806618,0.7337610219271434,0.7589353003925513,0.686876875962836,6,4,0,4
0.2588584257606189,0.7282342652592411,0.3774040395648511,0.6705949690862091,0.1528949221575389,0.213426816323087,0.1522817285691951,0.2972486420343566,6,1,0,4
0.7887580394047966,0.0246071216458218,0.8291806912286999,0.1670047657236241,0.7565103161058274,0.6310761022053987,0.1361393479118149,0.3990164762267805,6,0,0,4
0.1246943489619788,0.6114691926962242,0.2226141554749321,0.3412607630882769,0.4574105291530736,0.0512017967395301,0.1715093124447123,0.7308791333239203,6,3,0,4
0.1249101949188718,0.612917120303865,0.2211808096107142,0.339297595014316,0.449567416718473,0.0550236425840647,0.1608638025698098,0.7336323553845512,6,3,0,4
0.7872692807243813,0.0331766753024082,0.8260148768857701,0.1696332817346251,0.7574822228560233,0.6407711007675393,0.1274650061680095,0.3912038721282552,6,0,0,4
0.7745434372456305,0.4459593014732044,0.4312579365639849,0.9919497246458172,0.1443689581396004,0.7456098222035181,0.7677404398557394,0.6694206067647175,6,4,0,4
0.789790051407607,0.0315883376871009,0.8297303203392675,0.1710226044464539,0.7571041728005582,0.6421358374142615,0.1254172770259614,0.3885363197435502,6,0,0,4
0.7835059261309772,0.0314275613507898,0.8165167676614395,0.1639114160137356,0.7496568825103368,0.6339214753478267,0.1223676422800075,0.3988700335256219,6,0,0,4
0.7847720120737837,0.0297423718668829,0.825663866197221,0.1715247645473631,0.7594161240725211,0.6415518317488341,0.126257966798927,0.3902221877012983,6,0,0,4
0.7905544896945413,0.0305478049592452,0.8253202793398885,0.17314186810323,0.7586871404390069,0.6388754889075089,0.125611962114435,0.3889346736734518,6,0,0,4
0.2928725252549185,0.7016630851966426,0.3793703809666569,0.6686694613657135,0.1410280212216663,0.2424137220121673,0.115744595185759,0.313076797683626,6,1,0,4
0.763372938795817,0.4683728846182823,0.4433691837249104,0.9894469963825606,0.12654957546607,0.7564369535921562,0.774963993561447,0.6640440446540481,6,4,0,4
0.7905535226741239,0.0301021142221089,0.8196914472655717,0.1760373057085477,0.7643345938490934,0.6468297378666941,0.1292593223705729,0.3873424817387752,6,0,0,4
0.7871217352761168,0.0327864572648247,0.8233651514404929,0.1729261859674663,0.7565283058296509,0.6406097690253575,0.1294572177662825,0.3934258345964228,6,0,0,4
0.7631335138903619,0.4585779141793984,0.4357199319379843,0.9911728974437436,0.1256718687330476,0.7478384672911439,0.7640706505175793,0.6745336942424975,6,4,0,4
0.139075793078372,0.6016435927453597,0.236169015116454,0.3294063435327803,0.4532371202601764,0.0776844698956523,0.17317224849547,0.7403418764980232,6,3,0,4
0.1134950203873915,0.619402344398456,0.2195406567810162,0.3450716046181979,0.4399240996605189,0.0503482304001226,0.1617815065133383,0.7420971594738411,6,3,0,4
0.8285045342400333,0.1183349268020642,0.9270645908708258,0.9651125247258232,0.1036358368691881,0.0762003266031458,0.772983761463053,0.2046607448114911,6,2,0,4
0.7566731668694482,0.4660236510273053,0.4320776063291018,0.989580904078066,0.1445894423612211,0.7570496418657159,0.7770606770635097,0.6763933346046785,6,4,1,4
0.115235169186259,0.5980606646458299,0.2270698035234762,0.3320594048126544,0.4541602635796399,0.0750953918765734,0.1593729757983604,0.7351120350436012,6,3,1,4
0.7550038626851733,0.4513221317594149,0.4407642699018996,1.0027362148254375,0.1259604134202982,0.7510705101629055,0.7530143896670801,0.6739228366267155,6,4,1,4
0.7566731668694482,0.4660236510273053,0.4320776063291018,0.989580904078066,0.1445894423612211,0.7570496418657159,0.7770606770635097,0.6763933346046785,6,4,1,4
0.115235169186259,0.5980606646458299,0.2270698035234762,0.3320594048126544,0.4541602635796399,0.0750953918765734,0.1593729757983604,0.7351120350436012,6,3,1,4
0.7550038626851733,0.4513221317594149,0.4407642699018996,1.0027362148254375,0.1259604134202982,0.7510705101629055,0.7530143896670801,0.6739228366267155,6,4,1,4
0.7566731668694482,0.4660236510273053,0.4320776063291018,0.989580904078066,0.1445894423612211,0.7570496418657159,0.7770606770635097,0.6763933346046785,6,4,1,4
0.115235169186259,0.5980606646458299,0.2270698035234762,0.3320594048126544,0.4541602635796399,0.0750953918765734,0.1593729757983604,0.7351120350436012,6,3,1,4
0.7550038626851733,0.4513221317594149,0.4407642699018996,1.0027362148254375,0.1259604134202982,0.7510705101629055,0.7530143896670801,0.6739228366267155,6,4,1,4
0.7566731668694482,0.4660236510273053,0.4320776063291018,0.989580904078066,0.1445894423612211,0.7570496418657159,0.7770606770635097,0.6763933346046785,6,4,1,4
0.115235169186259,0.5980606646458299,0.2270698035234762,0.3320594048126544,0.4541602635796399,0.0750953918765734,0.1593729757983604,0.7351120350436012,6,3,1,4
0.7550038626851733,0.4513221317594149,0.4407642699018996,1.0027362148254375,0.1259604134202982,0.7510705101629055,0.7530143896670801,0.6739228366267155,6,4,1,4
0.7566731668694482,0.4660236510273053,0.4320776063291018,0.989580904078066,0.1445894423612211,0.7570496418657159,0.7770606770635097,0.6763933346046785,6,4,1,4
0.115235169186259,0.5980606646458299,0.2270698035234762,0.3320594048126544,0.4541602635796399,0.0750953918765734,0.1593729757983604,0.7351120350436012,6,3,1,4
0.7550038626851733,0.4513221317594149,0.4407642699018996,1.0027362148254375,0.1259604134202982,0.7510705101629055,0.7530143896670801,0.6739228366267155,6,4,1,4
0.7566731668694482,0.4660236510273053,0.4320776063291018,0.989580904078066,0.1445894423612211,0.7570496418657159,0.7770606770635097,0.6763933346046785,6,4,1,4
0.115235169186259,0.5980606646458299,0.2270698035234762,0.3320594048126544,0.4541602635796399,0.0750953918765734,0.1593729757983604,0.7351120350436012,6,3,1,4
0.7550038626851733,0.4513221317594149,0.4407642699018996,1.0027362148254375,0.1259604134202982,0.7510705101629055,0.7530143896670801,0.6739228366267155,6,4,1,4
0.7566731668694482,0.4660236510273053,0.4320776063291018,0.989580904078066,0.1445894423612211,0.7570496418657159,0.7770606770635097,0.6763933346046785,6,4,1,4
0.115235169186259,0.5980606646458299,0.2270698035234762,0.3320594048126544,0.4541602635796399,0.0750953918765734,0.1593729757983604,0.7351120350436012,6,3,1,4
0.7550038626851733,0.4513221317594149,0.4407642699018996,1.0027362148254375,0.1259604134202982,0.7510705101629055,0.7530143896670801,0.6739228366267155,6,4,1,4
0.7566731668694482,0.4660236510273053,0.4320776063291018,0.989580904078066,0.1445894423612211,0.7570496418657159,0.7770606770635097,0.6763933346046785,6,4,1,4
0.115235169186259,0.5980606646458299,0.2270698035234762,0.3320594048126544,0.4541602635796399,0.0750953918765734,0.1593729757983604,0.7351120350436012,6,3,1,4
0.7550038626851733,0.4513221317594149,0.4407642699018996,1.0027362148254375,0.1259604134202982,0.7510705101629055,0.7530143896670801,0.6739228366267155,6,4,1,4
0.7566731668694482,0.4660236510273053,0.4320776063291018,0.989580904078066,0.1445894423612211,0.7570496418657159,0.7770606770635097,0.6763933346046785,6,4,1,4
0.115235169186259,0.5980606646458299,0.2270698035234762,0.3320594048126544,0.4541602635796399,0.0750953918765734,0.1593729757983604,0.7351120350436012,6,3,1,4
0.7550038626851733,0.4513221317594149,0.4407642699018996,1.0027362148254375,0.1259604134202982,0.7510705101629055,0.7530143896670801,0.6739228366267155,6,4,1,4
0.7566731668694482,0.4660236510273053,0.4320776063291018,0.989580904078066,0.1445894423612211,0.7570496418657159,0.7770606770635097,0.6763933346046785,6,4,1,4
0.115235169186259,0.5980606646458299,0.2270698035234762,0.3320594048126544,0.4541602635796399,0.0750953918765734,0.1593729757983604,0.7351120350436012,6,3,1,4
0.7550038626851733,0.4513221317594149,0.4407642699018996,1.0027362148254375,0.1259604134202982,0.7510705101629055,0.7530143896670801,0.6739228366267155,6,4,1,4
