0,1,2,3,4,5,6,7,8,9,10,11,12,13,14,15,cluster,E0,E1,E2,E3,Wa0,Wa1,Wa2,Wa3,G0,G1,G2,G3,We0,We1,We2,We3
0.6597804637395167,0.2901455352738037,0.298347311297484,0.1603354711396152,0.1728310502283105,0.0079768177028451,0.0611556023884791,0.0638145416227608,0.4032258064516129,0.0,0.1075268817204301,0.0376344086021505,0.4351145038167938,0.4708969465648855,0.5806297709923663,0.5276717557251908,24,,,,,,,,,,,,,,,,
0.3835101134681796,0.2309447459299457,0.2429699062654168,0.4278490379871732,0.1462416578854935,0.0212715138742536,0.026589392342817,0.0478609062170706,0.3333333333333333,0.0161290322580645,0.032258064516129,0.1021505376344086,0.4923664122137405,0.4279580152671755,0.4332061068702289,0.3707061068702289,24,,,,,,,,,,,,,,,,
0.5514923532313766,0.3344844597927973,0.3114824864331525,0.1652072027627035,0.1489005971197752,0.0452019669827889,0.0319072708113804,0.0717913593256059,0.3064516129032258,0.075268817204301,0.0483870967741935,0.064516129032258,0.3005725190839694,0.3897900763358778,0.4518129770992365,0.3955152671755724,24,,,,,,,,,,,,,,,,
0.6282067094227924,0.2717069560927479,0.3460162802170696,0.1970276270350272,0.1701721109940288,0.0106357569371268,0.0425430277485072,0.0478609062170706,0.3870967741935484,0.0,0.0483870967741935,0.0591397849462365,0.3315839694656488,0.4055343511450381,0.4770992366412213,0.4098282442748091,24,,,,,,,,,,,,,,,,
0.3739516526887025,0.4023186975826345,0.2976689689195856,0.1007030093734583,0.1675131717597471,0.0,0.0398840885142255,0.053178784685634,0.3440860215053763,0.0,0.0591397849462365,0.1236559139784946,0.3225190839694656,0.407442748091603,0.4985687022900762,0.4136450381679388,24,,,,,,,,,,,,,,,,
0.2969289590527874,0.383756783423779,0.3161692155895412,0.0588307844104587,0.1435827186512118,0.0053178784685634,0.0319072708113804,0.0106357569371268,0.2956989247311828,0.0053763440860215,0.032258064516129,0.0053763440860215,0.3129770992366412,0.411736641221374,0.5233778625954197,0.4599236641221373,24,,,,,,,,,,,,,,,,
0.2031327084361124,0.2779970399605329,0.2539467192895905,0.011655155402072,0.106357569371268,0.0132946961714085,0.0452019669827889,0.0,0.2580645161290322,0.0053763440860215,0.086021505376344,0.0,0.3668893129770992,0.474236641221374,0.5505725190839694,0.4713740458015267,24,,,,,,,,,,,,,,,,
0.1520103601381351,0.196225949679329,0.2146645288603848,0.0922545633941785,0.1143343870741131,0.0053178784685634,0.0159536354056902,0.0584966631541974,0.2365591397849462,0.0,0.0268817204301075,0.0806451612903225,0.4451335877862595,0.5295801526717556,0.6273854961832059,0.5467557251908397,43,,,,,,,,,,,,,,,,
0.3556980759743464,0.0419955599407992,0.1801924025653675,0.2954489393191909,0.1489005971197752,0.0292483315770987,0.0452019669827889,0.0877449947312961,0.3225806451612903,0.0483870967741935,0.0698924731182795,0.1397849462365591,0.4875954198473281,0.513358778625954,0.6436068702290076,0.6030534351145036,24,,,,,,,,,,,,,,,,
0.3013690182535767,0.0788110508140108,0.1406018746916626,0.2136778490379872,0.2180330172110994,0.0106357569371268,0.0372251492799438,0.0584966631541974,0.4354838709677419,0.0053763440860215,0.0483870967741935,0.1021505376344086,0.5224236641221374,0.5257633587786259,0.4952290076335876,0.4842557251908396,24,,,,,,,,,,,,,,,,
0.4622594967932906,0.3804884065120868,0.2000493339911199,0.0575357671435619,0.2020793818054092,0.0079768177028451,0.0398840885142255,0.0186125746399719,0.3763440860215054,0.0,0.064516129032258,0.021505376344086,0.444179389312977,0.5157442748091602,0.5706106870229006,0.47662213740458,24,,,,,,,,,,,,,,,,
0.3415762210162803,0.099161322150962,0.1948075974346324,0.2717069560927479,0.1648542325254654,0.0053178784685634,0.0345662100456621,0.0638145416227608,0.3709677419354839,0.0,0.053763440860215,0.032258064516129,0.4193702290076335,0.4661259541984732,0.5639312977099237,0.5209923664122137,24,,,,,,,,,,,,,,,,
0.3494079921065614,0.198322644301924,0.2469166255550074,0.2853354711396152,0.1834668071654373,0.0106357569371268,0.0319072708113804,0.0611556023884791,0.3870967741935484,0.0,0.043010752688172,0.0376344086021505,0.4365458015267175,0.4957061068702289,0.5877862595419846,0.5219465648854962,24,,,,,,,,,,,,,,,,
0.1642205229403059,0.1784040453872718,0.2556117414898865,0.5558707449432659,0.079768177028451,0.0079768177028451,0.1169933263083948,0.1223112047769582,0.1612903225806451,0.010752688172043,0.2365591397849462,0.1236559139784946,0.45706106870229,0.5038167938931297,0.6068702290076337,0.5534351145038168,24,,,,,,,,,,,,,,,,
0.1688455846077947,0.1636038480513073,0.2554884065120869,0.1251233349777997,0.1010396909027046,0.0212715138742536,0.0372251492799438,0.0319072708113804,0.2204301075268817,0.0161290322580645,0.043010752688172,0.043010752688172,0.4794847328244274,0.47662213740458,0.5882633587786258,0.4813931297709923,24,,,,,,,,,,,,,,,,
0.2755303404045388,0.2363714849531327,0.2813270843611248,0.1986309817464233,0.1621952932911837,0.0106357569371268,0.0425430277485072,0.0372251492799438,0.3387096774193548,0.010752688172043,0.0698924731182795,0.0806451612903225,0.3549618320610686,0.4460877862595419,0.480916030534351,0.4160305343511449,24,,,,,,,,,,,,,,,,
0.4806364084854465,0.2601134681795757,0.2882338431179082,0.3413295510606808,0.1728310502283105,0.0053178784685634,0.0425430277485072,0.0824271162627327,0.3924731182795699,0.0053763440860215,0.075268817204301,0.1774193548387097,0.4107824427480915,0.4475190839694656,0.5458015267175571,0.4704198473282441,24,,,,,,,,,,,,,,,,
0.4939565860878144,0.3115441539220523,0.302910705476073,0.158732116428219,0.1409237794169301,0.0478609062170706,0.0398840885142255,0.0239304531085353,0.2365591397849462,0.1021505376344086,0.0483870967741935,0.021505376344086,0.381679389312977,0.5066793893129771,0.5567748091603054,0.4489503816793893,24,,,,,,,,,,,,,,,,
0.4073137641835225,0.2176245683275777,0.1753206709422792,0.0670325604341391,0.1356059009483667,0.0106357569371268,0.0372251492799438,0.0319072708113804,0.2688172043010752,0.0,0.043010752688172,0.0483870967741935,0.4646946564885496,0.5176526717557252,0.6049618320610686,0.5176526717557252,24,,,,,,,,,,,,,,,,
0.2620251603354712,0.1444869264923532,0.2810187469166255,0.2657252096694623,0.1781489286968739,0.0079768177028451,0.0478609062170706,0.1276290832455216,0.3548387096774194,0.0,0.0483870967741935,0.2150537634408602,0.3854961832061068,0.4833015267175571,0.5667938931297708,0.5357824427480916,24,,,,,,,,,,,,,,,,
0.2181795757276764,0.1161815490873211,0.1147015293537247,0.5721509620128269,0.1356059009483667,0.0132946961714085,0.026589392342817,0.1621952932911837,0.3118279569892473,0.0161290322580645,0.032258064516129,0.1182795698924731,0.513358778625954,0.5963740458015268,0.6526717557251906,0.5720419847328244,43,,,,,,,,,,,,,,,,
0.2446965959546127,0.0277503700049333,0.0577207696102614,0.3682782437099162,0.1435827186512118,0.0079768177028451,0.0691324200913242,0.053178784685634,0.2956989247311828,0.0,0.0591397849462365,0.053763440860215,0.5486641221374045,0.6054389312977099,0.6006679389312977,0.5458015267175571,43,,,,,,,,,,,,,,,,
0.3659965466206216,0.0618524913665515,0.1285150468672915,0.1100764676862358,0.1941025641025641,0.0053178784685634,0.0372251492799438,0.0186125746399719,0.4086021505376344,0.0,0.032258064516129,0.0376344086021505,0.5252862595419847,0.552003816793893,0.5586832061068702,0.5257633587786259,24,,,,,,,,,,,,,,,,
0.3205476073014307,0.1620004933399112,0.1976443019240256,0.1814257523433646,0.2020793818054092,0.0,0.0319072708113804,0.0186125746399719,0.3978494623655914,0.0,0.0268817204301075,0.0161290322580645,0.5291030534351144,0.5448473282442747,0.5896946564885496,0.5916030534351143,24,,,,,,,,,,,,,,,,
0.4509743463246177,0.1451036013813517,0.2304514060187469,0.1817957572767637,0.1568774148226203,0.0079768177028451,0.0584966631541974,0.0398840885142255,0.2688172043010752,0.0053763440860215,0.0698924731182795,0.021505376344086,0.5162213740458014,0.5009541984732824,0.5901717557251908,0.5310114503816793,24,,,,,,,,,,,,,,,,
0.4160088801184016,0.221262950172669,0.2242229896398619,0.0381105081401085,0.1462416578854935,0.0106357569371268,0.0505198454513523,0.0159536354056902,0.2956989247311828,0.0,0.075268817204301,0.010752688172043,0.4446564885496182,0.515267175572519,0.5830152671755725,0.5171755725190839,24,,,,,,,,,,,,,,,,
0.5043783917118895,0.0505056734089787,0.1807474099654662,0.3668598914652196,0.1834668071654373,0.0053178784685634,0.079768177028451,0.0505198454513523,0.3225806451612903,0.0,0.1344086021505376,0.043010752688172,0.4856870229007634,0.5329198473282443,0.5820610687022901,0.5596374045801525,24,,,,,,,,,,,,,,,,
0.4753330044400592,0.1805007400098668,0.1599037987173162,0.0585841144548593,0.2233508956796628,0.0079768177028451,0.0319072708113804,0.0505198454513523,0.3118279569892473,0.0,0.032258064516129,0.0967741935483871,0.5238549618320609,0.5424618320610687,0.5901717557251908,0.5596374045801525,24,,,,,,,,,,,,,,,,
0.1814874198322644,0.1835224469659595,0.2138011840157868,0.3735816477553034,0.0824271162627327,0.0159536354056902,0.0771092377941693,0.0478609062170706,0.1774193548387097,0.0161290322580645,0.0698924731182795,0.0483870967741935,0.480916030534351,0.4751908396946565,0.5968511450381679,0.5219465648854962,24,,,,,,,,,,,,,,,,
0.9040453872718304,0.2202146028613715,0.2070177602368032,0.1001480019733596,0.345662100456621,0.0106357569371268,0.026589392342817,0.0132946961714085,0.5645161290322581,0.0,0.032258064516129,0.010752688172043,0.4833015267175571,0.5100190839694656,0.5601145038167937,0.4928435114503817,24,,,,,,,,,,,,,,,,
0.1476319684262457,0.2133695115934879,0.2821904292057227,0.147076961026147,0.0319072708113804,0.0,0.0239304531085353,0.0106357569371268,0.0591397849462365,0.0,0.032258064516129,0.0,0.4184160305343511,0.482824427480916,0.5658396946564884,0.498091603053435,24,,,,,,,,,,,,,,,,
0.1857424765663542,0.2099161322150962,0.2303280710409472,0.2325481006413419,0.0584966631541974,0.0,0.0159536354056902,0.026589392342817,0.0967741935483871,0.0,0.0161290322580645,0.032258064516129,0.4427480916030533,0.4561068702290075,0.498091603053435,0.4833015267175571,24,,,,,,,,,,,,,,,,
0.1920325604341391,0.1885175135668475,0.2506783423778919,0.128761716822891,0.0398840885142255,0.0053178784685634,0.0212715138742536,0.0132946961714085,0.0698924731182795,0.0,0.021505376344086,0.0161290322580645,0.4756679389312976,0.4804389312977098,0.5744274809160304,0.5181297709923663,24,,,,,,,,,,,,,,,,
0.1542303897385298,0.2033793783917119,0.2255180069067588,0.1180932412432166,0.0478609062170706,0.0026589392342817,0.0132946961714085,0.0159536354056902,0.0913978494623656,0.0,0.0161290322580645,0.010752688172043,0.4532442748091602,0.4928435114503817,0.5992366412213739,0.5100190839694656,24,,,,,,,,,,,,,,,,
0.1952392698569314,0.2139245189935865,0.222496299950666,0.0855944745929945,0.0478609062170706,0.0026589392342817,0.0079768177028451,0.0132946961714085,0.1075268817204301,0.0,0.010752688172043,0.0053763440860215,0.3993320610687022,0.5372137404580152,0.6474236641221374,0.5768129770992365,24,,,,,,,,,,,,,,,,
0.0871978293043907,0.0838061174148988,0.259990133201776,0.0918228909718796,0.0452019669827889,0.0053178784685634,0.0345662100456621,0.0106357569371268,0.086021505376344,0.0,0.021505376344086,0.0161290322580645,0.4799618320610686,0.5811068702290075,0.6922709923664121,0.640267175572519,43,,,,,,,,,,,,,,,,
0.1396768623581648,0.0090034533793783,0.1174148988653182,0.5017883571780958,0.0505198454513523,0.0053178784685634,0.1701721109940288,0.0824271162627327,0.0913978494623656,0.0,0.2473118279569892,0.1021505376344086,0.5505725190839694,0.6164122137404578,0.7261450381679388,0.590648854961832,43,,,,,,,,,,,,,,,,
0.36248149975333,0.0140601874691662,0.087074494326591,0.0830044400592008,0.1169933263083948,0.0,0.0292483315770987,0.0398840885142255,0.1935483870967742,0.0,0.0268817204301075,0.075268817204301,0.4966603053435114,0.5100190839694655,0.5634541984732823,0.5038167938931297,24,,,,,,,,,,,,,,,,
0.5078934385791811,0.2773803650715343,0.2247163295510607,0.0606808090774543,0.2339866526167896,0.0079768177028451,0.026589392342817,0.0319072708113804,0.4139784946236559,0.0,0.0591397849462365,0.0591397849462365,0.4589694656488549,0.5,0.5687022900763359,0.5181297709923663,24,,,,,,,,,,,,,,,,
0.4776763690182536,0.2173778983719783,0.188332511100148,0.0592624568327577,0.2472813487881981,0.0106357569371268,0.0452019669827889,0.0159536354056902,0.4731182795698925,0.0053763440860215,0.0376344086021505,0.010752688172043,0.4002862595419847,0.515267175572519,0.607824427480916,0.5458015267175571,24,,,,,,,,,,,,,,,,
0.2160212136161816,0.1127281697089294,0.1795140601874691,0.0590774543660582,0.1249701440112399,0.0744502985598876,0.026589392342817,0.1116754478398314,0.1774193548387097,0.1559139784946236,0.021505376344086,0.075268817204301,0.4532442748091602,0.5892175572519084,0.7127862595419846,0.6388358778625952,43,,,,,,,,,,,,,,,,
0.2334731129748396,0.0426122348297977,0.1146398618648248,0.0460039467192896,0.1356059009483667,0.0106357569371268,0.0691324200913242,0.0212715138742536,0.2795698924731182,0.0,0.075268817204301,0.021505376344086,0.5171755725190839,0.6378816793893128,0.7261450381679388,0.6717557251908397,43,,,,,,,,,,,,,,,,
0.3307844104588061,0.0726443019240256,0.0534040453872718,0.1517636901825358,0.1621952932911837,0.0106357569371268,0.0398840885142255,0.0212715138742536,0.2526881720430107,0.0,0.0591397849462365,0.0268817204301075,0.5601145038167937,0.653625954198473,0.7423664122137403,0.6521946564885495,43,,,,,,,,,,,,,,,,
0.2481499753330044,0.046250616674889,0.0746793290577207,0.1897508633448446,0.1675131717597471,0.026589392342817,0.026589392342817,0.0611556023884791,0.2634408602150537,0.053763440860215,0.032258064516129,0.0376344086021505,0.5844465648854961,0.625,0.685591603053435,0.6350190839694655,43,,,,,,,,,,,,,,,,
0.2266280217069561,0.2043043907252096,0.0664775530340404,0.3549580661075481,0.1914436248682824,0.0053178784685634,0.0505198454513523,0.1010396909027046,0.3655913978494624,0.0,0.053763440860215,0.032258064516129,0.549618320610687,0.5772900763358777,0.646469465648855,0.6001908396946565,43,,,,,,,,,,,,,,,,
0.1731006413418845,0.0411322150962012,0.0759126788357178,0.0641958559447459,0.2260098349139445,0.0106357569371268,0.0319072708113804,0.053178784685634,0.4247311827956989,0.0,0.0376344086021505,0.0376344086021505,0.4933206106870229,0.5295801526717556,0.6202290076335877,0.5768129770992365,43,,,,,,,,,,,,,,,,
0.3432412432165763,0.1881475086334484,0.2311297483966453,0.1669338924518993,0.1994204425711275,0.0079768177028451,0.0319072708113804,0.0904039339655778,0.2634408602150537,0.0053763440860215,0.032258064516129,0.1666666666666666,0.474236641221374,0.5248091603053435,0.6221374045801527,0.5615458015267175,24,,,,,,,,,,,,,,,,
0.2638751850024667,0.1056364084854464,0.12913172175629,0.0838061174148988,0.1781489286968739,0.0425430277485072,0.0505198454513523,0.1036986301369863,0.3010752688172043,0.0161290322580645,0.053763440860215,0.1236559139784946,0.4670801526717557,0.564885496183206,0.6626908396946564,0.6221374045801527,43,,,,,,,,,,,,,,,,
0.268746916625555,0.0415022200296003,0.1513936852491366,0.2175629008386778,0.159536354056902,0.0159536354056902,0.1116754478398314,0.0664734808570425,0.2634408602150537,0.010752688172043,0.1344086021505376,0.0806451612903225,0.5854007633587787,0.6397900763358778,0.5715648854961832,0.5720419847328244,43,,,,,,,,,,,,,,,,
0.5973112974839665,0.0721509620128268,0.1546620621608288,0.3668598914652196,0.2685528626624517,0.0159536354056902,0.0771092377941693,0.0930628731998595,0.4838709677419355,0.0,0.0806451612903225,0.1236559139784946,0.5596374045801525,0.5815839694656487,0.6312022900763358,0.6164122137404578,24,,,,,,,,,,,,,,,,
0.459607794770597,0.0580291070547607,0.1044647261963492,0.1721139615194869,0.2073972602739726,0.0026589392342817,0.0664734808570425,0.0930628731998595,0.3602150537634409,0.0053763440860215,0.086021505376344,0.1021505376344086,0.5410305343511449,0.5772900763358777,0.6240458015267174,0.5271946564885495,24,,,,,,,,,,,,,,,,
0.3473729649728663,0.0427355698075974,0.4177355698075975,0.259990133201776,0.1887846856340007,0.0132946961714085,0.1169933263083948,0.0584966631541974,0.3333333333333333,0.010752688172043,0.1021505376344086,0.064516129032258,0.4899809160305343,0.571087786259542,0.64456106870229,0.5467557251908397,24,,,,,,,,,,,,,,,,
0.3328811050814012,0.0748643315244203,0.2255180069067588,0.1081647755303403,0.1675131717597471,0.0186125746399719,0.1143343870741131,0.0558377239199157,0.3387096774193548,0.010752688172043,0.1290322580645161,0.075268817204301,0.4794847328244274,0.553912213740458,0.6326335877862596,0.5920801526717555,24,,,,,,,,,,,,,,,,
0.6796990626541687,0.043722249629995,0.1460902812037494,0.3511346817957573,0.2712118018967334,0.0079768177028451,0.0877456972251492,0.1143343870741131,0.4139784946236559,0.0,0.1344086021505376,0.1182795698924731,0.5023854961832059,0.6211832061068703,0.7495229007633587,0.6846374045801527,24,,,,,,,,,,,,,,,,
0.4049087321164282,0.0451406018746916,0.13332511100148,0.2905772076961026,0.1994204425711275,0.0,0.0957218124341412,0.0877449947312961,0.3064516129032258,0.0,0.0806451612903225,0.1397849462365591,0.5768129770992365,0.6894083969465647,0.8029580152671755,0.7323473282442747,43,,,,,,,,,,,,,,,,
0.2195362604834731,0.0566107548100641,0.1540453872718303,0.1588554514060187,0.1036986301369863,0.0106357569371268,0.1169933263083948,0.0877449947312961,0.1720430107526881,0.0161290322580645,0.1774193548387097,0.0591397849462365,0.5548664122137403,0.6226145038167938,0.7213740458015266,0.6560114503816793,43,,,,,,,,,,,,,,,,
0.5149235323137643,0.0359521460286137,0.18333744449926,0.1204982733103108,0.2073972602739726,0.0106357569371268,0.053178784685634,0.0319072708113804,0.3494623655913978,0.0053763440860215,0.0483870967741935,0.0376344086021505,0.6068702290076337,0.603530534351145,0.683206106870229,0.5796755725190839,24,,,,,,,,,,,,,,,,
0.222927972372965,0.0,0.1907375431672422,0.1609521460286137,0.1409237794169301,0.0026589392342817,0.0398840885142255,0.0744502985598876,0.2365591397849462,0.0,0.0376344086021505,0.1182795698924731,0.4971374045801526,0.5314885496183205,0.6431297709923663,0.5939885496183206,43,,,,,,,,,,,,,,,,
0.5708559447459302,0.0147385298470646,0.158732116428219,0.184570794277257,0.1542184755883386,0.0,0.0345662100456621,0.0186125746399719,0.2580645161290322,0.0,0.0376344086021505,0.0268817204301075,0.536736641221374,0.5696564885496183,0.6197519083969465,0.5634541984732823,24,,,,,,,,,,,,,,,,
0.2385915145535274,0.049580661075481,0.1435619141588554,0.0665392205229403,0.1621952932911837,0.0079768177028451,0.053178784685634,0.0398840885142255,0.2688172043010752,0.0,0.0483870967741935,0.0161290322580645,0.5500954198473282,0.5815839694656487,0.6545801526717556,0.6474236641221374,43,,,,,,,,,,,,,,,,
0.3806734089787864,0.0337937839171189,0.093302910705476,0.0698075974346324,0.1648542325254654,0.026589392342817,0.0558377239199157,0.1090165086055497,0.2741935483870967,0.053763440860215,0.075268817204301,0.1720430107526881,0.5978053435114503,0.6483778625954197,0.7447519083969465,0.631679389312977,43,,,,,,,,,,,,,,,,
0.6597804637395167,0.2901455352738037,0.298347311297484,0.1603354711396152,0.1728310502283105,0.0079768177028451,0.0611556023884791,0.0638145416227608,0.4032258064516129,0.0,0.1075268817204301,0.0376344086021505,0.4351145038167938,0.4708969465648855,0.5806297709923663,0.5276717557251908,49,,,,,,,,,,,,,,,,
0.3835101134681796,0.2309447459299457,0.2429699062654168,0.4278490379871732,0.1462416578854935,0.0212715138742536,0.026589392342817,0.0478609062170706,0.3333333333333333,0.0161290322580645,0.032258064516129,0.1021505376344086,0.4923664122137405,0.4279580152671755,0.4332061068702289,0.3707061068702289,15,,,,,,,,,,,,,,,,
0.5514923532313766,0.3344844597927973,0.3114824864331525,0.1652072027627035,0.1489005971197752,0.0452019669827889,0.0319072708113804,0.0717913593256059,0.3064516129032258,0.075268817204301,0.0483870967741935,0.064516129032258,0.3005725190839694,0.3897900763358778,0.4518129770992365,0.3955152671755724,15,,,,,,,,,,,,,,,,
0.6282067094227924,0.2717069560927479,0.3460162802170696,0.1970276270350272,0.1701721109940288,0.0106357569371268,0.0425430277485072,0.0478609062170706,0.3870967741935484,0.0,0.0483870967741935,0.0591397849462365,0.3315839694656488,0.4055343511450381,0.4770992366412213,0.4098282442748091,15,,,,,,,,,,,,,,,,
0.3739516526887025,0.4023186975826345,0.2976689689195856,0.1007030093734583,0.1675131717597471,0.0,0.0398840885142255,0.053178784685634,0.3440860215053763,0.0,0.0591397849462365,0.1236559139784946,0.3225190839694656,0.407442748091603,0.4985687022900762,0.4136450381679388,15,,,,,,,,,,,,,,,,
0.2969289590527874,0.383756783423779,0.3161692155895412,0.0588307844104587,0.1435827186512118,0.0053178784685634,0.0319072708113804,0.0106357569371268,0.2956989247311828,0.0053763440860215,0.032258064516129,0.0053763440860215,0.3129770992366412,0.411736641221374,0.5233778625954197,0.4599236641221373,15,,,,,,,,,,,,,,,,
0.2031327084361124,0.2779970399605329,0.2539467192895905,0.011655155402072,0.106357569371268,0.0132946961714085,0.0452019669827889,0.0,0.2580645161290322,0.0053763440860215,0.086021505376344,0.0,0.3668893129770992,0.474236641221374,0.5505725190839694,0.4713740458015267,14,,,,,,,,,,,,,,,,
0.1520103601381351,0.196225949679329,0.2146645288603848,0.0922545633941785,0.1143343870741131,0.0053178784685634,0.0159536354056902,0.0584966631541974,0.2365591397849462,0.0,0.0268817204301075,0.0806451612903225,0.4451335877862595,0.5295801526717556,0.6273854961832059,0.5467557251908397,14,,,,,,,,,,,,,,,,
0.3556980759743464,0.0419955599407992,0.1801924025653675,0.2954489393191909,0.1489005971197752,0.0292483315770987,0.0452019669827889,0.0877449947312961,0.3225806451612903,0.0483870967741935,0.0698924731182795,0.1397849462365591,0.4875954198473281,0.513358778625954,0.6436068702290076,0.6030534351145036,49,,,,,,,,,,,,,,,,
0.3013690182535767,0.0788110508140108,0.1406018746916626,0.2136778490379872,0.2180330172110994,0.0106357569371268,0.0372251492799438,0.0584966631541974,0.4354838709677419,0.0053763440860215,0.0483870967741935,0.1021505376344086,0.5224236641221374,0.5257633587786259,0.4952290076335876,0.4842557251908396,49,,,,,,,,,,,,,,,,
0.4622594967932906,0.3804884065120868,0.2000493339911199,0.0575357671435619,0.2020793818054092,0.0079768177028451,0.0398840885142255,0.0186125746399719,0.3763440860215054,0.0,0.064516129032258,0.021505376344086,0.444179389312977,0.5157442748091602,0.5706106870229006,0.47662213740458,15,,,,,,,,,,,,,,,,
0.3415762210162803,0.099161322150962,0.1948075974346324,0.2717069560927479,0.1648542325254654,0.0053178784685634,0.0345662100456621,0.0638145416227608,0.3709677419354839,0.0,0.053763440860215,0.032258064516129,0.4193702290076335,0.4661259541984732,0.5639312977099237,0.5209923664122137,15,,,,,,,,,,,,,,,,
0.3494079921065614,0.198322644301924,0.2469166255550074,0.2853354711396152,0.1834668071654373,0.0106357569371268,0.0319072708113804,0.0611556023884791,0.3870967741935484,0.0,0.043010752688172,0.0376344086021505,0.4365458015267175,0.4957061068702289,0.5877862595419846,0.5219465648854962,15,,,,,,,,,,,,,,,,
0.1642205229403059,0.1784040453872718,0.2556117414898865,0.5558707449432659,0.079768177028451,0.0079768177028451,0.1169933263083948,0.1223112047769582,0.1612903225806451,0.010752688172043,0.2365591397849462,0.1236559139784946,0.45706106870229,0.5038167938931297,0.6068702290076337,0.5534351145038168,14,,,,,,,,,,,,,,,,
0.1688455846077947,0.1636038480513073,0.2554884065120869,0.1251233349777997,0.1010396909027046,0.0212715138742536,0.0372251492799438,0.0319072708113804,0.2204301075268817,0.0161290322580645,0.043010752688172,0.043010752688172,0.4794847328244274,0.47662213740458,0.5882633587786258,0.4813931297709923,14,,,,,,,,,,,,,,,,
0.2755303404045388,0.2363714849531327,0.2813270843611248,0.1986309817464233,0.1621952932911837,0.0106357569371268,0.0425430277485072,0.0372251492799438,0.3387096774193548,0.010752688172043,0.0698924731182795,0.0806451612903225,0.3549618320610686,0.4460877862595419,0.480916030534351,0.4160305343511449,15,,,,,,,,,,,,,,,,
0.4806364084854465,0.2601134681795757,0.2882338431179082,0.3413295510606808,0.1728310502283105,0.0053178784685634,0.0425430277485072,0.0824271162627327,0.3924731182795699,0.0053763440860215,0.075268817204301,0.1774193548387097,0.4107824427480915,0.4475190839694656,0.5458015267175571,0.4704198473282441,15,,,,,,,,,,,,,,,,
0.4939565860878144,0.3115441539220523,0.302910705476073,0.158732116428219,0.1409237794169301,0.0478609062170706,0.0398840885142255,0.0239304531085353,0.2365591397849462,0.1021505376344086,0.0483870967741935,0.021505376344086,0.381679389312977,0.5066793893129771,0.5567748091603054,0.4489503816793893,15,,,,,,,,,,,,,,,,
0.4073137641835225,0.2176245683275777,0.1753206709422792,0.0670325604341391,0.1356059009483667,0.0106357569371268,0.0372251492799438,0.0319072708113804,0.2688172043010752,0.0,0.043010752688172,0.0483870967741935,0.4646946564885496,0.5176526717557252,0.6049618320610686,0.5176526717557252,14,,,,,,,,,,,,,,,,
0.2620251603354712,0.1444869264923532,0.2810187469166255,0.2657252096694623,0.1781489286968739,0.0079768177028451,0.0478609062170706,0.1276290832455216,0.3548387096774194,0.0,0.0483870967741935,0.2150537634408602,0.3854961832061068,0.4833015267175571,0.5667938931297708,0.5357824427480916,15,,,,,,,,,,,,,,,,
0.2181795757276764,0.1161815490873211,0.1147015293537247,0.5721509620128269,0.1356059009483667,0.0132946961714085,0.026589392342817,0.1621952932911837,0.3118279569892473,0.0161290322580645,0.032258064516129,0.1182795698924731,0.513358778625954,0.5963740458015268,0.6526717557251906,0.5720419847328244,49,,,,,,,,,,,,,,,,
0.2446965959546127,0.0277503700049333,0.0577207696102614,0.3682782437099162,0.1435827186512118,0.0079768177028451,0.0691324200913242,0.053178784685634,0.2956989247311828,0.0,0.0591397849462365,0.053763440860215,0.5486641221374045,0.6054389312977099,0.6006679389312977,0.5458015267175571,49,,,,,,,,,,,,,,,,
0.3659965466206216,0.0618524913665515,0.1285150468672915,0.1100764676862358,0.1941025641025641,0.0053178784685634,0.0372251492799438,0.0186125746399719,0.4086021505376344,0.0,0.032258064516129,0.0376344086021505,0.5252862595419847,0.552003816793893,0.5586832061068702,0.5257633587786259,49,,,,,,,,,,,,,,,,
0.3205476073014307,0.1620004933399112,0.1976443019240256,0.1814257523433646,0.2020793818054092,0.0,0.0319072708113804,0.0186125746399719,0.3978494623655914,0.0,0.0268817204301075,0.0161290322580645,0.5291030534351144,0.5448473282442747,0.5896946564885496,0.5916030534351143,49,,,,,,,,,,,,,,,,
0.4509743463246177,0.1451036013813517,0.2304514060187469,0.1817957572767637,0.1568774148226203,0.0079768177028451,0.0584966631541974,0.0398840885142255,0.2688172043010752,0.0053763440860215,0.0698924731182795,0.021505376344086,0.5162213740458014,0.5009541984732824,0.5901717557251908,0.5310114503816793,49,,,,,,,,,,,,,,,,
0.4160088801184016,0.221262950172669,0.2242229896398619,0.0381105081401085,0.1462416578854935,0.0106357569371268,0.0505198454513523,0.0159536354056902,0.2956989247311828,0.0,0.075268817204301,0.010752688172043,0.4446564885496182,0.515267175572519,0.5830152671755725,0.5171755725190839,14,,,,,,,,,,,,,,,,
0.5043783917118895,0.0505056734089787,0.1807474099654662,0.3668598914652196,0.1834668071654373,0.0053178784685634,0.079768177028451,0.0505198454513523,0.3225806451612903,0.0,0.1344086021505376,0.043010752688172,0.4856870229007634,0.5329198473282443,0.5820610687022901,0.5596374045801525,49,,,,,,,,,,,,,,,,
0.4753330044400592,0.1805007400098668,0.1599037987173162,0.0585841144548593,0.2233508956796628,0.0079768177028451,0.0319072708113804,0.0505198454513523,0.3118279569892473,0.0,0.032258064516129,0.0967741935483871,0.5238549618320609,0.5424618320610687,0.5901717557251908,0.5596374045801525,49,,,,,,,,,,,,,,,,
0.1814874198322644,0.1835224469659595,0.2138011840157868,0.3735816477553034,0.0824271162627327,0.0159536354056902,0.0771092377941693,0.0478609062170706,0.1774193548387097,0.0161290322580645,0.0698924731182795,0.0483870967741935,0.480916030534351,0.4751908396946565,0.5968511450381679,0.5219465648854962,14,,,,,,,,,,,,,,,,
0.9040453872718304,0.2202146028613715,0.2070177602368032,0.1001480019733596,0.345662100456621,0.0106357569371268,0.026589392342817,0.0132946961714085,0.5645161290322581,0.0,0.032258064516129,0.010752688172043,0.4833015267175571,0.5100190839694656,0.5601145038167937,0.4928435114503817,49,,,,,,,,,,,,,,,,
0.1476319684262457,0.2133695115934879,0.2821904292057227,0.147076961026147,0.0319072708113804,0.0,0.0239304531085353,0.0106357569371268,0.0591397849462365,0.0,0.032258064516129,0.0,0.4184160305343511,0.482824427480916,0.5658396946564884,0.498091603053435,14,,,,,,,,,,,,,,,,
0.1857424765663542,0.2099161322150962,0.2303280710409472,0.2325481006413419,0.0584966631541974,0.0,0.0159536354056902,0.026589392342817,0.0967741935483871,0.0,0.0161290322580645,0.032258064516129,0.4427480916030533,0.4561068702290075,0.498091603053435,0.4833015267175571,14,,,,,,,,,,,,,,,,
0.1920325604341391,0.1885175135668475,0.2506783423778919,0.128761716822891,0.0398840885142255,0.0053178784685634,0.0212715138742536,0.0132946961714085,0.0698924731182795,0.0,0.021505376344086,0.0161290322580645,0.4756679389312976,0.4804389312977098,0.5744274809160304,0.5181297709923663,14,,,,,,,,,,,,,,,,
0.1542303897385298,0.2033793783917119,0.2255180069067588,0.1180932412432166,0.0478609062170706,0.0026589392342817,0.0132946961714085,0.0159536354056902,0.0913978494623656,0.0,0.0161290322580645,0.010752688172043,0.4532442748091602,0.4928435114503817,0.5992366412213739,0.5100190839694656,14,,,,,,,,,,,,,,,,
0.1952392698569314,0.2139245189935865,0.222496299950666,0.0855944745929945,0.0478609062170706,0.0026589392342817,0.0079768177028451,0.0132946961714085,0.1075268817204301,0.0,0.010752688172043,0.0053763440860215,0.3993320610687022,0.5372137404580152,0.6474236641221374,0.5768129770992365,14,,,,,,,,,,,,,,,,
0.0871978293043907,0.0838061174148988,0.259990133201776,0.0918228909718796,0.0452019669827889,0.0053178784685634,0.0345662100456621,0.0106357569371268,0.086021505376344,0.0,0.021505376344086,0.0161290322580645,0.4799618320610686,0.5811068702290075,0.6922709923664121,0.640267175572519,14,,,,,,,,,,,,,,,,
0.1396768623581648,0.0090034533793783,0.1174148988653182,0.5017883571780958,0.0505198454513523,0.0053178784685634,0.1701721109940288,0.0824271162627327,0.0913978494623656,0.0,0.2473118279569892,0.1021505376344086,0.5505725190839694,0.6164122137404578,0.7261450381679388,0.590648854961832,14,,,,,,,,,,,,,,,,
0.36248149975333,0.0140601874691662,0.087074494326591,0.0830044400592008,0.1169933263083948,0.0,0.0292483315770987,0.0398840885142255,0.1935483870967742,0.0,0.0268817204301075,0.075268817204301,0.4966603053435114,0.5100190839694655,0.5634541984732823,0.5038167938931297,49,,,,,,,,,,,,,,,,
0.5078934385791811,0.2773803650715343,0.2247163295510607,0.0606808090774543,0.2339866526167896,0.0079768177028451,0.026589392342817,0.0319072708113804,0.4139784946236559,0.0,0.0591397849462365,0.0591397849462365,0.4589694656488549,0.5,0.5687022900763359,0.5181297709923663,49,,,,,,,,,,,,,,,,
0.4776763690182536,0.2173778983719783,0.188332511100148,0.0592624568327577,0.2472813487881981,0.0106357569371268,0.0452019669827889,0.0159536354056902,0.4731182795698925,0.0053763440860215,0.0376344086021505,0.010752688172043,0.4002862595419847,0.515267175572519,0.607824427480916,0.5458015267175571,49,,,,,,,,,,,,,,,,
0.2160212136161816,0.1127281697089294,0.1795140601874691,0.0590774543660582,0.1249701440112399,0.0744502985598876,0.026589392342817,0.1116754478398314,0.1774193548387097,0.1559139784946236,0.021505376344086,0.075268817204301,0.4532442748091602,0.5892175572519084,0.7127862595419846,0.6388358778625952,14,,,,,,,,,,,,,,,,
0.2334731129748396,0.0426122348297977,0.1146398618648248,0.0460039467192896,0.1356059009483667,0.0106357569371268,0.0691324200913242,0.0212715138742536,0.2795698924731182,0.0,0.075268817204301,0.021505376344086,0.5171755725190839,0.6378816793893128,0.7261450381679388,0.6717557251908397,49,,,,,,,,,,,,,,,,
0.3307844104588061,0.0726443019240256,0.0534040453872718,0.1517636901825358,0.1621952932911837,0.0106357569371268,0.0398840885142255,0.0212715138742536,0.2526881720430107,0.0,0.0591397849462365,0.0268817204301075,0.5601145038167937,0.653625954198473,0.7423664122137403,0.6521946564885495,49,,,,,,,,,,,,,,,,
0.2481499753330044,0.046250616674889,0.0746793290577207,0.1897508633448446,0.1675131717597471,0.026589392342817,0.026589392342817,0.0611556023884791,0.2634408602150537,0.053763440860215,0.032258064516129,0.0376344086021505,0.5844465648854961,0.625,0.685591603053435,0.6350190839694655,49,,,,,,,,,,,,,,,,
0.2266280217069561,0.2043043907252096,0.0664775530340404,0.3549580661075481,0.1914436248682824,0.0053178784685634,0.0505198454513523,0.1010396909027046,0.3655913978494624,0.0,0.053763440860215,0.032258064516129,0.549618320610687,0.5772900763358777,0.646469465648855,0.6001908396946565,49,,,,,,,,,,,,,,,,
0.1731006413418845,0.0411322150962012,0.0759126788357178,0.0641958559447459,0.2260098349139445,0.0106357569371268,0.0319072708113804,0.053178784685634,0.4247311827956989,0.0,0.0376344086021505,0.0376344086021505,0.4933206106870229,0.5295801526717556,0.6202290076335877,0.5768129770992365,49,,,,,,,,,,,,,,,,
0.3432412432165763,0.1881475086334484,0.2311297483966453,0.1669338924518993,0.1994204425711275,0.0079768177028451,0.0319072708113804,0.0904039339655778,0.2634408602150537,0.0053763440860215,0.032258064516129,0.1666666666666666,0.474236641221374,0.5248091603053435,0.6221374045801527,0.5615458015267175,49,,,,,,,,,,,,,,,,
0.2638751850024667,0.1056364084854464,0.12913172175629,0.0838061174148988,0.1781489286968739,0.0425430277485072,0.0505198454513523,0.1036986301369863,0.3010752688172043,0.0161290322580645,0.053763440860215,0.1236559139784946,0.4670801526717557,0.564885496183206,0.6626908396946564,0.6221374045801527,49,,,,,,,,,,,,,,,,
0.268746916625555,0.0415022200296003,0.1513936852491366,0.2175629008386778,0.159536354056902,0.0159536354056902,0.1116754478398314,0.0664734808570425,0.2634408602150537,0.010752688172043,0.1344086021505376,0.0806451612903225,0.5854007633587787,0.6397900763358778,0.5715648854961832,0.5720419847328244,49,,,,,,,,,,,,,,,,
0.5973112974839665,0.0721509620128268,0.1546620621608288,0.3668598914652196,0.2685528626624517,0.0159536354056902,0.0771092377941693,0.0930628731998595,0.4838709677419355,0.0,0.0806451612903225,0.1236559139784946,0.5596374045801525,0.5815839694656487,0.6312022900763358,0.6164122137404578,49,,,,,,,,,,,,,,,,
0.459607794770597,0.0580291070547607,0.1044647261963492,0.1721139615194869,0.2073972602739726,0.0026589392342817,0.0664734808570425,0.0930628731998595,0.3602150537634409,0.0053763440860215,0.086021505376344,0.1021505376344086,0.5410305343511449,0.5772900763358777,0.6240458015267174,0.5271946564885495,49,,,,,,,,,,,,,,,,
0.3473729649728663,0.0427355698075974,0.4177355698075975,0.259990133201776,0.1887846856340007,0.0132946961714085,0.1169933263083948,0.0584966631541974,0.3333333333333333,0.010752688172043,0.1021505376344086,0.064516129032258,0.4899809160305343,0.571087786259542,0.64456106870229,0.5467557251908397,49,,,,,,,,,,,,,,,,
0.3328811050814012,0.0748643315244203,0.2255180069067588,0.1081647755303403,0.1675131717597471,0.0186125746399719,0.1143343870741131,0.0558377239199157,0.3387096774193548,0.010752688172043,0.1290322580645161,0.075268817204301,0.4794847328244274,0.553912213740458,0.6326335877862596,0.5920801526717555,49,,,,,,,,,,,,,,,,
0.6796990626541687,0.043722249629995,0.1460902812037494,0.3511346817957573,0.2712118018967334,0.0079768177028451,0.0877456972251492,0.1143343870741131,0.4139784946236559,0.0,0.1344086021505376,0.1182795698924731,0.5023854961832059,0.6211832061068703,0.7495229007633587,0.6846374045801527,49,,,,,,,,,,,,,,,,
0.4049087321164282,0.0451406018746916,0.13332511100148,0.2905772076961026,0.1994204425711275,0.0,0.0957218124341412,0.0877449947312961,0.3064516129032258,0.0,0.0806451612903225,0.1397849462365591,0.5768129770992365,0.6894083969465647,0.8029580152671755,0.7323473282442747,49,,,,,,,,,,,,,,,,
0.2195362604834731,0.0566107548100641,0.1540453872718303,0.1588554514060187,0.1036986301369863,0.0106357569371268,0.1169933263083948,0.0877449947312961,0.1720430107526881,0.0161290322580645,0.1774193548387097,0.0591397849462365,0.5548664122137403,0.6226145038167938,0.7213740458015266,0.6560114503816793,14,,,,,,,,,,,,,,,,
0.5149235323137643,0.0359521460286137,0.18333744449926,0.1204982733103108,0.2073972602739726,0.0106357569371268,0.053178784685634,0.0319072708113804,0.3494623655913978,0.0053763440860215,0.0483870967741935,0.0376344086021505,0.6068702290076337,0.603530534351145,0.683206106870229,0.5796755725190839,49,,,,,,,,,,,,,,,,
0.222927972372965,0.0,0.1907375431672422,0.1609521460286137,0.1409237794169301,0.0026589392342817,0.0398840885142255,0.0744502985598876,0.2365591397849462,0.0,0.0376344086021505,0.1182795698924731,0.4971374045801526,0.5314885496183205,0.6431297709923663,0.5939885496183206,14,,,,,,,,,,,,,,,,
0.5708559447459302,0.0147385298470646,0.158732116428219,0.184570794277257,0.1542184755883386,0.0,0.0345662100456621,0.0186125746399719,0.2580645161290322,0.0,0.0376344086021505,0.0268817204301075,0.536736641221374,0.5696564885496183,0.6197519083969465,0.5634541984732823,49,,,,,,,,,,,,,,,,
0.2385915145535274,0.049580661075481,0.1435619141588554,0.0665392205229403,0.1621952932911837,0.0079768177028451,0.053178784685634,0.0398840885142255,0.2688172043010752,0.0,0.0483870967741935,0.0161290322580645,0.5500954198473282,0.5815839694656487,0.6545801526717556,0.6474236641221374,14,,,,,,,,,,,,,,,,
0.3806734089787864,0.0337937839171189,0.093302910705476,0.0698075974346324,0.1648542325254654,0.026589392342817,0.0558377239199157,0.1090165086055497,0.2741935483870967,0.053763440860215,0.075268817204301,0.1720430107526881,0.5978053435114503,0.6483778625954197,0.7447519083969465,0.631679389312977,49,,,,,,,,,,,,,,,,
0.6597804637395167,0.2901455352738037,0.298347311297484,0.1603354711396152,0.1728310502283105,0.0079768177028451,0.0611556023884791,0.0638145416227608,0.4032258064516129,0.0,0.1075268817204301,0.0376344086021505,0.4351145038167938,0.4708969465648855,0.5806297709923663,0.5276717557251908,16,,,,,,,,,,,,,,,,
0.3835101134681796,0.2309447459299457,0.2429699062654168,0.4278490379871732,0.1462416578854935,0.0212715138742536,0.026589392342817,0.0478609062170706,0.3333333333333333,0.0161290322580645,0.032258064516129,0.1021505376344086,0.4923664122137405,0.4279580152671755,0.4332061068702289,0.3707061068702289,16,,,,,,,,,,,,,,,,
0.5514923532313766,0.3344844597927973,0.3114824864331525,0.1652072027627035,0.1489005971197752,0.0452019669827889,0.0319072708113804,0.0717913593256059,0.3064516129032258,0.075268817204301,0.0483870967741935,0.064516129032258,0.3005725190839694,0.3897900763358778,0.4518129770992365,0.3955152671755724,16,,,,,,,,,,,,,,,,
0.6282067094227924,0.2717069560927479,0.3460162802170696,0.1970276270350272,0.1701721109940288,0.0106357569371268,0.0425430277485072,0.0478609062170706,0.3870967741935484,0.0,0.0483870967741935,0.0591397849462365,0.3315839694656488,0.4055343511450381,0.4770992366412213,0.4098282442748091,16,,,,,,,,,,,,,,,,
0.3739516526887025,0.4023186975826345,0.2976689689195856,0.1007030093734583,0.1675131717597471,0.0,0.0398840885142255,0.053178784685634,0.3440860215053763,0.0,0.0591397849462365,0.1236559139784946,0.3225190839694656,0.407442748091603,0.4985687022900762,0.4136450381679388,5,,,,,,,,,,,,,,,,
0.2969289590527874,0.383756783423779,0.3161692155895412,0.0588307844104587,0.1435827186512118,0.0053178784685634,0.0319072708113804,0.0106357569371268,0.2956989247311828,0.0053763440860215,0.032258064516129,0.0053763440860215,0.3129770992366412,0.411736641221374,0.5233778625954197,0.4599236641221373,5,,,,,,,,,,,,,,,,
0.2031327084361124,0.2779970399605329,0.2539467192895905,0.011655155402072,0.106357569371268,0.0132946961714085,0.0452019669827889,0.0,0.2580645161290322,0.0053763440860215,0.086021505376344,0.0,0.3668893129770992,0.474236641221374,0.5505725190839694,0.4713740458015267,5,,,,,,,,,,,,,,,,
0.1520103601381351,0.196225949679329,0.2146645288603848,0.0922545633941785,0.1143343870741131,0.0053178784685634,0.0159536354056902,0.0584966631541974,0.2365591397849462,0.0,0.0268817204301075,0.0806451612903225,0.4451335877862595,0.5295801526717556,0.6273854961832059,0.5467557251908397,33,,,,,,,,,,,,,,,,
0.3556980759743464,0.0419955599407992,0.1801924025653675,0.2954489393191909,0.1489005971197752,0.0292483315770987,0.0452019669827889,0.0877449947312961,0.3225806451612903,0.0483870967741935,0.0698924731182795,0.1397849462365591,0.4875954198473281,0.513358778625954,0.6436068702290076,0.6030534351145036,52,,,,,,,,,,,,,,,,
0.3013690182535767,0.0788110508140108,0.1406018746916626,0.2136778490379872,0.2180330172110994,0.0106357569371268,0.0372251492799438,0.0584966631541974,0.4354838709677419,0.0053763440860215,0.0483870967741935,0.1021505376344086,0.5224236641221374,0.5257633587786259,0.4952290076335876,0.4842557251908396,52,,,,,,,,,,,,,,,,
0.4622594967932906,0.3804884065120868,0.2000493339911199,0.0575357671435619,0.2020793818054092,0.0079768177028451,0.0398840885142255,0.0186125746399719,0.3763440860215054,0.0,0.064516129032258,0.021505376344086,0.444179389312977,0.5157442748091602,0.5706106870229006,0.47662213740458,5,,,,,,,,,,,,,,,,
0.3415762210162803,0.099161322150962,0.1948075974346324,0.2717069560927479,0.1648542325254654,0.0053178784685634,0.0345662100456621,0.0638145416227608,0.3709677419354839,0.0,0.053763440860215,0.032258064516129,0.4193702290076335,0.4661259541984732,0.5639312977099237,0.5209923664122137,52,,,,,,,,,,,,,,,,
0.3494079921065614,0.198322644301924,0.2469166255550074,0.2853354711396152,0.1834668071654373,0.0106357569371268,0.0319072708113804,0.0611556023884791,0.3870967741935484,0.0,0.043010752688172,0.0376344086021505,0.4365458015267175,0.4957061068702289,0.5877862595419846,0.5219465648854962,16,,,,,,,,,,,,,,,,
0.1642205229403059,0.1784040453872718,0.2556117414898865,0.5558707449432659,0.079768177028451,0.0079768177028451,0.1169933263083948,0.1223112047769582,0.1612903225806451,0.010752688172043,0.2365591397849462,0.1236559139784946,0.45706106870229,0.5038167938931297,0.6068702290076337,0.5534351145038168,16,,,,,,,,,,,,,,,,
0.1688455846077947,0.1636038480513073,0.2554884065120869,0.1251233349777997,0.1010396909027046,0.0212715138742536,0.0372251492799438,0.0319072708113804,0.2204301075268817,0.0161290322580645,0.043010752688172,0.043010752688172,0.4794847328244274,0.47662213740458,0.5882633587786258,0.4813931297709923,33,,,,,,,,,,,,,,,,
0.2755303404045388,0.2363714849531327,0.2813270843611248,0.1986309817464233,0.1621952932911837,0.0106357569371268,0.0425430277485072,0.0372251492799438,0.3387096774193548,0.010752688172043,0.0698924731182795,0.0806451612903225,0.3549618320610686,0.4460877862595419,0.480916030534351,0.4160305343511449,5,,,,,,,,,,,,,,,,
0.4806364084854465,0.2601134681795757,0.2882338431179082,0.3413295510606808,0.1728310502283105,0.0053178784685634,0.0425430277485072,0.0824271162627327,0.3924731182795699,0.0053763440860215,0.075268817204301,0.1774193548387097,0.4107824427480915,0.4475190839694656,0.5458015267175571,0.4704198473282441,16,,,,,,,,,,,,,,,,
0.4939565860878144,0.3115441539220523,0.302910705476073,0.158732116428219,0.1409237794169301,0.0478609062170706,0.0398840885142255,0.0239304531085353,0.2365591397849462,0.1021505376344086,0.0483870967741935,0.021505376344086,0.381679389312977,0.5066793893129771,0.5567748091603054,0.4489503816793893,5,,,,,,,,,,,,,,,,
0.4073137641835225,0.2176245683275777,0.1753206709422792,0.0670325604341391,0.1356059009483667,0.0106357569371268,0.0372251492799438,0.0319072708113804,0.2688172043010752,0.0,0.043010752688172,0.0483870967741935,0.4646946564885496,0.5176526717557252,0.6049618320610686,0.5176526717557252,52,,,,,,,,,,,,,,,,
0.2620251603354712,0.1444869264923532,0.2810187469166255,0.2657252096694623,0.1781489286968739,0.0079768177028451,0.0478609062170706,0.1276290832455216,0.3548387096774194,0.0,0.0483870967741935,0.2150537634408602,0.3854961832061068,0.4833015267175571,0.5667938931297708,0.5357824427480916,16,,,,,,,,,,,,,,,,
0.2181795757276764,0.1161815490873211,0.1147015293537247,0.5721509620128269,0.1356059009483667,0.0132946961714085,0.026589392342817,0.1621952932911837,0.3118279569892473,0.0161290322580645,0.032258064516129,0.1182795698924731,0.513358778625954,0.5963740458015268,0.6526717557251906,0.5720419847328244,16,,,,,,,,,,,,,,,,
0.2446965959546127,0.0277503700049333,0.0577207696102614,0.3682782437099162,0.1435827186512118,0.0079768177028451,0.0691324200913242,0.053178784685634,0.2956989247311828,0.0,0.0591397849462365,0.053763440860215,0.5486641221374045,0.6054389312977099,0.6006679389312977,0.5458015267175571,52,,,,,,,,,,,,,,,,
0.3659965466206216,0.0618524913665515,0.1285150468672915,0.1100764676862358,0.1941025641025641,0.0053178784685634,0.0372251492799438,0.0186125746399719,0.4086021505376344,0.0,0.032258064516129,0.0376344086021505,0.5252862595419847,0.552003816793893,0.5586832061068702,0.5257633587786259,52,,,,,,,,,,,,,,,,
0.3205476073014307,0.1620004933399112,0.1976443019240256,0.1814257523433646,0.2020793818054092,0.0,0.0319072708113804,0.0186125746399719,0.3978494623655914,0.0,0.0268817204301075,0.0161290322580645,0.5291030534351144,0.5448473282442747,0.5896946564885496,0.5916030534351143,52,,,,,,,,,,,,,,,,
0.4509743463246177,0.1451036013813517,0.2304514060187469,0.1817957572767637,0.1568774148226203,0.0079768177028451,0.0584966631541974,0.0398840885142255,0.2688172043010752,0.0053763440860215,0.0698924731182795,0.021505376344086,0.5162213740458014,0.5009541984732824,0.5901717557251908,0.5310114503816793,52,,,,,,,,,,,,,,,,
0.4160088801184016,0.221262950172669,0.2242229896398619,0.0381105081401085,0.1462416578854935,0.0106357569371268,0.0505198454513523,0.0159536354056902,0.2956989247311828,0.0,0.075268817204301,0.010752688172043,0.4446564885496182,0.515267175572519,0.5830152671755725,0.5171755725190839,52,,,,,,,,,,,,,,,,
0.5043783917118895,0.0505056734089787,0.1807474099654662,0.3668598914652196,0.1834668071654373,0.0053178784685634,0.079768177028451,0.0505198454513523,0.3225806451612903,0.0,0.1344086021505376,0.043010752688172,0.4856870229007634,0.5329198473282443,0.5820610687022901,0.5596374045801525,52,,,,,,,,,,,,,,,,
0.4753330044400592,0.1805007400098668,0.1599037987173162,0.0585841144548593,0.2233508956796628,0.0079768177028451,0.0319072708113804,0.0505198454513523,0.3118279569892473,0.0,0.032258064516129,0.0967741935483871,0.5238549618320609,0.5424618320610687,0.5901717557251908,0.5596374045801525,52,,,,,,,,,,,,,,,,
0.1814874198322644,0.1835224469659595,0.2138011840157868,0.3735816477553034,0.0824271162627327,0.0159536354056902,0.0771092377941693,0.0478609062170706,0.1774193548387097,0.0161290322580645,0.0698924731182795,0.0483870967741935,0.480916030534351,0.4751908396946565,0.5968511450381679,0.5219465648854962,33,,,,,,,,,,,,,,,,
0.9040453872718304,0.2202146028613715,0.2070177602368032,0.1001480019733596,0.345662100456621,0.0106357569371268,0.026589392342817,0.0132946961714085,0.5645161290322581,0.0,0.032258064516129,0.010752688172043,0.4833015267175571,0.5100190839694656,0.5601145038167937,0.4928435114503817,16,,,,,,,,,,,,,,,,
0.1476319684262457,0.2133695115934879,0.2821904292057227,0.147076961026147,0.0319072708113804,0.0,0.0239304531085353,0.0106357569371268,0.0591397849462365,0.0,0.032258064516129,0.0,0.4184160305343511,0.482824427480916,0.5658396946564884,0.498091603053435,33,,,,,,,,,,,,,,,,
0.1857424765663542,0.2099161322150962,0.2303280710409472,0.2325481006413419,0.0584966631541974,0.0,0.0159536354056902,0.026589392342817,0.0967741935483871,0.0,0.0161290322580645,0.032258064516129,0.4427480916030533,0.4561068702290075,0.498091603053435,0.4833015267175571,33,,,,,,,,,,,,,,,,
0.1920325604341391,0.1885175135668475,0.2506783423778919,0.128761716822891,0.0398840885142255,0.0053178784685634,0.0212715138742536,0.0132946961714085,0.0698924731182795,0.0,0.021505376344086,0.0161290322580645,0.4756679389312976,0.4804389312977098,0.5744274809160304,0.5181297709923663,33,,,,,,,,,,,,,,,,
0.1542303897385298,0.2033793783917119,0.2255180069067588,0.1180932412432166,0.0478609062170706,0.0026589392342817,0.0132946961714085,0.0159536354056902,0.0913978494623656,0.0,0.0161290322580645,0.010752688172043,0.4532442748091602,0.4928435114503817,0.5992366412213739,0.5100190839694656,33,,,,,,,,,,,,,,,,
0.1952392698569314,0.2139245189935865,0.222496299950666,0.0855944745929945,0.0478609062170706,0.0026589392342817,0.0079768177028451,0.0132946961714085,0.1075268817204301,0.0,0.010752688172043,0.0053763440860215,0.3993320610687022,0.5372137404580152,0.6474236641221374,0.5768129770992365,33,,,,,,,,,,,,,,,,
0.0871978293043907,0.0838061174148988,0.259990133201776,0.0918228909718796,0.0452019669827889,0.0053178784685634,0.0345662100456621,0.0106357569371268,0.086021505376344,0.0,0.021505376344086,0.0161290322580645,0.4799618320610686,0.5811068702290075,0.6922709923664121,0.640267175572519,33,,,,,,,,,,,,,,,,
0.1396768623581648,0.0090034533793783,0.1174148988653182,0.5017883571780958,0.0505198454513523,0.0053178784685634,0.1701721109940288,0.0824271162627327,0.0913978494623656,0.0,0.2473118279569892,0.1021505376344086,0.5505725190839694,0.6164122137404578,0.7261450381679388,0.590648854961832,52,,,,,,,,,,,,,,,,
0.36248149975333,0.0140601874691662,0.087074494326591,0.0830044400592008,0.1169933263083948,0.0,0.0292483315770987,0.0398840885142255,0.1935483870967742,0.0,0.0268817204301075,0.075268817204301,0.4966603053435114,0.5100190839694655,0.5634541984732823,0.5038167938931297,52,,,,,,,,,,,,,,,,
0.5078934385791811,0.2773803650715343,0.2247163295510607,0.0606808090774543,0.2339866526167896,0.0079768177028451,0.026589392342817,0.0319072708113804,0.4139784946236559,0.0,0.0591397849462365,0.0591397849462365,0.4589694656488549,0.5,0.5687022900763359,0.5181297709923663,52,,,,,,,,,,,,,,,,
0.4776763690182536,0.2173778983719783,0.188332511100148,0.0592624568327577,0.2472813487881981,0.0106357569371268,0.0452019669827889,0.0159536354056902,0.4731182795698925,0.0053763440860215,0.0376344086021505,0.010752688172043,0.4002862595419847,0.515267175572519,0.607824427480916,0.5458015267175571,52,,,,,,,,,,,,,,,,
0.2160212136161816,0.1127281697089294,0.1795140601874691,0.0590774543660582,0.1249701440112399,0.0744502985598876,0.026589392342817,0.1116754478398314,0.1774193548387097,0.1559139784946236,0.021505376344086,0.075268817204301,0.4532442748091602,0.5892175572519084,0.7127862595419846,0.6388358778625952,52,,,,,,,,,,,,,,,,
0.2334731129748396,0.0426122348297977,0.1146398618648248,0.0460039467192896,0.1356059009483667,0.0106357569371268,0.0691324200913242,0.0212715138742536,0.2795698924731182,0.0,0.075268817204301,0.021505376344086,0.5171755725190839,0.6378816793893128,0.7261450381679388,0.6717557251908397,52,,,,,,,,,,,,,,,,
0.3307844104588061,0.0726443019240256,0.0534040453872718,0.1517636901825358,0.1621952932911837,0.0106357569371268,0.0398840885142255,0.0212715138742536,0.2526881720430107,0.0,0.0591397849462365,0.0268817204301075,0.5601145038167937,0.653625954198473,0.7423664122137403,0.6521946564885495,52,,,,,,,,,,,,,,,,
0.2481499753330044,0.046250616674889,0.0746793290577207,0.1897508633448446,0.1675131717597471,0.026589392342817,0.026589392342817,0.0611556023884791,0.2634408602150537,0.053763440860215,0.032258064516129,0.0376344086021505,0.5844465648854961,0.625,0.685591603053435,0.6350190839694655,52,,,,,,,,,,,,,,,,
0.2266280217069561,0.2043043907252096,0.0664775530340404,0.3549580661075481,0.1914436248682824,0.0053178784685634,0.0505198454513523,0.1010396909027046,0.3655913978494624,0.0,0.053763440860215,0.032258064516129,0.549618320610687,0.5772900763358777,0.646469465648855,0.6001908396946565,52,,,,,,,,,,,,,,,,
0.1731006413418845,0.0411322150962012,0.0759126788357178,0.0641958559447459,0.2260098349139445,0.0106357569371268,0.0319072708113804,0.053178784685634,0.4247311827956989,0.0,0.0376344086021505,0.0376344086021505,0.4933206106870229,0.5295801526717556,0.6202290076335877,0.5768129770992365,52,,,,,,,,,,,,,,,,
0.3432412432165763,0.1881475086334484,0.2311297483966453,0.1669338924518993,0.1994204425711275,0.0079768177028451,0.0319072708113804,0.0904039339655778,0.2634408602150537,0.0053763440860215,0.032258064516129,0.1666666666666666,0.474236641221374,0.5248091603053435,0.6221374045801527,0.5615458015267175,52,,,,,,,,,,,,,,,,
0.2638751850024667,0.1056364084854464,0.12913172175629,0.0838061174148988,0.1781489286968739,0.0425430277485072,0.0505198454513523,0.1036986301369863,0.3010752688172043,0.0161290322580645,0.053763440860215,0.1236559139784946,0.4670801526717557,0.564885496183206,0.6626908396946564,0.6221374045801527,52,,,,,,,,,,,,,,,,
0.268746916625555,0.0415022200296003,0.1513936852491366,0.2175629008386778,0.159536354056902,0.0159536354056902,0.1116754478398314,0.0664734808570425,0.2634408602150537,0.010752688172043,0.1344086021505376,0.0806451612903225,0.5854007633587787,0.6397900763358778,0.5715648854961832,0.5720419847328244,52,,,,,,,,,,,,,,,,
0.5973112974839665,0.0721509620128268,0.1546620621608288,0.3668598914652196,0.2685528626624517,0.0159536354056902,0.0771092377941693,0.0930628731998595,0.4838709677419355,0.0,0.0806451612903225,0.1236559139784946,0.5596374045801525,0.5815839694656487,0.6312022900763358,0.6164122137404578,16,,,,,,,,,,,,,,,,
0.459607794770597,0.0580291070547607,0.1044647261963492,0.1721139615194869,0.2073972602739726,0.0026589392342817,0.0664734808570425,0.0930628731998595,0.3602150537634409,0.0053763440860215,0.086021505376344,0.1021505376344086,0.5410305343511449,0.5772900763358777,0.6240458015267174,0.5271946564885495,52,,,,,,,,,,,,,,,,
0.3473729649728663,0.0427355698075974,0.4177355698075975,0.259990133201776,0.1887846856340007,0.0132946961714085,0.1169933263083948,0.0584966631541974,0.3333333333333333,0.010752688172043,0.1021505376344086,0.064516129032258,0.4899809160305343,0.571087786259542,0.64456106870229,0.5467557251908397,52,,,,,,,,,,,,,,,,
0.3328811050814012,0.0748643315244203,0.2255180069067588,0.1081647755303403,0.1675131717597471,0.0186125746399719,0.1143343870741131,0.0558377239199157,0.3387096774193548,0.010752688172043,0.1290322580645161,0.075268817204301,0.4794847328244274,0.553912213740458,0.6326335877862596,0.5920801526717555,52,,,,,,,,,,,,,,,,
0.6796990626541687,0.043722249629995,0.1460902812037494,0.3511346817957573,0.2712118018967334,0.0079768177028451,0.0877456972251492,0.1143343870741131,0.4139784946236559,0.0,0.1344086021505376,0.1182795698924731,0.5023854961832059,0.6211832061068703,0.7495229007633587,0.6846374045801527,52,,,,,,,,,,,,,,,,
0.4049087321164282,0.0451406018746916,0.13332511100148,0.2905772076961026,0.1994204425711275,0.0,0.0957218124341412,0.0877449947312961,0.3064516129032258,0.0,0.0806451612903225,0.1397849462365591,0.5768129770992365,0.6894083969465647,0.8029580152671755,0.7323473282442747,52,,,,,,,,,,,,,,,,
0.2195362604834731,0.0566107548100641,0.1540453872718303,0.1588554514060187,0.1036986301369863,0.0106357569371268,0.1169933263083948,0.0877449947312961,0.1720430107526881,0.0161290322580645,0.1774193548387097,0.0591397849462365,0.5548664122137403,0.6226145038167938,0.7213740458015266,0.6560114503816793,52,,,,,,,,,,,,,,,,
0.5149235323137643,0.0359521460286137,0.18333744449926,0.1204982733103108,0.2073972602739726,0.0106357569371268,0.053178784685634,0.0319072708113804,0.3494623655913978,0.0053763440860215,0.0483870967741935,0.0376344086021505,0.6068702290076337,0.603530534351145,0.683206106870229,0.5796755725190839,52,,,,,,,,,,,,,,,,
0.222927972372965,0.0,0.1907375431672422,0.1609521460286137,0.1409237794169301,0.0026589392342817,0.0398840885142255,0.0744502985598876,0.2365591397849462,0.0,0.0376344086021505,0.1182795698924731,0.4971374045801526,0.5314885496183205,0.6431297709923663,0.5939885496183206,52,,,,,,,,,,,,,,,,
0.5708559447459302,0.0147385298470646,0.158732116428219,0.184570794277257,0.1542184755883386,0.0,0.0345662100456621,0.0186125746399719,0.2580645161290322,0.0,0.0376344086021505,0.0268817204301075,0.536736641221374,0.5696564885496183,0.6197519083969465,0.5634541984732823,52,,,,,,,,,,,,,,,,
0.2385915145535274,0.049580661075481,0.1435619141588554,0.0665392205229403,0.1621952932911837,0.0079768177028451,0.053178784685634,0.0398840885142255,0.2688172043010752,0.0,0.0483870967741935,0.0161290322580645,0.5500954198473282,0.5815839694656487,0.6545801526717556,0.6474236641221374,52,,,,,,,,,,,,,,,,
0.3806734089787864,0.0337937839171189,0.093302910705476,0.0698075974346324,0.1648542325254654,0.026589392342817,0.0558377239199157,0.1090165086055497,0.2741935483870967,0.053763440860215,0.075268817204301,0.1720430107526881,0.5978053435114503,0.6483778625954197,0.7447519083969465,0.631679389312977,52,,,,,,,,,,,,,,,,
0.6597804637395167,0.2901455352738037,0.298347311297484,0.1603354711396152,0.1728310502283105,0.0079768177028451,0.0611556023884791,0.0638145416227608,0.4032258064516129,0.0,0.1075268817204301,0.0376344086021505,0.4351145038167938,0.4708969465648855,0.5806297709923663,0.5276717557251908,49,,,,,,,,,,,,,,,,
0.3835101134681796,0.2309447459299457,0.2429699062654168,0.4278490379871732,0.1462416578854935,0.0212715138742536,0.026589392342817,0.0478609062170706,0.3333333333333333,0.0161290322580645,0.032258064516129,0.1021505376344086,0.4923664122137405,0.4279580152671755,0.4332061068702289,0.3707061068702289,12,,,,,,,,,,,,,,,,
0.5514923532313766,0.3344844597927973,0.3114824864331525,0.1652072027627035,0.1489005971197752,0.0452019669827889,0.0319072708113804,0.0717913593256059,0.3064516129032258,0.075268817204301,0.0483870967741935,0.064516129032258,0.3005725190839694,0.3897900763358778,0.4518129770992365,0.3955152671755724,49,,,,,,,,,,,,,,,,
0.6282067094227924,0.2717069560927479,0.3460162802170696,0.1970276270350272,0.1701721109940288,0.0106357569371268,0.0425430277485072,0.0478609062170706,0.3870967741935484,0.0,0.0483870967741935,0.0591397849462365,0.3315839694656488,0.4055343511450381,0.4770992366412213,0.4098282442748091,49,,,,,,,,,,,,,,,,
0.3739516526887025,0.4023186975826345,0.2976689689195856,0.1007030093734583,0.1675131717597471,0.0,0.0398840885142255,0.053178784685634,0.3440860215053763,0.0,0.0591397849462365,0.1236559139784946,0.3225190839694656,0.407442748091603,0.4985687022900762,0.4136450381679388,18,,,,,,,,,,,,,,,,
0.2969289590527874,0.383756783423779,0.3161692155895412,0.0588307844104587,0.1435827186512118,0.0053178784685634,0.0319072708113804,0.0106357569371268,0.2956989247311828,0.0053763440860215,0.032258064516129,0.0053763440860215,0.3129770992366412,0.411736641221374,0.5233778625954197,0.4599236641221373,18,,,,,,,,,,,,,,,,
0.2031327084361124,0.2779970399605329,0.2539467192895905,0.011655155402072,0.106357569371268,0.0132946961714085,0.0452019669827889,0.0,0.2580645161290322,0.0053763440860215,0.086021505376344,0.0,0.3668893129770992,0.474236641221374,0.5505725190839694,0.4713740458015267,18,,,,,,,,,,,,,,,,
0.1520103601381351,0.196225949679329,0.2146645288603848,0.0922545633941785,0.1143343870741131,0.0053178784685634,0.0159536354056902,0.0584966631541974,0.2365591397849462,0.0,0.0268817204301075,0.0806451612903225,0.4451335877862595,0.5295801526717556,0.6273854961832059,0.5467557251908397,59,,,,,,,,,,,,,,,,
0.3556980759743464,0.0419955599407992,0.1801924025653675,0.2954489393191909,0.1489005971197752,0.0292483315770987,0.0452019669827889,0.0877449947312961,0.3225806451612903,0.0483870967741935,0.0698924731182795,0.1397849462365591,0.4875954198473281,0.513358778625954,0.6436068702290076,0.6030534351145036,12,,,,,,,,,,,,,,,,
0.3013690182535767,0.0788110508140108,0.1406018746916626,0.2136778490379872,0.2180330172110994,0.0106357569371268,0.0372251492799438,0.0584966631541974,0.4354838709677419,0.0053763440860215,0.0483870967741935,0.1021505376344086,0.5224236641221374,0.5257633587786259,0.4952290076335876,0.4842557251908396,12,,,,,,,,,,,,,,,,
0.4622594967932906,0.3804884065120868,0.2000493339911199,0.0575357671435619,0.2020793818054092,0.0079768177028451,0.0398840885142255,0.0186125746399719,0.3763440860215054,0.0,0.064516129032258,0.021505376344086,0.444179389312977,0.5157442748091602,0.5706106870229006,0.47662213740458,18,,,,,,,,,,,,,,,,
0.3415762210162803,0.099161322150962,0.1948075974346324,0.2717069560927479,0.1648542325254654,0.0053178784685634,0.0345662100456621,0.0638145416227608,0.3709677419354839,0.0,0.053763440860215,0.032258064516129,0.4193702290076335,0.4661259541984732,0.5639312977099237,0.5209923664122137,12,,,,,,,,,,,,,,,,
0.3494079921065614,0.198322644301924,0.2469166255550074,0.2853354711396152,0.1834668071654373,0.0106357569371268,0.0319072708113804,0.0611556023884791,0.3870967741935484,0.0,0.043010752688172,0.0376344086021505,0.4365458015267175,0.4957061068702289,0.5877862595419846,0.5219465648854962,12,,,,,,,,,,,,,,,,
0.1642205229403059,0.1784040453872718,0.2556117414898865,0.5558707449432659,0.079768177028451,0.0079768177028451,0.1169933263083948,0.1223112047769582,0.1612903225806451,0.010752688172043,0.2365591397849462,0.1236559139784946,0.45706106870229,0.5038167938931297,0.6068702290076337,0.5534351145038168,28,,,,,,,,,,,,,,,,
0.1688455846077947,0.1636038480513073,0.2554884065120869,0.1251233349777997,0.1010396909027046,0.0212715138742536,0.0372251492799438,0.0319072708113804,0.2204301075268817,0.0161290322580645,0.043010752688172,0.043010752688172,0.4794847328244274,0.47662213740458,0.5882633587786258,0.4813931297709923,28,,,,,,,,,,,,,,,,
0.2755303404045388,0.2363714849531327,0.2813270843611248,0.1986309817464233,0.1621952932911837,0.0106357569371268,0.0425430277485072,0.0372251492799438,0.3387096774193548,0.010752688172043,0.0698924731182795,0.0806451612903225,0.3549618320610686,0.4460877862595419,0.480916030534351,0.4160305343511449,12,,,,,,,,,,,,,,,,
0.4806364084854465,0.2601134681795757,0.2882338431179082,0.3413295510606808,0.1728310502283105,0.0053178784685634,0.0425430277485072,0.0824271162627327,0.3924731182795699,0.0053763440860215,0.075268817204301,0.1774193548387097,0.4107824427480915,0.4475190839694656,0.5458015267175571,0.4704198473282441,12,,,,,,,,,,,,,,,,
0.4939565860878144,0.3115441539220523,0.302910705476073,0.158732116428219,0.1409237794169301,0.0478609062170706,0.0398840885142255,0.0239304531085353,0.2365591397849462,0.1021505376344086,0.0483870967741935,0.021505376344086,0.381679389312977,0.5066793893129771,0.5567748091603054,0.4489503816793893,18,,,,,,,,,,,,,,,,
0.4073137641835225,0.2176245683275777,0.1753206709422792,0.0670325604341391,0.1356059009483667,0.0106357569371268,0.0372251492799438,0.0319072708113804,0.2688172043010752,0.0,0.043010752688172,0.0483870967741935,0.4646946564885496,0.5176526717557252,0.6049618320610686,0.5176526717557252,18,,,,,,,,,,,,,,,,
0.2620251603354712,0.1444869264923532,0.2810187469166255,0.2657252096694623,0.1781489286968739,0.0079768177028451,0.0478609062170706,0.1276290832455216,0.3548387096774194,0.0,0.0483870967741935,0.2150537634408602,0.3854961832061068,0.4833015267175571,0.5667938931297708,0.5357824427480916,12,,,,,,,,,,,,,,,,
0.2181795757276764,0.1161815490873211,0.1147015293537247,0.5721509620128269,0.1356059009483667,0.0132946961714085,0.026589392342817,0.1621952932911837,0.3118279569892473,0.0161290322580645,0.032258064516129,0.1182795698924731,0.513358778625954,0.5963740458015268,0.6526717557251906,0.5720419847328244,28,,,,,,,,,,,,,,,,
0.2446965959546127,0.0277503700049333,0.0577207696102614,0.3682782437099162,0.1435827186512118,0.0079768177028451,0.0691324200913242,0.053178784685634,0.2956989247311828,0.0,0.0591397849462365,0.053763440860215,0.5486641221374045,0.6054389312977099,0.6006679389312977,0.5458015267175571,28,,,,,,,,,,,,,,,,
0.3659965466206216,0.0618524913665515,0.1285150468672915,0.1100764676862358,0.1941025641025641,0.0053178784685634,0.0372251492799438,0.0186125746399719,0.4086021505376344,0.0,0.032258064516129,0.0376344086021505,0.5252862595419847,0.552003816793893,0.5586832061068702,0.5257633587786259,18,,,,,,,,,,,,,,,,
0.3205476073014307,0.1620004933399112,0.1976443019240256,0.1814257523433646,0.2020793818054092,0.0,0.0319072708113804,0.0186125746399719,0.3978494623655914,0.0,0.0268817204301075,0.0161290322580645,0.5291030534351144,0.5448473282442747,0.5896946564885496,0.5916030534351143,12,,,,,,,,,,,,,,,,
0.4509743463246177,0.1451036013813517,0.2304514060187469,0.1817957572767637,0.1568774148226203,0.0079768177028451,0.0584966631541974,0.0398840885142255,0.2688172043010752,0.0053763440860215,0.0698924731182795,0.021505376344086,0.5162213740458014,0.5009541984732824,0.5901717557251908,0.5310114503816793,18,,,,,,,,,,,,,,,,
0.4160088801184016,0.221262950172669,0.2242229896398619,0.0381105081401085,0.1462416578854935,0.0106357569371268,0.0505198454513523,0.0159536354056902,0.2956989247311828,0.0,0.075268817204301,0.010752688172043,0.4446564885496182,0.515267175572519,0.5830152671755725,0.5171755725190839,18,,,,,,,,,,,,,,,,
0.5043783917118895,0.0505056734089787,0.1807474099654662,0.3668598914652196,0.1834668071654373,0.0053178784685634,0.079768177028451,0.0505198454513523,0.3225806451612903,0.0,0.1344086021505376,0.043010752688172,0.4856870229007634,0.5329198473282443,0.5820610687022901,0.5596374045801525,12,,,,,,,,,,,,,,,,
0.4753330044400592,0.1805007400098668,0.1599037987173162,0.0585841144548593,0.2233508956796628,0.0079768177028451,0.0319072708113804,0.0505198454513523,0.3118279569892473,0.0,0.032258064516129,0.0967741935483871,0.5238549618320609,0.5424618320610687,0.5901717557251908,0.5596374045801525,18,,,,,,,,,,,,,,,,
0.1814874198322644,0.1835224469659595,0.2138011840157868,0.3735816477553034,0.0824271162627327,0.0159536354056902,0.0771092377941693,0.0478609062170706,0.1774193548387097,0.0161290322580645,0.0698924731182795,0.0483870967741935,0.480916030534351,0.4751908396946565,0.5968511450381679,0.5219465648854962,28,,,,,,,,,,,,,,,,
0.9040453872718304,0.2202146028613715,0.2070177602368032,0.1001480019733596,0.345662100456621,0.0106357569371268,0.026589392342817,0.0132946961714085,0.5645161290322581,0.0,0.032258064516129,0.010752688172043,0.4833015267175571,0.5100190839694656,0.5601145038167937,0.4928435114503817,49,,,,,,,,,,,,,,,,
0.1476319684262457,0.2133695115934879,0.2821904292057227,0.147076961026147,0.0319072708113804,0.0,0.0239304531085353,0.0106357569371268,0.0591397849462365,0.0,0.032258064516129,0.0,0.4184160305343511,0.482824427480916,0.5658396946564884,0.498091603053435,28,,,,,,,,,,,,,,,,
0.1857424765663542,0.2099161322150962,0.2303280710409472,0.2325481006413419,0.0584966631541974,0.0,0.0159536354056902,0.026589392342817,0.0967741935483871,0.0,0.0161290322580645,0.032258064516129,0.4427480916030533,0.4561068702290075,0.498091603053435,0.4833015267175571,28,,,,,,,,,,,,,,,,
0.1920325604341391,0.1885175135668475,0.2506783423778919,0.128761716822891,0.0398840885142255,0.0053178784685634,0.0212715138742536,0.0132946961714085,0.0698924731182795,0.0,0.021505376344086,0.0161290322580645,0.4756679389312976,0.4804389312977098,0.5744274809160304,0.5181297709923663,28,,,,,,,,,,,,,,,,
0.1542303897385298,0.2033793783917119,0.2255180069067588,0.1180932412432166,0.0478609062170706,0.0026589392342817,0.0132946961714085,0.0159536354056902,0.0913978494623656,0.0,0.0161290322580645,0.010752688172043,0.4532442748091602,0.4928435114503817,0.5992366412213739,0.5100190839694656,28,,,,,,,,,,,,,,,,
0.1952392698569314,0.2139245189935865,0.222496299950666,0.0855944745929945,0.0478609062170706,0.0026589392342817,0.0079768177028451,0.0132946961714085,0.1075268817204301,0.0,0.010752688172043,0.0053763440860215,0.3993320610687022,0.5372137404580152,0.6474236641221374,0.5768129770992365,18,,,,,,,,,,,,,,,,
0.0871978293043907,0.0838061174148988,0.259990133201776,0.0918228909718796,0.0452019669827889,0.0053178784685634,0.0345662100456621,0.0106357569371268,0.086021505376344,0.0,0.021505376344086,0.0161290322580645,0.4799618320610686,0.5811068702290075,0.6922709923664121,0.640267175572519,59,,,,,,,,,,,,,,,,
0.1396768623581648,0.0090034533793783,0.1174148988653182,0.5017883571780958,0.0505198454513523,0.0053178784685634,0.1701721109940288,0.0824271162627327,0.0913978494623656,0.0,0.2473118279569892,0.1021505376344086,0.5505725190839694,0.6164122137404578,0.7261450381679388,0.590648854961832,28,,,,,,,,,,,,,,,,
0.36248149975333,0.0140601874691662,0.087074494326591,0.0830044400592008,0.1169933263083948,0.0,0.0292483315770987,0.0398840885142255,0.1935483870967742,0.0,0.0268817204301075,0.075268817204301,0.4966603053435114,0.5100190839694655,0.5634541984732823,0.5038167938931297,18,,,,,,,,,,,,,,,,
0.5078934385791811,0.2773803650715343,0.2247163295510607,0.0606808090774543,0.2339866526167896,0.0079768177028451,0.026589392342817,0.0319072708113804,0.4139784946236559,0.0,0.0591397849462365,0.0591397849462365,0.4589694656488549,0.5,0.5687022900763359,0.5181297709923663,18,,,,,,,,,,,,,,,,
0.4776763690182536,0.2173778983719783,0.188332511100148,0.0592624568327577,0.2472813487881981,0.0106357569371268,0.0452019669827889,0.0159536354056902,0.4731182795698925,0.0053763440860215,0.0376344086021505,0.010752688172043,0.4002862595419847,0.515267175572519,0.607824427480916,0.5458015267175571,18,,,,,,,,,,,,,,,,
0.2160212136161816,0.1127281697089294,0.1795140601874691,0.0590774543660582,0.1249701440112399,0.0744502985598876,0.026589392342817,0.1116754478398314,0.1774193548387097,0.1559139784946236,0.021505376344086,0.075268817204301,0.4532442748091602,0.5892175572519084,0.7127862595419846,0.6388358778625952,59,,,,,,,,,,,,,,,,
0.2334731129748396,0.0426122348297977,0.1146398618648248,0.0460039467192896,0.1356059009483667,0.0106357569371268,0.0691324200913242,0.0212715138742536,0.2795698924731182,0.0,0.075268817204301,0.021505376344086,0.5171755725190839,0.6378816793893128,0.7261450381679388,0.6717557251908397,59,,,,,,,,,,,,,,,,
0.3307844104588061,0.0726443019240256,0.0534040453872718,0.1517636901825358,0.1621952932911837,0.0106357569371268,0.0398840885142255,0.0212715138742536,0.2526881720430107,0.0,0.0591397849462365,0.0268817204301075,0.5601145038167937,0.653625954198473,0.7423664122137403,0.6521946564885495,59,,,,,,,,,,,,,,,,
0.2481499753330044,0.046250616674889,0.0746793290577207,0.1897508633448446,0.1675131717597471,0.026589392342817,0.026589392342817,0.0611556023884791,0.2634408602150537,0.053763440860215,0.032258064516129,0.0376344086021505,0.5844465648854961,0.625,0.685591603053435,0.6350190839694655,59,,,,,,,,,,,,,,,,
0.2266280217069561,0.2043043907252096,0.0664775530340404,0.3549580661075481,0.1914436248682824,0.0053178784685634,0.0505198454513523,0.1010396909027046,0.3655913978494624,0.0,0.053763440860215,0.032258064516129,0.549618320610687,0.5772900763358777,0.646469465648855,0.6001908396946565,12,,,,,,,,,,,,,,,,
0.1731006413418845,0.0411322150962012,0.0759126788357178,0.0641958559447459,0.2260098349139445,0.0106357569371268,0.0319072708113804,0.053178784685634,0.4247311827956989,0.0,0.0376344086021505,0.0376344086021505,0.4933206106870229,0.5295801526717556,0.6202290076335877,0.5768129770992365,59,,,,,,,,,,,,,,,,
0.3432412432165763,0.1881475086334484,0.2311297483966453,0.1669338924518993,0.1994204425711275,0.0079768177028451,0.0319072708113804,0.0904039339655778,0.2634408602150537,0.0053763440860215,0.032258064516129,0.1666666666666666,0.474236641221374,0.5248091603053435,0.6221374045801527,0.5615458015267175,18,,,,,,,,,,,,,,,,
0.2638751850024667,0.1056364084854464,0.12913172175629,0.0838061174148988,0.1781489286968739,0.0425430277485072,0.0505198454513523,0.1036986301369863,0.3010752688172043,0.0161290322580645,0.053763440860215,0.1236559139784946,0.4670801526717557,0.564885496183206,0.6626908396946564,0.6221374045801527,59,,,,,,,,,,,,,,,,
0.268746916625555,0.0415022200296003,0.1513936852491366,0.2175629008386778,0.159536354056902,0.0159536354056902,0.1116754478398314,0.0664734808570425,0.2634408602150537,0.010752688172043,0.1344086021505376,0.0806451612903225,0.5854007633587787,0.6397900763358778,0.5715648854961832,0.5720419847328244,59,,,,,,,,,,,,,,,,
0.5973112974839665,0.0721509620128268,0.1546620621608288,0.3668598914652196,0.2685528626624517,0.0159536354056902,0.0771092377941693,0.0930628731998595,0.4838709677419355,0.0,0.0806451612903225,0.1236559139784946,0.5596374045801525,0.5815839694656487,0.6312022900763358,0.6164122137404578,12,,,,,,,,,,,,,,,,
0.459607794770597,0.0580291070547607,0.1044647261963492,0.1721139615194869,0.2073972602739726,0.0026589392342817,0.0664734808570425,0.0930628731998595,0.3602150537634409,0.0053763440860215,0.086021505376344,0.1021505376344086,0.5410305343511449,0.5772900763358777,0.6240458015267174,0.5271946564885495,18,,,,,,,,,,,,,,,,
0.3473729649728663,0.0427355698075974,0.4177355698075975,0.259990133201776,0.1887846856340007,0.0132946961714085,0.1169933263083948,0.0584966631541974,0.3333333333333333,0.010752688172043,0.1021505376344086,0.064516129032258,0.4899809160305343,0.571087786259542,0.64456106870229,0.5467557251908397,12,,,,,,,,,,,,,,,,
0.3328811050814012,0.0748643315244203,0.2255180069067588,0.1081647755303403,0.1675131717597471,0.0186125746399719,0.1143343870741131,0.0558377239199157,0.3387096774193548,0.010752688172043,0.1290322580645161,0.075268817204301,0.4794847328244274,0.553912213740458,0.6326335877862596,0.5920801526717555,59,,,,,,,,,,,,,,,,
0.6796990626541687,0.043722249629995,0.1460902812037494,0.3511346817957573,0.2712118018967334,0.0079768177028451,0.0877456972251492,0.1143343870741131,0.4139784946236559,0.0,0.1344086021505376,0.1182795698924731,0.5023854961832059,0.6211832061068703,0.7495229007633587,0.6846374045801527,49,,,,,,,,,,,,,,,,
0.4049087321164282,0.0451406018746916,0.13332511100148,0.2905772076961026,0.1994204425711275,0.0,0.0957218124341412,0.0877449947312961,0.3064516129032258,0.0,0.0806451612903225,0.1397849462365591,0.5768129770992365,0.6894083969465647,0.8029580152671755,0.7323473282442747,59,,,,,,,,,,,,,,,,
0.2195362604834731,0.0566107548100641,0.1540453872718303,0.1588554514060187,0.1036986301369863,0.0106357569371268,0.1169933263083948,0.0877449947312961,0.1720430107526881,0.0161290322580645,0.1774193548387097,0.0591397849462365,0.5548664122137403,0.6226145038167938,0.7213740458015266,0.6560114503816793,59,,,,,,,,,,,,,,,,
0.5149235323137643,0.0359521460286137,0.18333744449926,0.1204982733103108,0.2073972602739726,0.0106357569371268,0.053178784685634,0.0319072708113804,0.3494623655913978,0.0053763440860215,0.0483870967741935,0.0376344086021505,0.6068702290076337,0.603530534351145,0.683206106870229,0.5796755725190839,18,,,,,,,,,,,,,,,,
0.222927972372965,0.0,0.1907375431672422,0.1609521460286137,0.1409237794169301,0.0026589392342817,0.0398840885142255,0.0744502985598876,0.2365591397849462,0.0,0.0376344086021505,0.1182795698924731,0.4971374045801526,0.5314885496183205,0.6431297709923663,0.5939885496183206,59,,,,,,,,,,,,,,,,
0.5708559447459302,0.0147385298470646,0.158732116428219,0.184570794277257,0.1542184755883386,0.0,0.0345662100456621,0.0186125746399719,0.2580645161290322,0.0,0.0376344086021505,0.0268817204301075,0.536736641221374,0.5696564885496183,0.6197519083969465,0.5634541984732823,18,,,,,,,,,,,,,,,,
0.2385915145535274,0.049580661075481,0.1435619141588554,0.0665392205229403,0.1621952932911837,0.0079768177028451,0.053178784685634,0.0398840885142255,0.2688172043010752,0.0,0.0483870967741935,0.0161290322580645,0.5500954198473282,0.5815839694656487,0.6545801526717556,0.6474236641221374,59,,,,,,,,,,,,,,,,
0.3806734089787864,0.0337937839171189,0.093302910705476,0.0698075974346324,0.1648542325254654,0.026589392342817,0.0558377239199157,0.1090165086055497,0.2741935483870967,0.053763440860215,0.075268817204301,0.1720430107526881,0.5978053435114503,0.6483778625954197,0.7447519083969465,0.631679389312977,59,,,,,,,,,,,,,,,,
0.6597804637395167,0.2901455352738037,0.298347311297484,0.1603354711396152,0.1728310502283105,0.0079768177028451,0.0611556023884791,0.0638145416227608,0.4032258064516129,0.0,0.1075268817204301,0.0376344086021505,0.4351145038167938,0.4708969465648855,0.5806297709923663,0.5276717557251908,25,,,,,,,,,,,,,,,,
0.3835101134681796,0.2309447459299457,0.2429699062654168,0.4278490379871732,0.1462416578854935,0.0212715138742536,0.026589392342817,0.0478609062170706,0.3333333333333333,0.0161290322580645,0.032258064516129,0.1021505376344086,0.4923664122137405,0.4279580152671755,0.4332061068702289,0.3707061068702289,11,,,,,,,,,,,,,,,,
0.5514923532313766,0.3344844597927973,0.3114824864331525,0.1652072027627035,0.1489005971197752,0.0452019669827889,0.0319072708113804,0.0717913593256059,0.3064516129032258,0.075268817204301,0.0483870967741935,0.064516129032258,0.3005725190839694,0.3897900763358778,0.4518129770992365,0.3955152671755724,25,,,,,,,,,,,,,,,,
0.6282067094227924,0.2717069560927479,0.3460162802170696,0.1970276270350272,0.1701721109940288,0.0106357569371268,0.0425430277485072,0.0478609062170706,0.3870967741935484,0.0,0.0483870967741935,0.0591397849462365,0.3315839694656488,0.4055343511450381,0.4770992366412213,0.4098282442748091,25,,,,,,,,,,,,,,,,
0.3739516526887025,0.4023186975826345,0.2976689689195856,0.1007030093734583,0.1675131717597471,0.0,0.0398840885142255,0.053178784685634,0.3440860215053763,0.0,0.0591397849462365,0.1236559139784946,0.3225190839694656,0.407442748091603,0.4985687022900762,0.4136450381679388,25,,,,,,,,,,,,,,,,
0.2969289590527874,0.383756783423779,0.3161692155895412,0.0588307844104587,0.1435827186512118,0.0053178784685634,0.0319072708113804,0.0106357569371268,0.2956989247311828,0.0053763440860215,0.032258064516129,0.0053763440860215,0.3129770992366412,0.411736641221374,0.5233778625954197,0.4599236641221373,25,,,,,,,,,,,,,,,,
0.2031327084361124,0.2779970399605329,0.2539467192895905,0.011655155402072,0.106357569371268,0.0132946961714085,0.0452019669827889,0.0,0.2580645161290322,0.0053763440860215,0.086021505376344,0.0,0.3668893129770992,0.474236641221374,0.5505725190839694,0.4713740458015267,25,,,,,,,,,,,,,,,,
0.1520103601381351,0.196225949679329,0.2146645288603848,0.0922545633941785,0.1143343870741131,0.0053178784685634,0.0159536354056902,0.0584966631541974,0.2365591397849462,0.0,0.0268817204301075,0.0806451612903225,0.4451335877862595,0.5295801526717556,0.6273854961832059,0.5467557251908397,33,,,,,,,,,,,,,,,,
0.3556980759743464,0.0419955599407992,0.1801924025653675,0.2954489393191909,0.1489005971197752,0.0292483315770987,0.0452019669827889,0.0877449947312961,0.3225806451612903,0.0483870967741935,0.0698924731182795,0.1397849462365591,0.4875954198473281,0.513358778625954,0.6436068702290076,0.6030534351145036,11,,,,,,,,,,,,,,,,
0.3013690182535767,0.0788110508140108,0.1406018746916626,0.2136778490379872,0.2180330172110994,0.0106357569371268,0.0372251492799438,0.0584966631541974,0.4354838709677419,0.0053763440860215,0.0483870967741935,0.1021505376344086,0.5224236641221374,0.5257633587786259,0.4952290076335876,0.4842557251908396,11,,,,,,,,,,,,,,,,
0.4622594967932906,0.3804884065120868,0.2000493339911199,0.0575357671435619,0.2020793818054092,0.0079768177028451,0.0398840885142255,0.0186125746399719,0.3763440860215054,0.0,0.064516129032258,0.021505376344086,0.444179389312977,0.5157442748091602,0.5706106870229006,0.47662213740458,25,,,,,,,,,,,,,,,,
0.3415762210162803,0.099161322150962,0.1948075974346324,0.2717069560927479,0.1648542325254654,0.0053178784685634,0.0345662100456621,0.0638145416227608,0.3709677419354839,0.0,0.053763440860215,0.032258064516129,0.4193702290076335,0.4661259541984732,0.5639312977099237,0.5209923664122137,11,,,,,,,,,,,,,,,,
0.3494079921065614,0.198322644301924,0.2469166255550074,0.2853354711396152,0.1834668071654373,0.0106357569371268,0.0319072708113804,0.0611556023884791,0.3870967741935484,0.0,0.043010752688172,0.0376344086021505,0.4365458015267175,0.4957061068702289,0.5877862595419846,0.5219465648854962,11,,,,,,,,,,,,,,,,
0.1642205229403059,0.1784040453872718,0.2556117414898865,0.5558707449432659,0.079768177028451,0.0079768177028451,0.1169933263083948,0.1223112047769582,0.1612903225806451,0.010752688172043,0.2365591397849462,0.1236559139784946,0.45706106870229,0.5038167938931297,0.6068702290076337,0.5534351145038168,21,,,,,,,,,,,,,,,,
0.1688455846077947,0.1636038480513073,0.2554884065120869,0.1251233349777997,0.1010396909027046,0.0212715138742536,0.0372251492799438,0.0319072708113804,0.2204301075268817,0.0161290322580645,0.043010752688172,0.043010752688172,0.4794847328244274,0.47662213740458,0.5882633587786258,0.4813931297709923,33,,,,,,,,,,,,,,,,
0.2755303404045388,0.2363714849531327,0.2813270843611248,0.1986309817464233,0.1621952932911837,0.0106357569371268,0.0425430277485072,0.0372251492799438,0.3387096774193548,0.010752688172043,0.0698924731182795,0.0806451612903225,0.3549618320610686,0.4460877862595419,0.480916030534351,0.4160305343511449,11,,,,,,,,,,,,,,,,
0.4806364084854465,0.2601134681795757,0.2882338431179082,0.3413295510606808,0.1728310502283105,0.0053178784685634,0.0425430277485072,0.0824271162627327,0.3924731182795699,0.0053763440860215,0.075268817204301,0.1774193548387097,0.4107824427480915,0.4475190839694656,0.5458015267175571,0.4704198473282441,11,,,,,,,,,,,,,,,,
0.4939565860878144,0.3115441539220523,0.302910705476073,0.158732116428219,0.1409237794169301,0.0478609062170706,0.0398840885142255,0.0239304531085353,0.2365591397849462,0.1021505376344086,0.0483870967741935,0.021505376344086,0.381679389312977,0.5066793893129771,0.5567748091603054,0.4489503816793893,25,,,,,,,,,,,,,,,,
0.4073137641835225,0.2176245683275777,0.1753206709422792,0.0670325604341391,0.1356059009483667,0.0106357569371268,0.0372251492799438,0.0319072708113804,0.2688172043010752,0.0,0.043010752688172,0.0483870967741935,0.4646946564885496,0.5176526717557252,0.6049618320610686,0.5176526717557252,25,,,,,,,,,,,,,,,,
0.2620251603354712,0.1444869264923532,0.2810187469166255,0.2657252096694623,0.1781489286968739,0.0079768177028451,0.0478609062170706,0.1276290832455216,0.3548387096774194,0.0,0.0483870967741935,0.2150537634408602,0.3854961832061068,0.4833015267175571,0.5667938931297708,0.5357824427480916,11,,,,,,,,,,,,,,,,
0.2181795757276764,0.1161815490873211,0.1147015293537247,0.5721509620128269,0.1356059009483667,0.0132946961714085,0.026589392342817,0.1621952932911837,0.3118279569892473,0.0161290322580645,0.032258064516129,0.1182795698924731,0.513358778625954,0.5963740458015268,0.6526717557251906,0.5720419847328244,21,,,,,,,,,,,,,,,,
0.2446965959546127,0.0277503700049333,0.0577207696102614,0.3682782437099162,0.1435827186512118,0.0079768177028451,0.0691324200913242,0.053178784685634,0.2956989247311828,0.0,0.0591397849462365,0.053763440860215,0.5486641221374045,0.6054389312977099,0.6006679389312977,0.5458015267175571,21,,,,,,,,,,,,,,,,
0.3659965466206216,0.0618524913665515,0.1285150468672915,0.1100764676862358,0.1941025641025641,0.0053178784685634,0.0372251492799438,0.0186125746399719,0.4086021505376344,0.0,0.032258064516129,0.0376344086021505,0.5252862595419847,0.552003816793893,0.5586832061068702,0.5257633587786259,11,,,,,,,,,,,,,,,,
0.3205476073014307,0.1620004933399112,0.1976443019240256,0.1814257523433646,0.2020793818054092,0.0,0.0319072708113804,0.0186125746399719,0.3978494623655914,0.0,0.0268817204301075,0.0161290322580645,0.5291030534351144,0.5448473282442747,0.5896946564885496,0.5916030534351143,11,,,,,,,,,,,,,,,,
0.4509743463246177,0.1451036013813517,0.2304514060187469,0.1817957572767637,0.1568774148226203,0.0079768177028451,0.0584966631541974,0.0398840885142255,0.2688172043010752,0.0053763440860215,0.0698924731182795,0.021505376344086,0.5162213740458014,0.5009541984732824,0.5901717557251908,0.5310114503816793,25,,,,,,,,,,,,,,,,
0.4160088801184016,0.221262950172669,0.2242229896398619,0.0381105081401085,0.1462416578854935,0.0106357569371268,0.0505198454513523,0.0159536354056902,0.2956989247311828,0.0,0.075268817204301,0.010752688172043,0.4446564885496182,0.515267175572519,0.5830152671755725,0.5171755725190839,25,,,,,,,,,,,,,,,,
0.5043783917118895,0.0505056734089787,0.1807474099654662,0.3668598914652196,0.1834668071654373,0.0053178784685634,0.079768177028451,0.0505198454513523,0.3225806451612903,0.0,0.1344086021505376,0.043010752688172,0.4856870229007634,0.5329198473282443,0.5820610687022901,0.5596374045801525,11,,,,,,,,,,,,,,,,
0.4753330044400592,0.1805007400098668,0.1599037987173162,0.0585841144548593,0.2233508956796628,0.0079768177028451,0.0319072708113804,0.0505198454513523,0.3118279569892473,0.0,0.032258064516129,0.0967741935483871,0.5238549618320609,0.5424618320610687,0.5901717557251908,0.5596374045801525,25,,,,,,,,,,,,,,,,
0.1814874198322644,0.1835224469659595,0.2138011840157868,0.3735816477553034,0.0824271162627327,0.0159536354056902,0.0771092377941693,0.0478609062170706,0.1774193548387097,0.0161290322580645,0.0698924731182795,0.0483870967741935,0.480916030534351,0.4751908396946565,0.5968511450381679,0.5219465648854962,33,,,,,,,,,,,,,,,,
0.9040453872718304,0.2202146028613715,0.2070177602368032,0.1001480019733596,0.345662100456621,0.0106357569371268,0.026589392342817,0.0132946961714085,0.5645161290322581,0.0,0.032258064516129,0.010752688172043,0.4833015267175571,0.5100190839694656,0.5601145038167937,0.4928435114503817,49,,,,,,,,,,,,,,,,
0.1476319684262457,0.2133695115934879,0.2821904292057227,0.147076961026147,0.0319072708113804,0.0,0.0239304531085353,0.0106357569371268,0.0591397849462365,0.0,0.032258064516129,0.0,0.4184160305343511,0.482824427480916,0.5658396946564884,0.498091603053435,33,,,,,,,,,,,,,,,,
0.1857424765663542,0.2099161322150962,0.2303280710409472,0.2325481006413419,0.0584966631541974,0.0,0.0159536354056902,0.026589392342817,0.0967741935483871,0.0,0.0161290322580645,0.032258064516129,0.4427480916030533,0.4561068702290075,0.498091603053435,0.4833015267175571,33,,,,,,,,,,,,,,,,
0.1920325604341391,0.1885175135668475,0.2506783423778919,0.128761716822891,0.0398840885142255,0.0053178784685634,0.0212715138742536,0.0132946961714085,0.0698924731182795,0.0,0.021505376344086,0.0161290322580645,0.4756679389312976,0.4804389312977098,0.5744274809160304,0.5181297709923663,33,,,,,,,,,,,,,,,,
0.1542303897385298,0.2033793783917119,0.2255180069067588,0.1180932412432166,0.0478609062170706,0.0026589392342817,0.0132946961714085,0.0159536354056902,0.0913978494623656,0.0,0.0161290322580645,0.010752688172043,0.4532442748091602,0.4928435114503817,0.5992366412213739,0.5100190839694656,33,,,,,,,,,,,,,,,,
0.1952392698569314,0.2139245189935865,0.222496299950666,0.0855944745929945,0.0478609062170706,0.0026589392342817,0.0079768177028451,0.0132946961714085,0.1075268817204301,0.0,0.010752688172043,0.0053763440860215,0.3993320610687022,0.5372137404580152,0.6474236641221374,0.5768129770992365,33,,,,,,,,,,,,,,,,
0.0871978293043907,0.0838061174148988,0.259990133201776,0.0918228909718796,0.0452019669827889,0.0053178784685634,0.0345662100456621,0.0106357569371268,0.086021505376344,0.0,0.021505376344086,0.0161290322580645,0.4799618320610686,0.5811068702290075,0.6922709923664121,0.640267175572519,33,,,,,,,,,,,,,,,,
0.1396768623581648,0.0090034533793783,0.1174148988653182,0.5017883571780958,0.0505198454513523,0.0053178784685634,0.1701721109940288,0.0824271162627327,0.0913978494623656,0.0,0.2473118279569892,0.1021505376344086,0.5505725190839694,0.6164122137404578,0.7261450381679388,0.590648854961832,21,,,,,,,,,,,,,,,,
0.36248149975333,0.0140601874691662,0.087074494326591,0.0830044400592008,0.1169933263083948,0.0,0.0292483315770987,0.0398840885142255,0.1935483870967742,0.0,0.0268817204301075,0.075268817204301,0.4966603053435114,0.5100190839694655,0.5634541984732823,0.5038167938931297,59,,,,,,,,,,,,,,,,
0.5078934385791811,0.2773803650715343,0.2247163295510607,0.0606808090774543,0.2339866526167896,0.0079768177028451,0.026589392342817,0.0319072708113804,0.4139784946236559,0.0,0.0591397849462365,0.0591397849462365,0.4589694656488549,0.5,0.5687022900763359,0.5181297709923663,25,,,,,,,,,,,,,,,,
0.4776763690182536,0.2173778983719783,0.188332511100148,0.0592624568327577,0.2472813487881981,0.0106357569371268,0.0452019669827889,0.0159536354056902,0.4731182795698925,0.0053763440860215,0.0376344086021505,0.010752688172043,0.4002862595419847,0.515267175572519,0.607824427480916,0.5458015267175571,25,,,,,,,,,,,,,,,,
0.2160212136161816,0.1127281697089294,0.1795140601874691,0.0590774543660582,0.1249701440112399,0.0744502985598876,0.026589392342817,0.1116754478398314,0.1774193548387097,0.1559139784946236,0.021505376344086,0.075268817204301,0.4532442748091602,0.5892175572519084,0.7127862595419846,0.6388358778625952,59,,,,,,,,,,,,,,,,
0.2334731129748396,0.0426122348297977,0.1146398618648248,0.0460039467192896,0.1356059009483667,0.0106357569371268,0.0691324200913242,0.0212715138742536,0.2795698924731182,0.0,0.075268817204301,0.021505376344086,0.5171755725190839,0.6378816793893128,0.7261450381679388,0.6717557251908397,59,,,,,,,,,,,,,,,,
0.3307844104588061,0.0726443019240256,0.0534040453872718,0.1517636901825358,0.1621952932911837,0.0106357569371268,0.0398840885142255,0.0212715138742536,0.2526881720430107,0.0,0.0591397849462365,0.0268817204301075,0.5601145038167937,0.653625954198473,0.7423664122137403,0.6521946564885495,59,,,,,,,,,,,,,,,,
0.2481499753330044,0.046250616674889,0.0746793290577207,0.1897508633448446,0.1675131717597471,0.026589392342817,0.026589392342817,0.0611556023884791,0.2634408602150537,0.053763440860215,0.032258064516129,0.0376344086021505,0.5844465648854961,0.625,0.685591603053435,0.6350190839694655,59,,,,,,,,,,,,,,,,
0.2266280217069561,0.2043043907252096,0.0664775530340404,0.3549580661075481,0.1914436248682824,0.0053178784685634,0.0505198454513523,0.1010396909027046,0.3655913978494624,0.0,0.053763440860215,0.032258064516129,0.549618320610687,0.5772900763358777,0.646469465648855,0.6001908396946565,21,,,,,,,,,,,,,,,,
0.1731006413418845,0.0411322150962012,0.0759126788357178,0.0641958559447459,0.2260098349139445,0.0106357569371268,0.0319072708113804,0.053178784685634,0.4247311827956989,0.0,0.0376344086021505,0.0376344086021505,0.4933206106870229,0.5295801526717556,0.6202290076335877,0.5768129770992365,59,,,,,,,,,,,,,,,,
0.3432412432165763,0.1881475086334484,0.2311297483966453,0.1669338924518993,0.1994204425711275,0.0079768177028451,0.0319072708113804,0.0904039339655778,0.2634408602150537,0.0053763440860215,0.032258064516129,0.1666666666666666,0.474236641221374,0.5248091603053435,0.6221374045801527,0.5615458015267175,25,,,,,,,,,,,,,,,,
0.2638751850024667,0.1056364084854464,0.12913172175629,0.0838061174148988,0.1781489286968739,0.0425430277485072,0.0505198454513523,0.1036986301369863,0.3010752688172043,0.0161290322580645,0.053763440860215,0.1236559139784946,0.4670801526717557,0.564885496183206,0.6626908396946564,0.6221374045801527,59,,,,,,,,,,,,,,,,
0.268746916625555,0.0415022200296003,0.1513936852491366,0.2175629008386778,0.159536354056902,0.0159536354056902,0.1116754478398314,0.0664734808570425,0.2634408602150537,0.010752688172043,0.1344086021505376,0.0806451612903225,0.5854007633587787,0.6397900763358778,0.5715648854961832,0.5720419847328244,21,,,,,,,,,,,,,,,,
0.5973112974839665,0.0721509620128268,0.1546620621608288,0.3668598914652196,0.2685528626624517,0.0159536354056902,0.0771092377941693,0.0930628731998595,0.4838709677419355,0.0,0.0806451612903225,0.1236559139784946,0.5596374045801525,0.5815839694656487,0.6312022900763358,0.6164122137404578,49,,,,,,,,,,,,,,,,
0.459607794770597,0.0580291070547607,0.1044647261963492,0.1721139615194869,0.2073972602739726,0.0026589392342817,0.0664734808570425,0.0930628731998595,0.3602150537634409,0.0053763440860215,0.086021505376344,0.1021505376344086,0.5410305343511449,0.5772900763358777,0.6240458015267174,0.5271946564885495,49,,,,,,,,,,,,,,,,
0.3473729649728663,0.0427355698075974,0.4177355698075975,0.259990133201776,0.1887846856340007,0.0132946961714085,0.1169933263083948,0.0584966631541974,0.3333333333333333,0.010752688172043,0.1021505376344086,0.064516129032258,0.4899809160305343,0.571087786259542,0.64456106870229,0.5467557251908397,11,,,,,,,,,,,,,,,,
0.3328811050814012,0.0748643315244203,0.2255180069067588,0.1081647755303403,0.1675131717597471,0.0186125746399719,0.1143343870741131,0.0558377239199157,0.3387096774193548,0.010752688172043,0.1290322580645161,0.075268817204301,0.4794847328244274,0.553912213740458,0.6326335877862596,0.5920801526717555,59,,,,,,,,,,,,,,,,
0.6796990626541687,0.043722249629995,0.1460902812037494,0.3511346817957573,0.2712118018967334,0.0079768177028451,0.0877456972251492,0.1143343870741131,0.4139784946236559,0.0,0.1344086021505376,0.1182795698924731,0.5023854961832059,0.6211832061068703,0.7495229007633587,0.6846374045801527,49,,,,,,,,,,,,,,,,
0.4049087321164282,0.0451406018746916,0.13332511100148,0.2905772076961026,0.1994204425711275,0.0,0.0957218124341412,0.0877449947312961,0.3064516129032258,0.0,0.0806451612903225,0.1397849462365591,0.5768129770992365,0.6894083969465647,0.8029580152671755,0.7323473282442747,49,,,,,,,,,,,,,,,,
0.2195362604834731,0.0566107548100641,0.1540453872718303,0.1588554514060187,0.1036986301369863,0.0106357569371268,0.1169933263083948,0.0877449947312961,0.1720430107526881,0.0161290322580645,0.1774193548387097,0.0591397849462365,0.5548664122137403,0.6226145038167938,0.7213740458015266,0.6560114503816793,59,,,,,,,,,,,,,,,,
0.5149235323137643,0.0359521460286137,0.18333744449926,0.1204982733103108,0.2073972602739726,0.0106357569371268,0.053178784685634,0.0319072708113804,0.3494623655913978,0.0053763440860215,0.0483870967741935,0.0376344086021505,0.6068702290076337,0.603530534351145,0.683206106870229,0.5796755725190839,49,,,,,,,,,,,,,,,,
0.222927972372965,0.0,0.1907375431672422,0.1609521460286137,0.1409237794169301,0.0026589392342817,0.0398840885142255,0.0744502985598876,0.2365591397849462,0.0,0.0376344086021505,0.1182795698924731,0.4971374045801526,0.5314885496183205,0.6431297709923663,0.5939885496183206,59,,,,,,,,,,,,,,,,
0.5708559447459302,0.0147385298470646,0.158732116428219,0.184570794277257,0.1542184755883386,0.0,0.0345662100456621,0.0186125746399719,0.2580645161290322,0.0,0.0376344086021505,0.0268817204301075,0.536736641221374,0.5696564885496183,0.6197519083969465,0.5634541984732823,49,,,,,,,,,,,,,,,,
0.2385915145535274,0.049580661075481,0.1435619141588554,0.0665392205229403,0.1621952932911837,0.0079768177028451,0.053178784685634,0.0398840885142255,0.2688172043010752,0.0,0.0483870967741935,0.0161290322580645,0.5500954198473282,0.5815839694656487,0.6545801526717556,0.6474236641221374,59,,,,,,,,,,,,,,,,
0.3806734089787864,0.0337937839171189,0.093302910705476,0.0698075974346324,0.1648542325254654,0.026589392342817,0.0558377239199157,0.1090165086055497,0.2741935483870967,0.053763440860215,0.075268817204301,0.1720430107526881,0.5978053435114503,0.6483778625954197,0.7447519083969465,0.631679389312977,59,,,,,,,,,,,,,,,,
0.6597804637395167,0.2901455352738037,0.298347311297484,0.1603354711396152,0.1728310502283105,0.0079768177028451,0.0611556023884791,0.0638145416227608,0.4032258064516129,0.0,0.1075268817204301,0.0376344086021505,0.4351145038167938,0.4708969465648855,0.5806297709923663,0.5276717557251908,38,,,,,,,,,,,,,,,,
0.3835101134681796,0.2309447459299457,0.2429699062654168,0.4278490379871732,0.1462416578854935,0.0212715138742536,0.026589392342817,0.0478609062170706,0.3333333333333333,0.0161290322580645,0.032258064516129,0.1021505376344086,0.4923664122137405,0.4279580152671755,0.4332061068702289,0.3707061068702289,16,,,,,,,,,,,,,,,,
0.5514923532313766,0.3344844597927973,0.3114824864331525,0.1652072027627035,0.1489005971197752,0.0452019669827889,0.0319072708113804,0.0717913593256059,0.3064516129032258,0.075268817204301,0.0483870967741935,0.064516129032258,0.3005725190839694,0.3897900763358778,0.4518129770992365,0.3955152671755724,4,,,,,,,,,,,,,,,,
0.6282067094227924,0.2717069560927479,0.3460162802170696,0.1970276270350272,0.1701721109940288,0.0106357569371268,0.0425430277485072,0.0478609062170706,0.3870967741935484,0.0,0.0483870967741935,0.0591397849462365,0.3315839694656488,0.4055343511450381,0.4770992366412213,0.4098282442748091,16,,,,,,,,,,,,,,,,
0.3739516526887025,0.4023186975826345,0.2976689689195856,0.1007030093734583,0.1675131717597471,0.0,0.0398840885142255,0.053178784685634,0.3440860215053763,0.0,0.0591397849462365,0.1236559139784946,0.3225190839694656,0.407442748091603,0.4985687022900762,0.4136450381679388,4,,,,,,,,,,,,,,,,
0.2969289590527874,0.383756783423779,0.3161692155895412,0.0588307844104587,0.1435827186512118,0.0053178784685634,0.0319072708113804,0.0106357569371268,0.2956989247311828,0.0053763440860215,0.032258064516129,0.0053763440860215,0.3129770992366412,0.411736641221374,0.5233778625954197,0.4599236641221373,4,,,,,,,,,,,,,,,,
0.2031327084361124,0.2779970399605329,0.2539467192895905,0.011655155402072,0.106357569371268,0.0132946961714085,0.0452019669827889,0.0,0.2580645161290322,0.0053763440860215,0.086021505376344,0.0,0.3668893129770992,0.474236641221374,0.5505725190839694,0.4713740458015267,15,,,,,,,,,,,,,,,,
0.1520103601381351,0.196225949679329,0.2146645288603848,0.0922545633941785,0.1143343870741131,0.0053178784685634,0.0159536354056902,0.0584966631541974,0.2365591397849462,0.0,0.0268817204301075,0.0806451612903225,0.4451335877862595,0.5295801526717556,0.6273854961832059,0.5467557251908397,57,,,,,,,,,,,,,,,,
0.3556980759743464,0.0419955599407992,0.1801924025653675,0.2954489393191909,0.1489005971197752,0.0292483315770987,0.0452019669827889,0.0877449947312961,0.3225806451612903,0.0483870967741935,0.0698924731182795,0.1397849462365591,0.4875954198473281,0.513358778625954,0.6436068702290076,0.6030534351145036,57,,,,,,,,,,,,,,,,
0.3013690182535767,0.0788110508140108,0.1406018746916626,0.2136778490379872,0.2180330172110994,0.0106357569371268,0.0372251492799438,0.0584966631541974,0.4354838709677419,0.0053763440860215,0.0483870967741935,0.1021505376344086,0.5224236641221374,0.5257633587786259,0.4952290076335876,0.4842557251908396,49,,,,,,,,,,,,,,,,
0.4622594967932906,0.3804884065120868,0.2000493339911199,0.0575357671435619,0.2020793818054092,0.0079768177028451,0.0398840885142255,0.0186125746399719,0.3763440860215054,0.0,0.064516129032258,0.021505376344086,0.444179389312977,0.5157442748091602,0.5706106870229006,0.47662213740458,38,,,,,,,,,,,,,,,,
0.3415762210162803,0.099161322150962,0.1948075974346324,0.2717069560927479,0.1648542325254654,0.0053178784685634,0.0345662100456621,0.0638145416227608,0.3709677419354839,0.0,0.053763440860215,0.032258064516129,0.4193702290076335,0.4661259541984732,0.5639312977099237,0.5209923664122137,15,,,,,,,,,,,,,,,,
0.3494079921065614,0.198322644301924,0.2469166255550074,0.2853354711396152,0.1834668071654373,0.0106357569371268,0.0319072708113804,0.0611556023884791,0.3870967741935484,0.0,0.043010752688172,0.0376344086021505,0.4365458015267175,0.4957061068702289,0.5877862595419846,0.5219465648854962,15,,,,,,,,,,,,,,,,
0.1642205229403059,0.1784040453872718,0.2556117414898865,0.5558707449432659,0.079768177028451,0.0079768177028451,0.1169933263083948,0.1223112047769582,0.1612903225806451,0.010752688172043,0.2365591397849462,0.1236559139784946,0.45706106870229,0.5038167938931297,0.6068702290076337,0.5534351145038168,57,,,,,,,,,,,,,,,,
0.1688455846077947,0.1636038480513073,0.2554884065120869,0.1251233349777997,0.1010396909027046,0.0212715138742536,0.0372251492799438,0.0319072708113804,0.2204301075268817,0.0161290322580645,0.043010752688172,0.043010752688172,0.4794847328244274,0.47662213740458,0.5882633587786258,0.4813931297709923,57,,,,,,,,,,,,,,,,
0.2755303404045388,0.2363714849531327,0.2813270843611248,0.1986309817464233,0.1621952932911837,0.0106357569371268,0.0425430277485072,0.0372251492799438,0.3387096774193548,0.010752688172043,0.0698924731182795,0.0806451612903225,0.3549618320610686,0.4460877862595419,0.480916030534351,0.4160305343511449,15,,,,,,,,,,,,,,,,
0.4806364084854465,0.2601134681795757,0.2882338431179082,0.3413295510606808,0.1728310502283105,0.0053178784685634,0.0425430277485072,0.0824271162627327,0.3924731182795699,0.0053763440860215,0.075268817204301,0.1774193548387097,0.4107824427480915,0.4475190839694656,0.5458015267175571,0.4704198473282441,16,,,,,,,,,,,,,,,,
0.4939565860878144,0.3115441539220523,0.302910705476073,0.158732116428219,0.1409237794169301,0.0478609062170706,0.0398840885142255,0.0239304531085353,0.2365591397849462,0.1021505376344086,0.0483870967741935,0.021505376344086,0.381679389312977,0.5066793893129771,0.5567748091603054,0.4489503816793893,4,,,,,,,,,,,,,,,,
0.4073137641835225,0.2176245683275777,0.1753206709422792,0.0670325604341391,0.1356059009483667,0.0106357569371268,0.0372251492799438,0.0319072708113804,0.2688172043010752,0.0,0.043010752688172,0.0483870967741935,0.4646946564885496,0.5176526717557252,0.6049618320610686,0.5176526717557252,38,,,,,,,,,,,,,,,,
0.2620251603354712,0.1444869264923532,0.2810187469166255,0.2657252096694623,0.1781489286968739,0.0079768177028451,0.0478609062170706,0.1276290832455216,0.3548387096774194,0.0,0.0483870967741935,0.2150537634408602,0.3854961832061068,0.4833015267175571,0.5667938931297708,0.5357824427480916,15,,,,,,,,,,,,,,,,
0.2181795757276764,0.1161815490873211,0.1147015293537247,0.5721509620128269,0.1356059009483667,0.0132946961714085,0.026589392342817,0.1621952932911837,0.3118279569892473,0.0161290322580645,0.032258064516129,0.1182795698924731,0.513358778625954,0.5963740458015268,0.6526717557251906,0.5720419847328244,57,,,,,,,,,,,,,,,,
0.2446965959546127,0.0277503700049333,0.0577207696102614,0.3682782437099162,0.1435827186512118,0.0079768177028451,0.0691324200913242,0.053178784685634,0.2956989247311828,0.0,0.0591397849462365,0.053763440860215,0.5486641221374045,0.6054389312977099,0.6006679389312977,0.5458015267175571,57,,,,,,,,,,,,,,,,
0.3659965466206216,0.0618524913665515,0.1285150468672915,0.1100764676862358,0.1941025641025641,0.0053178784685634,0.0372251492799438,0.0186125746399719,0.4086021505376344,0.0,0.032258064516129,0.0376344086021505,0.5252862595419847,0.552003816793893,0.5586832061068702,0.5257633587786259,49,,,,,,,,,,,,,,,,
0.3205476073014307,0.1620004933399112,0.1976443019240256,0.1814257523433646,0.2020793818054092,0.0,0.0319072708113804,0.0186125746399719,0.3978494623655914,0.0,0.0268817204301075,0.0161290322580645,0.5291030534351144,0.5448473282442747,0.5896946564885496,0.5916030534351143,49,,,,,,,,,,,,,,,,
0.4509743463246177,0.1451036013813517,0.2304514060187469,0.1817957572767637,0.1568774148226203,0.0079768177028451,0.0584966631541974,0.0398840885142255,0.2688172043010752,0.0053763440860215,0.0698924731182795,0.021505376344086,0.5162213740458014,0.5009541984732824,0.5901717557251908,0.5310114503816793,49,,,,,,,,,,,,,,,,
0.4160088801184016,0.221262950172669,0.2242229896398619,0.0381105081401085,0.1462416578854935,0.0106357569371268,0.0505198454513523,0.0159536354056902,0.2956989247311828,0.0,0.075268817204301,0.010752688172043,0.4446564885496182,0.515267175572519,0.5830152671755725,0.5171755725190839,38,,,,,,,,,,,,,,,,
0.5043783917118895,0.0505056734089787,0.1807474099654662,0.3668598914652196,0.1834668071654373,0.0053178784685634,0.079768177028451,0.0505198454513523,0.3225806451612903,0.0,0.1344086021505376,0.043010752688172,0.4856870229007634,0.5329198473282443,0.5820610687022901,0.5596374045801525,49,,,,,,,,,,,,,,,,
0.4753330044400592,0.1805007400098668,0.1599037987173162,0.0585841144548593,0.2233508956796628,0.0079768177028451,0.0319072708113804,0.0505198454513523,0.3118279569892473,0.0,0.032258064516129,0.0967741935483871,0.5238549618320609,0.5424618320610687,0.5901717557251908,0.5596374045801525,38,,,,,,,,,,,,,,,,
0.1814874198322644,0.1835224469659595,0.2138011840157868,0.3735816477553034,0.0824271162627327,0.0159536354056902,0.0771092377941693,0.0478609062170706,0.1774193548387097,0.0161290322580645,0.0698924731182795,0.0483870967741935,0.480916030534351,0.4751908396946565,0.5968511450381679,0.5219465648854962,57,,,,,,,,,,,,,,,,
0.9040453872718304,0.2202146028613715,0.2070177602368032,0.1001480019733596,0.345662100456621,0.0106357569371268,0.026589392342817,0.0132946961714085,0.5645161290322581,0.0,0.032258064516129,0.010752688172043,0.4833015267175571,0.5100190839694656,0.5601145038167937,0.4928435114503817,38,,,,,,,,,,,,,,,,
0.1476319684262457,0.2133695115934879,0.2821904292057227,0.147076961026147,0.0319072708113804,0.0,0.0239304531085353,0.0106357569371268,0.0591397849462365,0.0,0.032258064516129,0.0,0.4184160305343511,0.482824427480916,0.5658396946564884,0.498091603053435,15,,,,,,,,,,,,,,,,
0.1857424765663542,0.2099161322150962,0.2303280710409472,0.2325481006413419,0.0584966631541974,0.0,0.0159536354056902,0.026589392342817,0.0967741935483871,0.0,0.0161290322580645,0.032258064516129,0.4427480916030533,0.4561068702290075,0.498091603053435,0.4833015267175571,15,,,,,,,,,,,,,,,,
0.1920325604341391,0.1885175135668475,0.2506783423778919,0.128761716822891,0.0398840885142255,0.0053178784685634,0.0212715138742536,0.0132946961714085,0.0698924731182795,0.0,0.021505376344086,0.0161290322580645,0.4756679389312976,0.4804389312977098,0.5744274809160304,0.5181297709923663,57,,,,,,,,,,,,,,,,
0.1542303897385298,0.2033793783917119,0.2255180069067588,0.1180932412432166,0.0478609062170706,0.0026589392342817,0.0132946961714085,0.0159536354056902,0.0913978494623656,0.0,0.0161290322580645,0.010752688172043,0.4532442748091602,0.4928435114503817,0.5992366412213739,0.5100190839694656,57,,,,,,,,,,,,,,,,
0.1952392698569314,0.2139245189935865,0.222496299950666,0.0855944745929945,0.0478609062170706,0.0026589392342817,0.0079768177028451,0.0132946961714085,0.1075268817204301,0.0,0.010752688172043,0.0053763440860215,0.3993320610687022,0.5372137404580152,0.6474236641221374,0.5768129770992365,57,,,,,,,,,,,,,,,,
0.0871978293043907,0.0838061174148988,0.259990133201776,0.0918228909718796,0.0452019669827889,0.0053178784685634,0.0345662100456621,0.0106357569371268,0.086021505376344,0.0,0.021505376344086,0.0161290322580645,0.4799618320610686,0.5811068702290075,0.6922709923664121,0.640267175572519,57,,,,,,,,,,,,,,,,
0.1396768623581648,0.0090034533793783,0.1174148988653182,0.5017883571780958,0.0505198454513523,0.0053178784685634,0.1701721109940288,0.0824271162627327,0.0913978494623656,0.0,0.2473118279569892,0.1021505376344086,0.5505725190839694,0.6164122137404578,0.7261450381679388,0.590648854961832,57,,,,,,,,,,,,,,,,
0.36248149975333,0.0140601874691662,0.087074494326591,0.0830044400592008,0.1169933263083948,0.0,0.0292483315770987,0.0398840885142255,0.1935483870967742,0.0,0.0268817204301075,0.075268817204301,0.4966603053435114,0.5100190839694655,0.5634541984732823,0.5038167938931297,57,,,,,,,,,,,,,,,,
0.5078934385791811,0.2773803650715343,0.2247163295510607,0.0606808090774543,0.2339866526167896,0.0079768177028451,0.026589392342817,0.0319072708113804,0.4139784946236559,0.0,0.0591397849462365,0.0591397849462365,0.4589694656488549,0.5,0.5687022900763359,0.5181297709923663,38,,,,,,,,,,,,,,,,
0.4776763690182536,0.2173778983719783,0.188332511100148,0.0592624568327577,0.2472813487881981,0.0106357569371268,0.0452019669827889,0.0159536354056902,0.4731182795698925,0.0053763440860215,0.0376344086021505,0.010752688172043,0.4002862595419847,0.515267175572519,0.607824427480916,0.5458015267175571,38,,,,,,,,,,,,,,,,
0.2160212136161816,0.1127281697089294,0.1795140601874691,0.0590774543660582,0.1249701440112399,0.0744502985598876,0.026589392342817,0.1116754478398314,0.1774193548387097,0.1559139784946236,0.021505376344086,0.075268817204301,0.4532442748091602,0.5892175572519084,0.7127862595419846,0.6388358778625952,57,,,,,,,,,,,,,,,,
0.2334731129748396,0.0426122348297977,0.1146398618648248,0.0460039467192896,0.1356059009483667,0.0106357569371268,0.0691324200913242,0.0212715138742536,0.2795698924731182,0.0,0.075268817204301,0.021505376344086,0.5171755725190839,0.6378816793893128,0.7261450381679388,0.6717557251908397,57,,,,,,,,,,,,,,,,
0.3307844104588061,0.0726443019240256,0.0534040453872718,0.1517636901825358,0.1621952932911837,0.0106357569371268,0.0398840885142255,0.0212715138742536,0.2526881720430107,0.0,0.0591397849462365,0.0268817204301075,0.5601145038167937,0.653625954198473,0.7423664122137403,0.6521946564885495,57,,,,,,,,,,,,,,,,
0.2481499753330044,0.046250616674889,0.0746793290577207,0.1897508633448446,0.1675131717597471,0.026589392342817,0.026589392342817,0.0611556023884791,0.2634408602150537,0.053763440860215,0.032258064516129,0.0376344086021505,0.5844465648854961,0.625,0.685591603053435,0.6350190839694655,57,,,,,,,,,,,,,,,,
0.2266280217069561,0.2043043907252096,0.0664775530340404,0.3549580661075481,0.1914436248682824,0.0053178784685634,0.0505198454513523,0.1010396909027046,0.3655913978494624,0.0,0.053763440860215,0.032258064516129,0.549618320610687,0.5772900763358777,0.646469465648855,0.6001908396946565,49,,,,,,,,,,,,,,,,
0.1731006413418845,0.0411322150962012,0.0759126788357178,0.0641958559447459,0.2260098349139445,0.0106357569371268,0.0319072708113804,0.053178784685634,0.4247311827956989,0.0,0.0376344086021505,0.0376344086021505,0.4933206106870229,0.5295801526717556,0.6202290076335877,0.5768129770992365,57,,,,,,,,,,,,,,,,
0.3432412432165763,0.1881475086334484,0.2311297483966453,0.1669338924518993,0.1994204425711275,0.0079768177028451,0.0319072708113804,0.0904039339655778,0.2634408602150537,0.0053763440860215,0.032258064516129,0.1666666666666666,0.474236641221374,0.5248091603053435,0.6221374045801527,0.5615458015267175,57,,,,,,,,,,,,,,,,
0.2638751850024667,0.1056364084854464,0.12913172175629,0.0838061174148988,0.1781489286968739,0.0425430277485072,0.0505198454513523,0.1036986301369863,0.3010752688172043,0.0161290322580645,0.053763440860215,0.1236559139784946,0.4670801526717557,0.564885496183206,0.6626908396946564,0.6221374045801527,57,,,,,,,,,,,,,,,,
0.268746916625555,0.0415022200296003,0.1513936852491366,0.2175629008386778,0.159536354056902,0.0159536354056902,0.1116754478398314,0.0664734808570425,0.2634408602150537,0.010752688172043,0.1344086021505376,0.0806451612903225,0.5854007633587787,0.6397900763358778,0.5715648854961832,0.5720419847328244,57,,,,,,,,,,,,,,,,
0.5973112974839665,0.0721509620128268,0.1546620621608288,0.3668598914652196,0.2685528626624517,0.0159536354056902,0.0771092377941693,0.0930628731998595,0.4838709677419355,0.0,0.0806451612903225,0.1236559139784946,0.5596374045801525,0.5815839694656487,0.6312022900763358,0.6164122137404578,49,,,,,,,,,,,,,,,,
0.459607794770597,0.0580291070547607,0.1044647261963492,0.1721139615194869,0.2073972602739726,0.0026589392342817,0.0664734808570425,0.0930628731998595,0.3602150537634409,0.0053763440860215,0.086021505376344,0.1021505376344086,0.5410305343511449,0.5772900763358777,0.6240458015267174,0.5271946564885495,49,,,,,,,,,,,,,,,,
0.3473729649728663,0.0427355698075974,0.4177355698075975,0.259990133201776,0.1887846856340007,0.0132946961714085,0.1169933263083948,0.0584966631541974,0.3333333333333333,0.010752688172043,0.1021505376344086,0.064516129032258,0.4899809160305343,0.571087786259542,0.64456106870229,0.5467557251908397,57,,,,,,,,,,,,,,,,
0.3328811050814012,0.0748643315244203,0.2255180069067588,0.1081647755303403,0.1675131717597471,0.0186125746399719,0.1143343870741131,0.0558377239199157,0.3387096774193548,0.010752688172043,0.1290322580645161,0.075268817204301,0.4794847328244274,0.553912213740458,0.6326335877862596,0.5920801526717555,57,,,,,,,,,,,,,,,,
0.6796990626541687,0.043722249629995,0.1460902812037494,0.3511346817957573,0.2712118018967334,0.0079768177028451,0.0877456972251492,0.1143343870741131,0.4139784946236559,0.0,0.1344086021505376,0.1182795698924731,0.5023854961832059,0.6211832061068703,0.7495229007633587,0.6846374045801527,49,,,,,,,,,,,,,,,,
0.4049087321164282,0.0451406018746916,0.13332511100148,0.2905772076961026,0.1994204425711275,0.0,0.0957218124341412,0.0877449947312961,0.3064516129032258,0.0,0.0806451612903225,0.1397849462365591,0.5768129770992365,0.6894083969465647,0.8029580152671755,0.7323473282442747,49,,,,,,,,,,,,,,,,
0.2195362604834731,0.0566107548100641,0.1540453872718303,0.1588554514060187,0.1036986301369863,0.0106357569371268,0.1169933263083948,0.0877449947312961,0.1720430107526881,0.0161290322580645,0.1774193548387097,0.0591397849462365,0.5548664122137403,0.6226145038167938,0.7213740458015266,0.6560114503816793,57,,,,,,,,,,,,,,,,
0.5149235323137643,0.0359521460286137,0.18333744449926,0.1204982733103108,0.2073972602739726,0.0106357569371268,0.053178784685634,0.0319072708113804,0.3494623655913978,0.0053763440860215,0.0483870967741935,0.0376344086021505,0.6068702290076337,0.603530534351145,0.683206106870229,0.5796755725190839,49,,,,,,,,,,,,,,,,
0.222927972372965,0.0,0.1907375431672422,0.1609521460286137,0.1409237794169301,0.0026589392342817,0.0398840885142255,0.0744502985598876,0.2365591397849462,0.0,0.0376344086021505,0.1182795698924731,0.4971374045801526,0.5314885496183205,0.6431297709923663,0.5939885496183206,57,,,,,,,,,,,,,,,,
0.5708559447459302,0.0147385298470646,0.158732116428219,0.184570794277257,0.1542184755883386,0.0,0.0345662100456621,0.0186125746399719,0.2580645161290322,0.0,0.0376344086021505,0.0268817204301075,0.536736641221374,0.5696564885496183,0.6197519083969465,0.5634541984732823,49,,,,,,,,,,,,,,,,
0.2385915145535274,0.049580661075481,0.1435619141588554,0.0665392205229403,0.1621952932911837,0.0079768177028451,0.053178784685634,0.0398840885142255,0.2688172043010752,0.0,0.0483870967741935,0.0161290322580645,0.5500954198473282,0.5815839694656487,0.6545801526717556,0.6474236641221374,57,,,,,,,,,,,,,,,,
0.3806734089787864,0.0337937839171189,0.093302910705476,0.0698075974346324,0.1648542325254654,0.026589392342817,0.0558377239199157,0.1090165086055497,0.2741935483870967,0.053763440860215,0.075268817204301,0.1720430107526881,0.5978053435114503,0.6483778625954197,0.7447519083969465,0.631679389312977,49,,,,,,,,,,,,,,,,
0.6597804637395167,0.2901455352738037,0.298347311297484,0.1603354711396152,0.1728310502283105,0.0079768177028451,0.0611556023884791,0.0638145416227608,0.4032258064516129,0.0,0.1075268817204301,0.0376344086021505,0.4351145038167938,0.4708969465648855,0.5806297709923663,0.5276717557251908,3,,,,,,,,,,,,,,,,
0.3835101134681796,0.2309447459299457,0.2429699062654168,0.4278490379871732,0.1462416578854935,0.0212715138742536,0.026589392342817,0.0478609062170706,0.3333333333333333,0.0161290322580645,0.032258064516129,0.1021505376344086,0.4923664122137405,0.4279580152671755,0.4332061068702289,0.3707061068702289,16,,,,,,,,,,,,,,,,
0.5514923532313766,0.3344844597927973,0.3114824864331525,0.1652072027627035,0.1489005971197752,0.0452019669827889,0.0319072708113804,0.0717913593256059,0.3064516129032258,0.075268817204301,0.0483870967741935,0.064516129032258,0.3005725190839694,0.3897900763358778,0.4518129770992365,0.3955152671755724,3,,,,,,,,,,,,,,,,
0.6282067094227924,0.2717069560927479,0.3460162802170696,0.1970276270350272,0.1701721109940288,0.0106357569371268,0.0425430277485072,0.0478609062170706,0.3870967741935484,0.0,0.0483870967741935,0.0591397849462365,0.3315839694656488,0.4055343511450381,0.4770992366412213,0.4098282442748091,3,,,,,,,,,,,,,,,,
0.3739516526887025,0.4023186975826345,0.2976689689195856,0.1007030093734583,0.1675131717597471,0.0,0.0398840885142255,0.053178784685634,0.3440860215053763,0.0,0.0591397849462365,0.1236559139784946,0.3225190839694656,0.407442748091603,0.4985687022900762,0.4136450381679388,3,,,,,,,,,,,,,,,,
0.2969289590527874,0.383756783423779,0.3161692155895412,0.0588307844104587,0.1435827186512118,0.0053178784685634,0.0319072708113804,0.0106357569371268,0.2956989247311828,0.0053763440860215,0.032258064516129,0.0053763440860215,0.3129770992366412,0.411736641221374,0.5233778625954197,0.4599236641221373,25,,,,,,,,,,,,,,,,
0.2031327084361124,0.2779970399605329,0.2539467192895905,0.011655155402072,0.106357569371268,0.0132946961714085,0.0452019669827889,0.0,0.2580645161290322,0.0053763440860215,0.086021505376344,0.0,0.3668893129770992,0.474236641221374,0.5505725190839694,0.4713740458015267,25,,,,,,,,,,,,,,,,
0.1520103601381351,0.196225949679329,0.2146645288603848,0.0922545633941785,0.1143343870741131,0.0053178784685634,0.0159536354056902,0.0584966631541974,0.2365591397849462,0.0,0.0268817204301075,0.0806451612903225,0.4451335877862595,0.5295801526717556,0.6273854961832059,0.5467557251908397,33,,,,,,,,,,,,,,,,
0.3556980759743464,0.0419955599407992,0.1801924025653675,0.2954489393191909,0.1489005971197752,0.0292483315770987,0.0452019669827889,0.0877449947312961,0.3225806451612903,0.0483870967741935,0.0698924731182795,0.1397849462365591,0.4875954198473281,0.513358778625954,0.6436068702290076,0.6030534351145036,8,,,,,,,,,,,,,,,,
0.3013690182535767,0.0788110508140108,0.1406018746916626,0.2136778490379872,0.2180330172110994,0.0106357569371268,0.0372251492799438,0.0584966631541974,0.4354838709677419,0.0053763440860215,0.0483870967741935,0.1021505376344086,0.5224236641221374,0.5257633587786259,0.4952290076335876,0.4842557251908396,23,,,,,,,,,,,,,,,,
0.4622594967932906,0.3804884065120868,0.2000493339911199,0.0575357671435619,0.2020793818054092,0.0079768177028451,0.0398840885142255,0.0186125746399719,0.3763440860215054,0.0,0.064516129032258,0.021505376344086,0.444179389312977,0.5157442748091602,0.5706106870229006,0.47662213740458,25,,,,,,,,,,,,,,,,
0.3415762210162803,0.099161322150962,0.1948075974346324,0.2717069560927479,0.1648542325254654,0.0053178784685634,0.0345662100456621,0.0638145416227608,0.3709677419354839,0.0,0.053763440860215,0.032258064516129,0.4193702290076335,0.4661259541984732,0.5639312977099237,0.5209923664122137,23,,,,,,,,,,,,,,,,
0.3494079921065614,0.198322644301924,0.2469166255550074,0.2853354711396152,0.1834668071654373,0.0106357569371268,0.0319072708113804,0.0611556023884791,0.3870967741935484,0.0,0.043010752688172,0.0376344086021505,0.4365458015267175,0.4957061068702289,0.5877862595419846,0.5219465648854962,23,,,,,,,,,,,,,,,,
0.1642205229403059,0.1784040453872718,0.2556117414898865,0.5558707449432659,0.079768177028451,0.0079768177028451,0.1169933263083948,0.1223112047769582,0.1612903225806451,0.010752688172043,0.2365591397849462,0.1236559139784946,0.45706106870229,0.5038167938931297,0.6068702290076337,0.5534351145038168,13,,,,,,,,,,,,,,,,
0.1688455846077947,0.1636038480513073,0.2554884065120869,0.1251233349777997,0.1010396909027046,0.0212715138742536,0.0372251492799438,0.0319072708113804,0.2204301075268817,0.0161290322580645,0.043010752688172,0.043010752688172,0.4794847328244274,0.47662213740458,0.5882633587786258,0.4813931297709923,33,,,,,,,,,,,,,,,,
0.2755303404045388,0.2363714849531327,0.2813270843611248,0.1986309817464233,0.1621952932911837,0.0106357569371268,0.0425430277485072,0.0372251492799438,0.3387096774193548,0.010752688172043,0.0698924731182795,0.0806451612903225,0.3549618320610686,0.4460877862595419,0.480916030534351,0.4160305343511449,16,,,,,,,,,,,,,,,,
0.4806364084854465,0.2601134681795757,0.2882338431179082,0.3413295510606808,0.1728310502283105,0.0053178784685634,0.0425430277485072,0.0824271162627327,0.3924731182795699,0.0053763440860215,0.075268817204301,0.1774193548387097,0.4107824427480915,0.4475190839694656,0.5458015267175571,0.4704198473282441,16,,,,,,,,,,,,,,,,
0.4939565860878144,0.3115441539220523,0.302910705476073,0.158732116428219,0.1409237794169301,0.0478609062170706,0.0398840885142255,0.0239304531085353,0.2365591397849462,0.1021505376344086,0.0483870967741935,0.021505376344086,0.381679389312977,0.5066793893129771,0.5567748091603054,0.4489503816793893,25,,,,,,,,,,,,,,,,
0.4073137641835225,0.2176245683275777,0.1753206709422792,0.0670325604341391,0.1356059009483667,0.0106357569371268,0.0372251492799438,0.0319072708113804,0.2688172043010752,0.0,0.043010752688172,0.0483870967741935,0.4646946564885496,0.5176526717557252,0.6049618320610686,0.5176526717557252,25,,,,,,,,,,,,,,,,
0.2620251603354712,0.1444869264923532,0.2810187469166255,0.2657252096694623,0.1781489286968739,0.0079768177028451,0.0478609062170706,0.1276290832455216,0.3548387096774194,0.0,0.0483870967741935,0.2150537634408602,0.3854961832061068,0.4833015267175571,0.5667938931297708,0.5357824427480916,8,,,,,,,,,,,,,,,,
0.2181795757276764,0.1161815490873211,0.1147015293537247,0.5721509620128269,0.1356059009483667,0.0132946961714085,0.026589392342817,0.1621952932911837,0.3118279569892473,0.0161290322580645,0.032258064516129,0.1182795698924731,0.513358778625954,0.5963740458015268,0.6526717557251906,0.5720419847328244,13,,,,,,,,,,,,,,,,
0.2446965959546127,0.0277503700049333,0.0577207696102614,0.3682782437099162,0.1435827186512118,0.0079768177028451,0.0691324200913242,0.053178784685634,0.2956989247311828,0.0,0.0591397849462365,0.053763440860215,0.5486641221374045,0.6054389312977099,0.6006679389312977,0.5458015267175571,8,,,,,,,,,,,,,,,,
0.3659965466206216,0.0618524913665515,0.1285150468672915,0.1100764676862358,0.1941025641025641,0.0053178784685634,0.0372251492799438,0.0186125746399719,0.4086021505376344,0.0,0.032258064516129,0.0376344086021505,0.5252862595419847,0.552003816793893,0.5586832061068702,0.5257633587786259,23,,,,,,,,,,,,,,,,
0.3205476073014307,0.1620004933399112,0.1976443019240256,0.1814257523433646,0.2020793818054092,0.0,0.0319072708113804,0.0186125746399719,0.3978494623655914,0.0,0.0268817204301075,0.0161290322580645,0.5291030534351144,0.5448473282442747,0.5896946564885496,0.5916030534351143,23,,,,,,,,,,,,,,,,
0.4509743463246177,0.1451036013813517,0.2304514060187469,0.1817957572767637,0.1568774148226203,0.0079768177028451,0.0584966631541974,0.0398840885142255,0.2688172043010752,0.0053763440860215,0.0698924731182795,0.021505376344086,0.5162213740458014,0.5009541984732824,0.5901717557251908,0.5310114503816793,25,,,,,,,,,,,,,,,,
0.4160088801184016,0.221262950172669,0.2242229896398619,0.0381105081401085,0.1462416578854935,0.0106357569371268,0.0505198454513523,0.0159536354056902,0.2956989247311828,0.0,0.075268817204301,0.010752688172043,0.4446564885496182,0.515267175572519,0.5830152671755725,0.5171755725190839,25,,,,,,,,,,,,,,,,
0.5043783917118895,0.0505056734089787,0.1807474099654662,0.3668598914652196,0.1834668071654373,0.0053178784685634,0.079768177028451,0.0505198454513523,0.3225806451612903,0.0,0.1344086021505376,0.043010752688172,0.4856870229007634,0.5329198473282443,0.5820610687022901,0.5596374045801525,8,,,,,,,,,,,,,,,,
0.4753330044400592,0.1805007400098668,0.1599037987173162,0.0585841144548593,0.2233508956796628,0.0079768177028451,0.0319072708113804,0.0505198454513523,0.3118279569892473,0.0,0.032258064516129,0.0967741935483871,0.5238549618320609,0.5424618320610687,0.5901717557251908,0.5596374045801525,25,,,,,,,,,,,,,,,,
0.1814874198322644,0.1835224469659595,0.2138011840157868,0.3735816477553034,0.0824271162627327,0.0159536354056902,0.0771092377941693,0.0478609062170706,0.1774193548387097,0.0161290322580645,0.0698924731182795,0.0483870967741935,0.480916030534351,0.4751908396946565,0.5968511450381679,0.5219465648854962,13,,,,,,,,,,,,,,,,
0.9040453872718304,0.2202146028613715,0.2070177602368032,0.1001480019733596,0.345662100456621,0.0106357569371268,0.026589392342817,0.0132946961714085,0.5645161290322581,0.0,0.032258064516129,0.010752688172043,0.4833015267175571,0.5100190839694656,0.5601145038167937,0.4928435114503817,3,,,,,,,,,,,,,,,,
0.1476319684262457,0.2133695115934879,0.2821904292057227,0.147076961026147,0.0319072708113804,0.0,0.0239304531085353,0.0106357569371268,0.0591397849462365,0.0,0.032258064516129,0.0,0.4184160305343511,0.482824427480916,0.5658396946564884,0.498091603053435,33,,,,,,,,,,,,,,,,
0.1857424765663542,0.2099161322150962,0.2303280710409472,0.2325481006413419,0.0584966631541974,0.0,0.0159536354056902,0.026589392342817,0.0967741935483871,0.0,0.0161290322580645,0.032258064516129,0.4427480916030533,0.4561068702290075,0.498091603053435,0.4833015267175571,33,,,,,,,,,,,,,,,,
0.1920325604341391,0.1885175135668475,0.2506783423778919,0.128761716822891,0.0398840885142255,0.0053178784685634,0.0212715138742536,0.0132946961714085,0.0698924731182795,0.0,0.021505376344086,0.0161290322580645,0.4756679389312976,0.4804389312977098,0.5744274809160304,0.5181297709923663,33,,,,,,,,,,,,,,,,
0.1542303897385298,0.2033793783917119,0.2255180069067588,0.1180932412432166,0.0478609062170706,0.0026589392342817,0.0132946961714085,0.0159536354056902,0.0913978494623656,0.0,0.0161290322580645,0.010752688172043,0.4532442748091602,0.4928435114503817,0.5992366412213739,0.5100190839694656,33,,,,,,,,,,,,,,,,
0.1952392698569314,0.2139245189935865,0.222496299950666,0.0855944745929945,0.0478609062170706,0.0026589392342817,0.0079768177028451,0.0132946961714085,0.1075268817204301,0.0,0.010752688172043,0.0053763440860215,0.3993320610687022,0.5372137404580152,0.6474236641221374,0.5768129770992365,33,,,,,,,,,,,,,,,,
0.0871978293043907,0.0838061174148988,0.259990133201776,0.0918228909718796,0.0452019669827889,0.0053178784685634,0.0345662100456621,0.0106357569371268,0.086021505376344,0.0,0.021505376344086,0.0161290322580645,0.4799618320610686,0.5811068702290075,0.6922709923664121,0.640267175572519,33,,,,,,,,,,,,,,,,
0.1396768623581648,0.0090034533793783,0.1174148988653182,0.5017883571780958,0.0505198454513523,0.0053178784685634,0.1701721109940288,0.0824271162627327,0.0913978494623656,0.0,0.2473118279569892,0.1021505376344086,0.5505725190839694,0.6164122137404578,0.7261450381679388,0.590648854961832,13,,,,,,,,,,,,,,,,
0.36248149975333,0.0140601874691662,0.087074494326591,0.0830044400592008,0.1169933263083948,0.0,0.0292483315770987,0.0398840885142255,0.1935483870967742,0.0,0.0268817204301075,0.075268817204301,0.4966603053435114,0.5100190839694655,0.5634541984732823,0.5038167938931297,59,,,,,,,,,,,,,,,,
0.5078934385791811,0.2773803650715343,0.2247163295510607,0.0606808090774543,0.2339866526167896,0.0079768177028451,0.026589392342817,0.0319072708113804,0.4139784946236559,0.0,0.0591397849462365,0.0591397849462365,0.4589694656488549,0.5,0.5687022900763359,0.5181297709923663,25,,,,,,,,,,,,,,,,
0.4776763690182536,0.2173778983719783,0.188332511100148,0.0592624568327577,0.2472813487881981,0.0106357569371268,0.0452019669827889,0.0159536354056902,0.4731182795698925,0.0053763440860215,0.0376344086021505,0.010752688172043,0.4002862595419847,0.515267175572519,0.607824427480916,0.5458015267175571,25,,,,,,,,,,,,,,,,
0.2160212136161816,0.1127281697089294,0.1795140601874691,0.0590774543660582,0.1249701440112399,0.0744502985598876,0.026589392342817,0.1116754478398314,0.1774193548387097,0.1559139784946236,0.021505376344086,0.075268817204301,0.4532442748091602,0.5892175572519084,0.7127862595419846,0.6388358778625952,59,,,,,,,,,,,,,,,,
0.2334731129748396,0.0426122348297977,0.1146398618648248,0.0460039467192896,0.1356059009483667,0.0106357569371268,0.0691324200913242,0.0212715138742536,0.2795698924731182,0.0,0.075268817204301,0.021505376344086,0.5171755725190839,0.6378816793893128,0.7261450381679388,0.6717557251908397,59,,,,,,,,,,,,,,,,
0.3307844104588061,0.0726443019240256,0.0534040453872718,0.1517636901825358,0.1621952932911837,0.0106357569371268,0.0398840885142255,0.0212715138742536,0.2526881720430107,0.0,0.0591397849462365,0.0268817204301075,0.5601145038167937,0.653625954198473,0.7423664122137403,0.6521946564885495,59,,,,,,,,,,,,,,,,
0.2481499753330044,0.046250616674889,0.0746793290577207,0.1897508633448446,0.1675131717597471,0.026589392342817,0.026589392342817,0.0611556023884791,0.2634408602150537,0.053763440860215,0.032258064516129,0.0376344086021505,0.5844465648854961,0.625,0.685591603053435,0.6350190839694655,59,,,,,,,,,,,,,,,,
0.2266280217069561,0.2043043907252096,0.0664775530340404,0.3549580661075481,0.1914436248682824,0.0053178784685634,0.0505198454513523,0.1010396909027046,0.3655913978494624,0.0,0.053763440860215,0.032258064516129,0.549618320610687,0.5772900763358777,0.646469465648855,0.6001908396946565,23,,,,,,,,,,,,,,,,
0.1731006413418845,0.0411322150962012,0.0759126788357178,0.0641958559447459,0.2260098349139445,0.0106357569371268,0.0319072708113804,0.053178784685634,0.4247311827956989,0.0,0.0376344086021505,0.0376344086021505,0.4933206106870229,0.5295801526717556,0.6202290076335877,0.5768129770992365,59,,,,,,,,,,,,,,,,
0.3432412432165763,0.1881475086334484,0.2311297483966453,0.1669338924518993,0.1994204425711275,0.0079768177028451,0.0319072708113804,0.0904039339655778,0.2634408602150537,0.0053763440860215,0.032258064516129,0.1666666666666666,0.474236641221374,0.5248091603053435,0.6221374045801527,0.5615458015267175,8,,,,,,,,,,,,,,,,
0.2638751850024667,0.1056364084854464,0.12913172175629,0.0838061174148988,0.1781489286968739,0.0425430277485072,0.0505198454513523,0.1036986301369863,0.3010752688172043,0.0161290322580645,0.053763440860215,0.1236559139784946,0.4670801526717557,0.564885496183206,0.6626908396946564,0.6221374045801527,59,,,,,,,,,,,,,,,,
0.268746916625555,0.0415022200296003,0.1513936852491366,0.2175629008386778,0.159536354056902,0.0159536354056902,0.1116754478398314,0.0664734808570425,0.2634408602150537,0.010752688172043,0.1344086021505376,0.0806451612903225,0.5854007633587787,0.6397900763358778,0.5715648854961832,0.5720419847328244,59,,,,,,,,,,,,,,,,
0.5973112974839665,0.0721509620128268,0.1546620621608288,0.3668598914652196,0.2685528626624517,0.0159536354056902,0.0771092377941693,0.0930628731998595,0.4838709677419355,0.0,0.0806451612903225,0.1236559139784946,0.5596374045801525,0.5815839694656487,0.6312022900763358,0.6164122137404578,8,,,,,,,,,,,,,,,,
0.459607794770597,0.0580291070547607,0.1044647261963492,0.1721139615194869,0.2073972602739726,0.0026589392342817,0.0664734808570425,0.0930628731998595,0.3602150537634409,0.0053763440860215,0.086021505376344,0.1021505376344086,0.5410305343511449,0.5772900763358777,0.6240458015267174,0.5271946564885495,8,,,,,,,,,,,,,,,,
0.3473729649728663,0.0427355698075974,0.4177355698075975,0.259990133201776,0.1887846856340007,0.0132946961714085,0.1169933263083948,0.0584966631541974,0.3333333333333333,0.010752688172043,0.1021505376344086,0.064516129032258,0.4899809160305343,0.571087786259542,0.64456106870229,0.5467557251908397,8,,,,,,,,,,,,,,,,
0.3328811050814012,0.0748643315244203,0.2255180069067588,0.1081647755303403,0.1675131717597471,0.0186125746399719,0.1143343870741131,0.0558377239199157,0.3387096774193548,0.010752688172043,0.1290322580645161,0.075268817204301,0.4794847328244274,0.553912213740458,0.6326335877862596,0.5920801526717555,23,,,,,,,,,,,,,,,,
0.6796990626541687,0.043722249629995,0.1460902812037494,0.3511346817957573,0.2712118018967334,0.0079768177028451,0.0877456972251492,0.1143343870741131,0.4139784946236559,0.0,0.1344086021505376,0.1182795698924731,0.5023854961832059,0.6211832061068703,0.7495229007633587,0.6846374045801527,8,,,,,,,,,,,,,,,,
0.4049087321164282,0.0451406018746916,0.13332511100148,0.2905772076961026,0.1994204425711275,0.0,0.0957218124341412,0.0877449947312961,0.3064516129032258,0.0,0.0806451612903225,0.1397849462365591,0.5768129770992365,0.6894083969465647,0.8029580152671755,0.7323473282442747,8,,,,,,,,,,,,,,,,
0.2195362604834731,0.0566107548100641,0.1540453872718303,0.1588554514060187,0.1036986301369863,0.0106357569371268,0.1169933263083948,0.0877449947312961,0.1720430107526881,0.0161290322580645,0.1774193548387097,0.0591397849462365,0.5548664122137403,0.6226145038167938,0.7213740458015266,0.6560114503816793,59,,,,,,,,,,,,,,,,
0.5149235323137643,0.0359521460286137,0.18333744449926,0.1204982733103108,0.2073972602739726,0.0106357569371268,0.053178784685634,0.0319072708113804,0.3494623655913978,0.0053763440860215,0.0483870967741935,0.0376344086021505,0.6068702290076337,0.603530534351145,0.683206106870229,0.5796755725190839,23,,,,,,,,,,,,,,,,
0.222927972372965,0.0,0.1907375431672422,0.1609521460286137,0.1409237794169301,0.0026589392342817,0.0398840885142255,0.0744502985598876,0.2365591397849462,0.0,0.0376344086021505,0.1182795698924731,0.4971374045801526,0.5314885496183205,0.6431297709923663,0.5939885496183206,59,,,,,,,,,,,,,,,,
0.5708559447459302,0.0147385298470646,0.158732116428219,0.184570794277257,0.1542184755883386,0.0,0.0345662100456621,0.0186125746399719,0.2580645161290322,0.0,0.0376344086021505,0.0268817204301075,0.536736641221374,0.5696564885496183,0.6197519083969465,0.5634541984732823,8,,,,,,,,,,,,,,,,
0.2385915145535274,0.049580661075481,0.1435619141588554,0.0665392205229403,0.1621952932911837,0.0079768177028451,0.053178784685634,0.0398840885142255,0.2688172043010752,0.0,0.0483870967741935,0.0161290322580645,0.5500954198473282,0.5815839694656487,0.6545801526717556,0.6474236641221374,59,,,,,,,,,,,,,,,,
0.3806734089787864,0.0337937839171189,0.093302910705476,0.0698075974346324,0.1648542325254654,0.026589392342817,0.0558377239199157,0.1090165086055497,0.2741935483870967,0.053763440860215,0.075268817204301,0.1720430107526881,0.5978053435114503,0.6483778625954197,0.7447519083969465,0.631679389312977,59,,,,,,,,,,,,,,,,
0.6597804637395167,0.2901455352738037,0.298347311297484,0.1603354711396152,0.1728310502283105,0.0079768177028451,0.0611556023884791,0.0638145416227608,0.4032258064516129,0.0,0.1075268817204301,0.0376344086021505,0.4351145038167938,0.4708969465648855,0.5806297709923663,0.5276717557251908,49,,,,,,,,,,,,,,,,
0.3835101134681796,0.2309447459299457,0.2429699062654168,0.4278490379871732,0.1462416578854935,0.0212715138742536,0.026589392342817,0.0478609062170706,0.3333333333333333,0.0161290322580645,0.032258064516129,0.1021505376344086,0.4923664122137405,0.4279580152671755,0.4332061068702289,0.3707061068702289,15,,,,,,,,,,,,,,,,
0.5514923532313766,0.3344844597927973,0.3114824864331525,0.1652072027627035,0.1489005971197752,0.0452019669827889,0.0319072708113804,0.0717913593256059,0.3064516129032258,0.075268817204301,0.0483870967741935,0.064516129032258,0.3005725190839694,0.3897900763358778,0.4518129770992365,0.3955152671755724,2,,,,,,,,,,,,,,,,
0.6282067094227924,0.2717069560927479,0.3460162802170696,0.1970276270350272,0.1701721109940288,0.0106357569371268,0.0425430277485072,0.0478609062170706,0.3870967741935484,0.0,0.0483870967741935,0.0591397849462365,0.3315839694656488,0.4055343511450381,0.4770992366412213,0.4098282442748091,2,,,,,,,,,,,,,,,,
0.3739516526887025,0.4023186975826345,0.2976689689195856,0.1007030093734583,0.1675131717597471,0.0,0.0398840885142255,0.053178784685634,0.3440860215053763,0.0,0.0591397849462365,0.1236559139784946,0.3225190839694656,0.407442748091603,0.4985687022900762,0.4136450381679388,15,,,,,,,,,,,,,,,,
0.2969289590527874,0.383756783423779,0.3161692155895412,0.0588307844104587,0.1435827186512118,0.0053178784685634,0.0319072708113804,0.0106357569371268,0.2956989247311828,0.0053763440860215,0.032258064516129,0.0053763440860215,0.3129770992366412,0.411736641221374,0.5233778625954197,0.4599236641221373,15,,,,,,,,,,,,,,,,
0.2031327084361124,0.2779970399605329,0.2539467192895905,0.011655155402072,0.106357569371268,0.0132946961714085,0.0452019669827889,0.0,0.2580645161290322,0.0053763440860215,0.086021505376344,0.0,0.3668893129770992,0.474236641221374,0.5505725190839694,0.4713740458015267,15,,,,,,,,,,,,,,,,
0.1520103601381351,0.196225949679329,0.2146645288603848,0.0922545633941785,0.1143343870741131,0.0053178784685634,0.0159536354056902,0.0584966631541974,0.2365591397849462,0.0,0.0268817204301075,0.0806451612903225,0.4451335877862595,0.5295801526717556,0.6273854961832059,0.5467557251908397,33,,,,,,,,,,,,,,,,
0.3556980759743464,0.0419955599407992,0.1801924025653675,0.2954489393191909,0.1489005971197752,0.0292483315770987,0.0452019669827889,0.0877449947312961,0.3225806451612903,0.0483870967741935,0.0698924731182795,0.1397849462365591,0.4875954198473281,0.513358778625954,0.6436068702290076,0.6030534351145036,49,,,,,,,,,,,,,,,,
0.3013690182535767,0.0788110508140108,0.1406018746916626,0.2136778490379872,0.2180330172110994,0.0106357569371268,0.0372251492799438,0.0584966631541974,0.4354838709677419,0.0053763440860215,0.0483870967741935,0.1021505376344086,0.5224236641221374,0.5257633587786259,0.4952290076335876,0.4842557251908396,49,,,,,,,,,,,,,,,,
0.4622594967932906,0.3804884065120868,0.2000493339911199,0.0575357671435619,0.2020793818054092,0.0079768177028451,0.0398840885142255,0.0186125746399719,0.3763440860215054,0.0,0.064516129032258,0.021505376344086,0.444179389312977,0.5157442748091602,0.5706106870229006,0.47662213740458,18,,,,,,,,,,,,,,,,
0.3415762210162803,0.099161322150962,0.1948075974346324,0.2717069560927479,0.1648542325254654,0.0053178784685634,0.0345662100456621,0.0638145416227608,0.3709677419354839,0.0,0.053763440860215,0.032258064516129,0.4193702290076335,0.4661259541984732,0.5639312977099237,0.5209923664122137,15,,,,,,,,,,,,,,,,
0.3494079921065614,0.198322644301924,0.2469166255550074,0.2853354711396152,0.1834668071654373,0.0106357569371268,0.0319072708113804,0.0611556023884791,0.3870967741935484,0.0,0.043010752688172,0.0376344086021505,0.4365458015267175,0.4957061068702289,0.5877862595419846,0.5219465648854962,15,,,,,,,,,,,,,,,,
0.1642205229403059,0.1784040453872718,0.2556117414898865,0.5558707449432659,0.079768177028451,0.0079768177028451,0.1169933263083948,0.1223112047769582,0.1612903225806451,0.010752688172043,0.2365591397849462,0.1236559139784946,0.45706106870229,0.5038167938931297,0.6068702290076337,0.5534351145038168,13,,,,,,,,,,,,,,,,
0.1688455846077947,0.1636038480513073,0.2554884065120869,0.1251233349777997,0.1010396909027046,0.0212715138742536,0.0372251492799438,0.0319072708113804,0.2204301075268817,0.0161290322580645,0.043010752688172,0.043010752688172,0.4794847328244274,0.47662213740458,0.5882633587786258,0.4813931297709923,33,,,,,,,,,,,,,,,,
0.2755303404045388,0.2363714849531327,0.2813270843611248,0.1986309817464233,0.1621952932911837,0.0106357569371268,0.0425430277485072,0.0372251492799438,0.3387096774193548,0.010752688172043,0.0698924731182795,0.0806451612903225,0.3549618320610686,0.4460877862595419,0.480916030534351,0.4160305343511449,15,,,,,,,,,,,,,,,,
0.4806364084854465,0.2601134681795757,0.2882338431179082,0.3413295510606808,0.1728310502283105,0.0053178784685634,0.0425430277485072,0.0824271162627327,0.3924731182795699,0.0053763440860215,0.075268817204301,0.1774193548387097,0.4107824427480915,0.4475190839694656,0.5458015267175571,0.4704198473282441,15,,,,,,,,,,,,,,,,
0.4939565860878144,0.3115441539220523,0.302910705476073,0.158732116428219,0.1409237794169301,0.0478609062170706,0.0398840885142255,0.0239304531085353,0.2365591397849462,0.1021505376344086,0.0483870967741935,0.021505376344086,0.381679389312977,0.5066793893129771,0.5567748091603054,0.4489503816793893,2,,,,,,,,,,,,,,,,
0.4073137641835225,0.2176245683275777,0.1753206709422792,0.0670325604341391,0.1356059009483667,0.0106357569371268,0.0372251492799438,0.0319072708113804,0.2688172043010752,0.0,0.043010752688172,0.0483870967741935,0.4646946564885496,0.5176526717557252,0.6049618320610686,0.5176526717557252,18,,,,,,,,,,,,,,,,
0.2620251603354712,0.1444869264923532,0.2810187469166255,0.2657252096694623,0.1781489286968739,0.0079768177028451,0.0478609062170706,0.1276290832455216,0.3548387096774194,0.0,0.0483870967741935,0.2150537634408602,0.3854961832061068,0.4833015267175571,0.5667938931297708,0.5357824427480916,15,,,,,,,,,,,,,,,,
0.2181795757276764,0.1161815490873211,0.1147015293537247,0.5721509620128269,0.1356059009483667,0.0132946961714085,0.026589392342817,0.1621952932911837,0.3118279569892473,0.0161290322580645,0.032258064516129,0.1182795698924731,0.513358778625954,0.5963740458015268,0.6526717557251906,0.5720419847328244,21,,,,,,,,,,,,,,,,
0.2446965959546127,0.0277503700049333,0.0577207696102614,0.3682782437099162,0.1435827186512118,0.0079768177028451,0.0691324200913242,0.053178784685634,0.2956989247311828,0.0,0.0591397849462365,0.053763440860215,0.5486641221374045,0.6054389312977099,0.6006679389312977,0.5458015267175571,21,,,,,,,,,,,,,,,,
0.3659965466206216,0.0618524913665515,0.1285150468672915,0.1100764676862358,0.1941025641025641,0.0053178784685634,0.0372251492799438,0.0186125746399719,0.4086021505376344,0.0,0.032258064516129,0.0376344086021505,0.5252862595419847,0.552003816793893,0.5586832061068702,0.5257633587786259,49,,,,,,,,,,,,,,,,
0.3205476073014307,0.1620004933399112,0.1976443019240256,0.1814257523433646,0.2020793818054092,0.0,0.0319072708113804,0.0186125746399719,0.3978494623655914,0.0,0.0268817204301075,0.0161290322580645,0.5291030534351144,0.5448473282442747,0.5896946564885496,0.5916030534351143,18,,,,,,,,,,,,,,,,
0.4509743463246177,0.1451036013813517,0.2304514060187469,0.1817957572767637,0.1568774148226203,0.0079768177028451,0.0584966631541974,0.0398840885142255,0.2688172043010752,0.0053763440860215,0.0698924731182795,0.021505376344086,0.5162213740458014,0.5009541984732824,0.5901717557251908,0.5310114503816793,18,,,,,,,,,,,,,,,,
0.4160088801184016,0.221262950172669,0.2242229896398619,0.0381105081401085,0.1462416578854935,0.0106357569371268,0.0505198454513523,0.0159536354056902,0.2956989247311828,0.0,0.075268817204301,0.010752688172043,0.4446564885496182,0.515267175572519,0.5830152671755725,0.5171755725190839,18,,,,,,,,,,,,,,,,
0.5043783917118895,0.0505056734089787,0.1807474099654662,0.3668598914652196,0.1834668071654373,0.0053178784685634,0.079768177028451,0.0505198454513523,0.3225806451612903,0.0,0.1344086021505376,0.043010752688172,0.4856870229007634,0.5329198473282443,0.5820610687022901,0.5596374045801525,49,,,,,,,,,,,,,,,,
0.4753330044400592,0.1805007400098668,0.1599037987173162,0.0585841144548593,0.2233508956796628,0.0079768177028451,0.0319072708113804,0.0505198454513523,0.3118279569892473,0.0,0.032258064516129,0.0967741935483871,0.5238549618320609,0.5424618320610687,0.5901717557251908,0.5596374045801525,18,,,,,,,,,,,,,,,,
0.1814874198322644,0.1835224469659595,0.2138011840157868,0.3735816477553034,0.0824271162627327,0.0159536354056902,0.0771092377941693,0.0478609062170706,0.1774193548387097,0.0161290322580645,0.0698924731182795,0.0483870967741935,0.480916030534351,0.4751908396946565,0.5968511450381679,0.5219465648854962,13,,,,,,,,,,,,,,,,
0.9040453872718304,0.2202146028613715,0.2070177602368032,0.1001480019733596,0.345662100456621,0.0106357569371268,0.026589392342817,0.0132946961714085,0.5645161290322581,0.0,0.032258064516129,0.010752688172043,0.4833015267175571,0.5100190839694656,0.5601145038167937,0.4928435114503817,49,,,,,,,,,,,,,,,,
0.1476319684262457,0.2133695115934879,0.2821904292057227,0.147076961026147,0.0319072708113804,0.0,0.0239304531085353,0.0106357569371268,0.0591397849462365,0.0,0.032258064516129,0.0,0.4184160305343511,0.482824427480916,0.5658396946564884,0.498091603053435,33,,,,,,,,,,,,,,,,
0.1857424765663542,0.2099161322150962,0.2303280710409472,0.2325481006413419,0.0584966631541974,0.0,0.0159536354056902,0.026589392342817,0.0967741935483871,0.0,0.0161290322580645,0.032258064516129,0.4427480916030533,0.4561068702290075,0.498091603053435,0.4833015267175571,33,,,,,,,,,,,,,,,,
0.1920325604341391,0.1885175135668475,0.2506783423778919,0.128761716822891,0.0398840885142255,0.0053178784685634,0.0212715138742536,0.0132946961714085,0.0698924731182795,0.0,0.021505376344086,0.0161290322580645,0.4756679389312976,0.4804389312977098,0.5744274809160304,0.5181297709923663,33,,,,,,,,,,,,,,,,
0.1542303897385298,0.2033793783917119,0.2255180069067588,0.1180932412432166,0.0478609062170706,0.0026589392342817,0.0132946961714085,0.0159536354056902,0.0913978494623656,0.0,0.0161290322580645,0.010752688172043,0.4532442748091602,0.4928435114503817,0.5992366412213739,0.5100190839694656,33,,,,,,,,,,,,,,,,
0.1952392698569314,0.2139245189935865,0.222496299950666,0.0855944745929945,0.0478609062170706,0.0026589392342817,0.0079768177028451,0.0132946961714085,0.1075268817204301,0.0,0.010752688172043,0.0053763440860215,0.3993320610687022,0.5372137404580152,0.6474236641221374,0.5768129770992365,33,,,,,,,,,,,,,,,,
0.0871978293043907,0.0838061174148988,0.259990133201776,0.0918228909718796,0.0452019669827889,0.0053178784685634,0.0345662100456621,0.0106357569371268,0.086021505376344,0.0,0.021505376344086,0.0161290322580645,0.4799618320610686,0.5811068702290075,0.6922709923664121,0.640267175572519,33,,,,,,,,,,,,,,,,
0.1396768623581648,0.0090034533793783,0.1174148988653182,0.5017883571780958,0.0505198454513523,0.0053178784685634,0.1701721109940288,0.0824271162627327,0.0913978494623656,0.0,0.2473118279569892,0.1021505376344086,0.5505725190839694,0.6164122137404578,0.7261450381679388,0.590648854961832,13,,,,,,,,,,,,,,,,
0.36248149975333,0.0140601874691662,0.087074494326591,0.0830044400592008,0.1169933263083948,0.0,0.0292483315770987,0.0398840885142255,0.1935483870967742,0.0,0.0268817204301075,0.075268817204301,0.4966603053435114,0.5100190839694655,0.5634541984732823,0.5038167938931297,18,,,,,,,,,,,,,,,,
0.5078934385791811,0.2773803650715343,0.2247163295510607,0.0606808090774543,0.2339866526167896,0.0079768177028451,0.026589392342817,0.0319072708113804,0.4139784946236559,0.0,0.0591397849462365,0.0591397849462365,0.4589694656488549,0.5,0.5687022900763359,0.5181297709923663,18,,,,,,,,,,,,,,,,
0.4776763690182536,0.2173778983719783,0.188332511100148,0.0592624568327577,0.2472813487881981,0.0106357569371268,0.0452019669827889,0.0159536354056902,0.4731182795698925,0.0053763440860215,0.0376344086021505,0.010752688172043,0.4002862595419847,0.515267175572519,0.607824427480916,0.5458015267175571,18,,,,,,,,,,,,,,,,
0.2160212136161816,0.1127281697089294,0.1795140601874691,0.0590774543660582,0.1249701440112399,0.0744502985598876,0.026589392342817,0.1116754478398314,0.1774193548387097,0.1559139784946236,0.021505376344086,0.075268817204301,0.4532442748091602,0.5892175572519084,0.7127862595419846,0.6388358778625952,59,,,,,,,,,,,,,,,,
0.2334731129748396,0.0426122348297977,0.1146398618648248,0.0460039467192896,0.1356059009483667,0.0106357569371268,0.0691324200913242,0.0212715138742536,0.2795698924731182,0.0,0.075268817204301,0.021505376344086,0.5171755725190839,0.6378816793893128,0.7261450381679388,0.6717557251908397,59,,,,,,,,,,,,,,,,
0.3307844104588061,0.0726443019240256,0.0534040453872718,0.1517636901825358,0.1621952932911837,0.0106357569371268,0.0398840885142255,0.0212715138742536,0.2526881720430107,0.0,0.0591397849462365,0.0268817204301075,0.5601145038167937,0.653625954198473,0.7423664122137403,0.6521946564885495,59,,,,,,,,,,,,,,,,
0.2481499753330044,0.046250616674889,0.0746793290577207,0.1897508633448446,0.1675131717597471,0.026589392342817,0.026589392342817,0.0611556023884791,0.2634408602150537,0.053763440860215,0.032258064516129,0.0376344086021505,0.5844465648854961,0.625,0.685591603053435,0.6350190839694655,59,,,,,,,,,,,,,,,,
0.2266280217069561,0.2043043907252096,0.0664775530340404,0.3549580661075481,0.1914436248682824,0.0053178784685634,0.0505198454513523,0.1010396909027046,0.3655913978494624,0.0,0.053763440860215,0.032258064516129,0.549618320610687,0.5772900763358777,0.646469465648855,0.6001908396946565,21,,,,,,,,,,,,,,,,
0.1731006413418845,0.0411322150962012,0.0759126788357178,0.0641958559447459,0.2260098349139445,0.0106357569371268,0.0319072708113804,0.053178784685634,0.4247311827956989,0.0,0.0376344086021505,0.0376344086021505,0.4933206106870229,0.5295801526717556,0.6202290076335877,0.5768129770992365,59,,,,,,,,,,,,,,,,
0.3432412432165763,0.1881475086334484,0.2311297483966453,0.1669338924518993,0.1994204425711275,0.0079768177028451,0.0319072708113804,0.0904039339655778,0.2634408602150537,0.0053763440860215,0.032258064516129,0.1666666666666666,0.474236641221374,0.5248091603053435,0.6221374045801527,0.5615458015267175,18,,,,,,,,,,,,,,,,
0.2638751850024667,0.1056364084854464,0.12913172175629,0.0838061174148988,0.1781489286968739,0.0425430277485072,0.0505198454513523,0.1036986301369863,0.3010752688172043,0.0161290322580645,0.053763440860215,0.1236559139784946,0.4670801526717557,0.564885496183206,0.6626908396946564,0.6221374045801527,59,,,,,,,,,,,,,,,,
0.268746916625555,0.0415022200296003,0.1513936852491366,0.2175629008386778,0.159536354056902,0.0159536354056902,0.1116754478398314,0.0664734808570425,0.2634408602150537,0.010752688172043,0.1344086021505376,0.0806451612903225,0.5854007633587787,0.6397900763358778,0.5715648854961832,0.5720419847328244,21,,,,,,,,,,,,,,,,
0.5973112974839665,0.0721509620128268,0.1546620621608288,0.3668598914652196,0.2685528626624517,0.0159536354056902,0.0771092377941693,0.0930628731998595,0.4838709677419355,0.0,0.0806451612903225,0.1236559139784946,0.5596374045801525,0.5815839694656487,0.6312022900763358,0.6164122137404578,49,,,,,,,,,,,,,,,,
0.459607794770597,0.0580291070547607,0.1044647261963492,0.1721139615194869,0.2073972602739726,0.0026589392342817,0.0664734808570425,0.0930628731998595,0.3602150537634409,0.0053763440860215,0.086021505376344,0.1021505376344086,0.5410305343511449,0.5772900763358777,0.6240458015267174,0.5271946564885495,49,,,,,,,,,,,,,,,,
0.3473729649728663,0.0427355698075974,0.4177355698075975,0.259990133201776,0.1887846856340007,0.0132946961714085,0.1169933263083948,0.0584966631541974,0.3333333333333333,0.010752688172043,0.1021505376344086,0.064516129032258,0.4899809160305343,0.571087786259542,0.64456106870229,0.5467557251908397,49,,,,,,,,,,,,,,,,
0.3328811050814012,0.0748643315244203,0.2255180069067588,0.1081647755303403,0.1675131717597471,0.0186125746399719,0.1143343870741131,0.0558377239199157,0.3387096774193548,0.010752688172043,0.1290322580645161,0.075268817204301,0.4794847328244274,0.553912213740458,0.6326335877862596,0.5920801526717555,59,,,,,,,,,,,,,,,,
0.6796990626541687,0.043722249629995,0.1460902812037494,0.3511346817957573,0.2712118018967334,0.0079768177028451,0.0877456972251492,0.1143343870741131,0.4139784946236559,0.0,0.1344086021505376,0.1182795698924731,0.5023854961832059,0.6211832061068703,0.7495229007633587,0.6846374045801527,49,,,,,,,,,,,,,,,,
0.4049087321164282,0.0451406018746916,0.13332511100148,0.2905772076961026,0.1994204425711275,0.0,0.0957218124341412,0.0877449947312961,0.3064516129032258,0.0,0.0806451612903225,0.1397849462365591,0.5768129770992365,0.6894083969465647,0.8029580152671755,0.7323473282442747,49,,,,,,,,,,,,,,,,
0.2195362604834731,0.0566107548100641,0.1540453872718303,0.1588554514060187,0.1036986301369863,0.0106357569371268,0.1169933263083948,0.0877449947312961,0.1720430107526881,0.0161290322580645,0.1774193548387097,0.0591397849462365,0.5548664122137403,0.6226145038167938,0.7213740458015266,0.6560114503816793,59,,,,,,,,,,,,,,,,
0.5149235323137643,0.0359521460286137,0.18333744449926,0.1204982733103108,0.2073972602739726,0.0106357569371268,0.053178784685634,0.0319072708113804,0.3494623655913978,0.0053763440860215,0.0483870967741935,0.0376344086021505,0.6068702290076337,0.603530534351145,0.683206106870229,0.5796755725190839,49,,,,,,,,,,,,,,,,
0.222927972372965,0.0,0.1907375431672422,0.1609521460286137,0.1409237794169301,0.0026589392342817,0.0398840885142255,0.0744502985598876,0.2365591397849462,0.0,0.0376344086021505,0.1182795698924731,0.4971374045801526,0.5314885496183205,0.6431297709923663,0.5939885496183206,59,,,,,,,,,,,,,,,,
0.5708559447459302,0.0147385298470646,0.158732116428219,0.184570794277257,0.1542184755883386,0.0,0.0345662100456621,0.0186125746399719,0.2580645161290322,0.0,0.0376344086021505,0.0268817204301075,0.536736641221374,0.5696564885496183,0.6197519083969465,0.5634541984732823,49,,,,,,,,,,,,,,,,
0.2385915145535274,0.049580661075481,0.1435619141588554,0.0665392205229403,0.1621952932911837,0.0079768177028451,0.053178784685634,0.0398840885142255,0.2688172043010752,0.0,0.0483870967741935,0.0161290322580645,0.5500954198473282,0.5815839694656487,0.6545801526717556,0.6474236641221374,59,,,,,,,,,,,,,,,,
0.3806734089787864,0.0337937839171189,0.093302910705476,0.0698075974346324,0.1648542325254654,0.026589392342817,0.0558377239199157,0.1090165086055497,0.2741935483870967,0.053763440860215,0.075268817204301,0.1720430107526881,0.5978053435114503,0.6483778625954197,0.7447519083969465,0.631679389312977,49,,,,,,,,,,,,,,,,
0.6597804637395167,0.2901455352738037,0.298347311297484,0.1603354711396152,0.1728310502283105,0.0079768177028451,0.0611556023884791,0.0638145416227608,0.4032258064516129,0.0,0.1075268817204301,0.0376344086021505,0.4351145038167938,0.4708969465648855,0.5806297709923663,0.5276717557251908,3,,,,,,,,,,,,,,,,
0.3835101134681796,0.2309447459299457,0.2429699062654168,0.4278490379871732,0.1462416578854935,0.0212715138742536,0.026589392342817,0.0478609062170706,0.3333333333333333,0.0161290322580645,0.032258064516129,0.1021505376344086,0.4923664122137405,0.4279580152671755,0.4332061068702289,0.3707061068702289,1,,,,,,,,,,,,,,,,
0.5514923532313766,0.3344844597927973,0.3114824864331525,0.1652072027627035,0.1489005971197752,0.0452019669827889,0.0319072708113804,0.0717913593256059,0.3064516129032258,0.075268817204301,0.0483870967741935,0.064516129032258,0.3005725190839694,0.3897900763358778,0.4518129770992365,0.3955152671755724,3,,,,,,,,,,,,,,,,
0.6282067094227924,0.2717069560927479,0.3460162802170696,0.1970276270350272,0.1701721109940288,0.0106357569371268,0.0425430277485072,0.0478609062170706,0.3870967741935484,0.0,0.0483870967741935,0.0591397849462365,0.3315839694656488,0.4055343511450381,0.4770992366412213,0.4098282442748091,3,,,,,,,,,,,,,,,,
0.3739516526887025,0.4023186975826345,0.2976689689195856,0.1007030093734583,0.1675131717597471,0.0,0.0398840885142255,0.053178784685634,0.3440860215053763,0.0,0.0591397849462365,0.1236559139784946,0.3225190839694656,0.407442748091603,0.4985687022900762,0.4136450381679388,3,,,,,,,,,,,,,,,,
0.2969289590527874,0.383756783423779,0.3161692155895412,0.0588307844104587,0.1435827186512118,0.0053178784685634,0.0319072708113804,0.0106357569371268,0.2956989247311828,0.0053763440860215,0.032258064516129,0.0053763440860215,0.3129770992366412,0.411736641221374,0.5233778625954197,0.4599236641221373,12,,,,,,,,,,,,,,,,
0.2031327084361124,0.2779970399605329,0.2539467192895905,0.011655155402072,0.106357569371268,0.0132946961714085,0.0452019669827889,0.0,0.2580645161290322,0.0053763440860215,0.086021505376344,0.0,0.3668893129770992,0.474236641221374,0.5505725190839694,0.4713740458015267,33,,,,,,,,,,,,,,,,
0.1520103601381351,0.196225949679329,0.2146645288603848,0.0922545633941785,0.1143343870741131,0.0053178784685634,0.0159536354056902,0.0584966631541974,0.2365591397849462,0.0,0.0268817204301075,0.0806451612903225,0.4451335877862595,0.5295801526717556,0.6273854961832059,0.5467557251908397,33,,,,,,,,,,,,,,,,
0.3556980759743464,0.0419955599407992,0.1801924025653675,0.2954489393191909,0.1489005971197752,0.0292483315770987,0.0452019669827889,0.0877449947312961,0.3225806451612903,0.0483870967741935,0.0698924731182795,0.1397849462365591,0.4875954198473281,0.513358778625954,0.6436068702290076,0.6030534351145036,49,,,,,,,,,,,,,,,,
0.3013690182535767,0.0788110508140108,0.1406018746916626,0.2136778490379872,0.2180330172110994,0.0106357569371268,0.0372251492799438,0.0584966631541974,0.4354838709677419,0.0053763440860215,0.0483870967741935,0.1021505376344086,0.5224236641221374,0.5257633587786259,0.4952290076335876,0.4842557251908396,12,,,,,,,,,,,,,,,,
0.4622594967932906,0.3804884065120868,0.2000493339911199,0.0575357671435619,0.2020793818054092,0.0079768177028451,0.0398840885142255,0.0186125746399719,0.3763440860215054,0.0,0.064516129032258,0.021505376344086,0.444179389312977,0.5157442748091602,0.5706106870229006,0.47662213740458,12,,,,,,,,,,,,,,,,
0.3415762210162803,0.099161322150962,0.1948075974346324,0.2717069560927479,0.1648542325254654,0.0053178784685634,0.0345662100456621,0.0638145416227608,0.3709677419354839,0.0,0.053763440860215,0.032258064516129,0.4193702290076335,0.4661259541984732,0.5639312977099237,0.5209923664122137,12,,,,,,,,,,,,,,,,
0.3494079921065614,0.198322644301924,0.2469166255550074,0.2853354711396152,0.1834668071654373,0.0106357569371268,0.0319072708113804,0.0611556023884791,0.3870967741935484,0.0,0.043010752688172,0.0376344086021505,0.4365458015267175,0.4957061068702289,0.5877862595419846,0.5219465648854962,12,,,,,,,,,,,,,,,,
0.1642205229403059,0.1784040453872718,0.2556117414898865,0.5558707449432659,0.079768177028451,0.0079768177028451,0.1169933263083948,0.1223112047769582,0.1612903225806451,0.010752688172043,0.2365591397849462,0.1236559139784946,0.45706106870229,0.5038167938931297,0.6068702290076337,0.5534351145038168,12,,,,,,,,,,,,,,,,
0.1688455846077947,0.1636038480513073,0.2554884065120869,0.1251233349777997,0.1010396909027046,0.0212715138742536,0.0372251492799438,0.0319072708113804,0.2204301075268817,0.0161290322580645,0.043010752688172,0.043010752688172,0.4794847328244274,0.47662213740458,0.5882633587786258,0.4813931297709923,33,,,,,,,,,,,,,,,,
0.2755303404045388,0.2363714849531327,0.2813270843611248,0.1986309817464233,0.1621952932911837,0.0106357569371268,0.0425430277485072,0.0372251492799438,0.3387096774193548,0.010752688172043,0.0698924731182795,0.0806451612903225,0.3549618320610686,0.4460877862595419,0.480916030534351,0.4160305343511449,12,,,,,,,,,,,,,,,,
0.4806364084854465,0.2601134681795757,0.2882338431179082,0.3413295510606808,0.1728310502283105,0.0053178784685634,0.0425430277485072,0.0824271162627327,0.3924731182795699,0.0053763440860215,0.075268817204301,0.1774193548387097,0.4107824427480915,0.4475190839694656,0.5458015267175571,0.4704198473282441,12,,,,,,,,,,,,,,,,
0.4939565860878144,0.3115441539220523,0.302910705476073,0.158732116428219,0.1409237794169301,0.0478609062170706,0.0398840885142255,0.0239304531085353,0.2365591397849462,0.1021505376344086,0.0483870967741935,0.021505376344086,0.381679389312977,0.5066793893129771,0.5567748091603054,0.4489503816793893,3,,,,,,,,,,,,,,,,
0.4073137641835225,0.2176245683275777,0.1753206709422792,0.0670325604341391,0.1356059009483667,0.0106357569371268,0.0372251492799438,0.0319072708113804,0.2688172043010752,0.0,0.043010752688172,0.0483870967741935,0.4646946564885496,0.5176526717557252,0.6049618320610686,0.5176526717557252,47,,,,,,,,,,,,,,,,
0.2620251603354712,0.1444869264923532,0.2810187469166255,0.2657252096694623,0.1781489286968739,0.0079768177028451,0.0478609062170706,0.1276290832455216,0.3548387096774194,0.0,0.0483870967741935,0.2150537634408602,0.3854961832061068,0.4833015267175571,0.5667938931297708,0.5357824427480916,12,,,,,,,,,,,,,,,,
0.2181795757276764,0.1161815490873211,0.1147015293537247,0.5721509620128269,0.1356059009483667,0.0132946961714085,0.026589392342817,0.1621952932911837,0.3118279569892473,0.0161290322580645,0.032258064516129,0.1182795698924731,0.513358778625954,0.5963740458015268,0.6526717557251906,0.5720419847328244,12,,,,,,,,,,,,,,,,
0.2446965959546127,0.0277503700049333,0.0577207696102614,0.3682782437099162,0.1435827186512118,0.0079768177028451,0.0691324200913242,0.053178784685634,0.2956989247311828,0.0,0.0591397849462365,0.053763440860215,0.5486641221374045,0.6054389312977099,0.6006679389312977,0.5458015267175571,43,,,,,,,,,,,,,,,,
0.3659965466206216,0.0618524913665515,0.1285150468672915,0.1100764676862358,0.1941025641025641,0.0053178784685634,0.0372251492799438,0.0186125746399719,0.4086021505376344,0.0,0.032258064516129,0.0376344086021505,0.5252862595419847,0.552003816793893,0.5586832061068702,0.5257633587786259,49,,,,,,,,,,,,,,,,
0.3205476073014307,0.1620004933399112,0.1976443019240256,0.1814257523433646,0.2020793818054092,0.0,0.0319072708113804,0.0186125746399719,0.3978494623655914,0.0,0.0268817204301075,0.0161290322580645,0.5291030534351144,0.5448473282442747,0.5896946564885496,0.5916030534351143,12,,,,,,,,,,,,,,,,
0.4509743463246177,0.1451036013813517,0.2304514060187469,0.1817957572767637,0.1568774148226203,0.0079768177028451,0.0584966631541974,0.0398840885142255,0.2688172043010752,0.0053763440860215,0.0698924731182795,0.021505376344086,0.5162213740458014,0.5009541984732824,0.5901717557251908,0.5310114503816793,12,,,,,,,,,,,,,,,,
0.4160088801184016,0.221262950172669,0.2242229896398619,0.0381105081401085,0.1462416578854935,0.0106357569371268,0.0505198454513523,0.0159536354056902,0.2956989247311828,0.0,0.075268817204301,0.010752688172043,0.4446564885496182,0.515267175572519,0.5830152671755725,0.5171755725190839,12,,,,,,,,,,,,,,,,
0.5043783917118895,0.0505056734089787,0.1807474099654662,0.3668598914652196,0.1834668071654373,0.0053178784685634,0.079768177028451,0.0505198454513523,0.3225806451612903,0.0,0.1344086021505376,0.043010752688172,0.4856870229007634,0.5329198473282443,0.5820610687022901,0.5596374045801525,49,,,,,,,,,,,,,,,,
0.4753330044400592,0.1805007400098668,0.1599037987173162,0.0585841144548593,0.2233508956796628,0.0079768177028451,0.0319072708113804,0.0505198454513523,0.3118279569892473,0.0,0.032258064516129,0.0967741935483871,0.5238549618320609,0.5424618320610687,0.5901717557251908,0.5596374045801525,49,,,,,,,,,,,,,,,,
0.1814874198322644,0.1835224469659595,0.2138011840157868,0.3735816477553034,0.0824271162627327,0.0159536354056902,0.0771092377941693,0.0478609062170706,0.1774193548387097,0.0161290322580645,0.0698924731182795,0.0483870967741935,0.480916030534351,0.4751908396946565,0.5968511450381679,0.5219465648854962,33,,,,,,,,,,,,,,,,
0.9040453872718304,0.2202146028613715,0.2070177602368032,0.1001480019733596,0.345662100456621,0.0106357569371268,0.026589392342817,0.0132946961714085,0.5645161290322581,0.0,0.032258064516129,0.010752688172043,0.4833015267175571,0.5100190839694656,0.5601145038167937,0.4928435114503817,3,,,,,,,,,,,,,,,,
0.1476319684262457,0.2133695115934879,0.2821904292057227,0.147076961026147,0.0319072708113804,0.0,0.0239304531085353,0.0106357569371268,0.0591397849462365,0.0,0.032258064516129,0.0,0.4184160305343511,0.482824427480916,0.5658396946564884,0.498091603053435,33,,,,,,,,,,,,,,,,
0.1857424765663542,0.2099161322150962,0.2303280710409472,0.2325481006413419,0.0584966631541974,0.0,0.0159536354056902,0.026589392342817,0.0967741935483871,0.0,0.0161290322580645,0.032258064516129,0.4427480916030533,0.4561068702290075,0.498091603053435,0.4833015267175571,33,,,,,,,,,,,,,,,,
0.1920325604341391,0.1885175135668475,0.2506783423778919,0.128761716822891,0.0398840885142255,0.0053178784685634,0.0212715138742536,0.0132946961714085,0.0698924731182795,0.0,0.021505376344086,0.0161290322580645,0.4756679389312976,0.4804389312977098,0.5744274809160304,0.5181297709923663,33,,,,,,,,,,,,,,,,
0.1542303897385298,0.2033793783917119,0.2255180069067588,0.1180932412432166,0.0478609062170706,0.0026589392342817,0.0132946961714085,0.0159536354056902,0.0913978494623656,0.0,0.0161290322580645,0.010752688172043,0.4532442748091602,0.4928435114503817,0.5992366412213739,0.5100190839694656,33,,,,,,,,,,,,,,,,
0.1952392698569314,0.2139245189935865,0.222496299950666,0.0855944745929945,0.0478609062170706,0.0026589392342817,0.0079768177028451,0.0132946961714085,0.1075268817204301,0.0,0.010752688172043,0.0053763440860215,0.3993320610687022,0.5372137404580152,0.6474236641221374,0.5768129770992365,33,,,,,,,,,,,,,,,,
0.0871978293043907,0.0838061174148988,0.259990133201776,0.0918228909718796,0.0452019669827889,0.0053178784685634,0.0345662100456621,0.0106357569371268,0.086021505376344,0.0,0.021505376344086,0.0161290322580645,0.4799618320610686,0.5811068702290075,0.6922709923664121,0.640267175572519,33,,,,,,,,,,,,,,,,
0.1396768623581648,0.0090034533793783,0.1174148988653182,0.5017883571780958,0.0505198454513523,0.0053178784685634,0.1701721109940288,0.0824271162627327,0.0913978494623656,0.0,0.2473118279569892,0.1021505376344086,0.5505725190839694,0.6164122137404578,0.7261450381679388,0.590648854961832,43,,,,,,,,,,,,,,,,
0.36248149975333,0.0140601874691662,0.087074494326591,0.0830044400592008,0.1169933263083948,0.0,0.0292483315770987,0.0398840885142255,0.1935483870967742,0.0,0.0268817204301075,0.075268817204301,0.4966603053435114,0.5100190839694655,0.5634541984732823,0.5038167938931297,59,,,,,,,,,,,,,,,,
0.5078934385791811,0.2773803650715343,0.2247163295510607,0.0606808090774543,0.2339866526167896,0.0079768177028451,0.026589392342817,0.0319072708113804,0.4139784946236559,0.0,0.0591397849462365,0.0591397849462365,0.4589694656488549,0.5,0.5687022900763359,0.5181297709923663,12,,,,,,,,,,,,,,,,
0.4776763690182536,0.2173778983719783,0.188332511100148,0.0592624568327577,0.2472813487881981,0.0106357569371268,0.0452019669827889,0.0159536354056902,0.4731182795698925,0.0053763440860215,0.0376344086021505,0.010752688172043,0.4002862595419847,0.515267175572519,0.607824427480916,0.5458015267175571,12,,,,,,,,,,,,,,,,
0.2160212136161816,0.1127281697089294,0.1795140601874691,0.0590774543660582,0.1249701440112399,0.0744502985598876,0.026589392342817,0.1116754478398314,0.1774193548387097,0.1559139784946236,0.021505376344086,0.075268817204301,0.4532442748091602,0.5892175572519084,0.7127862595419846,0.6388358778625952,47,,,,,,,,,,,,,,,,
0.2334731129748396,0.0426122348297977,0.1146398618648248,0.0460039467192896,0.1356059009483667,0.0106357569371268,0.0691324200913242,0.0212715138742536,0.2795698924731182,0.0,0.075268817204301,0.021505376344086,0.5171755725190839,0.6378816793893128,0.7261450381679388,0.6717557251908397,41,,,,,,,,,,,,,,,,
0.3307844104588061,0.0726443019240256,0.0534040453872718,0.1517636901825358,0.1621952932911837,0.0106357569371268,0.0398840885142255,0.0212715138742536,0.2526881720430107,0.0,0.0591397849462365,0.0268817204301075,0.5601145038167937,0.653625954198473,0.7423664122137403,0.6521946564885495,43,,,,,,,,,,,,,,,,
0.2481499753330044,0.046250616674889,0.0746793290577207,0.1897508633448446,0.1675131717597471,0.026589392342817,0.026589392342817,0.0611556023884791,0.2634408602150537,0.053763440860215,0.032258064516129,0.0376344086021505,0.5844465648854961,0.625,0.685591603053435,0.6350190839694655,43,,,,,,,,,,,,,,,,
0.2266280217069561,0.2043043907252096,0.0664775530340404,0.3549580661075481,0.1914436248682824,0.0053178784685634,0.0505198454513523,0.1010396909027046,0.3655913978494624,0.0,0.053763440860215,0.032258064516129,0.549618320610687,0.5772900763358777,0.646469465648855,0.6001908396946565,43,,,,,,,,,,,,,,,,
0.1731006413418845,0.0411322150962012,0.0759126788357178,0.0641958559447459,0.2260098349139445,0.0106357569371268,0.0319072708113804,0.053178784685634,0.4247311827956989,0.0,0.0376344086021505,0.0376344086021505,0.4933206106870229,0.5295801526717556,0.6202290076335877,0.5768129770992365,59,,,,,,,,,,,,,,,,
0.3432412432165763,0.1881475086334484,0.2311297483966453,0.1669338924518993,0.1994204425711275,0.0079768177028451,0.0319072708113804,0.0904039339655778,0.2634408602150537,0.0053763440860215,0.032258064516129,0.1666666666666666,0.474236641221374,0.5248091603053435,0.6221374045801527,0.5615458015267175,47,,,,,,,,,,,,,,,,
0.2638751850024667,0.1056364084854464,0.12913172175629,0.0838061174148988,0.1781489286968739,0.0425430277485072,0.0505198454513523,0.1036986301369863,0.3010752688172043,0.0161290322580645,0.053763440860215,0.1236559139784946,0.4670801526717557,0.564885496183206,0.6626908396946564,0.6221374045801527,47,,,,,,,,,,,,,,,,
0.268746916625555,0.0415022200296003,0.1513936852491366,0.2175629008386778,0.159536354056902,0.0159536354056902,0.1116754478398314,0.0664734808570425,0.2634408602150537,0.010752688172043,0.1344086021505376,0.0806451612903225,0.5854007633587787,0.6397900763358778,0.5715648854961832,0.5720419847328244,43,,,,,,,,,,,,,,,,
0.5973112974839665,0.0721509620128268,0.1546620621608288,0.3668598914652196,0.2685528626624517,0.0159536354056902,0.0771092377941693,0.0930628731998595,0.4838709677419355,0.0,0.0806451612903225,0.1236559139784946,0.5596374045801525,0.5815839694656487,0.6312022900763358,0.6164122137404578,49,,,,,,,,,,,,,,,,
0.459607794770597,0.0580291070547607,0.1044647261963492,0.1721139615194869,0.2073972602739726,0.0026589392342817,0.0664734808570425,0.0930628731998595,0.3602150537634409,0.0053763440860215,0.086021505376344,0.1021505376344086,0.5410305343511449,0.5772900763358777,0.6240458015267174,0.5271946564885495,49,,,,,,,,,,,,,,,,
0.3473729649728663,0.0427355698075974,0.4177355698075975,0.259990133201776,0.1887846856340007,0.0132946961714085,0.1169933263083948,0.0584966631541974,0.3333333333333333,0.010752688172043,0.1021505376344086,0.064516129032258,0.4899809160305343,0.571087786259542,0.64456106870229,0.5467557251908397,12,,,,,,,,,,,,,,,,
0.3328811050814012,0.0748643315244203,0.2255180069067588,0.1081647755303403,0.1675131717597471,0.0186125746399719,0.1143343870741131,0.0558377239199157,0.3387096774193548,0.010752688172043,0.1290322580645161,0.075268817204301,0.4794847328244274,0.553912213740458,0.6326335877862596,0.5920801526717555,47,,,,,,,,,,,,,,,,
0.6796990626541687,0.043722249629995,0.1460902812037494,0.3511346817957573,0.2712118018967334,0.0079768177028451,0.0877456972251492,0.1143343870741131,0.4139784946236559,0.0,0.1344086021505376,0.1182795698924731,0.5023854961832059,0.6211832061068703,0.7495229007633587,0.6846374045801527,49,,,,,,,,,,,,,,,,
0.4049087321164282,0.0451406018746916,0.13332511100148,0.2905772076961026,0.1994204425711275,0.0,0.0957218124341412,0.0877449947312961,0.3064516129032258,0.0,0.0806451612903225,0.1397849462365591,0.5768129770992365,0.6894083969465647,0.8029580152671755,0.7323473282442747,43,,,,,,,,,,,,,,,,
0.2195362604834731,0.0566107548100641,0.1540453872718303,0.1588554514060187,0.1036986301369863,0.0106357569371268,0.1169933263083948,0.0877449947312961,0.1720430107526881,0.0161290322580645,0.1774193548387097,0.0591397849462365,0.5548664122137403,0.6226145038167938,0.7213740458015266,0.6560114503816793,41,,,,,,,,,,,,,,,,
0.5149235323137643,0.0359521460286137,0.18333744449926,0.1204982733103108,0.2073972602739726,0.0106357569371268,0.053178784685634,0.0319072708113804,0.3494623655913978,0.0053763440860215,0.0483870967741935,0.0376344086021505,0.6068702290076337,0.603530534351145,0.683206106870229,0.5796755725190839,49,,,,,,,,,,,,,,,,
0.222927972372965,0.0,0.1907375431672422,0.1609521460286137,0.1409237794169301,0.0026589392342817,0.0398840885142255,0.0744502985598876,0.2365591397849462,0.0,0.0376344086021505,0.1182795698924731,0.4971374045801526,0.5314885496183205,0.6431297709923663,0.5939885496183206,47,,,,,,,,,,,,,,,,
0.5708559447459302,0.0147385298470646,0.158732116428219,0.184570794277257,0.1542184755883386,0.0,0.0345662100456621,0.0186125746399719,0.2580645161290322,0.0,0.0376344086021505,0.0268817204301075,0.536736641221374,0.5696564885496183,0.6197519083969465,0.5634541984732823,49,,,,,,,,,,,,,,,,
0.2385915145535274,0.049580661075481,0.1435619141588554,0.0665392205229403,0.1621952932911837,0.0079768177028451,0.053178784685634,0.0398840885142255,0.2688172043010752,0.0,0.0483870967741935,0.0161290322580645,0.5500954198473282,0.5815839694656487,0.6545801526717556,0.6474236641221374,59,,,,,,,,,,,,,,,,
0.3806734089787864,0.0337937839171189,0.093302910705476,0.0698075974346324,0.1648542325254654,0.026589392342817,0.0558377239199157,0.1090165086055497,0.2741935483870967,0.053763440860215,0.075268817204301,0.1720430107526881,0.5978053435114503,0.6483778625954197,0.7447519083969465,0.631679389312977,47,,,,,,,,,,,,,,,,
,,,,,,,,,,,,,,,,49,0.369573260976813,0.0476689689195855,0.1172298963986186,0.0667858904785397,0.384966631541974,0.0203723217421847,0.1025641025641025,0.0569020021074815,0.3064516129032258,0.0,0.0268817204301075,0.0268817204301075,0.6345419847328243,0.7084923664122137,0.8554389312977099,0.7433206106870228
,,,,,,,,,,,,,,,,49,0.4184755796743957,0.0522323630981746,0.0854711396151949,0.2359398125308337,0.331225851773797,0.0210748155953635,0.0864067439409905,0.1517386722866175,0.2634408602150537,0.0,0.0376344086021505,0.032258064516129,0.6517175572519083,0.6870229007633587,0.8373091603053433,0.7533396946564884
,,,,,,,,,,,,,,,,49,0.3792550567340898,0.088307844104588,0.2482116428219043,0.2036877158362111,0.3031260976466456,0.0509308043554618,0.1601685985247629,1.0,0.2150537634408602,0.0161290322580645,0.075268817204301,0.1236559139784946,0.6736641221374045,0.76956106870229,0.8711832061068702,0.8201335877862594
,,,,,,,,,,,,,,,,49,0.153737049827331,0.0480389738529847,0.1300567340897878,0.4663295510606809,0.2374429223744292,0.0077274323849666,0.1004566210045662,0.0892167193537056,0.1774193548387097,0.0,0.064516129032258,0.032258064516129,0.7423664122137403,0.8249045801526717,0.9451335877862594,0.8535305343511449
,,,,,,,,,,,,,,,,49,0.3699432659102121,0.0273186975826344,0.1185865811544154,0.6133448445979282,0.1794871794871795,0.0119423955040393,0.0741131015103617,0.2163681067790656,0.1451612903225806,0.0,0.064516129032258,0.064516129032258,0.7829198473282442,0.8506679389312976,0.9761450381679388,0.8893129770992365
,,,,,,,,,,,,,,,,49,0.2682535767143562,0.0354588061174148,0.0705476073014306,0.113344844597928,0.3308746048472076,0.0,0.0403933965577801,0.1461187214611872,0.2204301075268817,0.0,0.010752688172043,0.075268817204301,0.7590648854961831,0.8511450381679387,0.8707061068702289,0.7972328244274808
,,,,,,,,,,,,,,,,49,0.4840897878638383,0.0415638875185002,0.1029230389738529,0.1074247656635422,0.2845100105374078,0.016157358623112,0.0586582367404285,0.0533895328415876,0.1774193548387097,0.0,0.0268817204301075,0.0268817204301075,0.715648854961832,0.7948473282442747,0.8721374045801525,0.72662213740458
,,,,,,,,,,,,,,,,49,0.3952886038480513,0.100826344351258,0.1427602368031573,0.0873828317710902,0.3273621355813136,0.0263435194942044,0.0846505093080435,0.1278538812785388,0.2150537634408602,0.0,0.0376344086021505,0.086021505376344,0.705152671755725,0.6979961832061068,0.8344465648854961,0.7519083969465647
,,,,,,,,,,,,,,,,49,0.2567834237789837,0.0981746423285643,0.0966329551060681,0.1586704489393192,0.2613277133825079,0.025992272567615,0.0583069898138391,0.1633298208640674,0.1935483870967742,0.0,0.021505376344086,0.1075268817204301,0.6636450381679387,0.7581106870229006,0.8687977099236641,0.795324427480916
,,,,,,,,,,,,,,,,49,0.5276887025160335,0.0550690675875678,0.0917612234829797,0.0819560927479033,0.4453811029153495,0.016157358623112,0.0544432736213558,0.1380400421496312,0.3010752688172043,0.0,0.0483870967741935,0.053763440860215,0.6698473282442747,0.7533396946564884,0.8206106870229007,0.7619274809160305
,,,,,,,,,,,,,,,,49,0.3720399605328072,0.0743709916132215,0.1468919585594474,0.1144548593981253,0.2925886898489638,0.0365296803652968,0.0850017562346329,0.3688092729188619,0.2043010752688172,0.010752688172043,0.0376344086021505,0.0591397849462365,0.6693702290076335,0.7686068702290075,0.8711832061068702,0.8129770992366411
,,,,,,,,,,,,,,,,49,0.3654415392205229,0.0640108534780463,0.1298717316230883,0.2443265910212136,0.3400070249385318,0.0291534949069195,0.172813487881981,0.218475588338602,0.2526881720430107,0.010752688172043,0.1075268817204301,0.053763440860215,0.7218511450381678,0.7958015267175572,0.8778625954198471,0.8072519083969465
,,,,,,,,,,,,,,,,49,0.2844104588061175,0.0466822890971879,0.1060064134188455,0.0626541687222496,0.419037583421145,0.0,0.0962416578854935,0.6037934668071654,0.3064516129032258,0.0,0.0483870967741935,0.1666666666666666,0.7151717557251906,0.782442748091603,0.8625954198473281,0.7919847328244274
,,,,,,,,,,,,,,,,49,0.4218056240749878,0.0475456339417858,0.094967932905772,0.3331894425259004,0.2925886898489638,0.0042149631190727,0.0969441517386722,0.135230066736916,0.1989247311827957,0.0,0.075268817204301,0.075268817204301,0.6746183206106868,0.7576335877862594,0.864503816793893,0.8124999999999999
,,,,,,,,,,,,,,,,49,0.3346694622594969,0.0456339417858904,0.2999506660088801,0.5689442525900346,0.3122585177379698,0.006322444678609,0.1633298208640674,0.0987003863716192,0.1989247311827957,0.0,0.0698924731182795,0.021505376344086,0.7423664122137403,0.8253816793893128,0.95324427480916,0.825858778625954
,,,,,,,,,,,,,,,,49,0.8880118401578688,0.1034780463739516,0.0983596447952639,0.3886901825357672,0.5472427116262732,0.0101861608710923,0.1959957850368809,0.1503336845802599,0.4408602150537634,0.0,0.1021505376344086,0.0483870967741935,0.7342557251908396,0.8401717557251908,0.9823473282442746,0.8540076335877861
,,,,,,,,,,,,,,,,49,0.474222989639862,0.0501973359644795,0.0881228416378884,0.4808214109521461,0.3105022831050228,0.0059711977520196,0.0899192132068844,0.3442219880576045,0.2741935483870967,0.0,0.043010752688172,0.0268817204301075,0.7342557251908396,0.8854961832061068,1.0,0.8707061068702289
,,,,,,,,,,,,,,,,49,0.4606561420818945,0.0448322644301924,0.0965096201282683,0.3954736063147508,0.2729188619599578,0.0042149631190727,0.1050228310502283,0.1201264488935721,0.1989247311827957,0.0,0.0591397849462365,0.086021505376344,0.7442748091603053,0.7977099236641221,0.8392175572519083,0.7499999999999999
,,,,,,,,,,,,,,,,49,0.1919092254563394,0.0472372964972866,0.1024296990626541,0.1686605821410952,0.2399016508605549,0.0003512469265893,0.1310151036178433,0.1050228310502283,0.1774193548387097,0.0,0.0591397849462365,0.0483870967741935,0.6817748091603052,0.7290076335877861,0.8191793893129771,0.7595419847328244
,,,,,,,,,,,,,,,,49,0.3536013813517513,0.0675875678342378,0.1438085841144548,0.1094597927972372,0.4949069195644538,0.0115911485774499,0.1362838075166842,0.0969441517386722,0.3387096774193548,0.010752688172043,0.043010752688172,0.053763440860215,0.7137404580152671,0.767652671755725,0.8897900763358777,0.7657442748091602
,,,,,,,,,,,,,,,,49,0.41249383325111,0.0677725703009373,0.057474099654662,0.1252466699555994,0.3856691253951528,0.0133473832103969,0.0509308043554618,0.1404987706357569,0.3064516129032258,0.0,0.032258064516129,0.0967741935483871,0.6708015267175571,0.7137404580152671,0.810591603053435,0.7237595419847328
,,,,,,,,,,,,,,,,49,0.2097311297483966,0.0633941785890478,0.0957696102614701,0.0786260483473112,0.200561995082543,0.0811380400421496,0.0979978925184404,0.0319634703196347,0.1182795698924731,0.053763440860215,0.0483870967741935,0.032258064516129,0.6235687022900762,0.6917938931297709,0.8148854961832059,0.7118320610687022
,,,,,,,,,,,,,,,,49,0.2434015786877158,0.0544523926985693,0.0804760730143068,0.1201282683769116,0.3175272216368107,0.0129961362838075,0.0558482613277133,0.0807867931155602,0.2419354838709677,0.0,0.021505376344086,0.0161290322580645,0.6254770992366412,0.6684160305343511,0.7628816793893128,0.722328244274809
,,,,,,,,,,,,,,,,49,0.7205229403058709,0.0698075974346324,0.0652442032560434,0.0543290577207696,0.4292237442922374,0.0611169652265542,0.0765718299964875,0.0558482613277133,0.3010752688172043,0.043010752688172,0.043010752688172,0.010752688172043,0.6106870229007632,0.6712786259541985,0.7662213740458014,0.6755725190839694
,,,,,,,,,,,,,,,,49,0.2580167735569808,0.0938579181055747,0.1398001973359644,0.3431179082387765,0.2507903055848261,0.0860554970144011,0.1303126097646645,0.0899192132068844,0.1559139784946236,0.0591397849462365,0.053763440860215,0.0161290322580645,0.5973282442748091,0.715648854961832,0.8210877862595419,0.7352099236641221
,,,,,,,,,,,,,,,,49,0.3559447459299457,0.0761593487913172,0.1083497779970399,0.0856561420818944,0.272216368106779,0.0214260625219529,0.0737618545837724,0.1844046364594309,0.1935483870967742,0.0,0.043010752688172,0.1021505376344086,0.6245229007633586,0.7495229007633587,0.8153625954198471,0.7280534351145037
,,,,,,,,,,,,,,,,49,0.4919215589541194,0.1669955599407992,0.0796127281697089,0.0926245683275777,0.4246575342465753,0.0133473832103969,0.0769230769230769,0.1577098700386371,0.3225806451612903,0.0,0.043010752688172,0.0913978494623656,0.6455152671755724,0.7175572519083968,0.827767175572519,0.7161259541984731
,,,,,,,,,,,,,,,,49,0.4749013320177603,0.0548840651208682,0.0838061174148988,0.0984829797730636,0.3322795925535651,0.008078679311556,0.0625219529329118,0.0446083596768528,0.2419354838709677,0.0,0.0376344086021505,0.0161290322580645,0.6536259541984732,0.6927480916030533,0.7767175572519083,0.700858778625954
,,,,,,,,,,,,,,,,49,0.4123088307844104,0.0472989639861864,0.0822644301924025,0.3423162308830784,0.3691605198454513,0.0108886547242711,0.1141552511415525,0.1584123638918159,0.2526881720430107,0.0,0.064516129032258,0.0591397849462365,0.6536259541984732,0.7161259541984731,0.7991412213740458,0.7113549618320609
,,,,,,,,,,,,,,,,49,0.2218796250616675,0.0517390231869758,0.1006413418845584,0.0424272323630981,0.2708113804004215,0.0186160871092377,0.0614682121531436,0.0361784334387074,0.1989247311827957,0.0,0.032258064516129,0.021505376344086,0.6297709923664121,0.7099236641221374,0.7767175572519083,0.6774809160305342
,,,,,,,,,,,,,,,,49,0.2355698075974346,0.0635791810557474,0.079982733103108,0.1472619634928466,0.4067439409905163,0.0112399016508605,0.0772743238496663,0.1327713382507903,0.2956989247311828,0.0,0.0483870967741935,0.075268817204301,0.5954198473282442,0.6641221374045801,0.76956106870229,0.6784351145038168
,,,,,,,,,,,,,,,,49,0.4343857918105575,0.0463739516526887,0.1046497286630488,0.0637641835224469,0.2943449244819108,0.034070951879171,0.0597119775201967,0.0565507551808921,0.1827956989247312,0.0,0.0376344086021505,0.032258064516129,0.5424618320610687,0.6340648854961831,0.8091603053435114,0.6879770992366412
,,,,,,,,,,,,,,,,49,0.3137025160335471,0.1473852984706462,0.0546990626541687,0.4428342377898372,0.2939936775553214,0.0052687038988408,0.0463645943097997,0.3477344573234984,0.1935483870967742,0.0,0.021505376344086,0.1774193548387097,0.5806297709923663,0.638358778625954,0.78912213740458,0.6750954198473282
,,,,,,,,,,,,,,,,49,0.3385545140601875,0.0442772570300937,0.0683892451899358,0.04581894425259,0.2030207235686687,0.0070249385317878,0.1085353003161222,0.0368809272918862,0.1774193548387097,0.0,0.0268817204301075,0.0,0.5911259541984731,0.6693702290076335,0.7652671755725189,0.6965648854961831
,,,,,,,,,,,,,,,,49,0.3008756783423779,0.1906758756783423,0.0966329551060681,0.0807227429699063,0.2342817000351247,0.0231822971548998,0.0723568668774148,0.0758693361433087,0.1881720430107527,0.0053763440860215,0.0376344086021505,0.043010752688172,0.6226145038167938,0.6927480916030533,0.7752862595419846,0.6965648854961831
,,,,,,,,,,,,,,,,49,0.4639245189935866,0.16249383325111,0.1261100148001973,0.1652688702516033,0.3698630136986301,0.0133473832103969,0.0758693361433087,0.1148577449947313,0.2204301075268817,0.0,0.0268817204301075,0.075268817204301,0.6221374045801527,0.6989503816793893,0.7585877862595419,0.6903625954198472
,,,,,,,,,,,,,,,,49,0.2395165268870251,0.0452639368524913,0.1018746916625555,0.157930439072521,0.3825079030558482,0.0094836670179135,0.0706006322444678,0.1506849315068493,0.3225806451612903,0.0,0.021505376344086,0.1290322580645161,0.6421755725190839,0.6851145038167938,0.8101145038167938,0.724236641221374
,,,,,,,,,,,,,,,,49,0.7089294523926986,0.0769610261470152,0.0875061667488899,0.1409102121361618,0.4056902002107481,0.0115911485774499,0.0881629785739374,0.1366350544432736,0.2580645161290322,0.0,0.0376344086021505,0.1021505376344086,0.6393129770992366,0.7371183206106869,0.8625954198473281,0.7275763358778625
,,,,,,,,,,,,,,,,49,0.2118894918598915,0.047483966452886,0.0759126788357178,0.0578441045880611,0.2170706006322444,0.0059711977520196,0.0776255707762557,0.0175623463294696,0.1559139784946236,0.0,0.0483870967741935,0.0,0.6483778625954197,0.7509541984732823,0.8797709923664121,0.7705152671755725
,,,,,,,,,,,,,,,,49,0.1714972866304884,0.0492106561420819,0.1192649235323138,0.268746916625555,0.2929399367755532,0.0,0.1260976466455918,0.1345275728837372,0.2204301075268817,0.0,0.0376344086021505,0.086021505376344,0.6521946564885495,0.6846374045801527,0.7175572519083968,0.6498091603053435
,,,,,,,,,,,,,,,,49,0.18333744449926,0.0921928959052787,0.0858411445485939,0.0521706956092747,0.2458728486125746,0.0073761854583772,0.0790305584826132,0.0502283105022831,0.1612903225806451,0.0053763440860215,0.032258064516129,0.043010752688172,0.5944656488549618,0.6297709923664121,0.6941793893129771,0.6145038167938931
,,,,,,,,,,,,,,,,49,0.4151455352738037,0.0817710902812037,0.0794893931919092,0.0931795757276763,0.4481910783280646,0.0,0.0660344221988057,0.0530382859149982,0.2849462365591398,0.0,0.0268817204301075,0.010752688172043,0.5515267175572518,0.5873091603053434,0.6636450381679387,0.5877862595419846
,,,,,,,,,,,,,,,,49,0.4910582141095215,0.0775777010360138,0.0988529847064627,0.1546003946719289,0.345626975763962,0.0488233227959255,0.0765718299964875,0.0969441517386722,0.2526881720430107,0.0376344086021505,0.053763440860215,0.0698924731182795,0.4852099236641221,0.6040076335877862,0.7175572519083968,0.6273854961832059
,,,,,,,,,,,,,,,,49,0.2348914652195363,0.0630858411445485,0.1011963492846571,0.1064997533300444,0.1984545135230066,0.0087811731647348,0.1131015103617843,0.0979978925184404,0.1290322580645161,0.0,0.064516129032258,0.086021505376344,0.5491412213740456,0.6550572519083968,0.7938931297709922,0.6583969465648855
,,,,,,,,,,,,,,,,49,0.317094227923039,0.04581894425259,0.0797977306364084,0.1529353724716329,0.3105022831050228,0.0175623463294696,0.0695468914646996,0.0825430277485072,0.2419354838709677,0.0,0.0268817204301075,0.064516129032258,0.5558206106870228,0.659828244274809,0.7686068702290075,0.6698473282442747
,,,,,,,,,,,,,,,,49,0.3957819437592502,0.055377405032067,0.1839541193882585,0.2792920572274297,0.3730242360379346,0.0,0.1152089919213206,0.0860554970144011,0.2795698924731182,0.0,0.032258064516129,0.0376344086021505,0.5787213740458015,0.6650763358778625,0.7423664122137403,0.6583969465648855
,,,,,,,,,,,,,,,,49,0.3235076467686236,0.0464972866304884,0.1294400592007893,0.1821657622101628,0.2595714787495609,0.0147523709167544,0.0899192132068844,0.1910783280646294,0.1827956989247312,0.0,0.0591397849462365,0.1344086021505376,0.6001908396946565,0.6698473282442747,0.7652671755725189,0.6765267175572518
,,,,,,,,,,,,,,,,49,0.6136531820424274,0.0318820917612234,0.0834977799703996,0.1323384311790824,0.4906919564453811,0.0182648401826484,0.0593607305936073,0.0333684580259922,0.3010752688172043,0.0,0.032258064516129,0.0268817204301075,0.5982824427480915,0.6879770992366412,0.8110687022900762,0.6784351145038168
,,,,,,,,,,,,,,,,49,0.3918352244696597,0.0375555007400098,0.0884311790823877,0.0488406512086827,0.4517035475939585,0.0087811731647348,0.0972953986652616,0.0611169652265542,0.3548387096774194,0.0,0.0376344086021505,0.0161290322580645,0.6001908396946565,0.6937022900763358,0.8134541984732824,0.6693702290076335
,,,,,,,,,,,,,,,,49,0.3581031080414406,0.0360754810064134,0.0915762210162802,0.1491119881598421,0.3582718651211802,0.0094836670179135,0.0583069898138391,0.2044257112750263,0.2473118279569892,0.0,0.0376344086021505,0.1397849462365591,0.5806297709923663,0.6641221374045801,0.7795801526717555,0.6722328244274809
,,,,,,,,,,,,,,,,49,0.5035767143561916,0.0465589541193882,0.0985446472619635,0.2535767143561914,0.2644889357218124,0.0193185809624165,0.1327713382507903,0.0400421496311907,0.1989247311827957,0.0,0.0376344086021505,0.0161290322580645,0.5968511450381679,0.6588740458015266,0.7767175572519083,0.6660305343511449
,,,,,,,,,,,,,,,,49,0.2410582141095215,0.050814010853478,0.1099531327084361,0.1367168228909718,0.282051282051282,0.0523357920618194,0.0818405338953284,0.0414471373375483,0.2150537634408602,0.0376344086021505,0.032258064516129,0.032258064516129,0.5916030534351143,0.6254770992366412,0.6798664122137403,0.6574427480916031
,,,,,,,,,,,,,,,,49,0.358781450419339,0.032067094227923,0.1447335964479526,0.1692772570300937,0.2897787144362487,0.0042149631190727,0.0720056199508254,0.1334738321039691,0.2311827956989247,0.0,0.032258064516129,0.064516129032258,0.623091603053435,0.6469465648854962,0.705152671755725,0.6187977099236641
,,,,,,,,,,,,,,,,49,0.165392205229403,0.0469906265416872,0.0715959546127281,0.1016896891958559,0.2472778363189322,0.0066736916051984,0.1222339304531085,0.2332279592553565,0.2043010752688172,0.0,0.0591397849462365,0.1505376344086021,0.6135496183206105,0.6493320610687021,0.7065839694656488,0.6207061068702289
,,,,,,,,,,,,,,,,49,0.4502960039467193,0.0415022200296003,0.0989146521953626,0.0814627528367044,0.3681067790656832,0.0126448893572181,0.060063224446786,0.0298559887600983,0.2634408602150537,0.0053763440860215,0.0268817204301075,0.021505376344086,0.5558206106870228,0.6302480916030533,0.6846374045801527,0.646469465648855
,,,,,,,,,,,,,,,,49,0.3805500740009867,0.0413788850518006,0.0876295017266896,0.0273803650715342,0.2996136283807517,0.016157358623112,0.0470670881629785,0.0098349139445029,0.2634408602150537,0.0,0.0268817204301075,0.0053763440860215,0.6130725190839693,0.6283396946564885,0.6965648854961831,0.5982824427480915
,,,,,,,,,,,,,,,,49,0.2820054267390232,0.1891341884558461,0.071225949679329,0.0498889985199802,0.3343870741131015,0.0670881629785739,0.0495258166491043,0.0214260625219529,0.2258064516129032,0.0483870967741935,0.032258064516129,0.0053763440860215,0.5147900763358778,0.60162213740458,0.6822519083969466,0.6011450381679388
,,,,,,,,,,,,,,,,49,0.2818204242723236,0.0288603848051307,0.0823260976813024,0.3108658115441539,0.2866174920969441,0.0094836670179135,0.0614682121531436,0.2163681067790656,0.2150537634408602,0.0,0.0268817204301075,0.1344086021505376,0.5119274809160305,0.6211832061068703,0.7328244274809159,0.6340648854961831
,,,,,,,,,,,,,,,,49,0.2710286137148495,0.0526640355204735,0.1122964972866304,0.2609768130241737,0.3407095187917106,0.0569020021074815,0.1050228310502283,0.174569722514928,0.2795698924731182,0.043010752688172,0.0376344086021505,0.0967741935483871,0.6059160305343511,0.7056297709923663,0.7256679389312976,0.661736641221374
,,,,,,,,,,,,,,,,49,0.3368278243709917,0.1121114948199309,0.1616921558954119,0.3064874198322644,0.2672989111345276,0.0066736916051984,0.1078328064629434,0.1661397962767825,0.1612903225806451,0.0,0.0376344086021505,0.0967741935483871,0.6145038167938931,0.6235687022900762,0.6665076335877861,0.5720419847328244
,,,,,,,,,,,,,,,,49,0.1692772570300937,0.0402072027627034,0.1399235323137642,0.5603724716329552,0.2644889357218124,0.0207235686687741,0.0674394099051633,0.2262030207235686,0.1881720430107527,0.010752688172043,0.032258064516129,0.1236559139784946,0.480916030534351,0.575381679389313,0.6693702290076335,0.6068702290076337
,,,,,,,,,,,,,,,,49,0.3051307350764677,0.0536507153428712,0.1409102121361618,0.1251850024666995,0.3438707411310151,0.0256410256410256,0.0674394099051633,0.042149631190727,0.2634408602150537,0.0,0.1720430107526881,0.0268817204301075,0.5472328244274809,0.6173664122137403,0.7647900763358777,0.6292938931297709
