0,1,2,3,4,5,6,7,8,9,10,11,12,13,14,15,16,17,18,19,20,21,22,23,cluster,Wa0,Wa1,Wa2,Wa3,Wa4,Wa5,Wa6,Wa7,Wa8,Wa9,Wa10,Wa11,Wa12,Wa13,Wa14,Wa15,Wa16,Wa17,Wa18,Wa19,Wa20,Wa21,Wa22,Wa23
0.0147947882736156,0.0641107491856677,0.093700325732899,0.1035635179153094,0.0394527687296416,0.0049315960912052,0.0147947882736156,0.0,0.0,0.0,0.0,0.0,0.0,0.0197263843648208,0.0098631921824104,0.0197263843648208,0.0147947882736156,0.0493159609120521,0.0493159609120521,0.0295895765472312,0.0049315960912052,0.0,0.0147947882736156,0.0197263843648208,0,,,,,,,,,,,,,,,,,,,,,,,,
0.0493159609120521,0.0197263843648208,0.0591791530944625,0.0641107491856677,0.0789055374592833,0.0,0.0345211726384364,0.0049315960912052,0.0,0.0,0.0,0.0,0.0,0.0147947882736156,0.0,0.0197263843648208,0.0049315960912052,0.0098631921824104,0.0,0.0049315960912052,0.0,0.0049315960912052,0.0197263843648208,0.0591791530944625,0,,,,,,,,,,,,,,,,,,,,,,,,
0.0295895765472312,0.0838371335504886,0.0394527687296416,0.118358306188925,0.0049315960912052,0.0,0.0739739413680781,0.0049315960912052,0.0049315960912052,0.0,0.0,0.0,0.0,0.0197263843648208,0.0049315960912052,0.0,0.0197263843648208,0.0147947882736156,0.0345211726384364,0.0493159609120521,0.0,0.0,0.0098631921824104,0.0394527687296416,0,,,,,,,,,,,,,,,,,,,,,,,,
0.0443843648208469,0.0147947882736156,0.0493159609120521,0.0591791530944625,0.1035635179153094,0.0443843648208469,0.0197263843648208,0.0,0.0,0.0,0.0,0.0,0.0,0.0197263843648208,0.0049315960912052,0.0049315960912052,0.0295895765472312,0.0197263843648208,0.0049315960912052,0.0147947882736156,0.0,0.0049315960912052,0.0493159609120521,0.0147947882736156,0,,,,,,,,,,,,,,,,,,,,,,,,
0.0049315960912052,0.0739739413680781,0.093700325732899,0.118358306188925,0.0098631921824104,0.0098631921824104,0.0,0.0,0.0,0.0,0.0,0.0,0.0,0.0049315960912052,0.0049315960912052,0.0295895765472312,0.0147947882736156,0.0197263843648208,0.0,0.0049315960912052,0.0049315960912052,0.0,0.0098631921824104,0.0789055374592833,0,,,,,,,,,,,,,,,,,,,,,,,,
0.024657980456026,0.1134267100977198,0.0641107491856677,0.0,0.0641107491856677,0.0,0.0098631921824104,0.0,0.0,0.0,0.0,0.0,0.0,0.0,0.024657980456026,0.024657980456026,0.0049315960912052,0.0049315960912052,0.0,0.0,0.0,0.0049315960912052,0.0098631921824104,0.0049315960912052,0,,,,,,,,,,,,,,,,,,,,,,,,
0.0098631921824104,0.0197263843648208,0.0739739413680781,0.0887687296416938,0.0049315960912052,0.0,0.0197263843648208,0.0,0.0,0.0,0.0049315960912052,0.0,0.0,0.0,0.0,0.0098631921824104,0.0197263843648208,0.0542475570032573,0.0,0.0,0.0,0.0,0.0,0.0,0,,,,,,,,,,,,,,,,,,,,,,,,
0.0,0.0,0.0295895765472312,0.0838371335504886,0.0986319218241042,0.0,0.0,0.0098631921824104,0.0,0.0,0.0,0.0,0.0,0.0,0.0098631921824104,0.0,0.0,0.0197263843648208,0.024657980456026,0.0049315960912052,0.0049315960912052,0.0,0.0,0.0739739413680781,0,,,,,,,,,,,,,,,,,,,,,,,,
0.0345211726384364,0.0098631921824104,0.0739739413680781,0.0542475570032573,0.0789055374592833,0.024657980456026,0.0493159609120521,0.0049315960912052,0.0,0.0,0.0,0.0,0.0,0.0049315960912052,0.0147947882736156,0.0443843648208469,0.0049315960912052,0.0147947882736156,0.0345211726384364,0.0443843648208469,0.0098631921824104,0.0295895765472312,0.0049315960912052,0.0394527687296416,0,,,,,,,,,,,,,,,,,,,,,,,,
0.118358306188925,0.0394527687296416,0.0789055374592833,0.0887687296416938,0.0690423452768729,0.0098631921824104,0.0197263843648208,0.0,0.0,0.0,0.0,0.0,0.0,0.024657980456026,0.0049315960912052,0.0197263843648208,0.0147947882736156,0.0049315960912052,0.0098631921824104,0.0,0.0,0.0049315960912052,0.0197263843648208,0.0739739413680781,0,,,,,,,,,,,,,,,,,,,,,,,,
0.024657980456026,0.0739739413680781,0.0690423452768729,0.1331530944625407,0.024657980456026,0.0493159609120521,0.0049315960912052,0.0098631921824104,0.0,0.0,0.0,0.0,0.0,0.0295895765472312,0.0,0.0,0.0197263843648208,0.024657980456026,0.0049315960912052,0.0,0.0,0.0098631921824104,0.0,0.0197263843648208,0,,,,,,,,,,,,,,,,,,,,,,,,
0.0493159609120521,0.0049315960912052,0.0838371335504886,0.118358306188925,0.0295895765472312,0.0197263843648208,0.0049315960912052,0.0,0.0,0.0,0.0,0.0049315960912052,0.0,0.0197263843648208,0.0049315960912052,0.0049315960912052,0.0197263843648208,0.0147947882736156,0.0098631921824104,0.0591791530944625,0.0197263843648208,0.0049315960912052,0.0098631921824104,0.0147947882736156,0,,,,,,,,,,,,,,,,,,,,,,,,
0.0542475570032573,0.0098631921824104,0.0887687296416938,0.0345211726384364,0.1380846905537459,0.0147947882736156,0.0147947882736156,0.0049315960912052,0.0,0.0,0.0,0.0,0.0,0.0,0.0,0.0493159609120521,0.0098631921824104,0.0,0.0295895765472312,0.0493159609120521,0.0147947882736156,0.0098631921824104,0.0098631921824104,0.0,0,,,,,,,,,,,,,,,,,,,,,,,,
0.0394527687296416,0.0,0.0,0.0,0.0986319218241042,0.0098631921824104,0.0,0.0,0.0147947882736156,0.0,0.0,0.0,0.0,0.0,0.0197263843648208,0.0394527687296416,0.0986319218241042,0.0591791530944625,0.0542475570032573,0.0690423452768729,0.0542475570032573,0.0443843648208469,0.0049315960912052,0.0,0,,,,,,,,,,,,,,,,,,,,,,,,
0.0,0.0,0.0591791530944625,0.0542475570032573,0.0739739413680781,0.0,0.0394527687296416,0.0,0.0,0.0,0.0,0.0,0.0,0.0295895765472312,0.0098631921824104,0.0,0.0098631921824104,0.0197263843648208,0.0098631921824104,0.0,0.0049315960912052,0.0049315960912052,0.024657980456026,0.0147947882736156,0,,,,,,,,,,,,,,,,,,,,,,,,
0.0838371335504886,0.024657980456026,0.1232899022801302,0.0641107491856677,0.0,0.0049315960912052,0.0197263843648208,0.0,0.0,0.0,0.0,0.0,0.0,0.0295895765472312,0.0,0.0394527687296416,0.0,0.0098631921824104,0.0,0.0049315960912052,0.0049315960912052,0.0147947882736156,0.0098631921824104,0.0345211726384364,0,,,,,,,,,,,,,,,,,,,,,,,,
0.0443843648208469,0.0147947882736156,0.0789055374592833,0.1578110749185667,0.0197263843648208,0.0049315960912052,0.0049315960912052,0.0,0.0,0.0,0.0049315960912052,0.0,0.0,0.024657980456026,0.0,0.0,0.0295895765472312,0.024657980456026,0.0542475570032573,0.0049315960912052,0.024657980456026,0.0,0.0197263843648208,0.0493159609120521,0,,,,,,,,,,,,,,,,,,,,,,,,
0.1578110749185667,0.0049315960912052,0.0049315960912052,0.0098631921824104,0.0049315960912052,0.0789055374592833,0.0838371335504886,0.0049315960912052,0.0,0.0,0.0,0.0,0.0,0.024657980456026,0.0049315960912052,0.0098631921824104,0.024657980456026,0.0098631921824104,0.0049315960912052,0.0049315960912052,0.0049315960912052,0.0049315960912052,0.0197263843648208,0.0049315960912052,0,,,,,,,,,,,,,,,,,,,,,,,,
0.0493159609120521,0.0049315960912052,0.0789055374592833,0.0049315960912052,0.0542475570032573,0.0591791530944625,0.0098631921824104,0.0,0.0,0.0,0.0,0.0098631921824104,0.0,0.024657980456026,0.0,0.024657980456026,0.0098631921824104,0.0098631921824104,0.0098631921824104,0.0049315960912052,0.0147947882736156,0.0098631921824104,0.0098631921824104,0.0098631921824104,0,,,,,,,,,,,,,,,,,,,,,,,,
0.0147947882736156,0.0147947882736156,0.0838371335504886,0.0197263843648208,0.1923322475570032,0.0049315960912052,0.0147947882736156,0.0,0.0,0.0,0.0,0.0,0.0,0.0,0.0098631921824104,0.0394527687296416,0.024657980456026,0.0147947882736156,0.0098631921824104,0.0739739413680781,0.0098631921824104,0.0394527687296416,0.0493159609120521,0.0542475570032573,0,,,,,,,,,,,,,,,,,,,,,,,,
0.0147947882736156,0.0197263843648208,0.1282214983713355,0.0887687296416938,0.0,0.0,0.0147947882736156,0.0,0.0098631921824104,0.0,0.0,0.0,0.0,0.0,0.0098631921824104,0.0,0.0345211726384364,0.0049315960912052,0.0739739413680781,0.0789055374592833,0.0690423452768729,0.024657980456026,0.0443843648208469,0.0098631921824104,0,,,,,,,,,,,,,,,,,,,,,,,,
0.0049315960912052,0.0098631921824104,0.0887687296416938,0.0690423452768729,0.0345211726384364,0.0591791530944625,0.0147947882736156,0.0,0.0,0.0,0.0,0.0,0.0,0.024657980456026,0.0,0.0,0.0690423452768729,0.0345211726384364,0.0542475570032573,0.0098631921824104,0.0049315960912052,0.0147947882736156,0.0098631921824104,0.0049315960912052,0,,,,,,,,,,,,,,,,,,,,,,,,
0.0591791530944625,0.0098631921824104,0.0887687296416938,0.0838371335504886,0.1134267100977198,0.0049315960912052,0.0,0.0098631921824104,0.0,0.0,0.0,0.0,0.0,0.0197263843648208,0.0197263843648208,0.0147947882736156,0.0049315960912052,0.0098631921824104,0.0,0.0,0.0,0.0,0.0,0.0345211726384364,0,,,,,,,,,,,,,,,,,,,,,,,,
0.0197263843648208,0.093700325732899,0.0098631921824104,0.1972638436482084,0.0443843648208469,0.0098631921824104,0.0,0.0,0.0,0.0,0.0,0.0,0.0,0.0295895765472312,0.0049315960912052,0.0,0.024657980456026,0.0,0.0,0.0098631921824104,0.0,0.0,0.0098631921824104,0.0147947882736156,0,,,,,,,,,,,,,,,,,,,,,,,,
0.0098631921824104,0.0443843648208469,0.0690423452768729,0.0443843648208469,0.118358306188925,0.0049315960912052,0.0147947882736156,0.0,0.0,0.0,0.0,0.0,0.0,0.0197263843648208,0.0147947882736156,0.0147947882736156,0.0147947882736156,0.0443843648208469,0.0049315960912052,0.0049315960912052,0.0,0.0,0.0443843648208469,0.0197263843648208,0,,,,,,,,,,,,,,,,,,,,,,,,
0.0443843648208469,0.0049315960912052,0.0197263843648208,0.0591791530944625,0.1331530944625407,0.0098631921824104,0.0147947882736156,0.0,0.0,0.0,0.0,0.0049315960912052,0.0,0.0147947882736156,0.0,0.0295895765472312,0.0098631921824104,0.0394527687296416,0.0049315960912052,0.0098631921824104,0.0049315960912052,0.0,0.0098631921824104,0.0,0,,,,,,,,,,,,,,,,,,,,,,,,
0.0591791530944625,0.0493159609120521,0.0049315960912052,0.0690423452768729,0.0838371335504886,0.0739739413680781,0.0098631921824104,0.0,0.0,0.0,0.0,0.0,0.0098631921824104,0.0098631921824104,0.0049315960912052,0.0147947882736156,0.0295895765472312,0.0789055374592833,0.0049315960912052,0.0197263843648208,0.0443843648208469,0.0147947882736156,0.0098631921824104,0.0,0,,,,,,,,,,,,,,,,,,,,,,,,
0.0838371335504886,0.0049315960912052,0.1430162866449511,0.1676742671009772,0.0147947882736156,0.0,0.0147947882736156,0.0,0.0,0.0,0.0,0.0,0.0,0.0,0.0049315960912052,0.0295895765472312,0.0197263843648208,0.0049315960912052,0.0,0.0098631921824104,0.0591791530944625,0.024657980456026,0.0,0.0,0,,,,,,,,,,,,,,,,,,,,,,,,
0.0,0.0,0.0542475570032573,0.0986319218241042,0.0,0.0,0.0147947882736156,0.0098631921824104,0.0049315960912052,0.0,0.0,0.0,0.0049315960912052,0.0,0.0,0.024657980456026,0.0493159609120521,0.0641107491856677,0.0443843648208469,0.024657980456026,0.0049315960912052,0.0,0.0,0.0147947882736156,0,,,,,,,,,,,,,,,,,,,,,,,,
0.0887687296416938,0.1430162866449511,0.2268534201954397,0.0295895765472312,0.0690423452768729,0.0838371335504886,0.0098631921824104,0.0049315960912052,0.0,0.0,0.0049315960912052,0.0,0.0,0.0147947882736156,0.0049315960912052,0.0197263843648208,0.0098631921824104,0.0,0.0,0.0,0.0,0.0,0.0197263843648208,0.0049315960912052,0,,,,,,,,,,,,,,,,,,,,,,,,
0.0,0.0,0.0,0.0,0.0542475570032573,0.0049315960912052,0.0,0.0,0.0,0.0,0.0,0.0,0.0,0.0,0.0147947882736156,0.0197263843648208,0.0098631921824104,0.0,0.0,0.0098631921824104,0.0098631921824104,0.0,0.0,0.0,0,,,,,,,,,,,,,,,,,,,,,,,,
0.0098631921824104,0.0098631921824104,0.0049315960912052,0.0690423452768729,0.0147947882736156,0.0,0.0,0.0,0.0,0.0,0.0,0.0,0.0,0.0,0.0049315960912052,0.0098631921824104,0.0,0.0147947882736156,0.0049315960912052,0.0098631921824104,0.0,0.0,0.0147947882736156,0.0197263843648208,0,,,,,,,,,,,,,,,,,,,,,,,,
0.0147947882736156,0.0049315960912052,0.0394527687296416,0.0,0.0098631921824104,0.0049315960912052,0.0,0.0049315960912052,0.0,0.0,0.0049315960912052,0.0,0.0,0.0,0.0098631921824104,0.0098631921824104,0.0147947882736156,0.0049315960912052,0.0,0.0098631921824104,0.0049315960912052,0.0098631921824104,0.0,0.0,0,,,,,,,,,,,,,,,,,,,,,,,,
0.0147947882736156,0.0197263843648208,0.0,0.0443843648208469,0.0049315960912052,0.0049315960912052,0.0049315960912052,0.0,0.0,0.0,0.0,0.0,0.0,0.0,0.0147947882736156,0.0,0.0098631921824104,0.0,0.0049315960912052,0.0098631921824104,0.0049315960912052,0.0049315960912052,0.0,0.0049315960912052,0,,,,,,,,,,,,,,,,,,,,,,,,
0.0197263843648208,0.0147947882736156,0.0049315960912052,0.0098631921824104,0.0394527687296416,0.0,0.0049315960912052,0.0,0.0,0.0,0.0,0.0,0.0,0.0049315960912052,0.0,0.0098631921824104,0.0,0.0,0.0098631921824104,0.0,0.0,0.0098631921824104,0.0049315960912052,0.0,0,,,,,,,,,,,,,,,,,,,,,,,,
0.0049315960912052,0.0,0.0147947882736156,0.0049315960912052,0.0542475570032573,0.0049315960912052,0.0098631921824104,0.0,0.0,0.0,0.0,0.0,0.0,0.0,0.0147947882736156,0.0147947882736156,0.0295895765472312,0.0049315960912052,0.0,0.0,0.0,0.0098631921824104,0.0049315960912052,0.0049315960912052,0,,,,,,,,,,,,,,,,,,,,,,,,
0.0147947882736156,0.0098631921824104,0.0098631921824104,0.0098631921824104,0.0443843648208469,0.0049315960912052,0.0049315960912052,0.0049315960912052,0.0,0.0,0.0,0.0,0.0,0.0,0.0,0.0147947882736156,0.1676742671009772,0.1331530944625407,0.0591791530944625,0.0049315960912052,0.0147947882736156,0.0049315960912052,0.0049315960912052,0.0641107491856677,0,,,,,,,,,,,,,,,,,,,,,,,,
0.0789055374592833,0.0295895765472312,0.0739739413680781,0.0147947882736156,0.0049315960912052,0.0147947882736156,0.0,0.0,0.0,0.0,0.0,0.0,0.0,0.0049315960912052,0.0,0.0049315960912052,0.024657980456026,0.0197263843648208,0.0197263843648208,0.0098631921824104,0.0049315960912052,0.0,0.0,0.0394527687296416,0,,,,,,,,,,,,,,,,,,,,,,,,
0.0443843648208469,0.0838371335504886,0.1084951140065146,0.0641107491856677,0.1282214983713355,0.0049315960912052,0.0,0.0147947882736156,0.0,0.0,0.0,0.0,0.0,0.0197263843648208,0.0098631921824104,0.0098631921824104,0.0,0.0098631921824104,0.024657980456026,0.0,0.0098631921824104,0.0049315960912052,0.0098631921824104,0.0098631921824104,0,,,,,,,,,,,,,,,,,,,,,,,,
0.0591791530944625,0.0345211726384364,0.1775374592833876,0.0887687296416938,0.0887687296416938,0.0098631921824104,0.0197263843648208,0.0,0.0,0.0,0.0,0.0,0.0,0.0197263843648208,0.024657980456026,0.0197263843648208,0.0049315960912052,0.0147947882736156,0.0,0.0,0.0,0.0,0.0049315960912052,0.024657980456026,0,,,,,,,,,,,,,,,,,,,,,,,,
0.0147947882736156,0.024657980456026,0.0,0.0049315960912052,0.0098631921824104,0.1775374592833876,0.1331530944625407,0.0049315960912052,0.0,0.0,0.0,0.0,0.0,0.0,0.0,0.0197263843648208,0.024657980456026,0.0049315960912052,0.0049315960912052,0.0394527687296416,0.0049315960912052,0.0443843648208469,0.024657980456026,0.0887687296416938,0,,,,,,,,,,,,,,,,,,,,,,,,
0.0049315960912052,0.0295895765472312,0.0443843648208469,0.0838371335504886,0.0789055374592833,0.0098631921824104,0.0197263843648208,0.0,0.0,0.0,0.0,0.0,0.0,0.0,0.0295895765472312,0.024657980456026,0.0542475570032573,0.0197263843648208,0.0098631921824104,0.0,0.0,0.0,0.0147947882736156,0.0147947882736156,0,,,,,,,,,,,,,,,,,,,,,,,,
0.093700325732899,0.0690423452768729,0.0,0.0147947882736156,0.0197263843648208,0.1035635179153094,0.0,0.0197263843648208,0.0,0.0,0.0,0.0,0.0,0.024657980456026,0.0197263843648208,0.0049315960912052,0.0098631921824104,0.0147947882736156,0.0,0.0,0.0,0.0049315960912052,0.0197263843648208,0.0147947882736156,0,,,,,,,,,,,,,,,,,,,,,,,,
0.0690423452768729,0.0147947882736156,0.0690423452768729,0.0739739413680781,0.0690423452768729,0.0147947882736156,0.0,0.0493159609120521,0.0,0.0,0.0,0.0,0.0,0.0147947882736156,0.0049315960912052,0.0049315960912052,0.0197263843648208,0.0049315960912052,0.0049315960912052,0.0,0.0542475570032573,0.0443843648208469,0.0098631921824104,0.0,0,,,,,,,,,,,,,,,,,,,,,,,,
0.0789055374592833,0.0345211726384364,0.0986319218241042,0.0197263843648208,0.0098631921824104,0.1134267100977198,0.0049315960912052,0.0,0.0049315960912052,0.0,0.0,0.0,0.0,0.0197263843648208,0.0049315960912052,0.0049315960912052,0.0295895765472312,0.0345211726384364,0.0641107491856677,0.0049315960912052,0.0,0.0443843648208469,0.0591791530944625,0.0147947882736156,0,,,,,,,,,,,,,,,,,,,,,,,,
0.0345211726384364,0.093700325732899,0.0739739413680781,0.1035635179153094,0.093700325732899,0.0197263843648208,0.0147947882736156,0.0,0.0,0.0,0.0,0.0049315960912052,0.0,0.0295895765472312,0.0,0.0,0.0049315960912052,0.024657980456026,0.0197263843648208,0.0147947882736156,0.0098631921824104,0.0,0.0295895765472312,0.024657980456026,0,,,,,,,,,,,,,,,,,,,,,,,,
0.1232899022801302,0.0394527687296416,0.0,0.0493159609120521,0.1035635179153094,0.0542475570032573,0.0147947882736156,0.0,0.0,0.0,0.0,0.0,0.0,0.0197263843648208,0.0049315960912052,0.0,0.0049315960912052,0.0295895765472312,0.0197263843648208,0.0098631921824104,0.0098631921824104,0.0443843648208469,0.0394527687296416,0.0443843648208469,0,,,,,,,,,,,,,,,,,,,,,,,,
0.0591791530944625,0.0,0.0147947882736156,0.1084951140065146,0.1430162866449511,0.0049315960912052,0.0197263843648208,0.0098631921824104,0.0,0.0493159609120521,0.0,0.0,0.0197263843648208,0.0,0.0147947882736156,0.024657980456026,0.0147947882736156,0.0197263843648208,0.0147947882736156,0.0,0.0147947882736156,0.0098631921824104,0.0295895765472312,0.1232899022801302,0,,,,,,,,,,,,,,,,,,,,,,,,
0.0147947882736156,0.0049315960912052,0.1578110749185667,0.0887687296416938,0.0147947882736156,0.0147947882736156,0.0098631921824104,0.0,0.0,0.0197263843648208,0.0,0.0,0.0,0.0049315960912052,0.0542475570032573,0.0394527687296416,0.0345211726384364,0.0739739413680781,0.0098631921824104,0.024657980456026,0.0394527687296416,0.0049315960912052,0.0197263843648208,0.024657980456026,0,,,,,,,,,,,,,,,,,,,,,,,,
0.0641107491856677,0.0147947882736156,0.1380846905537459,0.2219218241042345,0.0443843648208469,0.0147947882736156,0.0295895765472312,0.0,0.0,0.0,0.0,0.0,0.0,0.0049315960912052,0.0394527687296416,0.0295895765472312,0.0197263843648208,0.0493159609120521,0.0197263843648208,0.0295895765472312,0.0493159609120521,0.0098631921824104,0.024657980456026,0.0394527687296416,0,,,,,,,,,,,,,,,,,,,,,,,,
0.0197263843648208,0.0690423452768729,0.1232899022801302,0.0542475570032573,0.0098631921824104,0.1084951140065146,0.0049315960912052,0.0,0.0,0.0,0.0,0.0,0.0,0.0394527687296416,0.0197263843648208,0.0049315960912052,0.0443843648208469,0.0147947882736156,0.0049315960912052,0.0542475570032573,0.0345211726384364,0.0295895765472312,0.024657980456026,0.024657980456026,0,,,,,,,,,,,,,,,,,,,,,,,,
0.0147947882736156,0.0838371335504886,0.0641107491856677,0.1282214983713355,0.0,0.0591791530944625,0.024657980456026,0.0,0.0,0.0,0.0,0.0,0.0098631921824104,0.0197263843648208,0.0493159609120521,0.0838371335504886,0.0542475570032573,0.0,0.024657980456026,0.0295895765472312,0.0,0.0098631921824104,0.0147947882736156,0.0295895765472312,0,,,,,,,,,,,,,,,,,,,,,,,,
0.0394527687296416,0.0147947882736156,0.0887687296416938,0.0542475570032573,0.1035635179153094,0.0098631921824104,0.024657980456026,0.0,0.0098631921824104,0.0,0.0,0.0,0.0098631921824104,0.0591791530944625,0.0493159609120521,0.0295895765472312,0.0147947882736156,0.0493159609120521,0.0295895765472312,0.0,0.024657980456026,0.0,0.0197263843648208,0.0295895765472312,0,,,,,,,,,,,,,,,,,,,,,,,,
0.0986319218241042,0.0739739413680781,0.1775374592833876,0.1331530944625407,0.0049315960912052,0.0147947882736156,0.0098631921824104,0.0,0.0049315960912052,0.0,0.0,0.0,0.0,0.024657980456026,0.0394527687296416,0.0443843648208469,0.0147947882736156,0.0394540716612377,0.0838371335504886,0.0542475570032573,0.0,0.0098631921824104,0.0443843648208469,0.0197263843648208,0,,,,,,,,,,,,,,,,,,,,,,,,
0.0098631921824104,0.1430162866449511,0.024657980456026,0.162742671009772,0.0049315960912052,0.024657980456026,0.0,0.0,0.0,0.0,0.0,0.0,0.0,0.0295895765472312,0.024657980456026,0.0345211726384364,0.024657980456026,0.0641107491856677,0.0098631921824104,0.0,0.0147947882736156,0.0,0.0493159609120521,0.0887687296416938,0,,,,,,,,,,,,,,,,,,,,,,,,
0.0,0.0098631921824104,0.0147947882736156,0.1134267100977198,0.0345211726384364,0.0197263843648208,0.0,0.0,0.0,0.0197263843648208,0.0,0.0,0.0,0.0049315960912052,0.0542475570032573,0.0394527687296416,0.0641107491856677,0.0542475570032573,0.0147947882736156,0.0049315960912052,0.0049315960912052,0.0887687296416938,0.0098631921824104,0.0394527687296416,0,,,,,,,,,,,,,,,,,,,,,,,,
0.0295895765472312,0.0493159609120521,0.0443843648208469,0.1528794788273615,0.0789055374592833,0.0295895765472312,0.0,0.0,0.0,0.0,0.0098631921824104,0.0098631921824104,0.0295895765472312,0.024657980456026,0.0098631921824104,0.0,0.024657980456026,0.0098631921824104,0.0197263843648208,0.0098631921824104,0.0049315960912052,0.0049315960912052,0.0147947882736156,0.0049315960912052,0,,,,,,,,,,,,,,,,,,,,,,,,
0.0591791530944625,0.0789055374592833,0.093700325732899,0.0,0.0098631921824104,0.0197263843648208,0.0049315960912052,0.0,0.0,0.0,0.0,0.0,0.0,0.0295895765472312,0.0098631921824104,0.0098631921824104,0.0049315960912052,0.0197263843648208,0.0295895765472312,0.0,0.0345211726384364,0.0049315960912052,0.024657980456026,0.0443843648208469,0,,,,,,,,,,,,,,,,,,,,,,,,
0.0147947882736156,0.0147947882736156,0.1232899022801302,0.093700325732899,0.0197263843648208,0.0197263843648208,0.0,0.0,0.0,0.0,0.0,0.0,0.0,0.0295895765472312,0.0049315960912052,0.024657980456026,0.0049315960912052,0.0,0.0,0.0,0.0,0.0147947882736156,0.0147947882736156,0.0049315960912052,0,,,,,,,,,,,,,,,,,,,,,,,,
0.0098631921824104,0.0147947882736156,0.0739739413680781,0.1430162866449511,0.0394527687296416,0.0197263843648208,0.0098631921824104,0.0,0.0,0.0049315960912052,0.0,0.0,0.0,0.0147947882736156,0.0345211726384364,0.0345211726384364,0.0049315960912052,0.0098631921824104,0.0,0.0,0.0049315960912052,0.0147947882736156,0.0,0.0542475570032573,0,,,,,,,,,,,,,,,,,,,,,,,,
0.0641107491856677,0.0443843648208469,0.0986319218241042,0.0838371335504886,0.0,0.0147947882736156,0.0493159609120521,0.0,0.0,0.0,0.0,0.0,0.0,0.0,0.0049315960912052,0.0394527687296416,0.0542475570032573,0.0049315960912052,0.0,0.0147947882736156,0.0049315960912052,0.0345211726384364,0.0887687296416938,0.0591791530944625,0,,,,,,,,,,,,,,,,,,,,,,,,
0.0147947882736156,0.0641107491856677,0.093700325732899,0.1035635179153094,0.0394527687296416,0.0049315960912052,0.0147947882736156,0.0,0.0,0.0,0.0,0.0,0.0,0.0197263843648208,0.0098631921824104,0.0197263843648208,0.0147947882736156,0.0493159609120521,0.0493159609120521,0.0295895765472312,0.0049315960912052,0.0,0.0147947882736156,0.0197263843648208,0,,,,,,,,,,,,,,,,,,,,,,,,
0.0493159609120521,0.0197263843648208,0.0591791530944625,0.0641107491856677,0.0789055374592833,0.0,0.0345211726384364,0.0049315960912052,0.0,0.0,0.0,0.0,0.0,0.0147947882736156,0.0,0.0197263843648208,0.0049315960912052,0.0098631921824104,0.0,0.0049315960912052,0.0,0.0049315960912052,0.0197263843648208,0.0591791530944625,0,,,,,,,,,,,,,,,,,,,,,,,,
0.0295895765472312,0.0838371335504886,0.0394527687296416,0.118358306188925,0.0049315960912052,0.0,0.0739739413680781,0.0049315960912052,0.0049315960912052,0.0,0.0,0.0,0.0,0.0197263843648208,0.0049315960912052,0.0,0.0197263843648208,0.0147947882736156,0.0345211726384364,0.0493159609120521,0.0,0.0,0.0098631921824104,0.0394527687296416,0,,,,,,,,,,,,,,,,,,,,,,,,
0.0443843648208469,0.0147947882736156,0.0493159609120521,0.0591791530944625,0.1035635179153094,0.0443843648208469,0.0197263843648208,0.0,0.0,0.0,0.0,0.0,0.0,0.0197263843648208,0.0049315960912052,0.0049315960912052,0.0295895765472312,0.0197263843648208,0.0049315960912052,0.0147947882736156,0.0,0.0049315960912052,0.0493159609120521,0.0147947882736156,0,,,,,,,,,,,,,,,,,,,,,,,,
0.0049315960912052,0.0739739413680781,0.093700325732899,0.118358306188925,0.0098631921824104,0.0098631921824104,0.0,0.0,0.0,0.0,0.0,0.0,0.0,0.0049315960912052,0.0049315960912052,0.0295895765472312,0.0147947882736156,0.0197263843648208,0.0,0.0049315960912052,0.0049315960912052,0.0,0.0098631921824104,0.0789055374592833,0,,,,,,,,,,,,,,,,,,,,,,,,
0.024657980456026,0.1134267100977198,0.0641107491856677,0.0,0.0641107491856677,0.0,0.0098631921824104,0.0,0.0,0.0,0.0,0.0,0.0,0.0,0.024657980456026,0.024657980456026,0.0049315960912052,0.0049315960912052,0.0,0.0,0.0,0.0049315960912052,0.0098631921824104,0.0049315960912052,0,,,,,,,,,,,,,,,,,,,,,,,,
0.0098631921824104,0.0197263843648208,0.0739739413680781,0.0887687296416938,0.0049315960912052,0.0,0.0197263843648208,0.0,0.0,0.0,0.0049315960912052,0.0,0.0,0.0,0.0,0.0098631921824104,0.0197263843648208,0.0542475570032573,0.0,0.0,0.0,0.0,0.0,0.0,0,,,,,,,,,,,,,,,,,,,,,,,,
0.0,0.0,0.0295895765472312,0.0838371335504886,0.0986319218241042,0.0,0.0,0.0098631921824104,0.0,0.0,0.0,0.0,0.0,0.0,0.0098631921824104,0.0,0.0,0.0197263843648208,0.024657980456026,0.0049315960912052,0.0049315960912052,0.0,0.0,0.0739739413680781,0,,,,,,,,,,,,,,,,,,,,,,,,
0.0345211726384364,0.0098631921824104,0.0739739413680781,0.0542475570032573,0.0789055374592833,0.024657980456026,0.0493159609120521,0.0049315960912052,0.0,0.0,0.0,0.0,0.0,0.0049315960912052,0.0147947882736156,0.0443843648208469,0.0049315960912052,0.0147947882736156,0.0345211726384364,0.0443843648208469,0.0098631921824104,0.0295895765472312,0.0049315960912052,0.0394527687296416,0,,,,,,,,,,,,,,,,,,,,,,,,
0.118358306188925,0.0394527687296416,0.0789055374592833,0.0887687296416938,0.0690423452768729,0.0098631921824104,0.0197263843648208,0.0,0.0,0.0,0.0,0.0,0.0,0.024657980456026,0.0049315960912052,0.0197263843648208,0.0147947882736156,0.0049315960912052,0.0098631921824104,0.0,0.0,0.0049315960912052,0.0197263843648208,0.0739739413680781,0,,,,,,,,,,,,,,,,,,,,,,,,
0.024657980456026,0.0739739413680781,0.0690423452768729,0.1331530944625407,0.024657980456026,0.0493159609120521,0.0049315960912052,0.0098631921824104,0.0,0.0,0.0,0.0,0.0,0.0295895765472312,0.0,0.0,0.0197263843648208,0.024657980456026,0.0049315960912052,0.0,0.0,0.0098631921824104,0.0,0.0197263843648208,0,,,,,,,,,,,,,,,,,,,,,,,,
0.0493159609120521,0.0049315960912052,0.0838371335504886,0.118358306188925,0.0295895765472312,0.0197263843648208,0.0049315960912052,0.0,0.0,0.0,0.0,0.0049315960912052,0.0,0.0197263843648208,0.0049315960912052,0.0049315960912052,0.0197263843648208,0.0147947882736156,0.0098631921824104,0.0591791530944625,0.0197263843648208,0.0049315960912052,0.0098631921824104,0.0147947882736156,0,,,,,,,,,,,,,,,,,,,,,,,,
0.0542475570032573,0.0098631921824104,0.0887687296416938,0.0345211726384364,0.1380846905537459,0.0147947882736156,0.0147947882736156,0.0049315960912052,0.0,0.0,0.0,0.0,0.0,0.0,0.0,0.0493159609120521,0.0098631921824104,0.0,0.0295895765472312,0.0493159609120521,0.0147947882736156,0.0098631921824104,0.0098631921824104,0.0,0,,,,,,,,,,,,,,,,,,,,,,,,
0.0394527687296416,0.0,0.0,0.0,0.0986319218241042,0.0098631921824104,0.0,0.0,0.0147947882736156,0.0,0.0,0.0,0.0,0.0,0.0197263843648208,0.0394527687296416,0.0986319218241042,0.0591791530944625,0.0542475570032573,0.0690423452768729,0.0542475570032573,0.0443843648208469,0.0049315960912052,0.0,0,,,,,,,,,,,,,,,,,,,,,,,,
0.0,0.0,0.0591791530944625,0.0542475570032573,0.0739739413680781,0.0,0.0394527687296416,0.0,0.0,0.0,0.0,0.0,0.0,0.0295895765472312,0.0098631921824104,0.0,0.0098631921824104,0.0197263843648208,0.0098631921824104,0.0,0.0049315960912052,0.0049315960912052,0.024657980456026,0.0147947882736156,0,,,,,,,,,,,,,,,,,,,,,,,,
0.0838371335504886,0.024657980456026,0.1232899022801302,0.0641107491856677,0.0,0.0049315960912052,0.0197263843648208,0.0,0.0,0.0,0.0,0.0,0.0,0.0295895765472312,0.0,0.0394527687296416,0.0,0.0098631921824104,0.0,0.0049315960912052,0.0049315960912052,0.0147947882736156,0.0098631921824104,0.0345211726384364,0,,,,,,,,,,,,,,,,,,,,,,,,
0.0443843648208469,0.0147947882736156,0.0789055374592833,0.1578110749185667,0.0197263843648208,0.0049315960912052,0.0049315960912052,0.0,0.0,0.0,0.0049315960912052,0.0,0.0,0.024657980456026,0.0,0.0,0.0295895765472312,0.024657980456026,0.0542475570032573,0.0049315960912052,0.024657980456026,0.0,0.0197263843648208,0.0493159609120521,0,,,,,,,,,,,,,,,,,,,,,,,,
0.1578110749185667,0.0049315960912052,0.0049315960912052,0.0098631921824104,0.0049315960912052,0.0789055374592833,0.0838371335504886,0.0049315960912052,0.0,0.0,0.0,0.0,0.0,0.024657980456026,0.0049315960912052,0.0098631921824104,0.024657980456026,0.0098631921824104,0.0049315960912052,0.0049315960912052,0.0049315960912052,0.0049315960912052,0.0197263843648208,0.0049315960912052,0,,,,,,,,,,,,,,,,,,,,,,,,
0.0493159609120521,0.0049315960912052,0.0789055374592833,0.0049315960912052,0.0542475570032573,0.0591791530944625,0.0098631921824104,0.0,0.0,0.0,0.0,0.0098631921824104,0.0,0.024657980456026,0.0,0.024657980456026,0.0098631921824104,0.0098631921824104,0.0098631921824104,0.0049315960912052,0.0147947882736156,0.0098631921824104,0.0098631921824104,0.0098631921824104,0,,,,,,,,,,,,,,,,,,,,,,,,
0.0147947882736156,0.0147947882736156,0.0838371335504886,0.0197263843648208,0.1923322475570032,0.0049315960912052,0.0147947882736156,0.0,0.0,0.0,0.0,0.0,0.0,0.0,0.0098631921824104,0.0394527687296416,0.024657980456026,0.0147947882736156,0.0098631921824104,0.0739739413680781,0.0098631921824104,0.0394527687296416,0.0493159609120521,0.0542475570032573,0,,,,,,,,,,,,,,,,,,,,,,,,
0.0147947882736156,0.0197263843648208,0.1282214983713355,0.0887687296416938,0.0,0.0,0.0147947882736156,0.0,0.0098631921824104,0.0,0.0,0.0,0.0,0.0,0.0098631921824104,0.0,0.0345211726384364,0.0049315960912052,0.0739739413680781,0.0789055374592833,0.0690423452768729,0.024657980456026,0.0443843648208469,0.0098631921824104,0,,,,,,,,,,,,,,,,,,,,,,,,
0.0049315960912052,0.0098631921824104,0.0887687296416938,0.0690423452768729,0.0345211726384364,0.0591791530944625,0.0147947882736156,0.0,0.0,0.0,0.0,0.0,0.0,0.024657980456026,0.0,0.0,0.0690423452768729,0.0345211726384364,0.0542475570032573,0.0098631921824104,0.0049315960912052,0.0147947882736156,0.0098631921824104,0.0049315960912052,0,,,,,,,,,,,,,,,,,,,,,,,,
0.0591791530944625,0.0098631921824104,0.0887687296416938,0.0838371335504886,0.1134267100977198,0.0049315960912052,0.0,0.0098631921824104,0.0,0.0,0.0,0.0,0.0,0.0197263843648208,0.0197263843648208,0.0147947882736156,0.0049315960912052,0.0098631921824104,0.0,0.0,0.0,0.0,0.0,0.0345211726384364,0,,,,,,,,,,,,,,,,,,,,,,,,
0.0197263843648208,0.093700325732899,0.0098631921824104,0.1972638436482084,0.0443843648208469,0.0098631921824104,0.0,0.0,0.0,0.0,0.0,0.0,0.0,0.0295895765472312,0.0049315960912052,0.0,0.024657980456026,0.0,0.0,0.0098631921824104,0.0,0.0,0.0098631921824104,0.0147947882736156,0,,,,,,,,,,,,,,,,,,,,,,,,
0.0098631921824104,0.0443843648208469,0.0690423452768729,0.0443843648208469,0.118358306188925,0.0049315960912052,0.0147947882736156,0.0,0.0,0.0,0.0,0.0,0.0,0.0197263843648208,0.0147947882736156,0.0147947882736156,0.0147947882736156,0.0443843648208469,0.0049315960912052,0.0049315960912052,0.0,0.0,0.0443843648208469,0.0197263843648208,0,,,,,,,,,,,,,,,,,,,,,,,,
0.0443843648208469,0.0049315960912052,0.0197263843648208,0.0591791530944625,0.1331530944625407,0.0098631921824104,0.0147947882736156,0.0,0.0,0.0,0.0,0.0049315960912052,0.0,0.0147947882736156,0.0,0.0295895765472312,0.0098631921824104,0.0394527687296416,0.0049315960912052,0.0098631921824104,0.0049315960912052,0.0,0.0098631921824104,0.0,0,,,,,,,,,,,,,,,,,,,,,,,,
0.0591791530944625,0.0493159609120521,0.0049315960912052,0.0690423452768729,0.0838371335504886,0.0739739413680781,0.0098631921824104,0.0,0.0,0.0,0.0,0.0,0.0098631921824104,0.0098631921824104,0.0049315960912052,0.0147947882736156,0.0295895765472312,0.0789055374592833,0.0049315960912052,0.0197263843648208,0.0443843648208469,0.0147947882736156,0.0098631921824104,0.0,0,,,,,,,,,,,,,,,,,,,,,,,,
0.0838371335504886,0.0049315960912052,0.1430162866449511,0.1676742671009772,0.0147947882736156,0.0,0.0147947882736156,0.0,0.0,0.0,0.0,0.0,0.0,0.0,0.0049315960912052,0.0295895765472312,0.0197263843648208,0.0049315960912052,0.0,0.0098631921824104,0.0591791530944625,0.024657980456026,0.0,0.0,0,,,,,,,,,,,,,,,,,,,,,,,,
0.0,0.0,0.0542475570032573,0.0986319218241042,0.0,0.0,0.0147947882736156,0.0098631921824104,0.0049315960912052,0.0,0.0,0.0,0.0049315960912052,0.0,0.0,0.024657980456026,0.0493159609120521,0.0641107491856677,0.0443843648208469,0.024657980456026,0.0049315960912052,0.0,0.0,0.0147947882736156,0,,,,,,,,,,,,,,,,,,,,,,,,
0.0887687296416938,0.1430162866449511,0.2268534201954397,0.0295895765472312,0.0690423452768729,0.0838371335504886,0.0098631921824104,0.0049315960912052,0.0,0.0,0.0049315960912052,0.0,0.0,0.0147947882736156,0.0049315960912052,0.0197263843648208,0.0098631921824104,0.0,0.0,0.0,0.0,0.0,0.0197263843648208,0.0049315960912052,29,,,,,,,,,,,,,,,,,,,,,,,,
0.0,0.0,0.0,0.0,0.0542475570032573,0.0049315960912052,0.0,0.0,0.0,0.0,0.0,0.0,0.0,0.0,0.0147947882736156,0.0197263843648208,0.0098631921824104,0.0,0.0,0.0098631921824104,0.0098631921824104,0.0,0.0,0.0,0,,,,,,,,,,,,,,,,,,,,,,,,
0.0098631921824104,0.0098631921824104,0.0049315960912052,0.0690423452768729,0.0147947882736156,0.0,0.0,0.0,0.0,0.0,0.0,0.0,0.0,0.0,0.0049315960912052,0.0098631921824104,0.0,0.0147947882736156,0.0049315960912052,0.0098631921824104,0.0,0.0,0.0147947882736156,0.0197263843648208,0,,,,,,,,,,,,,,,,,,,,,,,,
0.0147947882736156,0.0049315960912052,0.0394527687296416,0.0,0.0098631921824104,0.0049315960912052,0.0,0.0049315960912052,0.0,0.0,0.0049315960912052,0.0,0.0,0.0,0.0098631921824104,0.0098631921824104,0.0147947882736156,0.0049315960912052,0.0,0.0098631921824104,0.0049315960912052,0.0098631921824104,0.0,0.0,0,,,,,,,,,,,,,,,,,,,,,,,,
0.0147947882736156,0.0197263843648208,0.0,0.0443843648208469,0.0049315960912052,0.0049315960912052,0.0049315960912052,0.0,0.0,0.0,0.0,0.0,0.0,0.0,0.0147947882736156,0.0,0.0098631921824104,0.0,0.0049315960912052,0.0098631921824104,0.0049315960912052,0.0049315960912052,0.0,0.0049315960912052,0,,,,,,,,,,,,,,,,,,,,,,,,
0.0197263843648208,0.0147947882736156,0.0049315960912052,0.0098631921824104,0.0394527687296416,0.0,0.0049315960912052,0.0,0.0,0.0,0.0,0.0,0.0,0.0049315960912052,0.0,0.0098631921824104,0.0,0.0,0.0098631921824104,0.0,0.0,0.0098631921824104,0.0049315960912052,0.0,0,,,,,,,,,,,,,,,,,,,,,,,,
0.0049315960912052,0.0,0.0147947882736156,0.0049315960912052,0.0542475570032573,0.0049315960912052,0.0098631921824104,0.0,0.0,0.0,0.0,0.0,0.0,0.0,0.0147947882736156,0.0147947882736156,0.0295895765472312,0.0049315960912052,0.0,0.0,0.0,0.0098631921824104,0.0049315960912052,0.0049315960912052,0,,,,,,,,,,,,,,,,,,,,,,,,
0.0147947882736156,0.0098631921824104,0.0098631921824104,0.0098631921824104,0.0443843648208469,0.0049315960912052,0.0049315960912052,0.0049315960912052,0.0,0.0,0.0,0.0,0.0,0.0,0.0,0.0147947882736156,0.1676742671009772,0.1331530944625407,0.0591791530944625,0.0049315960912052,0.0147947882736156,0.0049315960912052,0.0049315960912052,0.0641107491856677,0,,,,,,,,,,,,,,,,,,,,,,,,
0.0789055374592833,0.0295895765472312,0.0739739413680781,0.0147947882736156,0.0049315960912052,0.0147947882736156,0.0,0.0,0.0,0.0,0.0,0.0,0.0,0.0049315960912052,0.0,0.0049315960912052,0.024657980456026,0.0197263843648208,0.0197263843648208,0.0098631921824104,0.0049315960912052,0.0,0.0,0.0394527687296416,0,,,,,,,,,,,,,,,,,,,,,,,,
0.0443843648208469,0.0838371335504886,0.1084951140065146,0.0641107491856677,0.1282214983713355,0.0049315960912052,0.0,0.0147947882736156,0.0,0.0,0.0,0.0,0.0,0.0197263843648208,0.0098631921824104,0.0098631921824104,0.0,0.0098631921824104,0.024657980456026,0.0,0.0098631921824104,0.0049315960912052,0.0098631921824104,0.0098631921824104,0,,,,,,,,,,,,,,,,,,,,,,,,
0.0591791530944625,0.0345211726384364,0.1775374592833876,0.0887687296416938,0.0887687296416938,0.0098631921824104,0.0197263843648208,0.0,0.0,0.0,0.0,0.0,0.0,0.0197263843648208,0.024657980456026,0.0197263843648208,0.0049315960912052,0.0147947882736156,0.0,0.0,0.0,0.0,0.0049315960912052,0.024657980456026,0,,,,,,,,,,,,,,,,,,,,,,,,
0.0147947882736156,0.024657980456026,0.0,0.0049315960912052,0.0098631921824104,0.1775374592833876,0.1331530944625407,0.0049315960912052,0.0,0.0,0.0,0.0,0.0,0.0,0.0,0.0197263843648208,0.024657980456026,0.0049315960912052,0.0049315960912052,0.0394527687296416,0.0049315960912052,0.0443843648208469,0.024657980456026,0.0887687296416938,0,,,,,,,,,,,,,,,,,,,,,,,,
0.0049315960912052,0.0295895765472312,0.0443843648208469,0.0838371335504886,0.0789055374592833,0.0098631921824104,0.0197263843648208,0.0,0.0,0.0,0.0,0.0,0.0,0.0,0.0295895765472312,0.024657980456026,0.0542475570032573,0.0197263843648208,0.0098631921824104,0.0,0.0,0.0,0.0147947882736156,0.0147947882736156,0,,,,,,,,,,,,,,,,,,,,,,,,
0.093700325732899,0.0690423452768729,0.0,0.0147947882736156,0.0197263843648208,0.1035635179153094,0.0,0.0197263843648208,0.0,0.0,0.0,0.0,0.0,0.024657980456026,0.0197263843648208,0.0049315960912052,0.0098631921824104,0.0147947882736156,0.0,0.0,0.0,0.0049315960912052,0.0197263843648208,0.0147947882736156,0,,,,,,,,,,,,,,,,,,,,,,,,
0.0690423452768729,0.0147947882736156,0.0690423452768729,0.0739739413680781,0.0690423452768729,0.0147947882736156,0.0,0.0493159609120521,0.0,0.0,0.0,0.0,0.0,0.0147947882736156,0.0049315960912052,0.0049315960912052,0.0197263843648208,0.0049315960912052,0.0049315960912052,0.0,0.0542475570032573,0.0443843648208469,0.0098631921824104,0.0,0,,,,,,,,,,,,,,,,,,,,,,,,
0.0789055374592833,0.0345211726384364,0.0986319218241042,0.0197263843648208,0.0098631921824104,0.1134267100977198,0.0049315960912052,0.0,0.0049315960912052,0.0,0.0,0.0,0.0,0.0197263843648208,0.0049315960912052,0.0049315960912052,0.0295895765472312,0.0345211726384364,0.0641107491856677,0.0049315960912052,0.0,0.0443843648208469,0.0591791530944625,0.0147947882736156,0,,,,,,,,,,,,,,,,,,,,,,,,
0.0345211726384364,0.093700325732899,0.0739739413680781,0.1035635179153094,0.093700325732899,0.0197263843648208,0.0147947882736156,0.0,0.0,0.0,0.0,0.0049315960912052,0.0,0.0295895765472312,0.0,0.0,0.0049315960912052,0.024657980456026,0.0197263843648208,0.0147947882736156,0.0098631921824104,0.0,0.0295895765472312,0.024657980456026,0,,,,,,,,,,,,,,,,,,,,,,,,
0.1232899022801302,0.0394527687296416,0.0,0.0493159609120521,0.1035635179153094,0.0542475570032573,0.0147947882736156,0.0,0.0,0.0,0.0,0.0,0.0,0.0197263843648208,0.0049315960912052,0.0,0.0049315960912052,0.0295895765472312,0.0197263843648208,0.0098631921824104,0.0098631921824104,0.0443843648208469,0.0394527687296416,0.0443843648208469,0,,,,,,,,,,,,,,,,,,,,,,,,
0.0591791530944625,0.0,0.0147947882736156,0.1084951140065146,0.1430162866449511,0.0049315960912052,0.0197263843648208,0.0098631921824104,0.0,0.0493159609120521,0.0,0.0,0.0197263843648208,0.0,0.0147947882736156,0.024657980456026,0.0147947882736156,0.0197263843648208,0.0147947882736156,0.0,0.0147947882736156,0.0098631921824104,0.0295895765472312,0.1232899022801302,0,,,,,,,,,,,,,,,,,,,,,,,,
0.0147947882736156,0.0049315960912052,0.1578110749185667,0.0887687296416938,0.0147947882736156,0.0147947882736156,0.0098631921824104,0.0,0.0,0.0197263843648208,0.0,0.0,0.0,0.0049315960912052,0.0542475570032573,0.0394527687296416,0.0345211726384364,0.0739739413680781,0.0098631921824104,0.024657980456026,0.0394527687296416,0.0049315960912052,0.0197263843648208,0.024657980456026,0,,,,,,,,,,,,,,,,,,,,,,,,
0.0641107491856677,0.0147947882736156,0.1380846905537459,0.2219218241042345,0.0443843648208469,0.0147947882736156,0.0295895765472312,0.0,0.0,0.0,0.0,0.0,0.0,0.0049315960912052,0.0394527687296416,0.0295895765472312,0.0197263843648208,0.0493159609120521,0.0197263843648208,0.0295895765472312,0.0493159609120521,0.0098631921824104,0.024657980456026,0.0394527687296416,0,,,,,,,,,,,,,,,,,,,,,,,,
0.0197263843648208,0.0690423452768729,0.1232899022801302,0.0542475570032573,0.0098631921824104,0.1084951140065146,0.0049315960912052,0.0,0.0,0.0,0.0,0.0,0.0,0.0394527687296416,0.0197263843648208,0.0049315960912052,0.0443843648208469,0.0147947882736156,0.0049315960912052,0.0542475570032573,0.0345211726384364,0.0295895765472312,0.024657980456026,0.024657980456026,0,,,,,,,,,,,,,,,,,,,,,,,,
0.0147947882736156,0.0838371335504886,0.0641107491856677,0.1282214983713355,0.0,0.0591791530944625,0.024657980456026,0.0,0.0,0.0,0.0,0.0,0.0098631921824104,0.0197263843648208,0.0493159609120521,0.0838371335504886,0.0542475570032573,0.0,0.024657980456026,0.0295895765472312,0.0,0.0098631921824104,0.0147947882736156,0.0295895765472312,0,,,,,,,,,,,,,,,,,,,,,,,,
0.0394527687296416,0.0147947882736156,0.0887687296416938,0.0542475570032573,0.1035635179153094,0.0098631921824104,0.024657980456026,0.0,0.0098631921824104,0.0,0.0,0.0,0.0098631921824104,0.0591791530944625,0.0493159609120521,0.0295895765472312,0.0147947882736156,0.0493159609120521,0.0295895765472312,0.0,0.024657980456026,0.0,0.0197263843648208,0.0295895765472312,0,,,,,,,,,,,,,,,,,,,,,,,,
0.0986319218241042,0.0739739413680781,0.1775374592833876,0.1331530944625407,0.0049315960912052,0.0147947882736156,0.0098631921824104,0.0,0.0049315960912052,0.0,0.0,0.0,0.0,0.024657980456026,0.0394527687296416,0.0443843648208469,0.0147947882736156,0.0394540716612377,0.0838371335504886,0.0542475570032573,0.0,0.0098631921824104,0.0443843648208469,0.0197263843648208,0,,,,,,,,,,,,,,,,,,,,,,,,
0.0098631921824104,0.1430162866449511,0.024657980456026,0.162742671009772,0.0049315960912052,0.024657980456026,0.0,0.0,0.0,0.0,0.0,0.0,0.0,0.0295895765472312,0.024657980456026,0.0345211726384364,0.024657980456026,0.0641107491856677,0.0098631921824104,0.0,0.0147947882736156,0.0,0.0493159609120521,0.0887687296416938,0,,,,,,,,,,,,,,,,,,,,,,,,
0.0,0.0098631921824104,0.0147947882736156,0.1134267100977198,0.0345211726384364,0.0197263843648208,0.0,0.0,0.0,0.0197263843648208,0.0,0.0,0.0,0.0049315960912052,0.0542475570032573,0.0394527687296416,0.0641107491856677,0.0542475570032573,0.0147947882736156,0.0049315960912052,0.0049315960912052,0.0887687296416938,0.0098631921824104,0.0394527687296416,0,,,,,,,,,,,,,,,,,,,,,,,,
0.0295895765472312,0.0493159609120521,0.0443843648208469,0.1528794788273615,0.0789055374592833,0.0295895765472312,0.0,0.0,0.0,0.0,0.0098631921824104,0.0098631921824104,0.0295895765472312,0.024657980456026,0.0098631921824104,0.0,0.024657980456026,0.0098631921824104,0.0197263843648208,0.0098631921824104,0.0049315960912052,0.0049315960912052,0.0147947882736156,0.0049315960912052,0,,,,,,,,,,,,,,,,,,,,,,,,
0.0591791530944625,0.0789055374592833,0.093700325732899,0.0,0.0098631921824104,0.0197263843648208,0.0049315960912052,0.0,0.0,0.0,0.0,0.0,0.0,0.0295895765472312,0.0098631921824104,0.0098631921824104,0.0049315960912052,0.0197263843648208,0.0295895765472312,0.0,0.0345211726384364,0.0049315960912052,0.024657980456026,0.0443843648208469,0,,,,,,,,,,,,,,,,,,,,,,,,
0.0147947882736156,0.0147947882736156,0.1232899022801302,0.093700325732899,0.0197263843648208,0.0197263843648208,0.0,0.0,0.0,0.0,0.0,0.0,0.0,0.0295895765472312,0.0049315960912052,0.024657980456026,0.0049315960912052,0.0,0.0,0.0,0.0,0.0147947882736156,0.0147947882736156,0.0049315960912052,0,,,,,,,,,,,,,,,,,,,,,,,,
0.0098631921824104,0.0147947882736156,0.0739739413680781,0.1430162866449511,0.0394527687296416,0.0197263843648208,0.0098631921824104,0.0,0.0,0.0049315960912052,0.0,0.0,0.0,0.0147947882736156,0.0345211726384364,0.0345211726384364,0.0049315960912052,0.0098631921824104,0.0,0.0,0.0049315960912052,0.0147947882736156,0.0,0.0542475570032573,0,,,,,,,,,,,,,,,,,,,,,,,,
0.0641107491856677,0.0443843648208469,0.0986319218241042,0.0838371335504886,0.0,0.0147947882736156,0.0493159609120521,0.0,0.0,0.0,0.0,0.0,0.0,0.0,0.0049315960912052,0.0394527687296416,0.0542475570032573,0.0049315960912052,0.0,0.0147947882736156,0.0049315960912052,0.0345211726384364,0.0887687296416938,0.0591791530944625,0,,,,,,,,,,,,,,,,,,,,,,,,
0.0147947882736156,0.0641107491856677,0.093700325732899,0.1035635179153094,0.0394527687296416,0.0049315960912052,0.0147947882736156,0.0,0.0,0.0,0.0,0.0,0.0,0.0197263843648208,0.0098631921824104,0.0197263843648208,0.0147947882736156,0.0493159609120521,0.0493159609120521,0.0295895765472312,0.0049315960912052,0.0,0.0147947882736156,0.0197263843648208,0,,,,,,,,,,,,,,,,,,,,,,,,
0.0493159609120521,0.0197263843648208,0.0591791530944625,0.0641107491856677,0.0789055374592833,0.0,0.0345211726384364,0.0049315960912052,0.0,0.0,0.0,0.0,0.0,0.0147947882736156,0.0,0.0197263843648208,0.0049315960912052,0.0098631921824104,0.0,0.0049315960912052,0.0,0.0049315960912052,0.0197263843648208,0.0591791530944625,0,,,,,,,,,,,,,,,,,,,,,,,,
0.0295895765472312,0.0838371335504886,0.0394527687296416,0.118358306188925,0.0049315960912052,0.0,0.0739739413680781,0.0049315960912052,0.0049315960912052,0.0,0.0,0.0,0.0,0.0197263843648208,0.0049315960912052,0.0,0.0197263843648208,0.0147947882736156,0.0345211726384364,0.0493159609120521,0.0,0.0,0.0098631921824104,0.0394527687296416,0,,,,,,,,,,,,,,,,,,,,,,,,
0.0443843648208469,0.0147947882736156,0.0493159609120521,0.0591791530944625,0.1035635179153094,0.0443843648208469,0.0197263843648208,0.0,0.0,0.0,0.0,0.0,0.0,0.0197263843648208,0.0049315960912052,0.0049315960912052,0.0295895765472312,0.0197263843648208,0.0049315960912052,0.0147947882736156,0.0,0.0049315960912052,0.0493159609120521,0.0147947882736156,0,,,,,,,,,,,,,,,,,,,,,,,,
0.0049315960912052,0.0739739413680781,0.093700325732899,0.118358306188925,0.0098631921824104,0.0098631921824104,0.0,0.0,0.0,0.0,0.0,0.0,0.0,0.0049315960912052,0.0049315960912052,0.0295895765472312,0.0147947882736156,0.0197263843648208,0.0,0.0049315960912052,0.0049315960912052,0.0,0.0098631921824104,0.0789055374592833,0,,,,,,,,,,,,,,,,,,,,,,,,
0.024657980456026,0.1134267100977198,0.0641107491856677,0.0,0.0641107491856677,0.0,0.0098631921824104,0.0,0.0,0.0,0.0,0.0,0.0,0.0,0.024657980456026,0.024657980456026,0.0049315960912052,0.0049315960912052,0.0,0.0,0.0,0.0049315960912052,0.0098631921824104,0.0049315960912052,0,,,,,,,,,,,,,,,,,,,,,,,,
0.0098631921824104,0.0197263843648208,0.0739739413680781,0.0887687296416938,0.0049315960912052,0.0,0.0197263843648208,0.0,0.0,0.0,0.0049315960912052,0.0,0.0,0.0,0.0,0.0098631921824104,0.0197263843648208,0.0542475570032573,0.0,0.0,0.0,0.0,0.0,0.0,0,,,,,,,,,,,,,,,,,,,,,,,,
0.0,0.0,0.0295895765472312,0.0838371335504886,0.0986319218241042,0.0,0.0,0.0098631921824104,0.0,0.0,0.0,0.0,0.0,0.0,0.0098631921824104,0.0,0.0,0.0197263843648208,0.024657980456026,0.0049315960912052,0.0049315960912052,0.0,0.0,0.0739739413680781,0,,,,,,,,,,,,,,,,,,,,,,,,
0.0345211726384364,0.0098631921824104,0.0739739413680781,0.0542475570032573,0.0789055374592833,0.024657980456026,0.0493159609120521,0.0049315960912052,0.0,0.0,0.0,0.0,0.0,0.0049315960912052,0.0147947882736156,0.0443843648208469,0.0049315960912052,0.0147947882736156,0.0345211726384364,0.0443843648208469,0.0098631921824104,0.0295895765472312,0.0049315960912052,0.0394527687296416,0,,,,,,,,,,,,,,,,,,,,,,,,
0.118358306188925,0.0394527687296416,0.0789055374592833,0.0887687296416938,0.0690423452768729,0.0098631921824104,0.0197263843648208,0.0,0.0,0.0,0.0,0.0,0.0,0.024657980456026,0.0049315960912052,0.0197263843648208,0.0147947882736156,0.0049315960912052,0.0098631921824104,0.0,0.0,0.0049315960912052,0.0197263843648208,0.0739739413680781,46,,,,,,,,,,,,,,,,,,,,,,,,
0.024657980456026,0.0739739413680781,0.0690423452768729,0.1331530944625407,0.024657980456026,0.0493159609120521,0.0049315960912052,0.0098631921824104,0.0,0.0,0.0,0.0,0.0,0.0295895765472312,0.0,0.0,0.0197263843648208,0.024657980456026,0.0049315960912052,0.0,0.0,0.0098631921824104,0.0,0.0197263843648208,0,,,,,,,,,,,,,,,,,,,,,,,,
0.0493159609120521,0.0049315960912052,0.0838371335504886,0.118358306188925,0.0295895765472312,0.0197263843648208,0.0049315960912052,0.0,0.0,0.0,0.0,0.0049315960912052,0.0,0.0197263843648208,0.0049315960912052,0.0049315960912052,0.0197263843648208,0.0147947882736156,0.0098631921824104,0.0591791530944625,0.0197263843648208,0.0049315960912052,0.0098631921824104,0.0147947882736156,0,,,,,,,,,,,,,,,,,,,,,,,,
0.0542475570032573,0.0098631921824104,0.0887687296416938,0.0345211726384364,0.1380846905537459,0.0147947882736156,0.0147947882736156,0.0049315960912052,0.0,0.0,0.0,0.0,0.0,0.0,0.0,0.0493159609120521,0.0098631921824104,0.0,0.0295895765472312,0.0493159609120521,0.0147947882736156,0.0098631921824104,0.0098631921824104,0.0,0,,,,,,,,,,,,,,,,,,,,,,,,
0.0394527687296416,0.0,0.0,0.0,0.0986319218241042,0.0098631921824104,0.0,0.0,0.0147947882736156,0.0,0.0,0.0,0.0,0.0,0.0197263843648208,0.0394527687296416,0.0986319218241042,0.0591791530944625,0.0542475570032573,0.0690423452768729,0.0542475570032573,0.0443843648208469,0.0049315960912052,0.0,0,,,,,,,,,,,,,,,,,,,,,,,,
0.0,0.0,0.0591791530944625,0.0542475570032573,0.0739739413680781,0.0,0.0394527687296416,0.0,0.0,0.0,0.0,0.0,0.0,0.0295895765472312,0.0098631921824104,0.0,0.0098631921824104,0.0197263843648208,0.0098631921824104,0.0,0.0049315960912052,0.0049315960912052,0.024657980456026,0.0147947882736156,0,,,,,,,,,,,,,,,,,,,,,,,,
0.0838371335504886,0.024657980456026,0.1232899022801302,0.0641107491856677,0.0,0.0049315960912052,0.0197263843648208,0.0,0.0,0.0,0.0,0.0,0.0,0.0295895765472312,0.0,0.0394527687296416,0.0,0.0098631921824104,0.0,0.0049315960912052,0.0049315960912052,0.0147947882736156,0.0098631921824104,0.0345211726384364,39,,,,,,,,,,,,,,,,,,,,,,,,
0.0443843648208469,0.0147947882736156,0.0789055374592833,0.1578110749185667,0.0197263843648208,0.0049315960912052,0.0049315960912052,0.0,0.0,0.0,0.0049315960912052,0.0,0.0,0.024657980456026,0.0,0.0,0.0295895765472312,0.024657980456026,0.0542475570032573,0.0049315960912052,0.024657980456026,0.0,0.0197263843648208,0.0493159609120521,0,,,,,,,,,,,,,,,,,,,,,,,,
0.1578110749185667,0.0049315960912052,0.0049315960912052,0.0098631921824104,0.0049315960912052,0.0789055374592833,0.0838371335504886,0.0049315960912052,0.0,0.0,0.0,0.0,0.0,0.024657980456026,0.0049315960912052,0.0098631921824104,0.024657980456026,0.0098631921824104,0.0049315960912052,0.0049315960912052,0.0049315960912052,0.0049315960912052,0.0197263843648208,0.0049315960912052,46,,,,,,,,,,,,,,,,,,,,,,,,
0.0493159609120521,0.0049315960912052,0.0789055374592833,0.0049315960912052,0.0542475570032573,0.0591791530944625,0.0098631921824104,0.0,0.0,0.0,0.0,0.0098631921824104,0.0,0.024657980456026,0.0,0.024657980456026,0.0098631921824104,0.0098631921824104,0.0098631921824104,0.0049315960912052,0.0147947882736156,0.0098631921824104,0.0098631921824104,0.0098631921824104,0,,,,,,,,,,,,,,,,,,,,,,,,
0.0147947882736156,0.0147947882736156,0.0838371335504886,0.0197263843648208,0.1923322475570032,0.0049315960912052,0.0147947882736156,0.0,0.0,0.0,0.0,0.0,0.0,0.0,0.0098631921824104,0.0394527687296416,0.024657980456026,0.0147947882736156,0.0098631921824104,0.0739739413680781,0.0098631921824104,0.0394527687296416,0.0493159609120521,0.0542475570032573,0,,,,,,,,,,,,,,,,,,,,,,,,
0.0147947882736156,0.0197263843648208,0.1282214983713355,0.0887687296416938,0.0,0.0,0.0147947882736156,0.0,0.0098631921824104,0.0,0.0,0.0,0.0,0.0,0.0098631921824104,0.0,0.0345211726384364,0.0049315960912052,0.0739739413680781,0.0789055374592833,0.0690423452768729,0.024657980456026,0.0443843648208469,0.0098631921824104,0,,,,,,,,,,,,,,,,,,,,,,,,
0.0049315960912052,0.0098631921824104,0.0887687296416938,0.0690423452768729,0.0345211726384364,0.0591791530944625,0.0147947882736156,0.0,0.0,0.0,0.0,0.0,0.0,0.024657980456026,0.0,0.0,0.0690423452768729,0.0345211726384364,0.0542475570032573,0.0098631921824104,0.0049315960912052,0.0147947882736156,0.0098631921824104,0.0049315960912052,0,,,,,,,,,,,,,,,,,,,,,,,,
0.0591791530944625,0.0098631921824104,0.0887687296416938,0.0838371335504886,0.1134267100977198,0.0049315960912052,0.0,0.0098631921824104,0.0,0.0,0.0,0.0,0.0,0.0197263843648208,0.0197263843648208,0.0147947882736156,0.0049315960912052,0.0098631921824104,0.0,0.0,0.0,0.0,0.0,0.0345211726384364,39,,,,,,,,,,,,,,,,,,,,,,,,
0.0197263843648208,0.093700325732899,0.0098631921824104,0.1972638436482084,0.0443843648208469,0.0098631921824104,0.0,0.0,0.0,0.0,0.0,0.0,0.0,0.0295895765472312,0.0049315960912052,0.0,0.024657980456026,0.0,0.0,0.0098631921824104,0.0,0.0,0.0098631921824104,0.0147947882736156,0,,,,,,,,,,,,,,,,,,,,,,,,
0.0098631921824104,0.0443843648208469,0.0690423452768729,0.0443843648208469,0.118358306188925,0.0049315960912052,0.0147947882736156,0.0,0.0,0.0,0.0,0.0,0.0,0.0197263843648208,0.0147947882736156,0.0147947882736156,0.0147947882736156,0.0443843648208469,0.0049315960912052,0.0049315960912052,0.0,0.0,0.0443843648208469,0.0197263843648208,0,,,,,,,,,,,,,,,,,,,,,,,,
0.0443843648208469,0.0049315960912052,0.0197263843648208,0.0591791530944625,0.1331530944625407,0.0098631921824104,0.0147947882736156,0.0,0.0,0.0,0.0,0.0049315960912052,0.0,0.0147947882736156,0.0,0.0295895765472312,0.0098631921824104,0.0394527687296416,0.0049315960912052,0.0098631921824104,0.0049315960912052,0.0,0.0098631921824104,0.0,0,,,,,,,,,,,,,,,,,,,,,,,,
0.0591791530944625,0.0493159609120521,0.0049315960912052,0.0690423452768729,0.0838371335504886,0.0739739413680781,0.0098631921824104,0.0,0.0,0.0,0.0,0.0,0.0098631921824104,0.0098631921824104,0.0049315960912052,0.0147947882736156,0.0295895765472312,0.0789055374592833,0.0049315960912052,0.0197263843648208,0.0443843648208469,0.0147947882736156,0.0098631921824104,0.0,46,,,,,,,,,,,,,,,,,,,,,,,,
0.0838371335504886,0.0049315960912052,0.1430162866449511,0.1676742671009772,0.0147947882736156,0.0,0.0147947882736156,0.0,0.0,0.0,0.0,0.0,0.0,0.0,0.0049315960912052,0.0295895765472312,0.0197263843648208,0.0049315960912052,0.0,0.0098631921824104,0.0591791530944625,0.024657980456026,0.0,0.0,39,,,,,,,,,,,,,,,,,,,,,,,,
0.0,0.0,0.0542475570032573,0.0986319218241042,0.0,0.0,0.0147947882736156,0.0098631921824104,0.0049315960912052,0.0,0.0,0.0,0.0049315960912052,0.0,0.0,0.024657980456026,0.0493159609120521,0.0641107491856677,0.0443843648208469,0.024657980456026,0.0049315960912052,0.0,0.0,0.0147947882736156,0,,,,,,,,,,,,,,,,,,,,,,,,
0.0887687296416938,0.1430162866449511,0.2268534201954397,0.0295895765472312,0.0690423452768729,0.0838371335504886,0.0098631921824104,0.0049315960912052,0.0,0.0,0.0049315960912052,0.0,0.0,0.0147947882736156,0.0049315960912052,0.0197263843648208,0.0098631921824104,0.0,0.0,0.0,0.0,0.0,0.0197263843648208,0.0049315960912052,39,,,,,,,,,,,,,,,,,,,,,,,,
0.0,0.0,0.0,0.0,0.0542475570032573,0.0049315960912052,0.0,0.0,0.0,0.0,0.0,0.0,0.0,0.0,0.0147947882736156,0.0197263843648208,0.0098631921824104,0.0,0.0,0.0098631921824104,0.0098631921824104,0.0,0.0,0.0,0,,,,,,,,,,,,,,,,,,,,,,,,
0.0098631921824104,0.0098631921824104,0.0049315960912052,0.0690423452768729,0.0147947882736156,0.0,0.0,0.0,0.0,0.0,0.0,0.0,0.0,0.0,0.0049315960912052,0.0098631921824104,0.0,0.0147947882736156,0.0049315960912052,0.0098631921824104,0.0,0.0,0.0147947882736156,0.0197263843648208,0,,,,,,,,,,,,,,,,,,,,,,,,
0.0147947882736156,0.0049315960912052,0.0394527687296416,0.0,0.0098631921824104,0.0049315960912052,0.0,0.0049315960912052,0.0,0.0,0.0049315960912052,0.0,0.0,0.0,0.0098631921824104,0.0098631921824104,0.0147947882736156,0.0049315960912052,0.0,0.0098631921824104,0.0049315960912052,0.0098631921824104,0.0,0.0,0,,,,,,,,,,,,,,,,,,,,,,,,
0.0147947882736156,0.0197263843648208,0.0,0.0443843648208469,0.0049315960912052,0.0049315960912052,0.0049315960912052,0.0,0.0,0.0,0.0,0.0,0.0,0.0,0.0147947882736156,0.0,0.0098631921824104,0.0,0.0049315960912052,0.0098631921824104,0.0049315960912052,0.0049315960912052,0.0,0.0049315960912052,0,,,,,,,,,,,,,,,,,,,,,,,,
0.0197263843648208,0.0147947882736156,0.0049315960912052,0.0098631921824104,0.0394527687296416,0.0,0.0049315960912052,0.0,0.0,0.0,0.0,0.0,0.0,0.0049315960912052,0.0,0.0098631921824104,0.0,0.0,0.0098631921824104,0.0,0.0,0.0098631921824104,0.0049315960912052,0.0,0,,,,,,,,,,,,,,,,,,,,,,,,
0.0049315960912052,0.0,0.0147947882736156,0.0049315960912052,0.0542475570032573,0.0049315960912052,0.0098631921824104,0.0,0.0,0.0,0.0,0.0,0.0,0.0,0.0147947882736156,0.0147947882736156,0.0295895765472312,0.0049315960912052,0.0,0.0,0.0,0.0098631921824104,0.0049315960912052,0.0049315960912052,0,,,,,,,,,,,,,,,,,,,,,,,,
0.0147947882736156,0.0098631921824104,0.0098631921824104,0.0098631921824104,0.0443843648208469,0.0049315960912052,0.0049315960912052,0.0049315960912052,0.0,0.0,0.0,0.0,0.0,0.0,0.0,0.0147947882736156,0.1676742671009772,0.1331530944625407,0.0591791530944625,0.0049315960912052,0.0147947882736156,0.0049315960912052,0.0049315960912052,0.0641107491856677,0,,,,,,,,,,,,,,,,,,,,,,,,
0.0789055374592833,0.0295895765472312,0.0739739413680781,0.0147947882736156,0.0049315960912052,0.0147947882736156,0.0,0.0,0.0,0.0,0.0,0.0,0.0,0.0049315960912052,0.0,0.0049315960912052,0.024657980456026,0.0197263843648208,0.0197263843648208,0.0098631921824104,0.0049315960912052,0.0,0.0,0.0394527687296416,0,,,,,,,,,,,,,,,,,,,,,,,,
0.0443843648208469,0.0838371335504886,0.1084951140065146,0.0641107491856677,0.1282214983713355,0.0049315960912052,0.0,0.0147947882736156,0.0,0.0,0.0,0.0,0.0,0.0197263843648208,0.0098631921824104,0.0098631921824104,0.0,0.0098631921824104,0.024657980456026,0.0,0.0098631921824104,0.0049315960912052,0.0098631921824104,0.0098631921824104,39,,,,,,,,,,,,,,,,,,,,,,,,
0.0591791530944625,0.0345211726384364,0.1775374592833876,0.0887687296416938,0.0887687296416938,0.0098631921824104,0.0197263843648208,0.0,0.0,0.0,0.0,0.0,0.0,0.0197263843648208,0.024657980456026,0.0197263843648208,0.0049315960912052,0.0147947882736156,0.0,0.0,0.0,0.0,0.0049315960912052,0.024657980456026,39,,,,,,,,,,,,,,,,,,,,,,,,
0.0147947882736156,0.024657980456026,0.0,0.0049315960912052,0.0098631921824104,0.1775374592833876,0.1331530944625407,0.0049315960912052,0.0,0.0,0.0,0.0,0.0,0.0,0.0,0.0197263843648208,0.024657980456026,0.0049315960912052,0.0049315960912052,0.0394527687296416,0.0049315960912052,0.0443843648208469,0.024657980456026,0.0887687296416938,46,,,,,,,,,,,,,,,,,,,,,,,,
0.0049315960912052,0.0295895765472312,0.0443843648208469,0.0838371335504886,0.0789055374592833,0.0098631921824104,0.0197263843648208,0.0,0.0,0.0,0.0,0.0,0.0,0.0,0.0295895765472312,0.024657980456026,0.0542475570032573,0.0197263843648208,0.0098631921824104,0.0,0.0,0.0,0.0147947882736156,0.0147947882736156,0,,,,,,,,,,,,,,,,,,,,,,,,
0.093700325732899,0.0690423452768729,0.0,0.0147947882736156,0.0197263843648208,0.1035635179153094,0.0,0.0197263843648208,0.0,0.0,0.0,0.0,0.0,0.024657980456026,0.0197263843648208,0.0049315960912052,0.0098631921824104,0.0147947882736156,0.0,0.0,0.0,0.0049315960912052,0.0197263843648208,0.0147947882736156,46,,,,,,,,,,,,,,,,,,,,,,,,
0.0690423452768729,0.0147947882736156,0.0690423452768729,0.0739739413680781,0.0690423452768729,0.0147947882736156,0.0,0.0493159609120521,0.0,0.0,0.0,0.0,0.0,0.0147947882736156,0.0049315960912052,0.0049315960912052,0.0197263843648208,0.0049315960912052,0.0049315960912052,0.0,0.0542475570032573,0.0443843648208469,0.0098631921824104,0.0,0,,,,,,,,,,,,,,,,,,,,,,,,
0.0789055374592833,0.0345211726384364,0.0986319218241042,0.0197263843648208,0.0098631921824104,0.1134267100977198,0.0049315960912052,0.0,0.0049315960912052,0.0,0.0,0.0,0.0,0.0197263843648208,0.0049315960912052,0.0049315960912052,0.0295895765472312,0.0345211726384364,0.0641107491856677,0.0049315960912052,0.0,0.0443843648208469,0.0591791530944625,0.0147947882736156,46,,,,,,,,,,,,,,,,,,,,,,,,
0.0345211726384364,0.093700325732899,0.0739739413680781,0.1035635179153094,0.093700325732899,0.0197263843648208,0.0147947882736156,0.0,0.0,0.0,0.0,0.0049315960912052,0.0,0.0295895765472312,0.0,0.0,0.0049315960912052,0.024657980456026,0.0197263843648208,0.0147947882736156,0.0098631921824104,0.0,0.0295895765472312,0.024657980456026,0,,,,,,,,,,,,,,,,,,,,,,,,
0.1232899022801302,0.0394527687296416,0.0,0.0493159609120521,0.1035635179153094,0.0542475570032573,0.0147947882736156,0.0,0.0,0.0,0.0,0.0,0.0,0.0197263843648208,0.0049315960912052,0.0,0.0049315960912052,0.0295895765472312,0.0197263843648208,0.0098631921824104,0.0098631921824104,0.0443843648208469,0.0394527687296416,0.0443843648208469,46,,,,,,,,,,,,,,,,,,,,,,,,
0.0591791530944625,0.0,0.0147947882736156,0.1084951140065146,0.1430162866449511,0.0049315960912052,0.0197263843648208,0.0098631921824104,0.0,0.0493159609120521,0.0,0.0,0.0197263843648208,0.0,0.0147947882736156,0.024657980456026,0.0147947882736156,0.0197263843648208,0.0147947882736156,0.0,0.0147947882736156,0.0098631921824104,0.0295895765472312,0.1232899022801302,46,,,,,,,,,,,,,,,,,,,,,,,,
0.0147947882736156,0.0049315960912052,0.1578110749185667,0.0887687296416938,0.0147947882736156,0.0147947882736156,0.0098631921824104,0.0,0.0,0.0197263843648208,0.0,0.0,0.0,0.0049315960912052,0.0542475570032573,0.0394527687296416,0.0345211726384364,0.0739739413680781,0.0098631921824104,0.024657980456026,0.0394527687296416,0.0049315960912052,0.0197263843648208,0.024657980456026,39,,,,,,,,,,,,,,,,,,,,,,,,
0.0641107491856677,0.0147947882736156,0.1380846905537459,0.2219218241042345,0.0443843648208469,0.0147947882736156,0.0295895765472312,0.0,0.0,0.0,0.0,0.0,0.0,0.0049315960912052,0.0394527687296416,0.0295895765472312,0.0197263843648208,0.0493159609120521,0.0197263843648208,0.0295895765472312,0.0493159609120521,0.0098631921824104,0.024657980456026,0.0394527687296416,39,,,,,,,,,,,,,,,,,,,,,,,,
0.0197263843648208,0.0690423452768729,0.1232899022801302,0.0542475570032573,0.0098631921824104,0.1084951140065146,0.0049315960912052,0.0,0.0,0.0,0.0,0.0,0.0,0.0394527687296416,0.0197263843648208,0.0049315960912052,0.0443843648208469,0.0147947882736156,0.0049315960912052,0.0542475570032573,0.0345211726384364,0.0295895765472312,0.024657980456026,0.024657980456026,0,,,,,,,,,,,,,,,,,,,,,,,,
0.0147947882736156,0.0838371335504886,0.0641107491856677,0.1282214983713355,0.0,0.0591791530944625,0.024657980456026,0.0,0.0,0.0,0.0,0.0,0.0098631921824104,0.0197263843648208,0.0493159609120521,0.0838371335504886,0.0542475570032573,0.0,0.024657980456026,0.0295895765472312,0.0,0.0098631921824104,0.0147947882736156,0.0295895765472312,0,,,,,,,,,,,,,,,,,,,,,,,,
0.0394527687296416,0.0147947882736156,0.0887687296416938,0.0542475570032573,0.1035635179153094,0.0098631921824104,0.024657980456026,0.0,0.0098631921824104,0.0,0.0,0.0,0.0098631921824104,0.0591791530944625,0.0493159609120521,0.0295895765472312,0.0147947882736156,0.0493159609120521,0.0295895765472312,0.0,0.024657980456026,0.0,0.0197263843648208,0.0295895765472312,0,,,,,,,,,,,,,,,,,,,,,,,,
0.0986319218241042,0.0739739413680781,0.1775374592833876,0.1331530944625407,0.0049315960912052,0.0147947882736156,0.0098631921824104,0.0,0.0049315960912052,0.0,0.0,0.0,0.0,0.024657980456026,0.0394527687296416,0.0443843648208469,0.0147947882736156,0.0394540716612377,0.0838371335504886,0.0542475570032573,0.0,0.0098631921824104,0.0443843648208469,0.0197263843648208,39,,,,,,,,,,,,,,,,,,,,,,,,
0.0098631921824104,0.1430162866449511,0.024657980456026,0.162742671009772,0.0049315960912052,0.024657980456026,0.0,0.0,0.0,0.0,0.0,0.0,0.0,0.0295895765472312,0.024657980456026,0.0345211726384364,0.024657980456026,0.0641107491856677,0.0098631921824104,0.0,0.0147947882736156,0.0,0.0493159609120521,0.0887687296416938,0,,,,,,,,,,,,,,,,,,,,,,,,
0.0,0.0098631921824104,0.0147947882736156,0.1134267100977198,0.0345211726384364,0.0197263843648208,0.0,0.0,0.0,0.0197263843648208,0.0,0.0,0.0,0.0049315960912052,0.0542475570032573,0.0394527687296416,0.0641107491856677,0.0542475570032573,0.0147947882736156,0.0049315960912052,0.0049315960912052,0.0887687296416938,0.0098631921824104,0.0394527687296416,0,,,,,,,,,,,,,,,,,,,,,,,,
0.0295895765472312,0.0493159609120521,0.0443843648208469,0.1528794788273615,0.0789055374592833,0.0295895765472312,0.0,0.0,0.0,0.0,0.0098631921824104,0.0098631921824104,0.0295895765472312,0.024657980456026,0.0098631921824104,0.0,0.024657980456026,0.0098631921824104,0.0197263843648208,0.0098631921824104,0.0049315960912052,0.0049315960912052,0.0147947882736156,0.0049315960912052,0,,,,,,,,,,,,,,,,,,,,,,,,
0.0591791530944625,0.0789055374592833,0.093700325732899,0.0,0.0098631921824104,0.0197263843648208,0.0049315960912052,0.0,0.0,0.0,0.0,0.0,0.0,0.0295895765472312,0.0098631921824104,0.0098631921824104,0.0049315960912052,0.0197263843648208,0.0295895765472312,0.0,0.0345211726384364,0.0049315960912052,0.024657980456026,0.0443843648208469,0,,,,,,,,,,,,,,,,,,,,,,,,
0.0147947882736156,0.0147947882736156,0.1232899022801302,0.093700325732899,0.0197263843648208,0.0197263843648208,0.0,0.0,0.0,0.0,0.0,0.0,0.0,0.0295895765472312,0.0049315960912052,0.024657980456026,0.0049315960912052,0.0,0.0,0.0,0.0,0.0147947882736156,0.0147947882736156,0.0049315960912052,0,,,,,,,,,,,,,,,,,,,,,,,,
0.0098631921824104,0.0147947882736156,0.0739739413680781,0.1430162866449511,0.0394527687296416,0.0197263843648208,0.0098631921824104,0.0,0.0,0.0049315960912052,0.0,0.0,0.0,0.0147947882736156,0.0345211726384364,0.0345211726384364,0.0049315960912052,0.0098631921824104,0.0,0.0,0.0049315960912052,0.0147947882736156,0.0,0.0542475570032573,0,,,,,,,,,,,,,,,,,,,,,,,,
0.0641107491856677,0.0443843648208469,0.0986319218241042,0.0838371335504886,0.0,0.0147947882736156,0.0493159609120521,0.0,0.0,0.0,0.0,0.0,0.0,0.0,0.0049315960912052,0.0394527687296416,0.0542475570032573,0.0049315960912052,0.0,0.0147947882736156,0.0049315960912052,0.0345211726384364,0.0887687296416938,0.0591791530944625,0,,,,,,,,,,,,,,,,,,,,,,,,
0.0147947882736156,0.0641107491856677,0.093700325732899,0.1035635179153094,0.0394527687296416,0.0049315960912052,0.0147947882736156,0.0,0.0,0.0,0.0,0.0,0.0,0.0197263843648208,0.0098631921824104,0.0197263843648208,0.0147947882736156,0.0493159609120521,0.0493159609120521,0.0295895765472312,0.0049315960912052,0.0,0.0147947882736156,0.0197263843648208,0,,,,,,,,,,,,,,,,,,,,,,,,
0.0493159609120521,0.0197263843648208,0.0591791530944625,0.0641107491856677,0.0789055374592833,0.0,0.0345211726384364,0.0049315960912052,0.0,0.0,0.0,0.0,0.0,0.0147947882736156,0.0,0.0197263843648208,0.0049315960912052,0.0098631921824104,0.0,0.0049315960912052,0.0,0.0049315960912052,0.0197263843648208,0.0591791530944625,0,,,,,,,,,,,,,,,,,,,,,,,,
0.0295895765472312,0.0838371335504886,0.0394527687296416,0.118358306188925,0.0049315960912052,0.0,0.0739739413680781,0.0049315960912052,0.0049315960912052,0.0,0.0,0.0,0.0,0.0197263843648208,0.0049315960912052,0.0,0.0197263843648208,0.0147947882736156,0.0345211726384364,0.0493159609120521,0.0,0.0,0.0098631921824104,0.0394527687296416,0,,,,,,,,,,,,,,,,,,,,,,,,
0.0443843648208469,0.0147947882736156,0.0493159609120521,0.0591791530944625,0.1035635179153094,0.0443843648208469,0.0197263843648208,0.0,0.0,0.0,0.0,0.0,0.0,0.0197263843648208,0.0049315960912052,0.0049315960912052,0.0295895765472312,0.0197263843648208,0.0049315960912052,0.0147947882736156,0.0,0.0049315960912052,0.0493159609120521,0.0147947882736156,0,,,,,,,,,,,,,,,,,,,,,,,,
0.0049315960912052,0.0739739413680781,0.093700325732899,0.118358306188925,0.0098631921824104,0.0098631921824104,0.0,0.0,0.0,0.0,0.0,0.0,0.0,0.0049315960912052,0.0049315960912052,0.0295895765472312,0.0147947882736156,0.0197263843648208,0.0,0.0049315960912052,0.0049315960912052,0.0,0.0098631921824104,0.0789055374592833,0,,,,,,,,,,,,,,,,,,,,,,,,
0.024657980456026,0.1134267100977198,0.0641107491856677,0.0,0.0641107491856677,0.0,0.0098631921824104,0.0,0.0,0.0,0.0,0.0,0.0,0.0,0.024657980456026,0.024657980456026,0.0049315960912052,0.0049315960912052,0.0,0.0,0.0,0.0049315960912052,0.0098631921824104,0.0049315960912052,37,,,,,,,,,,,,,,,,,,,,,,,,
0.0098631921824104,0.0197263843648208,0.0739739413680781,0.0887687296416938,0.0049315960912052,0.0,0.0197263843648208,0.0,0.0,0.0,0.0049315960912052,0.0,0.0,0.0,0.0,0.0098631921824104,0.0197263843648208,0.0542475570032573,0.0,0.0,0.0,0.0,0.0,0.0,0,,,,,,,,,,,,,,,,,,,,,,,,
0.0,0.0,0.0295895765472312,0.0838371335504886,0.0986319218241042,0.0,0.0,0.0098631921824104,0.0,0.0,0.0,0.0,0.0,0.0,0.0098631921824104,0.0,0.0,0.0197263843648208,0.024657980456026,0.0049315960912052,0.0049315960912052,0.0,0.0,0.0739739413680781,0,,,,,,,,,,,,,,,,,,,,,,,,
0.0345211726384364,0.0098631921824104,0.0739739413680781,0.0542475570032573,0.0789055374592833,0.024657980456026,0.0493159609120521,0.0049315960912052,0.0,0.0,0.0,0.0,0.0,0.0049315960912052,0.0147947882736156,0.0443843648208469,0.0049315960912052,0.0147947882736156,0.0345211726384364,0.0443843648208469,0.0098631921824104,0.0295895765472312,0.0049315960912052,0.0394527687296416,0,,,,,,,,,,,,,,,,,,,,,,,,
0.118358306188925,0.0394527687296416,0.0789055374592833,0.0887687296416938,0.0690423452768729,0.0098631921824104,0.0197263843648208,0.0,0.0,0.0,0.0,0.0,0.0,0.024657980456026,0.0049315960912052,0.0197263843648208,0.0147947882736156,0.0049315960912052,0.0098631921824104,0.0,0.0,0.0049315960912052,0.0197263843648208,0.0739739413680781,37,,,,,,,,,,,,,,,,,,,,,,,,
0.024657980456026,0.0739739413680781,0.0690423452768729,0.1331530944625407,0.024657980456026,0.0493159609120521,0.0049315960912052,0.0098631921824104,0.0,0.0,0.0,0.0,0.0,0.0295895765472312,0.0,0.0,0.0197263843648208,0.024657980456026,0.0049315960912052,0.0,0.0,0.0098631921824104,0.0,0.0197263843648208,0,,,,,,,,,,,,,,,,,,,,,,,,
0.0493159609120521,0.0049315960912052,0.0838371335504886,0.118358306188925,0.0295895765472312,0.0197263843648208,0.0049315960912052,0.0,0.0,0.0,0.0,0.0049315960912052,0.0,0.0197263843648208,0.0049315960912052,0.0049315960912052,0.0197263843648208,0.0147947882736156,0.0098631921824104,0.0591791530944625,0.0197263843648208,0.0049315960912052,0.0098631921824104,0.0147947882736156,0,,,,,,,,,,,,,,,,,,,,,,,,
0.0542475570032573,0.0098631921824104,0.0887687296416938,0.0345211726384364,0.1380846905537459,0.0147947882736156,0.0147947882736156,0.0049315960912052,0.0,0.0,0.0,0.0,0.0,0.0,0.0,0.0493159609120521,0.0098631921824104,0.0,0.0295895765472312,0.0493159609120521,0.0147947882736156,0.0098631921824104,0.0098631921824104,0.0,0,,,,,,,,,,,,,,,,,,,,,,,,
0.0394527687296416,0.0,0.0,0.0,0.0986319218241042,0.0098631921824104,0.0,0.0,0.0147947882736156,0.0,0.0,0.0,0.0,0.0,0.0197263843648208,0.0394527687296416,0.0986319218241042,0.0591791530944625,0.0542475570032573,0.0690423452768729,0.0542475570032573,0.0443843648208469,0.0049315960912052,0.0,0,,,,,,,,,,,,,,,,,,,,,,,,
0.0,0.0,0.0591791530944625,0.0542475570032573,0.0739739413680781,0.0,0.0394527687296416,0.0,0.0,0.0,0.0,0.0,0.0,0.0295895765472312,0.0098631921824104,0.0,0.0098631921824104,0.0197263843648208,0.0098631921824104,0.0,0.0049315960912052,0.0049315960912052,0.024657980456026,0.0147947882736156,0,,,,,,,,,,,,,,,,,,,,,,,,
0.0838371335504886,0.024657980456026,0.1232899022801302,0.0641107491856677,0.0,0.0049315960912052,0.0197263843648208,0.0,0.0,0.0,0.0,0.0,0.0,0.0295895765472312,0.0,0.0394527687296416,0.0,0.0098631921824104,0.0,0.0049315960912052,0.0049315960912052,0.0147947882736156,0.0098631921824104,0.0345211726384364,37,,,,,,,,,,,,,,,,,,,,,,,,
0.0443843648208469,0.0147947882736156,0.0789055374592833,0.1578110749185667,0.0197263843648208,0.0049315960912052,0.0049315960912052,0.0,0.0,0.0,0.0049315960912052,0.0,0.0,0.024657980456026,0.0,0.0,0.0295895765472312,0.024657980456026,0.0542475570032573,0.0049315960912052,0.024657980456026,0.0,0.0197263843648208,0.0493159609120521,0,,,,,,,,,,,,,,,,,,,,,,,,
0.1578110749185667,0.0049315960912052,0.0049315960912052,0.0098631921824104,0.0049315960912052,0.0789055374592833,0.0838371335504886,0.0049315960912052,0.0,0.0,0.0,0.0,0.0,0.024657980456026,0.0049315960912052,0.0098631921824104,0.024657980456026,0.0098631921824104,0.0049315960912052,0.0049315960912052,0.0049315960912052,0.0049315960912052,0.0197263843648208,0.0049315960912052,37,,,,,,,,,,,,,,,,,,,,,,,,
0.0493159609120521,0.0049315960912052,0.0789055374592833,0.0049315960912052,0.0542475570032573,0.0591791530944625,0.0098631921824104,0.0,0.0,0.0,0.0,0.0098631921824104,0.0,0.024657980456026,0.0,0.024657980456026,0.0098631921824104,0.0098631921824104,0.0098631921824104,0.0049315960912052,0.0147947882736156,0.0098631921824104,0.0098631921824104,0.0098631921824104,37,,,,,,,,,,,,,,,,,,,,,,,,
0.0147947882736156,0.0147947882736156,0.0838371335504886,0.0197263843648208,0.1923322475570032,0.0049315960912052,0.0147947882736156,0.0,0.0,0.0,0.0,0.0,0.0,0.0,0.0098631921824104,0.0394527687296416,0.024657980456026,0.0147947882736156,0.0098631921824104,0.0739739413680781,0.0098631921824104,0.0394527687296416,0.0493159609120521,0.0542475570032573,0,,,,,,,,,,,,,,,,,,,,,,,,
0.0147947882736156,0.0197263843648208,0.1282214983713355,0.0887687296416938,0.0,0.0,0.0147947882736156,0.0,0.0098631921824104,0.0,0.0,0.0,0.0,0.0,0.0098631921824104,0.0,0.0345211726384364,0.0049315960912052,0.0739739413680781,0.0789055374592833,0.0690423452768729,0.024657980456026,0.0443843648208469,0.0098631921824104,20,,,,,,,,,,,,,,,,,,,,,,,,
0.0049315960912052,0.0098631921824104,0.0887687296416938,0.0690423452768729,0.0345211726384364,0.0591791530944625,0.0147947882736156,0.0,0.0,0.0,0.0,0.0,0.0,0.024657980456026,0.0,0.0,0.0690423452768729,0.0345211726384364,0.0542475570032573,0.0098631921824104,0.0049315960912052,0.0147947882736156,0.0098631921824104,0.0049315960912052,0,,,,,,,,,,,,,,,,,,,,,,,,
0.0591791530944625,0.0098631921824104,0.0887687296416938,0.0838371335504886,0.1134267100977198,0.0049315960912052,0.0,0.0098631921824104,0.0,0.0,0.0,0.0,0.0,0.0197263843648208,0.0197263843648208,0.0147947882736156,0.0049315960912052,0.0098631921824104,0.0,0.0,0.0,0.0,0.0,0.0345211726384364,0,,,,,,,,,,,,,,,,,,,,,,,,
0.0197263843648208,0.093700325732899,0.0098631921824104,0.1972638436482084,0.0443843648208469,0.0098631921824104,0.0,0.0,0.0,0.0,0.0,0.0,0.0,0.0295895765472312,0.0049315960912052,0.0,0.024657980456026,0.0,0.0,0.0098631921824104,0.0,0.0,0.0098631921824104,0.0147947882736156,0,,,,,,,,,,,,,,,,,,,,,,,,
0.0098631921824104,0.0443843648208469,0.0690423452768729,0.0443843648208469,0.118358306188925,0.0049315960912052,0.0147947882736156,0.0,0.0,0.0,0.0,0.0,0.0,0.0197263843648208,0.0147947882736156,0.0147947882736156,0.0147947882736156,0.0443843648208469,0.0049315960912052,0.0049315960912052,0.0,0.0,0.0443843648208469,0.0197263843648208,0,,,,,,,,,,,,,,,,,,,,,,,,
0.0443843648208469,0.0049315960912052,0.0197263843648208,0.0591791530944625,0.1331530944625407,0.0098631921824104,0.0147947882736156,0.0,0.0,0.0,0.0,0.0049315960912052,0.0,0.0147947882736156,0.0,0.0295895765472312,0.0098631921824104,0.0394527687296416,0.0049315960912052,0.0098631921824104,0.0049315960912052,0.0,0.0098631921824104,0.0,0,,,,,,,,,,,,,,,,,,,,,,,,
0.0591791530944625,0.0493159609120521,0.0049315960912052,0.0690423452768729,0.0838371335504886,0.0739739413680781,0.0098631921824104,0.0,0.0,0.0,0.0,0.0,0.0098631921824104,0.0098631921824104,0.0049315960912052,0.0147947882736156,0.0295895765472312,0.0789055374592833,0.0049315960912052,0.0197263843648208,0.0443843648208469,0.0147947882736156,0.0098631921824104,0.0,0,,,,,,,,,,,,,,,,,,,,,,,,
0.0838371335504886,0.0049315960912052,0.1430162866449511,0.1676742671009772,0.0147947882736156,0.0,0.0147947882736156,0.0,0.0,0.0,0.0,0.0,0.0,0.0,0.0049315960912052,0.0295895765472312,0.0197263843648208,0.0049315960912052,0.0,0.0098631921824104,0.0591791530944625,0.024657980456026,0.0,0.0,0,,,,,,,,,,,,,,,,,,,,,,,,
0.0,0.0,0.0542475570032573,0.0986319218241042,0.0,0.0,0.0147947882736156,0.0098631921824104,0.0049315960912052,0.0,0.0,0.0,0.0049315960912052,0.0,0.0,0.024657980456026,0.0493159609120521,0.0641107491856677,0.0443843648208469,0.024657980456026,0.0049315960912052,0.0,0.0,0.0147947882736156,0,,,,,,,,,,,,,,,,,,,,,,,,
0.0887687296416938,0.1430162866449511,0.2268534201954397,0.0295895765472312,0.0690423452768729,0.0838371335504886,0.0098631921824104,0.0049315960912052,0.0,0.0,0.0049315960912052,0.0,0.0,0.0147947882736156,0.0049315960912052,0.0197263843648208,0.0098631921824104,0.0,0.0,0.0,0.0,0.0,0.0197263843648208,0.0049315960912052,39,,,,,,,,,,,,,,,,,,,,,,,,
0.0,0.0,0.0,0.0,0.0542475570032573,0.0049315960912052,0.0,0.0,0.0,0.0,0.0,0.0,0.0,0.0,0.0147947882736156,0.0197263843648208,0.0098631921824104,0.0,0.0,0.0098631921824104,0.0098631921824104,0.0,0.0,0.0,0,,,,,,,,,,,,,,,,,,,,,,,,
0.0098631921824104,0.0098631921824104,0.0049315960912052,0.0690423452768729,0.0147947882736156,0.0,0.0,0.0,0.0,0.0,0.0,0.0,0.0,0.0,0.0049315960912052,0.0098631921824104,0.0,0.0147947882736156,0.0049315960912052,0.0098631921824104,0.0,0.0,0.0147947882736156,0.0197263843648208,37,,,,,,,,,,,,,,,,,,,,,,,,
0.0147947882736156,0.0049315960912052,0.0394527687296416,0.0,0.0098631921824104,0.0049315960912052,0.0,0.0049315960912052,0.0,0.0,0.0049315960912052,0.0,0.0,0.0,0.0098631921824104,0.0098631921824104,0.0147947882736156,0.0049315960912052,0.0,0.0098631921824104,0.0049315960912052,0.0098631921824104,0.0,0.0,37,,,,,,,,,,,,,,,,,,,,,,,,
0.0147947882736156,0.0197263843648208,0.0,0.0443843648208469,0.0049315960912052,0.0049315960912052,0.0049315960912052,0.0,0.0,0.0,0.0,0.0,0.0,0.0,0.0147947882736156,0.0,0.0098631921824104,0.0,0.0049315960912052,0.0098631921824104,0.0049315960912052,0.0049315960912052,0.0,0.0049315960912052,37,,,,,,,,,,,,,,,,,,,,,,,,
0.0197263843648208,0.0147947882736156,0.0049315960912052,0.0098631921824104,0.0394527687296416,0.0,0.0049315960912052,0.0,0.0,0.0,0.0,0.0,0.0,0.0049315960912052,0.0,0.0098631921824104,0.0,0.0,0.0098631921824104,0.0,0.0,0.0098631921824104,0.0049315960912052,0.0,37,,,,,,,,,,,,,,,,,,,,,,,,
0.0049315960912052,0.0,0.0147947882736156,0.0049315960912052,0.0542475570032573,0.0049315960912052,0.0098631921824104,0.0,0.0,0.0,0.0,0.0,0.0,0.0,0.0147947882736156,0.0147947882736156,0.0295895765472312,0.0049315960912052,0.0,0.0,0.0,0.0098631921824104,0.0049315960912052,0.0049315960912052,0,,,,,,,,,,,,,,,,,,,,,,,,
0.0147947882736156,0.0098631921824104,0.0098631921824104,0.0098631921824104,0.0443843648208469,0.0049315960912052,0.0049315960912052,0.0049315960912052,0.0,0.0,0.0,0.0,0.0,0.0,0.0,0.0147947882736156,0.1676742671009772,0.1331530944625407,0.0591791530944625,0.0049315960912052,0.0147947882736156,0.0049315960912052,0.0049315960912052,0.0641107491856677,37,,,,,,,,,,,,,,,,,,,,,,,,
0.0789055374592833,0.0295895765472312,0.0739739413680781,0.0147947882736156,0.0049315960912052,0.0147947882736156,0.0,0.0,0.0,0.0,0.0,0.0,0.0,0.0049315960912052,0.0,0.0049315960912052,0.024657980456026,0.0197263843648208,0.0197263843648208,0.0098631921824104,0.0049315960912052,0.0,0.0,0.0394527687296416,37,,,,,,,,,,,,,,,,,,,,,,,,
0.0443843648208469,0.0838371335504886,0.1084951140065146,0.0641107491856677,0.1282214983713355,0.0049315960912052,0.0,0.0147947882736156,0.0,0.0,0.0,0.0,0.0,0.0197263843648208,0.0098631921824104,0.0098631921824104,0.0,0.0098631921824104,0.024657980456026,0.0,0.0098631921824104,0.0049315960912052,0.0098631921824104,0.0098631921824104,39,,,,,,,,,,,,,,,,,,,,,,,,
0.0591791530944625,0.0345211726384364,0.1775374592833876,0.0887687296416938,0.0887687296416938,0.0098631921824104,0.0197263843648208,0.0,0.0,0.0,0.0,0.0,0.0,0.0197263843648208,0.024657980456026,0.0197263843648208,0.0049315960912052,0.0147947882736156,0.0,0.0,0.0,0.0,0.0049315960912052,0.024657980456026,39,,,,,,,,,,,,,,,,,,,,,,,,
0.0147947882736156,0.024657980456026,0.0,0.0049315960912052,0.0098631921824104,0.1775374592833876,0.1331530944625407,0.0049315960912052,0.0,0.0,0.0,0.0,0.0,0.0,0.0,0.0197263843648208,0.024657980456026,0.0049315960912052,0.0049315960912052,0.0394527687296416,0.0049315960912052,0.0443843648208469,0.024657980456026,0.0887687296416938,0,,,,,,,,,,,,,,,,,,,,,,,,
0.0049315960912052,0.0295895765472312,0.0443843648208469,0.0838371335504886,0.0789055374592833,0.0098631921824104,0.0197263843648208,0.0,0.0,0.0,0.0,0.0,0.0,0.0,0.0295895765472312,0.024657980456026,0.0542475570032573,0.0197263843648208,0.0098631921824104,0.0,0.0,0.0,0.0147947882736156,0.0147947882736156,0,,,,,,,,,,,,,,,,,,,,,,,,
0.093700325732899,0.0690423452768729,0.0,0.0147947882736156,0.0197263843648208,0.1035635179153094,0.0,0.0197263843648208,0.0,0.0,0.0,0.0,0.0,0.024657980456026,0.0197263843648208,0.0049315960912052,0.0098631921824104,0.0147947882736156,0.0,0.0,0.0,0.0049315960912052,0.0197263843648208,0.0147947882736156,37,,,,,,,,,,,,,,,,,,,,,,,,
0.0690423452768729,0.0147947882736156,0.0690423452768729,0.0739739413680781,0.0690423452768729,0.0147947882736156,0.0,0.0493159609120521,0.0,0.0,0.0,0.0,0.0,0.0147947882736156,0.0049315960912052,0.0049315960912052,0.0197263843648208,0.0049315960912052,0.0049315960912052,0.0,0.0542475570032573,0.0443843648208469,0.0098631921824104,0.0,0,,,,,,,,,,,,,,,,,,,,,,,,
0.0789055374592833,0.0345211726384364,0.0986319218241042,0.0197263843648208,0.0098631921824104,0.1134267100977198,0.0049315960912052,0.0,0.0049315960912052,0.0,0.0,0.0,0.0,0.0197263843648208,0.0049315960912052,0.0049315960912052,0.0295895765472312,0.0345211726384364,0.0641107491856677,0.0049315960912052,0.0,0.0443843648208469,0.0591791530944625,0.0147947882736156,37,,,,,,,,,,,,,,,,,,,,,,,,
0.0345211726384364,0.093700325732899,0.0739739413680781,0.1035635179153094,0.093700325732899,0.0197263843648208,0.0147947882736156,0.0,0.0,0.0,0.0,0.0049315960912052,0.0,0.0295895765472312,0.0,0.0,0.0049315960912052,0.024657980456026,0.0197263843648208,0.0147947882736156,0.0098631921824104,0.0,0.0295895765472312,0.024657980456026,0,,,,,,,,,,,,,,,,,,,,,,,,
0.1232899022801302,0.0394527687296416,0.0,0.0493159609120521,0.1035635179153094,0.0542475570032573,0.0147947882736156,0.0,0.0,0.0,0.0,0.0,0.0,0.0197263843648208,0.0049315960912052,0.0,0.0049315960912052,0.0295895765472312,0.0197263843648208,0.0098631921824104,0.0098631921824104,0.0443843648208469,0.0394527687296416,0.0443843648208469,0,,,,,,,,,,,,,,,,,,,,,,,,
0.0591791530944625,0.0,0.0147947882736156,0.1084951140065146,0.1430162866449511,0.0049315960912052,0.0197263843648208,0.0098631921824104,0.0,0.0493159609120521,0.0,0.0,0.0197263843648208,0.0,0.0147947882736156,0.024657980456026,0.0147947882736156,0.0197263843648208,0.0147947882736156,0.0,0.0147947882736156,0.0098631921824104,0.0295895765472312,0.1232899022801302,0,,,,,,,,,,,,,,,,,,,,,,,,
0.0147947882736156,0.0049315960912052,0.1578110749185667,0.0887687296416938,0.0147947882736156,0.0147947882736156,0.0098631921824104,0.0,0.0,0.0197263843648208,0.0,0.0,0.0,0.0049315960912052,0.0542475570032573,0.0394527687296416,0.0345211726384364,0.0739739413680781,0.0098631921824104,0.024657980456026,0.0394527687296416,0.0049315960912052,0.0197263843648208,0.024657980456026,39,,,,,,,,,,,,,,,,,,,,,,,,
0.0641107491856677,0.0147947882736156,0.1380846905537459,0.2219218241042345,0.0443843648208469,0.0147947882736156,0.0295895765472312,0.0,0.0,0.0,0.0,0.0,0.0,0.0049315960912052,0.0394527687296416,0.0295895765472312,0.0197263843648208,0.0493159609120521,0.0197263843648208,0.0295895765472312,0.0493159609120521,0.0098631921824104,0.024657980456026,0.0394527687296416,0,,,,,,,,,,,,,,,,,,,,,,,,
0.0197263843648208,0.0690423452768729,0.1232899022801302,0.0542475570032573,0.0098631921824104,0.1084951140065146,0.0049315960912052,0.0,0.0,0.0,0.0,0.0,0.0,0.0394527687296416,0.0197263843648208,0.0049315960912052,0.0443843648208469,0.0147947882736156,0.0049315960912052,0.0542475570032573,0.0345211726384364,0.0295895765472312,0.024657980456026,0.024657980456026,37,,,,,,,,,,,,,,,,,,,,,,,,
0.0147947882736156,0.0838371335504886,0.0641107491856677,0.1282214983713355,0.0,0.0591791530944625,0.024657980456026,0.0,0.0,0.0,0.0,0.0,0.0098631921824104,0.0197263843648208,0.0493159609120521,0.0838371335504886,0.0542475570032573,0.0,0.024657980456026,0.0295895765472312,0.0,0.0098631921824104,0.0147947882736156,0.0295895765472312,0,,,,,,,,,,,,,,,,,,,,,,,,
0.0394527687296416,0.0147947882736156,0.0887687296416938,0.0542475570032573,0.1035635179153094,0.0098631921824104,0.024657980456026,0.0,0.0098631921824104,0.0,0.0,0.0,0.0098631921824104,0.0591791530944625,0.0493159609120521,0.0295895765472312,0.0147947882736156,0.0493159609120521,0.0295895765472312,0.0,0.024657980456026,0.0,0.0197263843648208,0.0295895765472312,0,,,,,,,,,,,,,,,,,,,,,,,,
0.0986319218241042,0.0739739413680781,0.1775374592833876,0.1331530944625407,0.0049315960912052,0.0147947882736156,0.0098631921824104,0.0,0.0049315960912052,0.0,0.0,0.0,0.0,0.024657980456026,0.0394527687296416,0.0443843648208469,0.0147947882736156,0.0394540716612377,0.0838371335504886,0.0542475570032573,0.0,0.0098631921824104,0.0443843648208469,0.0197263843648208,39,,,,,,,,,,,,,,,,,,,,,,,,
0.0098631921824104,0.1430162866449511,0.024657980456026,0.162742671009772,0.0049315960912052,0.024657980456026,0.0,0.0,0.0,0.0,0.0,0.0,0.0,0.0295895765472312,0.024657980456026,0.0345211726384364,0.024657980456026,0.0641107491856677,0.0098631921824104,0.0,0.0147947882736156,0.0,0.0493159609120521,0.0887687296416938,0,,,,,,,,,,,,,,,,,,,,,,,,
0.0,0.0098631921824104,0.0147947882736156,0.1134267100977198,0.0345211726384364,0.0197263843648208,0.0,0.0,0.0,0.0197263843648208,0.0,0.0,0.0,0.0049315960912052,0.0542475570032573,0.0394527687296416,0.0641107491856677,0.0542475570032573,0.0147947882736156,0.0049315960912052,0.0049315960912052,0.0887687296416938,0.0098631921824104,0.0394527687296416,0,,,,,,,,,,,,,,,,,,,,,,,,
0.0295895765472312,0.0493159609120521,0.0443843648208469,0.1528794788273615,0.0789055374592833,0.0295895765472312,0.0,0.0,0.0,0.0,0.0098631921824104,0.0098631921824104,0.0295895765472312,0.024657980456026,0.0098631921824104,0.0,0.024657980456026,0.0098631921824104,0.0197263843648208,0.0098631921824104,0.0049315960912052,0.0049315960912052,0.0147947882736156,0.0049315960912052,0,,,,,,,,,,,,,,,,,,,,,,,,
0.0591791530944625,0.0789055374592833,0.093700325732899,0.0,0.0098631921824104,0.0197263843648208,0.0049315960912052,0.0,0.0,0.0,0.0,0.0,0.0,0.0295895765472312,0.0098631921824104,0.0098631921824104,0.0049315960912052,0.0197263843648208,0.0295895765472312,0.0,0.0345211726384364,0.0049315960912052,0.024657980456026,0.0443843648208469,37,,,,,,,,,,,,,,,,,,,,,,,,
0.0147947882736156,0.0147947882736156,0.1232899022801302,0.093700325732899,0.0197263843648208,0.0197263843648208,0.0,0.0,0.0,0.0,0.0,0.0,0.0,0.0295895765472312,0.0049315960912052,0.024657980456026,0.0049315960912052,0.0,0.0,0.0,0.0,0.0147947882736156,0.0147947882736156,0.0049315960912052,0,,,,,,,,,,,,,,,,,,,,,,,,
0.0098631921824104,0.0147947882736156,0.0739739413680781,0.1430162866449511,0.0394527687296416,0.0197263843648208,0.0098631921824104,0.0,0.0,0.0049315960912052,0.0,0.0,0.0,0.0147947882736156,0.0345211726384364,0.0345211726384364,0.0049315960912052,0.0098631921824104,0.0,0.0,0.0049315960912052,0.0147947882736156,0.0,0.0542475570032573,0,,,,,,,,,,,,,,,,,,,,,,,,
0.0641107491856677,0.0443843648208469,0.0986319218241042,0.0838371335504886,0.0,0.0147947882736156,0.0493159609120521,0.0,0.0,0.0,0.0,0.0,0.0,0.0,0.0049315960912052,0.0394527687296416,0.0542475570032573,0.0049315960912052,0.0,0.0147947882736156,0.0049315960912052,0.0345211726384364,0.0887687296416938,0.0591791530944625,37,,,,,,,,,,,,,,,,,,,,,,,,
0.0147947882736156,0.0641107491856677,0.093700325732899,0.1035635179153094,0.0394527687296416,0.0049315960912052,0.0147947882736156,0.0,0.0,0.0,0.0,0.0,0.0,0.0197263843648208,0.0098631921824104,0.0197263843648208,0.0147947882736156,0.0493159609120521,0.0493159609120521,0.0295895765472312,0.0049315960912052,0.0,0.0147947882736156,0.0197263843648208,0,,,,,,,,,,,,,,,,,,,,,,,,
0.0493159609120521,0.0197263843648208,0.0591791530944625,0.0641107491856677,0.0789055374592833,0.0,0.0345211726384364,0.0049315960912052,0.0,0.0,0.0,0.0,0.0,0.0147947882736156,0.0,0.0197263843648208,0.0049315960912052,0.0098631921824104,0.0,0.0049315960912052,0.0,0.0049315960912052,0.0197263843648208,0.0591791530944625,0,,,,,,,,,,,,,,,,,,,,,,,,
0.0295895765472312,0.0838371335504886,0.0394527687296416,0.118358306188925,0.0049315960912052,0.0,0.0739739413680781,0.0049315960912052,0.0049315960912052,0.0,0.0,0.0,0.0,0.0197263843648208,0.0049315960912052,0.0,0.0197263843648208,0.0147947882736156,0.0345211726384364,0.0493159609120521,0.0,0.0,0.0098631921824104,0.0394527687296416,0,,,,,,,,,,,,,,,,,,,,,,,,
0.0443843648208469,0.0147947882736156,0.0493159609120521,0.0591791530944625,0.1035635179153094,0.0443843648208469,0.0197263843648208,0.0,0.0,0.0,0.0,0.0,0.0,0.0197263843648208,0.0049315960912052,0.0049315960912052,0.0295895765472312,0.0197263843648208,0.0049315960912052,0.0147947882736156,0.0,0.0049315960912052,0.0493159609120521,0.0147947882736156,0,,,,,,,,,,,,,,,,,,,,,,,,
0.0049315960912052,0.0739739413680781,0.093700325732899,0.118358306188925,0.0098631921824104,0.0098631921824104,0.0,0.0,0.0,0.0,0.0,0.0,0.0,0.0049315960912052,0.0049315960912052,0.0295895765472312,0.0147947882736156,0.0197263843648208,0.0,0.0049315960912052,0.0049315960912052,0.0,0.0098631921824104,0.0789055374592833,0,,,,,,,,,,,,,,,,,,,,,,,,
0.024657980456026,0.1134267100977198,0.0641107491856677,0.0,0.0641107491856677,0.0,0.0098631921824104,0.0,0.0,0.0,0.0,0.0,0.0,0.0,0.024657980456026,0.024657980456026,0.0049315960912052,0.0049315960912052,0.0,0.0,0.0,0.0049315960912052,0.0098631921824104,0.0049315960912052,0,,,,,,,,,,,,,,,,,,,,,,,,
0.0098631921824104,0.0197263843648208,0.0739739413680781,0.0887687296416938,0.0049315960912052,0.0,0.0197263843648208,0.0,0.0,0.0,0.0049315960912052,0.0,0.0,0.0,0.0,0.0098631921824104,0.0197263843648208,0.0542475570032573,0.0,0.0,0.0,0.0,0.0,0.0,0,,,,,,,,,,,,,,,,,,,,,,,,
0.0,0.0,0.0295895765472312,0.0838371335504886,0.0986319218241042,0.0,0.0,0.0098631921824104,0.0,0.0,0.0,0.0,0.0,0.0,0.0098631921824104,0.0,0.0,0.0197263843648208,0.024657980456026,0.0049315960912052,0.0049315960912052,0.0,0.0,0.0739739413680781,0,,,,,,,,,,,,,,,,,,,,,,,,
0.0345211726384364,0.0098631921824104,0.0739739413680781,0.0542475570032573,0.0789055374592833,0.024657980456026,0.0493159609120521,0.0049315960912052,0.0,0.0,0.0,0.0,0.0,0.0049315960912052,0.0147947882736156,0.0443843648208469,0.0049315960912052,0.0147947882736156,0.0345211726384364,0.0443843648208469,0.0098631921824104,0.0295895765472312,0.0049315960912052,0.0394527687296416,12,,,,,,,,,,,,,,,,,,,,,,,,
0.118358306188925,0.0394527687296416,0.0789055374592833,0.0887687296416938,0.0690423452768729,0.0098631921824104,0.0197263843648208,0.0,0.0,0.0,0.0,0.0,0.0,0.024657980456026,0.0049315960912052,0.0197263843648208,0.0147947882736156,0.0049315960912052,0.0098631921824104,0.0,0.0,0.0049315960912052,0.0197263843648208,0.0739739413680781,0,,,,,,,,,,,,,,,,,,,,,,,,
0.024657980456026,0.0739739413680781,0.0690423452768729,0.1331530944625407,0.024657980456026,0.0493159609120521,0.0049315960912052,0.0098631921824104,0.0,0.0,0.0,0.0,0.0,0.0295895765472312,0.0,0.0,0.0197263843648208,0.024657980456026,0.0049315960912052,0.0,0.0,0.0098631921824104,0.0,0.0197263843648208,0,,,,,,,,,,,,,,,,,,,,,,,,
0.0493159609120521,0.0049315960912052,0.0838371335504886,0.118358306188925,0.0295895765472312,0.0197263843648208,0.0049315960912052,0.0,0.0,0.0,0.0,0.0049315960912052,0.0,0.0197263843648208,0.0049315960912052,0.0049315960912052,0.0197263843648208,0.0147947882736156,0.0098631921824104,0.0591791530944625,0.0197263843648208,0.0049315960912052,0.0098631921824104,0.0147947882736156,0,,,,,,,,,,,,,,,,,,,,,,,,
0.0542475570032573,0.0098631921824104,0.0887687296416938,0.0345211726384364,0.1380846905537459,0.0147947882736156,0.0147947882736156,0.0049315960912052,0.0,0.0,0.0,0.0,0.0,0.0,0.0,0.0493159609120521,0.0098631921824104,0.0,0.0295895765472312,0.0493159609120521,0.0147947882736156,0.0098631921824104,0.0098631921824104,0.0,12,,,,,,,,,,,,,,,,,,,,,,,,
0.0394527687296416,0.0,0.0,0.0,0.0986319218241042,0.0098631921824104,0.0,0.0,0.0147947882736156,0.0,0.0,0.0,0.0,0.0,0.0197263843648208,0.0394527687296416,0.0986319218241042,0.0591791530944625,0.0542475570032573,0.0690423452768729,0.0542475570032573,0.0443843648208469,0.0049315960912052,0.0,12,,,,,,,,,,,,,,,,,,,,,,,,
0.0,0.0,0.0591791530944625,0.0542475570032573,0.0739739413680781,0.0,0.0394527687296416,0.0,0.0,0.0,0.0,0.0,0.0,0.0295895765472312,0.0098631921824104,0.0,0.0098631921824104,0.0197263843648208,0.0098631921824104,0.0,0.0049315960912052,0.0049315960912052,0.024657980456026,0.0147947882736156,0,,,,,,,,,,,,,,,,,,,,,,,,
0.0838371335504886,0.024657980456026,0.1232899022801302,0.0641107491856677,0.0,0.0049315960912052,0.0197263843648208,0.0,0.0,0.0,0.0,0.0,0.0,0.0295895765472312,0.0,0.0394527687296416,0.0,0.0098631921824104,0.0,0.0049315960912052,0.0049315960912052,0.0147947882736156,0.0098631921824104,0.0345211726384364,0,,,,,,,,,,,,,,,,,,,,,,,,
0.0443843648208469,0.0147947882736156,0.0789055374592833,0.1578110749185667,0.0197263843648208,0.0049315960912052,0.0049315960912052,0.0,0.0,0.0,0.0049315960912052,0.0,0.0,0.024657980456026,0.0,0.0,0.0295895765472312,0.024657980456026,0.0542475570032573,0.0049315960912052,0.024657980456026,0.0,0.0197263843648208,0.0493159609120521,0,,,,,,,,,,,,,,,,,,,,,,,,
0.1578110749185667,0.0049315960912052,0.0049315960912052,0.0098631921824104,0.0049315960912052,0.0789055374592833,0.0838371335504886,0.0049315960912052,0.0,0.0,0.0,0.0,0.0,0.024657980456026,0.0049315960912052,0.0098631921824104,0.024657980456026,0.0098631921824104,0.0049315960912052,0.0049315960912052,0.0049315960912052,0.0049315960912052,0.0197263843648208,0.0049315960912052,0,,,,,,,,,,,,,,,,,,,,,,,,
0.0493159609120521,0.0049315960912052,0.0789055374592833,0.0049315960912052,0.0542475570032573,0.0591791530944625,0.0098631921824104,0.0,0.0,0.0,0.0,0.0098631921824104,0.0,0.024657980456026,0.0,0.024657980456026,0.0098631921824104,0.0098631921824104,0.0098631921824104,0.0049315960912052,0.0147947882736156,0.0098631921824104,0.0098631921824104,0.0098631921824104,0,,,,,,,,,,,,,,,,,,,,,,,,
0.0147947882736156,0.0147947882736156,0.0838371335504886,0.0197263843648208,0.1923322475570032,0.0049315960912052,0.0147947882736156,0.0,0.0,0.0,0.0,0.0,0.0,0.0,0.0098631921824104,0.0394527687296416,0.024657980456026,0.0147947882736156,0.0098631921824104,0.0739739413680781,0.0098631921824104,0.0394527687296416,0.0493159609120521,0.0542475570032573,12,,,,,,,,,,,,,,,,,,,,,,,,
0.0147947882736156,0.0197263843648208,0.1282214983713355,0.0887687296416938,0.0,0.0,0.0147947882736156,0.0,0.0098631921824104,0.0,0.0,0.0,0.0,0.0,0.0098631921824104,0.0,0.0345211726384364,0.0049315960912052,0.0739739413680781,0.0789055374592833,0.0690423452768729,0.024657980456026,0.0443843648208469,0.0098631921824104,21,,,,,,,,,,,,,,,,,,,,,,,,
0.0049315960912052,0.0098631921824104,0.0887687296416938,0.0690423452768729,0.0345211726384364,0.0591791530944625,0.0147947882736156,0.0,0.0,0.0,0.0,0.0,0.0,0.024657980456026,0.0,0.0,0.0690423452768729,0.0345211726384364,0.0542475570032573,0.0098631921824104,0.0049315960912052,0.0147947882736156,0.0098631921824104,0.0049315960912052,21,,,,,,,,,,,,,,,,,,,,,,,,
0.0591791530944625,0.0098631921824104,0.0887687296416938,0.0838371335504886,0.1134267100977198,0.0049315960912052,0.0,0.0098631921824104,0.0,0.0,0.0,0.0,0.0,0.0197263843648208,0.0197263843648208,0.0147947882736156,0.0049315960912052,0.0098631921824104,0.0,0.0,0.0,0.0,0.0,0.0345211726384364,0,,,,,,,,,,,,,,,,,,,,,,,,
0.0197263843648208,0.093700325732899,0.0098631921824104,0.1972638436482084,0.0443843648208469,0.0098631921824104,0.0,0.0,0.0,0.0,0.0,0.0,0.0,0.0295895765472312,0.0049315960912052,0.0,0.024657980456026,0.0,0.0,0.0098631921824104,0.0,0.0,0.0098631921824104,0.0147947882736156,0,,,,,,,,,,,,,,,,,,,,,,,,
0.0098631921824104,0.0443843648208469,0.0690423452768729,0.0443843648208469,0.118358306188925,0.0049315960912052,0.0147947882736156,0.0,0.0,0.0,0.0,0.0,0.0,0.0197263843648208,0.0147947882736156,0.0147947882736156,0.0147947882736156,0.0443843648208469,0.0049315960912052,0.0049315960912052,0.0,0.0,0.0443843648208469,0.0197263843648208,0,,,,,,,,,,,,,,,,,,,,,,,,
0.0443843648208469,0.0049315960912052,0.0197263843648208,0.0591791530944625,0.1331530944625407,0.0098631921824104,0.0147947882736156,0.0,0.0,0.0,0.0,0.0049315960912052,0.0,0.0147947882736156,0.0,0.0295895765472312,0.0098631921824104,0.0394527687296416,0.0049315960912052,0.0098631921824104,0.0049315960912052,0.0,0.0098631921824104,0.0,0,,,,,,,,,,,,,,,,,,,,,,,,
0.0591791530944625,0.0493159609120521,0.0049315960912052,0.0690423452768729,0.0838371335504886,0.0739739413680781,0.0098631921824104,0.0,0.0,0.0,0.0,0.0,0.0098631921824104,0.0098631921824104,0.0049315960912052,0.0147947882736156,0.0295895765472312,0.0789055374592833,0.0049315960912052,0.0197263843648208,0.0443843648208469,0.0147947882736156,0.0098631921824104,0.0,0,,,,,,,,,,,,,,,,,,,,,,,,
0.0838371335504886,0.0049315960912052,0.1430162866449511,0.1676742671009772,0.0147947882736156,0.0,0.0147947882736156,0.0,0.0,0.0,0.0,0.0,0.0,0.0,0.0049315960912052,0.0295895765472312,0.0197263843648208,0.0049315960912052,0.0,0.0098631921824104,0.0591791530944625,0.024657980456026,0.0,0.0,0,,,,,,,,,,,,,,,,,,,,,,,,
0.0,0.0,0.0542475570032573,0.0986319218241042,0.0,0.0,0.0147947882736156,0.0098631921824104,0.0049315960912052,0.0,0.0,0.0,0.0049315960912052,0.0,0.0,0.024657980456026,0.0493159609120521,0.0641107491856677,0.0443843648208469,0.024657980456026,0.0049315960912052,0.0,0.0,0.0147947882736156,21,,,,,,,,,,,,,,,,,,,,,,,,
0.0887687296416938,0.1430162866449511,0.2268534201954397,0.0295895765472312,0.0690423452768729,0.0838371335504886,0.0098631921824104,0.0049315960912052,0.0,0.0,0.0049315960912052,0.0,0.0,0.0147947882736156,0.0049315960912052,0.0197263843648208,0.0098631921824104,0.0,0.0,0.0,0.0,0.0,0.0197263843648208,0.0049315960912052,29,,,,,,,,,,,,,,,,,,,,,,,,
0.0,0.0,0.0,0.0,0.0542475570032573,0.0049315960912052,0.0,0.0,0.0,0.0,0.0,0.0,0.0,0.0,0.0147947882736156,0.0197263843648208,0.0098631921824104,0.0,0.0,0.0098631921824104,0.0098631921824104,0.0,0.0,0.0,0,,,,,,,,,,,,,,,,,,,,,,,,
0.0098631921824104,0.0098631921824104,0.0049315960912052,0.0690423452768729,0.0147947882736156,0.0,0.0,0.0,0.0,0.0,0.0,0.0,0.0,0.0,0.0049315960912052,0.0098631921824104,0.0,0.0147947882736156,0.0049315960912052,0.0098631921824104,0.0,0.0,0.0147947882736156,0.0197263843648208,0,,,,,,,,,,,,,,,,,,,,,,,,
0.0147947882736156,0.0049315960912052,0.0394527687296416,0.0,0.0098631921824104,0.0049315960912052,0.0,0.0049315960912052,0.0,0.0,0.0049315960912052,0.0,0.0,0.0,0.0098631921824104,0.0098631921824104,0.0147947882736156,0.0049315960912052,0.0,0.0098631921824104,0.0049315960912052,0.0098631921824104,0.0,0.0,0,,,,,,,,,,,,,,,,,,,,,,,,
0.0147947882736156,0.0197263843648208,0.0,0.0443843648208469,0.0049315960912052,0.0049315960912052,0.0049315960912052,0.0,0.0,0.0,0.0,0.0,0.0,0.0,0.0147947882736156,0.0,0.0098631921824104,0.0,0.0049315960912052,0.0098631921824104,0.0049315960912052,0.0049315960912052,0.0,0.0049315960912052,0,,,,,,,,,,,,,,,,,,,,,,,,
0.0197263843648208,0.0147947882736156,0.0049315960912052,0.0098631921824104,0.0394527687296416,0.0,0.0049315960912052,0.0,0.0,0.0,0.0,0.0,0.0,0.0049315960912052,0.0,0.0098631921824104,0.0,0.0,0.0098631921824104,0.0,0.0,0.0098631921824104,0.0049315960912052,0.0,0,,,,,,,,,,,,,,,,,,,,,,,,
0.0049315960912052,0.0,0.0147947882736156,0.0049315960912052,0.0542475570032573,0.0049315960912052,0.0098631921824104,0.0,0.0,0.0,0.0,0.0,0.0,0.0,0.0147947882736156,0.0147947882736156,0.0295895765472312,0.0049315960912052,0.0,0.0,0.0,0.0098631921824104,0.0049315960912052,0.0049315960912052,0,,,,,,,,,,,,,,,,,,,,,,,,
0.0147947882736156,0.0098631921824104,0.0098631921824104,0.0098631921824104,0.0443843648208469,0.0049315960912052,0.0049315960912052,0.0049315960912052,0.0,0.0,0.0,0.0,0.0,0.0,0.0,0.0147947882736156,0.1676742671009772,0.1331530944625407,0.0591791530944625,0.0049315960912052,0.0147947882736156,0.0049315960912052,0.0049315960912052,0.0641107491856677,21,,,,,,,,,,,,,,,,,,,,,,,,
0.0789055374592833,0.0295895765472312,0.0739739413680781,0.0147947882736156,0.0049315960912052,0.0147947882736156,0.0,0.0,0.0,0.0,0.0,0.0,0.0,0.0049315960912052,0.0,0.0049315960912052,0.024657980456026,0.0197263843648208,0.0197263843648208,0.0098631921824104,0.0049315960912052,0.0,0.0,0.0394527687296416,21,,,,,,,,,,,,,,,,,,,,,,,,
0.0443843648208469,0.0838371335504886,0.1084951140065146,0.0641107491856677,0.1282214983713355,0.0049315960912052,0.0,0.0147947882736156,0.0,0.0,0.0,0.0,0.0,0.0197263843648208,0.0098631921824104,0.0098631921824104,0.0,0.0098631921824104,0.024657980456026,0.0,0.0098631921824104,0.0049315960912052,0.0098631921824104,0.0098631921824104,12,,,,,,,,,,,,,,,,,,,,,,,,
0.0591791530944625,0.0345211726384364,0.1775374592833876,0.0887687296416938,0.0887687296416938,0.0098631921824104,0.0197263843648208,0.0,0.0,0.0,0.0,0.0,0.0,0.0197263843648208,0.024657980456026,0.0197263843648208,0.0049315960912052,0.0147947882736156,0.0,0.0,0.0,0.0,0.0049315960912052,0.024657980456026,12,,,,,,,,,,,,,,,,,,,,,,,,
0.0147947882736156,0.024657980456026,0.0,0.0049315960912052,0.0098631921824104,0.1775374592833876,0.1331530944625407,0.0049315960912052,0.0,0.0,0.0,0.0,0.0,0.0,0.0,0.0197263843648208,0.024657980456026,0.0049315960912052,0.0049315960912052,0.0394527687296416,0.0049315960912052,0.0443843648208469,0.024657980456026,0.0887687296416938,21,,,,,,,,,,,,,,,,,,,,,,,,
0.0049315960912052,0.0295895765472312,0.0443843648208469,0.0838371335504886,0.0789055374592833,0.0098631921824104,0.0197263843648208,0.0,0.0,0.0,0.0,0.0,0.0,0.0,0.0295895765472312,0.024657980456026,0.0542475570032573,0.0197263843648208,0.0098631921824104,0.0,0.0,0.0,0.0147947882736156,0.0147947882736156,0,,,,,,,,,,,,,,,,,,,,,,,,
0.093700325732899,0.0690423452768729,0.0,0.0147947882736156,0.0197263843648208,0.1035635179153094,0.0,0.0197263843648208,0.0,0.0,0.0,0.0,0.0,0.024657980456026,0.0197263843648208,0.0049315960912052,0.0098631921824104,0.0147947882736156,0.0,0.0,0.0,0.0049315960912052,0.0197263843648208,0.0147947882736156,0,,,,,,,,,,,,,,,,,,,,,,,,
0.0690423452768729,0.0147947882736156,0.0690423452768729,0.0739739413680781,0.0690423452768729,0.0147947882736156,0.0,0.0493159609120521,0.0,0.0,0.0,0.0,0.0,0.0147947882736156,0.0049315960912052,0.0049315960912052,0.0197263843648208,0.0049315960912052,0.0049315960912052,0.0,0.0542475570032573,0.0443843648208469,0.0098631921824104,0.0,0,,,,,,,,,,,,,,,,,,,,,,,,
0.0789055374592833,0.0345211726384364,0.0986319218241042,0.0197263843648208,0.0098631921824104,0.1134267100977198,0.0049315960912052,0.0,0.0049315960912052,0.0,0.0,0.0,0.0,0.0197263843648208,0.0049315960912052,0.0049315960912052,0.0295895765472312,0.0345211726384364,0.0641107491856677,0.0049315960912052,0.0,0.0443843648208469,0.0591791530944625,0.0147947882736156,21,,,,,,,,,,,,,,,,,,,,,,,,
0.0345211726384364,0.093700325732899,0.0739739413680781,0.1035635179153094,0.093700325732899,0.0197263843648208,0.0147947882736156,0.0,0.0,0.0,0.0,0.0049315960912052,0.0,0.0295895765472312,0.0,0.0,0.0049315960912052,0.024657980456026,0.0197263843648208,0.0147947882736156,0.0098631921824104,0.0,0.0295895765472312,0.024657980456026,0,,,,,,,,,,,,,,,,,,,,,,,,
0.1232899022801302,0.0394527687296416,0.0,0.0493159609120521,0.1035635179153094,0.0542475570032573,0.0147947882736156,0.0,0.0,0.0,0.0,0.0,0.0,0.0197263843648208,0.0049315960912052,0.0,0.0049315960912052,0.0295895765472312,0.0197263843648208,0.0098631921824104,0.0098631921824104,0.0443843648208469,0.0394527687296416,0.0443843648208469,12,,,,,,,,,,,,,,,,,,,,,,,,
0.0591791530944625,0.0,0.0147947882736156,0.1084951140065146,0.1430162866449511,0.0049315960912052,0.0197263843648208,0.0098631921824104,0.0,0.0493159609120521,0.0,0.0,0.0197263843648208,0.0,0.0147947882736156,0.024657980456026,0.0147947882736156,0.0197263843648208,0.0147947882736156,0.0,0.0147947882736156,0.0098631921824104,0.0295895765472312,0.1232899022801302,0,,,,,,,,,,,,,,,,,,,,,,,,
0.0147947882736156,0.0049315960912052,0.1578110749185667,0.0887687296416938,0.0147947882736156,0.0147947882736156,0.0098631921824104,0.0,0.0,0.0197263843648208,0.0,0.0,0.0,0.0049315960912052,0.0542475570032573,0.0394527687296416,0.0345211726384364,0.0739739413680781,0.0098631921824104,0.024657980456026,0.0394527687296416,0.0049315960912052,0.0197263843648208,0.024657980456026,21,,,,,,,,,,,,,,,,,,,,,,,,
0.0641107491856677,0.0147947882736156,0.1380846905537459,0.2219218241042345,0.0443843648208469,0.0147947882736156,0.0295895765472312,0.0,0.0,0.0,0.0,0.0,0.0,0.0049315960912052,0.0394527687296416,0.0295895765472312,0.0197263843648208,0.0493159609120521,0.0197263843648208,0.0295895765472312,0.0493159609120521,0.0098631921824104,0.024657980456026,0.0394527687296416,0,,,,,,,,,,,,,,,,,,,,,,,,
0.0197263843648208,0.0690423452768729,0.1232899022801302,0.0542475570032573,0.0098631921824104,0.1084951140065146,0.0049315960912052,0.0,0.0,0.0,0.0,0.0,0.0,0.0394527687296416,0.0197263843648208,0.0049315960912052,0.0443843648208469,0.0147947882736156,0.0049315960912052,0.0542475570032573,0.0345211726384364,0.0295895765472312,0.024657980456026,0.024657980456026,21,,,,,,,,,,,,,,,,,,,,,,,,
0.0147947882736156,0.0838371335504886,0.0641107491856677,0.1282214983713355,0.0,0.0591791530944625,0.024657980456026,0.0,0.0,0.0,0.0,0.0,0.0098631921824104,0.0197263843648208,0.0493159609120521,0.0838371335504886,0.0542475570032573,0.0,0.024657980456026,0.0295895765472312,0.0,0.0098631921824104,0.0147947882736156,0.0295895765472312,0,,,,,,,,,,,,,,,,,,,,,,,,
0.0394527687296416,0.0147947882736156,0.0887687296416938,0.0542475570032573,0.1035635179153094,0.0098631921824104,0.024657980456026,0.0,0.0098631921824104,0.0,0.0,0.0,0.0098631921824104,0.0591791530944625,0.0493159609120521,0.0295895765472312,0.0147947882736156,0.0493159609120521,0.0295895765472312,0.0,0.024657980456026,0.0,0.0197263843648208,0.0295895765472312,0,,,,,,,,,,,,,,,,,,,,,,,,
0.0986319218241042,0.0739739413680781,0.1775374592833876,0.1331530944625407,0.0049315960912052,0.0147947882736156,0.0098631921824104,0.0,0.0049315960912052,0.0,0.0,0.0,0.0,0.024657980456026,0.0394527687296416,0.0443843648208469,0.0147947882736156,0.0394540716612377,0.0838371335504886,0.0542475570032573,0.0,0.0098631921824104,0.0443843648208469,0.0197263843648208,0,,,,,,,,,,,,,,,,,,,,,,,,
0.0098631921824104,0.1430162866449511,0.024657980456026,0.162742671009772,0.0049315960912052,0.024657980456026,0.0,0.0,0.0,0.0,0.0,0.0,0.0,0.0295895765472312,0.024657980456026,0.0345211726384364,0.024657980456026,0.0641107491856677,0.0098631921824104,0.0,0.0147947882736156,0.0,0.0493159609120521,0.0887687296416938,0,,,,,,,,,,,,,,,,,,,,,,,,
0.0,0.0098631921824104,0.0147947882736156,0.1134267100977198,0.0345211726384364,0.0197263843648208,0.0,0.0,0.0,0.0197263843648208,0.0,0.0,0.0,0.0049315960912052,0.0542475570032573,0.0394527687296416,0.0641107491856677,0.0542475570032573,0.0147947882736156,0.0049315960912052,0.0049315960912052,0.0887687296416938,0.0098631921824104,0.0394527687296416,0,,,,,,,,,,,,,,,,,,,,,,,,
0.0295895765472312,0.0493159609120521,0.0443843648208469,0.1528794788273615,0.0789055374592833,0.0295895765472312,0.0,0.0,0.0,0.0,0.0098631921824104,0.0098631921824104,0.0295895765472312,0.024657980456026,0.0098631921824104,0.0,0.024657980456026,0.0098631921824104,0.0197263843648208,0.0098631921824104,0.0049315960912052,0.0049315960912052,0.0147947882736156,0.0049315960912052,0,,,,,,,,,,,,,,,,,,,,,,,,
0.0591791530944625,0.0789055374592833,0.093700325732899,0.0,0.0098631921824104,0.0197263843648208,0.0049315960912052,0.0,0.0,0.0,0.0,0.0,0.0,0.0295895765472312,0.0098631921824104,0.0098631921824104,0.0049315960912052,0.0197263843648208,0.0295895765472312,0.0,0.0345211726384364,0.0049315960912052,0.024657980456026,0.0443843648208469,0,,,,,,,,,,,,,,,,,,,,,,,,
0.0147947882736156,0.0147947882736156,0.1232899022801302,0.093700325732899,0.0197263843648208,0.0197263843648208,0.0,0.0,0.0,0.0,0.0,0.0,0.0,0.0295895765472312,0.0049315960912052,0.024657980456026,0.0049315960912052,0.0,0.0,0.0,0.0,0.0147947882736156,0.0147947882736156,0.0049315960912052,0,,,,,,,,,,,,,,,,,,,,,,,,
0.0098631921824104,0.0147947882736156,0.0739739413680781,0.1430162866449511,0.0394527687296416,0.0197263843648208,0.0098631921824104,0.0,0.0,0.0049315960912052,0.0,0.0,0.0,0.0147947882736156,0.0345211726384364,0.0345211726384364,0.0049315960912052,0.0098631921824104,0.0,0.0,0.0049315960912052,0.0147947882736156,0.0,0.0542475570032573,0,,,,,,,,,,,,,,,,,,,,,,,,
0.0641107491856677,0.0443843648208469,0.0986319218241042,0.0838371335504886,0.0,0.0147947882736156,0.0493159609120521,0.0,0.0,0.0,0.0,0.0,0.0,0.0,0.0049315960912052,0.0394527687296416,0.0542475570032573,0.0049315960912052,0.0,0.0147947882736156,0.0049315960912052,0.0345211726384364,0.0887687296416938,0.0591791530944625,0,,,,,,,,,,,,,,,,,,,,,,,,
0.0147947882736156,0.0641107491856677,0.093700325732899,0.1035635179153094,0.0394527687296416,0.0049315960912052,0.0147947882736156,0.0,0.0,0.0,0.0,0.0,0.0,0.0197263843648208,0.0098631921824104,0.0197263843648208,0.0147947882736156,0.0493159609120521,0.0493159609120521,0.0295895765472312,0.0049315960912052,0.0,0.0147947882736156,0.0197263843648208,0,,,,,,,,,,,,,,,,,,,,,,,,
0.0493159609120521,0.0197263843648208,0.0591791530944625,0.0641107491856677,0.0789055374592833,0.0,0.0345211726384364,0.0049315960912052,0.0,0.0,0.0,0.0,0.0,0.0147947882736156,0.0,0.0197263843648208,0.0049315960912052,0.0098631921824104,0.0,0.0049315960912052,0.0,0.0049315960912052,0.0197263843648208,0.0591791530944625,0,,,,,,,,,,,,,,,,,,,,,,,,
0.0295895765472312,0.0838371335504886,0.0394527687296416,0.118358306188925,0.0049315960912052,0.0,0.0739739413680781,0.0049315960912052,0.0049315960912052,0.0,0.0,0.0,0.0,0.0197263843648208,0.0049315960912052,0.0,0.0197263843648208,0.0147947882736156,0.0345211726384364,0.0493159609120521,0.0,0.0,0.0098631921824104,0.0394527687296416,0,,,,,,,,,,,,,,,,,,,,,,,,
0.0443843648208469,0.0147947882736156,0.0493159609120521,0.0591791530944625,0.1035635179153094,0.0443843648208469,0.0197263843648208,0.0,0.0,0.0,0.0,0.0,0.0,0.0197263843648208,0.0049315960912052,0.0049315960912052,0.0295895765472312,0.0197263843648208,0.0049315960912052,0.0147947882736156,0.0,0.0049315960912052,0.0493159609120521,0.0147947882736156,0,,,,,,,,,,,,,,,,,,,,,,,,
0.0049315960912052,0.0739739413680781,0.093700325732899,0.118358306188925,0.0098631921824104,0.0098631921824104,0.0,0.0,0.0,0.0,0.0,0.0,0.0,0.0049315960912052,0.0049315960912052,0.0295895765472312,0.0147947882736156,0.0197263843648208,0.0,0.0049315960912052,0.0049315960912052,0.0,0.0098631921824104,0.0789055374592833,0,,,,,,,,,,,,,,,,,,,,,,,,
0.024657980456026,0.1134267100977198,0.0641107491856677,0.0,0.0641107491856677,0.0,0.0098631921824104,0.0,0.0,0.0,0.0,0.0,0.0,0.0,0.024657980456026,0.024657980456026,0.0049315960912052,0.0049315960912052,0.0,0.0,0.0,0.0049315960912052,0.0098631921824104,0.0049315960912052,0,,,,,,,,,,,,,,,,,,,,,,,,
0.0098631921824104,0.0197263843648208,0.0739739413680781,0.0887687296416938,0.0049315960912052,0.0,0.0197263843648208,0.0,0.0,0.0,0.0049315960912052,0.0,0.0,0.0,0.0,0.0098631921824104,0.0197263843648208,0.0542475570032573,0.0,0.0,0.0,0.0,0.0,0.0,0,,,,,,,,,,,,,,,,,,,,,,,,
0.0,0.0,0.0295895765472312,0.0838371335504886,0.0986319218241042,0.0,0.0,0.0098631921824104,0.0,0.0,0.0,0.0,0.0,0.0,0.0098631921824104,0.0,0.0,0.0197263843648208,0.024657980456026,0.0049315960912052,0.0049315960912052,0.0,0.0,0.0739739413680781,0,,,,,,,,,,,,,,,,,,,,,,,,
0.0345211726384364,0.0098631921824104,0.0739739413680781,0.0542475570032573,0.0789055374592833,0.024657980456026,0.0493159609120521,0.0049315960912052,0.0,0.0,0.0,0.0,0.0,0.0049315960912052,0.0147947882736156,0.0443843648208469,0.0049315960912052,0.0147947882736156,0.0345211726384364,0.0443843648208469,0.0098631921824104,0.0295895765472312,0.0049315960912052,0.0394527687296416,0,,,,,,,,,,,,,,,,,,,,,,,,
0.118358306188925,0.0394527687296416,0.0789055374592833,0.0887687296416938,0.0690423452768729,0.0098631921824104,0.0197263843648208,0.0,0.0,0.0,0.0,0.0,0.0,0.024657980456026,0.0049315960912052,0.0197263843648208,0.0147947882736156,0.0049315960912052,0.0098631921824104,0.0,0.0,0.0049315960912052,0.0197263843648208,0.0739739413680781,0,,,,,,,,,,,,,,,,,,,,,,,,
0.024657980456026,0.0739739413680781,0.0690423452768729,0.1331530944625407,0.024657980456026,0.0493159609120521,0.0049315960912052,0.0098631921824104,0.0,0.0,0.0,0.0,0.0,0.0295895765472312,0.0,0.0,0.0197263843648208,0.024657980456026,0.0049315960912052,0.0,0.0,0.0098631921824104,0.0,0.0197263843648208,0,,,,,,,,,,,,,,,,,,,,,,,,
0.0493159609120521,0.0049315960912052,0.0838371335504886,0.118358306188925,0.0295895765472312,0.0197263843648208,0.0049315960912052,0.0,0.0,0.0,0.0,0.0049315960912052,0.0,0.0197263843648208,0.0049315960912052,0.0049315960912052,0.0197263843648208,0.0147947882736156,0.0098631921824104,0.0591791530944625,0.0197263843648208,0.0049315960912052,0.0098631921824104,0.0147947882736156,0,,,,,,,,,,,,,,,,,,,,,,,,
0.0542475570032573,0.0098631921824104,0.0887687296416938,0.0345211726384364,0.1380846905537459,0.0147947882736156,0.0147947882736156,0.0049315960912052,0.0,0.0,0.0,0.0,0.0,0.0,0.0,0.0493159609120521,0.0098631921824104,0.0,0.0295895765472312,0.0493159609120521,0.0147947882736156,0.0098631921824104,0.0098631921824104,0.0,0,,,,,,,,,,,,,,,,,,,,,,,,
0.0394527687296416,0.0,0.0,0.0,0.0986319218241042,0.0098631921824104,0.0,0.0,0.0147947882736156,0.0,0.0,0.0,0.0,0.0,0.0197263843648208,0.0394527687296416,0.0986319218241042,0.0591791530944625,0.0542475570032573,0.0690423452768729,0.0542475570032573,0.0443843648208469,0.0049315960912052,0.0,13,,,,,,,,,,,,,,,,,,,,,,,,
0.0,0.0,0.0591791530944625,0.0542475570032573,0.0739739413680781,0.0,0.0394527687296416,0.0,0.0,0.0,0.0,0.0,0.0,0.0295895765472312,0.0098631921824104,0.0,0.0098631921824104,0.0197263843648208,0.0098631921824104,0.0,0.0049315960912052,0.0049315960912052,0.024657980456026,0.0147947882736156,0,,,,,,,,,,,,,,,,,,,,,,,,
0.0838371335504886,0.024657980456026,0.1232899022801302,0.0641107491856677,0.0,0.0049315960912052,0.0197263843648208,0.0,0.0,0.0,0.0,0.0,0.0,0.0295895765472312,0.0,0.0394527687296416,0.0,0.0098631921824104,0.0,0.0049315960912052,0.0049315960912052,0.0147947882736156,0.0098631921824104,0.0345211726384364,37,,,,,,,,,,,,,,,,,,,,,,,,
0.0443843648208469,0.0147947882736156,0.0789055374592833,0.1578110749185667,0.0197263843648208,0.0049315960912052,0.0049315960912052,0.0,0.0,0.0,0.0049315960912052,0.0,0.0,0.024657980456026,0.0,0.0,0.0295895765472312,0.024657980456026,0.0542475570032573,0.0049315960912052,0.024657980456026,0.0,0.0197263843648208,0.0493159609120521,0,,,,,,,,,,,,,,,,,,,,,,,,
0.1578110749185667,0.0049315960912052,0.0049315960912052,0.0098631921824104,0.0049315960912052,0.0789055374592833,0.0838371335504886,0.0049315960912052,0.0,0.0,0.0,0.0,0.0,0.024657980456026,0.0049315960912052,0.0098631921824104,0.024657980456026,0.0098631921824104,0.0049315960912052,0.0049315960912052,0.0049315960912052,0.0049315960912052,0.0197263843648208,0.0049315960912052,37,,,,,,,,,,,,,,,,,,,,,,,,
0.0493159609120521,0.0049315960912052,0.0789055374592833,0.0049315960912052,0.0542475570032573,0.0591791530944625,0.0098631921824104,0.0,0.0,0.0,0.0,0.0098631921824104,0.0,0.024657980456026,0.0,0.024657980456026,0.0098631921824104,0.0098631921824104,0.0098631921824104,0.0049315960912052,0.0147947882736156,0.0098631921824104,0.0098631921824104,0.0098631921824104,37,,,,,,,,,,,,,,,,,,,,,,,,
0.0147947882736156,0.0147947882736156,0.0838371335504886,0.0197263843648208,0.1923322475570032,0.0049315960912052,0.0147947882736156,0.0,0.0,0.0,0.0,0.0,0.0,0.0,0.0098631921824104,0.0394527687296416,0.024657980456026,0.0147947882736156,0.0098631921824104,0.0739739413680781,0.0098631921824104,0.0394527687296416,0.0493159609120521,0.0542475570032573,0,,,,,,,,,,,,,,,,,,,,,,,,
0.0147947882736156,0.0197263843648208,0.1282214983713355,0.0887687296416938,0.0,0.0,0.0147947882736156,0.0,0.0098631921824104,0.0,0.0,0.0,0.0,0.0,0.0098631921824104,0.0,0.0345211726384364,0.0049315960912052,0.0739739413680781,0.0789055374592833,0.0690423452768729,0.024657980456026,0.0443843648208469,0.0098631921824104,0,,,,,,,,,,,,,,,,,,,,,,,,
0.0049315960912052,0.0098631921824104,0.0887687296416938,0.0690423452768729,0.0345211726384364,0.0591791530944625,0.0147947882736156,0.0,0.0,0.0,0.0,0.0,0.0,0.024657980456026,0.0,0.0,0.0690423452768729,0.0345211726384364,0.0542475570032573,0.0098631921824104,0.0049315960912052,0.0147947882736156,0.0098631921824104,0.0049315960912052,0,,,,,,,,,,,,,,,,,,,,,,,,
0.0591791530944625,0.0098631921824104,0.0887687296416938,0.0838371335504886,0.1134267100977198,0.0049315960912052,0.0,0.0098631921824104,0.0,0.0,0.0,0.0,0.0,0.0197263843648208,0.0197263843648208,0.0147947882736156,0.0049315960912052,0.0098631921824104,0.0,0.0,0.0,0.0,0.0,0.0345211726384364,0,,,,,,,,,,,,,,,,,,,,,,,,
0.0197263843648208,0.093700325732899,0.0098631921824104,0.1972638436482084,0.0443843648208469,0.0098631921824104,0.0,0.0,0.0,0.0,0.0,0.0,0.0,0.0295895765472312,0.0049315960912052,0.0,0.024657980456026,0.0,0.0,0.0098631921824104,0.0,0.0,0.0098631921824104,0.0147947882736156,0,,,,,,,,,,,,,,,,,,,,,,,,
0.0098631921824104,0.0443843648208469,0.0690423452768729,0.0443843648208469,0.118358306188925,0.0049315960912052,0.0147947882736156,0.0,0.0,0.0,0.0,0.0,0.0,0.0197263843648208,0.0147947882736156,0.0147947882736156,0.0147947882736156,0.0443843648208469,0.0049315960912052,0.0049315960912052,0.0,0.0,0.0443843648208469,0.0197263843648208,0,,,,,,,,,,,,,,,,,,,,,,,,
0.0443843648208469,0.0049315960912052,0.0197263843648208,0.0591791530944625,0.1331530944625407,0.0098631921824104,0.0147947882736156,0.0,0.0,0.0,0.0,0.0049315960912052,0.0,0.0147947882736156,0.0,0.0295895765472312,0.0098631921824104,0.0394527687296416,0.0049315960912052,0.0098631921824104,0.0049315960912052,0.0,0.0098631921824104,0.0,0,,,,,,,,,,,,,,,,,,,,,,,,
0.0591791530944625,0.0493159609120521,0.0049315960912052,0.0690423452768729,0.0838371335504886,0.0739739413680781,0.0098631921824104,0.0,0.0,0.0,0.0,0.0,0.0098631921824104,0.0098631921824104,0.0049315960912052,0.0147947882736156,0.0295895765472312,0.0789055374592833,0.0049315960912052,0.0197263843648208,0.0443843648208469,0.0147947882736156,0.0098631921824104,0.0,0,,,,,,,,,,,,,,,,,,,,,,,,
0.0838371335504886,0.0049315960912052,0.1430162866449511,0.1676742671009772,0.0147947882736156,0.0,0.0147947882736156,0.0,0.0,0.0,0.0,0.0,0.0,0.0,0.0049315960912052,0.0295895765472312,0.0197263843648208,0.0049315960912052,0.0,0.0098631921824104,0.0591791530944625,0.024657980456026,0.0,0.0,27,,,,,,,,,,,,,,,,,,,,,,,,
0.0,0.0,0.0542475570032573,0.0986319218241042,0.0,0.0,0.0147947882736156,0.0098631921824104,0.0049315960912052,0.0,0.0,0.0,0.0049315960912052,0.0,0.0,0.024657980456026,0.0493159609120521,0.0641107491856677,0.0443843648208469,0.024657980456026,0.0049315960912052,0.0,0.0,0.0147947882736156,0,,,,,,,,,,,,,,,,,,,,,,,,
0.0887687296416938,0.1430162866449511,0.2268534201954397,0.0295895765472312,0.0690423452768729,0.0838371335504886,0.0098631921824104,0.0049315960912052,0.0,0.0,0.0049315960912052,0.0,0.0,0.0147947882736156,0.0049315960912052,0.0197263843648208,0.0098631921824104,0.0,0.0,0.0,0.0,0.0,0.0197263843648208,0.0049315960912052,0,,,,,,,,,,,,,,,,,,,,,,,,
0.0,0.0,0.0,0.0,0.0542475570032573,0.0049315960912052,0.0,0.0,0.0,0.0,0.0,0.0,0.0,0.0,0.0147947882736156,0.0197263843648208,0.0098631921824104,0.0,0.0,0.0098631921824104,0.0098631921824104,0.0,0.0,0.0,0,,,,,,,,,,,,,,,,,,,,,,,,
0.0098631921824104,0.0098631921824104,0.0049315960912052,0.0690423452768729,0.0147947882736156,0.0,0.0,0.0,0.0,0.0,0.0,0.0,0.0,0.0,0.0049315960912052,0.0098631921824104,0.0,0.0147947882736156,0.0049315960912052,0.0098631921824104,0.0,0.0,0.0147947882736156,0.0197263843648208,0,,,,,,,,,,,,,,,,,,,,,,,,
0.0147947882736156,0.0049315960912052,0.0394527687296416,0.0,0.0098631921824104,0.0049315960912052,0.0,0.0049315960912052,0.0,0.0,0.0049315960912052,0.0,0.0,0.0,0.0098631921824104,0.0098631921824104,0.0147947882736156,0.0049315960912052,0.0,0.0098631921824104,0.0049315960912052,0.0098631921824104,0.0,0.0,0,,,,,,,,,,,,,,,,,,,,,,,,
0.0147947882736156,0.0197263843648208,0.0,0.0443843648208469,0.0049315960912052,0.0049315960912052,0.0049315960912052,0.0,0.0,0.0,0.0,0.0,0.0,0.0,0.0147947882736156,0.0,0.0098631921824104,0.0,0.0049315960912052,0.0098631921824104,0.0049315960912052,0.0049315960912052,0.0,0.0049315960912052,0,,,,,,,,,,,,,,,,,,,,,,,,
0.0197263843648208,0.0147947882736156,0.0049315960912052,0.0098631921824104,0.0394527687296416,0.0,0.0049315960912052,0.0,0.0,0.0,0.0,0.0,0.0,0.0049315960912052,0.0,0.0098631921824104,0.0,0.0,0.0098631921824104,0.0,0.0,0.0098631921824104,0.0049315960912052,0.0,0,,,,,,,,,,,,,,,,,,,,,,,,
0.0049315960912052,0.0,0.0147947882736156,0.0049315960912052,0.0542475570032573,0.0049315960912052,0.0098631921824104,0.0,0.0,0.0,0.0,0.0,0.0,0.0,0.0147947882736156,0.0147947882736156,0.0295895765472312,0.0049315960912052,0.0,0.0,0.0,0.0098631921824104,0.0049315960912052,0.0049315960912052,0,,,,,,,,,,,,,,,,,,,,,,,,
0.0147947882736156,0.0098631921824104,0.0098631921824104,0.0098631921824104,0.0443843648208469,0.0049315960912052,0.0049315960912052,0.0049315960912052,0.0,0.0,0.0,0.0,0.0,0.0,0.0,0.0147947882736156,0.1676742671009772,0.1331530944625407,0.0591791530944625,0.0049315960912052,0.0147947882736156,0.0049315960912052,0.0049315960912052,0.0641107491856677,13,,,,,,,,,,,,,,,,,,,,,,,,
0.0789055374592833,0.0295895765472312,0.0739739413680781,0.0147947882736156,0.0049315960912052,0.0147947882736156,0.0,0.0,0.0,0.0,0.0,0.0,0.0,0.0049315960912052,0.0,0.0049315960912052,0.024657980456026,0.0197263843648208,0.0197263843648208,0.0098631921824104,0.0049315960912052,0.0,0.0,0.0394527687296416,37,,,,,,,,,,,,,,,,,,,,,,,,
0.0443843648208469,0.0838371335504886,0.1084951140065146,0.0641107491856677,0.1282214983713355,0.0049315960912052,0.0,0.0147947882736156,0.0,0.0,0.0,0.0,0.0,0.0197263843648208,0.0098631921824104,0.0098631921824104,0.0,0.0098631921824104,0.024657980456026,0.0,0.0098631921824104,0.0049315960912052,0.0098631921824104,0.0098631921824104,0,,,,,,,,,,,,,,,,,,,,,,,,
0.0591791530944625,0.0345211726384364,0.1775374592833876,0.0887687296416938,0.0887687296416938,0.0098631921824104,0.0197263843648208,0.0,0.0,0.0,0.0,0.0,0.0,0.0197263843648208,0.024657980456026,0.0197263843648208,0.0049315960912052,0.0147947882736156,0.0,0.0,0.0,0.0,0.0049315960912052,0.024657980456026,0,,,,,,,,,,,,,,,,,,,,,,,,
0.0147947882736156,0.024657980456026,0.0,0.0049315960912052,0.0098631921824104,0.1775374592833876,0.1331530944625407,0.0049315960912052,0.0,0.0,0.0,0.0,0.0,0.0,0.0,0.0197263843648208,0.024657980456026,0.0049315960912052,0.0049315960912052,0.0394527687296416,0.0049315960912052,0.0443843648208469,0.024657980456026,0.0887687296416938,0,,,,,,,,,,,,,,,,,,,,,,,,
0.0049315960912052,0.0295895765472312,0.0443843648208469,0.0838371335504886,0.0789055374592833,0.0098631921824104,0.0197263843648208,0.0,0.0,0.0,0.0,0.0,0.0,0.0,0.0295895765472312,0.024657980456026,0.0542475570032573,0.0197263843648208,0.0098631921824104,0.0,0.0,0.0,0.0147947882736156,0.0147947882736156,0,,,,,,,,,,,,,,,,,,,,,,,,
0.093700325732899,0.0690423452768729,0.0,0.0147947882736156,0.0197263843648208,0.1035635179153094,0.0,0.0197263843648208,0.0,0.0,0.0,0.0,0.0,0.024657980456026,0.0197263843648208,0.0049315960912052,0.0098631921824104,0.0147947882736156,0.0,0.0,0.0,0.0049315960912052,0.0197263843648208,0.0147947882736156,37,,,,,,,,,,,,,,,,,,,,,,,,
0.0690423452768729,0.0147947882736156,0.0690423452768729,0.0739739413680781,0.0690423452768729,0.0147947882736156,0.0,0.0493159609120521,0.0,0.0,0.0,0.0,0.0,0.0147947882736156,0.0049315960912052,0.0049315960912052,0.0197263843648208,0.0049315960912052,0.0049315960912052,0.0,0.0542475570032573,0.0443843648208469,0.0098631921824104,0.0,0,,,,,,,,,,,,,,,,,,,,,,,,
0.0789055374592833,0.0345211726384364,0.0986319218241042,0.0197263843648208,0.0098631921824104,0.1134267100977198,0.0049315960912052,0.0,0.0049315960912052,0.0,0.0,0.0,0.0,0.0197263843648208,0.0049315960912052,0.0049315960912052,0.0295895765472312,0.0345211726384364,0.0641107491856677,0.0049315960912052,0.0,0.0443843648208469,0.0591791530944625,0.0147947882736156,37,,,,,,,,,,,,,,,,,,,,,,,,
0.0345211726384364,0.093700325732899,0.0739739413680781,0.1035635179153094,0.093700325732899,0.0197263843648208,0.0147947882736156,0.0,0.0,0.0,0.0,0.0049315960912052,0.0,0.0295895765472312,0.0,0.0,0.0049315960912052,0.024657980456026,0.0197263843648208,0.0147947882736156,0.0098631921824104,0.0,0.0295895765472312,0.024657980456026,0,,,,,,,,,,,,,,,,,,,,,,,,
0.1232899022801302,0.0394527687296416,0.0,0.0493159609120521,0.1035635179153094,0.0542475570032573,0.0147947882736156,0.0,0.0,0.0,0.0,0.0,0.0,0.0197263843648208,0.0049315960912052,0.0,0.0049315960912052,0.0295895765472312,0.0197263843648208,0.0098631921824104,0.0098631921824104,0.0443843648208469,0.0394527687296416,0.0443843648208469,0,,,,,,,,,,,,,,,,,,,,,,,,
0.0591791530944625,0.0,0.0147947882736156,0.1084951140065146,0.1430162866449511,0.0049315960912052,0.0197263843648208,0.0098631921824104,0.0,0.0493159609120521,0.0,0.0,0.0197263843648208,0.0,0.0147947882736156,0.024657980456026,0.0147947882736156,0.0197263843648208,0.0147947882736156,0.0,0.0147947882736156,0.0098631921824104,0.0295895765472312,0.1232899022801302,0,,,,,,,,,,,,,,,,,,,,,,,,
0.0147947882736156,0.0049315960912052,0.1578110749185667,0.0887687296416938,0.0147947882736156,0.0147947882736156,0.0098631921824104,0.0,0.0,0.0197263843648208,0.0,0.0,0.0,0.0049315960912052,0.0542475570032573,0.0394527687296416,0.0345211726384364,0.0739739413680781,0.0098631921824104,0.024657980456026,0.0394527687296416,0.0049315960912052,0.0197263843648208,0.024657980456026,0,,,,,,,,,,,,,,,,,,,,,,,,
0.0641107491856677,0.0147947882736156,0.1380846905537459,0.2219218241042345,0.0443843648208469,0.0147947882736156,0.0295895765472312,0.0,0.0,0.0,0.0,0.0,0.0,0.0049315960912052,0.0394527687296416,0.0295895765472312,0.0197263843648208,0.0493159609120521,0.0197263843648208,0.0295895765472312,0.0493159609120521,0.0098631921824104,0.024657980456026,0.0394527687296416,27,,,,,,,,,,,,,,,,,,,,,,,,
0.0197263843648208,0.0690423452768729,0.1232899022801302,0.0542475570032573,0.0098631921824104,0.1084951140065146,0.0049315960912052,0.0,0.0,0.0,0.0,0.0,0.0,0.0394527687296416,0.0197263843648208,0.0049315960912052,0.0443843648208469,0.0147947882736156,0.0049315960912052,0.0542475570032573,0.0345211726384364,0.0295895765472312,0.024657980456026,0.024657980456026,0,,,,,,,,,,,,,,,,,,,,,,,,
0.0147947882736156,0.0838371335504886,0.0641107491856677,0.1282214983713355,0.0,0.0591791530944625,0.024657980456026,0.0,0.0,0.0,0.0,0.0,0.0098631921824104,0.0197263843648208,0.0493159609120521,0.0838371335504886,0.0542475570032573,0.0,0.024657980456026,0.0295895765472312,0.0,0.0098631921824104,0.0147947882736156,0.0295895765472312,0,,,,,,,,,,,,,,,,,,,,,,,,
0.0394527687296416,0.0147947882736156,0.0887687296416938,0.0542475570032573,0.1035635179153094,0.0098631921824104,0.024657980456026,0.0,0.0098631921824104,0.0,0.0,0.0,0.0098631921824104,0.0591791530944625,0.0493159609120521,0.0295895765472312,0.0147947882736156,0.0493159609120521,0.0295895765472312,0.0,0.024657980456026,0.0,0.0197263843648208,0.0295895765472312,0,,,,,,,,,,,,,,,,,,,,,,,,
0.0986319218241042,0.0739739413680781,0.1775374592833876,0.1331530944625407,0.0049315960912052,0.0147947882736156,0.0098631921824104,0.0,0.0049315960912052,0.0,0.0,0.0,0.0,0.024657980456026,0.0394527687296416,0.0443843648208469,0.0147947882736156,0.0394540716612377,0.0838371335504886,0.0542475570032573,0.0,0.0098631921824104,0.0443843648208469,0.0197263843648208,0,,,,,,,,,,,,,,,,,,,,,,,,
0.0098631921824104,0.1430162866449511,0.024657980456026,0.162742671009772,0.0049315960912052,0.024657980456026,0.0,0.0,0.0,0.0,0.0,0.0,0.0,0.0295895765472312,0.024657980456026,0.0345211726384364,0.024657980456026,0.0641107491856677,0.0098631921824104,0.0,0.0147947882736156,0.0,0.0493159609120521,0.0887687296416938,0,,,,,,,,,,,,,,,,,,,,,,,,
0.0,0.0098631921824104,0.0147947882736156,0.1134267100977198,0.0345211726384364,0.0197263843648208,0.0,0.0,0.0,0.0197263843648208,0.0,0.0,0.0,0.0049315960912052,0.0542475570032573,0.0394527687296416,0.0641107491856677,0.0542475570032573,0.0147947882736156,0.0049315960912052,0.0049315960912052,0.0887687296416938,0.0098631921824104,0.0394527687296416,0,,,,,,,,,,,,,,,,,,,,,,,,
0.0295895765472312,0.0493159609120521,0.0443843648208469,0.1528794788273615,0.0789055374592833,0.0295895765472312,0.0,0.0,0.0,0.0,0.0098631921824104,0.0098631921824104,0.0295895765472312,0.024657980456026,0.0098631921824104,0.0,0.024657980456026,0.0098631921824104,0.0197263843648208,0.0098631921824104,0.0049315960912052,0.0049315960912052,0.0147947882736156,0.0049315960912052,0,,,,,,,,,,,,,,,,,,,,,,,,
0.0591791530944625,0.0789055374592833,0.093700325732899,0.0,0.0098631921824104,0.0197263843648208,0.0049315960912052,0.0,0.0,0.0,0.0,0.0,0.0,0.0295895765472312,0.0098631921824104,0.0098631921824104,0.0049315960912052,0.0197263843648208,0.0295895765472312,0.0,0.0345211726384364,0.0049315960912052,0.024657980456026,0.0443843648208469,37,,,,,,,,,,,,,,,,,,,,,,,,
0.0147947882736156,0.0147947882736156,0.1232899022801302,0.093700325732899,0.0197263843648208,0.0197263843648208,0.0,0.0,0.0,0.0,0.0,0.0,0.0,0.0295895765472312,0.0049315960912052,0.024657980456026,0.0049315960912052,0.0,0.0,0.0,0.0,0.0147947882736156,0.0147947882736156,0.0049315960912052,0,,,,,,,,,,,,,,,,,,,,,,,,
0.0098631921824104,0.0147947882736156,0.0739739413680781,0.1430162866449511,0.0394527687296416,0.0197263843648208,0.0098631921824104,0.0,0.0,0.0049315960912052,0.0,0.0,0.0,0.0147947882736156,0.0345211726384364,0.0345211726384364,0.0049315960912052,0.0098631921824104,0.0,0.0,0.0049315960912052,0.0147947882736156,0.0,0.0542475570032573,0,,,,,,,,,,,,,,,,,,,,,,,,
0.0641107491856677,0.0443843648208469,0.0986319218241042,0.0838371335504886,0.0,0.0147947882736156,0.0493159609120521,0.0,0.0,0.0,0.0,0.0,0.0,0.0,0.0049315960912052,0.0394527687296416,0.0542475570032573,0.0049315960912052,0.0,0.0147947882736156,0.0049315960912052,0.0345211726384364,0.0887687296416938,0.0591791530944625,0,,,,,,,,,,,,,,,,,,,,,,,,
0.0147947882736156,0.0641107491856677,0.093700325732899,0.1035635179153094,0.0394527687296416,0.0049315960912052,0.0147947882736156,0.0,0.0,0.0,0.0,0.0,0.0,0.0197263843648208,0.0098631921824104,0.0197263843648208,0.0147947882736156,0.0493159609120521,0.0493159609120521,0.0295895765472312,0.0049315960912052,0.0,0.0147947882736156,0.0197263843648208,45,,,,,,,,,,,,,,,,,,,,,,,,
0.0493159609120521,0.0197263843648208,0.0591791530944625,0.0641107491856677,0.0789055374592833,0.0,0.0345211726384364,0.0049315960912052,0.0,0.0,0.0,0.0,0.0,0.0147947882736156,0.0,0.0197263843648208,0.0049315960912052,0.0098631921824104,0.0,0.0049315960912052,0.0,0.0049315960912052,0.0197263843648208,0.0591791530944625,22,,,,,,,,,,,,,,,,,,,,,,,,
0.0295895765472312,0.0838371335504886,0.0394527687296416,0.118358306188925,0.0049315960912052,0.0,0.0739739413680781,0.0049315960912052,0.0049315960912052,0.0,0.0,0.0,0.0,0.0197263843648208,0.0049315960912052,0.0,0.0197263843648208,0.0147947882736156,0.0345211726384364,0.0493159609120521,0.0,0.0,0.0098631921824104,0.0394527687296416,45,,,,,,,,,,,,,,,,,,,,,,,,
0.0443843648208469,0.0147947882736156,0.0493159609120521,0.0591791530944625,0.1035635179153094,0.0443843648208469,0.0197263843648208,0.0,0.0,0.0,0.0,0.0,0.0,0.0197263843648208,0.0049315960912052,0.0049315960912052,0.0295895765472312,0.0197263843648208,0.0049315960912052,0.0147947882736156,0.0,0.0049315960912052,0.0493159609120521,0.0147947882736156,0,,,,,,,,,,,,,,,,,,,,,,,,
0.0049315960912052,0.0739739413680781,0.093700325732899,0.118358306188925,0.0098631921824104,0.0098631921824104,0.0,0.0,0.0,0.0,0.0,0.0,0.0,0.0049315960912052,0.0049315960912052,0.0295895765472312,0.0147947882736156,0.0197263843648208,0.0,0.0049315960912052,0.0049315960912052,0.0,0.0098631921824104,0.0789055374592833,0,,,,,,,,,,,,,,,,,,,,,,,,
0.024657980456026,0.1134267100977198,0.0641107491856677,0.0,0.0641107491856677,0.0,0.0098631921824104,0.0,0.0,0.0,0.0,0.0,0.0,0.0,0.024657980456026,0.024657980456026,0.0049315960912052,0.0049315960912052,0.0,0.0,0.0,0.0049315960912052,0.0098631921824104,0.0049315960912052,0,,,,,,,,,,,,,,,,,,,,,,,,
0.0098631921824104,0.0197263843648208,0.0739739413680781,0.0887687296416938,0.0049315960912052,0.0,0.0197263843648208,0.0,0.0,0.0,0.0049315960912052,0.0,0.0,0.0,0.0,0.0098631921824104,0.0197263843648208,0.0542475570032573,0.0,0.0,0.0,0.0,0.0,0.0,0,,,,,,,,,,,,,,,,,,,,,,,,
0.0,0.0,0.0295895765472312,0.0838371335504886,0.0986319218241042,0.0,0.0,0.0098631921824104,0.0,0.0,0.0,0.0,0.0,0.0,0.0098631921824104,0.0,0.0,0.0197263843648208,0.024657980456026,0.0049315960912052,0.0049315960912052,0.0,0.0,0.0739739413680781,22,,,,,,,,,,,,,,,,,,,,,,,,
0.0345211726384364,0.0098631921824104,0.0739739413680781,0.0542475570032573,0.0789055374592833,0.024657980456026,0.0493159609120521,0.0049315960912052,0.0,0.0,0.0,0.0,0.0,0.0049315960912052,0.0147947882736156,0.0443843648208469,0.0049315960912052,0.0147947882736156,0.0345211726384364,0.0443843648208469,0.0098631921824104,0.0295895765472312,0.0049315960912052,0.0394527687296416,0,,,,,,,,,,,,,,,,,,,,,,,,
0.118358306188925,0.0394527687296416,0.0789055374592833,0.0887687296416938,0.0690423452768729,0.0098631921824104,0.0197263843648208,0.0,0.0,0.0,0.0,0.0,0.0,0.024657980456026,0.0049315960912052,0.0197263843648208,0.0147947882736156,0.0049315960912052,0.0098631921824104,0.0,0.0,0.0049315960912052,0.0197263843648208,0.0739739413680781,22,,,,,,,,,,,,,,,,,,,,,,,,
0.024657980456026,0.0739739413680781,0.0690423452768729,0.1331530944625407,0.024657980456026,0.0493159609120521,0.0049315960912052,0.0098631921824104,0.0,0.0,0.0,0.0,0.0,0.0295895765472312,0.0,0.0,0.0197263843648208,0.024657980456026,0.0049315960912052,0.0,0.0,0.0098631921824104,0.0,0.0197263843648208,45,,,,,,,,,,,,,,,,,,,,,,,,
0.0493159609120521,0.0049315960912052,0.0838371335504886,0.118358306188925,0.0295895765472312,0.0197263843648208,0.0049315960912052,0.0,0.0,0.0,0.0,0.0049315960912052,0.0,0.0197263843648208,0.0049315960912052,0.0049315960912052,0.0197263843648208,0.0147947882736156,0.0098631921824104,0.0591791530944625,0.0197263843648208,0.0049315960912052,0.0098631921824104,0.0147947882736156,16,,,,,,,,,,,,,,,,,,,,,,,,
0.0542475570032573,0.0098631921824104,0.0887687296416938,0.0345211726384364,0.1380846905537459,0.0147947882736156,0.0147947882736156,0.0049315960912052,0.0,0.0,0.0,0.0,0.0,0.0,0.0,0.0493159609120521,0.0098631921824104,0.0,0.0295895765472312,0.0493159609120521,0.0147947882736156,0.0098631921824104,0.0098631921824104,0.0,22,,,,,,,,,,,,,,,,,,,,,,,,
0.0394527687296416,0.0,0.0,0.0,0.0986319218241042,0.0098631921824104,0.0,0.0,0.0147947882736156,0.0,0.0,0.0,0.0,0.0,0.0197263843648208,0.0394527687296416,0.0986319218241042,0.0591791530944625,0.0542475570032573,0.0690423452768729,0.0542475570032573,0.0443843648208469,0.0049315960912052,0.0,0,,,,,,,,,,,,,,,,,,,,,,,,
0.0,0.0,0.0591791530944625,0.0542475570032573,0.0739739413680781,0.0,0.0394527687296416,0.0,0.0,0.0,0.0,0.0,0.0,0.0295895765472312,0.0098631921824104,0.0,0.0098631921824104,0.0197263843648208,0.0098631921824104,0.0,0.0049315960912052,0.0049315960912052,0.024657980456026,0.0147947882736156,0,,,,,,,,,,,,,,,,,,,,,,,,
0.0838371335504886,0.024657980456026,0.1232899022801302,0.0641107491856677,0.0,0.0049315960912052,0.0197263843648208,0.0,0.0,0.0,0.0,0.0,0.0,0.0295895765472312,0.0,0.0394527687296416,0.0,0.0098631921824104,0.0,0.0049315960912052,0.0049315960912052,0.0147947882736156,0.0098631921824104,0.0345211726384364,22,,,,,,,,,,,,,,,,,,,,,,,,
0.0443843648208469,0.0147947882736156,0.0789055374592833,0.1578110749185667,0.0197263843648208,0.0049315960912052,0.0049315960912052,0.0,0.0,0.0,0.0049315960912052,0.0,0.0,0.024657980456026,0.0,0.0,0.0295895765472312,0.024657980456026,0.0542475570032573,0.0049315960912052,0.024657980456026,0.0,0.0197263843648208,0.0493159609120521,16,,,,,,,,,,,,,,,,,,,,,,,,
0.1578110749185667,0.0049315960912052,0.0049315960912052,0.0098631921824104,0.0049315960912052,0.0789055374592833,0.0838371335504886,0.0049315960912052,0.0,0.0,0.0,0.0,0.0,0.024657980456026,0.0049315960912052,0.0098631921824104,0.024657980456026,0.0098631921824104,0.0049315960912052,0.0049315960912052,0.0049315960912052,0.0049315960912052,0.0197263843648208,0.0049315960912052,0,,,,,,,,,,,,,,,,,,,,,,,,
0.0493159609120521,0.0049315960912052,0.0789055374592833,0.0049315960912052,0.0542475570032573,0.0591791530944625,0.0098631921824104,0.0,0.0,0.0,0.0,0.0098631921824104,0.0,0.024657980456026,0.0,0.024657980456026,0.0098631921824104,0.0098631921824104,0.0098631921824104,0.0049315960912052,0.0147947882736156,0.0098631921824104,0.0098631921824104,0.0098631921824104,0,,,,,,,,,,,,,,,,,,,,,,,,
0.0147947882736156,0.0147947882736156,0.0838371335504886,0.0197263843648208,0.1923322475570032,0.0049315960912052,0.0147947882736156,0.0,0.0,0.0,0.0,0.0,0.0,0.0,0.0098631921824104,0.0394527687296416,0.024657980456026,0.0147947882736156,0.0098631921824104,0.0739739413680781,0.0098631921824104,0.0394527687296416,0.0493159609120521,0.0542475570032573,0,,,,,,,,,,,,,,,,,,,,,,,,
0.0147947882736156,0.0197263843648208,0.1282214983713355,0.0887687296416938,0.0,0.0,0.0147947882736156,0.0,0.0098631921824104,0.0,0.0,0.0,0.0,0.0,0.0098631921824104,0.0,0.0345211726384364,0.0049315960912052,0.0739739413680781,0.0789055374592833,0.0690423452768729,0.024657980456026,0.0443843648208469,0.0098631921824104,48,,,,,,,,,,,,,,,,,,,,,,,,
0.0049315960912052,0.0098631921824104,0.0887687296416938,0.0690423452768729,0.0345211726384364,0.0591791530944625,0.0147947882736156,0.0,0.0,0.0,0.0,0.0,0.0,0.024657980456026,0.0,0.0,0.0690423452768729,0.0345211726384364,0.0542475570032573,0.0098631921824104,0.0049315960912052,0.0147947882736156,0.0098631921824104,0.0049315960912052,0,,,,,,,,,,,,,,,,,,,,,,,,
0.0591791530944625,0.0098631921824104,0.0887687296416938,0.0838371335504886,0.1134267100977198,0.0049315960912052,0.0,0.0098631921824104,0.0,0.0,0.0,0.0,0.0,0.0197263843648208,0.0197263843648208,0.0147947882736156,0.0049315960912052,0.0098631921824104,0.0,0.0,0.0,0.0,0.0,0.0345211726384364,22,,,,,,,,,,,,,,,,,,,,,,,,
0.0197263843648208,0.093700325732899,0.0098631921824104,0.1972638436482084,0.0443843648208469,0.0098631921824104,0.0,0.0,0.0,0.0,0.0,0.0,0.0,0.0295895765472312,0.0049315960912052,0.0,0.024657980456026,0.0,0.0,0.0098631921824104,0.0,0.0,0.0098631921824104,0.0147947882736156,45,,,,,,,,,,,,,,,,,,,,,,,,
0.0098631921824104,0.0443843648208469,0.0690423452768729,0.0443843648208469,0.118358306188925,0.0049315960912052,0.0147947882736156,0.0,0.0,0.0,0.0,0.0,0.0,0.0197263843648208,0.0147947882736156,0.0147947882736156,0.0147947882736156,0.0443843648208469,0.0049315960912052,0.0049315960912052,0.0,0.0,0.0443843648208469,0.0197263843648208,0,,,,,,,,,,,,,,,,,,,,,,,,
0.0443843648208469,0.0049315960912052,0.0197263843648208,0.0591791530944625,0.1331530944625407,0.0098631921824104,0.0147947882736156,0.0,0.0,0.0,0.0,0.0049315960912052,0.0,0.0147947882736156,0.0,0.0295895765472312,0.0098631921824104,0.0394527687296416,0.0049315960912052,0.0098631921824104,0.0049315960912052,0.0,0.0098631921824104,0.0,0,,,,,,,,,,,,,,,,,,,,,,,,
0.0591791530944625,0.0493159609120521,0.0049315960912052,0.0690423452768729,0.0838371335504886,0.0739739413680781,0.0098631921824104,0.0,0.0,0.0,0.0,0.0,0.0098631921824104,0.0098631921824104,0.0049315960912052,0.0147947882736156,0.0295895765472312,0.0789055374592833,0.0049315960912052,0.0197263843648208,0.0443843648208469,0.0147947882736156,0.0098631921824104,0.0,0,,,,,,,,,,,,,,,,,,,,,,,,
0.0838371335504886,0.0049315960912052,0.1430162866449511,0.1676742671009772,0.0147947882736156,0.0,0.0147947882736156,0.0,0.0,0.0,0.0,0.0,0.0,0.0,0.0049315960912052,0.0295895765472312,0.0197263843648208,0.0049315960912052,0.0,0.0098631921824104,0.0591791530944625,0.024657980456026,0.0,0.0,16,,,,,,,,,,,,,,,,,,,,,,,,
0.0,0.0,0.0542475570032573,0.0986319218241042,0.0,0.0,0.0147947882736156,0.0098631921824104,0.0049315960912052,0.0,0.0,0.0,0.0049315960912052,0.0,0.0,0.024657980456026,0.0493159609120521,0.0641107491856677,0.0443843648208469,0.024657980456026,0.0049315960912052,0.0,0.0,0.0147947882736156,16,,,,,,,,,,,,,,,,,,,,,,,,
0.0887687296416938,0.1430162866449511,0.2268534201954397,0.0295895765472312,0.0690423452768729,0.0838371335504886,0.0098631921824104,0.0049315960912052,0.0,0.0,0.0049315960912052,0.0,0.0,0.0147947882736156,0.0049315960912052,0.0197263843648208,0.0098631921824104,0.0,0.0,0.0,0.0,0.0,0.0197263843648208,0.0049315960912052,45,,,,,,,,,,,,,,,,,,,,,,,,
0.0,0.0,0.0,0.0,0.0542475570032573,0.0049315960912052,0.0,0.0,0.0,0.0,0.0,0.0,0.0,0.0,0.0147947882736156,0.0197263843648208,0.0098631921824104,0.0,0.0,0.0098631921824104,0.0098631921824104,0.0,0.0,0.0,0,,,,,,,,,,,,,,,,,,,,,,,,
0.0098631921824104,0.0098631921824104,0.0049315960912052,0.0690423452768729,0.0147947882736156,0.0,0.0,0.0,0.0,0.0,0.0,0.0,0.0,0.0,0.0049315960912052,0.0098631921824104,0.0,0.0147947882736156,0.0049315960912052,0.0098631921824104,0.0,0.0,0.0147947882736156,0.0197263843648208,0,,,,,,,,,,,,,,,,,,,,,,,,
0.0147947882736156,0.0049315960912052,0.0394527687296416,0.0,0.0098631921824104,0.0049315960912052,0.0,0.0049315960912052,0.0,0.0,0.0049315960912052,0.0,0.0,0.0,0.0098631921824104,0.0098631921824104,0.0147947882736156,0.0049315960912052,0.0,0.0098631921824104,0.0049315960912052,0.0098631921824104,0.0,0.0,0,,,,,,,,,,,,,,,,,,,,,,,,
0.0147947882736156,0.0197263843648208,0.0,0.0443843648208469,0.0049315960912052,0.0049315960912052,0.0049315960912052,0.0,0.0,0.0,0.0,0.0,0.0,0.0,0.0147947882736156,0.0,0.0098631921824104,0.0,0.0049315960912052,0.0098631921824104,0.0049315960912052,0.0049315960912052,0.0,0.0049315960912052,0,,,,,,,,,,,,,,,,,,,,,,,,
0.0197263843648208,0.0147947882736156,0.0049315960912052,0.0098631921824104,0.0394527687296416,0.0,0.0049315960912052,0.0,0.0,0.0,0.0,0.0,0.0,0.0049315960912052,0.0,0.0098631921824104,0.0,0.0,0.0098631921824104,0.0,0.0,0.0098631921824104,0.0049315960912052,0.0,0,,,,,,,,,,,,,,,,,,,,,,,,
0.0049315960912052,0.0,0.0147947882736156,0.0049315960912052,0.0542475570032573,0.0049315960912052,0.0098631921824104,0.0,0.0,0.0,0.0,0.0,0.0,0.0,0.0147947882736156,0.0147947882736156,0.0295895765472312,0.0049315960912052,0.0,0.0,0.0,0.0098631921824104,0.0049315960912052,0.0049315960912052,0,,,,,,,,,,,,,,,,,,,,,,,,
0.0147947882736156,0.0098631921824104,0.0098631921824104,0.0098631921824104,0.0443843648208469,0.0049315960912052,0.0049315960912052,0.0049315960912052,0.0,0.0,0.0,0.0,0.0,0.0,0.0,0.0147947882736156,0.1676742671009772,0.1331530944625407,0.0591791530944625,0.0049315960912052,0.0147947882736156,0.0049315960912052,0.0049315960912052,0.0641107491856677,0,,,,,,,,,,,,,,,,,,,,,,,,
0.0789055374592833,0.0295895765472312,0.0739739413680781,0.0147947882736156,0.0049315960912052,0.0147947882736156,0.0,0.0,0.0,0.0,0.0,0.0,0.0,0.0049315960912052,0.0,0.0049315960912052,0.024657980456026,0.0197263843648208,0.0197263843648208,0.0098631921824104,0.0049315960912052,0.0,0.0,0.0394527687296416,0,,,,,,,,,,,,,,,,,,,,,,,,
0.0443843648208469,0.0838371335504886,0.1084951140065146,0.0641107491856677,0.1282214983713355,0.0049315960912052,0.0,0.0147947882736156,0.0,0.0,0.0,0.0,0.0,0.0197263843648208,0.0098631921824104,0.0098631921824104,0.0,0.0098631921824104,0.024657980456026,0.0,0.0098631921824104,0.0049315960912052,0.0098631921824104,0.0098631921824104,45,,,,,,,,,,,,,,,,,,,,,,,,
0.0591791530944625,0.0345211726384364,0.1775374592833876,0.0887687296416938,0.0887687296416938,0.0098631921824104,0.0197263843648208,0.0,0.0,0.0,0.0,0.0,0.0,0.0197263843648208,0.024657980456026,0.0197263843648208,0.0049315960912052,0.0147947882736156,0.0,0.0,0.0,0.0,0.0049315960912052,0.024657980456026,22,,,,,,,,,,,,,,,,,,,,,,,,
0.0147947882736156,0.024657980456026,0.0,0.0049315960912052,0.0098631921824104,0.1775374592833876,0.1331530944625407,0.0049315960912052,0.0,0.0,0.0,0.0,0.0,0.0,0.0,0.0197263843648208,0.024657980456026,0.0049315960912052,0.0049315960912052,0.0394527687296416,0.0049315960912052,0.0443843648208469,0.024657980456026,0.0887687296416938,0,,,,,,,,,,,,,,,,,,,,,,,,
0.0049315960912052,0.0295895765472312,0.0443843648208469,0.0838371335504886,0.0789055374592833,0.0098631921824104,0.0197263843648208,0.0,0.0,0.0,0.0,0.0,0.0,0.0,0.0295895765472312,0.024657980456026,0.0542475570032573,0.0197263843648208,0.0098631921824104,0.0,0.0,0.0,0.0147947882736156,0.0147947882736156,0,,,,,,,,,,,,,,,,,,,,,,,,
0.093700325732899,0.0690423452768729,0.0,0.0147947882736156,0.0197263843648208,0.1035635179153094,0.0,0.0197263843648208,0.0,0.0,0.0,0.0,0.0,0.024657980456026,0.0197263843648208,0.0049315960912052,0.0098631921824104,0.0147947882736156,0.0,0.0,0.0,0.0049315960912052,0.0197263843648208,0.0147947882736156,0,,,,,,,,,,,,,,,,,,,,,,,,
0.0690423452768729,0.0147947882736156,0.0690423452768729,0.0739739413680781,0.0690423452768729,0.0147947882736156,0.0,0.0493159609120521,0.0,0.0,0.0,0.0,0.0,0.0147947882736156,0.0049315960912052,0.0049315960912052,0.0197263843648208,0.0049315960912052,0.0049315960912052,0.0,0.0542475570032573,0.0443843648208469,0.0098631921824104,0.0,22,,,,,,,,,,,,,,,,,,,,,,,,
0.0789055374592833,0.0345211726384364,0.0986319218241042,0.0197263843648208,0.0098631921824104,0.1134267100977198,0.0049315960912052,0.0,0.0049315960912052,0.0,0.0,0.0,0.0,0.0197263843648208,0.0049315960912052,0.0049315960912052,0.0295895765472312,0.0345211726384364,0.0641107491856677,0.0049315960912052,0.0,0.0443843648208469,0.0591791530944625,0.0147947882736156,0,,,,,,,,,,,,,,,,,,,,,,,,
0.0345211726384364,0.093700325732899,0.0739739413680781,0.1035635179153094,0.093700325732899,0.0197263843648208,0.0147947882736156,0.0,0.0,0.0,0.0,0.0049315960912052,0.0,0.0295895765472312,0.0,0.0,0.0049315960912052,0.024657980456026,0.0197263843648208,0.0147947882736156,0.0098631921824104,0.0,0.0295895765472312,0.024657980456026,45,,,,,,,,,,,,,,,,,,,,,,,,
0.1232899022801302,0.0394527687296416,0.0,0.0493159609120521,0.1035635179153094,0.0542475570032573,0.0147947882736156,0.0,0.0,0.0,0.0,0.0,0.0,0.0197263843648208,0.0049315960912052,0.0,0.0049315960912052,0.0295895765472312,0.0197263843648208,0.0098631921824104,0.0098631921824104,0.0443843648208469,0.0394527687296416,0.0443843648208469,0,,,,,,,,,,,,,,,,,,,,,,,,
0.0591791530944625,0.0,0.0147947882736156,0.1084951140065146,0.1430162866449511,0.0049315960912052,0.0197263843648208,0.0098631921824104,0.0,0.0493159609120521,0.0,0.0,0.0197263843648208,0.0,0.0147947882736156,0.024657980456026,0.0147947882736156,0.0197263843648208,0.0147947882736156,0.0,0.0147947882736156,0.0098631921824104,0.0295895765472312,0.1232899022801302,22,,,,,,,,,,,,,,,,,,,,,,,,
0.0147947882736156,0.0049315960912052,0.1578110749185667,0.0887687296416938,0.0147947882736156,0.0147947882736156,0.0098631921824104,0.0,0.0,0.0197263843648208,0.0,0.0,0.0,0.0049315960912052,0.0542475570032573,0.0394527687296416,0.0345211726384364,0.0739739413680781,0.0098631921824104,0.024657980456026,0.0394527687296416,0.0049315960912052,0.0197263843648208,0.024657980456026,48,,,,,,,,,,,,,,,,,,,,,,,,
0.0641107491856677,0.0147947882736156,0.1380846905537459,0.2219218241042345,0.0443843648208469,0.0147947882736156,0.0295895765472312,0.0,0.0,0.0,0.0,0.0,0.0,0.0049315960912052,0.0394527687296416,0.0295895765472312,0.0197263843648208,0.0493159609120521,0.0197263843648208,0.0295895765472312,0.0493159609120521,0.0098631921824104,0.024657980456026,0.0394527687296416,16,,,,,,,,,,,,,,,,,,,,,,,,
0.0197263843648208,0.0690423452768729,0.1232899022801302,0.0542475570032573,0.0098631921824104,0.1084951140065146,0.0049315960912052,0.0,0.0,0.0,0.0,0.0,0.0,0.0394527687296416,0.0197263843648208,0.0049315960912052,0.0443843648208469,0.0147947882736156,0.0049315960912052,0.0542475570032573,0.0345211726384364,0.0295895765472312,0.024657980456026,0.024657980456026,51,,,,,,,,,,,,,,,,,,,,,,,,
0.0147947882736156,0.0838371335504886,0.0641107491856677,0.1282214983713355,0.0,0.0591791530944625,0.024657980456026,0.0,0.0,0.0,0.0,0.0,0.0098631921824104,0.0197263843648208,0.0493159609120521,0.0838371335504886,0.0542475570032573,0.0,0.024657980456026,0.0295895765472312,0.0,0.0098631921824104,0.0147947882736156,0.0295895765472312,51,,,,,,,,,,,,,,,,,,,,,,,,
0.0394527687296416,0.0147947882736156,0.0887687296416938,0.0542475570032573,0.1035635179153094,0.0098631921824104,0.024657980456026,0.0,0.0098631921824104,0.0,0.0,0.0,0.0098631921824104,0.0591791530944625,0.0493159609120521,0.0295895765472312,0.0147947882736156,0.0493159609120521,0.0295895765472312,0.0,0.024657980456026,0.0,0.0197263843648208,0.0295895765472312,22,,,,,,,,,,,,,,,,,,,,,,,,
0.0986319218241042,0.0739739413680781,0.1775374592833876,0.1331530944625407,0.0049315960912052,0.0147947882736156,0.0098631921824104,0.0,0.0049315960912052,0.0,0.0,0.0,0.0,0.024657980456026,0.0394527687296416,0.0443843648208469,0.0147947882736156,0.0394540716612377,0.0838371335504886,0.0542475570032573,0.0,0.0098631921824104,0.0443843648208469,0.0197263843648208,48,,,,,,,,,,,,,,,,,,,,,,,,
0.0098631921824104,0.1430162866449511,0.024657980456026,0.162742671009772,0.0049315960912052,0.024657980456026,0.0,0.0,0.0,0.0,0.0,0.0,0.0,0.0295895765472312,0.024657980456026,0.0345211726384364,0.024657980456026,0.0641107491856677,0.0098631921824104,0.0,0.0147947882736156,0.0,0.0493159609120521,0.0887687296416938,51,,,,,,,,,,,,,,,,,,,,,,,,
0.0,0.0098631921824104,0.0147947882736156,0.1134267100977198,0.0345211726384364,0.0197263843648208,0.0,0.0,0.0,0.0197263843648208,0.0,0.0,0.0,0.0049315960912052,0.0542475570032573,0.0394527687296416,0.0641107491856677,0.0542475570032573,0.0147947882736156,0.0049315960912052,0.0049315960912052,0.0887687296416938,0.0098631921824104,0.0394527687296416,0,,,,,,,,,,,,,,,,,,,,,,,,
0.0295895765472312,0.0493159609120521,0.0443843648208469,0.1528794788273615,0.0789055374592833,0.0295895765472312,0.0,0.0,0.0,0.0,0.0098631921824104,0.0098631921824104,0.0295895765472312,0.024657980456026,0.0098631921824104,0.0,0.024657980456026,0.0098631921824104,0.0197263843648208,0.0098631921824104,0.0049315960912052,0.0049315960912052,0.0147947882736156,0.0049315960912052,45,,,,,,,,,,,,,,,,,,,,,,,,
0.0591791530944625,0.0789055374592833,0.093700325732899,0.0,0.0098631921824104,0.0197263843648208,0.0049315960912052,0.0,0.0,0.0,0.0,0.0,0.0,0.0295895765472312,0.0098631921824104,0.0098631921824104,0.0049315960912052,0.0197263843648208,0.0295895765472312,0.0,0.0345211726384364,0.0049315960912052,0.024657980456026,0.0443843648208469,0,,,,,,,,,,,,,,,,,,,,,,,,
0.0147947882736156,0.0147947882736156,0.1232899022801302,0.093700325732899,0.0197263843648208,0.0197263843648208,0.0,0.0,0.0,0.0,0.0,0.0,0.0,0.0295895765472312,0.0049315960912052,0.024657980456026,0.0049315960912052,0.0,0.0,0.0,0.0,0.0147947882736156,0.0147947882736156,0.0049315960912052,0,,,,,,,,,,,,,,,,,,,,,,,,
0.0098631921824104,0.0147947882736156,0.0739739413680781,0.1430162866449511,0.0394527687296416,0.0197263843648208,0.0098631921824104,0.0,0.0,0.0049315960912052,0.0,0.0,0.0,0.0147947882736156,0.0345211726384364,0.0345211726384364,0.0049315960912052,0.0098631921824104,0.0,0.0,0.0049315960912052,0.0147947882736156,0.0,0.0542475570032573,0,,,,,,,,,,,,,,,,,,,,,,,,
0.0641107491856677,0.0443843648208469,0.0986319218241042,0.0838371335504886,0.0,0.0147947882736156,0.0493159609120521,0.0,0.0,0.0,0.0,0.0,0.0,0.0,0.0049315960912052,0.0394527687296416,0.0542475570032573,0.0049315960912052,0.0,0.0147947882736156,0.0049315960912052,0.0345211726384364,0.0887687296416938,0.0591791530944625,51,,,,,,,,,,,,,,,,,,,,,,,,
0.0147947882736156,0.0641107491856677,0.093700325732899,0.1035635179153094,0.0394527687296416,0.0049315960912052,0.0147947882736156,0.0,0.0,0.0,0.0,0.0,0.0,0.0197263843648208,0.0098631921824104,0.0197263843648208,0.0147947882736156,0.0493159609120521,0.0493159609120521,0.0295895765472312,0.0049315960912052,0.0,0.0147947882736156,0.0197263843648208,4,,,,,,,,,,,,,,,,,,,,,,,,
0.0493159609120521,0.0197263843648208,0.0591791530944625,0.0641107491856677,0.0789055374592833,0.0,0.0345211726384364,0.0049315960912052,0.0,0.0,0.0,0.0,0.0,0.0147947882736156,0.0,0.0197263843648208,0.0049315960912052,0.0098631921824104,0.0,0.0049315960912052,0.0,0.0049315960912052,0.0197263843648208,0.0591791530944625,0,,,,,,,,,,,,,,,,,,,,,,,,
0.0295895765472312,0.0838371335504886,0.0394527687296416,0.118358306188925,0.0049315960912052,0.0,0.0739739413680781,0.0049315960912052,0.0049315960912052,0.0,0.0,0.0,0.0,0.0197263843648208,0.0049315960912052,0.0,0.0197263843648208,0.0147947882736156,0.0345211726384364,0.0493159609120521,0.0,0.0,0.0098631921824104,0.0394527687296416,2,,,,,,,,,,,,,,,,,,,,,,,,
0.0443843648208469,0.0147947882736156,0.0493159609120521,0.0591791530944625,0.1035635179153094,0.0443843648208469,0.0197263843648208,0.0,0.0,0.0,0.0,0.0,0.0,0.0197263843648208,0.0049315960912052,0.0049315960912052,0.0295895765472312,0.0197263843648208,0.0049315960912052,0.0147947882736156,0.0,0.0049315960912052,0.0493159609120521,0.0147947882736156,0,,,,,,,,,,,,,,,,,,,,,,,,
0.0049315960912052,0.0739739413680781,0.093700325732899,0.118358306188925,0.0098631921824104,0.0098631921824104,0.0,0.0,0.0,0.0,0.0,0.0,0.0,0.0049315960912052,0.0049315960912052,0.0295895765472312,0.0147947882736156,0.0197263843648208,0.0,0.0049315960912052,0.0049315960912052,0.0,0.0098631921824104,0.0789055374592833,4,,,,,,,,,,,,,,,,,,,,,,,,
0.024657980456026,0.1134267100977198,0.0641107491856677,0.0,0.0641107491856677,0.0,0.0098631921824104,0.0,0.0,0.0,0.0,0.0,0.0,0.0,0.024657980456026,0.024657980456026,0.0049315960912052,0.0049315960912052,0.0,0.0,0.0,0.0049315960912052,0.0098631921824104,0.0049315960912052,0,,,,,,,,,,,,,,,,,,,,,,,,
0.0098631921824104,0.0197263843648208,0.0739739413680781,0.0887687296416938,0.0049315960912052,0.0,0.0197263843648208,0.0,0.0,0.0,0.0049315960912052,0.0,0.0,0.0,0.0,0.0098631921824104,0.0197263843648208,0.0542475570032573,0.0,0.0,0.0,0.0,0.0,0.0,11,,,,,,,,,,,,,,,,,,,,,,,,
0.0,0.0,0.0295895765472312,0.0838371335504886,0.0986319218241042,0.0,0.0,0.0098631921824104,0.0,0.0,0.0,0.0,0.0,0.0,0.0098631921824104,0.0,0.0,0.0197263843648208,0.024657980456026,0.0049315960912052,0.0049315960912052,0.0,0.0,0.0739739413680781,0,,,,,,,,,,,,,,,,,,,,,,,,
0.0345211726384364,0.0098631921824104,0.0739739413680781,0.0542475570032573,0.0789055374592833,0.024657980456026,0.0493159609120521,0.0049315960912052,0.0,0.0,0.0,0.0,0.0,0.0049315960912052,0.0147947882736156,0.0443843648208469,0.0049315960912052,0.0147947882736156,0.0345211726384364,0.0443843648208469,0.0098631921824104,0.0295895765472312,0.0049315960912052,0.0394527687296416,0,,,,,,,,,,,,,,,,,,,,,,,,
0.118358306188925,0.0394527687296416,0.0789055374592833,0.0887687296416938,0.0690423452768729,0.0098631921824104,0.0197263843648208,0.0,0.0,0.0,0.0,0.0,0.0,0.024657980456026,0.0049315960912052,0.0197263843648208,0.0147947882736156,0.0049315960912052,0.0098631921824104,0.0,0.0,0.0049315960912052,0.0197263843648208,0.0739739413680781,0,,,,,,,,,,,,,,,,,,,,,,,,
0.024657980456026,0.0739739413680781,0.0690423452768729,0.1331530944625407,0.024657980456026,0.0493159609120521,0.0049315960912052,0.0098631921824104,0.0,0.0,0.0,0.0,0.0,0.0295895765472312,0.0,0.0,0.0197263843648208,0.024657980456026,0.0049315960912052,0.0,0.0,0.0098631921824104,0.0,0.0197263843648208,4,,,,,,,,,,,,,,,,,,,,,,,,
0.0493159609120521,0.0049315960912052,0.0838371335504886,0.118358306188925,0.0295895765472312,0.0197263843648208,0.0049315960912052,0.0,0.0,0.0,0.0,0.0049315960912052,0.0,0.0197263843648208,0.0049315960912052,0.0049315960912052,0.0197263843648208,0.0147947882736156,0.0098631921824104,0.0591791530944625,0.0197263843648208,0.0049315960912052,0.0098631921824104,0.0147947882736156,11,,,,,,,,,,,,,,,,,,,,,,,,
0.0542475570032573,0.0098631921824104,0.0887687296416938,0.0345211726384364,0.1380846905537459,0.0147947882736156,0.0147947882736156,0.0049315960912052,0.0,0.0,0.0,0.0,0.0,0.0,0.0,0.0493159609120521,0.0098631921824104,0.0,0.0295895765472312,0.0493159609120521,0.0147947882736156,0.0098631921824104,0.0098631921824104,0.0,0,,,,,,,,,,,,,,,,,,,,,,,,
0.0394527687296416,0.0,0.0,0.0,0.0986319218241042,0.0098631921824104,0.0,0.0,0.0147947882736156,0.0,0.0,0.0,0.0,0.0,0.0197263843648208,0.0394527687296416,0.0986319218241042,0.0591791530944625,0.0542475570032573,0.0690423452768729,0.0542475570032573,0.0443843648208469,0.0049315960912052,0.0,13,,,,,,,,,,,,,,,,,,,,,,,,
0.0,0.0,0.0591791530944625,0.0542475570032573,0.0739739413680781,0.0,0.0394527687296416,0.0,0.0,0.0,0.0,0.0,0.0,0.0295895765472312,0.0098631921824104,0.0,0.0098631921824104,0.0197263843648208,0.0098631921824104,0.0,0.0049315960912052,0.0049315960912052,0.024657980456026,0.0147947882736156,0,,,,,,,,,,,,,,,,,,,,,,,,
0.0838371335504886,0.024657980456026,0.1232899022801302,0.0641107491856677,0.0,0.0049315960912052,0.0197263843648208,0.0,0.0,0.0,0.0,0.0,0.0,0.0295895765472312,0.0,0.0394527687296416,0.0,0.0098631921824104,0.0,0.0049315960912052,0.0049315960912052,0.0147947882736156,0.0098631921824104,0.0345211726384364,11,,,,,,,,,,,,,,,,,,,,,,,,
0.0443843648208469,0.0147947882736156,0.0789055374592833,0.1578110749185667,0.0197263843648208,0.0049315960912052,0.0049315960912052,0.0,0.0,0.0,0.0049315960912052,0.0,0.0,0.024657980456026,0.0,0.0,0.0295895765472312,0.024657980456026,0.0542475570032573,0.0049315960912052,0.024657980456026,0.0,0.0197263843648208,0.0493159609120521,11,,,,,,,,,,,,,,,,,,,,,,,,
0.1578110749185667,0.0049315960912052,0.0049315960912052,0.0098631921824104,0.0049315960912052,0.0789055374592833,0.0838371335504886,0.0049315960912052,0.0,0.0,0.0,0.0,0.0,0.024657980456026,0.0049315960912052,0.0098631921824104,0.024657980456026,0.0098631921824104,0.0049315960912052,0.0049315960912052,0.0049315960912052,0.0049315960912052,0.0197263843648208,0.0049315960912052,0,,,,,,,,,,,,,,,,,,,,,,,,
0.0493159609120521,0.0049315960912052,0.0789055374592833,0.0049315960912052,0.0542475570032573,0.0591791530944625,0.0098631921824104,0.0,0.0,0.0,0.0,0.0098631921824104,0.0,0.024657980456026,0.0,0.024657980456026,0.0098631921824104,0.0098631921824104,0.0098631921824104,0.0049315960912052,0.0147947882736156,0.0098631921824104,0.0098631921824104,0.0098631921824104,0,,,,,,,,,,,,,,,,,,,,,,,,
0.0147947882736156,0.0147947882736156,0.0838371335504886,0.0197263843648208,0.1923322475570032,0.0049315960912052,0.0147947882736156,0.0,0.0,0.0,0.0,0.0,0.0,0.0,0.0098631921824104,0.0394527687296416,0.024657980456026,0.0147947882736156,0.0098631921824104,0.0739739413680781,0.0098631921824104,0.0394527687296416,0.0493159609120521,0.0542475570032573,0,,,,,,,,,,,,,,,,,,,,,,,,
0.0147947882736156,0.0197263843648208,0.1282214983713355,0.0887687296416938,0.0,0.0,0.0147947882736156,0.0,0.0098631921824104,0.0,0.0,0.0,0.0,0.0,0.0098631921824104,0.0,0.0345211726384364,0.0049315960912052,0.0739739413680781,0.0789055374592833,0.0690423452768729,0.024657980456026,0.0443843648208469,0.0098631921824104,20,,,,,,,,,,,,,,,,,,,,,,,,
0.0049315960912052,0.0098631921824104,0.0887687296416938,0.0690423452768729,0.0345211726384364,0.0591791530944625,0.0147947882736156,0.0,0.0,0.0,0.0,0.0,0.0,0.024657980456026,0.0,0.0,0.0690423452768729,0.0345211726384364,0.0542475570032573,0.0098631921824104,0.0049315960912052,0.0147947882736156,0.0098631921824104,0.0049315960912052,11,,,,,,,,,,,,,,,,,,,,,,,,
0.0591791530944625,0.0098631921824104,0.0887687296416938,0.0838371335504886,0.1134267100977198,0.0049315960912052,0.0,0.0098631921824104,0.0,0.0,0.0,0.0,0.0,0.0197263843648208,0.0197263843648208,0.0147947882736156,0.0049315960912052,0.0098631921824104,0.0,0.0,0.0,0.0,0.0,0.0345211726384364,0,,,,,,,,,,,,,,,,,,,,,,,,
0.0197263843648208,0.093700325732899,0.0098631921824104,0.1972638436482084,0.0443843648208469,0.0098631921824104,0.0,0.0,0.0,0.0,0.0,0.0,0.0,0.0295895765472312,0.0049315960912052,0.0,0.024657980456026,0.0,0.0,0.0098631921824104,0.0,0.0,0.0098631921824104,0.0147947882736156,2,,,,,,,,,,,,,,,,,,,,,,,,
0.0098631921824104,0.0443843648208469,0.0690423452768729,0.0443843648208469,0.118358306188925,0.0049315960912052,0.0147947882736156,0.0,0.0,0.0,0.0,0.0,0.0,0.0197263843648208,0.0147947882736156,0.0147947882736156,0.0147947882736156,0.0443843648208469,0.0049315960912052,0.0049315960912052,0.0,0.0,0.0443843648208469,0.0197263843648208,0,,,,,,,,,,,,,,,,,,,,,,,,
0.0443843648208469,0.0049315960912052,0.0197263843648208,0.0591791530944625,0.1331530944625407,0.0098631921824104,0.0147947882736156,0.0,0.0,0.0,0.0,0.0049315960912052,0.0,0.0147947882736156,0.0,0.0295895765472312,0.0098631921824104,0.0394527687296416,0.0049315960912052,0.0098631921824104,0.0049315960912052,0.0,0.0098631921824104,0.0,0,,,,,,,,,,,,,,,,,,,,,,,,
0.0591791530944625,0.0493159609120521,0.0049315960912052,0.0690423452768729,0.0838371335504886,0.0739739413680781,0.0098631921824104,0.0,0.0,0.0,0.0,0.0,0.0098631921824104,0.0098631921824104,0.0049315960912052,0.0147947882736156,0.0295895765472312,0.0789055374592833,0.0049315960912052,0.0197263843648208,0.0443843648208469,0.0147947882736156,0.0098631921824104,0.0,0,,,,,,,,,,,,,,,,,,,,,,,,
0.0838371335504886,0.0049315960912052,0.1430162866449511,0.1676742671009772,0.0147947882736156,0.0,0.0147947882736156,0.0,0.0,0.0,0.0,0.0,0.0,0.0,0.0049315960912052,0.0295895765472312,0.0197263843648208,0.0049315960912052,0.0,0.0098631921824104,0.0591791530944625,0.024657980456026,0.0,0.0,11,,,,,,,,,,,,,,,,,,,,,,,,
0.0,0.0,0.0542475570032573,0.0986319218241042,0.0,0.0,0.0147947882736156,0.0098631921824104,0.0049315960912052,0.0,0.0,0.0,0.0049315960912052,0.0,0.0,0.024657980456026,0.0493159609120521,0.0641107491856677,0.0443843648208469,0.024657980456026,0.0049315960912052,0.0,0.0,0.0147947882736156,11,,,,,,,,,,,,,,,,,,,,,,,,
0.0887687296416938,0.1430162866449511,0.2268534201954397,0.0295895765472312,0.0690423452768729,0.0838371335504886,0.0098631921824104,0.0049315960912052,0.0,0.0,0.0049315960912052,0.0,0.0,0.0147947882736156,0.0049315960912052,0.0197263843648208,0.0098631921824104,0.0,0.0,0.0,0.0,0.0,0.0197263843648208,0.0049315960912052,39,,,,,,,,,,,,,,,,,,,,,,,,
0.0,0.0,0.0,0.0,0.0542475570032573,0.0049315960912052,0.0,0.0,0.0,0.0,0.0,0.0,0.0,0.0,0.0147947882736156,0.0197263843648208,0.0098631921824104,0.0,0.0,0.0098631921824104,0.0098631921824104,0.0,0.0,0.0,0,,,,,,,,,,,,,,,,,,,,,,,,
0.0098631921824104,0.0098631921824104,0.0049315960912052,0.0690423452768729,0.0147947882736156,0.0,0.0,0.0,0.0,0.0,0.0,0.0,0.0,0.0,0.0049315960912052,0.0098631921824104,0.0,0.0147947882736156,0.0049315960912052,0.0098631921824104,0.0,0.0,0.0147947882736156,0.0197263843648208,0,,,,,,,,,,,,,,,,,,,,,,,,
0.0147947882736156,0.0049315960912052,0.0394527687296416,0.0,0.0098631921824104,0.0049315960912052,0.0,0.0049315960912052,0.0,0.0,0.0049315960912052,0.0,0.0,0.0,0.0098631921824104,0.0098631921824104,0.0147947882736156,0.0049315960912052,0.0,0.0098631921824104,0.0049315960912052,0.0098631921824104,0.0,0.0,0,,,,,,,,,,,,,,,,,,,,,,,,
0.0147947882736156,0.0197263843648208,0.0,0.0443843648208469,0.0049315960912052,0.0049315960912052,0.0049315960912052,0.0,0.0,0.0,0.0,0.0,0.0,0.0,0.0147947882736156,0.0,0.0098631921824104,0.0,0.0049315960912052,0.0098631921824104,0.0049315960912052,0.0049315960912052,0.0,0.0049315960912052,0,,,,,,,,,,,,,,,,,,,,,,,,
0.0197263843648208,0.0147947882736156,0.0049315960912052,0.0098631921824104,0.0394527687296416,0.0,0.0049315960912052,0.0,0.0,0.0,0.0,0.0,0.0,0.0049315960912052,0.0,0.0098631921824104,0.0,0.0,0.0098631921824104,0.0,0.0,0.0098631921824104,0.0049315960912052,0.0,0,,,,,,,,,,,,,,,,,,,,,,,,
0.0049315960912052,0.0,0.0147947882736156,0.0049315960912052,0.0542475570032573,0.0049315960912052,0.0098631921824104,0.0,0.0,0.0,0.0,0.0,0.0,0.0,0.0147947882736156,0.0147947882736156,0.0295895765472312,0.0049315960912052,0.0,0.0,0.0,0.0098631921824104,0.0049315960912052,0.0049315960912052,0,,,,,,,,,,,,,,,,,,,,,,,,
0.0147947882736156,0.0098631921824104,0.0098631921824104,0.0098631921824104,0.0443843648208469,0.0049315960912052,0.0049315960912052,0.0049315960912052,0.0,0.0,0.0,0.0,0.0,0.0,0.0,0.0147947882736156,0.1676742671009772,0.1331530944625407,0.0591791530944625,0.0049315960912052,0.0147947882736156,0.0049315960912052,0.0049315960912052,0.0641107491856677,13,,,,,,,,,,,,,,,,,,,,,,,,
0.0789055374592833,0.0295895765472312,0.0739739413680781,0.0147947882736156,0.0049315960912052,0.0147947882736156,0.0,0.0,0.0,0.0,0.0,0.0,0.0,0.0049315960912052,0.0,0.0049315960912052,0.024657980456026,0.0197263843648208,0.0197263843648208,0.0098631921824104,0.0049315960912052,0.0,0.0,0.0394527687296416,0,,,,,,,,,,,,,,,,,,,,,,,,
0.0443843648208469,0.0838371335504886,0.1084951140065146,0.0641107491856677,0.1282214983713355,0.0049315960912052,0.0,0.0147947882736156,0.0,0.0,0.0,0.0,0.0,0.0197263843648208,0.0098631921824104,0.0098631921824104,0.0,0.0098631921824104,0.024657980456026,0.0,0.0098631921824104,0.0049315960912052,0.0098631921824104,0.0098631921824104,39,,,,,,,,,,,,,,,,,,,,,,,,
0.0591791530944625,0.0345211726384364,0.1775374592833876,0.0887687296416938,0.0887687296416938,0.0098631921824104,0.0197263843648208,0.0,0.0,0.0,0.0,0.0,0.0,0.0197263843648208,0.024657980456026,0.0197263843648208,0.0049315960912052,0.0147947882736156,0.0,0.0,0.0,0.0,0.0049315960912052,0.024657980456026,39,,,,,,,,,,,,,,,,,,,,,,,,
0.0147947882736156,0.024657980456026,0.0,0.0049315960912052,0.0098631921824104,0.1775374592833876,0.1331530944625407,0.0049315960912052,0.0,0.0,0.0,0.0,0.0,0.0,0.0,0.0197263843648208,0.024657980456026,0.0049315960912052,0.0049315960912052,0.0394527687296416,0.0049315960912052,0.0443843648208469,0.024657980456026,0.0887687296416938,0,,,,,,,,,,,,,,,,,,,,,,,,
0.0049315960912052,0.0295895765472312,0.0443843648208469,0.0838371335504886,0.0789055374592833,0.0098631921824104,0.0197263843648208,0.0,0.0,0.0,0.0,0.0,0.0,0.0,0.0295895765472312,0.024657980456026,0.0542475570032573,0.0197263843648208,0.0098631921824104,0.0,0.0,0.0,0.0147947882736156,0.0147947882736156,0,,,,,,,,,,,,,,,,,,,,,,,,
0.093700325732899,0.0690423452768729,0.0,0.0147947882736156,0.0197263843648208,0.1035635179153094,0.0,0.0197263843648208,0.0,0.0,0.0,0.0,0.0,0.024657980456026,0.0197263843648208,0.0049315960912052,0.0098631921824104,0.0147947882736156,0.0,0.0,0.0,0.0049315960912052,0.0197263843648208,0.0147947882736156,0,,,,,,,,,,,,,,,,,,,,,,,,
0.0690423452768729,0.0147947882736156,0.0690423452768729,0.0739739413680781,0.0690423452768729,0.0147947882736156,0.0,0.0493159609120521,0.0,0.0,0.0,0.0,0.0,0.0147947882736156,0.0049315960912052,0.0049315960912052,0.0197263843648208,0.0049315960912052,0.0049315960912052,0.0,0.0542475570032573,0.0443843648208469,0.0098631921824104,0.0,0,,,,,,,,,,,,,,,,,,,,,,,,
0.0789055374592833,0.0345211726384364,0.0986319218241042,0.0197263843648208,0.0098631921824104,0.1134267100977198,0.0049315960912052,0.0,0.0049315960912052,0.0,0.0,0.0,0.0,0.0197263843648208,0.0049315960912052,0.0049315960912052,0.0295895765472312,0.0345211726384364,0.0641107491856677,0.0049315960912052,0.0,0.0443843648208469,0.0591791530944625,0.0147947882736156,0,,,,,,,,,,,,,,,,,,,,,,,,
0.0345211726384364,0.093700325732899,0.0739739413680781,0.1035635179153094,0.093700325732899,0.0197263843648208,0.0147947882736156,0.0,0.0,0.0,0.0,0.0049315960912052,0.0,0.0295895765472312,0.0,0.0,0.0049315960912052,0.024657980456026,0.0197263843648208,0.0147947882736156,0.0098631921824104,0.0,0.0295895765472312,0.024657980456026,0,,,,,,,,,,,,,,,,,,,,,,,,
0.1232899022801302,0.0394527687296416,0.0,0.0493159609120521,0.1035635179153094,0.0542475570032573,0.0147947882736156,0.0,0.0,0.0,0.0,0.0,0.0,0.0197263843648208,0.0049315960912052,0.0,0.0049315960912052,0.0295895765472312,0.0197263843648208,0.0098631921824104,0.0098631921824104,0.0443843648208469,0.0394527687296416,0.0443843648208469,0,,,,,,,,,,,,,,,,,,,,,,,,
0.0591791530944625,0.0,0.0147947882736156,0.1084951140065146,0.1430162866449511,0.0049315960912052,0.0197263843648208,0.0098631921824104,0.0,0.0493159609120521,0.0,0.0,0.0197263843648208,0.0,0.0147947882736156,0.024657980456026,0.0147947882736156,0.0197263843648208,0.0147947882736156,0.0,0.0147947882736156,0.0098631921824104,0.0295895765472312,0.1232899022801302,0,,,,,,,,,,,,,,,,,,,,,,,,
0.0147947882736156,0.0049315960912052,0.1578110749185667,0.0887687296416938,0.0147947882736156,0.0147947882736156,0.0098631921824104,0.0,0.0,0.0197263843648208,0.0,0.0,0.0,0.0049315960912052,0.0542475570032573,0.0394527687296416,0.0345211726384364,0.0739739413680781,0.0098631921824104,0.024657980456026,0.0394527687296416,0.0049315960912052,0.0197263843648208,0.024657980456026,11,,,,,,,,,,,,,,,,,,,,,,,,
0.0641107491856677,0.0147947882736156,0.1380846905537459,0.2219218241042345,0.0443843648208469,0.0147947882736156,0.0295895765472312,0.0,0.0,0.0,0.0,0.0,0.0,0.0049315960912052,0.0394527687296416,0.0295895765472312,0.0197263843648208,0.0493159609120521,0.0197263843648208,0.0295895765472312,0.0493159609120521,0.0098631921824104,0.024657980456026,0.0394527687296416,0,,,,,,,,,,,,,,,,,,,,,,,,
0.0197263843648208,0.0690423452768729,0.1232899022801302,0.0542475570032573,0.0098631921824104,0.1084951140065146,0.0049315960912052,0.0,0.0,0.0,0.0,0.0,0.0,0.0394527687296416,0.0197263843648208,0.0049315960912052,0.0443843648208469,0.0147947882736156,0.0049315960912052,0.0542475570032573,0.0345211726384364,0.0295895765472312,0.024657980456026,0.024657980456026,11,,,,,,,,,,,,,,,,,,,,,,,,
0.0147947882736156,0.0838371335504886,0.0641107491856677,0.1282214983713355,0.0,0.0591791530944625,0.024657980456026,0.0,0.0,0.0,0.0,0.0,0.0098631921824104,0.0197263843648208,0.0493159609120521,0.0838371335504886,0.0542475570032573,0.0,0.024657980456026,0.0295895765472312,0.0,0.0098631921824104,0.0147947882736156,0.0295895765472312,4,,,,,,,,,,,,,,,,,,,,,,,,
0.0394527687296416,0.0147947882736156,0.0887687296416938,0.0542475570032573,0.1035635179153094,0.0098631921824104,0.024657980456026,0.0,0.0098631921824104,0.0,0.0,0.0,0.0098631921824104,0.0591791530944625,0.0493159609120521,0.0295895765472312,0.0147947882736156,0.0493159609120521,0.0295895765472312,0.0,0.024657980456026,0.0,0.0197263843648208,0.0295895765472312,0,,,,,,,,,,,,,,,,,,,,,,,,
0.0986319218241042,0.0739739413680781,0.1775374592833876,0.1331530944625407,0.0049315960912052,0.0147947882736156,0.0098631921824104,0.0,0.0049315960912052,0.0,0.0,0.0,0.0,0.024657980456026,0.0394527687296416,0.0443843648208469,0.0147947882736156,0.0394540716612377,0.0838371335504886,0.0542475570032573,0.0,0.0098631921824104,0.0443843648208469,0.0197263843648208,39,,,,,,,,,,,,,,,,,,,,,,,,
0.0098631921824104,0.1430162866449511,0.024657980456026,0.162742671009772,0.0049315960912052,0.024657980456026,0.0,0.0,0.0,0.0,0.0,0.0,0.0,0.0295895765472312,0.024657980456026,0.0345211726384364,0.024657980456026,0.0641107491856677,0.0098631921824104,0.0,0.0147947882736156,0.0,0.0493159609120521,0.0887687296416938,4,,,,,,,,,,,,,,,,,,,,,,,,
0.0,0.0098631921824104,0.0147947882736156,0.1134267100977198,0.0345211726384364,0.0197263843648208,0.0,0.0,0.0,0.0197263843648208,0.0,0.0,0.0,0.0049315960912052,0.0542475570032573,0.0394527687296416,0.0641107491856677,0.0542475570032573,0.0147947882736156,0.0049315960912052,0.0049315960912052,0.0887687296416938,0.0098631921824104,0.0394527687296416,0,,,,,,,,,,,,,,,,,,,,,,,,
0.0295895765472312,0.0493159609120521,0.0443843648208469,0.1528794788273615,0.0789055374592833,0.0295895765472312,0.0,0.0,0.0,0.0,0.0098631921824104,0.0098631921824104,0.0295895765472312,0.024657980456026,0.0098631921824104,0.0,0.024657980456026,0.0098631921824104,0.0197263843648208,0.0098631921824104,0.0049315960912052,0.0049315960912052,0.0147947882736156,0.0049315960912052,0,,,,,,,,,,,,,,,,,,,,,,,,
0.0591791530944625,0.0789055374592833,0.093700325732899,0.0,0.0098631921824104,0.0197263843648208,0.0049315960912052,0.0,0.0,0.0,0.0,0.0,0.0,0.0295895765472312,0.0098631921824104,0.0098631921824104,0.0049315960912052,0.0197263843648208,0.0295895765472312,0.0,0.0345211726384364,0.0049315960912052,0.024657980456026,0.0443843648208469,0,,,,,,,,,,,,,,,,,,,,,,,,
0.0147947882736156,0.0147947882736156,0.1232899022801302,0.093700325732899,0.0197263843648208,0.0197263843648208,0.0,0.0,0.0,0.0,0.0,0.0,0.0,0.0295895765472312,0.0049315960912052,0.024657980456026,0.0049315960912052,0.0,0.0,0.0,0.0,0.0147947882736156,0.0147947882736156,0.0049315960912052,11,,,,,,,,,,,,,,,,,,,,,,,,
0.0098631921824104,0.0147947882736156,0.0739739413680781,0.1430162866449511,0.0394527687296416,0.0197263843648208,0.0098631921824104,0.0,0.0,0.0049315960912052,0.0,0.0,0.0,0.0147947882736156,0.0345211726384364,0.0345211726384364,0.0049315960912052,0.0098631921824104,0.0,0.0,0.0049315960912052,0.0147947882736156,0.0,0.0542475570032573,0,,,,,,,,,,,,,,,,,,,,,,,,
0.0641107491856677,0.0443843648208469,0.0986319218241042,0.0838371335504886,0.0,0.0147947882736156,0.0493159609120521,0.0,0.0,0.0,0.0,0.0,0.0,0.0,0.0049315960912052,0.0394527687296416,0.0542475570032573,0.0049315960912052,0.0,0.0147947882736156,0.0049315960912052,0.0345211726384364,0.0887687296416938,0.0591791530944625,4,,,,,,,,,,,,,,,,,,,,,,,,
0.0147947882736156,0.0641107491856677,0.093700325732899,0.1035635179153094,0.0394527687296416,0.0049315960912052,0.0147947882736156,0.0,0.0,0.0,0.0,0.0,0.0,0.0197263843648208,0.0098631921824104,0.0197263843648208,0.0147947882736156,0.0493159609120521,0.0493159609120521,0.0295895765472312,0.0049315960912052,0.0,0.0147947882736156,0.0197263843648208,0,,,,,,,,,,,,,,,,,,,,,,,,
0.0493159609120521,0.0197263843648208,0.0591791530944625,0.0641107491856677,0.0789055374592833,0.0,0.0345211726384364,0.0049315960912052,0.0,0.0,0.0,0.0,0.0,0.0147947882736156,0.0,0.0197263843648208,0.0049315960912052,0.0098631921824104,0.0,0.0049315960912052,0.0,0.0049315960912052,0.0197263843648208,0.0591791530944625,0,,,,,,,,,,,,,,,,,,,,,,,,
0.0295895765472312,0.0838371335504886,0.0394527687296416,0.118358306188925,0.0049315960912052,0.0,0.0739739413680781,0.0049315960912052,0.0049315960912052,0.0,0.0,0.0,0.0,0.0197263843648208,0.0049315960912052,0.0,0.0197263843648208,0.0147947882736156,0.0345211726384364,0.0493159609120521,0.0,0.0,0.0098631921824104,0.0394527687296416,0,,,,,,,,,,,,,,,,,,,,,,,,
0.0443843648208469,0.0147947882736156,0.0493159609120521,0.0591791530944625,0.1035635179153094,0.0443843648208469,0.0197263843648208,0.0,0.0,0.0,0.0,0.0,0.0,0.0197263843648208,0.0049315960912052,0.0049315960912052,0.0295895765472312,0.0197263843648208,0.0049315960912052,0.0147947882736156,0.0,0.0049315960912052,0.0493159609120521,0.0147947882736156,0,,,,,,,,,,,,,,,,,,,,,,,,
0.0049315960912052,0.0739739413680781,0.093700325732899,0.118358306188925,0.0098631921824104,0.0098631921824104,0.0,0.0,0.0,0.0,0.0,0.0,0.0,0.0049315960912052,0.0049315960912052,0.0295895765472312,0.0147947882736156,0.0197263843648208,0.0,0.0049315960912052,0.0049315960912052,0.0,0.0098631921824104,0.0789055374592833,4,,,,,,,,,,,,,,,,,,,,,,,,
0.024657980456026,0.1134267100977198,0.0641107491856677,0.0,0.0641107491856677,0.0,0.0098631921824104,0.0,0.0,0.0,0.0,0.0,0.0,0.0,0.024657980456026,0.024657980456026,0.0049315960912052,0.0049315960912052,0.0,0.0,0.0,0.0049315960912052,0.0098631921824104,0.0049315960912052,0,,,,,,,,,,,,,,,,,,,,,,,,
0.0098631921824104,0.0197263843648208,0.0739739413680781,0.0887687296416938,0.0049315960912052,0.0,0.0197263843648208,0.0,0.0,0.0,0.0049315960912052,0.0,0.0,0.0,0.0,0.0098631921824104,0.0197263843648208,0.0542475570032573,0.0,0.0,0.0,0.0,0.0,0.0,58,,,,,,,,,,,,,,,,,,,,,,,,
0.0,0.0,0.0295895765472312,0.0838371335504886,0.0986319218241042,0.0,0.0,0.0098631921824104,0.0,0.0,0.0,0.0,0.0,0.0,0.0098631921824104,0.0,0.0,0.0197263843648208,0.024657980456026,0.0049315960912052,0.0049315960912052,0.0,0.0,0.0739739413680781,0,,,,,,,,,,,,,,,,,,,,,,,,
0.0345211726384364,0.0098631921824104,0.0739739413680781,0.0542475570032573,0.0789055374592833,0.024657980456026,0.0493159609120521,0.0049315960912052,0.0,0.0,0.0,0.0,0.0,0.0049315960912052,0.0147947882736156,0.0443843648208469,0.0049315960912052,0.0147947882736156,0.0345211726384364,0.0443843648208469,0.0098631921824104,0.0295895765472312,0.0049315960912052,0.0394527687296416,0,,,,,,,,,,,,,,,,,,,,,,,,
0.118358306188925,0.0394527687296416,0.0789055374592833,0.0887687296416938,0.0690423452768729,0.0098631921824104,0.0197263843648208,0.0,0.0,0.0,0.0,0.0,0.0,0.024657980456026,0.0049315960912052,0.0197263843648208,0.0147947882736156,0.0049315960912052,0.0098631921824104,0.0,0.0,0.0049315960912052,0.0197263843648208,0.0739739413680781,0,,,,,,,,,,,,,,,,,,,,,,,,
0.024657980456026,0.0739739413680781,0.0690423452768729,0.1331530944625407,0.024657980456026,0.0493159609120521,0.0049315960912052,0.0098631921824104,0.0,0.0,0.0,0.0,0.0,0.0295895765472312,0.0,0.0,0.0197263843648208,0.024657980456026,0.0049315960912052,0.0,0.0,0.0098631921824104,0.0,0.0197263843648208,0,,,,,,,,,,,,,,,,,,,,,,,,
0.0493159609120521,0.0049315960912052,0.0838371335504886,0.118358306188925,0.0295895765472312,0.0197263843648208,0.0049315960912052,0.0,0.0,0.0,0.0,0.0049315960912052,0.0,0.0197263843648208,0.0049315960912052,0.0049315960912052,0.0197263843648208,0.0147947882736156,0.0098631921824104,0.0591791530944625,0.0197263843648208,0.0049315960912052,0.0098631921824104,0.0147947882736156,58,,,,,,,,,,,,,,,,,,,,,,,,
0.0542475570032573,0.0098631921824104,0.0887687296416938,0.0345211726384364,0.1380846905537459,0.0147947882736156,0.0147947882736156,0.0049315960912052,0.0,0.0,0.0,0.0,0.0,0.0,0.0,0.0493159609120521,0.0098631921824104,0.0,0.0295895765472312,0.0493159609120521,0.0147947882736156,0.0098631921824104,0.0098631921824104,0.0,12,,,,,,,,,,,,,,,,,,,,,,,,
0.0394527687296416,0.0,0.0,0.0,0.0986319218241042,0.0098631921824104,0.0,0.0,0.0147947882736156,0.0,0.0,0.0,0.0,0.0,0.0197263843648208,0.0394527687296416,0.0986319218241042,0.0591791530944625,0.0542475570032573,0.0690423452768729,0.0542475570032573,0.0443843648208469,0.0049315960912052,0.0,13,,,,,,,,,,,,,,,,,,,,,,,,
0.0,0.0,0.0591791530944625,0.0542475570032573,0.0739739413680781,0.0,0.0394527687296416,0.0,0.0,0.0,0.0,0.0,0.0,0.0295895765472312,0.0098631921824104,0.0,0.0098631921824104,0.0197263843648208,0.0098631921824104,0.0,0.0049315960912052,0.0049315960912052,0.024657980456026,0.0147947882736156,0,,,,,,,,,,,,,,,,,,,,,,,,
0.0838371335504886,0.024657980456026,0.1232899022801302,0.0641107491856677,0.0,0.0049315960912052,0.0197263843648208,0.0,0.0,0.0,0.0,0.0,0.0,0.0295895765472312,0.0,0.0394527687296416,0.0,0.0098631921824104,0.0,0.0049315960912052,0.0049315960912052,0.0147947882736156,0.0098631921824104,0.0345211726384364,58,,,,,,,,,,,,,,,,,,,,,,,,
0.0443843648208469,0.0147947882736156,0.0789055374592833,0.1578110749185667,0.0197263843648208,0.0049315960912052,0.0049315960912052,0.0,0.0,0.0,0.0049315960912052,0.0,0.0,0.024657980456026,0.0,0.0,0.0295895765472312,0.024657980456026,0.0542475570032573,0.0049315960912052,0.024657980456026,0.0,0.0197263843648208,0.0493159609120521,0,,,,,,,,,,,,,,,,,,,,,,,,
0.1578110749185667,0.0049315960912052,0.0049315960912052,0.0098631921824104,0.0049315960912052,0.0789055374592833,0.0838371335504886,0.0049315960912052,0.0,0.0,0.0,0.0,0.0,0.024657980456026,0.0049315960912052,0.0098631921824104,0.024657980456026,0.0098631921824104,0.0049315960912052,0.0049315960912052,0.0049315960912052,0.0049315960912052,0.0197263843648208,0.0049315960912052,42,,,,,,,,,,,,,,,,,,,,,,,,
0.0493159609120521,0.0049315960912052,0.0789055374592833,0.0049315960912052,0.0542475570032573,0.0591791530944625,0.0098631921824104,0.0,0.0,0.0,0.0,0.0098631921824104,0.0,0.024657980456026,0.0,0.024657980456026,0.0098631921824104,0.0098631921824104,0.0098631921824104,0.0049315960912052,0.0147947882736156,0.0098631921824104,0.0098631921824104,0.0098631921824104,0,,,,,,,,,,,,,,,,,,,,,,,,
0.0147947882736156,0.0147947882736156,0.0838371335504886,0.0197263843648208,0.1923322475570032,0.0049315960912052,0.0147947882736156,0.0,0.0,0.0,0.0,0.0,0.0,0.0,0.0098631921824104,0.0394527687296416,0.024657980456026,0.0147947882736156,0.0098631921824104,0.0739739413680781,0.0098631921824104,0.0394527687296416,0.0493159609120521,0.0542475570032573,12,,,,,,,,,,,,,,,,,,,,,,,,
0.0147947882736156,0.0197263843648208,0.1282214983713355,0.0887687296416938,0.0,0.0,0.0147947882736156,0.0,0.0098631921824104,0.0,0.0,0.0,0.0,0.0,0.0098631921824104,0.0,0.0345211726384364,0.0049315960912052,0.0739739413680781,0.0789055374592833,0.0690423452768729,0.024657980456026,0.0443843648208469,0.0098631921824104,58,,,,,,,,,,,,,,,,,,,,,,,,
0.0049315960912052,0.0098631921824104,0.0887687296416938,0.0690423452768729,0.0345211726384364,0.0591791530944625,0.0147947882736156,0.0,0.0,0.0,0.0,0.0,0.0,0.024657980456026,0.0,0.0,0.0690423452768729,0.0345211726384364,0.0542475570032573,0.0098631921824104,0.0049315960912052,0.0147947882736156,0.0098631921824104,0.0049315960912052,58,,,,,,,,,,,,,,,,,,,,,,,,
0.0591791530944625,0.0098631921824104,0.0887687296416938,0.0838371335504886,0.1134267100977198,0.0049315960912052,0.0,0.0098631921824104,0.0,0.0,0.0,0.0,0.0,0.0197263843648208,0.0197263843648208,0.0147947882736156,0.0049315960912052,0.0098631921824104,0.0,0.0,0.0,0.0,0.0,0.0345211726384364,0,,,,,,,,,,,,,,,,,,,,,,,,
0.0197263843648208,0.093700325732899,0.0098631921824104,0.1972638436482084,0.0443843648208469,0.0098631921824104,0.0,0.0,0.0,0.0,0.0,0.0,0.0,0.0295895765472312,0.0049315960912052,0.0,0.024657980456026,0.0,0.0,0.0098631921824104,0.0,0.0,0.0098631921824104,0.0147947882736156,23,,,,,,,,,,,,,,,,,,,,,,,,
0.0098631921824104,0.0443843648208469,0.0690423452768729,0.0443843648208469,0.118358306188925,0.0049315960912052,0.0147947882736156,0.0,0.0,0.0,0.0,0.0,0.0,0.0197263843648208,0.0147947882736156,0.0147947882736156,0.0147947882736156,0.0443843648208469,0.0049315960912052,0.0049315960912052,0.0,0.0,0.0443843648208469,0.0197263843648208,0,,,,,,,,,,,,,,,,,,,,,,,,
0.0443843648208469,0.0049315960912052,0.0197263843648208,0.0591791530944625,0.1331530944625407,0.0098631921824104,0.0147947882736156,0.0,0.0,0.0,0.0,0.0049315960912052,0.0,0.0147947882736156,0.0,0.0295895765472312,0.0098631921824104,0.0394527687296416,0.0049315960912052,0.0098631921824104,0.0049315960912052,0.0,0.0098631921824104,0.0,0,,,,,,,,,,,,,,,,,,,,,,,,
0.0591791530944625,0.0493159609120521,0.0049315960912052,0.0690423452768729,0.0838371335504886,0.0739739413680781,0.0098631921824104,0.0,0.0,0.0,0.0,0.0,0.0098631921824104,0.0098631921824104,0.0049315960912052,0.0147947882736156,0.0295895765472312,0.0789055374592833,0.0049315960912052,0.0197263843648208,0.0443843648208469,0.0147947882736156,0.0098631921824104,0.0,42,,,,,,,,,,,,,,,,,,,,,,,,
0.0838371335504886,0.0049315960912052,0.1430162866449511,0.1676742671009772,0.0147947882736156,0.0,0.0147947882736156,0.0,0.0,0.0,0.0,0.0,0.0,0.0,0.0049315960912052,0.0295895765472312,0.0197263843648208,0.0049315960912052,0.0,0.0098631921824104,0.0591791530944625,0.024657980456026,0.0,0.0,58,,,,,,,,,,,,,,,,,,,,,,,,
0.0,0.0,0.0542475570032573,0.0986319218241042,0.0,0.0,0.0147947882736156,0.0098631921824104,0.0049315960912052,0.0,0.0,0.0,0.0049315960912052,0.0,0.0,0.024657980456026,0.0493159609120521,0.0641107491856677,0.0443843648208469,0.024657980456026,0.0049315960912052,0.0,0.0,0.0147947882736156,58,,,,,,,,,,,,,,,,,,,,,,,,
0.0887687296416938,0.1430162866449511,0.2268534201954397,0.0295895765472312,0.0690423452768729,0.0838371335504886,0.0098631921824104,0.0049315960912052,0.0,0.0,0.0049315960912052,0.0,0.0,0.0147947882736156,0.0049315960912052,0.0197263843648208,0.0098631921824104,0.0,0.0,0.0,0.0,0.0,0.0197263843648208,0.0049315960912052,29,,,,,,,,,,,,,,,,,,,,,,,,
0.0,0.0,0.0,0.0,0.0542475570032573,0.0049315960912052,0.0,0.0,0.0,0.0,0.0,0.0,0.0,0.0,0.0147947882736156,0.0197263843648208,0.0098631921824104,0.0,0.0,0.0098631921824104,0.0098631921824104,0.0,0.0,0.0,0,,,,,,,,,,,,,,,,,,,,,,,,
0.0098631921824104,0.0098631921824104,0.0049315960912052,0.0690423452768729,0.0147947882736156,0.0,0.0,0.0,0.0,0.0,0.0,0.0,0.0,0.0,0.0049315960912052,0.0098631921824104,0.0,0.0147947882736156,0.0049315960912052,0.0098631921824104,0.0,0.0,0.0147947882736156,0.0197263843648208,0,,,,,,,,,,,,,,,,,,,,,,,,
0.0147947882736156,0.0049315960912052,0.0394527687296416,0.0,0.0098631921824104,0.0049315960912052,0.0,0.0049315960912052,0.0,0.0,0.0049315960912052,0.0,0.0,0.0,0.0098631921824104,0.0098631921824104,0.0147947882736156,0.0049315960912052,0.0,0.0098631921824104,0.0049315960912052,0.0098631921824104,0.0,0.0,0,,,,,,,,,,,,,,,,,,,,,,,,
0.0147947882736156,0.0197263843648208,0.0,0.0443843648208469,0.0049315960912052,0.0049315960912052,0.0049315960912052,0.0,0.0,0.0,0.0,0.0,0.0,0.0,0.0147947882736156,0.0,0.0098631921824104,0.0,0.0049315960912052,0.0098631921824104,0.0049315960912052,0.0049315960912052,0.0,0.0049315960912052,0,,,,,,,,,,,,,,,,,,,,,,,,
0.0197263843648208,0.0147947882736156,0.0049315960912052,0.0098631921824104,0.0394527687296416,0.0,0.0049315960912052,0.0,0.0,0.0,0.0,0.0,0.0,0.0049315960912052,0.0,0.0098631921824104,0.0,0.0,0.0098631921824104,0.0,0.0,0.0098631921824104,0.0049315960912052,0.0,0,,,,,,,,,,,,,,,,,,,,,,,,
0.0049315960912052,0.0,0.0147947882736156,0.0049315960912052,0.0542475570032573,0.0049315960912052,0.0098631921824104,0.0,0.0,0.0,0.0,0.0,0.0,0.0,0.0147947882736156,0.0147947882736156,0.0295895765472312,0.0049315960912052,0.0,0.0,0.0,0.0098631921824104,0.0049315960912052,0.0049315960912052,0,,,,,,,,,,,,,,,,,,,,,,,,
0.0147947882736156,0.0098631921824104,0.0098631921824104,0.0098631921824104,0.0443843648208469,0.0049315960912052,0.0049315960912052,0.0049315960912052,0.0,0.0,0.0,0.0,0.0,0.0,0.0,0.0147947882736156,0.1676742671009772,0.1331530944625407,0.0591791530944625,0.0049315960912052,0.0147947882736156,0.0049315960912052,0.0049315960912052,0.0641107491856677,13,,,,,,,,,,,,,,,,,,,,,,,,
0.0789055374592833,0.0295895765472312,0.0739739413680781,0.0147947882736156,0.0049315960912052,0.0147947882736156,0.0,0.0,0.0,0.0,0.0,0.0,0.0,0.0049315960912052,0.0,0.0049315960912052,0.024657980456026,0.0197263843648208,0.0197263843648208,0.0098631921824104,0.0049315960912052,0.0,0.0,0.0394527687296416,0,,,,,,,,,,,,,,,,,,,,,,,,
0.0443843648208469,0.0838371335504886,0.1084951140065146,0.0641107491856677,0.1282214983713355,0.0049315960912052,0.0,0.0147947882736156,0.0,0.0,0.0,0.0,0.0,0.0197263843648208,0.0098631921824104,0.0098631921824104,0.0,0.0098631921824104,0.024657980456026,0.0,0.0098631921824104,0.0049315960912052,0.0098631921824104,0.0098631921824104,12,,,,,,,,,,,,,,,,,,,,,,,,
0.0591791530944625,0.0345211726384364,0.1775374592833876,0.0887687296416938,0.0887687296416938,0.0098631921824104,0.0197263843648208,0.0,0.0,0.0,0.0,0.0,0.0,0.0197263843648208,0.024657980456026,0.0197263843648208,0.0049315960912052,0.0147947882736156,0.0,0.0,0.0,0.0,0.0049315960912052,0.024657980456026,58,,,,,,,,,,,,,,,,,,,,,,,,
0.0147947882736156,0.024657980456026,0.0,0.0049315960912052,0.0098631921824104,0.1775374592833876,0.1331530944625407,0.0049315960912052,0.0,0.0,0.0,0.0,0.0,0.0,0.0,0.0197263843648208,0.024657980456026,0.0049315960912052,0.0049315960912052,0.0394527687296416,0.0049315960912052,0.0443843648208469,0.024657980456026,0.0887687296416938,42,,,,,,,,,,,,,,,,,,,,,,,,
0.0049315960912052,0.0295895765472312,0.0443843648208469,0.0838371335504886,0.0789055374592833,0.0098631921824104,0.0197263843648208,0.0,0.0,0.0,0.0,0.0,0.0,0.0,0.0295895765472312,0.024657980456026,0.0542475570032573,0.0197263843648208,0.0098631921824104,0.0,0.0,0.0,0.0147947882736156,0.0147947882736156,0,,,,,,,,,,,,,,,,,,,,,,,,
0.093700325732899,0.0690423452768729,0.0,0.0147947882736156,0.0197263843648208,0.1035635179153094,0.0,0.0197263843648208,0.0,0.0,0.0,0.0,0.0,0.024657980456026,0.0197263843648208,0.0049315960912052,0.0098631921824104,0.0147947882736156,0.0,0.0,0.0,0.0049315960912052,0.0197263843648208,0.0147947882736156,42,,,,,,,,,,,,,,,,,,,,,,,,
0.0690423452768729,0.0147947882736156,0.0690423452768729,0.0739739413680781,0.0690423452768729,0.0147947882736156,0.0,0.0493159609120521,0.0,0.0,0.0,0.0,0.0,0.0147947882736156,0.0049315960912052,0.0049315960912052,0.0197263843648208,0.0049315960912052,0.0049315960912052,0.0,0.0542475570032573,0.0443843648208469,0.0098631921824104,0.0,0,,,,,,,,,,,,,,,,,,,,,,,,
0.0789055374592833,0.0345211726384364,0.0986319218241042,0.0197263843648208,0.0098631921824104,0.1134267100977198,0.0049315960912052,0.0,0.0049315960912052,0.0,0.0,0.0,0.0,0.0197263843648208,0.0049315960912052,0.0049315960912052,0.0295895765472312,0.0345211726384364,0.0641107491856677,0.0049315960912052,0.0,0.0443843648208469,0.0591791530944625,0.0147947882736156,42,,,,,,,,,,,,,,,,,,,,,,,,
0.0345211726384364,0.093700325732899,0.0739739413680781,0.1035635179153094,0.093700325732899,0.0197263843648208,0.0147947882736156,0.0,0.0,0.0,0.0,0.0049315960912052,0.0,0.0295895765472312,0.0,0.0,0.0049315960912052,0.024657980456026,0.0197263843648208,0.0147947882736156,0.0098631921824104,0.0,0.0295895765472312,0.024657980456026,0,,,,,,,,,,,,,,,,,,,,,,,,
0.1232899022801302,0.0394527687296416,0.0,0.0493159609120521,0.1035635179153094,0.0542475570032573,0.0147947882736156,0.0,0.0,0.0,0.0,0.0,0.0,0.0197263843648208,0.0049315960912052,0.0,0.0049315960912052,0.0295895765472312,0.0197263843648208,0.0098631921824104,0.0098631921824104,0.0443843648208469,0.0394527687296416,0.0443843648208469,42,,,,,,,,,,,,,,,,,,,,,,,,
0.0591791530944625,0.0,0.0147947882736156,0.1084951140065146,0.1430162866449511,0.0049315960912052,0.0197263843648208,0.0098631921824104,0.0,0.0493159609120521,0.0,0.0,0.0197263843648208,0.0,0.0147947882736156,0.024657980456026,0.0147947882736156,0.0197263843648208,0.0147947882736156,0.0,0.0147947882736156,0.0098631921824104,0.0295895765472312,0.1232899022801302,0,,,,,,,,,,,,,,,,,,,,,,,,
0.0147947882736156,0.0049315960912052,0.1578110749185667,0.0887687296416938,0.0147947882736156,0.0147947882736156,0.0098631921824104,0.0,0.0,0.0197263843648208,0.0,0.0,0.0,0.0049315960912052,0.0542475570032573,0.0394527687296416,0.0345211726384364,0.0739739413680781,0.0098631921824104,0.024657980456026,0.0394527687296416,0.0049315960912052,0.0197263843648208,0.024657980456026,58,,,,,,,,,,,,,,,,,,,,,,,,
0.0641107491856677,0.0147947882736156,0.1380846905537459,0.2219218241042345,0.0443843648208469,0.0147947882736156,0.0295895765472312,0.0,0.0,0.0,0.0,0.0,0.0,0.0049315960912052,0.0394527687296416,0.0295895765472312,0.0197263843648208,0.0493159609120521,0.0197263843648208,0.0295895765472312,0.0493159609120521,0.0098631921824104,0.024657980456026,0.0394527687296416,0,,,,,,,,,,,,,,,,,,,,,,,,
0.0197263843648208,0.0690423452768729,0.1232899022801302,0.0542475570032573,0.0098631921824104,0.1084951140065146,0.0049315960912052,0.0,0.0,0.0,0.0,0.0,0.0,0.0394527687296416,0.0197263843648208,0.0049315960912052,0.0443843648208469,0.0147947882736156,0.0049315960912052,0.0542475570032573,0.0345211726384364,0.0295895765472312,0.024657980456026,0.024657980456026,0,,,,,,,,,,,,,,,,,,,,,,,,
0.0147947882736156,0.0838371335504886,0.0641107491856677,0.1282214983713355,0.0,0.0591791530944625,0.024657980456026,0.0,0.0,0.0,0.0,0.0,0.0098631921824104,0.0197263843648208,0.0493159609120521,0.0838371335504886,0.0542475570032573,0.0,0.024657980456026,0.0295895765472312,0.0,0.0098631921824104,0.0147947882736156,0.0295895765472312,0,,,,,,,,,,,,,,,,,,,,,,,,
0.0394527687296416,0.0147947882736156,0.0887687296416938,0.0542475570032573,0.1035635179153094,0.0098631921824104,0.024657980456026,0.0,0.0098631921824104,0.0,0.0,0.0,0.0098631921824104,0.0591791530944625,0.0493159609120521,0.0295895765472312,0.0147947882736156,0.0493159609120521,0.0295895765472312,0.0,0.024657980456026,0.0,0.0197263843648208,0.0295895765472312,0,,,,,,,,,,,,,,,,,,,,,,,,
0.0986319218241042,0.0739739413680781,0.1775374592833876,0.1331530944625407,0.0049315960912052,0.0147947882736156,0.0098631921824104,0.0,0.0049315960912052,0.0,0.0,0.0,0.0,0.024657980456026,0.0394527687296416,0.0443843648208469,0.0147947882736156,0.0394540716612377,0.0838371335504886,0.0542475570032573,0.0,0.0098631921824104,0.0443843648208469,0.0197263843648208,58,,,,,,,,,,,,,,,,,,,,,,,,
0.0098631921824104,0.1430162866449511,0.024657980456026,0.162742671009772,0.0049315960912052,0.024657980456026,0.0,0.0,0.0,0.0,0.0,0.0,0.0,0.0295895765472312,0.024657980456026,0.0345211726384364,0.024657980456026,0.0641107491856677,0.0098631921824104,0.0,0.0147947882736156,0.0,0.0493159609120521,0.0887687296416938,4,,,,,,,,,,,,,,,,,,,,,,,,
0.0,0.0098631921824104,0.0147947882736156,0.1134267100977198,0.0345211726384364,0.0197263843648208,0.0,0.0,0.0,0.0197263843648208,0.0,0.0,0.0,0.0049315960912052,0.0542475570032573,0.0394527687296416,0.0641107491856677,0.0542475570032573,0.0147947882736156,0.0049315960912052,0.0049315960912052,0.0887687296416938,0.0098631921824104,0.0394527687296416,0,,,,,,,,,,,,,,,,,,,,,,,,
0.0295895765472312,0.0493159609120521,0.0443843648208469,0.1528794788273615,0.0789055374592833,0.0295895765472312,0.0,0.0,0.0,0.0,0.0098631921824104,0.0098631921824104,0.0295895765472312,0.024657980456026,0.0098631921824104,0.0,0.024657980456026,0.0098631921824104,0.0197263843648208,0.0098631921824104,0.0049315960912052,0.0049315960912052,0.0147947882736156,0.0049315960912052,0,,,,,,,,,,,,,,,,,,,,,,,,
0.0591791530944625,0.0789055374592833,0.093700325732899,0.0,0.0098631921824104,0.0197263843648208,0.0049315960912052,0.0,0.0,0.0,0.0,0.0,0.0,0.0295895765472312,0.0098631921824104,0.0098631921824104,0.0049315960912052,0.0197263843648208,0.0295895765472312,0.0,0.0345211726384364,0.0049315960912052,0.024657980456026,0.0443843648208469,0,,,,,,,,,,,,,,,,,,,,,,,,
0.0147947882736156,0.0147947882736156,0.1232899022801302,0.093700325732899,0.0197263843648208,0.0197263843648208,0.0,0.0,0.0,0.0,0.0,0.0,0.0,0.0295895765472312,0.0049315960912052,0.024657980456026,0.0049315960912052,0.0,0.0,0.0,0.0,0.0147947882736156,0.0147947882736156,0.0049315960912052,58,,,,,,,,,,,,,,,,,,,,,,,,
0.0098631921824104,0.0147947882736156,0.0739739413680781,0.1430162866449511,0.0394527687296416,0.0197263843648208,0.0098631921824104,0.0,0.0,0.0049315960912052,0.0,0.0,0.0,0.0147947882736156,0.0345211726384364,0.0345211726384364,0.0049315960912052,0.0098631921824104,0.0,0.0,0.0049315960912052,0.0147947882736156,0.0,0.0542475570032573,4,,,,,,,,,,,,,,,,,,,,,,,,
0.0641107491856677,0.0443843648208469,0.0986319218241042,0.0838371335504886,0.0,0.0147947882736156,0.0493159609120521,0.0,0.0,0.0,0.0,0.0,0.0,0.0,0.0049315960912052,0.0394527687296416,0.0542475570032573,0.0049315960912052,0.0,0.0147947882736156,0.0049315960912052,0.0345211726384364,0.0887687296416938,0.0591791530944625,4,,,,,,,,,,,,,,,,,,,,,,,,
,,,,,,,,,,,,,,,,,,,,,,,,0,0.0260586319218241,0.013029315960912,0.0416938110749185,0.3218241042345277,0.1413680781758957,0.0938110749185667,0.0312703583061889,0.0,0.0,0.0078175895765472,0.0,0.0084690553745928,0.0,0.0175895765472312,0.0736156351791531,0.0058631921824104,0.0280130293159609,0.0,0.0078175895765472,0.0123778501628664,0.0104234527687296,0.0143322475570032,0.0319218241042345,0.0013029315960912
,,,,,,,,,,,,,,,,,,,,,,,,0,0.2267100977198697,0.0123778501628664,0.101628664495114,0.3231270358306189,0.0964169381107491,0.098371335504886,0.0117263843648208,0.0084690553745928,0.0071661237785016,0.0,0.0,0.0,0.0,0.01628664495114,0.0944625407166123,0.0045602605863192,0.0,0.0,0.0,0.013029315960912,0.0052117263843648,0.0078175895765472,0.0,0.0
,,,,,,,,,,,,,,,,,,,,,,,,0,0.0299674267100977,0.1798045602605863,0.0241042345276872,0.2912052117263843,0.0475570032573289,0.0938110749185667,0.0332247557003257,0.0091205211726384,0.0,0.0,0.0,0.0,0.0,0.0214983713355048,0.0684039087947882,0.0143322475570032,0.0,0.0,0.0,0.0,0.0,0.0214983713355048,0.0,0.0899022801302931
,,,,,,,,,,,,,,,,,,,,,,,,0,0.121172638436482,0.0527687296416938,0.0078175895765472,0.1368078175895765,0.1276872964169381,0.0651465798045602,0.0006514657980456,0.0,0.0,0.0,0.0,0.0,0.0,0.0156351791530944,0.104885993485342,0.0013029315960912,0.0214983713355048,0.0,0.1355048859934853,0.0306188925081433,0.0084690553745928,0.0351791530944625,0.0039087947882736,0.1009771986970684
,,,,,,,,,,,,,,,,,,,,,,,,0,0.0410423452768729,0.0371335504885993,0.1348534201954397,0.2749185667752443,0.0156351791530944,0.0241042345276872,0.0899022801302931,0.0110749185667752,0.0,0.0,0.0,0.0078175895765472,0.0,0.0156351791530944,0.0664495114006514,0.0,0.0039087947882736,0.0338762214983713,0.0,0.0,0.0188925081433224,0.0312703583061889,0.0267100977198697,0.0078175895765472
,,,,,,,,,,,,,,,,,,,,,,,,0,0.1478827361563517,0.0371335504885993,0.0084690553745928,0.1068403908794788,0.1472312703583062,0.0,0.0273615635179153,0.0,0.0,0.0,0.0,0.0,0.0,0.0182410423452768,0.0390879478827361,0.0475570032573289,0.104885993485342,0.0273615635179153,0.2267100977198697,0.0026058631921824,0.0,0.0208469055374592,0.0,0.0
,,,,,,,,,,,,,,,,,,,,,,,,0,0.0260586319218241,0.0260586319218241,0.0104234527687296,0.311400651465798,0.1771986970684039,0.0,0.0286644951140065,0.050814332247557,0.0013029315960912,0.0,0.0,0.0006514657980456,0.009771986970684,0.0,0.0143322475570032,0.0175895765472312,0.0684039087947882,0.0892508143322475,0.1433224755700325,0.0260586319218241,0.0045602605863192,0.0182410423452768,0.0091205211726384,0.0006514657980456
,,,,,,,,,,,,,,,,,,,,,,,,0,0.0104234527687296,0.0390879478827361,0.1296416938110749,0.3094462540716612,0.0006514657980456,0.0,0.0188925081433224,0.0,0.0,0.0,0.0234527687296416,0.070358306188925,0.0,0.0,0.0,0.0136807817589576,0.0462540716612377,0.0254071661237785,0.0234527687296416,0.0045602605863192,0.067100977198697,0.1856677524429967,0.0488599348534201,0.0019543973941368
,,,,,,,,,,,,,,,,,,,,,,,,0,0.0697068403908794,0.0521172638436482,0.1830618892508143,0.2553745928338762,0.1615635179153094,0.01628664495114,0.0,0.0,0.0110749185667752,0.0006514657980456,0.0078175895765472,0.0,0.0,0.0182410423452768,0.0716612377850162,0.006514657980456,0.0,0.0,0.0,0.0104234527687296,0.003257328990228,0.0013029315960912,0.0,0.0247557003257328
,,,,,,,,,,,,,,,,,,,,,,,,0,0.0136807817589576,0.0,0.1133550488599348,0.0957654723127035,0.1745928338762215,0.0762214983713355,0.0469055374592833,0.0091205211726384,0.0,0.0,0.0,0.0,0.0,0.0312703583061889,0.1061889250814332,0.0013029315960912,0.0,0.0,0.0,0.0,0.0,0.0416938110749185,0.0,0.0416938110749185
,,,,,,,,,,,,,,,,,,,,,,,,0,0.3159609120521172,0.0143322475570032,0.0918566775244299,0.152442996742671,0.0436482084690553,0.0377850162866449,0.0527687296416938,0.0,0.0,0.0,0.0,0.0104234527687296,0.0,0.0136807817589576,0.0723127035830618,0.0019543973941368,0.0,0.0,0.0214983713355048,0.0019543973941368,0.0208469055374592,0.0,0.1902280130293159,0.063843648208469
,,,,,,,,,,,,,,,,,,,,,,,,0,0.0442996742671009,0.1231270358306188,0.1433224755700325,0.0188925081433224,0.2143322475570032,0.063843648208469,0.0273615635179153,0.0,0.0,0.0,0.0,0.0,0.013029315960912,0.0156351791530944,0.0495114006514657,0.0052117263843648,0.0,0.0,0.0306188925081433,0.0,0.0592833876221498,0.003257328990228,0.0110749185667752,0.3289902280130293
,,,,,,,,,,,,,,,,,,,,,,,,0,0.0306188925081433,0.0104234527687296,0.10814332247557,0.1843648208469055,0.0143322475570032,0.0110749185667752,0.0,0.0390879478827361,0.0026058631921824,0.0,0.0,0.0084690553745928,0.0091205211726384,0.0,0.0,0.0384364820846905,0.0332247557003257,0.0208469055374592,0.0110749185667752,0.0729641693811074,0.098371335504886,0.0801302931596091,0.0618892508143322,0.0
,,,,,,,,,,,,,,,,,,,,,,,,0,0.2149837133550488,0.0377850162866449,0.1811074918566775,0.2371335504885993,0.0592833876221498,0.0006514657980456,0.054071661237785,0.0,0.0,0.0,0.0,0.0084690553745928,0.0,0.0,0.0039087947882736,0.0801302931596091,0.0208469055374592,0.0208469055374592,0.013029315960912,0.0,0.1355048859934853,0.1739413680781759,0.158957654723127,0.0436482084690553
,,,,,,,,,,,,,,,,,,,,,,,,0,0.0136807817589576,0.0214983713355048,0.121172638436482,0.1263843648208469,0.2325732899022801,0.0156351791530944,0.0358306188925081,0.0,0.0078175895765472,0.0,0.0,0.0,0.0,0.0156351791530944,0.0885993485342019,0.0,0.0306188925081433,0.0,0.0078175895765472,0.0214983713355048,0.0599348534201954,0.0136807817589576,0.1348534201954397,0.063843648208469
,,,,,,,,,,,,,,,,,,,,,,,,0,0.0677524429967426,0.1055374592833876,0.1244299674267101,0.0931596091205211,0.0084690553745928,0.2710097719869707,0.0377850162866449,0.0091205211726384,0.0,0.0,0.0,0.0,0.0,0.0,0.0853420195439739,0.0052117263843648,0.0123778501628664,0.1100977198697068,0.0416938110749185,0.0175895765472312,0.0188925081433224,0.0078175895765472,0.0045602605863192,0.0514657980456026
,,,,,,,,,,,,,,,,,,,,,,,,0,0.0136807817589576,0.1361563517915309,0.0084690553745928,0.1231270358306188,0.1381107491856677,0.1198697068403908,0.0299674267100977,0.0084690553745928,0.0,0.0,0.0,0.0,0.0,0.0136807817589576,0.1596091205211726,0.0,0.0,0.006514657980456,0.0332247557003257,0.0006514657980456,0.0306188925081433,0.0175895765472312,0.0208469055374592,0.0182410423452768
,,,,,,,,,,,,,,,,,,,,,,,,0,0.067100977198697,0.2794788273615635,0.1153094462540716,0.1993485342019544,0.0762214983713355,0.0631921824104234,0.009771986970684,0.0,0.0,0.0,0.0,0.0,0.0,0.0156351791530944,0.1035830618892508,0.003257328990228,0.003257328990228,0.0,0.0293159609120521,0.0,0.0019543973941368,0.003257328990228,0.0084690553745928,0.0143322475570032
,,,,,,,,,,,,,,,,,,,,,,,,0,0.0260586319218241,0.0234527687296416,0.2442996742671009,0.358957654723127,0.0912052117263843,0.0351791530944625,0.0188925081433224,0.0,0.0,0.0,0.0,0.0,0.0,0.0175895765472312,0.0364820846905537,0.0866449511400651,0.0104234527687296,0.1198697068403908,0.0814332247557003,0.0,0.0260586319218241,0.009771986970684,0.0,0.0592833876221498
,,,,,,,,,,,,,,,,,,,,,,,,0,0.165472312703583,0.0521172638436482,0.0188925081433224,0.1061889250814332,0.2052117263843648,0.0110749185667752,0.0260586319218241,0.0,0.0,0.0,0.0,0.0,0.0,0.0214983713355048,0.0,0.019543973941368,0.067100977198697,0.0820846905537459,0.2729641693811075,0.0514657980456026,0.009771986970684,0.0110749185667752,0.0117263843648208,0.1713355048859934
,,,,,,,,,,,,,,,,,,,,,,,,0,0.0905537459283387,0.0234527687296416,0.1231270358306188,0.0384364820846905,0.1485342019543974,0.0045602605863192,0.1094462540716612,0.0990228013029315,0.009771986970684,0.0,0.0,0.0,0.0,0.0,0.0,0.0684039087947882,0.0273615635179153,0.0182410423452768,0.0,0.0188925081433224,0.0390879478827361,0.0403908794788273,0.2358306188925081,0.0254071661237785
,,,,,,,,,,,,,,,,,,,,,,,,0,0.0267100977198697,0.0169381107491856,0.1231270358306188,0.0247557003257328,0.1237785016286645,0.0208469055374592,0.0566775244299674,0.0,0.0,0.0,0.0,0.0,0.0182410423452768,0.0,0.0286644951140065,0.0136807817589576,0.0338762214983713,0.0286644951140065,0.0612377850162866,0.0149837133550488,0.2143322475570032,0.0254071661237785,0.0,0.0358306188925081
,,,,,,,,,,,,,,,,,,,,,,,,0,0.0371335504885993,0.067100977198697,0.1035830618892508,0.3107491856677524,0.1752442996742671,0.0175895765472312,0.022801302931596,0.0,0.0,0.0,0.0,0.0052117263843648,0.0006514657980456,0.0,0.0208469055374592,0.0592833876221498,0.0123778501628664,0.0,0.013029315960912,0.0091205211726384,0.0201954397394136,0.0084690553745928,0.0,0.0201954397394136
,,,,,,,,,,,,,,,,,,,,,,,,0,0.1426710097719869,0.0201954397394136,0.1068403908794788,0.2364820846905537,0.0866449511400651,0.1400651465798045,0.0,0.0,0.0,0.0,0.0,0.0,0.0,0.0267100977198697,0.0462540716612377,0.0306188925081433,0.0475570032573289,0.1029315960912052,0.0612377850162866,0.01628664495114,0.0110749185667752,0.0169381107491856,0.0241042345276872,0.0859934853420195
,,,,,,,,,,,,,,,,,,,,,,,,0,0.0657980456026058,0.1185667752442996,0.1902280130293159,0.1785016286644951,0.0332247557003257,0.0319218241042345,0.0241042345276872,0.0,0.0,0.0,0.0078175895765472,0.0,0.0254071661237785,0.0358306188925081,0.0267100977198697,0.0247557003257328,0.0169381107491856,0.0214983713355048,0.0169381107491856,0.0026058631921824,0.0084690553745928,0.0280130293159609,0.0078175895765472,0.0377850162866449
,,,,,,,,,,,,,,,,,,,,,,,,0,0.1732899022801303,0.1263843648208469,0.0768729641693811,0.2156351791530944,0.0,0.0488599348534201,0.009771986970684,0.0078175895765472,0.0,0.0,0.0078175895765472,0.0,0.0,0.0149837133550488,0.0488599348534201,0.0188925081433224,0.0078175895765472,0.0169381107491856,0.0,0.0,0.0084690553745928,0.0469055374592833,0.0,0.0534201954397394
,,,,,,,,,,,,,,,,,,,,,,,,0,0.0690553745928338,0.155700325732899,0.1791530944625407,0.1804560260586319,0.1954397394136807,0.0169381107491856,0.0377850162866449,0.0,0.0,0.0,0.0,0.0078175895765472,0.0,0.0136807817589576,0.0332247557003257,0.0,0.0501628664495114,0.0586319218241042,0.0775244299674267,0.0104234527687296,0.0657980456026058,0.0390879478827361,0.0495114006514657,0.057328990228013
,,,,,,,,,,,,,,,,,,,,,,,,0,0.0286644951140065,0.1498371335504886,0.0872964169381107,0.2586319218241042,0.0,0.0247557003257328,0.0,0.0,0.0384364820846905,0.0,0.0,0.0156351791530944,0.0,0.0,0.0,0.0429967426710097,0.0286644951140065,0.0325732899022801,0.0026058631921824,0.0006514657980456,0.0482084690553745,0.0872964169381107,0.0872964169381107,0.0612377850162866
,,,,,,,,,,,,,,,,,,,,,,,,0,0.104885993485342,0.063843648208469,0.1986970684039088,0.3824104234527687,0.1869706840390879,0.0475570032573289,0.0241042345276872,0.0,0.0,0.0,0.0,0.0,0.0123778501628664,0.019543973941368,0.0469055374592833,0.0117263843648208,0.0397394136807817,0.111400651465798,0.0,0.0,0.0403908794788273,0.0872964169381107,0.0078175895765472,0.1348534201954397
,,,,,,,,,,,,,,,,,,,,,,,,0,0.0299674267100977,0.1628664495114006,0.1361563517915309,0.2918566775244299,0.0188925081433224,0.0475570032573289,0.0026058631921824,0.0,0.0,0.0,0.0,0.0,0.013029315960912,0.0149837133550488,0.0938110749185667,0.0039087947882736,0.0,0.0,0.0,0.0110749185667752,0.0026058631921824,0.0312703583061889,0.0,0.0
,,,,,,,,,,,,,,,,,,,,,,,,0,0.0951140065146579,0.003257328990228,0.1342019543973941,0.0938110749185667,0.2429967426710097,0.1328990228013029,0.0364820846905537,0.0,0.0,0.013029315960912,0.01628664495114,0.0,0.0,0.0,0.0273615635179153,0.0,0.0241042345276872,0.0221498371335504,0.0234527687296416,0.0267100977198697,0.0110749185667752,0.0325732899022801,0.0214983713355048,0.0631921824104234
,,,,,,,,,,,,,,,,,,,,,,,,0,0.1954397394136807,0.1296416938110749,0.1693811074918566,0.0488599348534201,0.152442996742671,0.2840390879478827,0.0234527687296416,0.0,0.0,0.0,0.0,0.0,0.0078175895765472,0.0149837133550488,0.0449511400651465,0.0,0.0260586319218241,0.0169381107491856,0.0,0.0,0.0,0.0078175895765472,0.0,0.0267100977198697
,,,,,,,,,,,,,,,,,,,,,,,,0,0.0931596091205211,0.0143322475570032,0.1205211726384364,0.1074918566775244,0.1674267100977198,0.0,0.1153094462540716,0.0254071661237785,0.0,0.0,0.0,0.0,0.0,0.0234527687296416,0.0351791530944625,0.0,0.0123778501628664,0.01628664495114,0.0553745928338762,0.0684039087947882,0.0156351791530944,0.0299674267100977,0.0338762214983713,0.0690553745928338
,,,,,,,,,,,,,,,,,,,,,,,,0,0.1895765472312703,0.0358306188925081,0.111400651465798,0.2618892508143322,0.0,0.0078175895765472,0.0241042345276872,0.0084690553745928,0.0241042345276872,0.0,0.0,0.0,0.0013029315960912,0.0293159609120521,0.0091205211726384,0.0,0.0104234527687296,0.1915309446254071,0.1446254071661237,0.0286644951140065,0.0071661237785016,0.0338762214983713,0.1543973941368078,0.0768729641693811
,,,,,,,,,,,,,,,,,,,,,,,,0,0.0866449511400651,0.0221498371335504,0.0182410423452768,0.0475570032573289,0.2885993485342019,0.0299674267100977,0.0214983713355048,0.0208469055374592,0.0,0.0,0.0084690553745928,0.0,0.0,0.0,0.0,0.0,0.0814332247557003,0.01628664495114,0.0306188925081433,0.0123778501628664,0.0175895765472312,0.0267100977198697,0.0091205211726384,0.1504885993485342
,,,,,,,,,,,,,,,,,,,,,,,,0,0.0553745928338762,0.0188925081433224,0.0104234527687296,0.0234527687296416,0.3576547231270358,0.0117263843648208,0.0254071661237785,0.0293159609120521,0.0,0.0,0.0,0.0084690553745928,0.0,0.0,0.0149837133550488,0.0899022801302931,0.0006514657980456,0.0267100977198697,0.0,0.0,0.0117263843648208,0.0052117263843648,0.0110749185667752,0.0286644951140065
,,,,,,,,,,,,,,,,,,,,,,,,0,0.0026058631921824,0.155700325732899,0.0469055374592833,0.1289902280130293,0.3120521172638436,0.0254071661237785,0.0241042345276872,0.0254071661237785,0.0,0.0,0.0,0.009771986970684,0.0,0.0,0.0188925081433224,0.0944625407166123,0.0267100977198697,0.022801302931596,0.0,0.022801302931596,0.0410423452768729,0.0410423452768729,0.0123778501628664,0.0
,,,,,,,,,,,,,,,,,,,,,,,,0,0.0175895765472312,0.0247557003257328,0.0456026058631921,0.1270358306188925,0.0749185667752443,0.0781758957654723,0.2462540716612377,0.0410423452768729,0.0,0.0,0.0,0.0078175895765472,0.0078175895765472,0.0,0.0,0.0657980456026058,0.0377850162866449,0.0019543973941368,0.0208469055374592,0.0260586319218241,0.0286644951140065,0.0,0.0123778501628664,0.0052117263843648
,,,,,,,,,,,,,,,,,,,,,,,,0,0.0260586319218241,0.1387622149837133,0.1811074918566775,0.0644951140065146,0.0078175895765472,0.2768729641693811,0.1055374592833876,0.0078175895765472,0.0,0.0,0.0,0.0,0.0,0.0,0.0182410423452768,0.0755700325732899,0.0117263843648208,0.003257328990228,0.0052117263843648,0.0332247557003257,0.1335504885993485,0.0221498371335504,0.0,0.0045602605863192
,,,,,,,,,,,,,,,,,,,,,,,,0,0.1459283387622149,0.0078175895765472,0.0104234527687296,0.0332247557003257,0.2397394136807817,0.0872964169381107,0.057328990228013,0.0,0.0052117263843648,0.0,0.0,0.0,0.0,0.0078175895765472,0.0136807817589576,0.067100977198697,0.006514657980456,0.0104234527687296,0.0,0.0254071661237785,0.0286644951140065,0.0931596091205211,0.0859934853420195,0.0697068403908794
,,,,,,,,,,,,,,,,,,,,,,,,0,0.0762214983713355,0.0912052117263843,0.0293159609120521,0.1830618892508143,0.149185667752443,0.0697068403908794,0.0247557003257328,0.1381107491856677,0.0,0.0,0.0,0.0,0.0,0.0,0.01628664495114,0.0905537459283387,0.0521172638436482,0.0214983713355048,0.0045602605863192,0.0,0.0,0.0201954397394136,0.0,0.0182410423452768
,,,,,,,,,,,,,,,,,,,,,,,,0,0.0169381107491856,0.003257328990228,0.0214983713355048,0.0306188925081433,0.3322475570032573,0.0156351791530944,0.0,0.0,0.0,0.0,0.0,0.0,0.0,0.0,0.0,0.01628664495114,0.050814332247557,0.0338762214983713,0.1198697068403908,0.0469055374592833,0.0416938110749185,0.0827361563517915,0.0716612377850162,0.0618892508143322
,,,,,,,,,,,,,,,,,,,,,,,,0,0.0879478827361563,0.1133550488599348,0.0384364820846905,0.1250814332247557,0.3374592833876221,0.0325732899022801,0.0,0.0247557003257328,0.0,0.0,0.0,0.0,0.0,0.0,0.0,0.0214983713355048,0.0371335504885993,0.0488599348534201,0.0175895765472312,0.0078175895765472,0.0175895765472312,0.0026058631921824,0.0345276872964169,0.0117263843648208
,,,,,,,,,,,,,,,,,,,,,,,,0,0.0091205211726384,0.0905537459283387,0.1485342019543974,0.1576547231270358,0.2319218241042345,0.0169381107491856,0.0351791530944625,0.0,0.0,0.0,0.0,0.0,0.01628664495114,0.0,0.0,0.1426710097719869,0.0,0.0,0.0,0.0104234527687296,0.0273615635179153,0.0091205211726384,0.0084690553745928,0.0
,,,,,,,,,,,,,,,,,,,,,,,,0,0.0403908794788273,0.006514657980456,0.0,0.2599348534201954,0.3257328990228013,0.1576547231270358,0.0136807817589576,0.0345276872964169,0.0,0.0,0.0,0.0078175895765472,0.0084690553745928,0.0,0.0149837133550488,0.0612377850162866,0.0123778501628664,0.0,0.0013029315960912,0.0397394136807817,0.0078175895765472,0.0078175895765472,0.0247557003257328,0.0091205211726384
,,,,,,,,,,,,,,,,,,,,,,,,0,0.0039087947882736,0.1791530944625407,0.0716612377850162,0.1876221498371335,0.0814332247557003,0.1563517915309446,0.0,0.0241042345276872,0.0,0.0,0.0,0.0,0.0,0.0,0.0169381107491856,0.0736156351791531,0.0006514657980456,0.0273615635179153,0.0214983713355048,0.1361563517915309,0.0,0.0019543973941368,0.0,0.0332247557003257
,,,,,,,,,,,,,,,,,,,,,,,,0,0.0390879478827361,0.0410423452768729,0.060586319218241,0.2377850162866449,0.1941368078175895,0.1283387622149837,0.1133550488599348,0.0019543973941368,0.0,0.0,0.0,0.0,0.0,0.0,0.0586319218241042,0.0625407166123778,0.0006514657980456,0.0104234527687296,0.01628664495114,0.0,0.0345276872964169,0.0,0.0214983713355048,0.0
,,,,,,,,,,,,,,,,,,,,,,,,0,0.0,0.2351791530944625,0.0488599348534201,0.1530944625407166,0.067100977198697,0.1908794788273615,0.0273615635179153,0.0,0.0110749185667752,0.0,0.0,0.0,0.0,0.0,0.0,0.0319218241042345,0.0560260586319218,0.0371335504885993,0.003257328990228,0.0117263843648208,0.0736156351791531,0.0136807817589576,0.0169381107491856,0.0149837133550488
,,,,,,,,,,,,,,,,,,,,,,,,0,0.0208469055374592,0.0794788273615635,0.1706840390879478,0.0469055374592833,0.050814332247557,0.1628664495114006,0.1394136807817589,0.0201954397394136,0.0,0.0,0.0,0.0,0.0,0.0,0.009771986970684,0.0351791530944625,0.0254071661237785,0.050814332247557,0.0241042345276872,0.0325732899022801,0.0201954397394136,0.0084690553745928,0.0078175895765472,0.009771986970684
,,,,,,,,,,,,,,,,,,,,,,,,0,0.063843648208469,0.0684039087947882,0.2742671009771987,0.2423452768729641,0.1973941368078176,0.0104234527687296,0.0332247557003257,0.0312703583061889,0.0,0.0,0.0,0.0,0.0182410423452768,0.0,0.0188925081433224,0.0325732899022801,0.0371335504885993,0.0013029315960912,0.0442996742671009,0.0,0.168729641693811,0.0273615635179153,0.0299674267100977,0.0
,,,,,,,,,,,,,,,,,,,,,,,,0,0.0117263843648208,0.0143322475570032,0.1302931596091205,0.0885993485342019,0.019543973941368,0.250814332247557,0.0117263843648208,0.0436482084690553,0.0,0.0,0.0,0.0,0.0,0.0,0.0,0.0879478827361563,0.0078175895765472,0.009771986970684,0.0,0.0084690553745928,0.0084690553745928,0.0,0.0084690553745928,0.0
,,,,,,,,,,,,,,,,,,,,,,,,0,0.0371335504885993,0.003257328990228,0.1420195439739413,0.0123778501628664,0.1205211726384364,0.1785016286644951,0.1068403908794788,0.0260586319218241,0.0,0.0,0.0,0.0078175895765472,0.0,0.0,0.0143322475570032,0.0912052117263843,0.0084690553745928,0.0,0.0,0.0,0.0,0.013029315960912,0.0221498371335504,0.0312703583061889
,,,,,,,,,,,,,,,,,,,,,,,,0,0.0462540716612377,0.2534201954397394,0.0143322475570032,0.168729641693811,0.0456026058631921,0.2299674267100977,0.0221498371335504,0.0325732899022801,0.0,0.0,0.0,0.0,0.0,0.0,0.0110749185667752,0.111400651465798,0.0169381107491856,0.0110749185667752,0.0169381107491856,0.0045602605863192,0.0182410423452768,0.0,0.1426710097719869,0.1107491856677524
,,,,,,,,,,,,,,,,,,,,,,,,0,0.0449511400651465,0.0299674267100977,0.1563517915309446,0.0390879478827361,0.2527687296416938,0.0084690553745928,0.0,0.1127035830618892,0.0,0.0,0.0,0.0,0.0,0.0084690553745928,0.0175895765472312,0.0762214983713355,0.009771986970684,0.0071661237785016,0.0188925081433224,0.0084690553745928,0.0201954397394136,0.0078175895765472,0.0201954397394136,0.1009771986970684
,,,,,,,,,,,,,,,,,,,,,,,,0,0.0390879478827361,0.0423452768729641,0.0201954397394136,0.1433224755700325,0.2690553745928338,0.0,0.0,0.0547231270358306,0.0110749185667752,0.0,0.0,0.0,0.0,0.0,0.01628664495114,0.0117263843648208,0.01628664495114,0.0866449511400651,0.1511400651465798,0.0208469055374592,0.0019543973941368,0.0586319218241042,0.098371335504886,0.0677524429967426
,,,,,,,,,,,,,,,,,,,,,,,,0,0.1283387622149837,0.0117263843648208,0.0410423452768729,0.1413680781758957,0.2006514657980456,0.1504885993485342,0.0560260586319218,0.0905537459283387,0.0,0.0,0.0,0.0,0.0078175895765472,0.0,0.0,0.0,0.0384364820846905,0.0697068403908794,0.0221498371335504,0.0117263843648208,0.0267100977198697,0.022801302931596,0.0429967426710097,0.1296416938110749
,,,,,,,,,,,,,,,,,,,,,,,,0,0.2534201954397394,0.0925081433224755,0.1426710097719869,0.117915309446254,0.0358306188925081,0.0332247557003257,0.0117263843648208,0.0286644951140065,0.0,0.0,0.009771986970684,0.0,0.0104234527687296,0.0,0.0149837133550488,0.054071661237785,0.009771986970684,0.0,0.0364820846905537,0.0117263843648208,0.0,0.0078175895765472,0.0,0.0136807817589576
,,,,,,,,,,,,,,,,,,,,,,,,0,0.0143322475570032,0.0814332247557003,0.0664495114006514,0.098371335504886,0.2547231270358306,0.155700325732899,0.0514657980456026,0.0078175895765472,0.0,0.0,0.0,0.01628664495114,0.0,0.0,0.0149837133550488,0.1055374592833876,0.0104234527687296,0.0,0.0,0.0,0.0,0.0,0.0,0.0
,,,,,,,,,,,,,,,,,,,,,,,,0,0.0,0.0332247557003257,0.1420195439739413,0.1993485342019544,0.0970684039087947,0.0026058631921824,0.1042345276872964,0.0410423452768729,0.0,0.0,0.0,0.0,0.0,0.0,0.0136807817589576,0.0664495114006514,0.0390879478827361,0.0208469055374592,0.0377850162866449,0.0123778501628664,0.0091205211726384,0.0482084690553745,0.1283387622149837,0.0039087947882736
,,,,,,,,,,,,,,,,,,,,,,,,0,0.1055374592833876,0.1811074918566775,0.0514657980456026,0.1583061889250814,0.1934853420195439,0.2918566775244299,0.0234527687296416,0.0534201954397394,0.0,0.0,0.0,0.0,0.0,0.0,0.0169381107491856,0.0833876221498371,0.0208469055374592,0.0078175895765472,0.0,0.0456026058631921,0.0,0.0,0.0,0.0214983713355048
,,,,,,,,,,,,,,,,,,,,,,,,0,0.0208469055374592,0.0104234527687296,0.0280130293159609,0.2403908794788273,0.1328990228013029,0.1009771986970684,0.0397394136807817,0.0,0.0,0.0,0.0,0.0,0.0,0.0,0.0,0.0,0.1087947882736156,0.0325732899022801,0.0,0.1003257328990228,0.0136807817589576,0.0,0.0,0.0084690553745928
,,,,,,,,,,,,,,,,,,,,,,,,0,0.0358306188925081,0.0221498371335504,0.0905537459283387,0.0084690553745928,0.1061889250814332,0.1322475570032573,0.0006514657980456,0.0247557003257328,0.0358306188925081,0.0,0.0,0.0,0.0,0.0,0.0338762214983713,0.0,0.0,0.0566775244299674,0.0527687296416938,0.01628664495114,0.0,0.0644951140065146,0.0312703583061889,0.1641693811074918
,,,,,,,,,,,,,,,,,,,,,,,,0,0.0358306188925081,0.0221498371335504,0.0905537459283387,0.0084690553745928,0.1061889250814332,0.1322475570032573,0.0006514657980456,0.0247557003257328,0.0358306188925081,0.0,0.0,0.0,0.0,0.0,0.0338762214983713,0.0,0.0,0.0566775244299674,0.0527687296416938,0.01628664495114,0.0,0.0644951140065146,0.0312703583061889,0.1641693811074918
,,,,,,,,,,,,,,,,,,,,,,,,0,0.0208469055374592,0.0879478827361563,0.0442996742671009,0.0879478827361563,0.1439739413680781,0.101628664495114,0.0241042345276872,0.0319218241042345,0.0208469055374592,0.009771986970684,0.0,0.0,0.0,0.0,0.0,0.0,0.0592833876221498,0.0312703583061889,0.0351791530944625,0.0026058631921824,0.1068403908794788,0.1771986970684039,0.0410423452768729,0.0449511400651465
,,,,,,,,,,,,,,,,,,,,,,,,0,0.057328990228013,0.0436482084690553,0.1817589576547231,0.1817589576547231,0.10814332247557,0.0149837133550488,0.0286644951140065,0.0254071661237785,0.0,0.0,0.0,0.0,0.0,0.0078175895765472,0.01628664495114,0.0534201954397394,0.0267100977198697,0.054071661237785,0.0456026058631921,0.2,0.067100977198697,0.1218241042345276,0.0267100977198697,0.0332247557003257
,,,,,,,,,,,,,,,,,,,,,,,,0,0.2293159609120521,0.1817589576547231,0.0273615635179153,0.1087947882736156,0.0026058631921824,0.2371335504885993,0.0312703583061889,0.0247557003257328,0.0,0.0,0.0,0.0,0.0,0.0,0.0299674267100977,0.0527687296416938,0.009771986970684,0.0429967426710097,0.0110749185667752,0.0006514657980456,0.0312703583061889,0.0716612377850162,0.0,0.0286644951140065
,,,,,,,,,,,,,,,,,,,,,,,,0,0.0612377850162866,0.0403908794788273,0.0169381107491856,0.1700325732899023,0.1381107491856677,0.0345276872964169,0.1250814332247557,0.0423452768729641,0.0078175895765472,0.0104234527687296,0.0078175895765472,0.0,0.0,0.0,0.0078175895765472,0.0351791530944625,0.0364820846905537,0.0052117263843648,0.0267100977198697,0.0058631921824104,0.1413680781758957,0.0423452768729641,0.0312703583061889,0.0136807817589576
,,,,,,,,,,,,,,,,,,,,,,,,0,0.0175895765472312,0.0684039087947882,0.0208469055374592,0.01628664495114,0.0136807817589576,0.0684039087947882,0.1348534201954397,0.0566775244299674,0.0,0.0,0.0,0.0,0.0084690553745928,0.0013029315960912,0.0,0.0677524429967426,0.0768729641693811,0.0,0.0,0.01628664495114,0.0,0.0026058631921824,0.0091205211726384,0.0319218241042345
,,,,,,,,,,,,,,,,,,,,,,,,0,0.0247557003257328,0.0234527687296416,0.063843648208469,0.2762214983713355,0.3400651465798046,0.0117263843648208,0.0117263843648208,0.0449511400651465,0.0,0.0,0.0084690553745928,0.0,0.0,0.0,0.0071661237785016,0.0631921824104234,0.0436482084690553,0.0026058631921824,0.0149837133550488,0.0332247557003257,0.0,0.006514657980456,0.0019543973941368,0.0078175895765472
,,,,,,,,,,,,,,,,,,,,,,,,0,0.0175895765472312,0.1732899022801303,0.0280130293159609,0.0410423452768729,0.0899022801302931,0.2371335504885993,0.0716612377850162,0.0469055374592833,0.0,0.0,0.0,0.0,0.0,0.0,0.0123778501628664,0.0,0.165472312703583,0.0840390879478827,0.1361563517915309,0.0,0.0840390879478827,0.1452768729641693,0.0039087947882736,0.0280130293159609
,,,,,,,,,,,,,,,,,,,,,,,,0,0.019543973941368,0.0351791530944625,0.0794788273615635,0.0104234527687296,0.0013029315960912,0.0859934853420195,0.0697068403908794,0.1107491856677524,0.0169381107491856,0.0,0.0078175895765472,0.0,0.0,0.0078175895765472,0.0,0.0,0.0990228013029315,0.019543973941368,0.0208469055374592,0.0781758957654723,0.006514657980456,0.0371335504885993,0.1328990228013029,0.0136807817589576
,,,,,,,,,,,,,,,,,,,,,,,,0,0.0136807817589576,0.1713355048859934,0.0299674267100977,0.1107491856677524,0.1928338762214983,0.0052117263843648,0.0260586319218241,0.0364820846905537,0.0,0.0,0.0,0.0078175895765472,0.0,0.0,0.0358306188925081,0.0188925081433224,0.0312703583061889,0.013029315960912,0.013029315960912,0.0084690553745928,0.019543973941368,0.0,0.0338762214983713,0.01628664495114
,,,,,,,,,,,,,,,,,,,,,,,,0,0.0345276872964169,0.0690553745928338,0.1758957654723127,0.0351791530944625,0.1752442996742671,0.1192182410423452,0.0521172638436482,0.0,0.0,0.0078175895765472,0.0,0.0,0.009771986970684,0.0,0.0293159609120521,0.0566775244299674,0.0091205211726384,0.0762214983713355,0.1198697068403908,0.0403908794788273,0.0104234527687296,0.0241042345276872,0.009771986970684,0.0201954397394136
,,,,,,,,,,,,,,,,,,,,,,,,0,0.0566775244299674,0.0293159609120521,0.0208469055374592,0.117915309446254,0.0351791530944625,0.1368078175895765,0.1811074918566775,0.013029315960912,0.0,0.0,0.0,0.0,0.0,0.0,0.0,0.0390879478827361,0.155700325732899,0.0254071661237785,0.0006514657980456,0.0293159609120521,0.0006514657980456,0.0039087947882736,0.0104234527687296,0.0514657980456026
,,,,,,,,,,,,,,,,,,,,,,,,0,0.0879478827361563,0.0755700325732899,0.0586319218241042,0.1713355048859934,0.1231270358306188,0.1745928338762215,0.0254071661237785,0.0338762214983713,0.0084690553745928,0.0078175895765472,0.0,0.0084690553745928,0.0,0.0,0.0156351791530944,0.1153094462540716,0.013029315960912,0.0267100977198697,0.022801302931596,0.0853420195439739,0.0026058631921824,0.1511400651465798,0.0644951140065146,0.0996742671009772
,,,,,,,,,,,,,,,,,,,,,,,,0,0.0755700325732899,0.0338762214983713,0.2364820846905537,0.0338762214983713,0.1074918566775244,0.257328990228013,0.0247557003257328,0.0299674267100977,0.009771986970684,0.0,0.0045602605863192,0.003257328990228,0.0,0.0,0.0182410423452768,0.1100977198697068,0.2,0.0221498371335504,0.0078175895765472,0.0084690553745928,0.0345276872964169,0.009771986970684,0.0,0.0
,,,,,,,,,,,,,,,,,,,,,,,,0,0.0078175895765472,0.0,0.0,0.0651465798045602,0.0175895765472312,0.1602605863192182,0.1400651465798045,0.0104234527687296,0.0104234527687296,0.0,0.0,0.0,0.0039087947882736,0.0,0.0,0.0,0.0267100977198697,0.060586319218241,0.0026058631921824,0.0156351791530944,0.0332247557003257,0.0618892508143322,0.0078175895765472,0.0169381107491856
,,,,,,,,,,,,,,,,,,,,,,,,0,0.0175895765472312,0.0625407166123778,0.1570032573289902,0.0560260586319218,0.2586319218241042,0.0807817589576547,0.0325732899022801,0.1302931596091205,0.0117263843648208,0.0,0.0,0.0,0.0,0.0,0.0,0.0,0.0736156351791531,0.0364820846905537,0.0110749185667752,0.0104234527687296,0.022801302931596,0.0234527687296416,0.0319218241042345,0.0247557003257328
,,,,,,,,,,,,,,,,,,,,,,,,0,0.0364820846905537,0.0846905537459283,0.1355048859934853,0.1921824104234527,0.1850162866449511,0.009771986970684,0.0293159609120521,0.0234527687296416,0.0,0.0,0.0,0.0,0.0,0.0,0.0149837133550488,0.0501628664495114,0.0241042345276872,0.0169381107491856,0.0371335504885993,0.0820846905537459,0.1745928338762215,0.0644951140065146,0.013029315960912,0.0104234527687296
,,,,,,,,,,,,,,,,,,,,,,,,0,0.1426710097719869,0.0501628664495114,0.0052117263843648,0.0117263843648208,0.0716612377850162,0.3413680781758957,0.158957654723127,0.0364820846905537,0.0006514657980456,0.0091205211726384,0.0,0.0,0.0,0.0,0.0,0.0,0.0514657980456026,0.0586319218241042,0.0840390879478827,0.104885993485342,0.1706840390879478,0.0143322475570032,0.0338762214983713,0.0586319218241042
,,,,,,,,,,,,,,,,,,,,,,,,0,0.1218241042345276,0.0110749185667752,0.0,0.1426710097719869,0.0045602605863192,0.0221498371335504,0.257328990228013,0.0136807817589576,0.0234527687296416,0.0,0.0,0.0,0.0,0.0,0.0078175895765472,0.0,0.070358306188925,0.0143322475570032,0.0364820846905537,0.019543973941368,0.003257328990228,0.1302931596091205,0.1485342019543974,0.1159609120521172
,,,,,,,,,,,,,,,,,,,,,,,,0,0.0169381107491856,0.0599348534201954,0.1693811074918566,0.057328990228013,0.1087947882736156,0.117915309446254,0.003257328990228,0.0325732899022801,0.013029315960912,0.0,0.0,0.0,0.0,0.0,0.0175895765472312,0.0208469055374592,0.0104234527687296,0.1133550488599348,0.121172638436482,0.0579804560260586,0.0957654723127035,0.0488599348534201,0.0618892508143322,0.0
,,,,,,,,,,,,,,,,,,,,,,,,0,0.0644951140065146,0.2925081433224755,0.111400651465798,0.1205211726384364,0.2247557003257329,0.0892508143322475,0.0247557003257328,0.0254071661237785,0.0201954397394136,0.0,0.0,0.0,0.0,0.0078175895765472,0.0,0.0078175895765472,0.0429967426710097,0.0944625407166123,0.013029315960912,0.0175895765472312,0.0078175895765472,0.0657980456026058,0.0267100977198697,0.1426710097719869
,,,,,,,,,,,,,,,,,,,,,,,,0,0.0214983713355048,0.1192182410423452,0.0482084690553745,0.0338762214983713,0.0182410423452768,0.0840390879478827,0.2521172638436482,0.0234527687296416,0.0091205211726384,0.0,0.0,0.0,0.0,0.0,0.0429967426710097,0.0143322475570032,0.0,0.0338762214983713,0.0332247557003257,0.0013029315960912,0.0,0.0,0.0084690553745928,0.0052117263843648
,,,,,,,,,,,,,,,,,,,,,,,,0,0.0110749185667752,0.0247557003257328,0.0208469055374592,0.1680781758957654,0.1400651465798045,0.0078175895765472,0.0286644951140065,0.013029315960912,0.0,0.0,0.0,0.0,0.0,0.0078175895765472,0.0,0.0,0.0293159609120521,0.0664495114006514,0.1009771986970684,0.022801302931596,0.0221498371335504,0.0,0.009771986970684,0.0
,,,,,,,,,,,,,,,,,,,,,,,,0,0.0762214983713355,0.0254071661237785,0.1198697068403908,0.060586319218241,0.2703583061889251,0.0,0.0,0.0234527687296416,0.0,0.0,0.0,0.0,0.0,0.0,0.0,0.0045602605863192,0.0143322475570032,0.0182410423452768,0.0351791530944625,0.0071661237785016,0.0,0.0006514657980456,0.0280130293159609,0.0
,,,,,,,,,,,,,,,,,,,,,,,,0,0.0,0.0,0.0,0.0397394136807817,0.111400651465798,0.0579804560260586,0.0736156351791531,0.0188925081433224,0.0078175895765472,0.0,0.0,0.0084690553745928,0.0,0.0,0.0,0.0,0.0475570032573289,0.0566775244299674,0.0143322475570032,0.1368078175895765,0.1205211726384364,0.0547231270358306,0.0026058631921824,0.0423452768729641
,,,,,,,,,,,,,,,,,,,,,,,,0,0.0078175895765472,0.0710097719869706,0.2358306188925081,0.0390879478827361,0.0182410423452768,0.0078175895765472,0.0123778501628664,0.1693811074918566,0.0078175895765472,0.0,0.0,0.0,0.0,0.0,0.0,0.0,0.0,0.0690553745928338,0.003257328990228,0.0286644951140065,0.0,0.0,0.070358306188925,0.0
,,,,,,,,,,,,,,,,,,,,,,,,0,0.0,0.1133550488599348,0.1120521172638436,0.1485342019543974,0.1811074918566775,0.0846905537459283,0.0,0.0214983713355048,0.0,0.0,0.0,0.0078175895765472,0.0,0.0,0.0,0.0,0.0143322475570032,0.0775244299674267,0.0892508143322475,0.0938110749185667,0.1439739413680781,0.1257328990228013,0.0,0.0586319218241042
,,,,,,,,,,,,,,,,,,,,,,,,0,0.1472312703583062,0.009771986970684,0.0,0.0208469055374592,0.1374592833876221,0.0462540716612377,0.0677524429967426,0.0143322475570032,0.0,0.0,0.0,0.0,0.0,0.0078175895765472,0.0,0.0,0.01628664495114,0.0293159609120521,0.0214983713355048,0.0078175895765472,0.0084690553745928,0.0280130293159609,0.0,0.0078175895765472
,,,,,,,,,,,,,,,,,,,,,,,,0,0.0214983713355048,0.0827361563517915,0.104885993485342,0.1478827361563517,0.2214983713355048,0.0208469055374592,0.0006514657980456,0.0534201954397394,0.0006514657980456,0.0,0.0,0.0,0.0,0.0,0.013029315960912,0.0078175895765472,0.0,0.0280130293159609,0.0247557003257328,0.1693811074918566,0.0169381107491856,0.1752442996742671,0.0136807817589576,0.0254071661237785
,,,,,,,,,,,,,,,,,,,,,,,,0,0.101628664495114,0.0039087947882736,0.0788273615635179,0.117915309446254,0.2872964169381107,0.0026058631921824,0.0241042345276872,0.0273615635179153,0.013029315960912,0.0,0.0,0.0,0.0,0.0,0.0,0.0,0.0403908794788273,0.0364820846905537,0.0345276872964169,0.0267100977198697,0.0136807817589576,0.0188925081433224,0.0117263843648208,0.0495114006514657
,,,,,,,,,,,,,,,,,,,,,,,,0,0.0045602605863192,0.0644951140065146,0.2143322475570032,0.0482084690553745,0.2970684039087948,0.0469055374592833,0.0117263843648208,0.0221498371335504,0.0,0.0078175895765472,0.0,0.0,0.0,0.0,0.0,0.0,0.0429967426710097,0.0306188925081433,0.0273615635179153,0.0110749185667752,0.1452768729641693,0.0241042345276872,0.0449511400651465,0.1120521172638436
,,,,,,,,,,,,,,,,,,,,,,,,0,0.0175895765472312,0.1296416938110749,0.2684039087947882,0.2260586319218241,0.0104234527687296,0.0,0.0136807817589576,0.0273615635179153,0.0,0.0,0.0013029315960912,0.0319218241042345,0.0,0.0,0.0,0.0,0.0182410423452768,0.0612377850162866,0.0364820846905537,0.1550488599348534,0.0449511400651465,0.0123778501628664,0.0,0.0299674267100977
,,,,,,,,,,,,,,,,,,,,,,,,0,0.01628664495114,0.0592833876221498,0.0977198697068403,0.1205211726384364,0.0964169381107491,0.3889250814332247,0.0143322475570032,0.022801302931596,0.0,0.0,0.0,0.0078175895765472,0.0039087947882736,0.0,0.0,0.0,0.0397394136807817,0.0436482084690553,0.009771986970684,0.0338762214983713,0.1035830618892508,0.0410423452768729,0.01628664495114,0.0697068403908794
,,,,,,,,,,,,,,,,,,,,,,,,0,0.152442996742671,0.1478827361563517,0.0482084690553745,0.0254071661237785,0.1296416938110749,0.1061889250814332,0.209771986970684,0.0045602605863192,0.0,0.0,0.0078175895765472,0.0,0.0,0.0,0.0,0.0,0.098371335504886,0.0482084690553745,0.0416938110749185,0.0169381107491856,0.0,0.0,0.0,0.0
,,,,,,,,,,,,,,,,,,,,,,,,0,0.0403908794788273,0.0488599348534201,0.1061889250814332,0.1035830618892508,0.1609120521172638,0.1172638436482084,0.013029315960912,0.2104234527687296,0.0280130293159609,0.0091205211726384,0.0,0.0,0.0,0.0,0.0,0.0371335504885993,0.019543973941368,0.013029315960912,0.0332247557003257,0.0384364820846905,0.0293159609120521,0.1439739413680781,0.0123778501628664,0.0084690553745928
,,,,,,,,,,,,,,,,,,,,,,,,0,0.063843648208469,0.0566775244299674,0.0827361563517915,0.1042345276872964,0.2,0.0429967426710097,0.0312703583061889,0.1263843648208469,0.0136807817589576,0.0,0.0,0.0,0.0,0.0,0.013029315960912,0.009771986970684,0.0332247557003257,0.1771986970684039,0.0456026058631921,0.0312703583061889,0.0,0.0306188925081433,0.0325732899022801,0.0175895765472312
,,,,,,,,,,,,,,,,,,,,,,,,0,0.1485342019543974,0.0364820846905537,0.0612377850162866,0.009771986970684,0.0931596091205211,0.1889250814332247,0.0123778501628664,0.0514657980456026,0.0026058631921824,0.0,0.0,0.0,0.0,0.0,0.0,0.009771986970684,0.0547231270358306,0.0469055374592833,0.01628664495114,0.0104234527687296,0.0,0.0364820846905537,0.009771986970684,0.0091205211726384
,,,,,,,,,,,,,,,,,,,,,,,,0,0.0208469055374592,0.2631921824104234,0.0879478827361563,0.1700325732899023,0.2234527687296417,0.0286644951140065,0.0214983713355048,0.0221498371335504,0.0,0.0,0.0,0.0,0.0,0.0,0.0,0.0436482084690553,0.0078175895765472,0.0221498371335504,0.0045602605863192,0.0169381107491856,0.0351791530944625,0.0013029315960912,0.0,0.0416938110749185
,,,,,,,,,,,,,,,,,,,,,,,,0,0.1166123778501628,0.1231270358306188,0.1745928338762215,0.0254071661237785,0.1993485342019544,0.158957654723127,0.0332247557003257,0.0410423452768729,0.0,0.0,0.0,0.0,0.0,0.0,0.0136807817589576,0.0931596091205211,0.0188925081433224,0.0293159609120521,0.0091205211726384,0.0,0.0397394136807817,0.0586319218241042,0.0,0.0
,,,,,,,,,,,,,,,,,,,,,,,,0,0.0547231270358306,0.158957654723127,0.0501628664495114,0.4143322475570032,0.0136807817589576,0.0,0.1459283387622149,0.0547231270358306,0.0,0.0,0.0,0.0,0.0,0.0,0.0156351791530944,0.0938110749185667,0.0853420195439739,0.0801302931596091,0.0,0.009771986970684,0.003257328990228,0.0058631921824104,0.0,0.0221498371335504
,,,,,,,,,,,,,,,,,,,,,,,,0,0.0547231270358306,0.1628664495114006,0.1400651465798045,0.0657980456026058,0.0338762214983713,0.2299674267100977,0.1732899022801303,0.0286644951140065,0.0039087947882736,0.0,0.0,0.0,0.0,0.0,0.0136807817589576,0.054071661237785,0.0488599348534201,0.013029315960912,0.0078175895765472,0.0364820846905537,0.0078175895765472,0.0,0.0,0.0078175895765472
,,,,,,,,,,,,,,,,,,,,,,,,0,0.0091205211726384,0.1289902280130293,0.0521172638436482,0.1915309446254071,0.2052117263843648,0.0,0.0006514657980456,0.1407166123778501,0.0058631921824104,0.0,0.0,0.0,0.0,0.0,0.0136807817589576,0.0951140065146579,0.0299674267100977,0.0280130293159609,0.0,0.0254071661237785,0.009771986970684,0.0058631921824104,0.0078175895765472,0.0084690553745928
,,,,,,,,,,,,,,,,,,,,,,,,0,0.0299674267100977,0.0521172638436482,0.0104234527687296,0.1583061889250814,0.1276872964169381,0.152442996742671,0.0156351791530944,0.0338762214983713,0.0,0.0,0.0,0.0,0.0,0.0,0.0143322475570032,0.0110749185667752,0.0,0.0625407166123778,0.0325732899022801,0.0117263843648208,0.019543973941368,0.2,0.0827361563517915,0.0084690553745928
,,,,,,,,,,,,,,,,,,,,,,,,0,0.0280130293159609,0.0345276872964169,0.0149837133550488,0.1283387622149837,0.1882736156351791,0.0,0.0,0.1882736156351791,0.0397394136807817,0.0,0.0,0.0,0.0,0.0,0.0,0.0,0.0664495114006514,0.0312703583061889,0.0169381107491856,0.0078175895765472,0.0143322475570032,0.0403908794788273,0.1100977198697068,0.0169381107491856
,,,,,,,,,,,,,,,,,,,,,,,,0,0.1055374592833876,0.0827361563517915,0.2859934853420195,0.1296416938110749,0.1680781758957654,0.0091205211726384,0.0364820846905537,0.0104234527687296,0.009771986970684,0.0,0.0,0.0,0.0,0.0,0.01628664495114,0.0918566775244299,0.0013029315960912,0.0045602605863192,0.0078175895765472,0.0,0.0234527687296416,0.0175895765472312,0.0078175895765472,0.0241042345276872
,,,,,,,,,,,,,,,,,,,,,,,,0,0.0117263843648208,0.1934853420195439,0.063843648208469,0.1387622149837133,0.2560260586319218,0.0723127035830618,0.0039087947882736,0.0188925081433224,0.0,0.0,0.0,0.0,0.0045602605863192,0.0,0.013029315960912,0.1439739413680781,0.0859934853420195,0.114657980456026,0.0599348534201954,0.003257328990228,0.0521172638436482,0.0019543973941368,0.0078175895765472,0.0182410423452768
,,,,,,,,,,,,,,,,,,,,,,,,0,0.0488599348534201,0.0833876221498371,0.3439739413680782,0.3895765472312703,0.1270358306188925,0.0234527687296416,0.0143322475570032,0.0384364820846905,0.0,0.0,0.0,0.0,0.0,0.0039087947882736,0.0149837133550488,0.0833876221498371,0.0006514657980456,0.0377850162866449,0.0117263843648208,0.0045602605863192,0.0,0.0,0.0091205211726384,0.0319218241042345
,,,,,,,,,,,,,,,,,,,,,,,,0,0.0859934853420195,0.0618892508143322,0.0104234527687296,0.0788273615635179,0.2338762214983713,0.0110749185667752,0.1413680781758957,0.0410423452768729,0.0,0.0,0.0,0.0,0.0,0.0156351791530944,0.0149837133550488,0.0351791530944625,0.0397394136807817,0.0045602605863192,0.0104234527687296,0.0006514657980456,0.013029315960912,0.0,0.0156351791530944,0.0
,,,,,,,,,,,,,,,,,,,,,,,,0,0.0078175895765472,0.050814332247557,0.0306188925081433,0.0905537459283387,0.1361563517915309,0.0,0.1563517915309446,0.1342019543973941,0.0149837133550488,0.0,0.0,0.0,0.0,0.0,0.0123778501628664,0.0899022801302931,0.0299674267100977,0.0201954397394136,0.0123778501628664,0.0058631921824104,0.0188925081433224,0.0267100977198697,0.0045602605863192,0.0
,,,,,,,,,,,,,,,,,,,,,,,,0,0.0169381107491856,0.0,0.1237785016286645,0.1928338762214983,0.2091205211726384,0.0866449511400651,0.149185667752443,0.0442996742671009,0.0,0.0,0.0,0.0,0.0,0.0,0.0143322475570032,0.01628664495114,0.0846905537459283,0.0723127035830618,0.057328990228013,0.0182410423452768,0.0293159609120521,0.022801302931596,0.022801302931596,0.0182410423452768
,,,,,,,,,,,,,,,,,,,,,,,,0,0.0280130293159609,0.0495114006514657,0.0599348534201954,0.1583061889250814,0.2560260586319218,0.0104234527687296,0.0612377850162866,0.0964169381107491,0.0136807817589576,0.0,0.0,0.0,0.0,0.0,0.0,0.019543973941368,0.0944625407166123,0.1055374592833876,0.0566775244299674,0.0768729641693811,0.013029315960912,0.0208469055374592,0.0214983713355048,0.0039087947882736
,,,,,,,,,,,,,,,,,,,,,,,,0,0.0345276872964169,0.0,0.0110749185667752,0.1198697068403908,0.3159609120521172,0.0188925081433224,0.0,0.0462540716612377,0.0,0.0,0.0,0.0,0.0091205211726384,0.0,0.0208469055374592,0.0684039087947882,0.0136807817589576,0.0267100977198697,0.0078175895765472,0.121172638436482,0.0,0.1205211726384364,0.0234527687296416,0.0
,,,,,,,,,,,,,,,,,,,,,,,,0,0.1485342019543974,0.0566775244299674,0.0299674267100977,0.0566775244299674,0.3133550488599348,0.0071661237785016,0.1726384364820846,0.013029315960912,0.0182410423452768,0.0,0.0,0.0,0.0,0.0,0.0136807817589576,0.1042345276872964,0.0136807817589576,0.0273615635179153,0.0039087947882736,0.0332247557003257,0.0006514657980456,0.0117263843648208,0.0045602605863192,0.0039087947882736
,,,,,,,,,,,,,,,,,,,,,,,,0,0.0931596091205211,0.2267100977198697,0.0482084690553745,0.1915309446254071,0.0390879478827361,0.1153094462540716,0.063843648208469,0.1758957654723127,0.0,0.0,0.0,0.0,0.0,0.0,0.0175895765472312,0.0944625407166123,0.0045602605863192,0.013029315960912,0.0,0.0045602605863192,0.0052117263843648,0.0267100977198697,0.0410423452768729,0.0084690553745928
,,,,,,,,,,,,,,,,,,,,,,,,0,0.0280130293159609,0.0,0.1289902280130293,0.1289902280130293,0.1355048859934853,0.152442996742671,0.0110749185667752,0.0299674267100977,0.0104234527687296,0.0,0.0,0.0,0.0,0.0039087947882736,0.0156351791530944,0.0664495114006514,0.0475570032573289,0.0175895765472312,0.0,0.0156351791530944,0.0,0.0664495114006514,0.0123778501628664,0.0013029315960912
,,,,,,,,,,,,,,,,,,,,,,,,0,0.1465798045602606,0.1478827361563517,0.0136807817589576,0.0078175895765472,0.2377850162866449,0.2045602605863192,0.0312703583061889,0.0273615635179153,0.0,0.0,0.0,0.0,0.0,0.0,0.0156351791530944,0.0977198697068403,0.0214983713355048,0.0013029315960912,0.0123778501628664,0.0599348534201954,0.0110749185667752,0.0,0.2175895765472312,0.0749185667752443
,,,,,,,,,,,,,,,,,,,,,,,,0,0.0377850162866449,0.0084690553745928,0.0136807817589576,0.2260586319218241,0.2110749185667752,0.2078175895765472,0.0912052117263843,0.0501628664495114,0.0019543973941368,0.0,0.0071661237785016,0.0,0.0,0.0104234527687296,0.0143322475570032,0.0397394136807817,0.0201954397394136,0.0241042345276872,0.013029315960912,0.0078175895765472,0.0091205211726384,0.003257328990228,0.0280130293159609,0.0788273615635179
,,,,,,,,,,,,,,,,,,,,,,,,0,0.0495114006514657,0.0273615635179153,0.0436482084690553,0.1837133550488599,0.1342019543973941,0.0618892508143322,0.0058631921824104,0.0338762214983713,0.0,0.0,0.0,0.0,0.0,0.0,0.0,0.0078175895765472,0.0579804560260586,0.1250814332247557,0.0006514657980456,0.0,0.0,0.1127035830618892,0.0052117263843648,0.0338762214983713
,,,,,,,,,,,,,,,,,,,,,,,,0,0.3830618892508143,0.0872964169381107,0.2175895765472312,0.0149837133550488,0.0521172638436482,0.1596091205211726,0.0273615635179153,0.0149837133550488,0.0,0.0,0.0,0.0,0.0136807817589576,0.0,0.0156351791530944,0.0351791530944625,0.0,0.0495114006514657,0.0169381107491856,0.0058631921824104,0.01628664495114,0.0045602605863192,0.0039087947882736,0.0149837133550488
,,,,,,,,,,,,,,,,,,,,,,,,0,0.2188925081433224,0.0442996742671009,0.0247557003257328,0.1022801302931596,0.1609120521172638,0.0814332247557003,0.1003257328990228,0.0188925081433224,0.0039087947882736,0.0,0.0,0.0,0.0,0.0,0.0078175895765472,0.0742671009771987,0.0156351791530944,0.0241042345276872,0.0104234527687296,0.0,0.0175895765472312,0.0,0.0052117263843648,0.0104234527687296
,,,,,,,,,,,,,,,,,,,,,,,,0,0.0293159609120521,0.0553745928338762,0.0612377850162866,0.2436482084690553,0.0208469055374592,0.0071661237785016,0.0273615635179153,0.1472312703583062,0.0182410423452768,0.0,0.0,0.0,0.0,0.0,0.0071661237785016,0.0768729641693811,0.003257328990228,0.0403908794788273,0.0039087947882736,0.0026058631921824,0.0019543973941368,0.0078175895765472,0.009771986970684,0.0208469055374592
,,,,,,,,,,,,,,,,,,,,,,,,0,0.0853420195439739,0.0807817589576547,0.1863192182410423,0.2169381107491856,0.3087947882736156,0.019543973941368,0.009771986970684,0.01628664495114,0.0,0.0,0.0,0.0,0.0,0.0,0.0201954397394136,0.0768729641693811,0.0013029315960912,0.009771986970684,0.0495114006514657,0.0931596091205211,0.0,0.0651465798045602,0.0084690553745928,0.0
,,,,,,,,,,,,,,,,,,,,,,,,0,0.1381107491856677,0.0338762214983713,0.009771986970684,0.1960912052117263,0.1628664495114006,0.009771986970684,0.013029315960912,0.1517915309446254,0.0110749185667752,0.0045602605863192,0.0,0.0,0.0091205211726384,0.0,0.006514657980456,0.1055374592833876,0.0,0.0293159609120521,0.1237785016286645,0.022801302931596,0.0110749185667752,0.0123778501628664,0.0078175895765472,0.0019543973941368
,,,,,,,,,,,,,,,,,,,,,,,,0,0.1381107491856677,0.0338762214983713,0.009771986970684,0.1960912052117263,0.1628664495114006,0.009771986970684,0.013029315960912,0.1517915309446254,0.0110749185667752,0.0045602605863192,0.0,0.0,0.0091205211726384,0.0,0.006514657980456,0.1055374592833876,0.0,0.0293159609120521,0.1237785016286645,0.022801302931596,0.0110749185667752,0.0123778501628664,0.0078175895765472,0.0019543973941368
,,,,,,,,,,,,,,,,,,,,,,,,0,0.1009771986970684,0.0,0.0,0.3061889250814332,0.0586319218241042,0.013029315960912,0.2429967426710097,0.0175895765472312,0.0117263843648208,0.0045602605863192,0.0,0.0,0.0078175895765472,0.0,0.0,0.0,0.0475570032573289,0.0521172638436482,0.0547231270358306,0.0306188925081433,0.222801302931596,0.0175895765472312,0.0188925081433224,0.0273615635179153
,,,,,,,,,,,,,,,,,,,,,,,,0,0.0,0.0514657980456026,0.0651465798045602,0.0351791530944625,0.0019543973941368,0.0,0.0,0.0736156351791531,0.0879478827361563,0.0,0.0,0.0,0.0,0.0045602605863192,0.0,0.0,0.054071661237785,0.0175895765472312,0.149185667752443,0.1153094462540716,0.0495114006514657,0.0058631921824104,0.0208469055374592,0.0293159609120521
,,,,,,,,,,,,,,,,,,,,,,,,0,0.0,0.057328990228013,0.0990228013029315,0.006514657980456,0.2775244299674267,0.2364820846905537,0.0156351791530944,0.0364820846905537,0.0,0.0,0.0,0.0175895765472312,0.0280130293159609,0.0,0.0156351791530944,0.0416938110749185,0.0241042345276872,0.0260586319218241,0.0123778501628664,0.0039087947882736,0.009771986970684,0.0273615635179153,0.0,0.0
,,,,,,,,,,,,,,,,,,,,,,,,0,0.1602605863192182,0.2299674267100977,0.0644951140065146,0.022801302931596,0.3315960912052117,0.0247557003257328,0.0475570032573289,0.0,0.0,0.0,0.0,0.0,0.0,0.0,0.0201954397394136,0.0651465798045602,0.0234527687296416,0.0338762214983713,0.0045602605863192,0.0208469055374592,0.0,0.0071661237785016,0.01628664495114,0.0
,,,,,,,,,,,,,,,,,,,,,,,,0,0.0775244299674267,0.1954397394136807,0.0188925081433224,0.2123778501628664,0.2293159609120521,0.1231270358306188,0.1355048859934853,0.0312703583061889,0.0,0.0,0.0,0.0,0.0,0.0039087947882736,0.0175895765472312,0.1029315960912052,0.0358306188925081,0.0084690553745928,0.0,0.0006514657980456,0.0495114006514657,0.0208469055374592,0.0071661237785016,0.0104234527687296
,,,,,,,,,,,,,,,,,,,,,,,,0,0.0104234527687296,0.213029315960912,0.0332247557003257,0.1355048859934853,0.1485342019543974,0.1355048859934853,0.0123778501628664,0.0371335504885993,0.0,0.0,0.0,0.0104234527687296,0.0,0.0,0.0156351791530944,0.0807817589576547,0.0260586319218241,0.1648208469055374,0.0755700325732899,0.0260586319218241,0.0071661237785016,0.0,0.0534201954397394,0.1824104234527687
,,,,,,,,,,,,,,,,,,,,,,,,0,0.0469055374592833,0.0456026058631921,0.1452768729641693,0.0807817589576547,0.2801302931596091,0.0,0.0,0.1244299674267101,0.0254071661237785,0.0,0.0,0.0,0.0,0.0,0.0293159609120521,0.0957654723127035,0.0,0.0358306188925081,0.0039087947882736,0.0,0.0280130293159609,0.0644951140065146,0.0156351791530944,0.0071661237785016
,,,,,,,,,,,,,,,,,,,,,,,,0,0.0,0.1218241042345276,0.1726384364820846,0.0345276872964169,0.2136807817589576,0.0143322475570032,0.1915309446254071,0.0019543973941368,0.009771986970684,0.0,0.0,0.0,0.0,0.0,0.0143322475570032,0.0091205211726384,0.0403908794788273,0.070358306188925,0.1035830618892508,0.2364820846905537,0.0807817589576547,0.0579804560260586,0.0,0.0156351791530944
,,,,,,,,,,,,,,,,,,,,,,,,0,0.0846905537459283,0.0241042345276872,0.0345276872964169,0.1328990228013029,0.0091205211726384,0.1785016286644951,0.1283387622149837,0.1257328990228013,0.0273615635179153,0.0,0.0,0.0,0.0091205211726384,0.0,0.0,0.0293159609120521,0.0358306188925081,0.0071661237785016,0.013029315960912,0.01628664495114,0.0117263843648208,0.0267100977198697,0.0045602605863192,0.0110749185667752
,,,,,,,,,,,,,,,,,,,,,,,,0,0.0,0.0729641693811074,0.0,0.1413680781758957,0.1263843648208469,0.114657980456026,0.0156351791530944,0.0136807817589576,0.0123778501628664,0.0,0.0045602605863192,0.0078175895765472,0.0,0.0,0.0,0.01628664495114,0.009771986970684,0.0345276872964169,0.0618892508143322,0.0,0.013029315960912,0.1166123778501628,0.0677524429967426,0.0768729641693811
,,,,,,,,,,,,,,,,,,,,,,,,0,0.0091205211726384,0.1739413680781759,0.2208469055374592,0.070358306188925,0.1837133550488599,0.0273615635179153,0.0351791530944625,0.0104234527687296,0.0,0.0,0.0,0.0,0.0,0.0,0.0293159609120521,0.0710097719869706,0.0045602605863192,0.0475570032573289,0.0039087947882736,0.0,0.0110749185667752,0.0169381107491856,0.0592833876221498,0.0117263843648208
,,,,,,,,,,,,,,,,,,,,,,,,0,0.0547231270358306,0.0325732899022801,0.0840390879478827,0.2657980456026058,0.263843648208469,0.1107491856677524,0.0045602605863192,0.1348534201954397,0.0,0.0,0.0,0.0,0.0039087947882736,0.0,0.0267100977198697,0.0469055374592833,0.01628664495114,0.0169381107491856,0.0045602605863192,0.0149837133550488,0.0026058631921824,0.019543973941368,0.0104234527687296,0.0390879478827361
,,,,,,,,,,,,,,,,,,,,,,,,0,0.0429967426710097,0.0371335504885993,0.0104234527687296,0.3263843648208469,0.2208469055374592,0.0931596091205211,0.0104234527687296,0.0390879478827361,0.0,0.0,0.0,0.0,0.0,0.0,0.0201954397394136,0.0762214983713355,0.0013029315960912,0.0052117263843648,0.0039087947882736,0.0045602605863192,0.0084690553745928,0.0,0.0058631921824104,0.0078175895765472
,,,,,,,,,,,,,,,,,,,,,,,,0,0.0,0.1407166123778501,0.0169381107491856,0.1074918566775244,0.2280130293159609,0.162214983713355,0.1713355048859934,0.0221498371335504,0.0,0.0,0.0,0.0,0.0,0.0,0.0149837133550488,0.0755700325732899,0.0169381107491856,0.1348534201954397,0.0071661237785016,0.0469055374592833,0.0,0.009771986970684,0.0,0.0026058631921824
,,,,,,,,,,,,,,,,,,,,,,,,0,0.117915309446254,0.0429967426710097,0.1387622149837133,0.0755700325732899,0.2527687296416938,0.0169381107491856,0.1289902280130293,0.0214983713355048,0.0,0.0,0.0,0.0,0.0,0.0,0.0241042345276872,0.0091205211726384,0.0351791530944625,0.0482084690553745,0.152442996742671,0.0970684039087947,0.0840390879478827,0.0110749185667752,0.0377850162866449,0.0013029315960912
,,,,,,,,,,,,,,,,,,,,,,,,0,0.0527687296416938,0.0052117263843648,0.2267100977198697,0.1218241042345276,0.019543973941368,0.2664495114006515,0.0117263843648208,0.0495114006514657,0.0,0.0,0.0,0.0,0.0,0.0,0.0,0.0156351791530944,0.0768729641693811,0.0234527687296416,0.0117263843648208,0.0136807817589576,0.0149837133550488,0.1374592833876221,0.0469055374592833,0.0846905537459283
,,,,,,,,,,,,,,,,,,,,,,,,0,0.1074918566775244,0.0071661237785016,0.1798045602605863,0.1074918566775244,0.2566775244299674,0.0944625407166123,0.0201954397394136,0.0410423452768729,0.0045602605863192,0.0,0.0,0.0,0.0,0.0403908794788273,0.0234527687296416,0.1055374592833876,0.0436482084690553,0.0,0.0156351791530944,0.0,0.0117263843648208,0.0,0.0208469055374592,0.0
,,,,,,,,,,,,,,,,,,,,,,,,0,0.0996742671009772,0.2671009771986971,0.1100977198697068,0.1074918566775244,0.3407166123778501,0.01628664495114,0.0521172638436482,0.0149837133550488,0.0117263843648208,0.0,0.0,0.0,0.0,0.0045602605863192,0.0456026058631921,0.0775244299674267,0.0221498371335504,0.0091205211726384,0.0,0.019543973941368,0.0201954397394136,0.070358306188925,0.0286644951140065,0.0091205211726384
,,,,,,,,,,,,,,,,,,,,,,,,0,0.0143322475570032,0.0547231270358306,0.1433224755700325,0.2221498371335505,0.1830618892508143,0.158957654723127,0.0885993485342019,0.0136807817589576,0.0,0.0,0.0,0.0,0.0045602605863192,0.0221498371335504,0.0312703583061889,0.0768729641693811,0.0214983713355048,0.0039087947882736,0.0,0.0039087947882736,0.0013029315960912,0.0071661237785016,0.0241042345276872,0.0
,,,,,,,,,,,,,,,,,,,,,,,,0,0.0592833876221498,0.0710097719869706,0.070358306188925,0.2410423452768729,0.4351791530944625,0.0905537459283387,0.0123778501628664,0.0488599348534201,0.0,0.0,0.0,0.0078175895765472,0.0254071661237785,0.0019543973941368,0.0325732899022801,0.0716612377850162,0.019543973941368,0.0,0.0039087947882736,0.0026058631921824,0.0039087947882736,0.0052117263843648,0.0045602605863192,0.0
,,,,,,,,,,,,,,,,,,,,,,,,0,0.0436482084690553,0.0306188925081433,0.0397394136807817,0.1205211726384364,0.1674267100977198,0.1302931596091205,0.0657980456026058,0.0885993485342019,0.0,0.0039087947882736,0.0,0.0078175895765472,0.0,0.0,0.0423452768729641,0.0970684039087947,0.0436482084690553,0.0084690553745928,0.0,0.0045602605863192,0.0,0.0201954397394136,0.0358306188925081,0.0045602605863192
,,,,,,,,,,,,,,,,,,,,,,,,0,0.1198697068403908,0.0684039087947882,0.1218241042345276,0.2338762214983713,0.0872964169381107,0.0123778501628664,0.1954397394136807,0.0149837133550488,0.0,0.0,0.0045602605863192,0.0,0.0,0.0,0.0214983713355048,0.013029315960912,0.1504885993485342,0.1882736156351791,0.2143322475570032,0.0280130293159609,0.0384364820846905,0.054071661237785,0.0,0.0169381107491856
,,,,,,,,,,,,,,,,,,,,,,,,0,0.0351791530944625,0.009771986970684,0.1140065146579804,0.0462540716612377,0.3100977198697068,0.1107491856677524,0.0006514657980456,0.0416938110749185,0.0,0.0,0.0,0.0,0.0,0.0084690553745928,0.0143322475570032,0.0,0.1224755700325732,0.1778501628664495,0.0078175895765472,0.0201954397394136,0.022801302931596,0.1003257328990228,0.1765472312703583,0.1446254071661237
,,,,,,,,,,,,,,,,,,,,,,,,0,0.0833876221498371,0.0553745928338762,0.1231270358306188,0.213029315960912,0.1029315960912052,0.0,0.1257328990228013,0.0521172638436482,0.0,0.0045602605863192,0.0,0.0,0.0045602605863192,0.0,0.0410423452768729,0.0833876221498371,0.0286644951140065,0.0013029315960912,0.0117263843648208,0.0449511400651465,0.0885993485342019,0.0123778501628664,0.0,0.0234527687296416
,,,,,,,,,,,,,,,,,,,,,,,,0,0.0592833876221498,0.0853420195439739,0.0560260586319218,0.2996742671009772,0.3094462540716612,0.1315960912052117,0.0293159609120521,0.0306188925081433,0.0,0.0058631921824104,0.0,0.0,0.009771986970684,0.0358306188925081,0.0221498371335504,0.050814332247557,0.0482084690553745,0.0449511400651465,0.1263843648208469,0.0143322475570032,0.0,0.0091205211726384,0.0006514657980456,0.0039087947882736
,,,,,,,,,,,,,,,,,,,,,,,,0,0.0319218241042345,0.0429967426710097,0.0729641693811074,0.1752442996742671,0.1387622149837133,0.2201954397394137,0.003257328990228,0.0475570032573289,0.0,0.0,0.0,0.0,0.0,0.0039087947882736,0.0514657980456026,0.054071661237785,0.0429967426710097,0.0045602605863192,0.0312703583061889,0.0260586319218241,0.0039087947882736,0.0058631921824104,0.0,0.1296416938110749
,,,,,,,,,,,,,,,,,,,,,,,,0,0.0371335504885993,0.0325732899022801,0.1035830618892508,0.149185667752443,0.2736156351791531,0.0013029315960912,0.0260586319218241,0.0241042345276872,0.0,0.0,0.0,0.0,0.0,0.0,0.0631921824104234,0.0820846905537459,0.006514657980456,0.0045602605863192,0.0234527687296416,0.0091205211726384,0.0,0.0,0.0136807817589576,0.0260586319218241
,,,,,,,,,,,,,,,,,,,,,,,,0,0.0,0.0175895765472312,0.0729641693811074,0.1198697068403908,0.2990228013029316,0.0084690553745928,0.1661237785016286,0.0488599348534201,0.0039087947882736,0.0,0.0,0.009771986970684,0.0039087947882736,0.01628664495114,0.0364820846905537,0.060586319218241,0.0019543973941368,0.022801302931596,0.0312703583061889,0.0,0.0482084690553745,0.1061889250814332,0.0859934853420195,0.1133550488599348
,,,,,,,,,,,,,,,,,,,,,,,,0,0.1863192182410423,0.1009771986970684,0.0469055374592833,0.0990228013029315,0.1680781758957654,0.0892508143322475,0.1635179153094462,0.0260586319218241,0.0,0.0,0.0,0.0078175895765472,0.0,0.0,0.0234527687296416,0.0644951140065146,0.1218241042345276,0.0182410423452768,0.0358306188925081,0.0175895765472312,0.0214983713355048,0.0833876221498371,0.0,0.1263843648208469
,,,,,,,,,,,,,,,,,,,,,,,,0,0.0201954397394136,0.0188925081433224,0.1804560260586319,0.1583061889250814,0.0286644951140065,0.158957654723127,0.0,0.0293159609120521,0.0,0.0,0.0351791530944625,0.0071661237785016,0.0,0.0,0.0,0.0201954397394136,0.1166123778501628,0.1693811074918566,0.0872964169381107,0.0,0.0410423452768729,0.101628664495114,0.2319218241042345,0.0117263843648208
,,,,,,,,,,,,,,,,,,,,,,,,0,0.0306188925081433,0.0136807817589576,0.013029315960912,0.2866449511400651,0.0247557003257328,0.0260586319218241,0.0664495114006514,0.0006514657980456,0.0,0.0,0.009771986970684,0.0,0.0,0.0488599348534201,0.0514657980456026,0.0625407166123778,0.0110749185667752,0.0169381107491856,0.0456026058631921,0.0,0.0241042345276872,0.0312703583061889,0.0319218241042345,0.0534201954397394
,,,,,,,,,,,,,,,,,,,,,,,,0,0.1074918566775244,0.0390879478827361,0.10814332247557,0.254071661237785,0.0403908794788273,0.019543973941368,0.0488599348534201,0.0091205211726384,0.0,0.009771986970684,0.0,0.0,0.0078175895765472,0.0,0.0143322475570032,0.0729641693811074,0.0201954397394136,0.01628664495114,0.0182410423452768,0.0,0.0039087947882736,0.0462540716612377,0.1120521172638436,0.0872964169381107
,,,,,,,,,,,,,,,,,,,,,,,,0,0.0853420195439739,0.0592833876221498,0.0899022801302931,0.1771986970684039,0.013029315960912,0.0104234527687296,0.2169381107491856,0.0377850162866449,0.009771986970684,0.0,0.0078175895765472,0.0,0.0,0.0,0.0143322475570032,0.0853420195439739,0.0123778501628664,0.0,0.0091205211726384,0.0260586319218241,0.0078175895765472,0.1224755700325732,0.0188925081433224,0.0436482084690553
,,,,,,,,,,,,,,,,,,,,,,,,0,0.1459283387622149,0.0996742671009772,0.01628664495114,0.0918566775244299,0.2,0.1257328990228013,0.0201954397394136,0.0175895765472312,0.0117263843648208,0.0,0.0,0.0,0.0,0.0,0.0143322475570032,0.0964169381107491,0.0241042345276872,0.0117263843648208,0.0234527687296416,0.0201954397394136,0.0241042345276872,0.1941368078175895,0.0149837133550488,0.01628664495114
,,,,,,,,,,,,,,,,,,,,,,,,0,0.0377850162866449,0.0840390879478827,0.070358306188925,0.0501628664495114,0.2671009771986971,0.0214983713355048,0.0201954397394136,0.158957654723127,0.0,0.0,0.0,0.0,0.0,0.0,0.022801302931596,0.0899022801302931,0.0534201954397394,0.1472312703583062,0.0045602605863192,0.0482084690553745,0.0013029315960912,0.0,0.0123778501628664,0.0
,,,,,,,,,,,,,,,,,,,,,,,,0,0.0,0.0312703583061889,0.0045602605863192,0.2442996742671009,0.2514657980456026,0.0104234527687296,0.0254071661237785,0.0201954397394136,0.0,0.0,0.0,0.0,0.0,0.0123778501628664,0.0241042345276872,0.0136807817589576,0.0201954397394136,0.0423452768729641,0.2175895765472312,0.1478827361563517,0.0482084690553745,0.0273615635179153,0.013029315960912,0.0110749185667752
,,,,,,,,,,,,,,,,,,,,,,,,0,0.0110749185667752,0.1693811074918566,0.1276872964169381,0.0045602605863192,0.1400651465798045,0.1648208469055374,0.1381107491856677,0.0299674267100977,0.0117263843648208,0.0006514657980456,0.0,0.0104234527687296,0.0,0.0,0.0,0.060586319218241,0.0338762214983713,0.0254071661237785,0.0482084690553745,0.0358306188925081,0.1368078175895765,0.0208469055374592,0.019543973941368,0.0410423452768729
,,,,,,,,,,,,,,,,,,,,,,,,0,0.0742671009771987,0.0345276872964169,0.250814332247557,0.1368078175895765,0.0058631921824104,0.0182410423452768,0.1596091205211726,0.0136807817589576,0.0,0.0,0.0,0.009771986970684,0.0,0.006514657980456,0.0690553745928338,0.0013029315960912,0.1328990228013029,0.0488599348534201,0.0390879478827361,0.0260586319218241,0.1765472312703583,0.1400651465798045,0.1439739413680781,0.0449511400651465
,,,,,,,,,,,,,,,,,,,,,,,,0,0.0247557003257328,0.0384364820846905,0.1061889250814332,0.1296416938110749,0.0977198697068403,0.0273615635179153,0.0273615635179153,0.0117263843648208,0.0,0.0,0.0052117263843648,0.0,0.0,0.0149837133550488,0.0319218241042345,0.01628664495114,0.0006514657980456,0.0462540716612377,0.0,0.1322475570032573,0.0612377850162866,0.0312703583061889,0.022801302931596,0.070358306188925
,,,,,,,,,,,,,,,,,,,,,,,,0,0.0651465798045602,0.1915309446254071,0.209771986970684,0.1328990228013029,0.0078175895765472,0.2859934853420195,0.0332247557003257,0.0149837133550488,0.0,0.0,0.0,0.0,0.0,0.054071661237785,0.0469055374592833,0.0143322475570032,0.0,0.0,0.0084690553745928,0.009771986970684,0.0169381107491856,0.0,0.0,0.1335504885993485
,,,,,,,,,,,,,,,,,,,,,,,,0,0.0325732899022801,0.1407166123778501,0.0449511400651465,0.0201954397394136,0.0,0.098371335504886,0.0312703583061889,0.0,0.0,0.0,0.0,0.0,0.0,0.0169381107491856,0.0710097719869706,0.0299674267100977,0.009771986970684,0.0045602605863192,0.0117263843648208,0.0697068403908794,0.2612377850162866,0.0312703583061889,0.0182410423452768,0.0657980456026058
,,,,,,,,,,,,,,,,,,,,,,,,0,0.1237785016286645,0.1771986970684039,0.0416938110749185,0.2410423452768729,0.1257328990228013,0.0241042345276872,0.0403908794788273,0.0,0.0,0.0,0.0078175895765472,0.0,0.0,0.019543973941368,0.0384364820846905,0.0332247557003257,0.0280130293159609,0.0410423452768729,0.0332247557003257,0.009771986970684,0.0182410423452768,0.1511400651465798,0.003257328990228,0.0156351791530944
,,,,,,,,,,,,,,,,,,,,,,,,0,0.0104234527687296,0.0475570032573289,0.0364820846905537,0.1328990228013029,0.1342019543973941,0.1478827361563517,0.0241042345276872,0.0006514657980456,0.0416938110749185,0.0214983713355048,0.0,0.0,0.0,0.0143322475570032,0.013029315960912,0.0267100977198697,0.0566775244299674,0.0755700325732899,0.0970684039087947,0.0110749185667752,0.0273615635179153,0.0514657980456026,0.1094462540716612,0.1439739413680781
,,,,,,,,,,,,,,,,,,,,,,,,0,0.0214983713355048,0.1745928338762215,0.0123778501628664,0.2801302931596091,0.0,0.0,0.0260586319218241,0.0358306188925081,0.0104234527687296,0.0,0.0,0.0084690553745928,0.0,0.0,0.0156351791530944,0.0579804560260586,0.0553745928338762,0.0260586319218241,0.0117263843648208,0.1504885993485342,0.1192182410423452,0.1042345276872964,0.01628664495114,0.0306188925081433
,,,,,,,,,,,,,,,,,,,,,,,,0,0.060586319218241,0.2078175895765472,0.2384364820846905,0.0293159609120521,0.019543973941368,0.0319218241042345,0.0267100977198697,0.0,0.0,0.0045602605863192,0.0,0.0,0.0,0.0078175895765472,0.0885993485342019,0.0371335504885993,0.009771986970684,0.0306188925081433,0.0149837133550488,0.0351791530944625,0.0058631921824104,0.0039087947882736,0.0501628664495114,0.0149837133550488
,,,,,,,,,,,,,,,,,,,,,,,,0,0.1785016286644951,0.2762214983713355,0.0312703583061889,0.2501628664495114,0.022801302931596,0.0260586319218241,0.0462540716612377,0.0,0.0,0.0,0.0,0.0,0.0,0.0,0.0449511400651465,0.0436482084690553,0.0579804560260586,0.1153094462540716,0.0,0.0280130293159609,0.0013029315960912,0.0364820846905537,0.0814332247557003,0.0364820846905537
,,,,,,,,,,,,,,,,,,,,,,,,0,0.0501628664495114,0.0912052117263843,0.1830618892508143,0.2729641693811075,0.006514657980456,0.0110749185667752,0.0254071661237785,0.0,0.0,0.0,0.0,0.0,0.0104234527687296,0.0136807817589576,0.0501628664495114,0.0,0.0280130293159609,0.01628664495114,0.0091205211726384,0.0143322475570032,0.0045602605863192,0.1661237785016286,0.1055374592833876,0.0690553745928338
,,,,,,,,,,,,,,,,,,,,,,,,0,0.2938110749185668,0.0905537459283387,0.2436482084690553,0.2078175895765472,0.0201954397394136,0.0293159609120521,0.0273615635179153,0.0,0.0,0.0,0.0,0.0,0.0,0.0052117263843648,0.0618892508143322,0.0501628664495114,0.0254071661237785,0.0104234527687296,0.0,0.0293159609120521,0.0013029315960912,0.0358306188925081,0.0690553745928338,0.0885993485342019
,,,,,,,,,,,,,,,,,,,,,,,,0,0.0319218241042345,0.060586319218241,0.1289902280130293,0.0091205211726384,0.0273615635179153,0.2123778501628664,0.0364820846905537,0.0,0.0,0.0,0.0,0.0,0.0045602605863192,0.0006514657980456,0.0429967426710097,0.0358306188925081,0.0410423452768729,0.304885993485342,0.0149837133550488,0.0260586319218241,0.1068403908794788,0.0970684039087947,0.0332247557003257,0.0084690553745928
,,,,,,,,,,,,,,,,,,,,,,,,0,0.0410423452768729,0.2416938110749185,0.2749185667752443,0.1439739413680781,0.0188925081433224,0.0716612377850162,0.0117263843648208,0.0,0.0,0.0,0.0039087947882736,0.0,0.0377850162866449,0.0143322475570032,0.0625407166123778,0.0247557003257328,0.0319218241042345,0.2716612377850163,0.0,0.0749185667752443,0.0918566775244299,0.0495114006514657,0.1439739413680781,0.0521172638436482
,,,,,,,,,,,,,,,,,,,,,,,,0,0.0631921824104234,0.019543973941368,0.0136807817589576,0.0117263843648208,0.1283387622149837,0.0964169381107491,0.0384364820846905,0.0,0.0,0.0,0.0084690553745928,0.0,0.0,0.0,0.1009771986970684,0.0631921824104234,0.0319218241042345,0.0,0.0,0.0241042345276872,0.0019543973941368,0.01628664495114,0.0,0.0456026058631921
,,,,,,,,,,,,,,,,,,,,,,,,0,0.0208469055374592,0.1413680781758957,0.3355048859934853,0.0071661237785016,0.1661237785016286,0.0345276872964169,0.0,0.0,0.0,0.0,0.0,0.0,0.0045602605863192,0.0,0.0749185667752443,0.0260586319218241,0.0469055374592833,0.0,0.0,0.0208469055374592,0.0384364820846905,0.0169381107491856,0.2260586319218241,0.1296416938110749
,,,,,,,,,,,,,,,,,,,,,,,,0,0.0201954397394136,0.1172638436482084,0.1661237785016286,0.0899022801302931,0.1850162866449511,0.0840390879478827,0.0260586319218241,0.0078175895765472,0.0,0.0,0.0,0.0,0.0,0.0006514657980456,0.0644951140065146,0.0299674267100977,0.006514657980456,0.0345276872964169,0.0123778501628664,0.0045602605863192,0.0,0.0084690553745928,0.0521172638436482,0.050814332247557
,,,,,,,,,,,,,,,,,,,,,,,,0,0.0410423452768729,0.0827361563517915,0.1394136807817589,0.0442996742671009,0.3856677524429967,0.0579804560260586,0.0364820846905537,0.0045602605863192,0.0,0.0,0.0078175895765472,0.0,0.0,0.0586319218241042,0.0977198697068403,0.0345276872964169,0.0260586319218241,0.0814332247557003,0.050814332247557,0.0377850162866449,0.1413680781758957,0.0306188925081433,0.0371335504885993,0.1472312703583062
,,,,,,,,,,,,,,,,,,,,,,,,0,0.1407166123778501,0.2208469055374592,0.2156351791530944,0.2104234527687296,0.1009771986970684,0.006514657980456,0.0429967426710097,0.0,0.0,0.0,0.0,0.0,0.0,0.0280130293159609,0.1120521172638436,0.0286644951140065,0.0247557003257328,0.0690553745928338,0.0208469055374592,0.0377850162866449,0.0338762214983713,0.0416938110749185,0.01628664495114,0.0169381107491856
,,,,,,,,,,,,,,,,,,,,,,,,0,0.0482084690553745,0.1263843648208469,0.1752442996742671,0.1368078175895765,0.1055374592833876,0.0475570032573289,0.098371335504886,0.0214983713355048,0.0,0.0,0.0,0.0,0.009771986970684,0.0,0.1218241042345276,0.1100977198697068,0.0996742671009772,0.0736156351791531,0.0833876221498371,0.0599348534201954,0.0019543973941368,0.0299674267100977,0.0208469055374592,0.0273615635179153
,,,,,,,,,,,,,,,,,,,,,,,,0,0.0801302931596091,0.0247557003257328,0.2885993485342019,0.1452768729641693,0.158957654723127,0.0241042345276872,0.0312703583061889,0.0104234527687296,0.0,0.0,0.0,0.0,0.0,0.0201954397394136,0.1153094462540716,0.0501628664495114,0.0306188925081433,0.155700325732899,0.0586319218241042,0.0013029315960912,0.1895765472312703,0.1302931596091205,0.0990228013029315,0.1745928338762215
,,,,,,,,,,,,,,,,,,,,,,,,0,0.0345276872964169,0.1641693811074918,0.0423452768729641,0.2755700325732899,0.1732899022801303,0.0423452768729641,0.013029315960912,0.0,0.0,0.0,0.0,0.0,0.0,0.063843648208469,0.0742671009771987,0.1185667752442996,0.009771986970684,0.0990228013029315,0.009771986970684,0.0345276872964169,0.0071661237785016,0.2306188925081433,0.0586319218241042,0.0449511400651465
,,,,,,,,,,,,,,,,,,,,,,,,0,0.0384364820846905,0.0879478827361563,0.2371335504885993,0.0677524429967426,0.0149837133550488,0.0214983713355048,0.0586319218241042,0.0,0.0,0.0,0.0,0.0091205211726384,0.0579804560260586,0.0,0.0312703583061889,0.0618892508143322,0.0188925081433224,0.0136807817589576,0.0,0.0312703583061889,0.0657980456026058,0.0175895765472312,0.1237785016286645,0.0058631921824104
