0,1,2,3,4,5,6,7,8,9,10,11,12,13,14,15,16,17,18,19,20,21,22,23,24,25,26,27,28,29,30,31,cluster,E0,E1,E2,E3,E4,E5,E6,E7,Wa0,Wa1,Wa2,Wa3,Wa4,Wa5,Wa6,Wa7,G0,G1,G2,G3,G4,G5,G6,G7,We0,We1,We2,We3,We4,We5,We6,We7
0.5382881002087683,0.3649269311064718,0.2109394572025052,0.191732776617954,0.2035908141962421,0.210187891440501,0.0754906054279749,0.1513987473903966,0.1245065789473684,0.10671992481203,0.010671992481203,0.0,0.021343984962406,0.0604746240601503,0.0604746240601503,0.0249013157894736,0.2657342657342657,0.2587412587412587,0.0,0.0,0.0209790209790209,0.1188811188811188,0.0209790209790209,0.0279720279720279,0.4445462878093492,0.4509624197983501,0.46012832263978,0.5041246562786436,0.5820348304307975,0.5930339138405133,0.5545371219065078,0.5187901008249313,16,,,,,,,,,,,,,,,,,,,,,,,,,,,,,,,,
0.32,0.2091022964509394,0.1924843423799582,0.1300208768267223,0.1615866388308977,0.1772025052192066,0.208517745302714,0.3806263048016701,0.0924906015037594,0.1031625939849624,0.0284586466165413,0.0,0.010671992481203,0.0249013157894736,0.0035573308270676,0.0604746240601503,0.1748251748251748,0.2587412587412587,0.0209790209790209,0.0,0.0139860139860139,0.0279720279720279,0.0,0.1328671328671328,0.5059578368469294,0.4995417048579285,0.4757103574702108,0.4060494958753436,0.4262144821264894,0.4656278643446379,0.4225481209899175,0.3492208982584784,42,,,,,,,,,,,,,,,,,,,,,,,,,,,,,,,,
0.445929018789144,0.3106471816283925,0.2333194154488517,0.2293945720250522,0.2756576200417536,0.1559081419624217,0.0926931106471816,0.1407933194154488,0.1102772556390977,0.0889332706766917,0.0604746240601503,0.0,0.0177866541353383,0.0249013157894736,0.0604746240601503,0.0355733082706766,0.1888111888111888,0.2097902097902098,0.0979020979020979,0.0,0.0139860139860139,0.0489510489510489,0.0209790209790209,0.0629370629370629,0.3327222731439047,0.304307974335472,0.3703024747937672,0.4381301558203483,0.4674610449129239,0.46012832263978,0.4344637946837764,0.384967919340055,42,,,,,,,,,,,,,,,,,,,,,,,,,,,,,,,,
0.4100208768267223,0.4504384133611691,0.1531524008350731,0.2245511482254697,0.307473903966597,0.1708559498956158,0.1192484342379958,0.1573277661795407,0.0782612781954887,0.1494078947368421,0.0142293233082706,0.0,0.0177866541353383,0.0391306390977443,0.0142293233082706,0.0498026315789473,0.1328671328671328,0.3706293706293706,0.0,0.0,0.0139860139860139,0.0489510489510489,0.0,0.0769230769230769,0.3455545371219065,0.3510540788267644,0.3996333638863428,0.4390467461044913,0.4876260311640696,0.4885426214482126,0.454628780934922,0.3923006416131989,42,,,,,,,,,,,,,,,,,,,,,,,,,,,,,,,,
0.0937787056367432,0.4223799582463465,0.3290187891440501,0.2255532359081419,0.2263048016701461,0.1865553235908142,0.0616283924843423,0.084509394572025,0.1245065789473684,0.0996052631578947,0.0,0.0,0.0071146616541353,0.0462453007518797,0.0071146616541353,0.064031954887218,0.3216783216783216,0.1258741258741259,0.0,0.0,0.0,0.0769230769230769,0.0069930069930069,0.1538461538461538,0.3418881759853345,0.3373052245646196,0.3904674610449129,0.4518790100824931,0.4995417048579285,0.5178735105407883,0.4683776351970669,0.3858845096241979,42,,,,,,,,,,,,,,,,,,,,,,,,,,,,,,,,
0.1184968684759916,0.2933611691022964,0.3152400835073068,0.21419624217119,0.2455949895615866,0.1923173277661795,0.0545302713987473,0.0349060542797494,0.1458505639097744,0.0462453007518797,0.0071146616541353,0.0,0.0177866541353383,0.0249013157894736,0.0,0.0142293233082706,0.2657342657342657,0.1188811188811188,0.0069930069930069,0.0,0.0139860139860139,0.0279720279720279,0.0,0.0069930069930069,0.3464711274060494,0.3143904674610449,0.3666361136571952,0.4839596700274977,0.5288725939505041,0.536205316223648,0.4977085242896426,0.4454628780934921,42,,,,,,,,,,,,,,,,,,,,,,,,,,,,,,,,
0.0281419624217118,0.2567014613778705,0.1905636743215031,0.1956576200417536,0.2092693110647181,0.144384133611691,0.0202922755741127,0.0052609603340292,0.074703947368421,0.0675892857142857,0.0142293233082706,0.0035573308270676,0.0,0.0604746240601503,0.0,0.0,0.1608391608391608,0.1748251748251748,0.0069930069930069,0.0,0.0,0.1118881118881118,0.0,0.0,0.3895508707607699,0.3748854262144821,0.4307974335472044,0.53987167736022,0.5600366636113657,0.5572868927589367,0.4949587534372135,0.4702108157653529,42,,,,,,,,,,,,,,,,,,,,,,,,,,,,,,,,
0.0117745302713987,0.2038413361169102,0.1777870563674321,0.0977035490605428,0.170187891440501,0.1302713987473904,0.0479331941544885,0.0867640918580375,0.021343984962406,0.1316212406015037,0.0071146616541353,0.0,0.0071146616541353,0.0142293233082706,0.0249013157894736,0.053359962406015,0.0349650349650349,0.2727272727272727,0.0,0.0,0.0,0.0349650349650349,0.0139860139860139,0.0909090909090909,0.4802933088909258,0.4344637946837764,0.4912923923006416,0.5857011915673694,0.6168652612282309,0.6480293308890925,0.5572868927589367,0.5527039413382219,42,,,,,,,,,,,,,,,,,,,,,,,,,,,,,,,,
0.262964509394572,0.2284759916492693,0.058956158663883,0.0076826722338204,0.1205010438413361,0.1332776617954071,0.1994989561586638,0.2103549060542797,0.085375939849624,0.1138345864661654,0.0391306390977443,0.0,0.0142293233082706,0.0462453007518797,0.064031954887218,0.053359962406015,0.1608391608391608,0.2587412587412587,0.0629370629370629,0.0,0.0,0.0909090909090909,0.1048951048951049,0.0769230769230769,0.5279560036663611,0.4683776351970669,0.5022914757103575,0.5435380384967919,0.6278643446379469,0.6681943171402384,0.6324472960586618,0.5857011915673694,16,,,,,,,,,,,,,,,,,,,,,,,,,,,,,,,,
0.2312317327766179,0.1866388308977035,0.0613778705636743,0.0551148225469728,0.1297703549060542,0.0703966597077244,0.0860125260960334,0.2131106471816284,0.1707518796992481,0.1209492481203007,0.0142293233082706,0.0,0.021343984962406,0.0284586466165413,0.0071146616541353,0.0711466165413533,0.3216783216783216,0.2447552447552447,0.0069930069930069,0.0,0.0209790209790209,0.0419580419580419,0.0069930069930069,0.1258741258741259,0.535288725939505,0.5279560036663611,0.5261228230980751,0.5435380384967919,0.5087076076993584,0.5022914757103575,0.5059578368469294,0.4839596700274977,16,,,,,,,,,,,,,,,,,,,,,,,,,,,,,,,,
0.3995824634655532,0.2361586638830898,0.4147807933194154,0.1102296450939457,0.1876409185803757,0.093027139874739,0.0096033402922755,0.0780793319415448,0.1209492481203007,0.1494078947368421,0.010671992481203,0.0,0.021343984962406,0.032015977443609,0.0035573308270676,0.021343984962406,0.2027972027972027,0.2867132867132867,0.0,0.0,0.0279720279720279,0.0559440559440559,0.0,0.0279720279720279,0.4564619615032081,0.4564619615032081,0.4857928505957837,0.5646196150320807,0.6058661778185152,0.5499541704857929,0.5050412465627865,0.4702108157653529,16,,,,,,,,,,,,,,,,,,,,,,,,,,,,,,,,
0.23741127348643,0.2349060542797494,0.0122755741127348,0.1317745302713987,0.1844676409185804,0.0891022964509394,0.0514405010438413,0.3262630480167015,0.0996052631578947,0.1209492481203007,0.0035573308270676,0.0035573308270676,0.0177866541353383,0.0284586466165413,0.064031954887218,0.021343984962406,0.2167832167832167,0.2657342657342657,0.0,0.0,0.0209790209790209,0.0489510489510489,0.0209790209790209,0.0209790209790209,0.4436296975252062,0.4216315307057745,0.4582951420714941,0.4967919340054995,0.5554537121906509,0.5875343721356554,0.545371219065078,0.5151237396883593,16,,,,,,,,,,,,,,,,,,,,,,,,,,,,,,,,
0.2330688935281837,0.2498538622129436,0.1034655532359081,0.1748643006263047,0.1335281837160751,0.2106054279749478,0.3382045929018789,0.0579540709812108,0.1102772556390977,0.1351785714285714,0.0142293233082706,0.0,0.0,0.042687969924812,0.0675892857142857,0.0142293233082706,0.2307692307692307,0.2727272727272727,0.0,0.0,0.0,0.0559440559440559,0.0419580419580419,0.0069930069930069,0.4637946837763519,0.4344637946837764,0.4876260311640696,0.5242896425297892,0.5756186984417965,0.613198900091659,0.535288725939505,0.5270394133822182,42,,,,,,,,,,,,,,,,,,,,,,,,,,,,,,,,
0.0833402922755741,0.1488100208768267,0.1270981210855949,0.124258872651357,0.1370354906054279,0.2188726513569937,0.6438413361169102,0.1186638830897703,0.0284586466165413,0.0782612781954887,0.010671992481203,0.0,0.0142293233082706,0.1422932330827067,0.128063909774436,0.0355733082706766,0.0559440559440559,0.1538461538461538,0.0139860139860139,0.0,0.0,0.3076923076923077,0.1258741258741259,0.0349650349650349,0.4711274060494959,0.4665444546287809,0.4775435380384968,0.5499541704857929,0.6031164069660861,0.6223648029330889,0.5838680109990835,0.538955087076077,42,,,,,,,,,,,,,,,,,,,,,,,,,,,,,,,,
0.0352400835073068,0.2031732776617954,0.1134029227557411,0.1179123173277661,0.1893945720250522,0.1663465553235908,0.10321503131524,0.075991649269311,0.042687969924812,0.0924906015037594,0.0284586466165413,0.0,0.0284586466165413,0.021343984962406,0.010671992481203,0.032015977443609,0.0699300699300699,0.2167832167832167,0.0209790209790209,0.0,0.0279720279720279,0.0279720279720279,0.0209790209790209,0.0349650349650349,0.5105407882676444,0.4702108157653529,0.4702108157653529,0.5050412465627865,0.608615948670944,0.5811182401466545,0.5197066911090742,0.4647112740604949,42,,,,,,,,,,,,,,,,,,,,,,,,,,,,,,,,
0.1946555323590814,0.1882254697286012,0.1728601252609603,0.1569937369519833,0.2386638830897703,0.1520668058455114,0.1137369519832985,0.1650104384133611,0.1671945488721804,0.0498026315789473,0.0142293233082706,0.0,0.021343984962406,0.0355733082706766,0.0071146616541353,0.042687969924812,0.3286713286713286,0.1118881118881118,0.0139860139860139,0.0,0.0209790209790209,0.0699300699300699,0.0419580419580419,0.0629370629370629,0.3730522456461961,0.3684692942254812,0.4234647112740605,0.4931255728689276,0.5123739688359303,0.4711274060494959,0.4335472043996333,0.4252978918423464,42,,,,,,,,,,,,,,,,,,,,,,,,,,,,,,,,
0.2794154488517745,0.3812108559498955,0.1941544885177452,0.1678496868475991,0.2325678496868476,0.1675156576200417,0.1362839248434238,0.3356993736951983,0.0996052631578947,0.1316212406015037,0.0035573308270676,0.0035573308270676,0.0177866541353383,0.0391306390977443,0.0604746240601503,0.0498026315789473,0.2307692307692307,0.2797202797202797,0.0,0.0069930069930069,0.0209790209790209,0.0769230769230769,0.1398601398601398,0.0909090909090909,0.4252978918423464,0.4234647112740605,0.4234647112740605,0.4958753437213565,0.5435380384967919,0.5646196150320807,0.533455545371219,0.4298808432630614,16,,,,,,,,,,,,,,,,,,,,,,,,,,,,,,,,
0.378705636743215,0.2999582463465553,0.2534446764091858,0.1782045929018789,0.2091022964509394,0.2108559498956158,0.0959498956158663,0.128768267223382,0.1209492481203007,0.0675892857142857,0.064031954887218,0.0,0.021343984962406,0.032015977443609,0.010671992481203,0.021343984962406,0.2027972027972027,0.1048951048951049,0.1328671328671328,0.0,0.0139860139860139,0.0489510489510489,0.0069930069930069,0.0209790209790209,0.3739688359303392,0.4188817598533456,0.4775435380384968,0.5554537121906509,0.5875343721356554,0.541704857928506,0.4692942254812098,0.4527956003666362,16,,,,,,,,,,,,,,,,,,,,,,,,,,,,,,,,
0.2761586638830897,0.2851774530271398,0.127348643006263,0.1771189979123173,0.1573277661795407,0.0898538622129436,0.0132776617954071,0.0872651356993736,0.096047932330827,0.085375939849624,0.0071146616541353,0.0071146616541353,0.0177866541353383,0.032015977443609,0.021343984962406,0.021343984962406,0.1818181818181818,0.1678321678321678,0.0,0.0,0.0279720279720279,0.0279720279720279,0.0419580419580419,0.0209790209790209,0.4931255728689276,0.459211732355637,0.4995417048579285,0.5545371219065078,0.612282309807516,0.6095325389550871,0.5664527956003667,0.4876260311640696,16,,,,,,,,,,,,,,,,,,,,,,,,,,,,,,,,
0.14321503131524,0.2213778705636743,0.0545302713987473,0.1508977035490605,0.2515240083507307,0.1387891440501043,0.1261795407098121,0.2434237995824634,0.0818186090225564,0.1565225563909774,0.010671992481203,0.0,0.0071146616541353,0.0569172932330827,0.0675892857142857,0.1031625939849624,0.1328671328671328,0.3286713286713286,0.0,0.0,0.0,0.0629370629370629,0.1258741258741259,0.1538461538461538,0.4097158570119156,0.3904674610449129,0.4500458295142071,0.5380384967919339,0.5829514207149404,0.5655362053162236,0.5508707607699359,0.5380384967919339,42,,,,,,,,,,,,,,,,,,,,,,,,,,,,,,,,
0.1407098121085595,0.164509394572025,0.0593736951983298,0.1077244258872651,0.0608768267223382,0.1042171189979123,0.3367849686847599,0.4477661795407098,0.117391917293233,0.064031954887218,0.0177866541353383,0.0,0.0071146616541353,0.0284586466165413,0.1600798872180451,0.0569172932330827,0.2657342657342657,0.1398601398601398,0.0209790209790209,0.0,0.0,0.0419580419580419,0.1328671328671328,0.0209790209790209,0.5279560036663611,0.5178735105407883,0.5582034830430798,0.6471127406049496,0.6782768102658111,0.6351970669110908,0.5765352887259395,0.5820348304307975,16,,,,,,,,,,,,,,,,,,,,,,,,,,,,,,,,
0.1907306889352818,0.1503966597077244,0.0382463465553235,0.0091022964509394,0.0334029227557411,0.0545302713987473,0.3947390396659708,0.1137369519832985,0.074703947368421,0.117391917293233,0.010671992481203,0.0,0.0177866541353383,0.074703947368421,0.0498026315789473,0.021343984962406,0.1398601398601398,0.2447552447552447,0.0,0.0,0.0139860139860139,0.0629370629370629,0.0489510489510489,0.0209790209790209,0.5692025664527957,0.544454628780935,0.5948670944087993,0.6278643446379469,0.6168652612282309,0.5967002749770853,0.5536205316223648,0.5545371219065078,16,,,,,,,,,,,,,,,,,,,,,,,,,,,,,,,,
0.3007933194154489,0.2045929018789144,0.0767432150313152,0.0167849686847599,0.081670146137787,0.1021294363256784,0.0174530271398747,0.1413778705636743,0.1138345864661654,0.1458505639097744,0.0071146616541353,0.0,0.0284586466165413,0.021343984962406,0.0,0.0249013157894736,0.2097902097902098,0.3216783216783216,0.0,0.0,0.0349650349650349,0.0069930069930069,0.0,0.0489510489510489,0.5481209899175069,0.5206232813932172,0.5270394133822182,0.5930339138405133,0.5783684692942255,0.5545371219065078,0.5279560036663611,0.541704857928506,16,,,,,,,,,,,,,,,,,,,,,,,,,,,,,,,,
0.2253862212943632,0.2184551148225469,0.138705636743215,0.090438413361169,0.1650939457202505,0.1123173277661795,0.1091440501043841,0.1463048016701461,0.0889332706766917,0.1814238721804511,0.0,0.0,0.0249013157894736,0.0177866541353383,0.0071146616541353,0.0177866541353383,0.1608391608391608,0.3566433566433566,0.0,0.0,0.0209790209790209,0.0139860139860139,0.0,0.0209790209790209,0.5380384967919339,0.5380384967919339,0.5380384967919339,0.5682859761686526,0.5875343721356554,0.6049495875343721,0.613198900091659,0.5829514207149404,16,,,,,,,,,,,,,,,,,,,,,,,,,,,,,,,,
0.2318162839248434,0.388643006263048,0.1267640918580375,0.0794989561586638,0.1712734864300626,0.1505636743215031,0.0689770354906054,0.1869728601252609,0.0889332706766917,0.1209492481203007,0.010671992481203,0.0,0.0249013157894736,0.053359962406015,0.0071146616541353,0.0462453007518797,0.0909090909090909,0.2587412587412587,0.0069930069930069,0.0,0.0139860139860139,0.0769230769230769,0.0,0.0279720279720279,0.537121906507791,0.5142071494042164,0.5050412465627865,0.5169569202566453,0.5756186984417965,0.617781851512374,0.5719523373052245,0.5077910174152155,16,,,,,,,,,,,,,,,,,,,,,,,,,,,,,,,,
0.3240918580375783,0.2490187891440501,0.1326096033402923,0.1767849686847599,0.1466388308977035,0.1667640918580375,0.0275574112734864,0.0338204592901878,0.0498026315789473,0.1458505639097744,0.010671992481203,0.0035573308270676,0.010671992481203,0.0569172932330827,0.0142293233082706,0.0071146616541353,0.0979020979020979,0.2867132867132867,0.0,0.0,0.0139860139860139,0.0839160839160839,0.0,0.0139860139860139,0.4509624197983501,0.462878093492209,0.4940421631530706,0.5554537121906509,0.5985334555453712,0.5811182401466545,0.542621448212649,0.5105407882676444,42,,,,,,,,,,,,,,,,,,,,,,,,,,,,,,,,
0.3561586638830897,0.3366179540709812,0.0610438413361169,0.0171189979123173,0.0334864300626304,0.2210438413361169,0.2828392484342379,0.2237160751565761,0.0818186090225564,0.1636372180451128,0.0071146616541353,0.0,0.0177866541353383,0.0889332706766917,0.0498026315789473,0.0177866541353383,0.1048951048951049,0.3146853146853147,0.0,0.0,0.0139860139860139,0.1608391608391608,0.0559440559440559,0.0,0.4949587534372135,0.4977085242896426,0.5169569202566453,0.5664527956003667,0.5719523373052245,0.6058661778185152,0.5847846012832265,0.5499541704857929,16,,,,,,,,,,,,,,,,,,,,,,,,,,,,,,,,
0.2399164926931106,0.4135281837160752,0.1250104384133611,0.1291858037578288,0.1296868475991649,0.0966179540709812,0.0349060542797494,0.0541962421711899,0.1671945488721804,0.1316212406015037,0.010671992481203,0.0,0.0035573308270676,0.0391306390977443,0.0498026315789473,0.0177866541353383,0.2237762237762237,0.1818181818181818,0.0,0.0,0.0,0.0419580419580419,0.0909090909090909,0.0349650349650349,0.5435380384967919,0.5224564619615032,0.542621448212649,0.5591200733272228,0.5921173235563704,0.6012832263978002,0.5902841429880844,0.544454628780935,16,,,,,,,,,,,,,,,,,,,,,,,,,,,,,,,,
0.0683089770354906,0.187223382045929,0.1600835073068893,0.0982045929018789,0.1233402922755741,0.1759498956158663,0.3615031315240083,0.1541544885177453,0.0391306390977443,0.0711466165413533,0.021343984962406,0.0,0.0035573308270676,0.0996052631578947,0.053359962406015,0.010671992481203,0.0769230769230769,0.1538461538461538,0.0209790209790209,0.0,0.0,0.0909090909090909,0.0559440559440559,0.0069930069930069,0.5068744271310724,0.4766269477543539,0.4720439963336389,0.5004582951420715,0.6021998166819431,0.6040329972502292,0.5508707607699359,0.5114573785517874,42,,,,,,,,,,,,,,,,,,,,,,,,,,,,,,,,
0.4488517745302714,0.7851356993736952,0.1737787056367432,0.1341962421711899,0.1745302713987473,0.1155741127348643,0.0425887265135699,0.1027974947807933,0.3308317669172932,0.1316212406015037,0.010671992481203,0.0035573308270676,0.0142293233082706,0.021343984962406,0.0,0.0177866541353383,0.5034965034965035,0.2307692307692307,0.0,0.0,0.0209790209790209,0.0209790209790209,0.0,0.0139860139860139,0.4977085242896426,0.4903758020164986,0.4894592117323556,0.5499541704857929,0.5710357470210815,0.5646196150320807,0.5435380384967919,0.462878093492209,16,,,,,,,,,,,,,,,,,,,,,,,,,,,,,,,,
0.0527766179540709,0.1569102296450939,0.1458872651356993,0.1528183716075156,0.1893110647181628,0.2025887265135699,0.1078914405010438,0.1010438413361169,0.0,0.042687969924812,0.0,0.0,0.010671992481203,0.021343984962406,0.0142293233082706,0.0,0.0,0.0769230769230769,0.0,0.0,0.0069930069930069,0.0349650349650349,0.0,0.0,0.4289642529789184,0.4344637946837764,0.4610449129239229,0.5261228230980751,0.5646196150320807,0.5820348304307975,0.531622364802933,0.4848762603116406,42,,,,,,,,,,,,,,,,,,,,,,,,,,,,,,,,
0.1043006263048016,0.1569937369519833,0.144384133611691,0.1496450939457202,0.1512317327766179,0.1704384133611691,0.1160751565762004,0.2086012526096033,0.0177866541353383,0.0604746240601503,0.0,0.0,0.0035573308270676,0.0177866541353383,0.010671992481203,0.0249013157894736,0.0279720279720279,0.0979020979020979,0.0,0.0,0.0,0.0209790209790209,0.0,0.0419580419580419,0.462878093492209,0.4472960586617781,0.4555453712190651,0.4802933088909258,0.4903758020164986,0.5261228230980751,0.5105407882676444,0.4775435380384968,42,,,,,,,,,,,,,,,,,,,,,,,,,,,,,,,,
0.1430480167014614,0.1267640918580375,0.10580375782881,0.1592484342379958,0.191482254697286,0.157745302713981,0.1193319415448851,0.0648016701461377,0.042687969924812,0.010671992481203,0.0035573308270676,0.0035573308270676,0.0071146616541353,0.021343984962406,0.010671992481203,0.0071146616541353,0.0909090909090909,0.0,0.0,0.0,0.0,0.0279720279720279,0.0139860139860139,0.0069930069930069,0.4967919340054995,0.4766269477543537,0.4683776351970669,0.5142071494042164,0.5857011915673694,0.5774518790100824,0.5472043996333639,0.5077910174152155,42,,,,,,,,,,,,,,,,,,,,,,,,,,,,,,,,
0.1070563674321503,0.1115657620041753,0.1078079331941544,0.1773695198329853,0.1851356993736952,0.1300208768267223,0.138956158663883,0.0307306889352818,0.0249013157894736,0.0391306390977443,0.0035573308270676,0.0,0.010671992481203,0.0071146616541353,0.0142293233082706,0.0071146616541353,0.0419580419580419,0.0769230769230769,0.0,0.0,0.0209790209790209,0.0,0.0139860139860139,0.0,0.4821264894592117,0.4482126489459211,0.4720439963336389,0.534372135655362,0.6040329972502292,0.6067827681026581,0.5692025664527957,0.4702108157653529,42,,,,,,,,,,,,,,,,,,,,,,,,,,,,,,,,
0.1360334029227557,0.1381210855949895,0.1308559498956158,0.1686012526096033,0.1884759916492693,0.1225887265135699,0.0707306889352818,0.0549478079331941,0.0284586466165413,0.0355733082706766,0.0035573308270676,0.0,0.0035573308270676,0.0071146616541353,0.0071146616541353,0.010671992481203,0.0629370629370629,0.0769230769230769,0.0,0.0,0.0,0.0139860139860139,0.0069930069930069,0.0,0.4252978918423464,0.4014665444546287,0.4931255728689276,0.5985334555453712,0.6425297891842346,0.6608615948670944,0.6058661778185152,0.5618698441796517,42,,,,,,,,,,,,,,,,,,,,,,,,,,,,,,,,
0.0688100208768267,0.0590396659707724,0.0111064718162839,0.1121503131524008,0.1181628392484342,0.2436743215031315,0.0084342379958246,0.125678496868476,0.0142293233082706,0.0462453007518797,0.0071146616541353,0.0,0.010671992481203,0.0355733082706766,0.0,0.0142293233082706,0.0279720279720279,0.0839160839160839,0.0,0.0,0.0139860139860139,0.0139860139860139,0.0,0.0209790209790209,0.4977085242896426,0.4839596700274977,0.5563703024747938,0.6196150320806599,0.6764436296975253,0.7131072410632449,0.6645279560036663,0.6251145737855179,42,,,,,,,,,,,,,,,,,,,,,,,,,,,,,,,,
0.1347807933194154,0.0641336116910229,0.0133611691022964,0.0086012526096033,0.0121085594989561,0.1566597077244259,0.5484759916492693,0.1407933194154488,0.0249013157894736,0.042687969924812,0.0071146616541353,0.0,0.0,0.2276691729323308,0.0569172932330827,0.053359962406015,0.0349650349650349,0.0839160839160839,0.0,0.0,0.0,0.3216783216783216,0.0419580419580419,0.0909090909090909,0.5572868927589367,0.5600366636113657,0.5875343721356554,0.6562786434463794,0.7314390467461045,0.7231897341888175,0.6196150320806599,0.5747021081576534,16,,,,,,,,,,,,,,,,,,,,,,,,,,,,,,,,
0.3634237995824635,0.1372025052192066,0.0145302713987473,0.0142797494780793,0.0634655532359081,0.0642171189979123,0.1008768267223381,0.0212943632567849,0.1316212406015037,0.0249013157894736,0.0,0.0,0.0035573308270676,0.0355733082706766,0.0249013157894736,0.0284586466165413,0.2377622377622377,0.0139860139860139,0.0,0.0,0.0,0.0349650349650349,0.0349650349650349,0.0629370629370629,0.5279560036663611,0.4857928505957837,0.4995417048579284,0.53987167736022,0.5737855178735105,0.5682859761686526,0.527039413382218,0.5004582951420715,16,,,,,,,,,,,,,,,,,,,,,,,,,,,,,,,,
0.1380375782881002,0.5594989561586639,0.1820459290187891,0.2033402922755741,0.1877244258872651,0.1263465553235908,0.0692275574112734,0.0227139874739039,0.1707518796992481,0.1422932330827067,0.010671992481203,0.0,0.021343984962406,0.0142293233082706,0.0249013157894736,0.0177866541353383,0.2587412587412587,0.2797202797202797,0.0,0.0,0.0209790209790209,0.0559440559440559,0.0629370629370629,0.0139860139860139,0.4775435380384968,0.4637946837763519,0.4912923923006416,0.5288725939505041,0.5646196150320807,0.5875343721356554,0.5582034830430798,0.4967919340054995,42,,,,,,,,,,,,,,,,,,,,,,,,,,,,,,,,
0.1807933194154488,0.4758246346555323,0.1505636743215031,0.1535699373695198,0.1969937369519833,0.0678079331941544,0.0116910229645093,0.0783298538622129,0.1956531954887218,0.1351785714285714,0.0142293233082706,0.0,0.032015977443609,0.0284586466165413,0.0,0.021343984962406,0.3566433566433566,0.2587412587412587,0.0069930069930069,0.0,0.0279720279720279,0.0209790209790209,0.0,0.0139860139860139,0.4289642529789184,0.3996333638863428,0.4986251145737855,0.5508707607699359,0.5921173235563704,0.6351970669110908,0.5847846012832264,0.5233730522456461,16,,,,,,,,,,,,,,,,,,,,,,,,,,,,,,,,
0.174446764091858,0.1278496868475991,0.0941127348643006,0.0683089770354906,0.165929018789144,0.0869311064718162,0.0691440501043841,0.0206263048016701,0.0284586466165413,0.1387359022556391,0.0996052631578947,0.0,0.0,0.0355733082706766,0.0355733082706766,0.1138345864661654,0.0279720279720279,0.2027972027972027,0.2027972027972027,0.0,0.0,0.0279720279720279,0.0629370629370629,0.0349650349650349,0.4812098991750687,0.4491292392300642,0.5664527956003667,0.6251145737855179,0.6966086159486709,0.7323556370302474,0.6764436296975253,0.6104491292392301,42,,,,,,,,,,,,,,,,,,,,,,,,,,,,,,,,
0.1129853862212943,0.2129436325678496,0.0519415448851774,0.0155323590814196,0.0620459290187891,0.102964509394572,0.0228810020876826,0.0491858037578288,0.0569172932330827,0.1245065789473684,0.0142293233082706,0.0,0.021343984962406,0.0711466165413533,0.0071146616541353,0.021343984962406,0.1048951048951049,0.2587412587412587,0.0,0.0,0.0209790209790209,0.0769230769230769,0.0,0.0279720279720279,0.5536205316223648,0.4995417048579285,0.6067827681026581,0.6782768102658112,0.7167736021998166,0.7378551787351053,0.6975252062328139,0.6526122823098075,16,,,,,,,,,,,,,,,,,,,,,,,,,,,,,,,,
0.2438413361169102,0.2138622129436325,0.0901043841336116,0.0180375782881002,0.0630480167014613,0.0190396659707724,0.0141127348643006,0.2011691022964509,0.117391917293233,0.0996052631578947,0.0142293233082706,0.0,0.032015977443609,0.021343984962406,0.0,0.0284586466165413,0.1468531468531468,0.1818181818181818,0.0,0.0,0.0349650349650349,0.0419580419580419,0.0,0.0349650349650349,0.5728689275893676,0.5627864344637947,0.6223648029330889,0.692942254812099,0.7332722273143903,0.7525206232813932,0.6828597616865262,0.6296975252062328,16,,,,,,,,,,,,,,,,,,,,,,,,,,,,,,,,
0.1343632567849687,0.2114405010438413,0.0420041753653444,0.0303966597077244,0.0378288100208768,0.0730688935281837,0.0886847599164926,0.1780375782881002,0.1102772556390977,0.1138345864661654,0.0355733082706766,0.0,0.0142293233082706,0.021343984962406,0.042687969924812,0.0391306390977443,0.1818181818181818,0.1608391608391608,0.0699300699300699,0.0,0.0139860139860139,0.0279720279720279,0.0279720279720279,0.0209790209790209,0.608615948670944,0.5737855178735105,0.608615948670944,0.6516956920256646,0.6691109074243814,0.7076076993583869,0.6581118240146654,0.6214482126489459,16,,,,,,,,,,,,,,,,,,,,,,,,,,,,,,,,
0.163089770354906,0.1535699373695198,0.2683089770354906,0.0181210855949895,0.0410020876826722,0.0587891440501043,0.0326513569937369,0.4577870563674321,0.1529652255639097,0.1031625939849624,0.0071146616541353,0.0,0.0177866541353383,0.0498026315789473,0.0498026315789473,0.085375939849624,0.3006993006993007,0.1748251748251748,0.0,0.0,0.0209790209790209,0.0489510489510489,0.0,0.0419580419580419,0.5829514207149404,0.532538955087076,0.5682859761686526,0.6003666361136573,0.6452795600366636,0.6562786434463794,0.6287809349220899,0.5838680109990835,16,,,,,,,,,,,,,,,,,,,,,,,,,,,,,,,,
0.0673903966597077,0.1767849686847599,0.0471816283924843,0.0182881002087682,0.0399164926931106,0.0726513569937369,0.0207933194154488,0.0759081419624217,0.1458505639097744,0.1565225563909774,0.010671992481203,0.0035573308270676,0.021343984962406,0.021343984962406,0.032015977443609,0.0391306390977443,0.2517482517482518,0.3006993006993007,0.0,0.0,0.0209790209790209,0.0279720279720279,0.0209790209790209,0.0279720279720279,0.5206232813932172,0.4867094408799266,0.5132905591200734,0.5637030247479377,0.6168652612282309,0.6342804766269478,0.614115490375802,0.5536205316223648,16,,,,,,,,,,,,,,,,,,,,,,,,,,,,,,,,
0.2703131524008351,0.2042588726513569,0.2493528183716075,0.0151983298538622,0.0696450939457202,0.2531106471816284,0.0572025052192066,0.1786221294363256,0.117391917293233,0.1494078947368421,0.010671992481203,0.0,0.0177866541353383,0.0249013157894736,0.0284586466165413,0.0924906015037594,0.0769230769230769,0.2657342657342657,0.0069930069930069,0.0,0.0139860139860139,0.0279720279720279,0.0489510489510489,0.1678321678321678,0.5077910174152155,0.462878093492209,0.5105407882676444,0.5572868927589367,0.6223648029330889,0.6324472960586618,0.5912007332722273,0.5472043996333639,16,,,,,,,,,,,,,,,,,,,,,,,,,,,,,,,,
0.1018789144050104,0.2652192066805846,0.1058872651356993,0.0469311064718162,0.0787473903966597,0.1058872651356993,0.0254697286012526,0.0977870563674321,0.053359962406015,0.1849812030075188,0.021343984962406,0.0355733082706766,0.0249013157894736,0.042687969924812,0.021343984962406,0.117391917293233,0.0769230769230769,0.3146853146853147,0.0139860139860139,0.0069930069930069,0.0209790209790209,0.0489510489510489,0.0069930069930069,0.1538461538461538,0.4958753437213565,0.4610449129239229,0.53987167736022,0.6049495875343721,0.6425297891842346,0.69019248395967,0.6287809349220899,0.6260311640696609,42,,,,,,,,,,,,,,,,,,,,,,,,,,,,,,,,
0.1315240083507306,0.2421711899791232,0.028643006263048,0.0373277661795407,0.0656367432150313,0.1491440501043841,0.1746137787056367,0.1297703549060542,0.128063909774436,0.085375939849624,0.0071146616541353,0.0142293233082706,0.042687969924812,0.10671992481203,0.053359962406015,0.0355733082706766,0.1958041958041958,0.1468531468531468,0.0,0.0139860139860139,0.0629370629370629,0.1118881118881118,0.0909090909090909,0.0139860139860139,0.6076993583868011,0.5765352887259395,0.617781851512374,0.6709440879926672,0.5866177818515125,0.5710357470210815,0.5728689275893676,0.5857011915673694,16,,,,,,,,,,,,,,,,,,,,,,,,,,,,,,,,
0.2171189979123173,0.6015031315240084,0.0831732776617954,0.0243006263048016,0.0526096033402922,0.1665970772442588,0.1196659707724425,0.3868893528183716,0.1565225563909774,0.2027678571428571,0.021343984962406,0.0,0.032015977443609,0.0711466165413533,0.0711466165413533,0.053359962406015,0.3216783216783216,0.3076923076923077,0.0,0.0,0.0279720279720279,0.0769230769230769,0.0699300699300699,0.0909090909090909,0.5728689275893676,0.5618698441796517,0.5765352887259395,0.6003666361136573,0.616865261228231,0.6553620531622365,0.6452795600366636,0.5985334555453712,16,,,,,,,,,,,,,,,,,,,,,,,,,,,,,,,,
0.3412108559498956,0.2909394572025052,0.067223382045929,0.0211273486430062,0.068893528183716,0.0823382045929018,0.0903549060542797,0.1524843423799582,0.1529652255639097,0.1245065789473684,0.0035573308270676,0.0,0.042687969924812,0.0462453007518797,0.0675892857142857,0.0569172932330827,0.2517482517482518,0.2167832167832167,0.0069930069930069,0.0,0.0419580419580419,0.0699300699300699,0.0559440559440559,0.0769230769230769,0.5682859761686526,0.5307057745187901,0.5572868927589367,0.611365719523373,0.6269477543538039,0.6315307057745189,0.5563703024747938,0.5160403299725023,16,,,,,,,,,,,,,,,,,,,,,,,,,,,,,,,,
0.2262212943632567,0.253945720250522,0.0474321503131523,0.0202087682672233,0.2170354906054279,0.3584133611691023,0.1666805845511482,0.1951565762004175,0.117391917293233,0.1351785714285714,0.0177866541353383,0.0,0.0569172932330827,0.0996052631578947,0.0391306390977443,0.0391306390977443,0.1888111888111888,0.2447552447552447,0.0139860139860139,0.0,0.0629370629370629,0.0699300699300699,0.0349650349650349,0.0489510489510489,0.4949587534372135,0.5059578368469294,0.5499541704857929,0.6067827681026581,0.6507791017415215,0.6471127406049496,0.5664527956003667,0.5435380384967919,16,,,,,,,,,,,,,,,,,,,,,,,,,,,,,,,,
0.2426722338204592,0.2178705636743215,0.0675574112734864,0.0435908141962421,0.2084342379958246,0.1067223382045929,0.0928601252609603,0.0633820459290187,0.1031625939849624,0.1209492481203007,0.0249013157894736,0.0,0.085375939849624,0.0675892857142857,0.0391306390977443,0.0355733082706766,0.2237762237762237,0.2167832167832167,0.0139860139860139,0.0,0.1118881118881118,0.0559440559440559,0.0699300699300699,0.0279720279720279,0.4949587534372135,0.4857928505957837,0.5435380384967919,0.5802016498625114,0.6251145737855179,0.6498625114573785,0.615032080659945,0.5820348304307975,16,,,,,,,,,,,,,,,,,,,,,,,,,,,,,,,,
0.4369102296450939,0.4932776617954071,0.0444258872651356,0.0245511482254697,0.0855114822546972,0.1220876826722338,0.1000417536534446,0.3852192066805845,0.2525704887218045,0.1102772556390977,0.010671992481203,0.0,0.0462453007518797,0.0711475563909774,0.0996052631578947,0.053359962406015,0.4335664335664335,0.1048951048951049,0.0,0.0,0.0559440559440559,0.1188811188811188,0.0699300699300699,0.0839160839160839,0.5151237396883593,0.5096241979835014,0.5893675527039414,0.6636113657195234,0.7259395050412465,0.7736021998166819,0.7121906507791017,0.6626947754353805,16,,,,,,,,,,,,,,,,,,,,,,,,,,,,,,,,
0.2435908141962421,0.3144885177453027,0.0435908141962421,0.0273068893528183,0.0956993736951983,0.0946137787056367,0.2389144050104384,0.1643423799582463,0.128063909774436,0.1387359022556391,0.0,0.0,0.0391306390977443,0.0889332706766917,0.0177866541353383,0.0996052631578947,0.1958041958041958,0.2027972027972027,0.0,0.0,0.0419580419580419,0.0629370629370629,0.0139860139860139,0.1678321678321678,0.6168652612282309,0.5508707607699359,0.6681943171402384,0.7158570119156736,0.7745187901008248,0.8276810265811183,0.8130155820348303,0.6535288725939504,16,,,,,,,,,,,,,,,,,,,,,,,,,,,,,,,,
0.085929018789144,0.2211273486430063,0.0440918580375782,0.0423382045929018,0.0652192066805845,0.1531524008350731,0.0870146137787056,0.1378705636743215,0.0177866541353383,0.1209492481203007,0.0,0.0142293233082706,0.042687969924812,0.1138345864661654,0.0177866541353383,0.0996052631578947,0.0279720279720279,0.1958041958041958,0.0,0.0209790209790209,0.0419580419580419,0.1888111888111888,0.0069930069930069,0.0699300699300699,0.5728689275893675,0.5527039413382219,0.5939505041246563,0.6617781851512374,0.7222731439046746,0.7231897341888175,0.6828597616865262,0.6370302474793768,42,,,,,,,,,,,,,,,,,,,,,,,,,,,,,,,,
0.4571189979123173,0.249937369519833,0.0335699373695198,0.0248851774530271,0.1751148225469728,0.0829227557411273,0.0825052192066805,0.090438413361169,0.0889332706766917,0.1885385338345865,0.0,0.0142293233082706,0.0462453007518797,0.0249013157894736,0.0249013157894736,0.0177866541353383,0.1118881118881118,0.3426573426573426,0.0,0.0069930069930069,0.0349650349650349,0.0279720279720279,0.0349650349650349,0.0139860139860139,0.6306141154903758,0.5948670944087993,0.5866177818515125,0.6324472960586618,0.7021081576535289,0.6700274977085243,0.6040329972502292,0.5692025664527957,16,,,,,,,,,,,,,,,,,,,,,,,,,,,,,,,,
0.1160751565762004,0.1955741127348643,0.0065970772442588,0.0031732776617954,0.0455114822546972,0.2225469728601252,0.1061377870563674,0.1215866388308977,0.1671945488721804,0.021343984962406,0.0035573308270676,0.0,0.0284586466165413,0.0249013157894736,0.0462453007518797,0.053359962406015,0.2937062937062937,0.0139860139860139,0.0,0.0,0.0349650349650349,0.0139860139860139,0.0629370629370629,0.0909090909090909,0.5105407882676444,0.5041246562786436,0.5169569202566453,0.5637030247479377,0.6351970669110908,0.6599450045829515,0.6260311640696609,0.5747021081576534,16,,,,,,,,,,,,,,,,,,,,,,,,,,,,,,,,
0.4126096033402923,0.370187891440501,0.0250521920668058,0.0046764091858037,0.0791649269311064,0.1455532359081419,0.008768267223382,0.2509394572025052,0.1102772556390977,0.096047932330827,0.0,0.0,0.0249013157894736,0.021343984962406,0.0,0.0249013157894736,0.1958041958041958,0.1398601398601398,0.0,0.0,0.0139860139860139,0.0349650349650349,0.0,0.0349650349650349,0.5572868927589367,0.533455545371219,0.545371219065078,0.608615948670944,0.6324472960586618,0.617781851512374,0.5783684692942255,0.5637030247479377,16,,,,,,,,,,,,,,,,,,,,,,,,,,,,,,,,
0.1749478079331941,0.1579123173277661,0.048768267223382,0.0281419624217118,0.1126513569937369,0.0915240083507307,0.0435073068893528,0.0563674321503131,0.0711466165413533,0.1458505639097744,0.0071146616541353,0.0035573308270676,0.0355733082706766,0.0355733082706766,0.0035573308270676,0.0498026315789473,0.0839160839160839,0.2657342657342657,0.0,0.0,0.0419580419580419,0.0209790209790209,0.0,0.0209790209790209,0.5545371219065078,0.5618698441796517,0.5756186984417965,0.6012832263978002,0.6434463794683776,0.6736938588450962,0.6645279560036664,0.6388634280476627,16,,,,,,,,,,,,,,,,,,,,,,,,,,,,,,,,
0.275991649269311,0.2492693110647182,0.0483507306889352,0.0071816283924843,0.0401670146137786,0.0959498956158663,0.050187891440501,0.0541127348643006,0.1494078947368421,0.0711466165413533,0.0355733082706766,0.0,0.0035573308270676,0.0711466165413533,0.0142293233082706,0.1316212406015037,0.2377622377622377,0.1188811188811188,0.0699300699300699,0.0,0.0,0.0979020979020979,0.0209790209790209,0.2027972027972027,0.614115490375802,0.5939505041246563,0.6168652612282309,0.688359303391384,0.7488542621448213,0.7415215398716773,0.6828597616865262,0.5902841429880844,16,,,,,,,,,,,,,,,,,,,,,,,,,,,,,,,,
0.5382881002087683,0.3649269311064718,0.2109394572025052,0.191732776617954,0.2035908141962421,0.210187891440501,0.0754906054279749,0.1513987473903966,0.1245065789473684,0.10671992481203,0.010671992481203,0.0,0.021343984962406,0.0604746240601503,0.0604746240601503,0.0249013157894736,0.2657342657342657,0.2587412587412587,0.0,0.0,0.0209790209790209,0.1188811188811188,0.0209790209790209,0.0279720279720279,0.4445462878093492,0.4509624197983501,0.46012832263978,0.5041246562786436,0.5820348304307975,0.5930339138405133,0.5545371219065078,0.5187901008249313,16,,,,,,,,,,,,,,,,,,,,,,,,,,,,,,,,
0.32,0.2091022964509394,0.1924843423799582,0.1300208768267223,0.1615866388308977,0.1772025052192066,0.208517745302714,0.3806263048016701,0.0924906015037594,0.1031625939849624,0.0284586466165413,0.0,0.010671992481203,0.0249013157894736,0.0035573308270676,0.0604746240601503,0.1748251748251748,0.2587412587412587,0.0209790209790209,0.0,0.0139860139860139,0.0279720279720279,0.0,0.1328671328671328,0.5059578368469294,0.4995417048579285,0.4757103574702108,0.4060494958753436,0.4262144821264894,0.4656278643446379,0.4225481209899175,0.3492208982584784,15,,,,,,,,,,,,,,,,,,,,,,,,,,,,,,,,
0.445929018789144,0.3106471816283925,0.2333194154488517,0.2293945720250522,0.2756576200417536,0.1559081419624217,0.0926931106471816,0.1407933194154488,0.1102772556390977,0.0889332706766917,0.0604746240601503,0.0,0.0177866541353383,0.0249013157894736,0.0604746240601503,0.0355733082706766,0.1888111888111888,0.2097902097902098,0.0979020979020979,0.0,0.0139860139860139,0.0489510489510489,0.0209790209790209,0.0629370629370629,0.3327222731439047,0.304307974335472,0.3703024747937672,0.4381301558203483,0.4674610449129239,0.46012832263978,0.4344637946837764,0.384967919340055,15,,,,,,,,,,,,,,,,,,,,,,,,,,,,,,,,
0.4100208768267223,0.4504384133611691,0.1531524008350731,0.2245511482254697,0.307473903966597,0.1708559498956158,0.1192484342379958,0.1573277661795407,0.0782612781954887,0.1494078947368421,0.0142293233082706,0.0,0.0177866541353383,0.0391306390977443,0.0142293233082706,0.0498026315789473,0.1328671328671328,0.3706293706293706,0.0,0.0,0.0139860139860139,0.0489510489510489,0.0,0.0769230769230769,0.3455545371219065,0.3510540788267644,0.3996333638863428,0.4390467461044913,0.4876260311640696,0.4885426214482126,0.454628780934922,0.3923006416131989,15,,,,,,,,,,,,,,,,,,,,,,,,,,,,,,,,
0.0937787056367432,0.4223799582463465,0.3290187891440501,0.2255532359081419,0.2263048016701461,0.1865553235908142,0.0616283924843423,0.084509394572025,0.1245065789473684,0.0996052631578947,0.0,0.0,0.0071146616541353,0.0462453007518797,0.0071146616541353,0.064031954887218,0.3216783216783216,0.1258741258741259,0.0,0.0,0.0,0.0769230769230769,0.0069930069930069,0.1538461538461538,0.3418881759853345,0.3373052245646196,0.3904674610449129,0.4518790100824931,0.4995417048579285,0.5178735105407883,0.4683776351970669,0.3858845096241979,15,,,,,,,,,,,,,,,,,,,,,,,,,,,,,,,,
0.1184968684759916,0.2933611691022964,0.3152400835073068,0.21419624217119,0.2455949895615866,0.1923173277661795,0.0545302713987473,0.0349060542797494,0.1458505639097744,0.0462453007518797,0.0071146616541353,0.0,0.0177866541353383,0.0249013157894736,0.0,0.0142293233082706,0.2657342657342657,0.1188811188811188,0.0069930069930069,0.0,0.0139860139860139,0.0279720279720279,0.0,0.0069930069930069,0.3464711274060494,0.3143904674610449,0.3666361136571952,0.4839596700274977,0.5288725939505041,0.536205316223648,0.4977085242896426,0.4454628780934921,15,,,,,,,,,,,,,,,,,,,,,,,,,,,,,,,,
0.0281419624217118,0.2567014613778705,0.1905636743215031,0.1956576200417536,0.2092693110647181,0.144384133611691,0.0202922755741127,0.0052609603340292,0.074703947368421,0.0675892857142857,0.0142293233082706,0.0035573308270676,0.0,0.0604746240601503,0.0,0.0,0.1608391608391608,0.1748251748251748,0.0069930069930069,0.0,0.0,0.1118881118881118,0.0,0.0,0.3895508707607699,0.3748854262144821,0.4307974335472044,0.53987167736022,0.5600366636113657,0.5572868927589367,0.4949587534372135,0.4702108157653529,15,,,,,,,,,,,,,,,,,,,,,,,,,,,,,,,,
0.0117745302713987,0.2038413361169102,0.1777870563674321,0.0977035490605428,0.170187891440501,0.1302713987473904,0.0479331941544885,0.0867640918580375,0.021343984962406,0.1316212406015037,0.0071146616541353,0.0,0.0071146616541353,0.0142293233082706,0.0249013157894736,0.053359962406015,0.0349650349650349,0.2727272727272727,0.0,0.0,0.0,0.0349650349650349,0.0139860139860139,0.0909090909090909,0.4802933088909258,0.4344637946837764,0.4912923923006416,0.5857011915673694,0.6168652612282309,0.6480293308890925,0.5572868927589367,0.5527039413382219,16,,,,,,,,,,,,,,,,,,,,,,,,,,,,,,,,
0.262964509394572,0.2284759916492693,0.058956158663883,0.0076826722338204,0.1205010438413361,0.1332776617954071,0.1994989561586638,0.2103549060542797,0.085375939849624,0.1138345864661654,0.0391306390977443,0.0,0.0142293233082706,0.0462453007518797,0.064031954887218,0.053359962406015,0.1608391608391608,0.2587412587412587,0.0629370629370629,0.0,0.0,0.0909090909090909,0.1048951048951049,0.0769230769230769,0.5279560036663611,0.4683776351970669,0.5022914757103575,0.5435380384967919,0.6278643446379469,0.6681943171402384,0.6324472960586618,0.5857011915673694,16,,,,,,,,,,,,,,,,,,,,,,,,,,,,,,,,
0.2312317327766179,0.1866388308977035,0.0613778705636743,0.0551148225469728,0.1297703549060542,0.0703966597077244,0.0860125260960334,0.2131106471816284,0.1707518796992481,0.1209492481203007,0.0142293233082706,0.0,0.021343984962406,0.0284586466165413,0.0071146616541353,0.0711466165413533,0.3216783216783216,0.2447552447552447,0.0069930069930069,0.0,0.0209790209790209,0.0419580419580419,0.0069930069930069,0.1258741258741259,0.535288725939505,0.5279560036663611,0.5261228230980751,0.5435380384967919,0.5087076076993584,0.5022914757103575,0.5059578368469294,0.4839596700274977,15,,,,,,,,,,,,,,,,,,,,,,,,,,,,,,,,
0.3995824634655532,0.2361586638830898,0.4147807933194154,0.1102296450939457,0.1876409185803757,0.093027139874739,0.0096033402922755,0.0780793319415448,0.1209492481203007,0.1494078947368421,0.010671992481203,0.0,0.021343984962406,0.032015977443609,0.0035573308270676,0.021343984962406,0.2027972027972027,0.2867132867132867,0.0,0.0,0.0279720279720279,0.0559440559440559,0.0,0.0279720279720279,0.4564619615032081,0.4564619615032081,0.4857928505957837,0.5646196150320807,0.6058661778185152,0.5499541704857929,0.5050412465627865,0.4702108157653529,16,,,,,,,,,,,,,,,,,,,,,,,,,,,,,,,,
0.23741127348643,0.2349060542797494,0.0122755741127348,0.1317745302713987,0.1844676409185804,0.0891022964509394,0.0514405010438413,0.3262630480167015,0.0996052631578947,0.1209492481203007,0.0035573308270676,0.0035573308270676,0.0177866541353383,0.0284586466165413,0.064031954887218,0.021343984962406,0.2167832167832167,0.2657342657342657,0.0,0.0,0.0209790209790209,0.0489510489510489,0.0209790209790209,0.0209790209790209,0.4436296975252062,0.4216315307057745,0.4582951420714941,0.4967919340054995,0.5554537121906509,0.5875343721356554,0.545371219065078,0.5151237396883593,16,,,,,,,,,,,,,,,,,,,,,,,,,,,,,,,,
0.2330688935281837,0.2498538622129436,0.1034655532359081,0.1748643006263047,0.1335281837160751,0.2106054279749478,0.3382045929018789,0.0579540709812108,0.1102772556390977,0.1351785714285714,0.0142293233082706,0.0,0.0,0.042687969924812,0.0675892857142857,0.0142293233082706,0.2307692307692307,0.2727272727272727,0.0,0.0,0.0,0.0559440559440559,0.0419580419580419,0.0069930069930069,0.4637946837763519,0.4344637946837764,0.4876260311640696,0.5242896425297892,0.5756186984417965,0.613198900091659,0.535288725939505,0.5270394133822182,16,,,,,,,,,,,,,,,,,,,,,,,,,,,,,,,,
0.0833402922755741,0.1488100208768267,0.1270981210855949,0.124258872651357,0.1370354906054279,0.2188726513569937,0.6438413361169102,0.1186638830897703,0.0284586466165413,0.0782612781954887,0.010671992481203,0.0,0.0142293233082706,0.1422932330827067,0.128063909774436,0.0355733082706766,0.0559440559440559,0.1538461538461538,0.0139860139860139,0.0,0.0,0.3076923076923077,0.1258741258741259,0.0349650349650349,0.4711274060494959,0.4665444546287809,0.4775435380384968,0.5499541704857929,0.6031164069660861,0.6223648029330889,0.5838680109990835,0.538955087076077,16,,,,,,,,,,,,,,,,,,,,,,,,,,,,,,,,
0.0352400835073068,0.2031732776617954,0.1134029227557411,0.1179123173277661,0.1893945720250522,0.1663465553235908,0.10321503131524,0.075991649269311,0.042687969924812,0.0924906015037594,0.0284586466165413,0.0,0.0284586466165413,0.021343984962406,0.010671992481203,0.032015977443609,0.0699300699300699,0.2167832167832167,0.0209790209790209,0.0,0.0279720279720279,0.0279720279720279,0.0209790209790209,0.0349650349650349,0.5105407882676444,0.4702108157653529,0.4702108157653529,0.5050412465627865,0.608615948670944,0.5811182401466545,0.5197066911090742,0.4647112740604949,16,,,,,,,,,,,,,,,,,,,,,,,,,,,,,,,,
0.1946555323590814,0.1882254697286012,0.1728601252609603,0.1569937369519833,0.2386638830897703,0.1520668058455114,0.1137369519832985,0.1650104384133611,0.1671945488721804,0.0498026315789473,0.0142293233082706,0.0,0.021343984962406,0.0355733082706766,0.0071146616541353,0.042687969924812,0.3286713286713286,0.1118881118881118,0.0139860139860139,0.0,0.0209790209790209,0.0699300699300699,0.0419580419580419,0.0629370629370629,0.3730522456461961,0.3684692942254812,0.4234647112740605,0.4931255728689276,0.5123739688359303,0.4711274060494959,0.4335472043996333,0.4252978918423464,15,,,,,,,,,,,,,,,,,,,,,,,,,,,,,,,,
0.2794154488517745,0.3812108559498955,0.1941544885177452,0.1678496868475991,0.2325678496868476,0.1675156576200417,0.1362839248434238,0.3356993736951983,0.0996052631578947,0.1316212406015037,0.0035573308270676,0.0035573308270676,0.0177866541353383,0.0391306390977443,0.0604746240601503,0.0498026315789473,0.2307692307692307,0.2797202797202797,0.0,0.0069930069930069,0.0209790209790209,0.0769230769230769,0.1398601398601398,0.0909090909090909,0.4252978918423464,0.4234647112740605,0.4234647112740605,0.4958753437213565,0.5435380384967919,0.5646196150320807,0.533455545371219,0.4298808432630614,15,,,,,,,,,,,,,,,,,,,,,,,,,,,,,,,,
0.378705636743215,0.2999582463465553,0.2534446764091858,0.1782045929018789,0.2091022964509394,0.2108559498956158,0.0959498956158663,0.128768267223382,0.1209492481203007,0.0675892857142857,0.064031954887218,0.0,0.021343984962406,0.032015977443609,0.010671992481203,0.021343984962406,0.2027972027972027,0.1048951048951049,0.1328671328671328,0.0,0.0139860139860139,0.0489510489510489,0.0069930069930069,0.0209790209790209,0.3739688359303392,0.4188817598533456,0.4775435380384968,0.5554537121906509,0.5875343721356554,0.541704857928506,0.4692942254812098,0.4527956003666362,15,,,,,,,,,,,,,,,,,,,,,,,,,,,,,,,,
0.2761586638830897,0.2851774530271398,0.127348643006263,0.1771189979123173,0.1573277661795407,0.0898538622129436,0.0132776617954071,0.0872651356993736,0.096047932330827,0.085375939849624,0.0071146616541353,0.0071146616541353,0.0177866541353383,0.032015977443609,0.021343984962406,0.021343984962406,0.1818181818181818,0.1678321678321678,0.0,0.0,0.0279720279720279,0.0279720279720279,0.0419580419580419,0.0209790209790209,0.4931255728689276,0.459211732355637,0.4995417048579285,0.5545371219065078,0.612282309807516,0.6095325389550871,0.5664527956003667,0.4876260311640696,16,,,,,,,,,,,,,,,,,,,,,,,,,,,,,,,,
0.14321503131524,0.2213778705636743,0.0545302713987473,0.1508977035490605,0.2515240083507307,0.1387891440501043,0.1261795407098121,0.2434237995824634,0.0818186090225564,0.1565225563909774,0.010671992481203,0.0,0.0071146616541353,0.0569172932330827,0.0675892857142857,0.1031625939849624,0.1328671328671328,0.3286713286713286,0.0,0.0,0.0,0.0629370629370629,0.1258741258741259,0.1538461538461538,0.4097158570119156,0.3904674610449129,0.4500458295142071,0.5380384967919339,0.5829514207149404,0.5655362053162236,0.5508707607699359,0.5380384967919339,16,,,,,,,,,,,,,,,,,,,,,,,,,,,,,,,,
0.1407098121085595,0.164509394572025,0.0593736951983298,0.1077244258872651,0.0608768267223382,0.1042171189979123,0.3367849686847599,0.4477661795407098,0.117391917293233,0.064031954887218,0.0177866541353383,0.0,0.0071146616541353,0.0284586466165413,0.1600798872180451,0.0569172932330827,0.2657342657342657,0.1398601398601398,0.0209790209790209,0.0,0.0,0.0419580419580419,0.1328671328671328,0.0209790209790209,0.5279560036663611,0.5178735105407883,0.5582034830430798,0.6471127406049496,0.6782768102658111,0.6351970669110908,0.5765352887259395,0.5820348304307975,16,,,,,,,,,,,,,,,,,,,,,,,,,,,,,,,,
0.1907306889352818,0.1503966597077244,0.0382463465553235,0.0091022964509394,0.0334029227557411,0.0545302713987473,0.3947390396659708,0.1137369519832985,0.074703947368421,0.117391917293233,0.010671992481203,0.0,0.0177866541353383,0.074703947368421,0.0498026315789473,0.021343984962406,0.1398601398601398,0.2447552447552447,0.0,0.0,0.0139860139860139,0.0629370629370629,0.0489510489510489,0.0209790209790209,0.5692025664527957,0.544454628780935,0.5948670944087993,0.6278643446379469,0.6168652612282309,0.5967002749770853,0.5536205316223648,0.5545371219065078,16,,,,,,,,,,,,,,,,,,,,,,,,,,,,,,,,
0.3007933194154489,0.2045929018789144,0.0767432150313152,0.0167849686847599,0.081670146137787,0.1021294363256784,0.0174530271398747,0.1413778705636743,0.1138345864661654,0.1458505639097744,0.0071146616541353,0.0,0.0284586466165413,0.021343984962406,0.0,0.0249013157894736,0.2097902097902098,0.3216783216783216,0.0,0.0,0.0349650349650349,0.0069930069930069,0.0,0.0489510489510489,0.5481209899175069,0.5206232813932172,0.5270394133822182,0.5930339138405133,0.5783684692942255,0.5545371219065078,0.5279560036663611,0.541704857928506,16,,,,,,,,,,,,,,,,,,,,,,,,,,,,,,,,
0.2253862212943632,0.2184551148225469,0.138705636743215,0.090438413361169,0.1650939457202505,0.1123173277661795,0.1091440501043841,0.1463048016701461,0.0889332706766917,0.1814238721804511,0.0,0.0,0.0249013157894736,0.0177866541353383,0.0071146616541353,0.0177866541353383,0.1608391608391608,0.3566433566433566,0.0,0.0,0.0209790209790209,0.0139860139860139,0.0,0.0209790209790209,0.5380384967919339,0.5380384967919339,0.5380384967919339,0.5682859761686526,0.5875343721356554,0.6049495875343721,0.613198900091659,0.5829514207149404,16,,,,,,,,,,,,,,,,,,,,,,,,,,,,,,,,
0.2318162839248434,0.388643006263048,0.1267640918580375,0.0794989561586638,0.1712734864300626,0.1505636743215031,0.0689770354906054,0.1869728601252609,0.0889332706766917,0.1209492481203007,0.010671992481203,0.0,0.0249013157894736,0.053359962406015,0.0071146616541353,0.0462453007518797,0.0909090909090909,0.2587412587412587,0.0069930069930069,0.0,0.0139860139860139,0.0769230769230769,0.0,0.0279720279720279,0.537121906507791,0.5142071494042164,0.5050412465627865,0.5169569202566453,0.5756186984417965,0.617781851512374,0.5719523373052245,0.5077910174152155,16,,,,,,,,,,,,,,,,,,,,,,,,,,,,,,,,
0.3240918580375783,0.2490187891440501,0.1326096033402923,0.1767849686847599,0.1466388308977035,0.1667640918580375,0.0275574112734864,0.0338204592901878,0.0498026315789473,0.1458505639097744,0.010671992481203,0.0035573308270676,0.010671992481203,0.0569172932330827,0.0142293233082706,0.0071146616541353,0.0979020979020979,0.2867132867132867,0.0,0.0,0.0139860139860139,0.0839160839160839,0.0,0.0139860139860139,0.4509624197983501,0.462878093492209,0.4940421631530706,0.5554537121906509,0.5985334555453712,0.5811182401466545,0.542621448212649,0.5105407882676444,16,,,,,,,,,,,,,,,,,,,,,,,,,,,,,,,,
0.3561586638830897,0.3366179540709812,0.0610438413361169,0.0171189979123173,0.0334864300626304,0.2210438413361169,0.2828392484342379,0.2237160751565761,0.0818186090225564,0.1636372180451128,0.0071146616541353,0.0,0.0177866541353383,0.0889332706766917,0.0498026315789473,0.0177866541353383,0.1048951048951049,0.3146853146853147,0.0,0.0,0.0139860139860139,0.1608391608391608,0.0559440559440559,0.0,0.4949587534372135,0.4977085242896426,0.5169569202566453,0.5664527956003667,0.5719523373052245,0.6058661778185152,0.5847846012832265,0.5499541704857929,16,,,,,,,,,,,,,,,,,,,,,,,,,,,,,,,,
0.2399164926931106,0.4135281837160752,0.1250104384133611,0.1291858037578288,0.1296868475991649,0.0966179540709812,0.0349060542797494,0.0541962421711899,0.1671945488721804,0.1316212406015037,0.010671992481203,0.0,0.0035573308270676,0.0391306390977443,0.0498026315789473,0.0177866541353383,0.2237762237762237,0.1818181818181818,0.0,0.0,0.0,0.0419580419580419,0.0909090909090909,0.0349650349650349,0.5435380384967919,0.5224564619615032,0.542621448212649,0.5591200733272228,0.5921173235563704,0.6012832263978002,0.5902841429880844,0.544454628780935,16,,,,,,,,,,,,,,,,,,,,,,,,,,,,,,,,
0.0683089770354906,0.187223382045929,0.1600835073068893,0.0982045929018789,0.1233402922755741,0.1759498956158663,0.3615031315240083,0.1541544885177453,0.0391306390977443,0.0711466165413533,0.021343984962406,0.0,0.0035573308270676,0.0996052631578947,0.053359962406015,0.010671992481203,0.0769230769230769,0.1538461538461538,0.0209790209790209,0.0,0.0,0.0909090909090909,0.0559440559440559,0.0069930069930069,0.5068744271310724,0.4766269477543539,0.4720439963336389,0.5004582951420715,0.6021998166819431,0.6040329972502292,0.5508707607699359,0.5114573785517874,16,,,,,,,,,,,,,,,,,,,,,,,,,,,,,,,,
0.4488517745302714,0.7851356993736952,0.1737787056367432,0.1341962421711899,0.1745302713987473,0.1155741127348643,0.0425887265135699,0.1027974947807933,0.3308317669172932,0.1316212406015037,0.010671992481203,0.0035573308270676,0.0142293233082706,0.021343984962406,0.0,0.0177866541353383,0.5034965034965035,0.2307692307692307,0.0,0.0,0.0209790209790209,0.0209790209790209,0.0,0.0139860139860139,0.4977085242896426,0.4903758020164986,0.4894592117323556,0.5499541704857929,0.5710357470210815,0.5646196150320807,0.5435380384967919,0.462878093492209,16,,,,,,,,,,,,,,,,,,,,,,,,,,,,,,,,
0.0527766179540709,0.1569102296450939,0.1458872651356993,0.1528183716075156,0.1893110647181628,0.2025887265135699,0.1078914405010438,0.1010438413361169,0.0,0.042687969924812,0.0,0.0,0.010671992481203,0.021343984962406,0.0142293233082706,0.0,0.0,0.0769230769230769,0.0,0.0,0.0069930069930069,0.0349650349650349,0.0,0.0,0.4289642529789184,0.4344637946837764,0.4610449129239229,0.5261228230980751,0.5646196150320807,0.5820348304307975,0.531622364802933,0.4848762603116406,15,,,,,,,,,,,,,,,,,,,,,,,,,,,,,,,,
0.1043006263048016,0.1569937369519833,0.144384133611691,0.1496450939457202,0.1512317327766179,0.1704384133611691,0.1160751565762004,0.2086012526096033,0.0177866541353383,0.0604746240601503,0.0,0.0,0.0035573308270676,0.0177866541353383,0.010671992481203,0.0249013157894736,0.0279720279720279,0.0979020979020979,0.0,0.0,0.0,0.0209790209790209,0.0,0.0419580419580419,0.462878093492209,0.4472960586617781,0.4555453712190651,0.4802933088909258,0.4903758020164986,0.5261228230980751,0.5105407882676444,0.4775435380384968,15,,,,,,,,,,,,,,,,,,,,,,,,,,,,,,,,
0.1430480167014614,0.1267640918580375,0.10580375782881,0.1592484342379958,0.191482254697286,0.157745302713981,0.1193319415448851,0.0648016701461377,0.042687969924812,0.010671992481203,0.0035573308270676,0.0035573308270676,0.0071146616541353,0.021343984962406,0.010671992481203,0.0071146616541353,0.0909090909090909,0.0,0.0,0.0,0.0,0.0279720279720279,0.0139860139860139,0.0069930069930069,0.4967919340054995,0.4766269477543537,0.4683776351970669,0.5142071494042164,0.5857011915673694,0.5774518790100824,0.5472043996333639,0.5077910174152155,15,,,,,,,,,,,,,,,,,,,,,,,,,,,,,,,,
0.1070563674321503,0.1115657620041753,0.1078079331941544,0.1773695198329853,0.1851356993736952,0.1300208768267223,0.138956158663883,0.0307306889352818,0.0249013157894736,0.0391306390977443,0.0035573308270676,0.0,0.010671992481203,0.0071146616541353,0.0142293233082706,0.0071146616541353,0.0419580419580419,0.0769230769230769,0.0,0.0,0.0209790209790209,0.0,0.0139860139860139,0.0,0.4821264894592117,0.4482126489459211,0.4720439963336389,0.534372135655362,0.6040329972502292,0.6067827681026581,0.5692025664527957,0.4702108157653529,16,,,,,,,,,,,,,,,,,,,,,,,,,,,,,,,,
0.1360334029227557,0.1381210855949895,0.1308559498956158,0.1686012526096033,0.1884759916492693,0.1225887265135699,0.0707306889352818,0.0549478079331941,0.0284586466165413,0.0355733082706766,0.0035573308270676,0.0,0.0035573308270676,0.0071146616541353,0.0071146616541353,0.010671992481203,0.0629370629370629,0.0769230769230769,0.0,0.0,0.0,0.0139860139860139,0.0069930069930069,0.0,0.4252978918423464,0.4014665444546287,0.4931255728689276,0.5985334555453712,0.6425297891842346,0.6608615948670944,0.6058661778185152,0.5618698441796517,16,,,,,,,,,,,,,,,,,,,,,,,,,,,,,,,,
0.0688100208768267,0.0590396659707724,0.0111064718162839,0.1121503131524008,0.1181628392484342,0.2436743215031315,0.0084342379958246,0.125678496868476,0.0142293233082706,0.0462453007518797,0.0071146616541353,0.0,0.010671992481203,0.0355733082706766,0.0,0.0142293233082706,0.0279720279720279,0.0839160839160839,0.0,0.0,0.0139860139860139,0.0139860139860139,0.0,0.0209790209790209,0.4977085242896426,0.4839596700274977,0.5563703024747938,0.6196150320806599,0.6764436296975253,0.7131072410632449,0.6645279560036663,0.6251145737855179,16,,,,,,,,,,,,,,,,,,,,,,,,,,,,,,,,
0.1347807933194154,0.0641336116910229,0.0133611691022964,0.0086012526096033,0.0121085594989561,0.1566597077244259,0.5484759916492693,0.1407933194154488,0.0249013157894736,0.042687969924812,0.0071146616541353,0.0,0.0,0.2276691729323308,0.0569172932330827,0.053359962406015,0.0349650349650349,0.0839160839160839,0.0,0.0,0.0,0.3216783216783216,0.0419580419580419,0.0909090909090909,0.5572868927589367,0.5600366636113657,0.5875343721356554,0.6562786434463794,0.7314390467461045,0.7231897341888175,0.6196150320806599,0.5747021081576534,16,,,,,,,,,,,,,,,,,,,,,,,,,,,,,,,,
0.3634237995824635,0.1372025052192066,0.0145302713987473,0.0142797494780793,0.0634655532359081,0.0642171189979123,0.1008768267223381,0.0212943632567849,0.1316212406015037,0.0249013157894736,0.0,0.0,0.0035573308270676,0.0355733082706766,0.0249013157894736,0.0284586466165413,0.2377622377622377,0.0139860139860139,0.0,0.0,0.0,0.0349650349650349,0.0349650349650349,0.0629370629370629,0.5279560036663611,0.4857928505957837,0.4995417048579284,0.53987167736022,0.5737855178735105,0.5682859761686526,0.527039413382218,0.5004582951420715,16,,,,,,,,,,,,,,,,,,,,,,,,,,,,,,,,
0.1380375782881002,0.5594989561586639,0.1820459290187891,0.2033402922755741,0.1877244258872651,0.1263465553235908,0.0692275574112734,0.0227139874739039,0.1707518796992481,0.1422932330827067,0.010671992481203,0.0,0.021343984962406,0.0142293233082706,0.0249013157894736,0.0177866541353383,0.2587412587412587,0.2797202797202797,0.0,0.0,0.0209790209790209,0.0559440559440559,0.0629370629370629,0.0139860139860139,0.4775435380384968,0.4637946837763519,0.4912923923006416,0.5288725939505041,0.5646196150320807,0.5875343721356554,0.5582034830430798,0.4967919340054995,16,,,,,,,,,,,,,,,,,,,,,,,,,,,,,,,,
0.1807933194154488,0.4758246346555323,0.1505636743215031,0.1535699373695198,0.1969937369519833,0.0678079331941544,0.0116910229645093,0.0783298538622129,0.1956531954887218,0.1351785714285714,0.0142293233082706,0.0,0.032015977443609,0.0284586466165413,0.0,0.021343984962406,0.3566433566433566,0.2587412587412587,0.0069930069930069,0.0,0.0279720279720279,0.0209790209790209,0.0,0.0139860139860139,0.4289642529789184,0.3996333638863428,0.4986251145737855,0.5508707607699359,0.5921173235563704,0.6351970669110908,0.5847846012832264,0.5233730522456461,16,,,,,,,,,,,,,,,,,,,,,,,,,,,,,,,,
0.174446764091858,0.1278496868475991,0.0941127348643006,0.0683089770354906,0.165929018789144,0.0869311064718162,0.0691440501043841,0.0206263048016701,0.0284586466165413,0.1387359022556391,0.0996052631578947,0.0,0.0,0.0355733082706766,0.0355733082706766,0.1138345864661654,0.0279720279720279,0.2027972027972027,0.2027972027972027,0.0,0.0,0.0279720279720279,0.0629370629370629,0.0349650349650349,0.4812098991750687,0.4491292392300642,0.5664527956003667,0.6251145737855179,0.6966086159486709,0.7323556370302474,0.6764436296975253,0.6104491292392301,16,,,,,,,,,,,,,,,,,,,,,,,,,,,,,,,,
0.1129853862212943,0.2129436325678496,0.0519415448851774,0.0155323590814196,0.0620459290187891,0.102964509394572,0.0228810020876826,0.0491858037578288,0.0569172932330827,0.1245065789473684,0.0142293233082706,0.0,0.021343984962406,0.0711466165413533,0.0071146616541353,0.021343984962406,0.1048951048951049,0.2587412587412587,0.0,0.0,0.0209790209790209,0.0769230769230769,0.0,0.0279720279720279,0.5536205316223648,0.4995417048579285,0.6067827681026581,0.6782768102658112,0.7167736021998166,0.7378551787351053,0.6975252062328139,0.6526122823098075,16,,,,,,,,,,,,,,,,,,,,,,,,,,,,,,,,
0.2438413361169102,0.2138622129436325,0.0901043841336116,0.0180375782881002,0.0630480167014613,0.0190396659707724,0.0141127348643006,0.2011691022964509,0.117391917293233,0.0996052631578947,0.0142293233082706,0.0,0.032015977443609,0.021343984962406,0.0,0.0284586466165413,0.1468531468531468,0.1818181818181818,0.0,0.0,0.0349650349650349,0.0419580419580419,0.0,0.0349650349650349,0.5728689275893676,0.5627864344637947,0.6223648029330889,0.692942254812099,0.7332722273143903,0.7525206232813932,0.6828597616865262,0.6296975252062328,16,,,,,,,,,,,,,,,,,,,,,,,,,,,,,,,,
0.1343632567849687,0.2114405010438413,0.0420041753653444,0.0303966597077244,0.0378288100208768,0.0730688935281837,0.0886847599164926,0.1780375782881002,0.1102772556390977,0.1138345864661654,0.0355733082706766,0.0,0.0142293233082706,0.021343984962406,0.042687969924812,0.0391306390977443,0.1818181818181818,0.1608391608391608,0.0699300699300699,0.0,0.0139860139860139,0.0279720279720279,0.0279720279720279,0.0209790209790209,0.608615948670944,0.5737855178735105,0.608615948670944,0.6516956920256646,0.6691109074243814,0.7076076993583869,0.6581118240146654,0.6214482126489459,16,,,,,,,,,,,,,,,,,,,,,,,,,,,,,,,,
0.163089770354906,0.1535699373695198,0.2683089770354906,0.0181210855949895,0.0410020876826722,0.0587891440501043,0.0326513569937369,0.4577870563674321,0.1529652255639097,0.1031625939849624,0.0071146616541353,0.0,0.0177866541353383,0.0498026315789473,0.0498026315789473,0.085375939849624,0.3006993006993007,0.1748251748251748,0.0,0.0,0.0209790209790209,0.0489510489510489,0.0,0.0419580419580419,0.5829514207149404,0.532538955087076,0.5682859761686526,0.6003666361136573,0.6452795600366636,0.6562786434463794,0.6287809349220899,0.5838680109990835,16,,,,,,,,,,,,,,,,,,,,,,,,,,,,,,,,
0.0673903966597077,0.1767849686847599,0.0471816283924843,0.0182881002087682,0.0399164926931106,0.0726513569937369,0.0207933194154488,0.0759081419624217,0.1458505639097744,0.1565225563909774,0.010671992481203,0.0035573308270676,0.021343984962406,0.021343984962406,0.032015977443609,0.0391306390977443,0.2517482517482518,0.3006993006993007,0.0,0.0,0.0209790209790209,0.0279720279720279,0.0209790209790209,0.0279720279720279,0.5206232813932172,0.4867094408799266,0.5132905591200734,0.5637030247479377,0.6168652612282309,0.6342804766269478,0.614115490375802,0.5536205316223648,16,,,,,,,,,,,,,,,,,,,,,,,,,,,,,,,,
0.2703131524008351,0.2042588726513569,0.2493528183716075,0.0151983298538622,0.0696450939457202,0.2531106471816284,0.0572025052192066,0.1786221294363256,0.117391917293233,0.1494078947368421,0.010671992481203,0.0,0.0177866541353383,0.0249013157894736,0.0284586466165413,0.0924906015037594,0.0769230769230769,0.2657342657342657,0.0069930069930069,0.0,0.0139860139860139,0.0279720279720279,0.0489510489510489,0.1678321678321678,0.5077910174152155,0.462878093492209,0.5105407882676444,0.5572868927589367,0.6223648029330889,0.6324472960586618,0.5912007332722273,0.5472043996333639,16,,,,,,,,,,,,,,,,,,,,,,,,,,,,,,,,
0.1018789144050104,0.2652192066805846,0.1058872651356993,0.0469311064718162,0.0787473903966597,0.1058872651356993,0.0254697286012526,0.0977870563674321,0.053359962406015,0.1849812030075188,0.021343984962406,0.0355733082706766,0.0249013157894736,0.042687969924812,0.021343984962406,0.117391917293233,0.0769230769230769,0.3146853146853147,0.0139860139860139,0.0069930069930069,0.0209790209790209,0.0489510489510489,0.0069930069930069,0.1538461538461538,0.4958753437213565,0.4610449129239229,0.53987167736022,0.6049495875343721,0.6425297891842346,0.69019248395967,0.6287809349220899,0.6260311640696609,16,,,,,,,,,,,,,,,,,,,,,,,,,,,,,,,,
0.1315240083507306,0.2421711899791232,0.028643006263048,0.0373277661795407,0.0656367432150313,0.1491440501043841,0.1746137787056367,0.1297703549060542,0.128063909774436,0.085375939849624,0.0071146616541353,0.0142293233082706,0.042687969924812,0.10671992481203,0.053359962406015,0.0355733082706766,0.1958041958041958,0.1468531468531468,0.0,0.0139860139860139,0.0629370629370629,0.1118881118881118,0.0909090909090909,0.0139860139860139,0.6076993583868011,0.5765352887259395,0.617781851512374,0.6709440879926672,0.5866177818515125,0.5710357470210815,0.5728689275893676,0.5857011915673694,16,,,,,,,,,,,,,,,,,,,,,,,,,,,,,,,,
0.2171189979123173,0.6015031315240084,0.0831732776617954,0.0243006263048016,0.0526096033402922,0.1665970772442588,0.1196659707724425,0.3868893528183716,0.1565225563909774,0.2027678571428571,0.021343984962406,0.0,0.032015977443609,0.0711466165413533,0.0711466165413533,0.053359962406015,0.3216783216783216,0.3076923076923077,0.0,0.0,0.0279720279720279,0.0769230769230769,0.0699300699300699,0.0909090909090909,0.5728689275893676,0.5618698441796517,0.5765352887259395,0.6003666361136573,0.616865261228231,0.6553620531622365,0.6452795600366636,0.5985334555453712,16,,,,,,,,,,,,,,,,,,,,,,,,,,,,,,,,
0.3412108559498956,0.2909394572025052,0.067223382045929,0.0211273486430062,0.068893528183716,0.0823382045929018,0.0903549060542797,0.1524843423799582,0.1529652255639097,0.1245065789473684,0.0035573308270676,0.0,0.042687969924812,0.0462453007518797,0.0675892857142857,0.0569172932330827,0.2517482517482518,0.2167832167832167,0.0069930069930069,0.0,0.0419580419580419,0.0699300699300699,0.0559440559440559,0.0769230769230769,0.5682859761686526,0.5307057745187901,0.5572868927589367,0.611365719523373,0.6269477543538039,0.6315307057745189,0.5563703024747938,0.5160403299725023,16,,,,,,,,,,,,,,,,,,,,,,,,,,,,,,,,
0.2262212943632567,0.253945720250522,0.0474321503131523,0.0202087682672233,0.2170354906054279,0.3584133611691023,0.1666805845511482,0.1951565762004175,0.117391917293233,0.1351785714285714,0.0177866541353383,0.0,0.0569172932330827,0.0996052631578947,0.0391306390977443,0.0391306390977443,0.1888111888111888,0.2447552447552447,0.0139860139860139,0.0,0.0629370629370629,0.0699300699300699,0.0349650349650349,0.0489510489510489,0.4949587534372135,0.5059578368469294,0.5499541704857929,0.6067827681026581,0.6507791017415215,0.6471127406049496,0.5664527956003667,0.5435380384967919,16,,,,,,,,,,,,,,,,,,,,,,,,,,,,,,,,
0.2426722338204592,0.2178705636743215,0.0675574112734864,0.0435908141962421,0.2084342379958246,0.1067223382045929,0.0928601252609603,0.0633820459290187,0.1031625939849624,0.1209492481203007,0.0249013157894736,0.0,0.085375939849624,0.0675892857142857,0.0391306390977443,0.0355733082706766,0.2237762237762237,0.2167832167832167,0.0139860139860139,0.0,0.1118881118881118,0.0559440559440559,0.0699300699300699,0.0279720279720279,0.4949587534372135,0.4857928505957837,0.5435380384967919,0.5802016498625114,0.6251145737855179,0.6498625114573785,0.615032080659945,0.5820348304307975,16,,,,,,,,,,,,,,,,,,,,,,,,,,,,,,,,
0.4369102296450939,0.4932776617954071,0.0444258872651356,0.0245511482254697,0.0855114822546972,0.1220876826722338,0.1000417536534446,0.3852192066805845,0.2525704887218045,0.1102772556390977,0.010671992481203,0.0,0.0462453007518797,0.0711475563909774,0.0996052631578947,0.053359962406015,0.4335664335664335,0.1048951048951049,0.0,0.0,0.0559440559440559,0.1188811188811188,0.0699300699300699,0.0839160839160839,0.5151237396883593,0.5096241979835014,0.5893675527039414,0.6636113657195234,0.7259395050412465,0.7736021998166819,0.7121906507791017,0.6626947754353805,16,,,,,,,,,,,,,,,,,,,,,,,,,,,,,,,,
0.2435908141962421,0.3144885177453027,0.0435908141962421,0.0273068893528183,0.0956993736951983,0.0946137787056367,0.2389144050104384,0.1643423799582463,0.128063909774436,0.1387359022556391,0.0,0.0,0.0391306390977443,0.0889332706766917,0.0177866541353383,0.0996052631578947,0.1958041958041958,0.2027972027972027,0.0,0.0,0.0419580419580419,0.0629370629370629,0.0139860139860139,0.1678321678321678,0.6168652612282309,0.5508707607699359,0.6681943171402384,0.7158570119156736,0.7745187901008248,0.8276810265811183,0.8130155820348303,0.6535288725939504,16,,,,,,,,,,,,,,,,,,,,,,,,,,,,,,,,
0.085929018789144,0.2211273486430063,0.0440918580375782,0.0423382045929018,0.0652192066805845,0.1531524008350731,0.0870146137787056,0.1378705636743215,0.0177866541353383,0.1209492481203007,0.0,0.0142293233082706,0.042687969924812,0.1138345864661654,0.0177866541353383,0.0996052631578947,0.0279720279720279,0.1958041958041958,0.0,0.0209790209790209,0.0419580419580419,0.1888111888111888,0.0069930069930069,0.0699300699300699,0.5728689275893675,0.5527039413382219,0.5939505041246563,0.6617781851512374,0.7222731439046746,0.7231897341888175,0.6828597616865262,0.6370302474793768,16,,,,,,,,,,,,,,,,,,,,,,,,,,,,,,,,
0.4571189979123173,0.249937369519833,0.0335699373695198,0.0248851774530271,0.1751148225469728,0.0829227557411273,0.0825052192066805,0.090438413361169,0.0889332706766917,0.1885385338345865,0.0,0.0142293233082706,0.0462453007518797,0.0249013157894736,0.0249013157894736,0.0177866541353383,0.1118881118881118,0.3426573426573426,0.0,0.0069930069930069,0.0349650349650349,0.0279720279720279,0.0349650349650349,0.0139860139860139,0.6306141154903758,0.5948670944087993,0.5866177818515125,0.6324472960586618,0.7021081576535289,0.6700274977085243,0.6040329972502292,0.5692025664527957,16,,,,,,,,,,,,,,,,,,,,,,,,,,,,,,,,
0.1160751565762004,0.1955741127348643,0.0065970772442588,0.0031732776617954,0.0455114822546972,0.2225469728601252,0.1061377870563674,0.1215866388308977,0.1671945488721804,0.021343984962406,0.0035573308270676,0.0,0.0284586466165413,0.0249013157894736,0.0462453007518797,0.053359962406015,0.2937062937062937,0.0139860139860139,0.0,0.0,0.0349650349650349,0.0139860139860139,0.0629370629370629,0.0909090909090909,0.5105407882676444,0.5041246562786436,0.5169569202566453,0.5637030247479377,0.6351970669110908,0.6599450045829515,0.6260311640696609,0.5747021081576534,16,,,,,,,,,,,,,,,,,,,,,,,,,,,,,,,,
0.4126096033402923,0.370187891440501,0.0250521920668058,0.0046764091858037,0.0791649269311064,0.1455532359081419,0.008768267223382,0.2509394572025052,0.1102772556390977,0.096047932330827,0.0,0.0,0.0249013157894736,0.021343984962406,0.0,0.0249013157894736,0.1958041958041958,0.1398601398601398,0.0,0.0,0.0139860139860139,0.0349650349650349,0.0,0.0349650349650349,0.5572868927589367,0.533455545371219,0.545371219065078,0.608615948670944,0.6324472960586618,0.617781851512374,0.5783684692942255,0.5637030247479377,16,,,,,,,,,,,,,,,,,,,,,,,,,,,,,,,,
0.1749478079331941,0.1579123173277661,0.048768267223382,0.0281419624217118,0.1126513569937369,0.0915240083507307,0.0435073068893528,0.0563674321503131,0.0711466165413533,0.1458505639097744,0.0071146616541353,0.0035573308270676,0.0355733082706766,0.0355733082706766,0.0035573308270676,0.0498026315789473,0.0839160839160839,0.2657342657342657,0.0,0.0,0.0419580419580419,0.0209790209790209,0.0,0.0209790209790209,0.5545371219065078,0.5618698441796517,0.5756186984417965,0.6012832263978002,0.6434463794683776,0.6736938588450962,0.6645279560036664,0.6388634280476627,16,,,,,,,,,,,,,,,,,,,,,,,,,,,,,,,,
0.275991649269311,0.2492693110647182,0.0483507306889352,0.0071816283924843,0.0401670146137786,0.0959498956158663,0.050187891440501,0.0541127348643006,0.1494078947368421,0.0711466165413533,0.0355733082706766,0.0,0.0035573308270676,0.0711466165413533,0.0142293233082706,0.1316212406015037,0.2377622377622377,0.1188811188811188,0.0699300699300699,0.0,0.0,0.0979020979020979,0.0209790209790209,0.2027972027972027,0.614115490375802,0.5939505041246563,0.6168652612282309,0.688359303391384,0.7488542621448213,0.7415215398716773,0.6828597616865262,0.5902841429880844,16,,,,,,,,,,,,,,,,,,,,,,,,,,,,,,,,
0.5382881002087683,0.3649269311064718,0.2109394572025052,0.191732776617954,0.2035908141962421,0.210187891440501,0.0754906054279749,0.1513987473903966,0.1245065789473684,0.10671992481203,0.010671992481203,0.0,0.021343984962406,0.0604746240601503,0.0604746240601503,0.0249013157894736,0.2657342657342657,0.2587412587412587,0.0,0.0,0.0209790209790209,0.1188811188811188,0.0209790209790209,0.0279720279720279,0.4445462878093492,0.4509624197983501,0.46012832263978,0.5041246562786436,0.5820348304307975,0.5930339138405133,0.5545371219065078,0.5187901008249313,42,,,,,,,,,,,,,,,,,,,,,,,,,,,,,,,,
0.32,0.2091022964509394,0.1924843423799582,0.1300208768267223,0.1615866388308977,0.1772025052192066,0.208517745302714,0.3806263048016701,0.0924906015037594,0.1031625939849624,0.0284586466165413,0.0,0.010671992481203,0.0249013157894736,0.0035573308270676,0.0604746240601503,0.1748251748251748,0.2587412587412587,0.0209790209790209,0.0,0.0139860139860139,0.0279720279720279,0.0,0.1328671328671328,0.5059578368469294,0.4995417048579285,0.4757103574702108,0.4060494958753436,0.4262144821264894,0.4656278643446379,0.4225481209899175,0.3492208982584784,15,,,,,,,,,,,,,,,,,,,,,,,,,,,,,,,,
0.445929018789144,0.3106471816283925,0.2333194154488517,0.2293945720250522,0.2756576200417536,0.1559081419624217,0.0926931106471816,0.1407933194154488,0.1102772556390977,0.0889332706766917,0.0604746240601503,0.0,0.0177866541353383,0.0249013157894736,0.0604746240601503,0.0355733082706766,0.1888111888111888,0.2097902097902098,0.0979020979020979,0.0,0.0139860139860139,0.0489510489510489,0.0209790209790209,0.0629370629370629,0.3327222731439047,0.304307974335472,0.3703024747937672,0.4381301558203483,0.4674610449129239,0.46012832263978,0.4344637946837764,0.384967919340055,15,,,,,,,,,,,,,,,,,,,,,,,,,,,,,,,,
0.4100208768267223,0.4504384133611691,0.1531524008350731,0.2245511482254697,0.307473903966597,0.1708559498956158,0.1192484342379958,0.1573277661795407,0.0782612781954887,0.1494078947368421,0.0142293233082706,0.0,0.0177866541353383,0.0391306390977443,0.0142293233082706,0.0498026315789473,0.1328671328671328,0.3706293706293706,0.0,0.0,0.0139860139860139,0.0489510489510489,0.0,0.0769230769230769,0.3455545371219065,0.3510540788267644,0.3996333638863428,0.4390467461044913,0.4876260311640696,0.4885426214482126,0.454628780934922,0.3923006416131989,42,,,,,,,,,,,,,,,,,,,,,,,,,,,,,,,,
0.0937787056367432,0.4223799582463465,0.3290187891440501,0.2255532359081419,0.2263048016701461,0.1865553235908142,0.0616283924843423,0.084509394572025,0.1245065789473684,0.0996052631578947,0.0,0.0,0.0071146616541353,0.0462453007518797,0.0071146616541353,0.064031954887218,0.3216783216783216,0.1258741258741259,0.0,0.0,0.0,0.0769230769230769,0.0069930069930069,0.1538461538461538,0.3418881759853345,0.3373052245646196,0.3904674610449129,0.4518790100824931,0.4995417048579285,0.5178735105407883,0.4683776351970669,0.3858845096241979,15,,,,,,,,,,,,,,,,,,,,,,,,,,,,,,,,
0.1184968684759916,0.2933611691022964,0.3152400835073068,0.21419624217119,0.2455949895615866,0.1923173277661795,0.0545302713987473,0.0349060542797494,0.1458505639097744,0.0462453007518797,0.0071146616541353,0.0,0.0177866541353383,0.0249013157894736,0.0,0.0142293233082706,0.2657342657342657,0.1188811188811188,0.0069930069930069,0.0,0.0139860139860139,0.0279720279720279,0.0,0.0069930069930069,0.3464711274060494,0.3143904674610449,0.3666361136571952,0.4839596700274977,0.5288725939505041,0.536205316223648,0.4977085242896426,0.4454628780934921,15,,,,,,,,,,,,,,,,,,,,,,,,,,,,,,,,
0.0281419624217118,0.2567014613778705,0.1905636743215031,0.1956576200417536,0.2092693110647181,0.144384133611691,0.0202922755741127,0.0052609603340292,0.074703947368421,0.0675892857142857,0.0142293233082706,0.0035573308270676,0.0,0.0604746240601503,0.0,0.0,0.1608391608391608,0.1748251748251748,0.0069930069930069,0.0,0.0,0.1118881118881118,0.0,0.0,0.3895508707607699,0.3748854262144821,0.4307974335472044,0.53987167736022,0.5600366636113657,0.5572868927589367,0.4949587534372135,0.4702108157653529,16,,,,,,,,,,,,,,,,,,,,,,,,,,,,,,,,
0.0117745302713987,0.2038413361169102,0.1777870563674321,0.0977035490605428,0.170187891440501,0.1302713987473904,0.0479331941544885,0.0867640918580375,0.021343984962406,0.1316212406015037,0.0071146616541353,0.0,0.0071146616541353,0.0142293233082706,0.0249013157894736,0.053359962406015,0.0349650349650349,0.2727272727272727,0.0,0.0,0.0,0.0349650349650349,0.0139860139860139,0.0909090909090909,0.4802933088909258,0.4344637946837764,0.4912923923006416,0.5857011915673694,0.6168652612282309,0.6480293308890925,0.5572868927589367,0.5527039413382219,16,,,,,,,,,,,,,,,,,,,,,,,,,,,,,,,,
0.262964509394572,0.2284759916492693,0.058956158663883,0.0076826722338204,0.1205010438413361,0.1332776617954071,0.1994989561586638,0.2103549060542797,0.085375939849624,0.1138345864661654,0.0391306390977443,0.0,0.0142293233082706,0.0462453007518797,0.064031954887218,0.053359962406015,0.1608391608391608,0.2587412587412587,0.0629370629370629,0.0,0.0,0.0909090909090909,0.1048951048951049,0.0769230769230769,0.5279560036663611,0.4683776351970669,0.5022914757103575,0.5435380384967919,0.6278643446379469,0.6681943171402384,0.6324472960586618,0.5857011915673694,43,,,,,,,,,,,,,,,,,,,,,,,,,,,,,,,,
0.2312317327766179,0.1866388308977035,0.0613778705636743,0.0551148225469728,0.1297703549060542,0.0703966597077244,0.0860125260960334,0.2131106471816284,0.1707518796992481,0.1209492481203007,0.0142293233082706,0.0,0.021343984962406,0.0284586466165413,0.0071146616541353,0.0711466165413533,0.3216783216783216,0.2447552447552447,0.0069930069930069,0.0,0.0209790209790209,0.0419580419580419,0.0069930069930069,0.1258741258741259,0.535288725939505,0.5279560036663611,0.5261228230980751,0.5435380384967919,0.5087076076993584,0.5022914757103575,0.5059578368469294,0.4839596700274977,42,,,,,,,,,,,,,,,,,,,,,,,,,,,,,,,,
0.3995824634655532,0.2361586638830898,0.4147807933194154,0.1102296450939457,0.1876409185803757,0.093027139874739,0.0096033402922755,0.0780793319415448,0.1209492481203007,0.1494078947368421,0.010671992481203,0.0,0.021343984962406,0.032015977443609,0.0035573308270676,0.021343984962406,0.2027972027972027,0.2867132867132867,0.0,0.0,0.0279720279720279,0.0559440559440559,0.0,0.0279720279720279,0.4564619615032081,0.4564619615032081,0.4857928505957837,0.5646196150320807,0.6058661778185152,0.5499541704857929,0.5050412465627865,0.4702108157653529,42,,,,,,,,,,,,,,,,,,,,,,,,,,,,,,,,
0.23741127348643,0.2349060542797494,0.0122755741127348,0.1317745302713987,0.1844676409185804,0.0891022964509394,0.0514405010438413,0.3262630480167015,0.0996052631578947,0.1209492481203007,0.0035573308270676,0.0035573308270676,0.0177866541353383,0.0284586466165413,0.064031954887218,0.021343984962406,0.2167832167832167,0.2657342657342657,0.0,0.0,0.0209790209790209,0.0489510489510489,0.0209790209790209,0.0209790209790209,0.4436296975252062,0.4216315307057745,0.4582951420714941,0.4967919340054995,0.5554537121906509,0.5875343721356554,0.545371219065078,0.5151237396883593,42,,,,,,,,,,,,,,,,,,,,,,,,,,,,,,,,
0.2330688935281837,0.2498538622129436,0.1034655532359081,0.1748643006263047,0.1335281837160751,0.2106054279749478,0.3382045929018789,0.0579540709812108,0.1102772556390977,0.1351785714285714,0.0142293233082706,0.0,0.0,0.042687969924812,0.0675892857142857,0.0142293233082706,0.2307692307692307,0.2727272727272727,0.0,0.0,0.0,0.0559440559440559,0.0419580419580419,0.0069930069930069,0.4637946837763519,0.4344637946837764,0.4876260311640696,0.5242896425297892,0.5756186984417965,0.613198900091659,0.535288725939505,0.5270394133822182,42,,,,,,,,,,,,,,,,,,,,,,,,,,,,,,,,
0.0833402922755741,0.1488100208768267,0.1270981210855949,0.124258872651357,0.1370354906054279,0.2188726513569937,0.6438413361169102,0.1186638830897703,0.0284586466165413,0.0782612781954887,0.010671992481203,0.0,0.0142293233082706,0.1422932330827067,0.128063909774436,0.0355733082706766,0.0559440559440559,0.1538461538461538,0.0139860139860139,0.0,0.0,0.3076923076923077,0.1258741258741259,0.0349650349650349,0.4711274060494959,0.4665444546287809,0.4775435380384968,0.5499541704857929,0.6031164069660861,0.6223648029330889,0.5838680109990835,0.538955087076077,16,,,,,,,,,,,,,,,,,,,,,,,,,,,,,,,,
0.0352400835073068,0.2031732776617954,0.1134029227557411,0.1179123173277661,0.1893945720250522,0.1663465553235908,0.10321503131524,0.075991649269311,0.042687969924812,0.0924906015037594,0.0284586466165413,0.0,0.0284586466165413,0.021343984962406,0.010671992481203,0.032015977443609,0.0699300699300699,0.2167832167832167,0.0209790209790209,0.0,0.0279720279720279,0.0279720279720279,0.0209790209790209,0.0349650349650349,0.5105407882676444,0.4702108157653529,0.4702108157653529,0.5050412465627865,0.608615948670944,0.5811182401466545,0.5197066911090742,0.4647112740604949,16,,,,,,,,,,,,,,,,,,,,,,,,,,,,,,,,
0.1946555323590814,0.1882254697286012,0.1728601252609603,0.1569937369519833,0.2386638830897703,0.1520668058455114,0.1137369519832985,0.1650104384133611,0.1671945488721804,0.0498026315789473,0.0142293233082706,0.0,0.021343984962406,0.0355733082706766,0.0071146616541353,0.042687969924812,0.3286713286713286,0.1118881118881118,0.0139860139860139,0.0,0.0209790209790209,0.0699300699300699,0.0419580419580419,0.0629370629370629,0.3730522456461961,0.3684692942254812,0.4234647112740605,0.4931255728689276,0.5123739688359303,0.4711274060494959,0.4335472043996333,0.4252978918423464,15,,,,,,,,,,,,,,,,,,,,,,,,,,,,,,,,
0.2794154488517745,0.3812108559498955,0.1941544885177452,0.1678496868475991,0.2325678496868476,0.1675156576200417,0.1362839248434238,0.3356993736951983,0.0996052631578947,0.1316212406015037,0.0035573308270676,0.0035573308270676,0.0177866541353383,0.0391306390977443,0.0604746240601503,0.0498026315789473,0.2307692307692307,0.2797202797202797,0.0,0.0069930069930069,0.0209790209790209,0.0769230769230769,0.1398601398601398,0.0909090909090909,0.4252978918423464,0.4234647112740605,0.4234647112740605,0.4958753437213565,0.5435380384967919,0.5646196150320807,0.533455545371219,0.4298808432630614,15,,,,,,,,,,,,,,,,,,,,,,,,,,,,,,,,
0.378705636743215,0.2999582463465553,0.2534446764091858,0.1782045929018789,0.2091022964509394,0.2108559498956158,0.0959498956158663,0.128768267223382,0.1209492481203007,0.0675892857142857,0.064031954887218,0.0,0.021343984962406,0.032015977443609,0.010671992481203,0.021343984962406,0.2027972027972027,0.1048951048951049,0.1328671328671328,0.0,0.0139860139860139,0.0489510489510489,0.0069930069930069,0.0209790209790209,0.3739688359303392,0.4188817598533456,0.4775435380384968,0.5554537121906509,0.5875343721356554,0.541704857928506,0.4692942254812098,0.4527956003666362,42,,,,,,,,,,,,,,,,,,,,,,,,,,,,,,,,
0.2761586638830897,0.2851774530271398,0.127348643006263,0.1771189979123173,0.1573277661795407,0.0898538622129436,0.0132776617954071,0.0872651356993736,0.096047932330827,0.085375939849624,0.0071146616541353,0.0071146616541353,0.0177866541353383,0.032015977443609,0.021343984962406,0.021343984962406,0.1818181818181818,0.1678321678321678,0.0,0.0,0.0279720279720279,0.0279720279720279,0.0419580419580419,0.0209790209790209,0.4931255728689276,0.459211732355637,0.4995417048579285,0.5545371219065078,0.612282309807516,0.6095325389550871,0.5664527956003667,0.4876260311640696,42,,,,,,,,,,,,,,,,,,,,,,,,,,,,,,,,
0.14321503131524,0.2213778705636743,0.0545302713987473,0.1508977035490605,0.2515240083507307,0.1387891440501043,0.1261795407098121,0.2434237995824634,0.0818186090225564,0.1565225563909774,0.010671992481203,0.0,0.0071146616541353,0.0569172932330827,0.0675892857142857,0.1031625939849624,0.1328671328671328,0.3286713286713286,0.0,0.0,0.0,0.0629370629370629,0.1258741258741259,0.1538461538461538,0.4097158570119156,0.3904674610449129,0.4500458295142071,0.5380384967919339,0.5829514207149404,0.5655362053162236,0.5508707607699359,0.5380384967919339,42,,,,,,,,,,,,,,,,,,,,,,,,,,,,,,,,
0.1407098121085595,0.164509394572025,0.0593736951983298,0.1077244258872651,0.0608768267223382,0.1042171189979123,0.3367849686847599,0.4477661795407098,0.117391917293233,0.064031954887218,0.0177866541353383,0.0,0.0071146616541353,0.0284586466165413,0.1600798872180451,0.0569172932330827,0.2657342657342657,0.1398601398601398,0.0209790209790209,0.0,0.0,0.0419580419580419,0.1328671328671328,0.0209790209790209,0.5279560036663611,0.5178735105407883,0.5582034830430798,0.6471127406049496,0.6782768102658111,0.6351970669110908,0.5765352887259395,0.5820348304307975,43,,,,,,,,,,,,,,,,,,,,,,,,,,,,,,,,
0.1907306889352818,0.1503966597077244,0.0382463465553235,0.0091022964509394,0.0334029227557411,0.0545302713987473,0.3947390396659708,0.1137369519832985,0.074703947368421,0.117391917293233,0.010671992481203,0.0,0.0177866541353383,0.074703947368421,0.0498026315789473,0.021343984962406,0.1398601398601398,0.2447552447552447,0.0,0.0,0.0139860139860139,0.0629370629370629,0.0489510489510489,0.0209790209790209,0.5692025664527957,0.544454628780935,0.5948670944087993,0.6278643446379469,0.6168652612282309,0.5967002749770853,0.5536205316223648,0.5545371219065078,43,,,,,,,,,,,,,,,,,,,,,,,,,,,,,,,,
0.3007933194154489,0.2045929018789144,0.0767432150313152,0.0167849686847599,0.081670146137787,0.1021294363256784,0.0174530271398747,0.1413778705636743,0.1138345864661654,0.1458505639097744,0.0071146616541353,0.0,0.0284586466165413,0.021343984962406,0.0,0.0249013157894736,0.2097902097902098,0.3216783216783216,0.0,0.0,0.0349650349650349,0.0069930069930069,0.0,0.0489510489510489,0.5481209899175069,0.5206232813932172,0.5270394133822182,0.5930339138405133,0.5783684692942255,0.5545371219065078,0.5279560036663611,0.541704857928506,42,,,,,,,,,,,,,,,,,,,,,,,,,,,,,,,,
0.2253862212943632,0.2184551148225469,0.138705636743215,0.090438413361169,0.1650939457202505,0.1123173277661795,0.1091440501043841,0.1463048016701461,0.0889332706766917,0.1814238721804511,0.0,0.0,0.0249013157894736,0.0177866541353383,0.0071146616541353,0.0177866541353383,0.1608391608391608,0.3566433566433566,0.0,0.0,0.0209790209790209,0.0139860139860139,0.0,0.0209790209790209,0.5380384967919339,0.5380384967919339,0.5380384967919339,0.5682859761686526,0.5875343721356554,0.6049495875343721,0.613198900091659,0.5829514207149404,42,,,,,,,,,,,,,,,,,,,,,,,,,,,,,,,,
0.2318162839248434,0.388643006263048,0.1267640918580375,0.0794989561586638,0.1712734864300626,0.1505636743215031,0.0689770354906054,0.1869728601252609,0.0889332706766917,0.1209492481203007,0.010671992481203,0.0,0.0249013157894736,0.053359962406015,0.0071146616541353,0.0462453007518797,0.0909090909090909,0.2587412587412587,0.0069930069930069,0.0,0.0139860139860139,0.0769230769230769,0.0,0.0279720279720279,0.537121906507791,0.5142071494042164,0.5050412465627865,0.5169569202566453,0.5756186984417965,0.617781851512374,0.5719523373052245,0.5077910174152155,42,,,,,,,,,,,,,,,,,,,,,,,,,,,,,,,,
0.3240918580375783,0.2490187891440501,0.1326096033402923,0.1767849686847599,0.1466388308977035,0.1667640918580375,0.0275574112734864,0.0338204592901878,0.0498026315789473,0.1458505639097744,0.010671992481203,0.0035573308270676,0.010671992481203,0.0569172932330827,0.0142293233082706,0.0071146616541353,0.0979020979020979,0.2867132867132867,0.0,0.0,0.0139860139860139,0.0839160839160839,0.0,0.0139860139860139,0.4509624197983501,0.462878093492209,0.4940421631530706,0.5554537121906509,0.5985334555453712,0.5811182401466545,0.542621448212649,0.5105407882676444,42,,,,,,,,,,,,,,,,,,,,,,,,,,,,,,,,
0.3561586638830897,0.3366179540709812,0.0610438413361169,0.0171189979123173,0.0334864300626304,0.2210438413361169,0.2828392484342379,0.2237160751565761,0.0818186090225564,0.1636372180451128,0.0071146616541353,0.0,0.0177866541353383,0.0889332706766917,0.0498026315789473,0.0177866541353383,0.1048951048951049,0.3146853146853147,0.0,0.0,0.0139860139860139,0.1608391608391608,0.0559440559440559,0.0,0.4949587534372135,0.4977085242896426,0.5169569202566453,0.5664527956003667,0.5719523373052245,0.6058661778185152,0.5847846012832265,0.5499541704857929,42,,,,,,,,,,,,,,,,,,,,,,,,,,,,,,,,
0.2399164926931106,0.4135281837160752,0.1250104384133611,0.1291858037578288,0.1296868475991649,0.0966179540709812,0.0349060542797494,0.0541962421711899,0.1671945488721804,0.1316212406015037,0.010671992481203,0.0,0.0035573308270676,0.0391306390977443,0.0498026315789473,0.0177866541353383,0.2237762237762237,0.1818181818181818,0.0,0.0,0.0,0.0419580419580419,0.0909090909090909,0.0349650349650349,0.5435380384967919,0.5224564619615032,0.542621448212649,0.5591200733272228,0.5921173235563704,0.6012832263978002,0.5902841429880844,0.544454628780935,42,,,,,,,,,,,,,,,,,,,,,,,,,,,,,,,,
0.0683089770354906,0.187223382045929,0.1600835073068893,0.0982045929018789,0.1233402922755741,0.1759498956158663,0.3615031315240083,0.1541544885177453,0.0391306390977443,0.0711466165413533,0.021343984962406,0.0,0.0035573308270676,0.0996052631578947,0.053359962406015,0.010671992481203,0.0769230769230769,0.1538461538461538,0.0209790209790209,0.0,0.0,0.0909090909090909,0.0559440559440559,0.0069930069930069,0.5068744271310724,0.4766269477543539,0.4720439963336389,0.5004582951420715,0.6021998166819431,0.6040329972502292,0.5508707607699359,0.5114573785517874,16,,,,,,,,,,,,,,,,,,,,,,,,,,,,,,,,
0.4488517745302714,0.7851356993736952,0.1737787056367432,0.1341962421711899,0.1745302713987473,0.1155741127348643,0.0425887265135699,0.1027974947807933,0.3308317669172932,0.1316212406015037,0.010671992481203,0.0035573308270676,0.0142293233082706,0.021343984962406,0.0,0.0177866541353383,0.5034965034965035,0.2307692307692307,0.0,0.0,0.0209790209790209,0.0209790209790209,0.0,0.0139860139860139,0.4977085242896426,0.4903758020164986,0.4894592117323556,0.5499541704857929,0.5710357470210815,0.5646196150320807,0.5435380384967919,0.462878093492209,42,,,,,,,,,,,,,,,,,,,,,,,,,,,,,,,,
0.0527766179540709,0.1569102296450939,0.1458872651356993,0.1528183716075156,0.1893110647181628,0.2025887265135699,0.1078914405010438,0.1010438413361169,0.0,0.042687969924812,0.0,0.0,0.010671992481203,0.021343984962406,0.0142293233082706,0.0,0.0,0.0769230769230769,0.0,0.0,0.0069930069930069,0.0349650349650349,0.0,0.0,0.4289642529789184,0.4344637946837764,0.4610449129239229,0.5261228230980751,0.5646196150320807,0.5820348304307975,0.531622364802933,0.4848762603116406,16,,,,,,,,,,,,,,,,,,,,,,,,,,,,,,,,
0.1043006263048016,0.1569937369519833,0.144384133611691,0.1496450939457202,0.1512317327766179,0.1704384133611691,0.1160751565762004,0.2086012526096033,0.0177866541353383,0.0604746240601503,0.0,0.0,0.0035573308270676,0.0177866541353383,0.010671992481203,0.0249013157894736,0.0279720279720279,0.0979020979020979,0.0,0.0,0.0,0.0209790209790209,0.0,0.0419580419580419,0.462878093492209,0.4472960586617781,0.4555453712190651,0.4802933088909258,0.4903758020164986,0.5261228230980751,0.5105407882676444,0.4775435380384968,16,,,,,,,,,,,,,,,,,,,,,,,,,,,,,,,,
0.1430480167014614,0.1267640918580375,0.10580375782881,0.1592484342379958,0.191482254697286,0.157745302713981,0.1193319415448851,0.0648016701461377,0.042687969924812,0.010671992481203,0.0035573308270676,0.0035573308270676,0.0071146616541353,0.021343984962406,0.010671992481203,0.0071146616541353,0.0909090909090909,0.0,0.0,0.0,0.0,0.0279720279720279,0.0139860139860139,0.0069930069930069,0.4967919340054995,0.4766269477543537,0.4683776351970669,0.5142071494042164,0.5857011915673694,0.5774518790100824,0.5472043996333639,0.5077910174152155,16,,,,,,,,,,,,,,,,,,,,,,,,,,,,,,,,
0.1070563674321503,0.1115657620041753,0.1078079331941544,0.1773695198329853,0.1851356993736952,0.1300208768267223,0.138956158663883,0.0307306889352818,0.0249013157894736,0.0391306390977443,0.0035573308270676,0.0,0.010671992481203,0.0071146616541353,0.0142293233082706,0.0071146616541353,0.0419580419580419,0.0769230769230769,0.0,0.0,0.0209790209790209,0.0,0.0139860139860139,0.0,0.4821264894592117,0.4482126489459211,0.4720439963336389,0.534372135655362,0.6040329972502292,0.6067827681026581,0.5692025664527957,0.4702108157653529,16,,,,,,,,,,,,,,,,,,,,,,,,,,,,,,,,
0.1360334029227557,0.1381210855949895,0.1308559498956158,0.1686012526096033,0.1884759916492693,0.1225887265135699,0.0707306889352818,0.0549478079331941,0.0284586466165413,0.0355733082706766,0.0035573308270676,0.0,0.0035573308270676,0.0071146616541353,0.0071146616541353,0.010671992481203,0.0629370629370629,0.0769230769230769,0.0,0.0,0.0,0.0139860139860139,0.0069930069930069,0.0,0.4252978918423464,0.4014665444546287,0.4931255728689276,0.5985334555453712,0.6425297891842346,0.6608615948670944,0.6058661778185152,0.5618698441796517,16,,,,,,,,,,,,,,,,,,,,,,,,,,,,,,,,
0.0688100208768267,0.0590396659707724,0.0111064718162839,0.1121503131524008,0.1181628392484342,0.2436743215031315,0.0084342379958246,0.125678496868476,0.0142293233082706,0.0462453007518797,0.0071146616541353,0.0,0.010671992481203,0.0355733082706766,0.0,0.0142293233082706,0.0279720279720279,0.0839160839160839,0.0,0.0,0.0139860139860139,0.0139860139860139,0.0,0.0209790209790209,0.4977085242896426,0.4839596700274977,0.5563703024747938,0.6196150320806599,0.6764436296975253,0.7131072410632449,0.6645279560036663,0.6251145737855179,16,,,,,,,,,,,,,,,,,,,,,,,,,,,,,,,,
0.1347807933194154,0.0641336116910229,0.0133611691022964,0.0086012526096033,0.0121085594989561,0.1566597077244259,0.5484759916492693,0.1407933194154488,0.0249013157894736,0.042687969924812,0.0071146616541353,0.0,0.0,0.2276691729323308,0.0569172932330827,0.053359962406015,0.0349650349650349,0.0839160839160839,0.0,0.0,0.0,0.3216783216783216,0.0419580419580419,0.0909090909090909,0.5572868927589367,0.5600366636113657,0.5875343721356554,0.6562786434463794,0.7314390467461045,0.7231897341888175,0.6196150320806599,0.5747021081576534,43,,,,,,,,,,,,,,,,,,,,,,,,,,,,,,,,
0.3634237995824635,0.1372025052192066,0.0145302713987473,0.0142797494780793,0.0634655532359081,0.0642171189979123,0.1008768267223381,0.0212943632567849,0.1316212406015037,0.0249013157894736,0.0,0.0,0.0035573308270676,0.0355733082706766,0.0249013157894736,0.0284586466165413,0.2377622377622377,0.0139860139860139,0.0,0.0,0.0,0.0349650349650349,0.0349650349650349,0.0629370629370629,0.5279560036663611,0.4857928505957837,0.4995417048579284,0.53987167736022,0.5737855178735105,0.5682859761686526,0.527039413382218,0.5004582951420715,42,,,,,,,,,,,,,,,,,,,,,,,,,,,,,,,,
0.1380375782881002,0.5594989561586639,0.1820459290187891,0.2033402922755741,0.1877244258872651,0.1263465553235908,0.0692275574112734,0.0227139874739039,0.1707518796992481,0.1422932330827067,0.010671992481203,0.0,0.021343984962406,0.0142293233082706,0.0249013157894736,0.0177866541353383,0.2587412587412587,0.2797202797202797,0.0,0.0,0.0209790209790209,0.0559440559440559,0.0629370629370629,0.0139860139860139,0.4775435380384968,0.4637946837763519,0.4912923923006416,0.5288725939505041,0.5646196150320807,0.5875343721356554,0.5582034830430798,0.4967919340054995,42,,,,,,,,,,,,,,,,,,,,,,,,,,,,,,,,
0.1807933194154488,0.4758246346555323,0.1505636743215031,0.1535699373695198,0.1969937369519833,0.0678079331941544,0.0116910229645093,0.0783298538622129,0.1956531954887218,0.1351785714285714,0.0142293233082706,0.0,0.032015977443609,0.0284586466165413,0.0,0.021343984962406,0.3566433566433566,0.2587412587412587,0.0069930069930069,0.0,0.0279720279720279,0.0209790209790209,0.0,0.0139860139860139,0.4289642529789184,0.3996333638863428,0.4986251145737855,0.5508707607699359,0.5921173235563704,0.6351970669110908,0.5847846012832264,0.5233730522456461,42,,,,,,,,,,,,,,,,,,,,,,,,,,,,,,,,
0.174446764091858,0.1278496868475991,0.0941127348643006,0.0683089770354906,0.165929018789144,0.0869311064718162,0.0691440501043841,0.0206263048016701,0.0284586466165413,0.1387359022556391,0.0996052631578947,0.0,0.0,0.0355733082706766,0.0355733082706766,0.1138345864661654,0.0279720279720279,0.2027972027972027,0.2027972027972027,0.0,0.0,0.0279720279720279,0.0629370629370629,0.0349650349650349,0.4812098991750687,0.4491292392300642,0.5664527956003667,0.6251145737855179,0.6966086159486709,0.7323556370302474,0.6764436296975253,0.6104491292392301,43,,,,,,,,,,,,,,,,,,,,,,,,,,,,,,,,
0.1129853862212943,0.2129436325678496,0.0519415448851774,0.0155323590814196,0.0620459290187891,0.102964509394572,0.0228810020876826,0.0491858037578288,0.0569172932330827,0.1245065789473684,0.0142293233082706,0.0,0.021343984962406,0.0711466165413533,0.0071146616541353,0.021343984962406,0.1048951048951049,0.2587412587412587,0.0,0.0,0.0209790209790209,0.0769230769230769,0.0,0.0279720279720279,0.5536205316223648,0.4995417048579285,0.6067827681026581,0.6782768102658112,0.7167736021998166,0.7378551787351053,0.6975252062328139,0.6526122823098075,43,,,,,,,,,,,,,,,,,,,,,,,,,,,,,,,,
0.2438413361169102,0.2138622129436325,0.0901043841336116,0.0180375782881002,0.0630480167014613,0.0190396659707724,0.0141127348643006,0.2011691022964509,0.117391917293233,0.0996052631578947,0.0142293233082706,0.0,0.032015977443609,0.021343984962406,0.0,0.0284586466165413,0.1468531468531468,0.1818181818181818,0.0,0.0,0.0349650349650349,0.0419580419580419,0.0,0.0349650349650349,0.5728689275893676,0.5627864344637947,0.6223648029330889,0.692942254812099,0.7332722273143903,0.7525206232813932,0.6828597616865262,0.6296975252062328,43,,,,,,,,,,,,,,,,,,,,,,,,,,,,,,,,
0.1343632567849687,0.2114405010438413,0.0420041753653444,0.0303966597077244,0.0378288100208768,0.0730688935281837,0.0886847599164926,0.1780375782881002,0.1102772556390977,0.1138345864661654,0.0355733082706766,0.0,0.0142293233082706,0.021343984962406,0.042687969924812,0.0391306390977443,0.1818181818181818,0.1608391608391608,0.0699300699300699,0.0,0.0139860139860139,0.0279720279720279,0.0279720279720279,0.0209790209790209,0.608615948670944,0.5737855178735105,0.608615948670944,0.6516956920256646,0.6691109074243814,0.7076076993583869,0.6581118240146654,0.6214482126489459,43,,,,,,,,,,,,,,,,,,,,,,,,,,,,,,,,
0.163089770354906,0.1535699373695198,0.2683089770354906,0.0181210855949895,0.0410020876826722,0.0587891440501043,0.0326513569937369,0.4577870563674321,0.1529652255639097,0.1031625939849624,0.0071146616541353,0.0,0.0177866541353383,0.0498026315789473,0.0498026315789473,0.085375939849624,0.3006993006993007,0.1748251748251748,0.0,0.0,0.0209790209790209,0.0489510489510489,0.0,0.0419580419580419,0.5829514207149404,0.532538955087076,0.5682859761686526,0.6003666361136573,0.6452795600366636,0.6562786434463794,0.6287809349220899,0.5838680109990835,43,,,,,,,,,,,,,,,,,,,,,,,,,,,,,,,,
0.0673903966597077,0.1767849686847599,0.0471816283924843,0.0182881002087682,0.0399164926931106,0.0726513569937369,0.0207933194154488,0.0759081419624217,0.1458505639097744,0.1565225563909774,0.010671992481203,0.0035573308270676,0.021343984962406,0.021343984962406,0.032015977443609,0.0391306390977443,0.2517482517482518,0.3006993006993007,0.0,0.0,0.0209790209790209,0.0279720279720279,0.0209790209790209,0.0279720279720279,0.5206232813932172,0.4867094408799266,0.5132905591200734,0.5637030247479377,0.6168652612282309,0.6342804766269478,0.614115490375802,0.5536205316223648,43,,,,,,,,,,,,,,,,,,,,,,,,,,,,,,,,
0.2703131524008351,0.2042588726513569,0.2493528183716075,0.0151983298538622,0.0696450939457202,0.2531106471816284,0.0572025052192066,0.1786221294363256,0.117391917293233,0.1494078947368421,0.010671992481203,0.0,0.0177866541353383,0.0249013157894736,0.0284586466165413,0.0924906015037594,0.0769230769230769,0.2657342657342657,0.0069930069930069,0.0,0.0139860139860139,0.0279720279720279,0.0489510489510489,0.1678321678321678,0.5077910174152155,0.462878093492209,0.5105407882676444,0.5572868927589367,0.6223648029330889,0.6324472960586618,0.5912007332722273,0.5472043996333639,42,,,,,,,,,,,,,,,,,,,,,,,,,,,,,,,,
0.1018789144050104,0.2652192066805846,0.1058872651356993,0.0469311064718162,0.0787473903966597,0.1058872651356993,0.0254697286012526,0.0977870563674321,0.053359962406015,0.1849812030075188,0.021343984962406,0.0355733082706766,0.0249013157894736,0.042687969924812,0.021343984962406,0.117391917293233,0.0769230769230769,0.3146853146853147,0.0139860139860139,0.0069930069930069,0.0209790209790209,0.0489510489510489,0.0069930069930069,0.1538461538461538,0.4958753437213565,0.4610449129239229,0.53987167736022,0.6049495875343721,0.6425297891842346,0.69019248395967,0.6287809349220899,0.6260311640696609,43,,,,,,,,,,,,,,,,,,,,,,,,,,,,,,,,
0.1315240083507306,0.2421711899791232,0.028643006263048,0.0373277661795407,0.0656367432150313,0.1491440501043841,0.1746137787056367,0.1297703549060542,0.128063909774436,0.085375939849624,0.0071146616541353,0.0142293233082706,0.042687969924812,0.10671992481203,0.053359962406015,0.0355733082706766,0.1958041958041958,0.1468531468531468,0.0,0.0139860139860139,0.0629370629370629,0.1118881118881118,0.0909090909090909,0.0139860139860139,0.6076993583868011,0.5765352887259395,0.617781851512374,0.6709440879926672,0.5866177818515125,0.5710357470210815,0.5728689275893676,0.5857011915673694,43,,,,,,,,,,,,,,,,,,,,,,,,,,,,,,,,
0.2171189979123173,0.6015031315240084,0.0831732776617954,0.0243006263048016,0.0526096033402922,0.1665970772442588,0.1196659707724425,0.3868893528183716,0.1565225563909774,0.2027678571428571,0.021343984962406,0.0,0.032015977443609,0.0711466165413533,0.0711466165413533,0.053359962406015,0.3216783216783216,0.3076923076923077,0.0,0.0,0.0279720279720279,0.0769230769230769,0.0699300699300699,0.0909090909090909,0.5728689275893676,0.5618698441796517,0.5765352887259395,0.6003666361136573,0.616865261228231,0.6553620531622365,0.6452795600366636,0.5985334555453712,43,,,,,,,,,,,,,,,,,,,,,,,,,,,,,,,,
0.3412108559498956,0.2909394572025052,0.067223382045929,0.0211273486430062,0.068893528183716,0.0823382045929018,0.0903549060542797,0.1524843423799582,0.1529652255639097,0.1245065789473684,0.0035573308270676,0.0,0.042687969924812,0.0462453007518797,0.0675892857142857,0.0569172932330827,0.2517482517482518,0.2167832167832167,0.0069930069930069,0.0,0.0419580419580419,0.0699300699300699,0.0559440559440559,0.0769230769230769,0.5682859761686526,0.5307057745187901,0.5572868927589367,0.611365719523373,0.6269477543538039,0.6315307057745189,0.5563703024747938,0.5160403299725023,42,,,,,,,,,,,,,,,,,,,,,,,,,,,,,,,,
0.2262212943632567,0.253945720250522,0.0474321503131523,0.0202087682672233,0.2170354906054279,0.3584133611691023,0.1666805845511482,0.1951565762004175,0.117391917293233,0.1351785714285714,0.0177866541353383,0.0,0.0569172932330827,0.0996052631578947,0.0391306390977443,0.0391306390977443,0.1888111888111888,0.2447552447552447,0.0139860139860139,0.0,0.0629370629370629,0.0699300699300699,0.0349650349650349,0.0489510489510489,0.4949587534372135,0.5059578368469294,0.5499541704857929,0.6067827681026581,0.6507791017415215,0.6471127406049496,0.5664527956003667,0.5435380384967919,42,,,,,,,,,,,,,,,,,,,,,,,,,,,,,,,,
0.2426722338204592,0.2178705636743215,0.0675574112734864,0.0435908141962421,0.2084342379958246,0.1067223382045929,0.0928601252609603,0.0633820459290187,0.1031625939849624,0.1209492481203007,0.0249013157894736,0.0,0.085375939849624,0.0675892857142857,0.0391306390977443,0.0355733082706766,0.2237762237762237,0.2167832167832167,0.0139860139860139,0.0,0.1118881118881118,0.0559440559440559,0.0699300699300699,0.0279720279720279,0.4949587534372135,0.4857928505957837,0.5435380384967919,0.5802016498625114,0.6251145737855179,0.6498625114573785,0.615032080659945,0.5820348304307975,42,,,,,,,,,,,,,,,,,,,,,,,,,,,,,,,,
0.4369102296450939,0.4932776617954071,0.0444258872651356,0.0245511482254697,0.0855114822546972,0.1220876826722338,0.1000417536534446,0.3852192066805845,0.2525704887218045,0.1102772556390977,0.010671992481203,0.0,0.0462453007518797,0.0711475563909774,0.0996052631578947,0.053359962406015,0.4335664335664335,0.1048951048951049,0.0,0.0,0.0559440559440559,0.1188811188811188,0.0699300699300699,0.0839160839160839,0.5151237396883593,0.5096241979835014,0.5893675527039414,0.6636113657195234,0.7259395050412465,0.7736021998166819,0.7121906507791017,0.6626947754353805,43,,,,,,,,,,,,,,,,,,,,,,,,,,,,,,,,
0.2435908141962421,0.3144885177453027,0.0435908141962421,0.0273068893528183,0.0956993736951983,0.0946137787056367,0.2389144050104384,0.1643423799582463,0.128063909774436,0.1387359022556391,0.0,0.0,0.0391306390977443,0.0889332706766917,0.0177866541353383,0.0996052631578947,0.1958041958041958,0.2027972027972027,0.0,0.0,0.0419580419580419,0.0629370629370629,0.0139860139860139,0.1678321678321678,0.6168652612282309,0.5508707607699359,0.6681943171402384,0.7158570119156736,0.7745187901008248,0.8276810265811183,0.8130155820348303,0.6535288725939504,43,,,,,,,,,,,,,,,,,,,,,,,,,,,,,,,,
0.085929018789144,0.2211273486430063,0.0440918580375782,0.0423382045929018,0.0652192066805845,0.1531524008350731,0.0870146137787056,0.1378705636743215,0.0177866541353383,0.1209492481203007,0.0,0.0142293233082706,0.042687969924812,0.1138345864661654,0.0177866541353383,0.0996052631578947,0.0279720279720279,0.1958041958041958,0.0,0.0209790209790209,0.0419580419580419,0.1888111888111888,0.0069930069930069,0.0699300699300699,0.5728689275893675,0.5527039413382219,0.5939505041246563,0.6617781851512374,0.7222731439046746,0.7231897341888175,0.6828597616865262,0.6370302474793768,43,,,,,,,,,,,,,,,,,,,,,,,,,,,,,,,,
0.4571189979123173,0.249937369519833,0.0335699373695198,0.0248851774530271,0.1751148225469728,0.0829227557411273,0.0825052192066805,0.090438413361169,0.0889332706766917,0.1885385338345865,0.0,0.0142293233082706,0.0462453007518797,0.0249013157894736,0.0249013157894736,0.0177866541353383,0.1118881118881118,0.3426573426573426,0.0,0.0069930069930069,0.0349650349650349,0.0279720279720279,0.0349650349650349,0.0139860139860139,0.6306141154903758,0.5948670944087993,0.5866177818515125,0.6324472960586618,0.7021081576535289,0.6700274977085243,0.6040329972502292,0.5692025664527957,42,,,,,,,,,,,,,,,,,,,,,,,,,,,,,,,,
0.1160751565762004,0.1955741127348643,0.0065970772442588,0.0031732776617954,0.0455114822546972,0.2225469728601252,0.1061377870563674,0.1215866388308977,0.1671945488721804,0.021343984962406,0.0035573308270676,0.0,0.0284586466165413,0.0249013157894736,0.0462453007518797,0.053359962406015,0.2937062937062937,0.0139860139860139,0.0,0.0,0.0349650349650349,0.0139860139860139,0.0629370629370629,0.0909090909090909,0.5105407882676444,0.5041246562786436,0.5169569202566453,0.5637030247479377,0.6351970669110908,0.6599450045829515,0.6260311640696609,0.5747021081576534,43,,,,,,,,,,,,,,,,,,,,,,,,,,,,,,,,
0.4126096033402923,0.370187891440501,0.0250521920668058,0.0046764091858037,0.0791649269311064,0.1455532359081419,0.008768267223382,0.2509394572025052,0.1102772556390977,0.096047932330827,0.0,0.0,0.0249013157894736,0.021343984962406,0.0,0.0249013157894736,0.1958041958041958,0.1398601398601398,0.0,0.0,0.0139860139860139,0.0349650349650349,0.0,0.0349650349650349,0.5572868927589367,0.533455545371219,0.545371219065078,0.608615948670944,0.6324472960586618,0.617781851512374,0.5783684692942255,0.5637030247479377,42,,,,,,,,,,,,,,,,,,,,,,,,,,,,,,,,
0.1749478079331941,0.1579123173277661,0.048768267223382,0.0281419624217118,0.1126513569937369,0.0915240083507307,0.0435073068893528,0.0563674321503131,0.0711466165413533,0.1458505639097744,0.0071146616541353,0.0035573308270676,0.0355733082706766,0.0355733082706766,0.0035573308270676,0.0498026315789473,0.0839160839160839,0.2657342657342657,0.0,0.0,0.0419580419580419,0.0209790209790209,0.0,0.0209790209790209,0.5545371219065078,0.5618698441796517,0.5756186984417965,0.6012832263978002,0.6434463794683776,0.6736938588450962,0.6645279560036664,0.6388634280476627,43,,,,,,,,,,,,,,,,,,,,,,,,,,,,,,,,
0.275991649269311,0.2492693110647182,0.0483507306889352,0.0071816283924843,0.0401670146137786,0.0959498956158663,0.050187891440501,0.0541127348643006,0.1494078947368421,0.0711466165413533,0.0355733082706766,0.0,0.0035573308270676,0.0711466165413533,0.0142293233082706,0.1316212406015037,0.2377622377622377,0.1188811188811188,0.0699300699300699,0.0,0.0,0.0979020979020979,0.0209790209790209,0.2027972027972027,0.614115490375802,0.5939505041246563,0.6168652612282309,0.688359303391384,0.7488542621448213,0.7415215398716773,0.6828597616865262,0.5902841429880844,43,,,,,,,,,,,,,,,,,,,,,,,,,,,,,,,,
0.5382881002087683,0.3649269311064718,0.2109394572025052,0.191732776617954,0.2035908141962421,0.210187891440501,0.0754906054279749,0.1513987473903966,0.1245065789473684,0.10671992481203,0.010671992481203,0.0,0.021343984962406,0.0604746240601503,0.0604746240601503,0.0249013157894736,0.2657342657342657,0.2587412587412587,0.0,0.0,0.0209790209790209,0.1188811188811188,0.0209790209790209,0.0279720279720279,0.4445462878093492,0.4509624197983501,0.46012832263978,0.5041246562786436,0.5820348304307975,0.5930339138405133,0.5545371219065078,0.5187901008249313,16,,,,,,,,,,,,,,,,,,,,,,,,,,,,,,,,
0.32,0.2091022964509394,0.1924843423799582,0.1300208768267223,0.1615866388308977,0.1772025052192066,0.208517745302714,0.3806263048016701,0.0924906015037594,0.1031625939849624,0.0284586466165413,0.0,0.010671992481203,0.0249013157894736,0.0035573308270676,0.0604746240601503,0.1748251748251748,0.2587412587412587,0.0209790209790209,0.0,0.0139860139860139,0.0279720279720279,0.0,0.1328671328671328,0.5059578368469294,0.4995417048579285,0.4757103574702108,0.4060494958753436,0.4262144821264894,0.4656278643446379,0.4225481209899175,0.3492208982584784,16,,,,,,,,,,,,,,,,,,,,,,,,,,,,,,,,
0.445929018789144,0.3106471816283925,0.2333194154488517,0.2293945720250522,0.2756576200417536,0.1559081419624217,0.0926931106471816,0.1407933194154488,0.1102772556390977,0.0889332706766917,0.0604746240601503,0.0,0.0177866541353383,0.0249013157894736,0.0604746240601503,0.0355733082706766,0.1888111888111888,0.2097902097902098,0.0979020979020979,0.0,0.0139860139860139,0.0489510489510489,0.0209790209790209,0.0629370629370629,0.3327222731439047,0.304307974335472,0.3703024747937672,0.4381301558203483,0.4674610449129239,0.46012832263978,0.4344637946837764,0.384967919340055,16,,,,,,,,,,,,,,,,,,,,,,,,,,,,,,,,
0.4100208768267223,0.4504384133611691,0.1531524008350731,0.2245511482254697,0.307473903966597,0.1708559498956158,0.1192484342379958,0.1573277661795407,0.0782612781954887,0.1494078947368421,0.0142293233082706,0.0,0.0177866541353383,0.0391306390977443,0.0142293233082706,0.0498026315789473,0.1328671328671328,0.3706293706293706,0.0,0.0,0.0139860139860139,0.0489510489510489,0.0,0.0769230769230769,0.3455545371219065,0.3510540788267644,0.3996333638863428,0.4390467461044913,0.4876260311640696,0.4885426214482126,0.454628780934922,0.3923006416131989,16,,,,,,,,,,,,,,,,,,,,,,,,,,,,,,,,
0.0937787056367432,0.4223799582463465,0.3290187891440501,0.2255532359081419,0.2263048016701461,0.1865553235908142,0.0616283924843423,0.084509394572025,0.1245065789473684,0.0996052631578947,0.0,0.0,0.0071146616541353,0.0462453007518797,0.0071146616541353,0.064031954887218,0.3216783216783216,0.1258741258741259,0.0,0.0,0.0,0.0769230769230769,0.0069930069930069,0.1538461538461538,0.3418881759853345,0.3373052245646196,0.3904674610449129,0.4518790100824931,0.4995417048579285,0.5178735105407883,0.4683776351970669,0.3858845096241979,16,,,,,,,,,,,,,,,,,,,,,,,,,,,,,,,,
0.1184968684759916,0.2933611691022964,0.3152400835073068,0.21419624217119,0.2455949895615866,0.1923173277661795,0.0545302713987473,0.0349060542797494,0.1458505639097744,0.0462453007518797,0.0071146616541353,0.0,0.0177866541353383,0.0249013157894736,0.0,0.0142293233082706,0.2657342657342657,0.1188811188811188,0.0069930069930069,0.0,0.0139860139860139,0.0279720279720279,0.0,0.0069930069930069,0.3464711274060494,0.3143904674610449,0.3666361136571952,0.4839596700274977,0.5288725939505041,0.536205316223648,0.4977085242896426,0.4454628780934921,16,,,,,,,,,,,,,,,,,,,,,,,,,,,,,,,,
0.0281419624217118,0.2567014613778705,0.1905636743215031,0.1956576200417536,0.2092693110647181,0.144384133611691,0.0202922755741127,0.0052609603340292,0.074703947368421,0.0675892857142857,0.0142293233082706,0.0035573308270676,0.0,0.0604746240601503,0.0,0.0,0.1608391608391608,0.1748251748251748,0.0069930069930069,0.0,0.0,0.1118881118881118,0.0,0.0,0.3895508707607699,0.3748854262144821,0.4307974335472044,0.53987167736022,0.5600366636113657,0.5572868927589367,0.4949587534372135,0.4702108157653529,16,,,,,,,,,,,,,,,,,,,,,,,,,,,,,,,,
0.0117745302713987,0.2038413361169102,0.1777870563674321,0.0977035490605428,0.170187891440501,0.1302713987473904,0.0479331941544885,0.0867640918580375,0.021343984962406,0.1316212406015037,0.0071146616541353,0.0,0.0071146616541353,0.0142293233082706,0.0249013157894736,0.053359962406015,0.0349650349650349,0.2727272727272727,0.0,0.0,0.0,0.0349650349650349,0.0139860139860139,0.0909090909090909,0.4802933088909258,0.4344637946837764,0.4912923923006416,0.5857011915673694,0.6168652612282309,0.6480293308890925,0.5572868927589367,0.5527039413382219,16,,,,,,,,,,,,,,,,,,,,,,,,,,,,,,,,
0.262964509394572,0.2284759916492693,0.058956158663883,0.0076826722338204,0.1205010438413361,0.1332776617954071,0.1994989561586638,0.2103549060542797,0.085375939849624,0.1138345864661654,0.0391306390977443,0.0,0.0142293233082706,0.0462453007518797,0.064031954887218,0.053359962406015,0.1608391608391608,0.2587412587412587,0.0629370629370629,0.0,0.0,0.0909090909090909,0.1048951048951049,0.0769230769230769,0.5279560036663611,0.4683776351970669,0.5022914757103575,0.5435380384967919,0.6278643446379469,0.6681943171402384,0.6324472960586618,0.5857011915673694,16,,,,,,,,,,,,,,,,,,,,,,,,,,,,,,,,
0.2312317327766179,0.1866388308977035,0.0613778705636743,0.0551148225469728,0.1297703549060542,0.0703966597077244,0.0860125260960334,0.2131106471816284,0.1707518796992481,0.1209492481203007,0.0142293233082706,0.0,0.021343984962406,0.0284586466165413,0.0071146616541353,0.0711466165413533,0.3216783216783216,0.2447552447552447,0.0069930069930069,0.0,0.0209790209790209,0.0419580419580419,0.0069930069930069,0.1258741258741259,0.535288725939505,0.5279560036663611,0.5261228230980751,0.5435380384967919,0.5087076076993584,0.5022914757103575,0.5059578368469294,0.4839596700274977,16,,,,,,,,,,,,,,,,,,,,,,,,,,,,,,,,
0.3995824634655532,0.2361586638830898,0.4147807933194154,0.1102296450939457,0.1876409185803757,0.093027139874739,0.0096033402922755,0.0780793319415448,0.1209492481203007,0.1494078947368421,0.010671992481203,0.0,0.021343984962406,0.032015977443609,0.0035573308270676,0.021343984962406,0.2027972027972027,0.2867132867132867,0.0,0.0,0.0279720279720279,0.0559440559440559,0.0,0.0279720279720279,0.4564619615032081,0.4564619615032081,0.4857928505957837,0.5646196150320807,0.6058661778185152,0.5499541704857929,0.5050412465627865,0.4702108157653529,16,,,,,,,,,,,,,,,,,,,,,,,,,,,,,,,,
0.23741127348643,0.2349060542797494,0.0122755741127348,0.1317745302713987,0.1844676409185804,0.0891022964509394,0.0514405010438413,0.3262630480167015,0.0996052631578947,0.1209492481203007,0.0035573308270676,0.0035573308270676,0.0177866541353383,0.0284586466165413,0.064031954887218,0.021343984962406,0.2167832167832167,0.2657342657342657,0.0,0.0,0.0209790209790209,0.0489510489510489,0.0209790209790209,0.0209790209790209,0.4436296975252062,0.4216315307057745,0.4582951420714941,0.4967919340054995,0.5554537121906509,0.5875343721356554,0.545371219065078,0.5151237396883593,16,,,,,,,,,,,,,,,,,,,,,,,,,,,,,,,,
0.2330688935281837,0.2498538622129436,0.1034655532359081,0.1748643006263047,0.1335281837160751,0.2106054279749478,0.3382045929018789,0.0579540709812108,0.1102772556390977,0.1351785714285714,0.0142293233082706,0.0,0.0,0.042687969924812,0.0675892857142857,0.0142293233082706,0.2307692307692307,0.2727272727272727,0.0,0.0,0.0,0.0559440559440559,0.0419580419580419,0.0069930069930069,0.4637946837763519,0.4344637946837764,0.4876260311640696,0.5242896425297892,0.5756186984417965,0.613198900091659,0.535288725939505,0.5270394133822182,16,,,,,,,,,,,,,,,,,,,,,,,,,,,,,,,,
0.0833402922755741,0.1488100208768267,0.1270981210855949,0.124258872651357,0.1370354906054279,0.2188726513569937,0.6438413361169102,0.1186638830897703,0.0284586466165413,0.0782612781954887,0.010671992481203,0.0,0.0142293233082706,0.1422932330827067,0.128063909774436,0.0355733082706766,0.0559440559440559,0.1538461538461538,0.0139860139860139,0.0,0.0,0.3076923076923077,0.1258741258741259,0.0349650349650349,0.4711274060494959,0.4665444546287809,0.4775435380384968,0.5499541704857929,0.6031164069660861,0.6223648029330889,0.5838680109990835,0.538955087076077,16,,,,,,,,,,,,,,,,,,,,,,,,,,,,,,,,
0.0352400835073068,0.2031732776617954,0.1134029227557411,0.1179123173277661,0.1893945720250522,0.1663465553235908,0.10321503131524,0.075991649269311,0.042687969924812,0.0924906015037594,0.0284586466165413,0.0,0.0284586466165413,0.021343984962406,0.010671992481203,0.032015977443609,0.0699300699300699,0.2167832167832167,0.0209790209790209,0.0,0.0279720279720279,0.0279720279720279,0.0209790209790209,0.0349650349650349,0.5105407882676444,0.4702108157653529,0.4702108157653529,0.5050412465627865,0.608615948670944,0.5811182401466545,0.5197066911090742,0.4647112740604949,16,,,,,,,,,,,,,,,,,,,,,,,,,,,,,,,,
0.1946555323590814,0.1882254697286012,0.1728601252609603,0.1569937369519833,0.2386638830897703,0.1520668058455114,0.1137369519832985,0.1650104384133611,0.1671945488721804,0.0498026315789473,0.0142293233082706,0.0,0.021343984962406,0.0355733082706766,0.0071146616541353,0.042687969924812,0.3286713286713286,0.1118881118881118,0.0139860139860139,0.0,0.0209790209790209,0.0699300699300699,0.0419580419580419,0.0629370629370629,0.3730522456461961,0.3684692942254812,0.4234647112740605,0.4931255728689276,0.5123739688359303,0.4711274060494959,0.4335472043996333,0.4252978918423464,16,,,,,,,,,,,,,,,,,,,,,,,,,,,,,,,,
0.2794154488517745,0.3812108559498955,0.1941544885177452,0.1678496868475991,0.2325678496868476,0.1675156576200417,0.1362839248434238,0.3356993736951983,0.0996052631578947,0.1316212406015037,0.0035573308270676,0.0035573308270676,0.0177866541353383,0.0391306390977443,0.0604746240601503,0.0498026315789473,0.2307692307692307,0.2797202797202797,0.0,0.0069930069930069,0.0209790209790209,0.0769230769230769,0.1398601398601398,0.0909090909090909,0.4252978918423464,0.4234647112740605,0.4234647112740605,0.4958753437213565,0.5435380384967919,0.5646196150320807,0.533455545371219,0.4298808432630614,16,,,,,,,,,,,,,,,,,,,,,,,,,,,,,,,,
0.378705636743215,0.2999582463465553,0.2534446764091858,0.1782045929018789,0.2091022964509394,0.2108559498956158,0.0959498956158663,0.128768267223382,0.1209492481203007,0.0675892857142857,0.064031954887218,0.0,0.021343984962406,0.032015977443609,0.010671992481203,0.021343984962406,0.2027972027972027,0.1048951048951049,0.1328671328671328,0.0,0.0139860139860139,0.0489510489510489,0.0069930069930069,0.0209790209790209,0.3739688359303392,0.4188817598533456,0.4775435380384968,0.5554537121906509,0.5875343721356554,0.541704857928506,0.4692942254812098,0.4527956003666362,16,,,,,,,,,,,,,,,,,,,,,,,,,,,,,,,,
0.2761586638830897,0.2851774530271398,0.127348643006263,0.1771189979123173,0.1573277661795407,0.0898538622129436,0.0132776617954071,0.0872651356993736,0.096047932330827,0.085375939849624,0.0071146616541353,0.0071146616541353,0.0177866541353383,0.032015977443609,0.021343984962406,0.021343984962406,0.1818181818181818,0.1678321678321678,0.0,0.0,0.0279720279720279,0.0279720279720279,0.0419580419580419,0.0209790209790209,0.4931255728689276,0.459211732355637,0.4995417048579285,0.5545371219065078,0.612282309807516,0.6095325389550871,0.5664527956003667,0.4876260311640696,16,,,,,,,,,,,,,,,,,,,,,,,,,,,,,,,,
0.14321503131524,0.2213778705636743,0.0545302713987473,0.1508977035490605,0.2515240083507307,0.1387891440501043,0.1261795407098121,0.2434237995824634,0.0818186090225564,0.1565225563909774,0.010671992481203,0.0,0.0071146616541353,0.0569172932330827,0.0675892857142857,0.1031625939849624,0.1328671328671328,0.3286713286713286,0.0,0.0,0.0,0.0629370629370629,0.1258741258741259,0.1538461538461538,0.4097158570119156,0.3904674610449129,0.4500458295142071,0.5380384967919339,0.5829514207149404,0.5655362053162236,0.5508707607699359,0.5380384967919339,16,,,,,,,,,,,,,,,,,,,,,,,,,,,,,,,,
0.1407098121085595,0.164509394572025,0.0593736951983298,0.1077244258872651,0.0608768267223382,0.1042171189979123,0.3367849686847599,0.4477661795407098,0.117391917293233,0.064031954887218,0.0177866541353383,0.0,0.0071146616541353,0.0284586466165413,0.1600798872180451,0.0569172932330827,0.2657342657342657,0.1398601398601398,0.0209790209790209,0.0,0.0,0.0419580419580419,0.1328671328671328,0.0209790209790209,0.5279560036663611,0.5178735105407883,0.5582034830430798,0.6471127406049496,0.6782768102658111,0.6351970669110908,0.5765352887259395,0.5820348304307975,16,,,,,,,,,,,,,,,,,,,,,,,,,,,,,,,,
0.1907306889352818,0.1503966597077244,0.0382463465553235,0.0091022964509394,0.0334029227557411,0.0545302713987473,0.3947390396659708,0.1137369519832985,0.074703947368421,0.117391917293233,0.010671992481203,0.0,0.0177866541353383,0.074703947368421,0.0498026315789473,0.021343984962406,0.1398601398601398,0.2447552447552447,0.0,0.0,0.0139860139860139,0.0629370629370629,0.0489510489510489,0.0209790209790209,0.5692025664527957,0.544454628780935,0.5948670944087993,0.6278643446379469,0.6168652612282309,0.5967002749770853,0.5536205316223648,0.5545371219065078,16,,,,,,,,,,,,,,,,,,,,,,,,,,,,,,,,
0.3007933194154489,0.2045929018789144,0.0767432150313152,0.0167849686847599,0.081670146137787,0.1021294363256784,0.0174530271398747,0.1413778705636743,0.1138345864661654,0.1458505639097744,0.0071146616541353,0.0,0.0284586466165413,0.021343984962406,0.0,0.0249013157894736,0.2097902097902098,0.3216783216783216,0.0,0.0,0.0349650349650349,0.0069930069930069,0.0,0.0489510489510489,0.5481209899175069,0.5206232813932172,0.5270394133822182,0.5930339138405133,0.5783684692942255,0.5545371219065078,0.5279560036663611,0.541704857928506,16,,,,,,,,,,,,,,,,,,,,,,,,,,,,,,,,
0.2253862212943632,0.2184551148225469,0.138705636743215,0.090438413361169,0.1650939457202505,0.1123173277661795,0.1091440501043841,0.1463048016701461,0.0889332706766917,0.1814238721804511,0.0,0.0,0.0249013157894736,0.0177866541353383,0.0071146616541353,0.0177866541353383,0.1608391608391608,0.3566433566433566,0.0,0.0,0.0209790209790209,0.0139860139860139,0.0,0.0209790209790209,0.5380384967919339,0.5380384967919339,0.5380384967919339,0.5682859761686526,0.5875343721356554,0.6049495875343721,0.613198900091659,0.5829514207149404,42,,,,,,,,,,,,,,,,,,,,,,,,,,,,,,,,
0.2318162839248434,0.388643006263048,0.1267640918580375,0.0794989561586638,0.1712734864300626,0.1505636743215031,0.0689770354906054,0.1869728601252609,0.0889332706766917,0.1209492481203007,0.010671992481203,0.0,0.0249013157894736,0.053359962406015,0.0071146616541353,0.0462453007518797,0.0909090909090909,0.2587412587412587,0.0069930069930069,0.0,0.0139860139860139,0.0769230769230769,0.0,0.0279720279720279,0.537121906507791,0.5142071494042164,0.5050412465627865,0.5169569202566453,0.5756186984417965,0.617781851512374,0.5719523373052245,0.5077910174152155,16,,,,,,,,,,,,,,,,,,,,,,,,,,,,,,,,
0.3240918580375783,0.2490187891440501,0.1326096033402923,0.1767849686847599,0.1466388308977035,0.1667640918580375,0.0275574112734864,0.0338204592901878,0.0498026315789473,0.1458505639097744,0.010671992481203,0.0035573308270676,0.010671992481203,0.0569172932330827,0.0142293233082706,0.0071146616541353,0.0979020979020979,0.2867132867132867,0.0,0.0,0.0139860139860139,0.0839160839160839,0.0,0.0139860139860139,0.4509624197983501,0.462878093492209,0.4940421631530706,0.5554537121906509,0.5985334555453712,0.5811182401466545,0.542621448212649,0.5105407882676444,16,,,,,,,,,,,,,,,,,,,,,,,,,,,,,,,,
0.3561586638830897,0.3366179540709812,0.0610438413361169,0.0171189979123173,0.0334864300626304,0.2210438413361169,0.2828392484342379,0.2237160751565761,0.0818186090225564,0.1636372180451128,0.0071146616541353,0.0,0.0177866541353383,0.0889332706766917,0.0498026315789473,0.0177866541353383,0.1048951048951049,0.3146853146853147,0.0,0.0,0.0139860139860139,0.1608391608391608,0.0559440559440559,0.0,0.4949587534372135,0.4977085242896426,0.5169569202566453,0.5664527956003667,0.5719523373052245,0.6058661778185152,0.5847846012832265,0.5499541704857929,16,,,,,,,,,,,,,,,,,,,,,,,,,,,,,,,,
0.2399164926931106,0.4135281837160752,0.1250104384133611,0.1291858037578288,0.1296868475991649,0.0966179540709812,0.0349060542797494,0.0541962421711899,0.1671945488721804,0.1316212406015037,0.010671992481203,0.0,0.0035573308270676,0.0391306390977443,0.0498026315789473,0.0177866541353383,0.2237762237762237,0.1818181818181818,0.0,0.0,0.0,0.0419580419580419,0.0909090909090909,0.0349650349650349,0.5435380384967919,0.5224564619615032,0.542621448212649,0.5591200733272228,0.5921173235563704,0.6012832263978002,0.5902841429880844,0.544454628780935,16,,,,,,,,,,,,,,,,,,,,,,,,,,,,,,,,
0.0683089770354906,0.187223382045929,0.1600835073068893,0.0982045929018789,0.1233402922755741,0.1759498956158663,0.3615031315240083,0.1541544885177453,0.0391306390977443,0.0711466165413533,0.021343984962406,0.0,0.0035573308270676,0.0996052631578947,0.053359962406015,0.010671992481203,0.0769230769230769,0.1538461538461538,0.0209790209790209,0.0,0.0,0.0909090909090909,0.0559440559440559,0.0069930069930069,0.5068744271310724,0.4766269477543539,0.4720439963336389,0.5004582951420715,0.6021998166819431,0.6040329972502292,0.5508707607699359,0.5114573785517874,16,,,,,,,,,,,,,,,,,,,,,,,,,,,,,,,,
0.4488517745302714,0.7851356993736952,0.1737787056367432,0.1341962421711899,0.1745302713987473,0.1155741127348643,0.0425887265135699,0.1027974947807933,0.3308317669172932,0.1316212406015037,0.010671992481203,0.0035573308270676,0.0142293233082706,0.021343984962406,0.0,0.0177866541353383,0.5034965034965035,0.2307692307692307,0.0,0.0,0.0209790209790209,0.0209790209790209,0.0,0.0139860139860139,0.4977085242896426,0.4903758020164986,0.4894592117323556,0.5499541704857929,0.5710357470210815,0.5646196150320807,0.5435380384967919,0.462878093492209,16,,,,,,,,,,,,,,,,,,,,,,,,,,,,,,,,
0.0527766179540709,0.1569102296450939,0.1458872651356993,0.1528183716075156,0.1893110647181628,0.2025887265135699,0.1078914405010438,0.1010438413361169,0.0,0.042687969924812,0.0,0.0,0.010671992481203,0.021343984962406,0.0142293233082706,0.0,0.0,0.0769230769230769,0.0,0.0,0.0069930069930069,0.0349650349650349,0.0,0.0,0.4289642529789184,0.4344637946837764,0.4610449129239229,0.5261228230980751,0.5646196150320807,0.5820348304307975,0.531622364802933,0.4848762603116406,16,,,,,,,,,,,,,,,,,,,,,,,,,,,,,,,,
0.1043006263048016,0.1569937369519833,0.144384133611691,0.1496450939457202,0.1512317327766179,0.1704384133611691,0.1160751565762004,0.2086012526096033,0.0177866541353383,0.0604746240601503,0.0,0.0,0.0035573308270676,0.0177866541353383,0.010671992481203,0.0249013157894736,0.0279720279720279,0.0979020979020979,0.0,0.0,0.0,0.0209790209790209,0.0,0.0419580419580419,0.462878093492209,0.4472960586617781,0.4555453712190651,0.4802933088909258,0.4903758020164986,0.5261228230980751,0.5105407882676444,0.4775435380384968,16,,,,,,,,,,,,,,,,,,,,,,,,,,,,,,,,
0.1430480167014614,0.1267640918580375,0.10580375782881,0.1592484342379958,0.191482254697286,0.157745302713981,0.1193319415448851,0.0648016701461377,0.042687969924812,0.010671992481203,0.0035573308270676,0.0035573308270676,0.0071146616541353,0.021343984962406,0.010671992481203,0.0071146616541353,0.0909090909090909,0.0,0.0,0.0,0.0,0.0279720279720279,0.0139860139860139,0.0069930069930069,0.4967919340054995,0.4766269477543537,0.4683776351970669,0.5142071494042164,0.5857011915673694,0.5774518790100824,0.5472043996333639,0.5077910174152155,16,,,,,,,,,,,,,,,,,,,,,,,,,,,,,,,,
0.1070563674321503,0.1115657620041753,0.1078079331941544,0.1773695198329853,0.1851356993736952,0.1300208768267223,0.138956158663883,0.0307306889352818,0.0249013157894736,0.0391306390977443,0.0035573308270676,0.0,0.010671992481203,0.0071146616541353,0.0142293233082706,0.0071146616541353,0.0419580419580419,0.0769230769230769,0.0,0.0,0.0209790209790209,0.0,0.0139860139860139,0.0,0.4821264894592117,0.4482126489459211,0.4720439963336389,0.534372135655362,0.6040329972502292,0.6067827681026581,0.5692025664527957,0.4702108157653529,16,,,,,,,,,,,,,,,,,,,,,,,,,,,,,,,,
0.1360334029227557,0.1381210855949895,0.1308559498956158,0.1686012526096033,0.1884759916492693,0.1225887265135699,0.0707306889352818,0.0549478079331941,0.0284586466165413,0.0355733082706766,0.0035573308270676,0.0,0.0035573308270676,0.0071146616541353,0.0071146616541353,0.010671992481203,0.0629370629370629,0.0769230769230769,0.0,0.0,0.0,0.0139860139860139,0.0069930069930069,0.0,0.4252978918423464,0.4014665444546287,0.4931255728689276,0.5985334555453712,0.6425297891842346,0.6608615948670944,0.6058661778185152,0.5618698441796517,16,,,,,,,,,,,,,,,,,,,,,,,,,,,,,,,,
0.0688100208768267,0.0590396659707724,0.0111064718162839,0.1121503131524008,0.1181628392484342,0.2436743215031315,0.0084342379958246,0.125678496868476,0.0142293233082706,0.0462453007518797,0.0071146616541353,0.0,0.010671992481203,0.0355733082706766,0.0,0.0142293233082706,0.0279720279720279,0.0839160839160839,0.0,0.0,0.0139860139860139,0.0139860139860139,0.0,0.0209790209790209,0.4977085242896426,0.4839596700274977,0.5563703024747938,0.6196150320806599,0.6764436296975253,0.7131072410632449,0.6645279560036663,0.6251145737855179,42,,,,,,,,,,,,,,,,,,,,,,,,,,,,,,,,
0.1347807933194154,0.0641336116910229,0.0133611691022964,0.0086012526096033,0.0121085594989561,0.1566597077244259,0.5484759916492693,0.1407933194154488,0.0249013157894736,0.042687969924812,0.0071146616541353,0.0,0.0,0.2276691729323308,0.0569172932330827,0.053359962406015,0.0349650349650349,0.0839160839160839,0.0,0.0,0.0,0.3216783216783216,0.0419580419580419,0.0909090909090909,0.5572868927589367,0.5600366636113657,0.5875343721356554,0.6562786434463794,0.7314390467461045,0.7231897341888175,0.6196150320806599,0.5747021081576534,16,,,,,,,,,,,,,,,,,,,,,,,,,,,,,,,,
0.3634237995824635,0.1372025052192066,0.0145302713987473,0.0142797494780793,0.0634655532359081,0.0642171189979123,0.1008768267223381,0.0212943632567849,0.1316212406015037,0.0249013157894736,0.0,0.0,0.0035573308270676,0.0355733082706766,0.0249013157894736,0.0284586466165413,0.2377622377622377,0.0139860139860139,0.0,0.0,0.0,0.0349650349650349,0.0349650349650349,0.0629370629370629,0.5279560036663611,0.4857928505957837,0.4995417048579284,0.53987167736022,0.5737855178735105,0.5682859761686526,0.527039413382218,0.5004582951420715,16,,,,,,,,,,,,,,,,,,,,,,,,,,,,,,,,
0.1380375782881002,0.5594989561586639,0.1820459290187891,0.2033402922755741,0.1877244258872651,0.1263465553235908,0.0692275574112734,0.0227139874739039,0.1707518796992481,0.1422932330827067,0.010671992481203,0.0,0.021343984962406,0.0142293233082706,0.0249013157894736,0.0177866541353383,0.2587412587412587,0.2797202797202797,0.0,0.0,0.0209790209790209,0.0559440559440559,0.0629370629370629,0.0139860139860139,0.4775435380384968,0.4637946837763519,0.4912923923006416,0.5288725939505041,0.5646196150320807,0.5875343721356554,0.5582034830430798,0.4967919340054995,16,,,,,,,,,,,,,,,,,,,,,,,,,,,,,,,,
0.1807933194154488,0.4758246346555323,0.1505636743215031,0.1535699373695198,0.1969937369519833,0.0678079331941544,0.0116910229645093,0.0783298538622129,0.1956531954887218,0.1351785714285714,0.0142293233082706,0.0,0.032015977443609,0.0284586466165413,0.0,0.021343984962406,0.3566433566433566,0.2587412587412587,0.0069930069930069,0.0,0.0279720279720279,0.0209790209790209,0.0,0.0139860139860139,0.4289642529789184,0.3996333638863428,0.4986251145737855,0.5508707607699359,0.5921173235563704,0.6351970669110908,0.5847846012832264,0.5233730522456461,16,,,,,,,,,,,,,,,,,,,,,,,,,,,,,,,,
0.174446764091858,0.1278496868475991,0.0941127348643006,0.0683089770354906,0.165929018789144,0.0869311064718162,0.0691440501043841,0.0206263048016701,0.0284586466165413,0.1387359022556391,0.0996052631578947,0.0,0.0,0.0355733082706766,0.0355733082706766,0.1138345864661654,0.0279720279720279,0.2027972027972027,0.2027972027972027,0.0,0.0,0.0279720279720279,0.0629370629370629,0.0349650349650349,0.4812098991750687,0.4491292392300642,0.5664527956003667,0.6251145737855179,0.6966086159486709,0.7323556370302474,0.6764436296975253,0.6104491292392301,42,,,,,,,,,,,,,,,,,,,,,,,,,,,,,,,,
0.1129853862212943,0.2129436325678496,0.0519415448851774,0.0155323590814196,0.0620459290187891,0.102964509394572,0.0228810020876826,0.0491858037578288,0.0569172932330827,0.1245065789473684,0.0142293233082706,0.0,0.021343984962406,0.0711466165413533,0.0071146616541353,0.021343984962406,0.1048951048951049,0.2587412587412587,0.0,0.0,0.0209790209790209,0.0769230769230769,0.0,0.0279720279720279,0.5536205316223648,0.4995417048579285,0.6067827681026581,0.6782768102658112,0.7167736021998166,0.7378551787351053,0.6975252062328139,0.6526122823098075,42,,,,,,,,,,,,,,,,,,,,,,,,,,,,,,,,
0.2438413361169102,0.2138622129436325,0.0901043841336116,0.0180375782881002,0.0630480167014613,0.0190396659707724,0.0141127348643006,0.2011691022964509,0.117391917293233,0.0996052631578947,0.0142293233082706,0.0,0.032015977443609,0.021343984962406,0.0,0.0284586466165413,0.1468531468531468,0.1818181818181818,0.0,0.0,0.0349650349650349,0.0419580419580419,0.0,0.0349650349650349,0.5728689275893676,0.5627864344637947,0.6223648029330889,0.692942254812099,0.7332722273143903,0.7525206232813932,0.6828597616865262,0.6296975252062328,42,,,,,,,,,,,,,,,,,,,,,,,,,,,,,,,,
0.1343632567849687,0.2114405010438413,0.0420041753653444,0.0303966597077244,0.0378288100208768,0.0730688935281837,0.0886847599164926,0.1780375782881002,0.1102772556390977,0.1138345864661654,0.0355733082706766,0.0,0.0142293233082706,0.021343984962406,0.042687969924812,0.0391306390977443,0.1818181818181818,0.1608391608391608,0.0699300699300699,0.0,0.0139860139860139,0.0279720279720279,0.0279720279720279,0.0209790209790209,0.608615948670944,0.5737855178735105,0.608615948670944,0.6516956920256646,0.6691109074243814,0.7076076993583869,0.6581118240146654,0.6214482126489459,42,,,,,,,,,,,,,,,,,,,,,,,,,,,,,,,,
0.163089770354906,0.1535699373695198,0.2683089770354906,0.0181210855949895,0.0410020876826722,0.0587891440501043,0.0326513569937369,0.4577870563674321,0.1529652255639097,0.1031625939849624,0.0071146616541353,0.0,0.0177866541353383,0.0498026315789473,0.0498026315789473,0.085375939849624,0.3006993006993007,0.1748251748251748,0.0,0.0,0.0209790209790209,0.0489510489510489,0.0,0.0419580419580419,0.5829514207149404,0.532538955087076,0.5682859761686526,0.6003666361136573,0.6452795600366636,0.6562786434463794,0.6287809349220899,0.5838680109990835,16,,,,,,,,,,,,,,,,,,,,,,,,,,,,,,,,
0.0673903966597077,0.1767849686847599,0.0471816283924843,0.0182881002087682,0.0399164926931106,0.0726513569937369,0.0207933194154488,0.0759081419624217,0.1458505639097744,0.1565225563909774,0.010671992481203,0.0035573308270676,0.021343984962406,0.021343984962406,0.032015977443609,0.0391306390977443,0.2517482517482518,0.3006993006993007,0.0,0.0,0.0209790209790209,0.0279720279720279,0.0209790209790209,0.0279720279720279,0.5206232813932172,0.4867094408799266,0.5132905591200734,0.5637030247479377,0.6168652612282309,0.6342804766269478,0.614115490375802,0.5536205316223648,42,,,,,,,,,,,,,,,,,,,,,,,,,,,,,,,,
0.2703131524008351,0.2042588726513569,0.2493528183716075,0.0151983298538622,0.0696450939457202,0.2531106471816284,0.0572025052192066,0.1786221294363256,0.117391917293233,0.1494078947368421,0.010671992481203,0.0,0.0177866541353383,0.0249013157894736,0.0284586466165413,0.0924906015037594,0.0769230769230769,0.2657342657342657,0.0069930069930069,0.0,0.0139860139860139,0.0279720279720279,0.0489510489510489,0.1678321678321678,0.5077910174152155,0.462878093492209,0.5105407882676444,0.5572868927589367,0.6223648029330889,0.6324472960586618,0.5912007332722273,0.5472043996333639,16,,,,,,,,,,,,,,,,,,,,,,,,,,,,,,,,
0.1018789144050104,0.2652192066805846,0.1058872651356993,0.0469311064718162,0.0787473903966597,0.1058872651356993,0.0254697286012526,0.0977870563674321,0.053359962406015,0.1849812030075188,0.021343984962406,0.0355733082706766,0.0249013157894736,0.042687969924812,0.021343984962406,0.117391917293233,0.0769230769230769,0.3146853146853147,0.0139860139860139,0.0069930069930069,0.0209790209790209,0.0489510489510489,0.0069930069930069,0.1538461538461538,0.4958753437213565,0.4610449129239229,0.53987167736022,0.6049495875343721,0.6425297891842346,0.69019248395967,0.6287809349220899,0.6260311640696609,42,,,,,,,,,,,,,,,,,,,,,,,,,,,,,,,,
0.1315240083507306,0.2421711899791232,0.028643006263048,0.0373277661795407,0.0656367432150313,0.1491440501043841,0.1746137787056367,0.1297703549060542,0.128063909774436,0.085375939849624,0.0071146616541353,0.0142293233082706,0.042687969924812,0.10671992481203,0.053359962406015,0.0355733082706766,0.1958041958041958,0.1468531468531468,0.0,0.0139860139860139,0.0629370629370629,0.1118881118881118,0.0909090909090909,0.0139860139860139,0.6076993583868011,0.5765352887259395,0.617781851512374,0.6709440879926672,0.5866177818515125,0.5710357470210815,0.5728689275893676,0.5857011915673694,16,,,,,,,,,,,,,,,,,,,,,,,,,,,,,,,,
0.2171189979123173,0.6015031315240084,0.0831732776617954,0.0243006263048016,0.0526096033402922,0.1665970772442588,0.1196659707724425,0.3868893528183716,0.1565225563909774,0.2027678571428571,0.021343984962406,0.0,0.032015977443609,0.0711466165413533,0.0711466165413533,0.053359962406015,0.3216783216783216,0.3076923076923077,0.0,0.0,0.0279720279720279,0.0769230769230769,0.0699300699300699,0.0909090909090909,0.5728689275893676,0.5618698441796517,0.5765352887259395,0.6003666361136573,0.616865261228231,0.6553620531622365,0.6452795600366636,0.5985334555453712,16,,,,,,,,,,,,,,,,,,,,,,,,,,,,,,,,
0.3412108559498956,0.2909394572025052,0.067223382045929,0.0211273486430062,0.068893528183716,0.0823382045929018,0.0903549060542797,0.1524843423799582,0.1529652255639097,0.1245065789473684,0.0035573308270676,0.0,0.042687969924812,0.0462453007518797,0.0675892857142857,0.0569172932330827,0.2517482517482518,0.2167832167832167,0.0069930069930069,0.0,0.0419580419580419,0.0699300699300699,0.0559440559440559,0.0769230769230769,0.5682859761686526,0.5307057745187901,0.5572868927589367,0.611365719523373,0.6269477543538039,0.6315307057745189,0.5563703024747938,0.5160403299725023,16,,,,,,,,,,,,,,,,,,,,,,,,,,,,,,,,
0.2262212943632567,0.253945720250522,0.0474321503131523,0.0202087682672233,0.2170354906054279,0.3584133611691023,0.1666805845511482,0.1951565762004175,0.117391917293233,0.1351785714285714,0.0177866541353383,0.0,0.0569172932330827,0.0996052631578947,0.0391306390977443,0.0391306390977443,0.1888111888111888,0.2447552447552447,0.0139860139860139,0.0,0.0629370629370629,0.0699300699300699,0.0349650349650349,0.0489510489510489,0.4949587534372135,0.5059578368469294,0.5499541704857929,0.6067827681026581,0.6507791017415215,0.6471127406049496,0.5664527956003667,0.5435380384967919,16,,,,,,,,,,,,,,,,,,,,,,,,,,,,,,,,
0.2426722338204592,0.2178705636743215,0.0675574112734864,0.0435908141962421,0.2084342379958246,0.1067223382045929,0.0928601252609603,0.0633820459290187,0.1031625939849624,0.1209492481203007,0.0249013157894736,0.0,0.085375939849624,0.0675892857142857,0.0391306390977443,0.0355733082706766,0.2237762237762237,0.2167832167832167,0.0139860139860139,0.0,0.1118881118881118,0.0559440559440559,0.0699300699300699,0.0279720279720279,0.4949587534372135,0.4857928505957837,0.5435380384967919,0.5802016498625114,0.6251145737855179,0.6498625114573785,0.615032080659945,0.5820348304307975,16,,,,,,,,,,,,,,,,,,,,,,,,,,,,,,,,
0.4369102296450939,0.4932776617954071,0.0444258872651356,0.0245511482254697,0.0855114822546972,0.1220876826722338,0.1000417536534446,0.3852192066805845,0.2525704887218045,0.1102772556390977,0.010671992481203,0.0,0.0462453007518797,0.0711475563909774,0.0996052631578947,0.053359962406015,0.4335664335664335,0.1048951048951049,0.0,0.0,0.0559440559440559,0.1188811188811188,0.0699300699300699,0.0839160839160839,0.5151237396883593,0.5096241979835014,0.5893675527039414,0.6636113657195234,0.7259395050412465,0.7736021998166819,0.7121906507791017,0.6626947754353805,16,,,,,,,,,,,,,,,,,,,,,,,,,,,,,,,,
0.2435908141962421,0.3144885177453027,0.0435908141962421,0.0273068893528183,0.0956993736951983,0.0946137787056367,0.2389144050104384,0.1643423799582463,0.128063909774436,0.1387359022556391,0.0,0.0,0.0391306390977443,0.0889332706766917,0.0177866541353383,0.0996052631578947,0.1958041958041958,0.2027972027972027,0.0,0.0,0.0419580419580419,0.0629370629370629,0.0139860139860139,0.1678321678321678,0.6168652612282309,0.5508707607699359,0.6681943171402384,0.7158570119156736,0.7745187901008248,0.8276810265811183,0.8130155820348303,0.6535288725939504,16,,,,,,,,,,,,,,,,,,,,,,,,,,,,,,,,
0.085929018789144,0.2211273486430063,0.0440918580375782,0.0423382045929018,0.0652192066805845,0.1531524008350731,0.0870146137787056,0.1378705636743215,0.0177866541353383,0.1209492481203007,0.0,0.0142293233082706,0.042687969924812,0.1138345864661654,0.0177866541353383,0.0996052631578947,0.0279720279720279,0.1958041958041958,0.0,0.0209790209790209,0.0419580419580419,0.1888111888111888,0.0069930069930069,0.0699300699300699,0.5728689275893675,0.5527039413382219,0.5939505041246563,0.6617781851512374,0.7222731439046746,0.7231897341888175,0.6828597616865262,0.6370302474793768,42,,,,,,,,,,,,,,,,,,,,,,,,,,,,,,,,
0.4571189979123173,0.249937369519833,0.0335699373695198,0.0248851774530271,0.1751148225469728,0.0829227557411273,0.0825052192066805,0.090438413361169,0.0889332706766917,0.1885385338345865,0.0,0.0142293233082706,0.0462453007518797,0.0249013157894736,0.0249013157894736,0.0177866541353383,0.1118881118881118,0.3426573426573426,0.0,0.0069930069930069,0.0349650349650349,0.0279720279720279,0.0349650349650349,0.0139860139860139,0.6306141154903758,0.5948670944087993,0.5866177818515125,0.6324472960586618,0.7021081576535289,0.6700274977085243,0.6040329972502292,0.5692025664527957,16,,,,,,,,,,,,,,,,,,,,,,,,,,,,,,,,
0.1160751565762004,0.1955741127348643,0.0065970772442588,0.0031732776617954,0.0455114822546972,0.2225469728601252,0.1061377870563674,0.1215866388308977,0.1671945488721804,0.021343984962406,0.0035573308270676,0.0,0.0284586466165413,0.0249013157894736,0.0462453007518797,0.053359962406015,0.2937062937062937,0.0139860139860139,0.0,0.0,0.0349650349650349,0.0139860139860139,0.0629370629370629,0.0909090909090909,0.5105407882676444,0.5041246562786436,0.5169569202566453,0.5637030247479377,0.6351970669110908,0.6599450045829515,0.6260311640696609,0.5747021081576534,16,,,,,,,,,,,,,,,,,,,,,,,,,,,,,,,,
0.4126096033402923,0.370187891440501,0.0250521920668058,0.0046764091858037,0.0791649269311064,0.1455532359081419,0.008768267223382,0.2509394572025052,0.1102772556390977,0.096047932330827,0.0,0.0,0.0249013157894736,0.021343984962406,0.0,0.0249013157894736,0.1958041958041958,0.1398601398601398,0.0,0.0,0.0139860139860139,0.0349650349650349,0.0,0.0349650349650349,0.5572868927589367,0.533455545371219,0.545371219065078,0.608615948670944,0.6324472960586618,0.617781851512374,0.5783684692942255,0.5637030247479377,16,,,,,,,,,,,,,,,,,,,,,,,,,,,,,,,,
0.1749478079331941,0.1579123173277661,0.048768267223382,0.0281419624217118,0.1126513569937369,0.0915240083507307,0.0435073068893528,0.0563674321503131,0.0711466165413533,0.1458505639097744,0.0071146616541353,0.0035573308270676,0.0355733082706766,0.0355733082706766,0.0035573308270676,0.0498026315789473,0.0839160839160839,0.2657342657342657,0.0,0.0,0.0419580419580419,0.0209790209790209,0.0,0.0209790209790209,0.5545371219065078,0.5618698441796517,0.5756186984417965,0.6012832263978002,0.6434463794683776,0.6736938588450962,0.6645279560036664,0.6388634280476627,42,,,,,,,,,,,,,,,,,,,,,,,,,,,,,,,,
0.275991649269311,0.2492693110647182,0.0483507306889352,0.0071816283924843,0.0401670146137786,0.0959498956158663,0.050187891440501,0.0541127348643006,0.1494078947368421,0.0711466165413533,0.0355733082706766,0.0,0.0035573308270676,0.0711466165413533,0.0142293233082706,0.1316212406015037,0.2377622377622377,0.1188811188811188,0.0699300699300699,0.0,0.0,0.0979020979020979,0.0209790209790209,0.2027972027972027,0.614115490375802,0.5939505041246563,0.6168652612282309,0.688359303391384,0.7488542621448213,0.7415215398716773,0.6828597616865262,0.5902841429880844,16,,,,,,,,,,,,,,,,,,,,,,,,,,,,,,,,
0.5382881002087683,0.3649269311064718,0.2109394572025052,0.191732776617954,0.2035908141962421,0.210187891440501,0.0754906054279749,0.1513987473903966,0.1245065789473684,0.10671992481203,0.010671992481203,0.0,0.021343984962406,0.0604746240601503,0.0604746240601503,0.0249013157894736,0.2657342657342657,0.2587412587412587,0.0,0.0,0.0209790209790209,0.1188811188811188,0.0209790209790209,0.0279720279720279,0.4445462878093492,0.4509624197983501,0.46012832263978,0.5041246562786436,0.5820348304307975,0.5930339138405133,0.5545371219065078,0.5187901008249313,16,,,,,,,,,,,,,,,,,,,,,,,,,,,,,,,,
0.32,0.2091022964509394,0.1924843423799582,0.1300208768267223,0.1615866388308977,0.1772025052192066,0.208517745302714,0.3806263048016701,0.0924906015037594,0.1031625939849624,0.0284586466165413,0.0,0.010671992481203,0.0249013157894736,0.0035573308270676,0.0604746240601503,0.1748251748251748,0.2587412587412587,0.0209790209790209,0.0,0.0139860139860139,0.0279720279720279,0.0,0.1328671328671328,0.5059578368469294,0.4995417048579285,0.4757103574702108,0.4060494958753436,0.4262144821264894,0.4656278643446379,0.4225481209899175,0.3492208982584784,11,,,,,,,,,,,,,,,,,,,,,,,,,,,,,,,,
0.445929018789144,0.3106471816283925,0.2333194154488517,0.2293945720250522,0.2756576200417536,0.1559081419624217,0.0926931106471816,0.1407933194154488,0.1102772556390977,0.0889332706766917,0.0604746240601503,0.0,0.0177866541353383,0.0249013157894736,0.0604746240601503,0.0355733082706766,0.1888111888111888,0.2097902097902098,0.0979020979020979,0.0,0.0139860139860139,0.0489510489510489,0.0209790209790209,0.0629370629370629,0.3327222731439047,0.304307974335472,0.3703024747937672,0.4381301558203483,0.4674610449129239,0.46012832263978,0.4344637946837764,0.384967919340055,16,,,,,,,,,,,,,,,,,,,,,,,,,,,,,,,,
0.4100208768267223,0.4504384133611691,0.1531524008350731,0.2245511482254697,0.307473903966597,0.1708559498956158,0.1192484342379958,0.1573277661795407,0.0782612781954887,0.1494078947368421,0.0142293233082706,0.0,0.0177866541353383,0.0391306390977443,0.0142293233082706,0.0498026315789473,0.1328671328671328,0.3706293706293706,0.0,0.0,0.0139860139860139,0.0489510489510489,0.0,0.0769230769230769,0.3455545371219065,0.3510540788267644,0.3996333638863428,0.4390467461044913,0.4876260311640696,0.4885426214482126,0.454628780934922,0.3923006416131989,16,,,,,,,,,,,,,,,,,,,,,,,,,,,,,,,,
0.0937787056367432,0.4223799582463465,0.3290187891440501,0.2255532359081419,0.2263048016701461,0.1865553235908142,0.0616283924843423,0.084509394572025,0.1245065789473684,0.0996052631578947,0.0,0.0,0.0071146616541353,0.0462453007518797,0.0071146616541353,0.064031954887218,0.3216783216783216,0.1258741258741259,0.0,0.0,0.0,0.0769230769230769,0.0069930069930069,0.1538461538461538,0.3418881759853345,0.3373052245646196,0.3904674610449129,0.4518790100824931,0.4995417048579285,0.5178735105407883,0.4683776351970669,0.3858845096241979,42,,,,,,,,,,,,,,,,,,,,,,,,,,,,,,,,
0.1184968684759916,0.2933611691022964,0.3152400835073068,0.21419624217119,0.2455949895615866,0.1923173277661795,0.0545302713987473,0.0349060542797494,0.1458505639097744,0.0462453007518797,0.0071146616541353,0.0,0.0177866541353383,0.0249013157894736,0.0,0.0142293233082706,0.2657342657342657,0.1188811188811188,0.0069930069930069,0.0,0.0139860139860139,0.0279720279720279,0.0,0.0069930069930069,0.3464711274060494,0.3143904674610449,0.3666361136571952,0.4839596700274977,0.5288725939505041,0.536205316223648,0.4977085242896426,0.4454628780934921,42,,,,,,,,,,,,,,,,,,,,,,,,,,,,,,,,
0.0281419624217118,0.2567014613778705,0.1905636743215031,0.1956576200417536,0.2092693110647181,0.144384133611691,0.0202922755741127,0.0052609603340292,0.074703947368421,0.0675892857142857,0.0142293233082706,0.0035573308270676,0.0,0.0604746240601503,0.0,0.0,0.1608391608391608,0.1748251748251748,0.0069930069930069,0.0,0.0,0.1118881118881118,0.0,0.0,0.3895508707607699,0.3748854262144821,0.4307974335472044,0.53987167736022,0.5600366636113657,0.5572868927589367,0.4949587534372135,0.4702108157653529,16,,,,,,,,,,,,,,,,,,,,,,,,,,,,,,,,
0.0117745302713987,0.2038413361169102,0.1777870563674321,0.0977035490605428,0.170187891440501,0.1302713987473904,0.0479331941544885,0.0867640918580375,0.021343984962406,0.1316212406015037,0.0071146616541353,0.0,0.0071146616541353,0.0142293233082706,0.0249013157894736,0.053359962406015,0.0349650349650349,0.2727272727272727,0.0,0.0,0.0,0.0349650349650349,0.0139860139860139,0.0909090909090909,0.4802933088909258,0.4344637946837764,0.4912923923006416,0.5857011915673694,0.6168652612282309,0.6480293308890925,0.5572868927589367,0.5527039413382219,16,,,,,,,,,,,,,,,,,,,,,,,,,,,,,,,,
0.262964509394572,0.2284759916492693,0.058956158663883,0.0076826722338204,0.1205010438413361,0.1332776617954071,0.1994989561586638,0.2103549060542797,0.085375939849624,0.1138345864661654,0.0391306390977443,0.0,0.0142293233082706,0.0462453007518797,0.064031954887218,0.053359962406015,0.1608391608391608,0.2587412587412587,0.0629370629370629,0.0,0.0,0.0909090909090909,0.1048951048951049,0.0769230769230769,0.5279560036663611,0.4683776351970669,0.5022914757103575,0.5435380384967919,0.6278643446379469,0.6681943171402384,0.6324472960586618,0.5857011915673694,16,,,,,,,,,,,,,,,,,,,,,,,,,,,,,,,,
0.2312317327766179,0.1866388308977035,0.0613778705636743,0.0551148225469728,0.1297703549060542,0.0703966597077244,0.0860125260960334,0.2131106471816284,0.1707518796992481,0.1209492481203007,0.0142293233082706,0.0,0.021343984962406,0.0284586466165413,0.0071146616541353,0.0711466165413533,0.3216783216783216,0.2447552447552447,0.0069930069930069,0.0,0.0209790209790209,0.0419580419580419,0.0069930069930069,0.1258741258741259,0.535288725939505,0.5279560036663611,0.5261228230980751,0.5435380384967919,0.5087076076993584,0.5022914757103575,0.5059578368469294,0.4839596700274977,11,,,,,,,,,,,,,,,,,,,,,,,,,,,,,,,,
0.3995824634655532,0.2361586638830898,0.4147807933194154,0.1102296450939457,0.1876409185803757,0.093027139874739,0.0096033402922755,0.0780793319415448,0.1209492481203007,0.1494078947368421,0.010671992481203,0.0,0.021343984962406,0.032015977443609,0.0035573308270676,0.021343984962406,0.2027972027972027,0.2867132867132867,0.0,0.0,0.0279720279720279,0.0559440559440559,0.0,0.0279720279720279,0.4564619615032081,0.4564619615032081,0.4857928505957837,0.5646196150320807,0.6058661778185152,0.5499541704857929,0.5050412465627865,0.4702108157653529,16,,,,,,,,,,,,,,,,,,,,,,,,,,,,,,,,
0.23741127348643,0.2349060542797494,0.0122755741127348,0.1317745302713987,0.1844676409185804,0.0891022964509394,0.0514405010438413,0.3262630480167015,0.0996052631578947,0.1209492481203007,0.0035573308270676,0.0035573308270676,0.0177866541353383,0.0284586466165413,0.064031954887218,0.021343984962406,0.2167832167832167,0.2657342657342657,0.0,0.0,0.0209790209790209,0.0489510489510489,0.0209790209790209,0.0209790209790209,0.4436296975252062,0.4216315307057745,0.4582951420714941,0.4967919340054995,0.5554537121906509,0.5875343721356554,0.545371219065078,0.5151237396883593,11,,,,,,,,,,,,,,,,,,,,,,,,,,,,,,,,
0.2330688935281837,0.2498538622129436,0.1034655532359081,0.1748643006263047,0.1335281837160751,0.2106054279749478,0.3382045929018789,0.0579540709812108,0.1102772556390977,0.1351785714285714,0.0142293233082706,0.0,0.0,0.042687969924812,0.0675892857142857,0.0142293233082706,0.2307692307692307,0.2727272727272727,0.0,0.0,0.0,0.0559440559440559,0.0419580419580419,0.0069930069930069,0.4637946837763519,0.4344637946837764,0.4876260311640696,0.5242896425297892,0.5756186984417965,0.613198900091659,0.535288725939505,0.5270394133822182,16,,,,,,,,,,,,,,,,,,,,,,,,,,,,,,,,
0.0833402922755741,0.1488100208768267,0.1270981210855949,0.124258872651357,0.1370354906054279,0.2188726513569937,0.6438413361169102,0.1186638830897703,0.0284586466165413,0.0782612781954887,0.010671992481203,0.0,0.0142293233082706,0.1422932330827067,0.128063909774436,0.0355733082706766,0.0559440559440559,0.1538461538461538,0.0139860139860139,0.0,0.0,0.3076923076923077,0.1258741258741259,0.0349650349650349,0.4711274060494959,0.4665444546287809,0.4775435380384968,0.5499541704857929,0.6031164069660861,0.6223648029330889,0.5838680109990835,0.538955087076077,16,,,,,,,,,,,,,,,,,,,,,,,,,,,,,,,,
0.0352400835073068,0.2031732776617954,0.1134029227557411,0.1179123173277661,0.1893945720250522,0.1663465553235908,0.10321503131524,0.075991649269311,0.042687969924812,0.0924906015037594,0.0284586466165413,0.0,0.0284586466165413,0.021343984962406,0.010671992481203,0.032015977443609,0.0699300699300699,0.2167832167832167,0.0209790209790209,0.0,0.0279720279720279,0.0279720279720279,0.0209790209790209,0.0349650349650349,0.5105407882676444,0.4702108157653529,0.4702108157653529,0.5050412465627865,0.608615948670944,0.5811182401466545,0.5197066911090742,0.4647112740604949,16,,,,,,,,,,,,,,,,,,,,,,,,,,,,,,,,
0.1946555323590814,0.1882254697286012,0.1728601252609603,0.1569937369519833,0.2386638830897703,0.1520668058455114,0.1137369519832985,0.1650104384133611,0.1671945488721804,0.0498026315789473,0.0142293233082706,0.0,0.021343984962406,0.0355733082706766,0.0071146616541353,0.042687969924812,0.3286713286713286,0.1118881118881118,0.0139860139860139,0.0,0.0209790209790209,0.0699300699300699,0.0419580419580419,0.0629370629370629,0.3730522456461961,0.3684692942254812,0.4234647112740605,0.4931255728689276,0.5123739688359303,0.4711274060494959,0.4335472043996333,0.4252978918423464,42,,,,,,,,,,,,,,,,,,,,,,,,,,,,,,,,
0.2794154488517745,0.3812108559498955,0.1941544885177452,0.1678496868475991,0.2325678496868476,0.1675156576200417,0.1362839248434238,0.3356993736951983,0.0996052631578947,0.1316212406015037,0.0035573308270676,0.0035573308270676,0.0177866541353383,0.0391306390977443,0.0604746240601503,0.0498026315789473,0.2307692307692307,0.2797202797202797,0.0,0.0069930069930069,0.0209790209790209,0.0769230769230769,0.1398601398601398,0.0909090909090909,0.4252978918423464,0.4234647112740605,0.4234647112740605,0.4958753437213565,0.5435380384967919,0.5646196150320807,0.533455545371219,0.4298808432630614,11,,,,,,,,,,,,,,,,,,,,,,,,,,,,,,,,
0.378705636743215,0.2999582463465553,0.2534446764091858,0.1782045929018789,0.2091022964509394,0.2108559498956158,0.0959498956158663,0.128768267223382,0.1209492481203007,0.0675892857142857,0.064031954887218,0.0,0.021343984962406,0.032015977443609,0.010671992481203,0.021343984962406,0.2027972027972027,0.1048951048951049,0.1328671328671328,0.0,0.0139860139860139,0.0489510489510489,0.0069930069930069,0.0209790209790209,0.3739688359303392,0.4188817598533456,0.4775435380384968,0.5554537121906509,0.5875343721356554,0.541704857928506,0.4692942254812098,0.4527956003666362,42,,,,,,,,,,,,,,,,,,,,,,,,,,,,,,,,
0.2761586638830897,0.2851774530271398,0.127348643006263,0.1771189979123173,0.1573277661795407,0.0898538622129436,0.0132776617954071,0.0872651356993736,0.096047932330827,0.085375939849624,0.0071146616541353,0.0071146616541353,0.0177866541353383,0.032015977443609,0.021343984962406,0.021343984962406,0.1818181818181818,0.1678321678321678,0.0,0.0,0.0279720279720279,0.0279720279720279,0.0419580419580419,0.0209790209790209,0.4931255728689276,0.459211732355637,0.4995417048579285,0.5545371219065078,0.612282309807516,0.6095325389550871,0.5664527956003667,0.4876260311640696,42,,,,,,,,,,,,,,,,,,,,,,,,,,,,,,,,
0.14321503131524,0.2213778705636743,0.0545302713987473,0.1508977035490605,0.2515240083507307,0.1387891440501043,0.1261795407098121,0.2434237995824634,0.0818186090225564,0.1565225563909774,0.010671992481203,0.0,0.0071146616541353,0.0569172932330827,0.0675892857142857,0.1031625939849624,0.1328671328671328,0.3286713286713286,0.0,0.0,0.0,0.0629370629370629,0.1258741258741259,0.1538461538461538,0.4097158570119156,0.3904674610449129,0.4500458295142071,0.5380384967919339,0.5829514207149404,0.5655362053162236,0.5508707607699359,0.5380384967919339,11,,,,,,,,,,,,,,,,,,,,,,,,,,,,,,,,
0.1407098121085595,0.164509394572025,0.0593736951983298,0.1077244258872651,0.0608768267223382,0.1042171189979123,0.3367849686847599,0.4477661795407098,0.117391917293233,0.064031954887218,0.0177866541353383,0.0,0.0071146616541353,0.0284586466165413,0.1600798872180451,0.0569172932330827,0.2657342657342657,0.1398601398601398,0.0209790209790209,0.0,0.0,0.0419580419580419,0.1328671328671328,0.0209790209790209,0.5279560036663611,0.5178735105407883,0.5582034830430798,0.6471127406049496,0.6782768102658111,0.6351970669110908,0.5765352887259395,0.5820348304307975,16,,,,,,,,,,,,,,,,,,,,,,,,,,,,,,,,
0.1907306889352818,0.1503966597077244,0.0382463465553235,0.0091022964509394,0.0334029227557411,0.0545302713987473,0.3947390396659708,0.1137369519832985,0.074703947368421,0.117391917293233,0.010671992481203,0.0,0.0177866541353383,0.074703947368421,0.0498026315789473,0.021343984962406,0.1398601398601398,0.2447552447552447,0.0,0.0,0.0139860139860139,0.0629370629370629,0.0489510489510489,0.0209790209790209,0.5692025664527957,0.544454628780935,0.5948670944087993,0.6278643446379469,0.6168652612282309,0.5967002749770853,0.5536205316223648,0.5545371219065078,16,,,,,,,,,,,,,,,,,,,,,,,,,,,,,,,,
0.3007933194154489,0.2045929018789144,0.0767432150313152,0.0167849686847599,0.081670146137787,0.1021294363256784,0.0174530271398747,0.1413778705636743,0.1138345864661654,0.1458505639097744,0.0071146616541353,0.0,0.0284586466165413,0.021343984962406,0.0,0.0249013157894736,0.2097902097902098,0.3216783216783216,0.0,0.0,0.0349650349650349,0.0069930069930069,0.0,0.0489510489510489,0.5481209899175069,0.5206232813932172,0.5270394133822182,0.5930339138405133,0.5783684692942255,0.5545371219065078,0.5279560036663611,0.541704857928506,42,,,,,,,,,,,,,,,,,,,,,,,,,,,,,,,,
0.2253862212943632,0.2184551148225469,0.138705636743215,0.090438413361169,0.1650939457202505,0.1123173277661795,0.1091440501043841,0.1463048016701461,0.0889332706766917,0.1814238721804511,0.0,0.0,0.0249013157894736,0.0177866541353383,0.0071146616541353,0.0177866541353383,0.1608391608391608,0.3566433566433566,0.0,0.0,0.0209790209790209,0.0139860139860139,0.0,0.0209790209790209,0.5380384967919339,0.5380384967919339,0.5380384967919339,0.5682859761686526,0.5875343721356554,0.6049495875343721,0.613198900091659,0.5829514207149404,16,,,,,,,,,,,,,,,,,,,,,,,,,,,,,,,,
0.2318162839248434,0.388643006263048,0.1267640918580375,0.0794989561586638,0.1712734864300626,0.1505636743215031,0.0689770354906054,0.1869728601252609,0.0889332706766917,0.1209492481203007,0.010671992481203,0.0,0.0249013157894736,0.053359962406015,0.0071146616541353,0.0462453007518797,0.0909090909090909,0.2587412587412587,0.0069930069930069,0.0,0.0139860139860139,0.0769230769230769,0.0,0.0279720279720279,0.537121906507791,0.5142071494042164,0.5050412465627865,0.5169569202566453,0.5756186984417965,0.617781851512374,0.5719523373052245,0.5077910174152155,42,,,,,,,,,,,,,,,,,,,,,,,,,,,,,,,,
0.3240918580375783,0.2490187891440501,0.1326096033402923,0.1767849686847599,0.1466388308977035,0.1667640918580375,0.0275574112734864,0.0338204592901878,0.0498026315789473,0.1458505639097744,0.010671992481203,0.0035573308270676,0.010671992481203,0.0569172932330827,0.0142293233082706,0.0071146616541353,0.0979020979020979,0.2867132867132867,0.0,0.0,0.0139860139860139,0.0839160839160839,0.0,0.0139860139860139,0.4509624197983501,0.462878093492209,0.4940421631530706,0.5554537121906509,0.5985334555453712,0.5811182401466545,0.542621448212649,0.5105407882676444,16,,,,,,,,,,,,,,,,,,,,,,,,,,,,,,,,
0.3561586638830897,0.3366179540709812,0.0610438413361169,0.0171189979123173,0.0334864300626304,0.2210438413361169,0.2828392484342379,0.2237160751565761,0.0818186090225564,0.1636372180451128,0.0071146616541353,0.0,0.0177866541353383,0.0889332706766917,0.0498026315789473,0.0177866541353383,0.1048951048951049,0.3146853146853147,0.0,0.0,0.0139860139860139,0.1608391608391608,0.0559440559440559,0.0,0.4949587534372135,0.4977085242896426,0.5169569202566453,0.5664527956003667,0.5719523373052245,0.6058661778185152,0.5847846012832265,0.5499541704857929,16,,,,,,,,,,,,,,,,,,,,,,,,,,,,,,,,
0.2399164926931106,0.4135281837160752,0.1250104384133611,0.1291858037578288,0.1296868475991649,0.0966179540709812,0.0349060542797494,0.0541962421711899,0.1671945488721804,0.1316212406015037,0.010671992481203,0.0,0.0035573308270676,0.0391306390977443,0.0498026315789473,0.0177866541353383,0.2237762237762237,0.1818181818181818,0.0,0.0,0.0,0.0419580419580419,0.0909090909090909,0.0349650349650349,0.5435380384967919,0.5224564619615032,0.542621448212649,0.5591200733272228,0.5921173235563704,0.6012832263978002,0.5902841429880844,0.544454628780935,42,,,,,,,,,,,,,,,,,,,,,,,,,,,,,,,,
0.0683089770354906,0.187223382045929,0.1600835073068893,0.0982045929018789,0.1233402922755741,0.1759498956158663,0.3615031315240083,0.1541544885177453,0.0391306390977443,0.0711466165413533,0.021343984962406,0.0,0.0035573308270676,0.0996052631578947,0.053359962406015,0.010671992481203,0.0769230769230769,0.1538461538461538,0.0209790209790209,0.0,0.0,0.0909090909090909,0.0559440559440559,0.0069930069930069,0.5068744271310724,0.4766269477543539,0.4720439963336389,0.5004582951420715,0.6021998166819431,0.6040329972502292,0.5508707607699359,0.5114573785517874,16,,,,,,,,,,,,,,,,,,,,,,,,,,,,,,,,
0.4488517745302714,0.7851356993736952,0.1737787056367432,0.1341962421711899,0.1745302713987473,0.1155741127348643,0.0425887265135699,0.1027974947807933,0.3308317669172932,0.1316212406015037,0.010671992481203,0.0035573308270676,0.0142293233082706,0.021343984962406,0.0,0.0177866541353383,0.5034965034965035,0.2307692307692307,0.0,0.0,0.0209790209790209,0.0209790209790209,0.0,0.0139860139860139,0.4977085242896426,0.4903758020164986,0.4894592117323556,0.5499541704857929,0.5710357470210815,0.5646196150320807,0.5435380384967919,0.462878093492209,16,,,,,,,,,,,,,,,,,,,,,,,,,,,,,,,,
0.0527766179540709,0.1569102296450939,0.1458872651356993,0.1528183716075156,0.1893110647181628,0.2025887265135699,0.1078914405010438,0.1010438413361169,0.0,0.042687969924812,0.0,0.0,0.010671992481203,0.021343984962406,0.0142293233082706,0.0,0.0,0.0769230769230769,0.0,0.0,0.0069930069930069,0.0349650349650349,0.0,0.0,0.4289642529789184,0.4344637946837764,0.4610449129239229,0.5261228230980751,0.5646196150320807,0.5820348304307975,0.531622364802933,0.4848762603116406,16,,,,,,,,,,,,,,,,,,,,,,,,,,,,,,,,
0.1043006263048016,0.1569937369519833,0.144384133611691,0.1496450939457202,0.1512317327766179,0.1704384133611691,0.1160751565762004,0.2086012526096033,0.0177866541353383,0.0604746240601503,0.0,0.0,0.0035573308270676,0.0177866541353383,0.010671992481203,0.0249013157894736,0.0279720279720279,0.0979020979020979,0.0,0.0,0.0,0.0209790209790209,0.0,0.0419580419580419,0.462878093492209,0.4472960586617781,0.4555453712190651,0.4802933088909258,0.4903758020164986,0.5261228230980751,0.5105407882676444,0.4775435380384968,16,,,,,,,,,,,,,,,,,,,,,,,,,,,,,,,,
0.1430480167014614,0.1267640918580375,0.10580375782881,0.1592484342379958,0.191482254697286,0.157745302713981,0.1193319415448851,0.0648016701461377,0.042687969924812,0.010671992481203,0.0035573308270676,0.0035573308270676,0.0071146616541353,0.021343984962406,0.010671992481203,0.0071146616541353,0.0909090909090909,0.0,0.0,0.0,0.0,0.0279720279720279,0.0139860139860139,0.0069930069930069,0.4967919340054995,0.4766269477543537,0.4683776351970669,0.5142071494042164,0.5857011915673694,0.5774518790100824,0.5472043996333639,0.5077910174152155,16,,,,,,,,,,,,,,,,,,,,,,,,,,,,,,,,
0.1070563674321503,0.1115657620041753,0.1078079331941544,0.1773695198329853,0.1851356993736952,0.1300208768267223,0.138956158663883,0.0307306889352818,0.0249013157894736,0.0391306390977443,0.0035573308270676,0.0,0.010671992481203,0.0071146616541353,0.0142293233082706,0.0071146616541353,0.0419580419580419,0.0769230769230769,0.0,0.0,0.0209790209790209,0.0,0.0139860139860139,0.0,0.4821264894592117,0.4482126489459211,0.4720439963336389,0.534372135655362,0.6040329972502292,0.6067827681026581,0.5692025664527957,0.4702108157653529,16,,,,,,,,,,,,,,,,,,,,,,,,,,,,,,,,
0.1360334029227557,0.1381210855949895,0.1308559498956158,0.1686012526096033,0.1884759916492693,0.1225887265135699,0.0707306889352818,0.0549478079331941,0.0284586466165413,0.0355733082706766,0.0035573308270676,0.0,0.0035573308270676,0.0071146616541353,0.0071146616541353,0.010671992481203,0.0629370629370629,0.0769230769230769,0.0,0.0,0.0,0.0139860139860139,0.0069930069930069,0.0,0.4252978918423464,0.4014665444546287,0.4931255728689276,0.5985334555453712,0.6425297891842346,0.6608615948670944,0.6058661778185152,0.5618698441796517,16,,,,,,,,,,,,,,,,,,,,,,,,,,,,,,,,
0.0688100208768267,0.0590396659707724,0.0111064718162839,0.1121503131524008,0.1181628392484342,0.2436743215031315,0.0084342379958246,0.125678496868476,0.0142293233082706,0.0462453007518797,0.0071146616541353,0.0,0.010671992481203,0.0355733082706766,0.0,0.0142293233082706,0.0279720279720279,0.0839160839160839,0.0,0.0,0.0139860139860139,0.0139860139860139,0.0,0.0209790209790209,0.4977085242896426,0.4839596700274977,0.5563703024747938,0.6196150320806599,0.6764436296975253,0.7131072410632449,0.6645279560036663,0.6251145737855179,16,,,,,,,,,,,,,,,,,,,,,,,,,,,,,,,,
0.1347807933194154,0.0641336116910229,0.0133611691022964,0.0086012526096033,0.0121085594989561,0.1566597077244259,0.5484759916492693,0.1407933194154488,0.0249013157894736,0.042687969924812,0.0071146616541353,0.0,0.0,0.2276691729323308,0.0569172932330827,0.053359962406015,0.0349650349650349,0.0839160839160839,0.0,0.0,0.0,0.3216783216783216,0.0419580419580419,0.0909090909090909,0.5572868927589367,0.5600366636113657,0.5875343721356554,0.6562786434463794,0.7314390467461045,0.7231897341888175,0.6196150320806599,0.5747021081576534,16,,,,,,,,,,,,,,,,,,,,,,,,,,,,,,,,
0.3634237995824635,0.1372025052192066,0.0145302713987473,0.0142797494780793,0.0634655532359081,0.0642171189979123,0.1008768267223381,0.0212943632567849,0.1316212406015037,0.0249013157894736,0.0,0.0,0.0035573308270676,0.0355733082706766,0.0249013157894736,0.0284586466165413,0.2377622377622377,0.0139860139860139,0.0,0.0,0.0,0.0349650349650349,0.0349650349650349,0.0629370629370629,0.5279560036663611,0.4857928505957837,0.4995417048579284,0.53987167736022,0.5737855178735105,0.5682859761686526,0.527039413382218,0.5004582951420715,42,,,,,,,,,,,,,,,,,,,,,,,,,,,,,,,,
0.1380375782881002,0.5594989561586639,0.1820459290187891,0.2033402922755741,0.1877244258872651,0.1263465553235908,0.0692275574112734,0.0227139874739039,0.1707518796992481,0.1422932330827067,0.010671992481203,0.0,0.021343984962406,0.0142293233082706,0.0249013157894736,0.0177866541353383,0.2587412587412587,0.2797202797202797,0.0,0.0,0.0209790209790209,0.0559440559440559,0.0629370629370629,0.0139860139860139,0.4775435380384968,0.4637946837763519,0.4912923923006416,0.5288725939505041,0.5646196150320807,0.5875343721356554,0.5582034830430798,0.4967919340054995,42,,,,,,,,,,,,,,,,,,,,,,,,,,,,,,,,
0.1807933194154488,0.4758246346555323,0.1505636743215031,0.1535699373695198,0.1969937369519833,0.0678079331941544,0.0116910229645093,0.0783298538622129,0.1956531954887218,0.1351785714285714,0.0142293233082706,0.0,0.032015977443609,0.0284586466165413,0.0,0.021343984962406,0.3566433566433566,0.2587412587412587,0.0069930069930069,0.0,0.0279720279720279,0.0209790209790209,0.0,0.0139860139860139,0.4289642529789184,0.3996333638863428,0.4986251145737855,0.5508707607699359,0.5921173235563704,0.6351970669110908,0.5847846012832264,0.5233730522456461,42,,,,,,,,,,,,,,,,,,,,,,,,,,,,,,,,
0.174446764091858,0.1278496868475991,0.0941127348643006,0.0683089770354906,0.165929018789144,0.0869311064718162,0.0691440501043841,0.0206263048016701,0.0284586466165413,0.1387359022556391,0.0996052631578947,0.0,0.0,0.0355733082706766,0.0355733082706766,0.1138345864661654,0.0279720279720279,0.2027972027972027,0.2027972027972027,0.0,0.0,0.0279720279720279,0.0629370629370629,0.0349650349650349,0.4812098991750687,0.4491292392300642,0.5664527956003667,0.6251145737855179,0.6966086159486709,0.7323556370302474,0.6764436296975253,0.6104491292392301,16,,,,,,,,,,,,,,,,,,,,,,,,,,,,,,,,
0.1129853862212943,0.2129436325678496,0.0519415448851774,0.0155323590814196,0.0620459290187891,0.102964509394572,0.0228810020876826,0.0491858037578288,0.0569172932330827,0.1245065789473684,0.0142293233082706,0.0,0.021343984962406,0.0711466165413533,0.0071146616541353,0.021343984962406,0.1048951048951049,0.2587412587412587,0.0,0.0,0.0209790209790209,0.0769230769230769,0.0,0.0279720279720279,0.5536205316223648,0.4995417048579285,0.6067827681026581,0.6782768102658112,0.7167736021998166,0.7378551787351053,0.6975252062328139,0.6526122823098075,16,,,,,,,,,,,,,,,,,,,,,,,,,,,,,,,,
0.2438413361169102,0.2138622129436325,0.0901043841336116,0.0180375782881002,0.0630480167014613,0.0190396659707724,0.0141127348643006,0.2011691022964509,0.117391917293233,0.0996052631578947,0.0142293233082706,0.0,0.032015977443609,0.021343984962406,0.0,0.0284586466165413,0.1468531468531468,0.1818181818181818,0.0,0.0,0.0349650349650349,0.0419580419580419,0.0,0.0349650349650349,0.5728689275893676,0.5627864344637947,0.6223648029330889,0.692942254812099,0.7332722273143903,0.7525206232813932,0.6828597616865262,0.6296975252062328,16,,,,,,,,,,,,,,,,,,,,,,,,,,,,,,,,
0.1343632567849687,0.2114405010438413,0.0420041753653444,0.0303966597077244,0.0378288100208768,0.0730688935281837,0.0886847599164926,0.1780375782881002,0.1102772556390977,0.1138345864661654,0.0355733082706766,0.0,0.0142293233082706,0.021343984962406,0.042687969924812,0.0391306390977443,0.1818181818181818,0.1608391608391608,0.0699300699300699,0.0,0.0139860139860139,0.0279720279720279,0.0279720279720279,0.0209790209790209,0.608615948670944,0.5737855178735105,0.608615948670944,0.6516956920256646,0.6691109074243814,0.7076076993583869,0.6581118240146654,0.6214482126489459,16,,,,,,,,,,,,,,,,,,,,,,,,,,,,,,,,
0.163089770354906,0.1535699373695198,0.2683089770354906,0.0181210855949895,0.0410020876826722,0.0587891440501043,0.0326513569937369,0.4577870563674321,0.1529652255639097,0.1031625939849624,0.0071146616541353,0.0,0.0177866541353383,0.0498026315789473,0.0498026315789473,0.085375939849624,0.3006993006993007,0.1748251748251748,0.0,0.0,0.0209790209790209,0.0489510489510489,0.0,0.0419580419580419,0.5829514207149404,0.532538955087076,0.5682859761686526,0.6003666361136573,0.6452795600366636,0.6562786434463794,0.6287809349220899,0.5838680109990835,16,,,,,,,,,,,,,,,,,,,,,,,,,,,,,,,,
0.0673903966597077,0.1767849686847599,0.0471816283924843,0.0182881002087682,0.0399164926931106,0.0726513569937369,0.0207933194154488,0.0759081419624217,0.1458505639097744,0.1565225563909774,0.010671992481203,0.0035573308270676,0.021343984962406,0.021343984962406,0.032015977443609,0.0391306390977443,0.2517482517482518,0.3006993006993007,0.0,0.0,0.0209790209790209,0.0279720279720279,0.0209790209790209,0.0279720279720279,0.5206232813932172,0.4867094408799266,0.5132905591200734,0.5637030247479377,0.6168652612282309,0.6342804766269478,0.614115490375802,0.5536205316223648,16,,,,,,,,,,,,,,,,,,,,,,,,,,,,,,,,
0.2703131524008351,0.2042588726513569,0.2493528183716075,0.0151983298538622,0.0696450939457202,0.2531106471816284,0.0572025052192066,0.1786221294363256,0.117391917293233,0.1494078947368421,0.010671992481203,0.0,0.0177866541353383,0.0249013157894736,0.0284586466165413,0.0924906015037594,0.0769230769230769,0.2657342657342657,0.0069930069930069,0.0,0.0139860139860139,0.0279720279720279,0.0489510489510489,0.1678321678321678,0.5077910174152155,0.462878093492209,0.5105407882676444,0.5572868927589367,0.6223648029330889,0.6324472960586618,0.5912007332722273,0.5472043996333639,16,,,,,,,,,,,,,,,,,,,,,,,,,,,,,,,,
0.1018789144050104,0.2652192066805846,0.1058872651356993,0.0469311064718162,0.0787473903966597,0.1058872651356993,0.0254697286012526,0.0977870563674321,0.053359962406015,0.1849812030075188,0.021343984962406,0.0355733082706766,0.0249013157894736,0.042687969924812,0.021343984962406,0.117391917293233,0.0769230769230769,0.3146853146853147,0.0139860139860139,0.0069930069930069,0.0209790209790209,0.0489510489510489,0.0069930069930069,0.1538461538461538,0.4958753437213565,0.4610449129239229,0.53987167736022,0.6049495875343721,0.6425297891842346,0.69019248395967,0.6287809349220899,0.6260311640696609,16,,,,,,,,,,,,,,,,,,,,,,,,,,,,,,,,
0.1315240083507306,0.2421711899791232,0.028643006263048,0.0373277661795407,0.0656367432150313,0.1491440501043841,0.1746137787056367,0.1297703549060542,0.128063909774436,0.085375939849624,0.0071146616541353,0.0142293233082706,0.042687969924812,0.10671992481203,0.053359962406015,0.0355733082706766,0.1958041958041958,0.1468531468531468,0.0,0.0139860139860139,0.0629370629370629,0.1118881118881118,0.0909090909090909,0.0139860139860139,0.6076993583868011,0.5765352887259395,0.617781851512374,0.6709440879926672,0.5866177818515125,0.5710357470210815,0.5728689275893676,0.5857011915673694,16,,,,,,,,,,,,,,,,,,,,,,,,,,,,,,,,
0.2171189979123173,0.6015031315240084,0.0831732776617954,0.0243006263048016,0.0526096033402922,0.1665970772442588,0.1196659707724425,0.3868893528183716,0.1565225563909774,0.2027678571428571,0.021343984962406,0.0,0.032015977443609,0.0711466165413533,0.0711466165413533,0.053359962406015,0.3216783216783216,0.3076923076923077,0.0,0.0,0.0279720279720279,0.0769230769230769,0.0699300699300699,0.0909090909090909,0.5728689275893676,0.5618698441796517,0.5765352887259395,0.6003666361136573,0.616865261228231,0.6553620531622365,0.6452795600366636,0.5985334555453712,16,,,,,,,,,,,,,,,,,,,,,,,,,,,,,,,,
0.3412108559498956,0.2909394572025052,0.067223382045929,0.0211273486430062,0.068893528183716,0.0823382045929018,0.0903549060542797,0.1524843423799582,0.1529652255639097,0.1245065789473684,0.0035573308270676,0.0,0.042687969924812,0.0462453007518797,0.0675892857142857,0.0569172932330827,0.2517482517482518,0.2167832167832167,0.0069930069930069,0.0,0.0419580419580419,0.0699300699300699,0.0559440559440559,0.0769230769230769,0.5682859761686526,0.5307057745187901,0.5572868927589367,0.611365719523373,0.6269477543538039,0.6315307057745189,0.5563703024747938,0.5160403299725023,16,,,,,,,,,,,,,,,,,,,,,,,,,,,,,,,,
0.2262212943632567,0.253945720250522,0.0474321503131523,0.0202087682672233,0.2170354906054279,0.3584133611691023,0.1666805845511482,0.1951565762004175,0.117391917293233,0.1351785714285714,0.0177866541353383,0.0,0.0569172932330827,0.0996052631578947,0.0391306390977443,0.0391306390977443,0.1888111888111888,0.2447552447552447,0.0139860139860139,0.0,0.0629370629370629,0.0699300699300699,0.0349650349650349,0.0489510489510489,0.4949587534372135,0.5059578368469294,0.5499541704857929,0.6067827681026581,0.6507791017415215,0.6471127406049496,0.5664527956003667,0.5435380384967919,16,,,,,,,,,,,,,,,,,,,,,,,,,,,,,,,,
0.2426722338204592,0.2178705636743215,0.0675574112734864,0.0435908141962421,0.2084342379958246,0.1067223382045929,0.0928601252609603,0.0633820459290187,0.1031625939849624,0.1209492481203007,0.0249013157894736,0.0,0.085375939849624,0.0675892857142857,0.0391306390977443,0.0355733082706766,0.2237762237762237,0.2167832167832167,0.0139860139860139,0.0,0.1118881118881118,0.0559440559440559,0.0699300699300699,0.0279720279720279,0.4949587534372135,0.4857928505957837,0.5435380384967919,0.5802016498625114,0.6251145737855179,0.6498625114573785,0.615032080659945,0.5820348304307975,42,,,,,,,,,,,,,,,,,,,,,,,,,,,,,,,,
0.4369102296450939,0.4932776617954071,0.0444258872651356,0.0245511482254697,0.0855114822546972,0.1220876826722338,0.1000417536534446,0.3852192066805845,0.2525704887218045,0.1102772556390977,0.010671992481203,0.0,0.0462453007518797,0.0711475563909774,0.0996052631578947,0.053359962406015,0.4335664335664335,0.1048951048951049,0.0,0.0,0.0559440559440559,0.1188811188811188,0.0699300699300699,0.0839160839160839,0.5151237396883593,0.5096241979835014,0.5893675527039414,0.6636113657195234,0.7259395050412465,0.7736021998166819,0.7121906507791017,0.6626947754353805,16,,,,,,,,,,,,,,,,,,,,,,,,,,,,,,,,
0.2435908141962421,0.3144885177453027,0.0435908141962421,0.0273068893528183,0.0956993736951983,0.0946137787056367,0.2389144050104384,0.1643423799582463,0.128063909774436,0.1387359022556391,0.0,0.0,0.0391306390977443,0.0889332706766917,0.0177866541353383,0.0996052631578947,0.1958041958041958,0.2027972027972027,0.0,0.0,0.0419580419580419,0.0629370629370629,0.0139860139860139,0.1678321678321678,0.6168652612282309,0.5508707607699359,0.6681943171402384,0.7158570119156736,0.7745187901008248,0.8276810265811183,0.8130155820348303,0.6535288725939504,16,,,,,,,,,,,,,,,,,,,,,,,,,,,,,,,,
0.085929018789144,0.2211273486430063,0.0440918580375782,0.0423382045929018,0.0652192066805845,0.1531524008350731,0.0870146137787056,0.1378705636743215,0.0177866541353383,0.1209492481203007,0.0,0.0142293233082706,0.042687969924812,0.1138345864661654,0.0177866541353383,0.0996052631578947,0.0279720279720279,0.1958041958041958,0.0,0.0209790209790209,0.0419580419580419,0.1888111888111888,0.0069930069930069,0.0699300699300699,0.5728689275893675,0.5527039413382219,0.5939505041246563,0.6617781851512374,0.7222731439046746,0.7231897341888175,0.6828597616865262,0.6370302474793768,16,,,,,,,,,,,,,,,,,,,,,,,,,,,,,,,,
0.4571189979123173,0.249937369519833,0.0335699373695198,0.0248851774530271,0.1751148225469728,0.0829227557411273,0.0825052192066805,0.090438413361169,0.0889332706766917,0.1885385338345865,0.0,0.0142293233082706,0.0462453007518797,0.0249013157894736,0.0249013157894736,0.0177866541353383,0.1118881118881118,0.3426573426573426,0.0,0.0069930069930069,0.0349650349650349,0.0279720279720279,0.0349650349650349,0.0139860139860139,0.6306141154903758,0.5948670944087993,0.5866177818515125,0.6324472960586618,0.7021081576535289,0.6700274977085243,0.6040329972502292,0.5692025664527957,16,,,,,,,,,,,,,,,,,,,,,,,,,,,,,,,,
0.1160751565762004,0.1955741127348643,0.0065970772442588,0.0031732776617954,0.0455114822546972,0.2225469728601252,0.1061377870563674,0.1215866388308977,0.1671945488721804,0.021343984962406,0.0035573308270676,0.0,0.0284586466165413,0.0249013157894736,0.0462453007518797,0.053359962406015,0.2937062937062937,0.0139860139860139,0.0,0.0,0.0349650349650349,0.0139860139860139,0.0629370629370629,0.0909090909090909,0.5105407882676444,0.5041246562786436,0.5169569202566453,0.5637030247479377,0.6351970669110908,0.6599450045829515,0.6260311640696609,0.5747021081576534,16,,,,,,,,,,,,,,,,,,,,,,,,,,,,,,,,
0.4126096033402923,0.370187891440501,0.0250521920668058,0.0046764091858037,0.0791649269311064,0.1455532359081419,0.008768267223382,0.2509394572025052,0.1102772556390977,0.096047932330827,0.0,0.0,0.0249013157894736,0.021343984962406,0.0,0.0249013157894736,0.1958041958041958,0.1398601398601398,0.0,0.0,0.0139860139860139,0.0349650349650349,0.0,0.0349650349650349,0.5572868927589367,0.533455545371219,0.545371219065078,0.608615948670944,0.6324472960586618,0.617781851512374,0.5783684692942255,0.5637030247479377,42,,,,,,,,,,,,,,,,,,,,,,,,,,,,,,,,
0.1749478079331941,0.1579123173277661,0.048768267223382,0.0281419624217118,0.1126513569937369,0.0915240083507307,0.0435073068893528,0.0563674321503131,0.0711466165413533,0.1458505639097744,0.0071146616541353,0.0035573308270676,0.0355733082706766,0.0355733082706766,0.0035573308270676,0.0498026315789473,0.0839160839160839,0.2657342657342657,0.0,0.0,0.0419580419580419,0.0209790209790209,0.0,0.0209790209790209,0.5545371219065078,0.5618698441796517,0.5756186984417965,0.6012832263978002,0.6434463794683776,0.6736938588450962,0.6645279560036664,0.6388634280476627,16,,,,,,,,,,,,,,,,,,,,,,,,,,,,,,,,
0.275991649269311,0.2492693110647182,0.0483507306889352,0.0071816283924843,0.0401670146137786,0.0959498956158663,0.050187891440501,0.0541127348643006,0.1494078947368421,0.0711466165413533,0.0355733082706766,0.0,0.0035573308270676,0.0711466165413533,0.0142293233082706,0.1316212406015037,0.2377622377622377,0.1188811188811188,0.0699300699300699,0.0,0.0,0.0979020979020979,0.0209790209790209,0.2027972027972027,0.614115490375802,0.5939505041246563,0.6168652612282309,0.688359303391384,0.7488542621448213,0.7415215398716773,0.6828597616865262,0.5902841429880844,16,,,,,,,,,,,,,,,,,,,,,,,,,,,,,,,,
0.5382881002087683,0.3649269311064718,0.2109394572025052,0.191732776617954,0.2035908141962421,0.210187891440501,0.0754906054279749,0.1513987473903966,0.1245065789473684,0.10671992481203,0.010671992481203,0.0,0.021343984962406,0.0604746240601503,0.0604746240601503,0.0249013157894736,0.2657342657342657,0.2587412587412587,0.0,0.0,0.0209790209790209,0.1188811188811188,0.0209790209790209,0.0279720279720279,0.4445462878093492,0.4509624197983501,0.46012832263978,0.5041246562786436,0.5820348304307975,0.5930339138405133,0.5545371219065078,0.5187901008249313,16,,,,,,,,,,,,,,,,,,,,,,,,,,,,,,,,
0.32,0.2091022964509394,0.1924843423799582,0.1300208768267223,0.1615866388308977,0.1772025052192066,0.208517745302714,0.3806263048016701,0.0924906015037594,0.1031625939849624,0.0284586466165413,0.0,0.010671992481203,0.0249013157894736,0.0035573308270676,0.0604746240601503,0.1748251748251748,0.2587412587412587,0.0209790209790209,0.0,0.0139860139860139,0.0279720279720279,0.0,0.1328671328671328,0.5059578368469294,0.4995417048579285,0.4757103574702108,0.4060494958753436,0.4262144821264894,0.4656278643446379,0.4225481209899175,0.3492208982584784,15,,,,,,,,,,,,,,,,,,,,,,,,,,,,,,,,
0.445929018789144,0.3106471816283925,0.2333194154488517,0.2293945720250522,0.2756576200417536,0.1559081419624217,0.0926931106471816,0.1407933194154488,0.1102772556390977,0.0889332706766917,0.0604746240601503,0.0,0.0177866541353383,0.0249013157894736,0.0604746240601503,0.0355733082706766,0.1888111888111888,0.2097902097902098,0.0979020979020979,0.0,0.0139860139860139,0.0489510489510489,0.0209790209790209,0.0629370629370629,0.3327222731439047,0.304307974335472,0.3703024747937672,0.4381301558203483,0.4674610449129239,0.46012832263978,0.4344637946837764,0.384967919340055,15,,,,,,,,,,,,,,,,,,,,,,,,,,,,,,,,
0.4100208768267223,0.4504384133611691,0.1531524008350731,0.2245511482254697,0.307473903966597,0.1708559498956158,0.1192484342379958,0.1573277661795407,0.0782612781954887,0.1494078947368421,0.0142293233082706,0.0,0.0177866541353383,0.0391306390977443,0.0142293233082706,0.0498026315789473,0.1328671328671328,0.3706293706293706,0.0,0.0,0.0139860139860139,0.0489510489510489,0.0,0.0769230769230769,0.3455545371219065,0.3510540788267644,0.3996333638863428,0.4390467461044913,0.4876260311640696,0.4885426214482126,0.454628780934922,0.3923006416131989,16,,,,,,,,,,,,,,,,,,,,,,,,,,,,,,,,
0.0937787056367432,0.4223799582463465,0.3290187891440501,0.2255532359081419,0.2263048016701461,0.1865553235908142,0.0616283924843423,0.084509394572025,0.1245065789473684,0.0996052631578947,0.0,0.0,0.0071146616541353,0.0462453007518797,0.0071146616541353,0.064031954887218,0.3216783216783216,0.1258741258741259,0.0,0.0,0.0,0.0769230769230769,0.0069930069930069,0.1538461538461538,0.3418881759853345,0.3373052245646196,0.3904674610449129,0.4518790100824931,0.4995417048579285,0.5178735105407883,0.4683776351970669,0.3858845096241979,15,,,,,,,,,,,,,,,,,,,,,,,,,,,,,,,,
0.1184968684759916,0.2933611691022964,0.3152400835073068,0.21419624217119,0.2455949895615866,0.1923173277661795,0.0545302713987473,0.0349060542797494,0.1458505639097744,0.0462453007518797,0.0071146616541353,0.0,0.0177866541353383,0.0249013157894736,0.0,0.0142293233082706,0.2657342657342657,0.1188811188811188,0.0069930069930069,0.0,0.0139860139860139,0.0279720279720279,0.0,0.0069930069930069,0.3464711274060494,0.3143904674610449,0.3666361136571952,0.4839596700274977,0.5288725939505041,0.536205316223648,0.4977085242896426,0.4454628780934921,15,,,,,,,,,,,,,,,,,,,,,,,,,,,,,,,,
0.0281419624217118,0.2567014613778705,0.1905636743215031,0.1956576200417536,0.2092693110647181,0.144384133611691,0.0202922755741127,0.0052609603340292,0.074703947368421,0.0675892857142857,0.0142293233082706,0.0035573308270676,0.0,0.0604746240601503,0.0,0.0,0.1608391608391608,0.1748251748251748,0.0069930069930069,0.0,0.0,0.1118881118881118,0.0,0.0,0.3895508707607699,0.3748854262144821,0.4307974335472044,0.53987167736022,0.5600366636113657,0.5572868927589367,0.4949587534372135,0.4702108157653529,16,,,,,,,,,,,,,,,,,,,,,,,,,,,,,,,,
0.0117745302713987,0.2038413361169102,0.1777870563674321,0.0977035490605428,0.170187891440501,0.1302713987473904,0.0479331941544885,0.0867640918580375,0.021343984962406,0.1316212406015037,0.0071146616541353,0.0,0.0071146616541353,0.0142293233082706,0.0249013157894736,0.053359962406015,0.0349650349650349,0.2727272727272727,0.0,0.0,0.0,0.0349650349650349,0.0139860139860139,0.0909090909090909,0.4802933088909258,0.4344637946837764,0.4912923923006416,0.5857011915673694,0.6168652612282309,0.6480293308890925,0.5572868927589367,0.5527039413382219,16,,,,,,,,,,,,,,,,,,,,,,,,,,,,,,,,
0.262964509394572,0.2284759916492693,0.058956158663883,0.0076826722338204,0.1205010438413361,0.1332776617954071,0.1994989561586638,0.2103549060542797,0.085375939849624,0.1138345864661654,0.0391306390977443,0.0,0.0142293233082706,0.0462453007518797,0.064031954887218,0.053359962406015,0.1608391608391608,0.2587412587412587,0.0629370629370629,0.0,0.0,0.0909090909090909,0.1048951048951049,0.0769230769230769,0.5279560036663611,0.4683776351970669,0.5022914757103575,0.5435380384967919,0.6278643446379469,0.6681943171402384,0.6324472960586618,0.5857011915673694,16,,,,,,,,,,,,,,,,,,,,,,,,,,,,,,,,
0.2312317327766179,0.1866388308977035,0.0613778705636743,0.0551148225469728,0.1297703549060542,0.0703966597077244,0.0860125260960334,0.2131106471816284,0.1707518796992481,0.1209492481203007,0.0142293233082706,0.0,0.021343984962406,0.0284586466165413,0.0071146616541353,0.0711466165413533,0.3216783216783216,0.2447552447552447,0.0069930069930069,0.0,0.0209790209790209,0.0419580419580419,0.0069930069930069,0.1258741258741259,0.535288725939505,0.5279560036663611,0.5261228230980751,0.5435380384967919,0.5087076076993584,0.5022914757103575,0.5059578368469294,0.4839596700274977,16,,,,,,,,,,,,,,,,,,,,,,,,,,,,,,,,
0.3995824634655532,0.2361586638830898,0.4147807933194154,0.1102296450939457,0.1876409185803757,0.093027139874739,0.0096033402922755,0.0780793319415448,0.1209492481203007,0.1494078947368421,0.010671992481203,0.0,0.021343984962406,0.032015977443609,0.0035573308270676,0.021343984962406,0.2027972027972027,0.2867132867132867,0.0,0.0,0.0279720279720279,0.0559440559440559,0.0,0.0279720279720279,0.4564619615032081,0.4564619615032081,0.4857928505957837,0.5646196150320807,0.6058661778185152,0.5499541704857929,0.5050412465627865,0.4702108157653529,16,,,,,,,,,,,,,,,,,,,,,,,,,,,,,,,,
0.23741127348643,0.2349060542797494,0.0122755741127348,0.1317745302713987,0.1844676409185804,0.0891022964509394,0.0514405010438413,0.3262630480167015,0.0996052631578947,0.1209492481203007,0.0035573308270676,0.0035573308270676,0.0177866541353383,0.0284586466165413,0.064031954887218,0.021343984962406,0.2167832167832167,0.2657342657342657,0.0,0.0,0.0209790209790209,0.0489510489510489,0.0209790209790209,0.0209790209790209,0.4436296975252062,0.4216315307057745,0.4582951420714941,0.4967919340054995,0.5554537121906509,0.5875343721356554,0.545371219065078,0.5151237396883593,42,,,,,,,,,,,,,,,,,,,,,,,,,,,,,,,,
0.2330688935281837,0.2498538622129436,0.1034655532359081,0.1748643006263047,0.1335281837160751,0.2106054279749478,0.3382045929018789,0.0579540709812108,0.1102772556390977,0.1351785714285714,0.0142293233082706,0.0,0.0,0.042687969924812,0.0675892857142857,0.0142293233082706,0.2307692307692307,0.2727272727272727,0.0,0.0,0.0,0.0559440559440559,0.0419580419580419,0.0069930069930069,0.4637946837763519,0.4344637946837764,0.4876260311640696,0.5242896425297892,0.5756186984417965,0.613198900091659,0.535288725939505,0.5270394133822182,16,,,,,,,,,,,,,,,,,,,,,,,,,,,,,,,,
0.0833402922755741,0.1488100208768267,0.1270981210855949,0.124258872651357,0.1370354906054279,0.2188726513569937,0.6438413361169102,0.1186638830897703,0.0284586466165413,0.0782612781954887,0.010671992481203,0.0,0.0142293233082706,0.1422932330827067,0.128063909774436,0.0355733082706766,0.0559440559440559,0.1538461538461538,0.0139860139860139,0.0,0.0,0.3076923076923077,0.1258741258741259,0.0349650349650349,0.4711274060494959,0.4665444546287809,0.4775435380384968,0.5499541704857929,0.6031164069660861,0.6223648029330889,0.5838680109990835,0.538955087076077,16,,,,,,,,,,,,,,,,,,,,,,,,,,,,,,,,
0.0352400835073068,0.2031732776617954,0.1134029227557411,0.1179123173277661,0.1893945720250522,0.1663465553235908,0.10321503131524,0.075991649269311,0.042687969924812,0.0924906015037594,0.0284586466165413,0.0,0.0284586466165413,0.021343984962406,0.010671992481203,0.032015977443609,0.0699300699300699,0.2167832167832167,0.0209790209790209,0.0,0.0279720279720279,0.0279720279720279,0.0209790209790209,0.0349650349650349,0.5105407882676444,0.4702108157653529,0.4702108157653529,0.5050412465627865,0.608615948670944,0.5811182401466545,0.5197066911090742,0.4647112740604949,16,,,,,,,,,,,,,,,,,,,,,,,,,,,,,,,,
0.1946555323590814,0.1882254697286012,0.1728601252609603,0.1569937369519833,0.2386638830897703,0.1520668058455114,0.1137369519832985,0.1650104384133611,0.1671945488721804,0.0498026315789473,0.0142293233082706,0.0,0.021343984962406,0.0355733082706766,0.0071146616541353,0.042687969924812,0.3286713286713286,0.1118881118881118,0.0139860139860139,0.0,0.0209790209790209,0.0699300699300699,0.0419580419580419,0.0629370629370629,0.3730522456461961,0.3684692942254812,0.4234647112740605,0.4931255728689276,0.5123739688359303,0.4711274060494959,0.4335472043996333,0.4252978918423464,15,,,,,,,,,,,,,,,,,,,,,,,,,,,,,,,,
0.2794154488517745,0.3812108559498955,0.1941544885177452,0.1678496868475991,0.2325678496868476,0.1675156576200417,0.1362839248434238,0.3356993736951983,0.0996052631578947,0.1316212406015037,0.0035573308270676,0.0035573308270676,0.0177866541353383,0.0391306390977443,0.0604746240601503,0.0498026315789473,0.2307692307692307,0.2797202797202797,0.0,0.0069930069930069,0.0209790209790209,0.0769230769230769,0.1398601398601398,0.0909090909090909,0.4252978918423464,0.4234647112740605,0.4234647112740605,0.4958753437213565,0.5435380384967919,0.5646196150320807,0.533455545371219,0.4298808432630614,42,,,,,,,,,,,,,,,,,,,,,,,,,,,,,,,,
0.378705636743215,0.2999582463465553,0.2534446764091858,0.1782045929018789,0.2091022964509394,0.2108559498956158,0.0959498956158663,0.128768267223382,0.1209492481203007,0.0675892857142857,0.064031954887218,0.0,0.021343984962406,0.032015977443609,0.010671992481203,0.021343984962406,0.2027972027972027,0.1048951048951049,0.1328671328671328,0.0,0.0139860139860139,0.0489510489510489,0.0069930069930069,0.0209790209790209,0.3739688359303392,0.4188817598533456,0.4775435380384968,0.5554537121906509,0.5875343721356554,0.541704857928506,0.4692942254812098,0.4527956003666362,15,,,,,,,,,,,,,,,,,,,,,,,,,,,,,,,,
0.2761586638830897,0.2851774530271398,0.127348643006263,0.1771189979123173,0.1573277661795407,0.0898538622129436,0.0132776617954071,0.0872651356993736,0.096047932330827,0.085375939849624,0.0071146616541353,0.0071146616541353,0.0177866541353383,0.032015977443609,0.021343984962406,0.021343984962406,0.1818181818181818,0.1678321678321678,0.0,0.0,0.0279720279720279,0.0279720279720279,0.0419580419580419,0.0209790209790209,0.4931255728689276,0.459211732355637,0.4995417048579285,0.5545371219065078,0.612282309807516,0.6095325389550871,0.5664527956003667,0.4876260311640696,16,,,,,,,,,,,,,,,,,,,,,,,,,,,,,,,,
0.14321503131524,0.2213778705636743,0.0545302713987473,0.1508977035490605,0.2515240083507307,0.1387891440501043,0.1261795407098121,0.2434237995824634,0.0818186090225564,0.1565225563909774,0.010671992481203,0.0,0.0071146616541353,0.0569172932330827,0.0675892857142857,0.1031625939849624,0.1328671328671328,0.3286713286713286,0.0,0.0,0.0,0.0629370629370629,0.1258741258741259,0.1538461538461538,0.4097158570119156,0.3904674610449129,0.4500458295142071,0.5380384967919339,0.5829514207149404,0.5655362053162236,0.5508707607699359,0.5380384967919339,42,,,,,,,,,,,,,,,,,,,,,,,,,,,,,,,,
0.1407098121085595,0.164509394572025,0.0593736951983298,0.1077244258872651,0.0608768267223382,0.1042171189979123,0.3367849686847599,0.4477661795407098,0.117391917293233,0.064031954887218,0.0177866541353383,0.0,0.0071146616541353,0.0284586466165413,0.1600798872180451,0.0569172932330827,0.2657342657342657,0.1398601398601398,0.0209790209790209,0.0,0.0,0.0419580419580419,0.1328671328671328,0.0209790209790209,0.5279560036663611,0.5178735105407883,0.5582034830430798,0.6471127406049496,0.6782768102658111,0.6351970669110908,0.5765352887259395,0.5820348304307975,16,,,,,,,,,,,,,,,,,,,,,,,,,,,,,,,,
0.1907306889352818,0.1503966597077244,0.0382463465553235,0.0091022964509394,0.0334029227557411,0.0545302713987473,0.3947390396659708,0.1137369519832985,0.074703947368421,0.117391917293233,0.010671992481203,0.0,0.0177866541353383,0.074703947368421,0.0498026315789473,0.021343984962406,0.1398601398601398,0.2447552447552447,0.0,0.0,0.0139860139860139,0.0629370629370629,0.0489510489510489,0.0209790209790209,0.5692025664527957,0.544454628780935,0.5948670944087993,0.6278643446379469,0.6168652612282309,0.5967002749770853,0.5536205316223648,0.5545371219065078,16,,,,,,,,,,,,,,,,,,,,,,,,,,,,,,,,
0.3007933194154489,0.2045929018789144,0.0767432150313152,0.0167849686847599,0.081670146137787,0.1021294363256784,0.0174530271398747,0.1413778705636743,0.1138345864661654,0.1458505639097744,0.0071146616541353,0.0,0.0284586466165413,0.021343984962406,0.0,0.0249013157894736,0.2097902097902098,0.3216783216783216,0.0,0.0,0.0349650349650349,0.0069930069930069,0.0,0.0489510489510489,0.5481209899175069,0.5206232813932172,0.5270394133822182,0.5930339138405133,0.5783684692942255,0.5545371219065078,0.5279560036663611,0.541704857928506,16,,,,,,,,,,,,,,,,,,,,,,,,,,,,,,,,
0.2253862212943632,0.2184551148225469,0.138705636743215,0.090438413361169,0.1650939457202505,0.1123173277661795,0.1091440501043841,0.1463048016701461,0.0889332706766917,0.1814238721804511,0.0,0.0,0.0249013157894736,0.0177866541353383,0.0071146616541353,0.0177866541353383,0.1608391608391608,0.3566433566433566,0.0,0.0,0.0209790209790209,0.0139860139860139,0.0,0.0209790209790209,0.5380384967919339,0.5380384967919339,0.5380384967919339,0.5682859761686526,0.5875343721356554,0.6049495875343721,0.613198900091659,0.5829514207149404,42,,,,,,,,,,,,,,,,,,,,,,,,,,,,,,,,
0.2318162839248434,0.388643006263048,0.1267640918580375,0.0794989561586638,0.1712734864300626,0.1505636743215031,0.0689770354906054,0.1869728601252609,0.0889332706766917,0.1209492481203007,0.010671992481203,0.0,0.0249013157894736,0.053359962406015,0.0071146616541353,0.0462453007518797,0.0909090909090909,0.2587412587412587,0.0069930069930069,0.0,0.0139860139860139,0.0769230769230769,0.0,0.0279720279720279,0.537121906507791,0.5142071494042164,0.5050412465627865,0.5169569202566453,0.5756186984417965,0.617781851512374,0.5719523373052245,0.5077910174152155,42,,,,,,,,,,,,,,,,,,,,,,,,,,,,,,,,
0.3240918580375783,0.2490187891440501,0.1326096033402923,0.1767849686847599,0.1466388308977035,0.1667640918580375,0.0275574112734864,0.0338204592901878,0.0498026315789473,0.1458505639097744,0.010671992481203,0.0035573308270676,0.010671992481203,0.0569172932330827,0.0142293233082706,0.0071146616541353,0.0979020979020979,0.2867132867132867,0.0,0.0,0.0139860139860139,0.0839160839160839,0.0,0.0139860139860139,0.4509624197983501,0.462878093492209,0.4940421631530706,0.5554537121906509,0.5985334555453712,0.5811182401466545,0.542621448212649,0.5105407882676444,16,,,,,,,,,,,,,,,,,,,,,,,,,,,,,,,,
0.3561586638830897,0.3366179540709812,0.0610438413361169,0.0171189979123173,0.0334864300626304,0.2210438413361169,0.2828392484342379,0.2237160751565761,0.0818186090225564,0.1636372180451128,0.0071146616541353,0.0,0.0177866541353383,0.0889332706766917,0.0498026315789473,0.0177866541353383,0.1048951048951049,0.3146853146853147,0.0,0.0,0.0139860139860139,0.1608391608391608,0.0559440559440559,0.0,0.4949587534372135,0.4977085242896426,0.5169569202566453,0.5664527956003667,0.5719523373052245,0.6058661778185152,0.5847846012832265,0.5499541704857929,42,,,,,,,,,,,,,,,,,,,,,,,,,,,,,,,,
0.2399164926931106,0.4135281837160752,0.1250104384133611,0.1291858037578288,0.1296868475991649,0.0966179540709812,0.0349060542797494,0.0541962421711899,0.1671945488721804,0.1316212406015037,0.010671992481203,0.0,0.0035573308270676,0.0391306390977443,0.0498026315789473,0.0177866541353383,0.2237762237762237,0.1818181818181818,0.0,0.0,0.0,0.0419580419580419,0.0909090909090909,0.0349650349650349,0.5435380384967919,0.5224564619615032,0.542621448212649,0.5591200733272228,0.5921173235563704,0.6012832263978002,0.5902841429880844,0.544454628780935,42,,,,,,,,,,,,,,,,,,,,,,,,,,,,,,,,
0.0683089770354906,0.187223382045929,0.1600835073068893,0.0982045929018789,0.1233402922755741,0.1759498956158663,0.3615031315240083,0.1541544885177453,0.0391306390977443,0.0711466165413533,0.021343984962406,0.0,0.0035573308270676,0.0996052631578947,0.053359962406015,0.010671992481203,0.0769230769230769,0.1538461538461538,0.0209790209790209,0.0,0.0,0.0909090909090909,0.0559440559440559,0.0069930069930069,0.5068744271310724,0.4766269477543539,0.4720439963336389,0.5004582951420715,0.6021998166819431,0.6040329972502292,0.5508707607699359,0.5114573785517874,16,,,,,,,,,,,,,,,,,,,,,,,,,,,,,,,,
0.4488517745302714,0.7851356993736952,0.1737787056367432,0.1341962421711899,0.1745302713987473,0.1155741127348643,0.0425887265135699,0.1027974947807933,0.3308317669172932,0.1316212406015037,0.010671992481203,0.0035573308270676,0.0142293233082706,0.021343984962406,0.0,0.0177866541353383,0.5034965034965035,0.2307692307692307,0.0,0.0,0.0209790209790209,0.0209790209790209,0.0,0.0139860139860139,0.4977085242896426,0.4903758020164986,0.4894592117323556,0.5499541704857929,0.5710357470210815,0.5646196150320807,0.5435380384967919,0.462878093492209,43,,,,,,,,,,,,,,,,,,,,,,,,,,,,,,,,
0.0527766179540709,0.1569102296450939,0.1458872651356993,0.1528183716075156,0.1893110647181628,0.2025887265135699,0.1078914405010438,0.1010438413361169,0.0,0.042687969924812,0.0,0.0,0.010671992481203,0.021343984962406,0.0142293233082706,0.0,0.0,0.0769230769230769,0.0,0.0,0.0069930069930069,0.0349650349650349,0.0,0.0,0.4289642529789184,0.4344637946837764,0.4610449129239229,0.5261228230980751,0.5646196150320807,0.5820348304307975,0.531622364802933,0.4848762603116406,16,,,,,,,,,,,,,,,,,,,,,,,,,,,,,,,,
0.1043006263048016,0.1569937369519833,0.144384133611691,0.1496450939457202,0.1512317327766179,0.1704384133611691,0.1160751565762004,0.2086012526096033,0.0177866541353383,0.0604746240601503,0.0,0.0,0.0035573308270676,0.0177866541353383,0.010671992481203,0.0249013157894736,0.0279720279720279,0.0979020979020979,0.0,0.0,0.0,0.0209790209790209,0.0,0.0419580419580419,0.462878093492209,0.4472960586617781,0.4555453712190651,0.4802933088909258,0.4903758020164986,0.5261228230980751,0.5105407882676444,0.4775435380384968,16,,,,,,,,,,,,,,,,,,,,,,,,,,,,,,,,
0.1430480167014614,0.1267640918580375,0.10580375782881,0.1592484342379958,0.191482254697286,0.157745302713981,0.1193319415448851,0.0648016701461377,0.042687969924812,0.010671992481203,0.0035573308270676,0.0035573308270676,0.0071146616541353,0.021343984962406,0.010671992481203,0.0071146616541353,0.0909090909090909,0.0,0.0,0.0,0.0,0.0279720279720279,0.0139860139860139,0.0069930069930069,0.4967919340054995,0.4766269477543537,0.4683776351970669,0.5142071494042164,0.5857011915673694,0.5774518790100824,0.5472043996333639,0.5077910174152155,16,,,,,,,,,,,,,,,,,,,,,,,,,,,,,,,,
0.1070563674321503,0.1115657620041753,0.1078079331941544,0.1773695198329853,0.1851356993736952,0.1300208768267223,0.138956158663883,0.0307306889352818,0.0249013157894736,0.0391306390977443,0.0035573308270676,0.0,0.010671992481203,0.0071146616541353,0.0142293233082706,0.0071146616541353,0.0419580419580419,0.0769230769230769,0.0,0.0,0.0209790209790209,0.0,0.0139860139860139,0.0,0.4821264894592117,0.4482126489459211,0.4720439963336389,0.534372135655362,0.6040329972502292,0.6067827681026581,0.5692025664527957,0.4702108157653529,16,,,,,,,,,,,,,,,,,,,,,,,,,,,,,,,,
0.1360334029227557,0.1381210855949895,0.1308559498956158,0.1686012526096033,0.1884759916492693,0.1225887265135699,0.0707306889352818,0.0549478079331941,0.0284586466165413,0.0355733082706766,0.0035573308270676,0.0,0.0035573308270676,0.0071146616541353,0.0071146616541353,0.010671992481203,0.0629370629370629,0.0769230769230769,0.0,0.0,0.0,0.0139860139860139,0.0069930069930069,0.0,0.4252978918423464,0.4014665444546287,0.4931255728689276,0.5985334555453712,0.6425297891842346,0.6608615948670944,0.6058661778185152,0.5618698441796517,16,,,,,,,,,,,,,,,,,,,,,,,,,,,,,,,,
0.0688100208768267,0.0590396659707724,0.0111064718162839,0.1121503131524008,0.1181628392484342,0.2436743215031315,0.0084342379958246,0.125678496868476,0.0142293233082706,0.0462453007518797,0.0071146616541353,0.0,0.010671992481203,0.0355733082706766,0.0,0.0142293233082706,0.0279720279720279,0.0839160839160839,0.0,0.0,0.0139860139860139,0.0139860139860139,0.0,0.0209790209790209,0.4977085242896426,0.4839596700274977,0.5563703024747938,0.6196150320806599,0.6764436296975253,0.7131072410632449,0.6645279560036663,0.6251145737855179,16,,,,,,,,,,,,,,,,,,,,,,,,,,,,,,,,
0.1347807933194154,0.0641336116910229,0.0133611691022964,0.0086012526096033,0.0121085594989561,0.1566597077244259,0.5484759916492693,0.1407933194154488,0.0249013157894736,0.042687969924812,0.0071146616541353,0.0,0.0,0.2276691729323308,0.0569172932330827,0.053359962406015,0.0349650349650349,0.0839160839160839,0.0,0.0,0.0,0.3216783216783216,0.0419580419580419,0.0909090909090909,0.5572868927589367,0.5600366636113657,0.5875343721356554,0.6562786434463794,0.7314390467461045,0.7231897341888175,0.6196150320806599,0.5747021081576534,16,,,,,,,,,,,,,,,,,,,,,,,,,,,,,,,,
0.3634237995824635,0.1372025052192066,0.0145302713987473,0.0142797494780793,0.0634655532359081,0.0642171189979123,0.1008768267223381,0.0212943632567849,0.1316212406015037,0.0249013157894736,0.0,0.0,0.0035573308270676,0.0355733082706766,0.0249013157894736,0.0284586466165413,0.2377622377622377,0.0139860139860139,0.0,0.0,0.0,0.0349650349650349,0.0349650349650349,0.0629370629370629,0.5279560036663611,0.4857928505957837,0.4995417048579284,0.53987167736022,0.5737855178735105,0.5682859761686526,0.527039413382218,0.5004582951420715,16,,,,,,,,,,,,,,,,,,,,,,,,,,,,,,,,
0.1380375782881002,0.5594989561586639,0.1820459290187891,0.2033402922755741,0.1877244258872651,0.1263465553235908,0.0692275574112734,0.0227139874739039,0.1707518796992481,0.1422932330827067,0.010671992481203,0.0,0.021343984962406,0.0142293233082706,0.0249013157894736,0.0177866541353383,0.2587412587412587,0.2797202797202797,0.0,0.0,0.0209790209790209,0.0559440559440559,0.0629370629370629,0.0139860139860139,0.4775435380384968,0.4637946837763519,0.4912923923006416,0.5288725939505041,0.5646196150320807,0.5875343721356554,0.5582034830430798,0.4967919340054995,42,,,,,,,,,,,,,,,,,,,,,,,,,,,,,,,,
0.1807933194154488,0.4758246346555323,0.1505636743215031,0.1535699373695198,0.1969937369519833,0.0678079331941544,0.0116910229645093,0.0783298538622129,0.1956531954887218,0.1351785714285714,0.0142293233082706,0.0,0.032015977443609,0.0284586466165413,0.0,0.021343984962406,0.3566433566433566,0.2587412587412587,0.0069930069930069,0.0,0.0279720279720279,0.0209790209790209,0.0,0.0139860139860139,0.4289642529789184,0.3996333638863428,0.4986251145737855,0.5508707607699359,0.5921173235563704,0.6351970669110908,0.5847846012832264,0.5233730522456461,42,,,,,,,,,,,,,,,,,,,,,,,,,,,,,,,,
0.174446764091858,0.1278496868475991,0.0941127348643006,0.0683089770354906,0.165929018789144,0.0869311064718162,0.0691440501043841,0.0206263048016701,0.0284586466165413,0.1387359022556391,0.0996052631578947,0.0,0.0,0.0355733082706766,0.0355733082706766,0.1138345864661654,0.0279720279720279,0.2027972027972027,0.2027972027972027,0.0,0.0,0.0279720279720279,0.0629370629370629,0.0349650349650349,0.4812098991750687,0.4491292392300642,0.5664527956003667,0.6251145737855179,0.6966086159486709,0.7323556370302474,0.6764436296975253,0.6104491292392301,16,,,,,,,,,,,,,,,,,,,,,,,,,,,,,,,,
0.1129853862212943,0.2129436325678496,0.0519415448851774,0.0155323590814196,0.0620459290187891,0.102964509394572,0.0228810020876826,0.0491858037578288,0.0569172932330827,0.1245065789473684,0.0142293233082706,0.0,0.021343984962406,0.0711466165413533,0.0071146616541353,0.021343984962406,0.1048951048951049,0.2587412587412587,0.0,0.0,0.0209790209790209,0.0769230769230769,0.0,0.0279720279720279,0.5536205316223648,0.4995417048579285,0.6067827681026581,0.6782768102658112,0.7167736021998166,0.7378551787351053,0.6975252062328139,0.6526122823098075,16,,,,,,,,,,,,,,,,,,,,,,,,,,,,,,,,
0.2438413361169102,0.2138622129436325,0.0901043841336116,0.0180375782881002,0.0630480167014613,0.0190396659707724,0.0141127348643006,0.2011691022964509,0.117391917293233,0.0996052631578947,0.0142293233082706,0.0,0.032015977443609,0.021343984962406,0.0,0.0284586466165413,0.1468531468531468,0.1818181818181818,0.0,0.0,0.0349650349650349,0.0419580419580419,0.0,0.0349650349650349,0.5728689275893676,0.5627864344637947,0.6223648029330889,0.692942254812099,0.7332722273143903,0.7525206232813932,0.6828597616865262,0.6296975252062328,16,,,,,,,,,,,,,,,,,,,,,,,,,,,,,,,,
0.1343632567849687,0.2114405010438413,0.0420041753653444,0.0303966597077244,0.0378288100208768,0.0730688935281837,0.0886847599164926,0.1780375782881002,0.1102772556390977,0.1138345864661654,0.0355733082706766,0.0,0.0142293233082706,0.021343984962406,0.042687969924812,0.0391306390977443,0.1818181818181818,0.1608391608391608,0.0699300699300699,0.0,0.0139860139860139,0.0279720279720279,0.0279720279720279,0.0209790209790209,0.608615948670944,0.5737855178735105,0.608615948670944,0.6516956920256646,0.6691109074243814,0.7076076993583869,0.6581118240146654,0.6214482126489459,16,,,,,,,,,,,,,,,,,,,,,,,,,,,,,,,,
0.163089770354906,0.1535699373695198,0.2683089770354906,0.0181210855949895,0.0410020876826722,0.0587891440501043,0.0326513569937369,0.4577870563674321,0.1529652255639097,0.1031625939849624,0.0071146616541353,0.0,0.0177866541353383,0.0498026315789473,0.0498026315789473,0.085375939849624,0.3006993006993007,0.1748251748251748,0.0,0.0,0.0209790209790209,0.0489510489510489,0.0,0.0419580419580419,0.5829514207149404,0.532538955087076,0.5682859761686526,0.6003666361136573,0.6452795600366636,0.6562786434463794,0.6287809349220899,0.5838680109990835,16,,,,,,,,,,,,,,,,,,,,,,,,,,,,,,,,
0.0673903966597077,0.1767849686847599,0.0471816283924843,0.0182881002087682,0.0399164926931106,0.0726513569937369,0.0207933194154488,0.0759081419624217,0.1458505639097744,0.1565225563909774,0.010671992481203,0.0035573308270676,0.021343984962406,0.021343984962406,0.032015977443609,0.0391306390977443,0.2517482517482518,0.3006993006993007,0.0,0.0,0.0209790209790209,0.0279720279720279,0.0209790209790209,0.0279720279720279,0.5206232813932172,0.4867094408799266,0.5132905591200734,0.5637030247479377,0.6168652612282309,0.6342804766269478,0.614115490375802,0.5536205316223648,16,,,,,,,,,,,,,,,,,,,,,,,,,,,,,,,,
0.2703131524008351,0.2042588726513569,0.2493528183716075,0.0151983298538622,0.0696450939457202,0.2531106471816284,0.0572025052192066,0.1786221294363256,0.117391917293233,0.1494078947368421,0.010671992481203,0.0,0.0177866541353383,0.0249013157894736,0.0284586466165413,0.0924906015037594,0.0769230769230769,0.2657342657342657,0.0069930069930069,0.0,0.0139860139860139,0.0279720279720279,0.0489510489510489,0.1678321678321678,0.5077910174152155,0.462878093492209,0.5105407882676444,0.5572868927589367,0.6223648029330889,0.6324472960586618,0.5912007332722273,0.5472043996333639,42,,,,,,,,,,,,,,,,,,,,,,,,,,,,,,,,
0.1018789144050104,0.2652192066805846,0.1058872651356993,0.0469311064718162,0.0787473903966597,0.1058872651356993,0.0254697286012526,0.0977870563674321,0.053359962406015,0.1849812030075188,0.021343984962406,0.0355733082706766,0.0249013157894736,0.042687969924812,0.021343984962406,0.117391917293233,0.0769230769230769,0.3146853146853147,0.0139860139860139,0.0069930069930069,0.0209790209790209,0.0489510489510489,0.0069930069930069,0.1538461538461538,0.4958753437213565,0.4610449129239229,0.53987167736022,0.6049495875343721,0.6425297891842346,0.69019248395967,0.6287809349220899,0.6260311640696609,42,,,,,,,,,,,,,,,,,,,,,,,,,,,,,,,,
0.1315240083507306,0.2421711899791232,0.028643006263048,0.0373277661795407,0.0656367432150313,0.1491440501043841,0.1746137787056367,0.1297703549060542,0.128063909774436,0.085375939849624,0.0071146616541353,0.0142293233082706,0.042687969924812,0.10671992481203,0.053359962406015,0.0355733082706766,0.1958041958041958,0.1468531468531468,0.0,0.0139860139860139,0.0629370629370629,0.1118881118881118,0.0909090909090909,0.0139860139860139,0.6076993583868011,0.5765352887259395,0.617781851512374,0.6709440879926672,0.5866177818515125,0.5710357470210815,0.5728689275893676,0.5857011915673694,16,,,,,,,,,,,,,,,,,,,,,,,,,,,,,,,,
0.2171189979123173,0.6015031315240084,0.0831732776617954,0.0243006263048016,0.0526096033402922,0.1665970772442588,0.1196659707724425,0.3868893528183716,0.1565225563909774,0.2027678571428571,0.021343984962406,0.0,0.032015977443609,0.0711466165413533,0.0711466165413533,0.053359962406015,0.3216783216783216,0.3076923076923077,0.0,0.0,0.0279720279720279,0.0769230769230769,0.0699300699300699,0.0909090909090909,0.5728689275893676,0.5618698441796517,0.5765352887259395,0.6003666361136573,0.616865261228231,0.6553620531622365,0.6452795600366636,0.5985334555453712,16,,,,,,,,,,,,,,,,,,,,,,,,,,,,,,,,
0.3412108559498956,0.2909394572025052,0.067223382045929,0.0211273486430062,0.068893528183716,0.0823382045929018,0.0903549060542797,0.1524843423799582,0.1529652255639097,0.1245065789473684,0.0035573308270676,0.0,0.042687969924812,0.0462453007518797,0.0675892857142857,0.0569172932330827,0.2517482517482518,0.2167832167832167,0.0069930069930069,0.0,0.0419580419580419,0.0699300699300699,0.0559440559440559,0.0769230769230769,0.5682859761686526,0.5307057745187901,0.5572868927589367,0.611365719523373,0.6269477543538039,0.6315307057745189,0.5563703024747938,0.5160403299725023,16,,,,,,,,,,,,,,,,,,,,,,,,,,,,,,,,
0.2262212943632567,0.253945720250522,0.0474321503131523,0.0202087682672233,0.2170354906054279,0.3584133611691023,0.1666805845511482,0.1951565762004175,0.117391917293233,0.1351785714285714,0.0177866541353383,0.0,0.0569172932330827,0.0996052631578947,0.0391306390977443,0.0391306390977443,0.1888111888111888,0.2447552447552447,0.0139860139860139,0.0,0.0629370629370629,0.0699300699300699,0.0349650349650349,0.0489510489510489,0.4949587534372135,0.5059578368469294,0.5499541704857929,0.6067827681026581,0.6507791017415215,0.6471127406049496,0.5664527956003667,0.5435380384967919,42,,,,,,,,,,,,,,,,,,,,,,,,,,,,,,,,
0.2426722338204592,0.2178705636743215,0.0675574112734864,0.0435908141962421,0.2084342379958246,0.1067223382045929,0.0928601252609603,0.0633820459290187,0.1031625939849624,0.1209492481203007,0.0249013157894736,0.0,0.085375939849624,0.0675892857142857,0.0391306390977443,0.0355733082706766,0.2237762237762237,0.2167832167832167,0.0139860139860139,0.0,0.1118881118881118,0.0559440559440559,0.0699300699300699,0.0279720279720279,0.4949587534372135,0.4857928505957837,0.5435380384967919,0.5802016498625114,0.6251145737855179,0.6498625114573785,0.615032080659945,0.5820348304307975,16,,,,,,,,,,,,,,,,,,,,,,,,,,,,,,,,
0.4369102296450939,0.4932776617954071,0.0444258872651356,0.0245511482254697,0.0855114822546972,0.1220876826722338,0.1000417536534446,0.3852192066805845,0.2525704887218045,0.1102772556390977,0.010671992481203,0.0,0.0462453007518797,0.0711475563909774,0.0996052631578947,0.053359962406015,0.4335664335664335,0.1048951048951049,0.0,0.0,0.0559440559440559,0.1188811188811188,0.0699300699300699,0.0839160839160839,0.5151237396883593,0.5096241979835014,0.5893675527039414,0.6636113657195234,0.7259395050412465,0.7736021998166819,0.7121906507791017,0.6626947754353805,16,,,,,,,,,,,,,,,,,,,,,,,,,,,,,,,,
0.2435908141962421,0.3144885177453027,0.0435908141962421,0.0273068893528183,0.0956993736951983,0.0946137787056367,0.2389144050104384,0.1643423799582463,0.128063909774436,0.1387359022556391,0.0,0.0,0.0391306390977443,0.0889332706766917,0.0177866541353383,0.0996052631578947,0.1958041958041958,0.2027972027972027,0.0,0.0,0.0419580419580419,0.0629370629370629,0.0139860139860139,0.1678321678321678,0.6168652612282309,0.5508707607699359,0.6681943171402384,0.7158570119156736,0.7745187901008248,0.8276810265811183,0.8130155820348303,0.6535288725939504,16,,,,,,,,,,,,,,,,,,,,,,,,,,,,,,,,
0.085929018789144,0.2211273486430063,0.0440918580375782,0.0423382045929018,0.0652192066805845,0.1531524008350731,0.0870146137787056,0.1378705636743215,0.0177866541353383,0.1209492481203007,0.0,0.0142293233082706,0.042687969924812,0.1138345864661654,0.0177866541353383,0.0996052631578947,0.0279720279720279,0.1958041958041958,0.0,0.0209790209790209,0.0419580419580419,0.1888111888111888,0.0069930069930069,0.0699300699300699,0.5728689275893675,0.5527039413382219,0.5939505041246563,0.6617781851512374,0.7222731439046746,0.7231897341888175,0.6828597616865262,0.6370302474793768,42,,,,,,,,,,,,,,,,,,,,,,,,,,,,,,,,
0.4571189979123173,0.249937369519833,0.0335699373695198,0.0248851774530271,0.1751148225469728,0.0829227557411273,0.0825052192066805,0.090438413361169,0.0889332706766917,0.1885385338345865,0.0,0.0142293233082706,0.0462453007518797,0.0249013157894736,0.0249013157894736,0.0177866541353383,0.1118881118881118,0.3426573426573426,0.0,0.0069930069930069,0.0349650349650349,0.0279720279720279,0.0349650349650349,0.0139860139860139,0.6306141154903758,0.5948670944087993,0.5866177818515125,0.6324472960586618,0.7021081576535289,0.6700274977085243,0.6040329972502292,0.5692025664527957,16,,,,,,,,,,,,,,,,,,,,,,,,,,,,,,,,
0.1160751565762004,0.1955741127348643,0.0065970772442588,0.0031732776617954,0.0455114822546972,0.2225469728601252,0.1061377870563674,0.1215866388308977,0.1671945488721804,0.021343984962406,0.0035573308270676,0.0,0.0284586466165413,0.0249013157894736,0.0462453007518797,0.053359962406015,0.2937062937062937,0.0139860139860139,0.0,0.0,0.0349650349650349,0.0139860139860139,0.0629370629370629,0.0909090909090909,0.5105407882676444,0.5041246562786436,0.5169569202566453,0.5637030247479377,0.6351970669110908,0.6599450045829515,0.6260311640696609,0.5747021081576534,16,,,,,,,,,,,,,,,,,,,,,,,,,,,,,,,,
0.4126096033402923,0.370187891440501,0.0250521920668058,0.0046764091858037,0.0791649269311064,0.1455532359081419,0.008768267223382,0.2509394572025052,0.1102772556390977,0.096047932330827,0.0,0.0,0.0249013157894736,0.021343984962406,0.0,0.0249013157894736,0.1958041958041958,0.1398601398601398,0.0,0.0,0.0139860139860139,0.0349650349650349,0.0,0.0349650349650349,0.5572868927589367,0.533455545371219,0.545371219065078,0.608615948670944,0.6324472960586618,0.617781851512374,0.5783684692942255,0.5637030247479377,16,,,,,,,,,,,,,,,,,,,,,,,,,,,,,,,,
0.1749478079331941,0.1579123173277661,0.048768267223382,0.0281419624217118,0.1126513569937369,0.0915240083507307,0.0435073068893528,0.0563674321503131,0.0711466165413533,0.1458505639097744,0.0071146616541353,0.0035573308270676,0.0355733082706766,0.0355733082706766,0.0035573308270676,0.0498026315789473,0.0839160839160839,0.2657342657342657,0.0,0.0,0.0419580419580419,0.0209790209790209,0.0,0.0209790209790209,0.5545371219065078,0.5618698441796517,0.5756186984417965,0.6012832263978002,0.6434463794683776,0.6736938588450962,0.6645279560036664,0.6388634280476627,16,,,,,,,,,,,,,,,,,,,,,,,,,,,,,,,,
0.275991649269311,0.2492693110647182,0.0483507306889352,0.0071816283924843,0.0401670146137786,0.0959498956158663,0.050187891440501,0.0541127348643006,0.1494078947368421,0.0711466165413533,0.0355733082706766,0.0,0.0035573308270676,0.0711466165413533,0.0142293233082706,0.1316212406015037,0.2377622377622377,0.1188811188811188,0.0699300699300699,0.0,0.0,0.0979020979020979,0.0209790209790209,0.2027972027972027,0.614115490375802,0.5939505041246563,0.6168652612282309,0.688359303391384,0.7488542621448213,0.7415215398716773,0.6828597616865262,0.5902841429880844,16,,,,,,,,,,,,,,,,,,,,,,,,,,,,,,,,
0.5382881002087683,0.3649269311064718,0.2109394572025052,0.191732776617954,0.2035908141962421,0.210187891440501,0.0754906054279749,0.1513987473903966,0.1245065789473684,0.10671992481203,0.010671992481203,0.0,0.021343984962406,0.0604746240601503,0.0604746240601503,0.0249013157894736,0.2657342657342657,0.2587412587412587,0.0,0.0,0.0209790209790209,0.1188811188811188,0.0209790209790209,0.0279720279720279,0.4445462878093492,0.4509624197983501,0.46012832263978,0.5041246562786436,0.5820348304307975,0.5930339138405133,0.5545371219065078,0.5187901008249313,42,,,,,,,,,,,,,,,,,,,,,,,,,,,,,,,,
0.32,0.2091022964509394,0.1924843423799582,0.1300208768267223,0.1615866388308977,0.1772025052192066,0.208517745302714,0.3806263048016701,0.0924906015037594,0.1031625939849624,0.0284586466165413,0.0,0.010671992481203,0.0249013157894736,0.0035573308270676,0.0604746240601503,0.1748251748251748,0.2587412587412587,0.0209790209790209,0.0,0.0139860139860139,0.0279720279720279,0.0,0.1328671328671328,0.5059578368469294,0.4995417048579285,0.4757103574702108,0.4060494958753436,0.4262144821264894,0.4656278643446379,0.4225481209899175,0.3492208982584784,16,,,,,,,,,,,,,,,,,,,,,,,,,,,,,,,,
0.445929018789144,0.3106471816283925,0.2333194154488517,0.2293945720250522,0.2756576200417536,0.1559081419624217,0.0926931106471816,0.1407933194154488,0.1102772556390977,0.0889332706766917,0.0604746240601503,0.0,0.0177866541353383,0.0249013157894736,0.0604746240601503,0.0355733082706766,0.1888111888111888,0.2097902097902098,0.0979020979020979,0.0,0.0139860139860139,0.0489510489510489,0.0209790209790209,0.0629370629370629,0.3327222731439047,0.304307974335472,0.3703024747937672,0.4381301558203483,0.4674610449129239,0.46012832263978,0.4344637946837764,0.384967919340055,16,,,,,,,,,,,,,,,,,,,,,,,,,,,,,,,,
0.4100208768267223,0.4504384133611691,0.1531524008350731,0.2245511482254697,0.307473903966597,0.1708559498956158,0.1192484342379958,0.1573277661795407,0.0782612781954887,0.1494078947368421,0.0142293233082706,0.0,0.0177866541353383,0.0391306390977443,0.0142293233082706,0.0498026315789473,0.1328671328671328,0.3706293706293706,0.0,0.0,0.0139860139860139,0.0489510489510489,0.0,0.0769230769230769,0.3455545371219065,0.3510540788267644,0.3996333638863428,0.4390467461044913,0.4876260311640696,0.4885426214482126,0.454628780934922,0.3923006416131989,16,,,,,,,,,,,,,,,,,,,,,,,,,,,,,,,,
0.0937787056367432,0.4223799582463465,0.3290187891440501,0.2255532359081419,0.2263048016701461,0.1865553235908142,0.0616283924843423,0.084509394572025,0.1245065789473684,0.0996052631578947,0.0,0.0,0.0071146616541353,0.0462453007518797,0.0071146616541353,0.064031954887218,0.3216783216783216,0.1258741258741259,0.0,0.0,0.0,0.0769230769230769,0.0069930069930069,0.1538461538461538,0.3418881759853345,0.3373052245646196,0.3904674610449129,0.4518790100824931,0.4995417048579285,0.5178735105407883,0.4683776351970669,0.3858845096241979,16,,,,,,,,,,,,,,,,,,,,,,,,,,,,,,,,
0.1184968684759916,0.2933611691022964,0.3152400835073068,0.21419624217119,0.2455949895615866,0.1923173277661795,0.0545302713987473,0.0349060542797494,0.1458505639097744,0.0462453007518797,0.0071146616541353,0.0,0.0177866541353383,0.0249013157894736,0.0,0.0142293233082706,0.2657342657342657,0.1188811188811188,0.0069930069930069,0.0,0.0139860139860139,0.0279720279720279,0.0,0.0069930069930069,0.3464711274060494,0.3143904674610449,0.3666361136571952,0.4839596700274977,0.5288725939505041,0.536205316223648,0.4977085242896426,0.4454628780934921,16,,,,,,,,,,,,,,,,,,,,,,,,,,,,,,,,
0.0281419624217118,0.2567014613778705,0.1905636743215031,0.1956576200417536,0.2092693110647181,0.144384133611691,0.0202922755741127,0.0052609603340292,0.074703947368421,0.0675892857142857,0.0142293233082706,0.0035573308270676,0.0,0.0604746240601503,0.0,0.0,0.1608391608391608,0.1748251748251748,0.0069930069930069,0.0,0.0,0.1118881118881118,0.0,0.0,0.3895508707607699,0.3748854262144821,0.4307974335472044,0.53987167736022,0.5600366636113657,0.5572868927589367,0.4949587534372135,0.4702108157653529,6,,,,,,,,,,,,,,,,,,,,,,,,,,,,,,,,
0.0117745302713987,0.2038413361169102,0.1777870563674321,0.0977035490605428,0.170187891440501,0.1302713987473904,0.0479331941544885,0.0867640918580375,0.021343984962406,0.1316212406015037,0.0071146616541353,0.0,0.0071146616541353,0.0142293233082706,0.0249013157894736,0.053359962406015,0.0349650349650349,0.2727272727272727,0.0,0.0,0.0,0.0349650349650349,0.0139860139860139,0.0909090909090909,0.4802933088909258,0.4344637946837764,0.4912923923006416,0.5857011915673694,0.6168652612282309,0.6480293308890925,0.5572868927589367,0.5527039413382219,16,,,,,,,,,,,,,,,,,,,,,,,,,,,,,,,,
0.262964509394572,0.2284759916492693,0.058956158663883,0.0076826722338204,0.1205010438413361,0.1332776617954071,0.1994989561586638,0.2103549060542797,0.085375939849624,0.1138345864661654,0.0391306390977443,0.0,0.0142293233082706,0.0462453007518797,0.064031954887218,0.053359962406015,0.1608391608391608,0.2587412587412587,0.0629370629370629,0.0,0.0,0.0909090909090909,0.1048951048951049,0.0769230769230769,0.5279560036663611,0.4683776351970669,0.5022914757103575,0.5435380384967919,0.6278643446379469,0.6681943171402384,0.6324472960586618,0.5857011915673694,16,,,,,,,,,,,,,,,,,,,,,,,,,,,,,,,,
0.2312317327766179,0.1866388308977035,0.0613778705636743,0.0551148225469728,0.1297703549060542,0.0703966597077244,0.0860125260960334,0.2131106471816284,0.1707518796992481,0.1209492481203007,0.0142293233082706,0.0,0.021343984962406,0.0284586466165413,0.0071146616541353,0.0711466165413533,0.3216783216783216,0.2447552447552447,0.0069930069930069,0.0,0.0209790209790209,0.0419580419580419,0.0069930069930069,0.1258741258741259,0.535288725939505,0.5279560036663611,0.5261228230980751,0.5435380384967919,0.5087076076993584,0.5022914757103575,0.5059578368469294,0.4839596700274977,16,,,,,,,,,,,,,,,,,,,,,,,,,,,,,,,,
0.3995824634655532,0.2361586638830898,0.4147807933194154,0.1102296450939457,0.1876409185803757,0.093027139874739,0.0096033402922755,0.0780793319415448,0.1209492481203007,0.1494078947368421,0.010671992481203,0.0,0.021343984962406,0.032015977443609,0.0035573308270676,0.021343984962406,0.2027972027972027,0.2867132867132867,0.0,0.0,0.0279720279720279,0.0559440559440559,0.0,0.0279720279720279,0.4564619615032081,0.4564619615032081,0.4857928505957837,0.5646196150320807,0.6058661778185152,0.5499541704857929,0.5050412465627865,0.4702108157653529,42,,,,,,,,,,,,,,,,,,,,,,,,,,,,,,,,
0.23741127348643,0.2349060542797494,0.0122755741127348,0.1317745302713987,0.1844676409185804,0.0891022964509394,0.0514405010438413,0.3262630480167015,0.0996052631578947,0.1209492481203007,0.0035573308270676,0.0035573308270676,0.0177866541353383,0.0284586466165413,0.064031954887218,0.021343984962406,0.2167832167832167,0.2657342657342657,0.0,0.0,0.0209790209790209,0.0489510489510489,0.0209790209790209,0.0209790209790209,0.4436296975252062,0.4216315307057745,0.4582951420714941,0.4967919340054995,0.5554537121906509,0.5875343721356554,0.545371219065078,0.5151237396883593,16,,,,,,,,,,,,,,,,,,,,,,,,,,,,,,,,
0.2330688935281837,0.2498538622129436,0.1034655532359081,0.1748643006263047,0.1335281837160751,0.2106054279749478,0.3382045929018789,0.0579540709812108,0.1102772556390977,0.1351785714285714,0.0142293233082706,0.0,0.0,0.042687969924812,0.0675892857142857,0.0142293233082706,0.2307692307692307,0.2727272727272727,0.0,0.0,0.0,0.0559440559440559,0.0419580419580419,0.0069930069930069,0.4637946837763519,0.4344637946837764,0.4876260311640696,0.5242896425297892,0.5756186984417965,0.613198900091659,0.535288725939505,0.5270394133822182,42,,,,,,,,,,,,,,,,,,,,,,,,,,,,,,,,
0.0833402922755741,0.1488100208768267,0.1270981210855949,0.124258872651357,0.1370354906054279,0.2188726513569937,0.6438413361169102,0.1186638830897703,0.0284586466165413,0.0782612781954887,0.010671992481203,0.0,0.0142293233082706,0.1422932330827067,0.128063909774436,0.0355733082706766,0.0559440559440559,0.1538461538461538,0.0139860139860139,0.0,0.0,0.3076923076923077,0.1258741258741259,0.0349650349650349,0.4711274060494959,0.4665444546287809,0.4775435380384968,0.5499541704857929,0.6031164069660861,0.6223648029330889,0.5838680109990835,0.538955087076077,16,,,,,,,,,,,,,,,,,,,,,,,,,,,,,,,,
0.0352400835073068,0.2031732776617954,0.1134029227557411,0.1179123173277661,0.1893945720250522,0.1663465553235908,0.10321503131524,0.075991649269311,0.042687969924812,0.0924906015037594,0.0284586466165413,0.0,0.0284586466165413,0.021343984962406,0.010671992481203,0.032015977443609,0.0699300699300699,0.2167832167832167,0.0209790209790209,0.0,0.0279720279720279,0.0279720279720279,0.0209790209790209,0.0349650349650349,0.5105407882676444,0.4702108157653529,0.4702108157653529,0.5050412465627865,0.608615948670944,0.5811182401466545,0.5197066911090742,0.4647112740604949,16,,,,,,,,,,,,,,,,,,,,,,,,,,,,,,,,
0.1946555323590814,0.1882254697286012,0.1728601252609603,0.1569937369519833,0.2386638830897703,0.1520668058455114,0.1137369519832985,0.1650104384133611,0.1671945488721804,0.0498026315789473,0.0142293233082706,0.0,0.021343984962406,0.0355733082706766,0.0071146616541353,0.042687969924812,0.3286713286713286,0.1118881118881118,0.0139860139860139,0.0,0.0209790209790209,0.0699300699300699,0.0419580419580419,0.0629370629370629,0.3730522456461961,0.3684692942254812,0.4234647112740605,0.4931255728689276,0.5123739688359303,0.4711274060494959,0.4335472043996333,0.4252978918423464,16,,,,,,,,,,,,,,,,,,,,,,,,,,,,,,,,
0.2794154488517745,0.3812108559498955,0.1941544885177452,0.1678496868475991,0.2325678496868476,0.1675156576200417,0.1362839248434238,0.3356993736951983,0.0996052631578947,0.1316212406015037,0.0035573308270676,0.0035573308270676,0.0177866541353383,0.0391306390977443,0.0604746240601503,0.0498026315789473,0.2307692307692307,0.2797202797202797,0.0,0.0069930069930069,0.0209790209790209,0.0769230769230769,0.1398601398601398,0.0909090909090909,0.4252978918423464,0.4234647112740605,0.4234647112740605,0.4958753437213565,0.5435380384967919,0.5646196150320807,0.533455545371219,0.4298808432630614,16,,,,,,,,,,,,,,,,,,,,,,,,,,,,,,,,
0.378705636743215,0.2999582463465553,0.2534446764091858,0.1782045929018789,0.2091022964509394,0.2108559498956158,0.0959498956158663,0.128768267223382,0.1209492481203007,0.0675892857142857,0.064031954887218,0.0,0.021343984962406,0.032015977443609,0.010671992481203,0.021343984962406,0.2027972027972027,0.1048951048951049,0.1328671328671328,0.0,0.0139860139860139,0.0489510489510489,0.0069930069930069,0.0209790209790209,0.3739688359303392,0.4188817598533456,0.4775435380384968,0.5554537121906509,0.5875343721356554,0.541704857928506,0.4692942254812098,0.4527956003666362,42,,,,,,,,,,,,,,,,,,,,,,,,,,,,,,,,
0.2761586638830897,0.2851774530271398,0.127348643006263,0.1771189979123173,0.1573277661795407,0.0898538622129436,0.0132776617954071,0.0872651356993736,0.096047932330827,0.085375939849624,0.0071146616541353,0.0071146616541353,0.0177866541353383,0.032015977443609,0.021343984962406,0.021343984962406,0.1818181818181818,0.1678321678321678,0.0,0.0,0.0279720279720279,0.0279720279720279,0.0419580419580419,0.0209790209790209,0.4931255728689276,0.459211732355637,0.4995417048579285,0.5545371219065078,0.612282309807516,0.6095325389550871,0.5664527956003667,0.4876260311640696,42,,,,,,,,,,,,,,,,,,,,,,,,,,,,,,,,
0.14321503131524,0.2213778705636743,0.0545302713987473,0.1508977035490605,0.2515240083507307,0.1387891440501043,0.1261795407098121,0.2434237995824634,0.0818186090225564,0.1565225563909774,0.010671992481203,0.0,0.0071146616541353,0.0569172932330827,0.0675892857142857,0.1031625939849624,0.1328671328671328,0.3286713286713286,0.0,0.0,0.0,0.0629370629370629,0.1258741258741259,0.1538461538461538,0.4097158570119156,0.3904674610449129,0.4500458295142071,0.5380384967919339,0.5829514207149404,0.5655362053162236,0.5508707607699359,0.5380384967919339,16,,,,,,,,,,,,,,,,,,,,,,,,,,,,,,,,
0.1407098121085595,0.164509394572025,0.0593736951983298,0.1077244258872651,0.0608768267223382,0.1042171189979123,0.3367849686847599,0.4477661795407098,0.117391917293233,0.064031954887218,0.0177866541353383,0.0,0.0071146616541353,0.0284586466165413,0.1600798872180451,0.0569172932330827,0.2657342657342657,0.1398601398601398,0.0209790209790209,0.0,0.0,0.0419580419580419,0.1328671328671328,0.0209790209790209,0.5279560036663611,0.5178735105407883,0.5582034830430798,0.6471127406049496,0.6782768102658111,0.6351970669110908,0.5765352887259395,0.5820348304307975,16,,,,,,,,,,,,,,,,,,,,,,,,,,,,,,,,
0.1907306889352818,0.1503966597077244,0.0382463465553235,0.0091022964509394,0.0334029227557411,0.0545302713987473,0.3947390396659708,0.1137369519832985,0.074703947368421,0.117391917293233,0.010671992481203,0.0,0.0177866541353383,0.074703947368421,0.0498026315789473,0.021343984962406,0.1398601398601398,0.2447552447552447,0.0,0.0,0.0139860139860139,0.0629370629370629,0.0489510489510489,0.0209790209790209,0.5692025664527957,0.544454628780935,0.5948670944087993,0.6278643446379469,0.6168652612282309,0.5967002749770853,0.5536205316223648,0.5545371219065078,16,,,,,,,,,,,,,,,,,,,,,,,,,,,,,,,,
0.3007933194154489,0.2045929018789144,0.0767432150313152,0.0167849686847599,0.081670146137787,0.1021294363256784,0.0174530271398747,0.1413778705636743,0.1138345864661654,0.1458505639097744,0.0071146616541353,0.0,0.0284586466165413,0.021343984962406,0.0,0.0249013157894736,0.2097902097902098,0.3216783216783216,0.0,0.0,0.0349650349650349,0.0069930069930069,0.0,0.0489510489510489,0.5481209899175069,0.5206232813932172,0.5270394133822182,0.5930339138405133,0.5783684692942255,0.5545371219065078,0.5279560036663611,0.541704857928506,16,,,,,,,,,,,,,,,,,,,,,,,,,,,,,,,,
0.2253862212943632,0.2184551148225469,0.138705636743215,0.090438413361169,0.1650939457202505,0.1123173277661795,0.1091440501043841,0.1463048016701461,0.0889332706766917,0.1814238721804511,0.0,0.0,0.0249013157894736,0.0177866541353383,0.0071146616541353,0.0177866541353383,0.1608391608391608,0.3566433566433566,0.0,0.0,0.0209790209790209,0.0139860139860139,0.0,0.0209790209790209,0.5380384967919339,0.5380384967919339,0.5380384967919339,0.5682859761686526,0.5875343721356554,0.6049495875343721,0.613198900091659,0.5829514207149404,42,,,,,,,,,,,,,,,,,,,,,,,,,,,,,,,,
0.2318162839248434,0.388643006263048,0.1267640918580375,0.0794989561586638,0.1712734864300626,0.1505636743215031,0.0689770354906054,0.1869728601252609,0.0889332706766917,0.1209492481203007,0.010671992481203,0.0,0.0249013157894736,0.053359962406015,0.0071146616541353,0.0462453007518797,0.0909090909090909,0.2587412587412587,0.0069930069930069,0.0,0.0139860139860139,0.0769230769230769,0.0,0.0279720279720279,0.537121906507791,0.5142071494042164,0.5050412465627865,0.5169569202566453,0.5756186984417965,0.617781851512374,0.5719523373052245,0.5077910174152155,42,,,,,,,,,,,,,,,,,,,,,,,,,,,,,,,,
0.3240918580375783,0.2490187891440501,0.1326096033402923,0.1767849686847599,0.1466388308977035,0.1667640918580375,0.0275574112734864,0.0338204592901878,0.0498026315789473,0.1458505639097744,0.010671992481203,0.0035573308270676,0.010671992481203,0.0569172932330827,0.0142293233082706,0.0071146616541353,0.0979020979020979,0.2867132867132867,0.0,0.0,0.0139860139860139,0.0839160839160839,0.0,0.0139860139860139,0.4509624197983501,0.462878093492209,0.4940421631530706,0.5554537121906509,0.5985334555453712,0.5811182401466545,0.542621448212649,0.5105407882676444,42,,,,,,,,,,,,,,,,,,,,,,,,,,,,,,,,
0.3561586638830897,0.3366179540709812,0.0610438413361169,0.0171189979123173,0.0334864300626304,0.2210438413361169,0.2828392484342379,0.2237160751565761,0.0818186090225564,0.1636372180451128,0.0071146616541353,0.0,0.0177866541353383,0.0889332706766917,0.0498026315789473,0.0177866541353383,0.1048951048951049,0.3146853146853147,0.0,0.0,0.0139860139860139,0.1608391608391608,0.0559440559440559,0.0,0.4949587534372135,0.4977085242896426,0.5169569202566453,0.5664527956003667,0.5719523373052245,0.6058661778185152,0.5847846012832265,0.5499541704857929,16,,,,,,,,,,,,,,,,,,,,,,,,,,,,,,,,
0.2399164926931106,0.4135281837160752,0.1250104384133611,0.1291858037578288,0.1296868475991649,0.0966179540709812,0.0349060542797494,0.0541962421711899,0.1671945488721804,0.1316212406015037,0.010671992481203,0.0,0.0035573308270676,0.0391306390977443,0.0498026315789473,0.0177866541353383,0.2237762237762237,0.1818181818181818,0.0,0.0,0.0,0.0419580419580419,0.0909090909090909,0.0349650349650349,0.5435380384967919,0.5224564619615032,0.542621448212649,0.5591200733272228,0.5921173235563704,0.6012832263978002,0.5902841429880844,0.544454628780935,42,,,,,,,,,,,,,,,,,,,,,,,,,,,,,,,,
0.0683089770354906,0.187223382045929,0.1600835073068893,0.0982045929018789,0.1233402922755741,0.1759498956158663,0.3615031315240083,0.1541544885177453,0.0391306390977443,0.0711466165413533,0.021343984962406,0.0,0.0035573308270676,0.0996052631578947,0.053359962406015,0.010671992481203,0.0769230769230769,0.1538461538461538,0.0209790209790209,0.0,0.0,0.0909090909090909,0.0559440559440559,0.0069930069930069,0.5068744271310724,0.4766269477543539,0.4720439963336389,0.5004582951420715,0.6021998166819431,0.6040329972502292,0.5508707607699359,0.5114573785517874,16,,,,,,,,,,,,,,,,,,,,,,,,,,,,,,,,
0.4488517745302714,0.7851356993736952,0.1737787056367432,0.1341962421711899,0.1745302713987473,0.1155741127348643,0.0425887265135699,0.1027974947807933,0.3308317669172932,0.1316212406015037,0.010671992481203,0.0035573308270676,0.0142293233082706,0.021343984962406,0.0,0.0177866541353383,0.5034965034965035,0.2307692307692307,0.0,0.0,0.0209790209790209,0.0209790209790209,0.0,0.0139860139860139,0.4977085242896426,0.4903758020164986,0.4894592117323556,0.5499541704857929,0.5710357470210815,0.5646196150320807,0.5435380384967919,0.462878093492209,16,,,,,,,,,,,,,,,,,,,,,,,,,,,,,,,,
0.0527766179540709,0.1569102296450939,0.1458872651356993,0.1528183716075156,0.1893110647181628,0.2025887265135699,0.1078914405010438,0.1010438413361169,0.0,0.042687969924812,0.0,0.0,0.010671992481203,0.021343984962406,0.0142293233082706,0.0,0.0,0.0769230769230769,0.0,0.0,0.0069930069930069,0.0349650349650349,0.0,0.0,0.4289642529789184,0.4344637946837764,0.4610449129239229,0.5261228230980751,0.5646196150320807,0.5820348304307975,0.531622364802933,0.4848762603116406,16,,,,,,,,,,,,,,,,,,,,,,,,,,,,,,,,
0.1043006263048016,0.1569937369519833,0.144384133611691,0.1496450939457202,0.1512317327766179,0.1704384133611691,0.1160751565762004,0.2086012526096033,0.0177866541353383,0.0604746240601503,0.0,0.0,0.0035573308270676,0.0177866541353383,0.010671992481203,0.0249013157894736,0.0279720279720279,0.0979020979020979,0.0,0.0,0.0,0.0209790209790209,0.0,0.0419580419580419,0.462878093492209,0.4472960586617781,0.4555453712190651,0.4802933088909258,0.4903758020164986,0.5261228230980751,0.5105407882676444,0.4775435380384968,16,,,,,,,,,,,,,,,,,,,,,,,,,,,,,,,,
0.1430480167014614,0.1267640918580375,0.10580375782881,0.1592484342379958,0.191482254697286,0.157745302713981,0.1193319415448851,0.0648016701461377,0.042687969924812,0.010671992481203,0.0035573308270676,0.0035573308270676,0.0071146616541353,0.021343984962406,0.010671992481203,0.0071146616541353,0.0909090909090909,0.0,0.0,0.0,0.0,0.0279720279720279,0.0139860139860139,0.0069930069930069,0.4967919340054995,0.4766269477543537,0.4683776351970669,0.5142071494042164,0.5857011915673694,0.5774518790100824,0.5472043996333639,0.5077910174152155,16,,,,,,,,,,,,,,,,,,,,,,,,,,,,,,,,
0.1070563674321503,0.1115657620041753,0.1078079331941544,0.1773695198329853,0.1851356993736952,0.1300208768267223,0.138956158663883,0.0307306889352818,0.0249013157894736,0.0391306390977443,0.0035573308270676,0.0,0.010671992481203,0.0071146616541353,0.0142293233082706,0.0071146616541353,0.0419580419580419,0.0769230769230769,0.0,0.0,0.0209790209790209,0.0,0.0139860139860139,0.0,0.4821264894592117,0.4482126489459211,0.4720439963336389,0.534372135655362,0.6040329972502292,0.6067827681026581,0.5692025664527957,0.4702108157653529,16,,,,,,,,,,,,,,,,,,,,,,,,,,,,,,,,
0.1360334029227557,0.1381210855949895,0.1308559498956158,0.1686012526096033,0.1884759916492693,0.1225887265135699,0.0707306889352818,0.0549478079331941,0.0284586466165413,0.0355733082706766,0.0035573308270676,0.0,0.0035573308270676,0.0071146616541353,0.0071146616541353,0.010671992481203,0.0629370629370629,0.0769230769230769,0.0,0.0,0.0,0.0139860139860139,0.0069930069930069,0.0,0.4252978918423464,0.4014665444546287,0.4931255728689276,0.5985334555453712,0.6425297891842346,0.6608615948670944,0.6058661778185152,0.5618698441796517,16,,,,,,,,,,,,,,,,,,,,,,,,,,,,,,,,
0.0688100208768267,0.0590396659707724,0.0111064718162839,0.1121503131524008,0.1181628392484342,0.2436743215031315,0.0084342379958246,0.125678496868476,0.0142293233082706,0.0462453007518797,0.0071146616541353,0.0,0.010671992481203,0.0355733082706766,0.0,0.0142293233082706,0.0279720279720279,0.0839160839160839,0.0,0.0,0.0139860139860139,0.0139860139860139,0.0,0.0209790209790209,0.4977085242896426,0.4839596700274977,0.5563703024747938,0.6196150320806599,0.6764436296975253,0.7131072410632449,0.6645279560036663,0.6251145737855179,42,,,,,,,,,,,,,,,,,,,,,,,,,,,,,,,,
0.1347807933194154,0.0641336116910229,0.0133611691022964,0.0086012526096033,0.0121085594989561,0.1566597077244259,0.5484759916492693,0.1407933194154488,0.0249013157894736,0.042687969924812,0.0071146616541353,0.0,0.0,0.2276691729323308,0.0569172932330827,0.053359962406015,0.0349650349650349,0.0839160839160839,0.0,0.0,0.0,0.3216783216783216,0.0419580419580419,0.0909090909090909,0.5572868927589367,0.5600366636113657,0.5875343721356554,0.6562786434463794,0.7314390467461045,0.7231897341888175,0.6196150320806599,0.5747021081576534,16,,,,,,,,,,,,,,,,,,,,,,,,,,,,,,,,
0.3634237995824635,0.1372025052192066,0.0145302713987473,0.0142797494780793,0.0634655532359081,0.0642171189979123,0.1008768267223381,0.0212943632567849,0.1316212406015037,0.0249013157894736,0.0,0.0,0.0035573308270676,0.0355733082706766,0.0249013157894736,0.0284586466165413,0.2377622377622377,0.0139860139860139,0.0,0.0,0.0,0.0349650349650349,0.0349650349650349,0.0629370629370629,0.5279560036663611,0.4857928505957837,0.4995417048579284,0.53987167736022,0.5737855178735105,0.5682859761686526,0.527039413382218,0.5004582951420715,16,,,,,,,,,,,,,,,,,,,,,,,,,,,,,,,,
0.1380375782881002,0.5594989561586639,0.1820459290187891,0.2033402922755741,0.1877244258872651,0.1263465553235908,0.0692275574112734,0.0227139874739039,0.1707518796992481,0.1422932330827067,0.010671992481203,0.0,0.021343984962406,0.0142293233082706,0.0249013157894736,0.0177866541353383,0.2587412587412587,0.2797202797202797,0.0,0.0,0.0209790209790209,0.0559440559440559,0.0629370629370629,0.0139860139860139,0.4775435380384968,0.4637946837763519,0.4912923923006416,0.5288725939505041,0.5646196150320807,0.5875343721356554,0.5582034830430798,0.4967919340054995,42,,,,,,,,,,,,,,,,,,,,,,,,,,,,,,,,
0.1807933194154488,0.4758246346555323,0.1505636743215031,0.1535699373695198,0.1969937369519833,0.0678079331941544,0.0116910229645093,0.0783298538622129,0.1956531954887218,0.1351785714285714,0.0142293233082706,0.0,0.032015977443609,0.0284586466165413,0.0,0.021343984962406,0.3566433566433566,0.2587412587412587,0.0069930069930069,0.0,0.0279720279720279,0.0209790209790209,0.0,0.0139860139860139,0.4289642529789184,0.3996333638863428,0.4986251145737855,0.5508707607699359,0.5921173235563704,0.6351970669110908,0.5847846012832264,0.5233730522456461,42,,,,,,,,,,,,,,,,,,,,,,,,,,,,,,,,
0.174446764091858,0.1278496868475991,0.0941127348643006,0.0683089770354906,0.165929018789144,0.0869311064718162,0.0691440501043841,0.0206263048016701,0.0284586466165413,0.1387359022556391,0.0996052631578947,0.0,0.0,0.0355733082706766,0.0355733082706766,0.1138345864661654,0.0279720279720279,0.2027972027972027,0.2027972027972027,0.0,0.0,0.0279720279720279,0.0629370629370629,0.0349650349650349,0.4812098991750687,0.4491292392300642,0.5664527956003667,0.6251145737855179,0.6966086159486709,0.7323556370302474,0.6764436296975253,0.6104491292392301,42,,,,,,,,,,,,,,,,,,,,,,,,,,,,,,,,
0.1129853862212943,0.2129436325678496,0.0519415448851774,0.0155323590814196,0.0620459290187891,0.102964509394572,0.0228810020876826,0.0491858037578288,0.0569172932330827,0.1245065789473684,0.0142293233082706,0.0,0.021343984962406,0.0711466165413533,0.0071146616541353,0.021343984962406,0.1048951048951049,0.2587412587412587,0.0,0.0,0.0209790209790209,0.0769230769230769,0.0,0.0279720279720279,0.5536205316223648,0.4995417048579285,0.6067827681026581,0.6782768102658112,0.7167736021998166,0.7378551787351053,0.6975252062328139,0.6526122823098075,42,,,,,,,,,,,,,,,,,,,,,,,,,,,,,,,,
0.2438413361169102,0.2138622129436325,0.0901043841336116,0.0180375782881002,0.0630480167014613,0.0190396659707724,0.0141127348643006,0.2011691022964509,0.117391917293233,0.0996052631578947,0.0142293233082706,0.0,0.032015977443609,0.021343984962406,0.0,0.0284586466165413,0.1468531468531468,0.1818181818181818,0.0,0.0,0.0349650349650349,0.0419580419580419,0.0,0.0349650349650349,0.5728689275893676,0.5627864344637947,0.6223648029330889,0.692942254812099,0.7332722273143903,0.7525206232813932,0.6828597616865262,0.6296975252062328,42,,,,,,,,,,,,,,,,,,,,,,,,,,,,,,,,
0.1343632567849687,0.2114405010438413,0.0420041753653444,0.0303966597077244,0.0378288100208768,0.0730688935281837,0.0886847599164926,0.1780375782881002,0.1102772556390977,0.1138345864661654,0.0355733082706766,0.0,0.0142293233082706,0.021343984962406,0.042687969924812,0.0391306390977443,0.1818181818181818,0.1608391608391608,0.0699300699300699,0.0,0.0139860139860139,0.0279720279720279,0.0279720279720279,0.0209790209790209,0.608615948670944,0.5737855178735105,0.608615948670944,0.6516956920256646,0.6691109074243814,0.7076076993583869,0.6581118240146654,0.6214482126489459,42,,,,,,,,,,,,,,,,,,,,,,,,,,,,,,,,
0.163089770354906,0.1535699373695198,0.2683089770354906,0.0181210855949895,0.0410020876826722,0.0587891440501043,0.0326513569937369,0.4577870563674321,0.1529652255639097,0.1031625939849624,0.0071146616541353,0.0,0.0177866541353383,0.0498026315789473,0.0498026315789473,0.085375939849624,0.3006993006993007,0.1748251748251748,0.0,0.0,0.0209790209790209,0.0489510489510489,0.0,0.0419580419580419,0.5829514207149404,0.532538955087076,0.5682859761686526,0.6003666361136573,0.6452795600366636,0.6562786434463794,0.6287809349220899,0.5838680109990835,16,,,,,,,,,,,,,,,,,,,,,,,,,,,,,,,,
0.0673903966597077,0.1767849686847599,0.0471816283924843,0.0182881002087682,0.0399164926931106,0.0726513569937369,0.0207933194154488,0.0759081419624217,0.1458505639097744,0.1565225563909774,0.010671992481203,0.0035573308270676,0.021343984962406,0.021343984962406,0.032015977443609,0.0391306390977443,0.2517482517482518,0.3006993006993007,0.0,0.0,0.0209790209790209,0.0279720279720279,0.0209790209790209,0.0279720279720279,0.5206232813932172,0.4867094408799266,0.5132905591200734,0.5637030247479377,0.6168652612282309,0.6342804766269478,0.614115490375802,0.5536205316223648,42,,,,,,,,,,,,,,,,,,,,,,,,,,,,,,,,
0.2703131524008351,0.2042588726513569,0.2493528183716075,0.0151983298538622,0.0696450939457202,0.2531106471816284,0.0572025052192066,0.1786221294363256,0.117391917293233,0.1494078947368421,0.010671992481203,0.0,0.0177866541353383,0.0249013157894736,0.0284586466165413,0.0924906015037594,0.0769230769230769,0.2657342657342657,0.0069930069930069,0.0,0.0139860139860139,0.0279720279720279,0.0489510489510489,0.1678321678321678,0.5077910174152155,0.462878093492209,0.5105407882676444,0.5572868927589367,0.6223648029330889,0.6324472960586618,0.5912007332722273,0.5472043996333639,16,,,,,,,,,,,,,,,,,,,,,,,,,,,,,,,,
0.1018789144050104,0.2652192066805846,0.1058872651356993,0.0469311064718162,0.0787473903966597,0.1058872651356993,0.0254697286012526,0.0977870563674321,0.053359962406015,0.1849812030075188,0.021343984962406,0.0355733082706766,0.0249013157894736,0.042687969924812,0.021343984962406,0.117391917293233,0.0769230769230769,0.3146853146853147,0.0139860139860139,0.0069930069930069,0.0209790209790209,0.0489510489510489,0.0069930069930069,0.1538461538461538,0.4958753437213565,0.4610449129239229,0.53987167736022,0.6049495875343721,0.6425297891842346,0.69019248395967,0.6287809349220899,0.6260311640696609,42,,,,,,,,,,,,,,,,,,,,,,,,,,,,,,,,
0.1315240083507306,0.2421711899791232,0.028643006263048,0.0373277661795407,0.0656367432150313,0.1491440501043841,0.1746137787056367,0.1297703549060542,0.128063909774436,0.085375939849624,0.0071146616541353,0.0142293233082706,0.042687969924812,0.10671992481203,0.053359962406015,0.0355733082706766,0.1958041958041958,0.1468531468531468,0.0,0.0139860139860139,0.0629370629370629,0.1118881118881118,0.0909090909090909,0.0139860139860139,0.6076993583868011,0.5765352887259395,0.617781851512374,0.6709440879926672,0.5866177818515125,0.5710357470210815,0.5728689275893676,0.5857011915673694,16,,,,,,,,,,,,,,,,,,,,,,,,,,,,,,,,
0.2171189979123173,0.6015031315240084,0.0831732776617954,0.0243006263048016,0.0526096033402922,0.1665970772442588,0.1196659707724425,0.3868893528183716,0.1565225563909774,0.2027678571428571,0.021343984962406,0.0,0.032015977443609,0.0711466165413533,0.0711466165413533,0.053359962406015,0.3216783216783216,0.3076923076923077,0.0,0.0,0.0279720279720279,0.0769230769230769,0.0699300699300699,0.0909090909090909,0.5728689275893676,0.5618698441796517,0.5765352887259395,0.6003666361136573,0.616865261228231,0.6553620531622365,0.6452795600366636,0.5985334555453712,16,,,,,,,,,,,,,,,,,,,,,,,,,,,,,,,,
0.3412108559498956,0.2909394572025052,0.067223382045929,0.0211273486430062,0.068893528183716,0.0823382045929018,0.0903549060542797,0.1524843423799582,0.1529652255639097,0.1245065789473684,0.0035573308270676,0.0,0.042687969924812,0.0462453007518797,0.0675892857142857,0.0569172932330827,0.2517482517482518,0.2167832167832167,0.0069930069930069,0.0,0.0419580419580419,0.0699300699300699,0.0559440559440559,0.0769230769230769,0.5682859761686526,0.5307057745187901,0.5572868927589367,0.611365719523373,0.6269477543538039,0.6315307057745189,0.5563703024747938,0.5160403299725023,16,,,,,,,,,,,,,,,,,,,,,,,,,,,,,,,,
0.2262212943632567,0.253945720250522,0.0474321503131523,0.0202087682672233,0.2170354906054279,0.3584133611691023,0.1666805845511482,0.1951565762004175,0.117391917293233,0.1351785714285714,0.0177866541353383,0.0,0.0569172932330827,0.0996052631578947,0.0391306390977443,0.0391306390977443,0.1888111888111888,0.2447552447552447,0.0139860139860139,0.0,0.0629370629370629,0.0699300699300699,0.0349650349650349,0.0489510489510489,0.4949587534372135,0.5059578368469294,0.5499541704857929,0.6067827681026581,0.6507791017415215,0.6471127406049496,0.5664527956003667,0.5435380384967919,16,,,,,,,,,,,,,,,,,,,,,,,,,,,,,,,,
0.2426722338204592,0.2178705636743215,0.0675574112734864,0.0435908141962421,0.2084342379958246,0.1067223382045929,0.0928601252609603,0.0633820459290187,0.1031625939849624,0.1209492481203007,0.0249013157894736,0.0,0.085375939849624,0.0675892857142857,0.0391306390977443,0.0355733082706766,0.2237762237762237,0.2167832167832167,0.0139860139860139,0.0,0.1118881118881118,0.0559440559440559,0.0699300699300699,0.0279720279720279,0.4949587534372135,0.4857928505957837,0.5435380384967919,0.5802016498625114,0.6251145737855179,0.6498625114573785,0.615032080659945,0.5820348304307975,42,,,,,,,,,,,,,,,,,,,,,,,,,,,,,,,,
0.4369102296450939,0.4932776617954071,0.0444258872651356,0.0245511482254697,0.0855114822546972,0.1220876826722338,0.1000417536534446,0.3852192066805845,0.2525704887218045,0.1102772556390977,0.010671992481203,0.0,0.0462453007518797,0.0711475563909774,0.0996052631578947,0.053359962406015,0.4335664335664335,0.1048951048951049,0.0,0.0,0.0559440559440559,0.1188811188811188,0.0699300699300699,0.0839160839160839,0.5151237396883593,0.5096241979835014,0.5893675527039414,0.6636113657195234,0.7259395050412465,0.7736021998166819,0.7121906507791017,0.6626947754353805,16,,,,,,,,,,,,,,,,,,,,,,,,,,,,,,,,
0.2435908141962421,0.3144885177453027,0.0435908141962421,0.0273068893528183,0.0956993736951983,0.0946137787056367,0.2389144050104384,0.1643423799582463,0.128063909774436,0.1387359022556391,0.0,0.0,0.0391306390977443,0.0889332706766917,0.0177866541353383,0.0996052631578947,0.1958041958041958,0.2027972027972027,0.0,0.0,0.0419580419580419,0.0629370629370629,0.0139860139860139,0.1678321678321678,0.6168652612282309,0.5508707607699359,0.6681943171402384,0.7158570119156736,0.7745187901008248,0.8276810265811183,0.8130155820348303,0.6535288725939504,42,,,,,,,,,,,,,,,,,,,,,,,,,,,,,,,,
0.085929018789144,0.2211273486430063,0.0440918580375782,0.0423382045929018,0.0652192066805845,0.1531524008350731,0.0870146137787056,0.1378705636743215,0.0177866541353383,0.1209492481203007,0.0,0.0142293233082706,0.042687969924812,0.1138345864661654,0.0177866541353383,0.0996052631578947,0.0279720279720279,0.1958041958041958,0.0,0.0209790209790209,0.0419580419580419,0.1888111888111888,0.0069930069930069,0.0699300699300699,0.5728689275893675,0.5527039413382219,0.5939505041246563,0.6617781851512374,0.7222731439046746,0.7231897341888175,0.6828597616865262,0.6370302474793768,42,,,,,,,,,,,,,,,,,,,,,,,,,,,,,,,,
0.4571189979123173,0.249937369519833,0.0335699373695198,0.0248851774530271,0.1751148225469728,0.0829227557411273,0.0825052192066805,0.090438413361169,0.0889332706766917,0.1885385338345865,0.0,0.0142293233082706,0.0462453007518797,0.0249013157894736,0.0249013157894736,0.0177866541353383,0.1118881118881118,0.3426573426573426,0.0,0.0069930069930069,0.0349650349650349,0.0279720279720279,0.0349650349650349,0.0139860139860139,0.6306141154903758,0.5948670944087993,0.5866177818515125,0.6324472960586618,0.7021081576535289,0.6700274977085243,0.6040329972502292,0.5692025664527957,16,,,,,,,,,,,,,,,,,,,,,,,,,,,,,,,,
0.1160751565762004,0.1955741127348643,0.0065970772442588,0.0031732776617954,0.0455114822546972,0.2225469728601252,0.1061377870563674,0.1215866388308977,0.1671945488721804,0.021343984962406,0.0035573308270676,0.0,0.0284586466165413,0.0249013157894736,0.0462453007518797,0.053359962406015,0.2937062937062937,0.0139860139860139,0.0,0.0,0.0349650349650349,0.0139860139860139,0.0629370629370629,0.0909090909090909,0.5105407882676444,0.5041246562786436,0.5169569202566453,0.5637030247479377,0.6351970669110908,0.6599450045829515,0.6260311640696609,0.5747021081576534,16,,,,,,,,,,,,,,,,,,,,,,,,,,,,,,,,
0.4126096033402923,0.370187891440501,0.0250521920668058,0.0046764091858037,0.0791649269311064,0.1455532359081419,0.008768267223382,0.2509394572025052,0.1102772556390977,0.096047932330827,0.0,0.0,0.0249013157894736,0.021343984962406,0.0,0.0249013157894736,0.1958041958041958,0.1398601398601398,0.0,0.0,0.0139860139860139,0.0349650349650349,0.0,0.0349650349650349,0.5572868927589367,0.533455545371219,0.545371219065078,0.608615948670944,0.6324472960586618,0.617781851512374,0.5783684692942255,0.5637030247479377,16,,,,,,,,,,,,,,,,,,,,,,,,,,,,,,,,
0.1749478079331941,0.1579123173277661,0.048768267223382,0.0281419624217118,0.1126513569937369,0.0915240083507307,0.0435073068893528,0.0563674321503131,0.0711466165413533,0.1458505639097744,0.0071146616541353,0.0035573308270676,0.0355733082706766,0.0355733082706766,0.0035573308270676,0.0498026315789473,0.0839160839160839,0.2657342657342657,0.0,0.0,0.0419580419580419,0.0209790209790209,0.0,0.0209790209790209,0.5545371219065078,0.5618698441796517,0.5756186984417965,0.6012832263978002,0.6434463794683776,0.6736938588450962,0.6645279560036664,0.6388634280476627,42,,,,,,,,,,,,,,,,,,,,,,,,,,,,,,,,
0.275991649269311,0.2492693110647182,0.0483507306889352,0.0071816283924843,0.0401670146137786,0.0959498956158663,0.050187891440501,0.0541127348643006,0.1494078947368421,0.0711466165413533,0.0355733082706766,0.0,0.0035573308270676,0.0711466165413533,0.0142293233082706,0.1316212406015037,0.2377622377622377,0.1188811188811188,0.0699300699300699,0.0,0.0,0.0979020979020979,0.0209790209790209,0.2027972027972027,0.614115490375802,0.5939505041246563,0.6168652612282309,0.688359303391384,0.7488542621448213,0.7415215398716773,0.6828597616865262,0.5902841429880844,16,,,,,,,,,,,,,,,,,,,,,,,,,,,,,,,,
0.5382881002087683,0.3649269311064718,0.2109394572025052,0.191732776617954,0.2035908141962421,0.210187891440501,0.0754906054279749,0.1513987473903966,0.1245065789473684,0.10671992481203,0.010671992481203,0.0,0.021343984962406,0.0604746240601503,0.0604746240601503,0.0249013157894736,0.2657342657342657,0.2587412587412587,0.0,0.0,0.0209790209790209,0.1188811188811188,0.0209790209790209,0.0279720279720279,0.4445462878093492,0.4509624197983501,0.46012832263978,0.5041246562786436,0.5820348304307975,0.5930339138405133,0.5545371219065078,0.5187901008249313,16,,,,,,,,,,,,,,,,,,,,,,,,,,,,,,,,
0.32,0.2091022964509394,0.1924843423799582,0.1300208768267223,0.1615866388308977,0.1772025052192066,0.208517745302714,0.3806263048016701,0.0924906015037594,0.1031625939849624,0.0284586466165413,0.0,0.010671992481203,0.0249013157894736,0.0035573308270676,0.0604746240601503,0.1748251748251748,0.2587412587412587,0.0209790209790209,0.0,0.0139860139860139,0.0279720279720279,0.0,0.1328671328671328,0.5059578368469294,0.4995417048579285,0.4757103574702108,0.4060494958753436,0.4262144821264894,0.4656278643446379,0.4225481209899175,0.3492208982584784,16,,,,,,,,,,,,,,,,,,,,,,,,,,,,,,,,
0.445929018789144,0.3106471816283925,0.2333194154488517,0.2293945720250522,0.2756576200417536,0.1559081419624217,0.0926931106471816,0.1407933194154488,0.1102772556390977,0.0889332706766917,0.0604746240601503,0.0,0.0177866541353383,0.0249013157894736,0.0604746240601503,0.0355733082706766,0.1888111888111888,0.2097902097902098,0.0979020979020979,0.0,0.0139860139860139,0.0489510489510489,0.0209790209790209,0.0629370629370629,0.3327222731439047,0.304307974335472,0.3703024747937672,0.4381301558203483,0.4674610449129239,0.46012832263978,0.4344637946837764,0.384967919340055,16,,,,,,,,,,,,,,,,,,,,,,,,,,,,,,,,
0.4100208768267223,0.4504384133611691,0.1531524008350731,0.2245511482254697,0.307473903966597,0.1708559498956158,0.1192484342379958,0.1573277661795407,0.0782612781954887,0.1494078947368421,0.0142293233082706,0.0,0.0177866541353383,0.0391306390977443,0.0142293233082706,0.0498026315789473,0.1328671328671328,0.3706293706293706,0.0,0.0,0.0139860139860139,0.0489510489510489,0.0,0.0769230769230769,0.3455545371219065,0.3510540788267644,0.3996333638863428,0.4390467461044913,0.4876260311640696,0.4885426214482126,0.454628780934922,0.3923006416131989,16,,,,,,,,,,,,,,,,,,,,,,,,,,,,,,,,
0.0937787056367432,0.4223799582463465,0.3290187891440501,0.2255532359081419,0.2263048016701461,0.1865553235908142,0.0616283924843423,0.084509394572025,0.1245065789473684,0.0996052631578947,0.0,0.0,0.0071146616541353,0.0462453007518797,0.0071146616541353,0.064031954887218,0.3216783216783216,0.1258741258741259,0.0,0.0,0.0,0.0769230769230769,0.0069930069930069,0.1538461538461538,0.3418881759853345,0.3373052245646196,0.3904674610449129,0.4518790100824931,0.4995417048579285,0.5178735105407883,0.4683776351970669,0.3858845096241979,16,,,,,,,,,,,,,,,,,,,,,,,,,,,,,,,,
0.1184968684759916,0.2933611691022964,0.3152400835073068,0.21419624217119,0.2455949895615866,0.1923173277661795,0.0545302713987473,0.0349060542797494,0.1458505639097744,0.0462453007518797,0.0071146616541353,0.0,0.0177866541353383,0.0249013157894736,0.0,0.0142293233082706,0.2657342657342657,0.1188811188811188,0.0069930069930069,0.0,0.0139860139860139,0.0279720279720279,0.0,0.0069930069930069,0.3464711274060494,0.3143904674610449,0.3666361136571952,0.4839596700274977,0.5288725939505041,0.536205316223648,0.4977085242896426,0.4454628780934921,16,,,,,,,,,,,,,,,,,,,,,,,,,,,,,,,,
0.0281419624217118,0.2567014613778705,0.1905636743215031,0.1956576200417536,0.2092693110647181,0.144384133611691,0.0202922755741127,0.0052609603340292,0.074703947368421,0.0675892857142857,0.0142293233082706,0.0035573308270676,0.0,0.0604746240601503,0.0,0.0,0.1608391608391608,0.1748251748251748,0.0069930069930069,0.0,0.0,0.1118881118881118,0.0,0.0,0.3895508707607699,0.3748854262144821,0.4307974335472044,0.53987167736022,0.5600366636113657,0.5572868927589367,0.4949587534372135,0.4702108157653529,16,,,,,,,,,,,,,,,,,,,,,,,,,,,,,,,,
0.0117745302713987,0.2038413361169102,0.1777870563674321,0.0977035490605428,0.170187891440501,0.1302713987473904,0.0479331941544885,0.0867640918580375,0.021343984962406,0.1316212406015037,0.0071146616541353,0.0,0.0071146616541353,0.0142293233082706,0.0249013157894736,0.053359962406015,0.0349650349650349,0.2727272727272727,0.0,0.0,0.0,0.0349650349650349,0.0139860139860139,0.0909090909090909,0.4802933088909258,0.4344637946837764,0.4912923923006416,0.5857011915673694,0.6168652612282309,0.6480293308890925,0.5572868927589367,0.5527039413382219,16,,,,,,,,,,,,,,,,,,,,,,,,,,,,,,,,
0.262964509394572,0.2284759916492693,0.058956158663883,0.0076826722338204,0.1205010438413361,0.1332776617954071,0.1994989561586638,0.2103549060542797,0.085375939849624,0.1138345864661654,0.0391306390977443,0.0,0.0142293233082706,0.0462453007518797,0.064031954887218,0.053359962406015,0.1608391608391608,0.2587412587412587,0.0629370629370629,0.0,0.0,0.0909090909090909,0.1048951048951049,0.0769230769230769,0.5279560036663611,0.4683776351970669,0.5022914757103575,0.5435380384967919,0.6278643446379469,0.6681943171402384,0.6324472960586618,0.5857011915673694,16,,,,,,,,,,,,,,,,,,,,,,,,,,,,,,,,
0.2312317327766179,0.1866388308977035,0.0613778705636743,0.0551148225469728,0.1297703549060542,0.0703966597077244,0.0860125260960334,0.2131106471816284,0.1707518796992481,0.1209492481203007,0.0142293233082706,0.0,0.021343984962406,0.0284586466165413,0.0071146616541353,0.0711466165413533,0.3216783216783216,0.2447552447552447,0.0069930069930069,0.0,0.0209790209790209,0.0419580419580419,0.0069930069930069,0.1258741258741259,0.535288725939505,0.5279560036663611,0.5261228230980751,0.5435380384967919,0.5087076076993584,0.5022914757103575,0.5059578368469294,0.4839596700274977,9,,,,,,,,,,,,,,,,,,,,,,,,,,,,,,,,
0.3995824634655532,0.2361586638830898,0.4147807933194154,0.1102296450939457,0.1876409185803757,0.093027139874739,0.0096033402922755,0.0780793319415448,0.1209492481203007,0.1494078947368421,0.010671992481203,0.0,0.021343984962406,0.032015977443609,0.0035573308270676,0.021343984962406,0.2027972027972027,0.2867132867132867,0.0,0.0,0.0279720279720279,0.0559440559440559,0.0,0.0279720279720279,0.4564619615032081,0.4564619615032081,0.4857928505957837,0.5646196150320807,0.6058661778185152,0.5499541704857929,0.5050412465627865,0.4702108157653529,16,,,,,,,,,,,,,,,,,,,,,,,,,,,,,,,,
0.23741127348643,0.2349060542797494,0.0122755741127348,0.1317745302713987,0.1844676409185804,0.0891022964509394,0.0514405010438413,0.3262630480167015,0.0996052631578947,0.1209492481203007,0.0035573308270676,0.0035573308270676,0.0177866541353383,0.0284586466165413,0.064031954887218,0.021343984962406,0.2167832167832167,0.2657342657342657,0.0,0.0,0.0209790209790209,0.0489510489510489,0.0209790209790209,0.0209790209790209,0.4436296975252062,0.4216315307057745,0.4582951420714941,0.4967919340054995,0.5554537121906509,0.5875343721356554,0.545371219065078,0.5151237396883593,9,,,,,,,,,,,,,,,,,,,,,,,,,,,,,,,,
0.2330688935281837,0.2498538622129436,0.1034655532359081,0.1748643006263047,0.1335281837160751,0.2106054279749478,0.3382045929018789,0.0579540709812108,0.1102772556390977,0.1351785714285714,0.0142293233082706,0.0,0.0,0.042687969924812,0.0675892857142857,0.0142293233082706,0.2307692307692307,0.2727272727272727,0.0,0.0,0.0,0.0559440559440559,0.0419580419580419,0.0069930069930069,0.4637946837763519,0.4344637946837764,0.4876260311640696,0.5242896425297892,0.5756186984417965,0.613198900091659,0.535288725939505,0.5270394133822182,16,,,,,,,,,,,,,,,,,,,,,,,,,,,,,,,,
0.0833402922755741,0.1488100208768267,0.1270981210855949,0.124258872651357,0.1370354906054279,0.2188726513569937,0.6438413361169102,0.1186638830897703,0.0284586466165413,0.0782612781954887,0.010671992481203,0.0,0.0142293233082706,0.1422932330827067,0.128063909774436,0.0355733082706766,0.0559440559440559,0.1538461538461538,0.0139860139860139,0.0,0.0,0.3076923076923077,0.1258741258741259,0.0349650349650349,0.4711274060494959,0.4665444546287809,0.4775435380384968,0.5499541704857929,0.6031164069660861,0.6223648029330889,0.5838680109990835,0.538955087076077,16,,,,,,,,,,,,,,,,,,,,,,,,,,,,,,,,
0.0352400835073068,0.2031732776617954,0.1134029227557411,0.1179123173277661,0.1893945720250522,0.1663465553235908,0.10321503131524,0.075991649269311,0.042687969924812,0.0924906015037594,0.0284586466165413,0.0,0.0284586466165413,0.021343984962406,0.010671992481203,0.032015977443609,0.0699300699300699,0.2167832167832167,0.0209790209790209,0.0,0.0279720279720279,0.0279720279720279,0.0209790209790209,0.0349650349650349,0.5105407882676444,0.4702108157653529,0.4702108157653529,0.5050412465627865,0.608615948670944,0.5811182401466545,0.5197066911090742,0.4647112740604949,16,,,,,,,,,,,,,,,,,,,,,,,,,,,,,,,,
0.1946555323590814,0.1882254697286012,0.1728601252609603,0.1569937369519833,0.2386638830897703,0.1520668058455114,0.1137369519832985,0.1650104384133611,0.1671945488721804,0.0498026315789473,0.0142293233082706,0.0,0.021343984962406,0.0355733082706766,0.0071146616541353,0.042687969924812,0.3286713286713286,0.1118881118881118,0.0139860139860139,0.0,0.0209790209790209,0.0699300699300699,0.0419580419580419,0.0629370629370629,0.3730522456461961,0.3684692942254812,0.4234647112740605,0.4931255728689276,0.5123739688359303,0.4711274060494959,0.4335472043996333,0.4252978918423464,9,,,,,,,,,,,,,,,,,,,,,,,,,,,,,,,,
0.2794154488517745,0.3812108559498955,0.1941544885177452,0.1678496868475991,0.2325678496868476,0.1675156576200417,0.1362839248434238,0.3356993736951983,0.0996052631578947,0.1316212406015037,0.0035573308270676,0.0035573308270676,0.0177866541353383,0.0391306390977443,0.0604746240601503,0.0498026315789473,0.2307692307692307,0.2797202797202797,0.0,0.0069930069930069,0.0209790209790209,0.0769230769230769,0.1398601398601398,0.0909090909090909,0.4252978918423464,0.4234647112740605,0.4234647112740605,0.4958753437213565,0.5435380384967919,0.5646196150320807,0.533455545371219,0.4298808432630614,16,,,,,,,,,,,,,,,,,,,,,,,,,,,,,,,,
0.378705636743215,0.2999582463465553,0.2534446764091858,0.1782045929018789,0.2091022964509394,0.2108559498956158,0.0959498956158663,0.128768267223382,0.1209492481203007,0.0675892857142857,0.064031954887218,0.0,0.021343984962406,0.032015977443609,0.010671992481203,0.021343984962406,0.2027972027972027,0.1048951048951049,0.1328671328671328,0.0,0.0139860139860139,0.0489510489510489,0.0069930069930069,0.0209790209790209,0.3739688359303392,0.4188817598533456,0.4775435380384968,0.5554537121906509,0.5875343721356554,0.541704857928506,0.4692942254812098,0.4527956003666362,16,,,,,,,,,,,,,,,,,,,,,,,,,,,,,,,,
0.2761586638830897,0.2851774530271398,0.127348643006263,0.1771189979123173,0.1573277661795407,0.0898538622129436,0.0132776617954071,0.0872651356993736,0.096047932330827,0.085375939849624,0.0071146616541353,0.0071146616541353,0.0177866541353383,0.032015977443609,0.021343984962406,0.021343984962406,0.1818181818181818,0.1678321678321678,0.0,0.0,0.0279720279720279,0.0279720279720279,0.0419580419580419,0.0209790209790209,0.4931255728689276,0.459211732355637,0.4995417048579285,0.5545371219065078,0.612282309807516,0.6095325389550871,0.5664527956003667,0.4876260311640696,16,,,,,,,,,,,,,,,,,,,,,,,,,,,,,,,,
0.14321503131524,0.2213778705636743,0.0545302713987473,0.1508977035490605,0.2515240083507307,0.1387891440501043,0.1261795407098121,0.2434237995824634,0.0818186090225564,0.1565225563909774,0.010671992481203,0.0,0.0071146616541353,0.0569172932330827,0.0675892857142857,0.1031625939849624,0.1328671328671328,0.3286713286713286,0.0,0.0,0.0,0.0629370629370629,0.1258741258741259,0.1538461538461538,0.4097158570119156,0.3904674610449129,0.4500458295142071,0.5380384967919339,0.5829514207149404,0.5655362053162236,0.5508707607699359,0.5380384967919339,16,,,,,,,,,,,,,,,,,,,,,,,,,,,,,,,,
0.1407098121085595,0.164509394572025,0.0593736951983298,0.1077244258872651,0.0608768267223382,0.1042171189979123,0.3367849686847599,0.4477661795407098,0.117391917293233,0.064031954887218,0.0177866541353383,0.0,0.0071146616541353,0.0284586466165413,0.1600798872180451,0.0569172932330827,0.2657342657342657,0.1398601398601398,0.0209790209790209,0.0,0.0,0.0419580419580419,0.1328671328671328,0.0209790209790209,0.5279560036663611,0.5178735105407883,0.5582034830430798,0.6471127406049496,0.6782768102658111,0.6351970669110908,0.5765352887259395,0.5820348304307975,43,,,,,,,,,,,,,,,,,,,,,,,,,,,,,,,,
0.1907306889352818,0.1503966597077244,0.0382463465553235,0.0091022964509394,0.0334029227557411,0.0545302713987473,0.3947390396659708,0.1137369519832985,0.074703947368421,0.117391917293233,0.010671992481203,0.0,0.0177866541353383,0.074703947368421,0.0498026315789473,0.021343984962406,0.1398601398601398,0.2447552447552447,0.0,0.0,0.0139860139860139,0.0629370629370629,0.0489510489510489,0.0209790209790209,0.5692025664527957,0.544454628780935,0.5948670944087993,0.6278643446379469,0.6168652612282309,0.5967002749770853,0.5536205316223648,0.5545371219065078,43,,,,,,,,,,,,,,,,,,,,,,,,,,,,,,,,
0.3007933194154489,0.2045929018789144,0.0767432150313152,0.0167849686847599,0.081670146137787,0.1021294363256784,0.0174530271398747,0.1413778705636743,0.1138345864661654,0.1458505639097744,0.0071146616541353,0.0,0.0284586466165413,0.021343984962406,0.0,0.0249013157894736,0.2097902097902098,0.3216783216783216,0.0,0.0,0.0349650349650349,0.0069930069930069,0.0,0.0489510489510489,0.5481209899175069,0.5206232813932172,0.5270394133822182,0.5930339138405133,0.5783684692942255,0.5545371219065078,0.5279560036663611,0.541704857928506,16,,,,,,,,,,,,,,,,,,,,,,,,,,,,,,,,
0.2253862212943632,0.2184551148225469,0.138705636743215,0.090438413361169,0.1650939457202505,0.1123173277661795,0.1091440501043841,0.1463048016701461,0.0889332706766917,0.1814238721804511,0.0,0.0,0.0249013157894736,0.0177866541353383,0.0071146616541353,0.0177866541353383,0.1608391608391608,0.3566433566433566,0.0,0.0,0.0209790209790209,0.0139860139860139,0.0,0.0209790209790209,0.5380384967919339,0.5380384967919339,0.5380384967919339,0.5682859761686526,0.5875343721356554,0.6049495875343721,0.613198900091659,0.5829514207149404,16,,,,,,,,,,,,,,,,,,,,,,,,,,,,,,,,
0.2318162839248434,0.388643006263048,0.1267640918580375,0.0794989561586638,0.1712734864300626,0.1505636743215031,0.0689770354906054,0.1869728601252609,0.0889332706766917,0.1209492481203007,0.010671992481203,0.0,0.0249013157894736,0.053359962406015,0.0071146616541353,0.0462453007518797,0.0909090909090909,0.2587412587412587,0.0069930069930069,0.0,0.0139860139860139,0.0769230769230769,0.0,0.0279720279720279,0.537121906507791,0.5142071494042164,0.5050412465627865,0.5169569202566453,0.5756186984417965,0.617781851512374,0.5719523373052245,0.5077910174152155,16,,,,,,,,,,,,,,,,,,,,,,,,,,,,,,,,
0.3240918580375783,0.2490187891440501,0.1326096033402923,0.1767849686847599,0.1466388308977035,0.1667640918580375,0.0275574112734864,0.0338204592901878,0.0498026315789473,0.1458505639097744,0.010671992481203,0.0035573308270676,0.010671992481203,0.0569172932330827,0.0142293233082706,0.0071146616541353,0.0979020979020979,0.2867132867132867,0.0,0.0,0.0139860139860139,0.0839160839160839,0.0,0.0139860139860139,0.4509624197983501,0.462878093492209,0.4940421631530706,0.5554537121906509,0.5985334555453712,0.5811182401466545,0.542621448212649,0.5105407882676444,16,,,,,,,,,,,,,,,,,,,,,,,,,,,,,,,,
0.3561586638830897,0.3366179540709812,0.0610438413361169,0.0171189979123173,0.0334864300626304,0.2210438413361169,0.2828392484342379,0.2237160751565761,0.0818186090225564,0.1636372180451128,0.0071146616541353,0.0,0.0177866541353383,0.0889332706766917,0.0498026315789473,0.0177866541353383,0.1048951048951049,0.3146853146853147,0.0,0.0,0.0139860139860139,0.1608391608391608,0.0559440559440559,0.0,0.4949587534372135,0.4977085242896426,0.5169569202566453,0.5664527956003667,0.5719523373052245,0.6058661778185152,0.5847846012832265,0.5499541704857929,16,,,,,,,,,,,,,,,,,,,,,,,,,,,,,,,,
0.2399164926931106,0.4135281837160752,0.1250104384133611,0.1291858037578288,0.1296868475991649,0.0966179540709812,0.0349060542797494,0.0541962421711899,0.1671945488721804,0.1316212406015037,0.010671992481203,0.0,0.0035573308270676,0.0391306390977443,0.0498026315789473,0.0177866541353383,0.2237762237762237,0.1818181818181818,0.0,0.0,0.0,0.0419580419580419,0.0909090909090909,0.0349650349650349,0.5435380384967919,0.5224564619615032,0.542621448212649,0.5591200733272228,0.5921173235563704,0.6012832263978002,0.5902841429880844,0.544454628780935,16,,,,,,,,,,,,,,,,,,,,,,,,,,,,,,,,
0.0683089770354906,0.187223382045929,0.1600835073068893,0.0982045929018789,0.1233402922755741,0.1759498956158663,0.3615031315240083,0.1541544885177453,0.0391306390977443,0.0711466165413533,0.021343984962406,0.0,0.0035573308270676,0.0996052631578947,0.053359962406015,0.010671992481203,0.0769230769230769,0.1538461538461538,0.0209790209790209,0.0,0.0,0.0909090909090909,0.0559440559440559,0.0069930069930069,0.5068744271310724,0.4766269477543539,0.4720439963336389,0.5004582951420715,0.6021998166819431,0.6040329972502292,0.5508707607699359,0.5114573785517874,16,,,,,,,,,,,,,,,,,,,,,,,,,,,,,,,,
0.4488517745302714,0.7851356993736952,0.1737787056367432,0.1341962421711899,0.1745302713987473,0.1155741127348643,0.0425887265135699,0.1027974947807933,0.3308317669172932,0.1316212406015037,0.010671992481203,0.0035573308270676,0.0142293233082706,0.021343984962406,0.0,0.0177866541353383,0.5034965034965035,0.2307692307692307,0.0,0.0,0.0209790209790209,0.0209790209790209,0.0,0.0139860139860139,0.4977085242896426,0.4903758020164986,0.4894592117323556,0.5499541704857929,0.5710357470210815,0.5646196150320807,0.5435380384967919,0.462878093492209,43,,,,,,,,,,,,,,,,,,,,,,,,,,,,,,,,
0.0527766179540709,0.1569102296450939,0.1458872651356993,0.1528183716075156,0.1893110647181628,0.2025887265135699,0.1078914405010438,0.1010438413361169,0.0,0.042687969924812,0.0,0.0,0.010671992481203,0.021343984962406,0.0142293233082706,0.0,0.0,0.0769230769230769,0.0,0.0,0.0069930069930069,0.0349650349650349,0.0,0.0,0.4289642529789184,0.4344637946837764,0.4610449129239229,0.5261228230980751,0.5646196150320807,0.5820348304307975,0.531622364802933,0.4848762603116406,16,,,,,,,,,,,,,,,,,,,,,,,,,,,,,,,,
0.1043006263048016,0.1569937369519833,0.144384133611691,0.1496450939457202,0.1512317327766179,0.1704384133611691,0.1160751565762004,0.2086012526096033,0.0177866541353383,0.0604746240601503,0.0,0.0,0.0035573308270676,0.0177866541353383,0.010671992481203,0.0249013157894736,0.0279720279720279,0.0979020979020979,0.0,0.0,0.0,0.0209790209790209,0.0,0.0419580419580419,0.462878093492209,0.4472960586617781,0.4555453712190651,0.4802933088909258,0.4903758020164986,0.5261228230980751,0.5105407882676444,0.4775435380384968,16,,,,,,,,,,,,,,,,,,,,,,,,,,,,,,,,
0.1430480167014614,0.1267640918580375,0.10580375782881,0.1592484342379958,0.191482254697286,0.157745302713981,0.1193319415448851,0.0648016701461377,0.042687969924812,0.010671992481203,0.0035573308270676,0.0035573308270676,0.0071146616541353,0.021343984962406,0.010671992481203,0.0071146616541353,0.0909090909090909,0.0,0.0,0.0,0.0,0.0279720279720279,0.0139860139860139,0.0069930069930069,0.4967919340054995,0.4766269477543537,0.4683776351970669,0.5142071494042164,0.5857011915673694,0.5774518790100824,0.5472043996333639,0.5077910174152155,16,,,,,,,,,,,,,,,,,,,,,,,,,,,,,,,,
0.1070563674321503,0.1115657620041753,0.1078079331941544,0.1773695198329853,0.1851356993736952,0.1300208768267223,0.138956158663883,0.0307306889352818,0.0249013157894736,0.0391306390977443,0.0035573308270676,0.0,0.010671992481203,0.0071146616541353,0.0142293233082706,0.0071146616541353,0.0419580419580419,0.0769230769230769,0.0,0.0,0.0209790209790209,0.0,0.0139860139860139,0.0,0.4821264894592117,0.4482126489459211,0.4720439963336389,0.534372135655362,0.6040329972502292,0.6067827681026581,0.5692025664527957,0.4702108157653529,16,,,,,,,,,,,,,,,,,,,,,,,,,,,,,,,,
0.1360334029227557,0.1381210855949895,0.1308559498956158,0.1686012526096033,0.1884759916492693,0.1225887265135699,0.0707306889352818,0.0549478079331941,0.0284586466165413,0.0355733082706766,0.0035573308270676,0.0,0.0035573308270676,0.0071146616541353,0.0071146616541353,0.010671992481203,0.0629370629370629,0.0769230769230769,0.0,0.0,0.0,0.0139860139860139,0.0069930069930069,0.0,0.4252978918423464,0.4014665444546287,0.4931255728689276,0.5985334555453712,0.6425297891842346,0.6608615948670944,0.6058661778185152,0.5618698441796517,16,,,,,,,,,,,,,,,,,,,,,,,,,,,,,,,,
0.0688100208768267,0.0590396659707724,0.0111064718162839,0.1121503131524008,0.1181628392484342,0.2436743215031315,0.0084342379958246,0.125678496868476,0.0142293233082706,0.0462453007518797,0.0071146616541353,0.0,0.010671992481203,0.0355733082706766,0.0,0.0142293233082706,0.0279720279720279,0.0839160839160839,0.0,0.0,0.0139860139860139,0.0139860139860139,0.0,0.0209790209790209,0.4977085242896426,0.4839596700274977,0.5563703024747938,0.6196150320806599,0.6764436296975253,0.7131072410632449,0.6645279560036663,0.6251145737855179,16,,,,,,,,,,,,,,,,,,,,,,,,,,,,,,,,
0.1347807933194154,0.0641336116910229,0.0133611691022964,0.0086012526096033,0.0121085594989561,0.1566597077244259,0.5484759916492693,0.1407933194154488,0.0249013157894736,0.042687969924812,0.0071146616541353,0.0,0.0,0.2276691729323308,0.0569172932330827,0.053359962406015,0.0349650349650349,0.0839160839160839,0.0,0.0,0.0,0.3216783216783216,0.0419580419580419,0.0909090909090909,0.5572868927589367,0.5600366636113657,0.5875343721356554,0.6562786434463794,0.7314390467461045,0.7231897341888175,0.6196150320806599,0.5747021081576534,16,,,,,,,,,,,,,,,,,,,,,,,,,,,,,,,,
0.3634237995824635,0.1372025052192066,0.0145302713987473,0.0142797494780793,0.0634655532359081,0.0642171189979123,0.1008768267223381,0.0212943632567849,0.1316212406015037,0.0249013157894736,0.0,0.0,0.0035573308270676,0.0355733082706766,0.0249013157894736,0.0284586466165413,0.2377622377622377,0.0139860139860139,0.0,0.0,0.0,0.0349650349650349,0.0349650349650349,0.0629370629370629,0.5279560036663611,0.4857928505957837,0.4995417048579284,0.53987167736022,0.5737855178735105,0.5682859761686526,0.527039413382218,0.5004582951420715,9,,,,,,,,,,,,,,,,,,,,,,,,,,,,,,,,
0.1380375782881002,0.5594989561586639,0.1820459290187891,0.2033402922755741,0.1877244258872651,0.1263465553235908,0.0692275574112734,0.0227139874739039,0.1707518796992481,0.1422932330827067,0.010671992481203,0.0,0.021343984962406,0.0142293233082706,0.0249013157894736,0.0177866541353383,0.2587412587412587,0.2797202797202797,0.0,0.0,0.0209790209790209,0.0559440559440559,0.0629370629370629,0.0139860139860139,0.4775435380384968,0.4637946837763519,0.4912923923006416,0.5288725939505041,0.5646196150320807,0.5875343721356554,0.5582034830430798,0.4967919340054995,16,,,,,,,,,,,,,,,,,,,,,,,,,,,,,,,,
0.1807933194154488,0.4758246346555323,0.1505636743215031,0.1535699373695198,0.1969937369519833,0.0678079331941544,0.0116910229645093,0.0783298538622129,0.1956531954887218,0.1351785714285714,0.0142293233082706,0.0,0.032015977443609,0.0284586466165413,0.0,0.021343984962406,0.3566433566433566,0.2587412587412587,0.0069930069930069,0.0,0.0279720279720279,0.0209790209790209,0.0,0.0139860139860139,0.4289642529789184,0.3996333638863428,0.4986251145737855,0.5508707607699359,0.5921173235563704,0.6351970669110908,0.5847846012832264,0.5233730522456461,16,,,,,,,,,,,,,,,,,,,,,,,,,,,,,,,,
0.174446764091858,0.1278496868475991,0.0941127348643006,0.0683089770354906,0.165929018789144,0.0869311064718162,0.0691440501043841,0.0206263048016701,0.0284586466165413,0.1387359022556391,0.0996052631578947,0.0,0.0,0.0355733082706766,0.0355733082706766,0.1138345864661654,0.0279720279720279,0.2027972027972027,0.2027972027972027,0.0,0.0,0.0279720279720279,0.0629370629370629,0.0349650349650349,0.4812098991750687,0.4491292392300642,0.5664527956003667,0.6251145737855179,0.6966086159486709,0.7323556370302474,0.6764436296975253,0.6104491292392301,43,,,,,,,,,,,,,,,,,,,,,,,,,,,,,,,,
0.1129853862212943,0.2129436325678496,0.0519415448851774,0.0155323590814196,0.0620459290187891,0.102964509394572,0.0228810020876826,0.0491858037578288,0.0569172932330827,0.1245065789473684,0.0142293233082706,0.0,0.021343984962406,0.0711466165413533,0.0071146616541353,0.021343984962406,0.1048951048951049,0.2587412587412587,0.0,0.0,0.0209790209790209,0.0769230769230769,0.0,0.0279720279720279,0.5536205316223648,0.4995417048579285,0.6067827681026581,0.6782768102658112,0.7167736021998166,0.7378551787351053,0.6975252062328139,0.6526122823098075,43,,,,,,,,,,,,,,,,,,,,,,,,,,,,,,,,
0.2438413361169102,0.2138622129436325,0.0901043841336116,0.0180375782881002,0.0630480167014613,0.0190396659707724,0.0141127348643006,0.2011691022964509,0.117391917293233,0.0996052631578947,0.0142293233082706,0.0,0.032015977443609,0.021343984962406,0.0,0.0284586466165413,0.1468531468531468,0.1818181818181818,0.0,0.0,0.0349650349650349,0.0419580419580419,0.0,0.0349650349650349,0.5728689275893676,0.5627864344637947,0.6223648029330889,0.692942254812099,0.7332722273143903,0.7525206232813932,0.6828597616865262,0.6296975252062328,43,,,,,,,,,,,,,,,,,,,,,,,,,,,,,,,,
0.1343632567849687,0.2114405010438413,0.0420041753653444,0.0303966597077244,0.0378288100208768,0.0730688935281837,0.0886847599164926,0.1780375782881002,0.1102772556390977,0.1138345864661654,0.0355733082706766,0.0,0.0142293233082706,0.021343984962406,0.042687969924812,0.0391306390977443,0.1818181818181818,0.1608391608391608,0.0699300699300699,0.0,0.0139860139860139,0.0279720279720279,0.0279720279720279,0.0209790209790209,0.608615948670944,0.5737855178735105,0.608615948670944,0.6516956920256646,0.6691109074243814,0.7076076993583869,0.6581118240146654,0.6214482126489459,43,,,,,,,,,,,,,,,,,,,,,,,,,,,,,,,,
0.163089770354906,0.1535699373695198,0.2683089770354906,0.0181210855949895,0.0410020876826722,0.0587891440501043,0.0326513569937369,0.4577870563674321,0.1529652255639097,0.1031625939849624,0.0071146616541353,0.0,0.0177866541353383,0.0498026315789473,0.0498026315789473,0.085375939849624,0.3006993006993007,0.1748251748251748,0.0,0.0,0.0209790209790209,0.0489510489510489,0.0,0.0419580419580419,0.5829514207149404,0.532538955087076,0.5682859761686526,0.6003666361136573,0.6452795600366636,0.6562786434463794,0.6287809349220899,0.5838680109990835,43,,,,,,,,,,,,,,,,,,,,,,,,,,,,,,,,
0.0673903966597077,0.1767849686847599,0.0471816283924843,0.0182881002087682,0.0399164926931106,0.0726513569937369,0.0207933194154488,0.0759081419624217,0.1458505639097744,0.1565225563909774,0.010671992481203,0.0035573308270676,0.021343984962406,0.021343984962406,0.032015977443609,0.0391306390977443,0.2517482517482518,0.3006993006993007,0.0,0.0,0.0209790209790209,0.0279720279720279,0.0209790209790209,0.0279720279720279,0.5206232813932172,0.4867094408799266,0.5132905591200734,0.5637030247479377,0.6168652612282309,0.6342804766269478,0.614115490375802,0.5536205316223648,16,,,,,,,,,,,,,,,,,,,,,,,,,,,,,,,,
0.2703131524008351,0.2042588726513569,0.2493528183716075,0.0151983298538622,0.0696450939457202,0.2531106471816284,0.0572025052192066,0.1786221294363256,0.117391917293233,0.1494078947368421,0.010671992481203,0.0,0.0177866541353383,0.0249013157894736,0.0284586466165413,0.0924906015037594,0.0769230769230769,0.2657342657342657,0.0069930069930069,0.0,0.0139860139860139,0.0279720279720279,0.0489510489510489,0.1678321678321678,0.5077910174152155,0.462878093492209,0.5105407882676444,0.5572868927589367,0.6223648029330889,0.6324472960586618,0.5912007332722273,0.5472043996333639,16,,,,,,,,,,,,,,,,,,,,,,,,,,,,,,,,
0.1018789144050104,0.2652192066805846,0.1058872651356993,0.0469311064718162,0.0787473903966597,0.1058872651356993,0.0254697286012526,0.0977870563674321,0.053359962406015,0.1849812030075188,0.021343984962406,0.0355733082706766,0.0249013157894736,0.042687969924812,0.021343984962406,0.117391917293233,0.0769230769230769,0.3146853146853147,0.0139860139860139,0.0069930069930069,0.0209790209790209,0.0489510489510489,0.0069930069930069,0.1538461538461538,0.4958753437213565,0.4610449129239229,0.53987167736022,0.6049495875343721,0.6425297891842346,0.69019248395967,0.6287809349220899,0.6260311640696609,16,,,,,,,,,,,,,,,,,,,,,,,,,,,,,,,,
0.1315240083507306,0.2421711899791232,0.028643006263048,0.0373277661795407,0.0656367432150313,0.1491440501043841,0.1746137787056367,0.1297703549060542,0.128063909774436,0.085375939849624,0.0071146616541353,0.0142293233082706,0.042687969924812,0.10671992481203,0.053359962406015,0.0355733082706766,0.1958041958041958,0.1468531468531468,0.0,0.0139860139860139,0.0629370629370629,0.1118881118881118,0.0909090909090909,0.0139860139860139,0.6076993583868011,0.5765352887259395,0.617781851512374,0.6709440879926672,0.5866177818515125,0.5710357470210815,0.5728689275893676,0.5857011915673694,43,,,,,,,,,,,,,,,,,,,,,,,,,,,,,,,,
0.2171189979123173,0.6015031315240084,0.0831732776617954,0.0243006263048016,0.0526096033402922,0.1665970772442588,0.1196659707724425,0.3868893528183716,0.1565225563909774,0.2027678571428571,0.021343984962406,0.0,0.032015977443609,0.0711466165413533,0.0711466165413533,0.053359962406015,0.3216783216783216,0.3076923076923077,0.0,0.0,0.0279720279720279,0.0769230769230769,0.0699300699300699,0.0909090909090909,0.5728689275893676,0.5618698441796517,0.5765352887259395,0.6003666361136573,0.616865261228231,0.6553620531622365,0.6452795600366636,0.5985334555453712,16,,,,,,,,,,,,,,,,,,,,,,,,,,,,,,,,
0.3412108559498956,0.2909394572025052,0.067223382045929,0.0211273486430062,0.068893528183716,0.0823382045929018,0.0903549060542797,0.1524843423799582,0.1529652255639097,0.1245065789473684,0.0035573308270676,0.0,0.042687969924812,0.0462453007518797,0.0675892857142857,0.0569172932330827,0.2517482517482518,0.2167832167832167,0.0069930069930069,0.0,0.0419580419580419,0.0699300699300699,0.0559440559440559,0.0769230769230769,0.5682859761686526,0.5307057745187901,0.5572868927589367,0.611365719523373,0.6269477543538039,0.6315307057745189,0.5563703024747938,0.5160403299725023,16,,,,,,,,,,,,,,,,,,,,,,,,,,,,,,,,
0.2262212943632567,0.253945720250522,0.0474321503131523,0.0202087682672233,0.2170354906054279,0.3584133611691023,0.1666805845511482,0.1951565762004175,0.117391917293233,0.1351785714285714,0.0177866541353383,0.0,0.0569172932330827,0.0996052631578947,0.0391306390977443,0.0391306390977443,0.1888111888111888,0.2447552447552447,0.0139860139860139,0.0,0.0629370629370629,0.0699300699300699,0.0349650349650349,0.0489510489510489,0.4949587534372135,0.5059578368469294,0.5499541704857929,0.6067827681026581,0.6507791017415215,0.6471127406049496,0.5664527956003667,0.5435380384967919,16,,,,,,,,,,,,,,,,,,,,,,,,,,,,,,,,
0.2426722338204592,0.2178705636743215,0.0675574112734864,0.0435908141962421,0.2084342379958246,0.1067223382045929,0.0928601252609603,0.0633820459290187,0.1031625939849624,0.1209492481203007,0.0249013157894736,0.0,0.085375939849624,0.0675892857142857,0.0391306390977443,0.0355733082706766,0.2237762237762237,0.2167832167832167,0.0139860139860139,0.0,0.1118881118881118,0.0559440559440559,0.0699300699300699,0.0279720279720279,0.4949587534372135,0.4857928505957837,0.5435380384967919,0.5802016498625114,0.6251145737855179,0.6498625114573785,0.615032080659945,0.5820348304307975,16,,,,,,,,,,,,,,,,,,,,,,,,,,,,,,,,
0.4369102296450939,0.4932776617954071,0.0444258872651356,0.0245511482254697,0.0855114822546972,0.1220876826722338,0.1000417536534446,0.3852192066805845,0.2525704887218045,0.1102772556390977,0.010671992481203,0.0,0.0462453007518797,0.0711475563909774,0.0996052631578947,0.053359962406015,0.4335664335664335,0.1048951048951049,0.0,0.0,0.0559440559440559,0.1188811188811188,0.0699300699300699,0.0839160839160839,0.5151237396883593,0.5096241979835014,0.5893675527039414,0.6636113657195234,0.7259395050412465,0.7736021998166819,0.7121906507791017,0.6626947754353805,16,,,,,,,,,,,,,,,,,,,,,,,,,,,,,,,,
0.2435908141962421,0.3144885177453027,0.0435908141962421,0.0273068893528183,0.0956993736951983,0.0946137787056367,0.2389144050104384,0.1643423799582463,0.128063909774436,0.1387359022556391,0.0,0.0,0.0391306390977443,0.0889332706766917,0.0177866541353383,0.0996052631578947,0.1958041958041958,0.2027972027972027,0.0,0.0,0.0419580419580419,0.0629370629370629,0.0139860139860139,0.1678321678321678,0.6168652612282309,0.5508707607699359,0.6681943171402384,0.7158570119156736,0.7745187901008248,0.8276810265811183,0.8130155820348303,0.6535288725939504,43,,,,,,,,,,,,,,,,,,,,,,,,,,,,,,,,
0.085929018789144,0.2211273486430063,0.0440918580375782,0.0423382045929018,0.0652192066805845,0.1531524008350731,0.0870146137787056,0.1378705636743215,0.0177866541353383,0.1209492481203007,0.0,0.0142293233082706,0.042687969924812,0.1138345864661654,0.0177866541353383,0.0996052631578947,0.0279720279720279,0.1958041958041958,0.0,0.0209790209790209,0.0419580419580419,0.1888111888111888,0.0069930069930069,0.0699300699300699,0.5728689275893675,0.5527039413382219,0.5939505041246563,0.6617781851512374,0.7222731439046746,0.7231897341888175,0.6828597616865262,0.6370302474793768,43,,,,,,,,,,,,,,,,,,,,,,,,,,,,,,,,
0.4571189979123173,0.249937369519833,0.0335699373695198,0.0248851774530271,0.1751148225469728,0.0829227557411273,0.0825052192066805,0.090438413361169,0.0889332706766917,0.1885385338345865,0.0,0.0142293233082706,0.0462453007518797,0.0249013157894736,0.0249013157894736,0.0177866541353383,0.1118881118881118,0.3426573426573426,0.0,0.0069930069930069,0.0349650349650349,0.0279720279720279,0.0349650349650349,0.0139860139860139,0.6306141154903758,0.5948670944087993,0.5866177818515125,0.6324472960586618,0.7021081576535289,0.6700274977085243,0.6040329972502292,0.5692025664527957,16,,,,,,,,,,,,,,,,,,,,,,,,,,,,,,,,
0.1160751565762004,0.1955741127348643,0.0065970772442588,0.0031732776617954,0.0455114822546972,0.2225469728601252,0.1061377870563674,0.1215866388308977,0.1671945488721804,0.021343984962406,0.0035573308270676,0.0,0.0284586466165413,0.0249013157894736,0.0462453007518797,0.053359962406015,0.2937062937062937,0.0139860139860139,0.0,0.0,0.0349650349650349,0.0139860139860139,0.0629370629370629,0.0909090909090909,0.5105407882676444,0.5041246562786436,0.5169569202566453,0.5637030247479377,0.6351970669110908,0.6599450045829515,0.6260311640696609,0.5747021081576534,43,,,,,,,,,,,,,,,,,,,,,,,,,,,,,,,,
0.4126096033402923,0.370187891440501,0.0250521920668058,0.0046764091858037,0.0791649269311064,0.1455532359081419,0.008768267223382,0.2509394572025052,0.1102772556390977,0.096047932330827,0.0,0.0,0.0249013157894736,0.021343984962406,0.0,0.0249013157894736,0.1958041958041958,0.1398601398601398,0.0,0.0,0.0139860139860139,0.0349650349650349,0.0,0.0349650349650349,0.5572868927589367,0.533455545371219,0.545371219065078,0.608615948670944,0.6324472960586618,0.617781851512374,0.5783684692942255,0.5637030247479377,16,,,,,,,,,,,,,,,,,,,,,,,,,,,,,,,,
0.1749478079331941,0.1579123173277661,0.048768267223382,0.0281419624217118,0.1126513569937369,0.0915240083507307,0.0435073068893528,0.0563674321503131,0.0711466165413533,0.1458505639097744,0.0071146616541353,0.0035573308270676,0.0355733082706766,0.0355733082706766,0.0035573308270676,0.0498026315789473,0.0839160839160839,0.2657342657342657,0.0,0.0,0.0419580419580419,0.0209790209790209,0.0,0.0209790209790209,0.5545371219065078,0.5618698441796517,0.5756186984417965,0.6012832263978002,0.6434463794683776,0.6736938588450962,0.6645279560036664,0.6388634280476627,16,,,,,,,,,,,,,,,,,,,,,,,,,,,,,,,,
0.275991649269311,0.2492693110647182,0.0483507306889352,0.0071816283924843,0.0401670146137786,0.0959498956158663,0.050187891440501,0.0541127348643006,0.1494078947368421,0.0711466165413533,0.0355733082706766,0.0,0.0035573308270676,0.0711466165413533,0.0142293233082706,0.1316212406015037,0.2377622377622377,0.1188811188811188,0.0699300699300699,0.0,0.0,0.0979020979020979,0.0209790209790209,0.2027972027972027,0.614115490375802,0.5939505041246563,0.6168652612282309,0.688359303391384,0.7488542621448213,0.7415215398716773,0.6828597616865262,0.5902841429880844,43,,,,,,,,,,,,,,,,,,,,,,,,,,,,,,,,
0.5382881002087683,0.3649269311064718,0.2109394572025052,0.191732776617954,0.2035908141962421,0.210187891440501,0.0754906054279749,0.1513987473903966,0.1245065789473684,0.10671992481203,0.010671992481203,0.0,0.021343984962406,0.0604746240601503,0.0604746240601503,0.0249013157894736,0.2657342657342657,0.2587412587412587,0.0,0.0,0.0209790209790209,0.1188811188811188,0.0209790209790209,0.0279720279720279,0.4445462878093492,0.4509624197983501,0.46012832263978,0.5041246562786436,0.5820348304307975,0.5930339138405133,0.5545371219065078,0.5187901008249313,16,,,,,,,,,,,,,,,,,,,,,,,,,,,,,,,,
0.32,0.2091022964509394,0.1924843423799582,0.1300208768267223,0.1615866388308977,0.1772025052192066,0.208517745302714,0.3806263048016701,0.0924906015037594,0.1031625939849624,0.0284586466165413,0.0,0.010671992481203,0.0249013157894736,0.0035573308270676,0.0604746240601503,0.1748251748251748,0.2587412587412587,0.0209790209790209,0.0,0.0139860139860139,0.0279720279720279,0.0,0.1328671328671328,0.5059578368469294,0.4995417048579285,0.4757103574702108,0.4060494958753436,0.4262144821264894,0.4656278643446379,0.4225481209899175,0.3492208982584784,11,,,,,,,,,,,,,,,,,,,,,,,,,,,,,,,,
0.445929018789144,0.3106471816283925,0.2333194154488517,0.2293945720250522,0.2756576200417536,0.1559081419624217,0.0926931106471816,0.1407933194154488,0.1102772556390977,0.0889332706766917,0.0604746240601503,0.0,0.0177866541353383,0.0249013157894736,0.0604746240601503,0.0355733082706766,0.1888111888111888,0.2097902097902098,0.0979020979020979,0.0,0.0139860139860139,0.0489510489510489,0.0209790209790209,0.0629370629370629,0.3327222731439047,0.304307974335472,0.3703024747937672,0.4381301558203483,0.4674610449129239,0.46012832263978,0.4344637946837764,0.384967919340055,2,,,,,,,,,,,,,,,,,,,,,,,,,,,,,,,,
0.4100208768267223,0.4504384133611691,0.1531524008350731,0.2245511482254697,0.307473903966597,0.1708559498956158,0.1192484342379958,0.1573277661795407,0.0782612781954887,0.1494078947368421,0.0142293233082706,0.0,0.0177866541353383,0.0391306390977443,0.0142293233082706,0.0498026315789473,0.1328671328671328,0.3706293706293706,0.0,0.0,0.0139860139860139,0.0489510489510489,0.0,0.0769230769230769,0.3455545371219065,0.3510540788267644,0.3996333638863428,0.4390467461044913,0.4876260311640696,0.4885426214482126,0.454628780934922,0.3923006416131989,2,,,,,,,,,,,,,,,,,,,,,,,,,,,,,,,,
0.0937787056367432,0.4223799582463465,0.3290187891440501,0.2255532359081419,0.2263048016701461,0.1865553235908142,0.0616283924843423,0.084509394572025,0.1245065789473684,0.0996052631578947,0.0,0.0,0.0071146616541353,0.0462453007518797,0.0071146616541353,0.064031954887218,0.3216783216783216,0.1258741258741259,0.0,0.0,0.0,0.0769230769230769,0.0069930069930069,0.1538461538461538,0.3418881759853345,0.3373052245646196,0.3904674610449129,0.4518790100824931,0.4995417048579285,0.5178735105407883,0.4683776351970669,0.3858845096241979,16,,,,,,,,,,,,,,,,,,,,,,,,,,,,,,,,
0.1184968684759916,0.2933611691022964,0.3152400835073068,0.21419624217119,0.2455949895615866,0.1923173277661795,0.0545302713987473,0.0349060542797494,0.1458505639097744,0.0462453007518797,0.0071146616541353,0.0,0.0177866541353383,0.0249013157894736,0.0,0.0142293233082706,0.2657342657342657,0.1188811188811188,0.0069930069930069,0.0,0.0139860139860139,0.0279720279720279,0.0,0.0069930069930069,0.3464711274060494,0.3143904674610449,0.3666361136571952,0.4839596700274977,0.5288725939505041,0.536205316223648,0.4977085242896426,0.4454628780934921,16,,,,,,,,,,,,,,,,,,,,,,,,,,,,,,,,
0.0281419624217118,0.2567014613778705,0.1905636743215031,0.1956576200417536,0.2092693110647181,0.144384133611691,0.0202922755741127,0.0052609603340292,0.074703947368421,0.0675892857142857,0.0142293233082706,0.0035573308270676,0.0,0.0604746240601503,0.0,0.0,0.1608391608391608,0.1748251748251748,0.0069930069930069,0.0,0.0,0.1118881118881118,0.0,0.0,0.3895508707607699,0.3748854262144821,0.4307974335472044,0.53987167736022,0.5600366636113657,0.5572868927589367,0.4949587534372135,0.4702108157653529,16,,,,,,,,,,,,,,,,,,,,,,,,,,,,,,,,
0.0117745302713987,0.2038413361169102,0.1777870563674321,0.0977035490605428,0.170187891440501,0.1302713987473904,0.0479331941544885,0.0867640918580375,0.021343984962406,0.1316212406015037,0.0071146616541353,0.0,0.0071146616541353,0.0142293233082706,0.0249013157894736,0.053359962406015,0.0349650349650349,0.2727272727272727,0.0,0.0,0.0,0.0349650349650349,0.0139860139860139,0.0909090909090909,0.4802933088909258,0.4344637946837764,0.4912923923006416,0.5857011915673694,0.6168652612282309,0.6480293308890925,0.5572868927589367,0.5527039413382219,42,,,,,,,,,,,,,,,,,,,,,,,,,,,,,,,,
0.262964509394572,0.2284759916492693,0.058956158663883,0.0076826722338204,0.1205010438413361,0.1332776617954071,0.1994989561586638,0.2103549060542797,0.085375939849624,0.1138345864661654,0.0391306390977443,0.0,0.0142293233082706,0.0462453007518797,0.064031954887218,0.053359962406015,0.1608391608391608,0.2587412587412587,0.0629370629370629,0.0,0.0,0.0909090909090909,0.1048951048951049,0.0769230769230769,0.5279560036663611,0.4683776351970669,0.5022914757103575,0.5435380384967919,0.6278643446379469,0.6681943171402384,0.6324472960586618,0.5857011915673694,16,,,,,,,,,,,,,,,,,,,,,,,,,,,,,,,,
0.2312317327766179,0.1866388308977035,0.0613778705636743,0.0551148225469728,0.1297703549060542,0.0703966597077244,0.0860125260960334,0.2131106471816284,0.1707518796992481,0.1209492481203007,0.0142293233082706,0.0,0.021343984962406,0.0284586466165413,0.0071146616541353,0.0711466165413533,0.3216783216783216,0.2447552447552447,0.0069930069930069,0.0,0.0209790209790209,0.0419580419580419,0.0069930069930069,0.1258741258741259,0.535288725939505,0.5279560036663611,0.5261228230980751,0.5435380384967919,0.5087076076993584,0.5022914757103575,0.5059578368469294,0.4839596700274977,11,,,,,,,,,,,,,,,,,,,,,,,,,,,,,,,,
0.3995824634655532,0.2361586638830898,0.4147807933194154,0.1102296450939457,0.1876409185803757,0.093027139874739,0.0096033402922755,0.0780793319415448,0.1209492481203007,0.1494078947368421,0.010671992481203,0.0,0.021343984962406,0.032015977443609,0.0035573308270676,0.021343984962406,0.2027972027972027,0.2867132867132867,0.0,0.0,0.0279720279720279,0.0559440559440559,0.0,0.0279720279720279,0.4564619615032081,0.4564619615032081,0.4857928505957837,0.5646196150320807,0.6058661778185152,0.5499541704857929,0.5050412465627865,0.4702108157653529,16,,,,,,,,,,,,,,,,,,,,,,,,,,,,,,,,
0.23741127348643,0.2349060542797494,0.0122755741127348,0.1317745302713987,0.1844676409185804,0.0891022964509394,0.0514405010438413,0.3262630480167015,0.0996052631578947,0.1209492481203007,0.0035573308270676,0.0035573308270676,0.0177866541353383,0.0284586466165413,0.064031954887218,0.021343984962406,0.2167832167832167,0.2657342657342657,0.0,0.0,0.0209790209790209,0.0489510489510489,0.0209790209790209,0.0209790209790209,0.4436296975252062,0.4216315307057745,0.4582951420714941,0.4967919340054995,0.5554537121906509,0.5875343721356554,0.545371219065078,0.5151237396883593,11,,,,,,,,,,,,,,,,,,,,,,,,,,,,,,,,
0.2330688935281837,0.2498538622129436,0.1034655532359081,0.1748643006263047,0.1335281837160751,0.2106054279749478,0.3382045929018789,0.0579540709812108,0.1102772556390977,0.1351785714285714,0.0142293233082706,0.0,0.0,0.042687969924812,0.0675892857142857,0.0142293233082706,0.2307692307692307,0.2727272727272727,0.0,0.0,0.0,0.0559440559440559,0.0419580419580419,0.0069930069930069,0.4637946837763519,0.4344637946837764,0.4876260311640696,0.5242896425297892,0.5756186984417965,0.613198900091659,0.535288725939505,0.5270394133822182,16,,,,,,,,,,,,,,,,,,,,,,,,,,,,,,,,
0.0833402922755741,0.1488100208768267,0.1270981210855949,0.124258872651357,0.1370354906054279,0.2188726513569937,0.6438413361169102,0.1186638830897703,0.0284586466165413,0.0782612781954887,0.010671992481203,0.0,0.0142293233082706,0.1422932330827067,0.128063909774436,0.0355733082706766,0.0559440559440559,0.1538461538461538,0.0139860139860139,0.0,0.0,0.3076923076923077,0.1258741258741259,0.0349650349650349,0.4711274060494959,0.4665444546287809,0.4775435380384968,0.5499541704857929,0.6031164069660861,0.6223648029330889,0.5838680109990835,0.538955087076077,16,,,,,,,,,,,,,,,,,,,,,,,,,,,,,,,,
0.0352400835073068,0.2031732776617954,0.1134029227557411,0.1179123173277661,0.1893945720250522,0.1663465553235908,0.10321503131524,0.075991649269311,0.042687969924812,0.0924906015037594,0.0284586466165413,0.0,0.0284586466165413,0.021343984962406,0.010671992481203,0.032015977443609,0.0699300699300699,0.2167832167832167,0.0209790209790209,0.0,0.0279720279720279,0.0279720279720279,0.0209790209790209,0.0349650349650349,0.5105407882676444,0.4702108157653529,0.4702108157653529,0.5050412465627865,0.608615948670944,0.5811182401466545,0.5197066911090742,0.4647112740604949,16,,,,,,,,,,,,,,,,,,,,,,,,,,,,,,,,
0.1946555323590814,0.1882254697286012,0.1728601252609603,0.1569937369519833,0.2386638830897703,0.1520668058455114,0.1137369519832985,0.1650104384133611,0.1671945488721804,0.0498026315789473,0.0142293233082706,0.0,0.021343984962406,0.0355733082706766,0.0071146616541353,0.042687969924812,0.3286713286713286,0.1118881118881118,0.0139860139860139,0.0,0.0209790209790209,0.0699300699300699,0.0419580419580419,0.0629370629370629,0.3730522456461961,0.3684692942254812,0.4234647112740605,0.4931255728689276,0.5123739688359303,0.4711274060494959,0.4335472043996333,0.4252978918423464,16,,,,,,,,,,,,,,,,,,,,,,,,,,,,,,,,
0.2794154488517745,0.3812108559498955,0.1941544885177452,0.1678496868475991,0.2325678496868476,0.1675156576200417,0.1362839248434238,0.3356993736951983,0.0996052631578947,0.1316212406015037,0.0035573308270676,0.0035573308270676,0.0177866541353383,0.0391306390977443,0.0604746240601503,0.0498026315789473,0.2307692307692307,0.2797202797202797,0.0,0.0069930069930069,0.0209790209790209,0.0769230769230769,0.1398601398601398,0.0909090909090909,0.4252978918423464,0.4234647112740605,0.4234647112740605,0.4958753437213565,0.5435380384967919,0.5646196150320807,0.533455545371219,0.4298808432630614,11,,,,,,,,,,,,,,,,,,,,,,,,,,,,,,,,
0.378705636743215,0.2999582463465553,0.2534446764091858,0.1782045929018789,0.2091022964509394,0.2108559498956158,0.0959498956158663,0.128768267223382,0.1209492481203007,0.0675892857142857,0.064031954887218,0.0,0.021343984962406,0.032015977443609,0.010671992481203,0.021343984962406,0.2027972027972027,0.1048951048951049,0.1328671328671328,0.0,0.0139860139860139,0.0489510489510489,0.0069930069930069,0.0209790209790209,0.3739688359303392,0.4188817598533456,0.4775435380384968,0.5554537121906509,0.5875343721356554,0.541704857928506,0.4692942254812098,0.4527956003666362,2,,,,,,,,,,,,,,,,,,,,,,,,,,,,,,,,
0.2761586638830897,0.2851774530271398,0.127348643006263,0.1771189979123173,0.1573277661795407,0.0898538622129436,0.0132776617954071,0.0872651356993736,0.096047932330827,0.085375939849624,0.0071146616541353,0.0071146616541353,0.0177866541353383,0.032015977443609,0.021343984962406,0.021343984962406,0.1818181818181818,0.1678321678321678,0.0,0.0,0.0279720279720279,0.0279720279720279,0.0419580419580419,0.0209790209790209,0.4931255728689276,0.459211732355637,0.4995417048579285,0.5545371219065078,0.612282309807516,0.6095325389550871,0.5664527956003667,0.4876260311640696,16,,,,,,,,,,,,,,,,,,,,,,,,,,,,,,,,
0.14321503131524,0.2213778705636743,0.0545302713987473,0.1508977035490605,0.2515240083507307,0.1387891440501043,0.1261795407098121,0.2434237995824634,0.0818186090225564,0.1565225563909774,0.010671992481203,0.0,0.0071146616541353,0.0569172932330827,0.0675892857142857,0.1031625939849624,0.1328671328671328,0.3286713286713286,0.0,0.0,0.0,0.0629370629370629,0.1258741258741259,0.1538461538461538,0.4097158570119156,0.3904674610449129,0.4500458295142071,0.5380384967919339,0.5829514207149404,0.5655362053162236,0.5508707607699359,0.5380384967919339,11,,,,,,,,,,,,,,,,,,,,,,,,,,,,,,,,
0.1407098121085595,0.164509394572025,0.0593736951983298,0.1077244258872651,0.0608768267223382,0.1042171189979123,0.3367849686847599,0.4477661795407098,0.117391917293233,0.064031954887218,0.0177866541353383,0.0,0.0071146616541353,0.0284586466165413,0.1600798872180451,0.0569172932330827,0.2657342657342657,0.1398601398601398,0.0209790209790209,0.0,0.0,0.0419580419580419,0.1328671328671328,0.0209790209790209,0.5279560036663611,0.5178735105407883,0.5582034830430798,0.6471127406049496,0.6782768102658111,0.6351970669110908,0.5765352887259395,0.5820348304307975,16,,,,,,,,,,,,,,,,,,,,,,,,,,,,,,,,
0.1907306889352818,0.1503966597077244,0.0382463465553235,0.0091022964509394,0.0334029227557411,0.0545302713987473,0.3947390396659708,0.1137369519832985,0.074703947368421,0.117391917293233,0.010671992481203,0.0,0.0177866541353383,0.074703947368421,0.0498026315789473,0.021343984962406,0.1398601398601398,0.2447552447552447,0.0,0.0,0.0139860139860139,0.0629370629370629,0.0489510489510489,0.0209790209790209,0.5692025664527957,0.544454628780935,0.5948670944087993,0.6278643446379469,0.6168652612282309,0.5967002749770853,0.5536205316223648,0.5545371219065078,16,,,,,,,,,,,,,,,,,,,,,,,,,,,,,,,,
0.3007933194154489,0.2045929018789144,0.0767432150313152,0.0167849686847599,0.081670146137787,0.1021294363256784,0.0174530271398747,0.1413778705636743,0.1138345864661654,0.1458505639097744,0.0071146616541353,0.0,0.0284586466165413,0.021343984962406,0.0,0.0249013157894736,0.2097902097902098,0.3216783216783216,0.0,0.0,0.0349650349650349,0.0069930069930069,0.0,0.0489510489510489,0.5481209899175069,0.5206232813932172,0.5270394133822182,0.5930339138405133,0.5783684692942255,0.5545371219065078,0.5279560036663611,0.541704857928506,16,,,,,,,,,,,,,,,,,,,,,,,,,,,,,,,,
0.2253862212943632,0.2184551148225469,0.138705636743215,0.090438413361169,0.1650939457202505,0.1123173277661795,0.1091440501043841,0.1463048016701461,0.0889332706766917,0.1814238721804511,0.0,0.0,0.0249013157894736,0.0177866541353383,0.0071146616541353,0.0177866541353383,0.1608391608391608,0.3566433566433566,0.0,0.0,0.0209790209790209,0.0139860139860139,0.0,0.0209790209790209,0.5380384967919339,0.5380384967919339,0.5380384967919339,0.5682859761686526,0.5875343721356554,0.6049495875343721,0.613198900091659,0.5829514207149404,42,,,,,,,,,,,,,,,,,,,,,,,,,,,,,,,,
0.2318162839248434,0.388643006263048,0.1267640918580375,0.0794989561586638,0.1712734864300626,0.1505636743215031,0.0689770354906054,0.1869728601252609,0.0889332706766917,0.1209492481203007,0.010671992481203,0.0,0.0249013157894736,0.053359962406015,0.0071146616541353,0.0462453007518797,0.0909090909090909,0.2587412587412587,0.0069930069930069,0.0,0.0139860139860139,0.0769230769230769,0.0,0.0279720279720279,0.537121906507791,0.5142071494042164,0.5050412465627865,0.5169569202566453,0.5756186984417965,0.617781851512374,0.5719523373052245,0.5077910174152155,16,,,,,,,,,,,,,,,,,,,,,,,,,,,,,,,,
0.3240918580375783,0.2490187891440501,0.1326096033402923,0.1767849686847599,0.1466388308977035,0.1667640918580375,0.0275574112734864,0.0338204592901878,0.0498026315789473,0.1458505639097744,0.010671992481203,0.0035573308270676,0.010671992481203,0.0569172932330827,0.0142293233082706,0.0071146616541353,0.0979020979020979,0.2867132867132867,0.0,0.0,0.0139860139860139,0.0839160839160839,0.0,0.0139860139860139,0.4509624197983501,0.462878093492209,0.4940421631530706,0.5554537121906509,0.5985334555453712,0.5811182401466545,0.542621448212649,0.5105407882676444,16,,,,,,,,,,,,,,,,,,,,,,,,,,,,,,,,
0.3561586638830897,0.3366179540709812,0.0610438413361169,0.0171189979123173,0.0334864300626304,0.2210438413361169,0.2828392484342379,0.2237160751565761,0.0818186090225564,0.1636372180451128,0.0071146616541353,0.0,0.0177866541353383,0.0889332706766917,0.0498026315789473,0.0177866541353383,0.1048951048951049,0.3146853146853147,0.0,0.0,0.0139860139860139,0.1608391608391608,0.0559440559440559,0.0,0.4949587534372135,0.4977085242896426,0.5169569202566453,0.5664527956003667,0.5719523373052245,0.6058661778185152,0.5847846012832265,0.5499541704857929,16,,,,,,,,,,,,,,,,,,,,,,,,,,,,,,,,
0.2399164926931106,0.4135281837160752,0.1250104384133611,0.1291858037578288,0.1296868475991649,0.0966179540709812,0.0349060542797494,0.0541962421711899,0.1671945488721804,0.1316212406015037,0.010671992481203,0.0,0.0035573308270676,0.0391306390977443,0.0498026315789473,0.0177866541353383,0.2237762237762237,0.1818181818181818,0.0,0.0,0.0,0.0419580419580419,0.0909090909090909,0.0349650349650349,0.5435380384967919,0.5224564619615032,0.542621448212649,0.5591200733272228,0.5921173235563704,0.6012832263978002,0.5902841429880844,0.544454628780935,16,,,,,,,,,,,,,,,,,,,,,,,,,,,,,,,,
0.0683089770354906,0.187223382045929,0.1600835073068893,0.0982045929018789,0.1233402922755741,0.1759498956158663,0.3615031315240083,0.1541544885177453,0.0391306390977443,0.0711466165413533,0.021343984962406,0.0,0.0035573308270676,0.0996052631578947,0.053359962406015,0.010671992481203,0.0769230769230769,0.1538461538461538,0.0209790209790209,0.0,0.0,0.0909090909090909,0.0559440559440559,0.0069930069930069,0.5068744271310724,0.4766269477543539,0.4720439963336389,0.5004582951420715,0.6021998166819431,0.6040329972502292,0.5508707607699359,0.5114573785517874,16,,,,,,,,,,,,,,,,,,,,,,,,,,,,,,,,
0.4488517745302714,0.7851356993736952,0.1737787056367432,0.1341962421711899,0.1745302713987473,0.1155741127348643,0.0425887265135699,0.1027974947807933,0.3308317669172932,0.1316212406015037,0.010671992481203,0.0035573308270676,0.0142293233082706,0.021343984962406,0.0,0.0177866541353383,0.5034965034965035,0.2307692307692307,0.0,0.0,0.0209790209790209,0.0209790209790209,0.0,0.0139860139860139,0.4977085242896426,0.4903758020164986,0.4894592117323556,0.5499541704857929,0.5710357470210815,0.5646196150320807,0.5435380384967919,0.462878093492209,16,,,,,,,,,,,,,,,,,,,,,,,,,,,,,,,,
0.0527766179540709,0.1569102296450939,0.1458872651356993,0.1528183716075156,0.1893110647181628,0.2025887265135699,0.1078914405010438,0.1010438413361169,0.0,0.042687969924812,0.0,0.0,0.010671992481203,0.021343984962406,0.0142293233082706,0.0,0.0,0.0769230769230769,0.0,0.0,0.0069930069930069,0.0349650349650349,0.0,0.0,0.4289642529789184,0.4344637946837764,0.4610449129239229,0.5261228230980751,0.5646196150320807,0.5820348304307975,0.531622364802933,0.4848762603116406,16,,,,,,,,,,,,,,,,,,,,,,,,,,,,,,,,
0.1043006263048016,0.1569937369519833,0.144384133611691,0.1496450939457202,0.1512317327766179,0.1704384133611691,0.1160751565762004,0.2086012526096033,0.0177866541353383,0.0604746240601503,0.0,0.0,0.0035573308270676,0.0177866541353383,0.010671992481203,0.0249013157894736,0.0279720279720279,0.0979020979020979,0.0,0.0,0.0,0.0209790209790209,0.0,0.0419580419580419,0.462878093492209,0.4472960586617781,0.4555453712190651,0.4802933088909258,0.4903758020164986,0.5261228230980751,0.5105407882676444,0.4775435380384968,16,,,,,,,,,,,,,,,,,,,,,,,,,,,,,,,,
0.1430480167014614,0.1267640918580375,0.10580375782881,0.1592484342379958,0.191482254697286,0.157745302713981,0.1193319415448851,0.0648016701461377,0.042687969924812,0.010671992481203,0.0035573308270676,0.0035573308270676,0.0071146616541353,0.021343984962406,0.010671992481203,0.0071146616541353,0.0909090909090909,0.0,0.0,0.0,0.0,0.0279720279720279,0.0139860139860139,0.0069930069930069,0.4967919340054995,0.4766269477543537,0.4683776351970669,0.5142071494042164,0.5857011915673694,0.5774518790100824,0.5472043996333639,0.5077910174152155,16,,,,,,,,,,,,,,,,,,,,,,,,,,,,,,,,
0.1070563674321503,0.1115657620041753,0.1078079331941544,0.1773695198329853,0.1851356993736952,0.1300208768267223,0.138956158663883,0.0307306889352818,0.0249013157894736,0.0391306390977443,0.0035573308270676,0.0,0.010671992481203,0.0071146616541353,0.0142293233082706,0.0071146616541353,0.0419580419580419,0.0769230769230769,0.0,0.0,0.0209790209790209,0.0,0.0139860139860139,0.0,0.4821264894592117,0.4482126489459211,0.4720439963336389,0.534372135655362,0.6040329972502292,0.6067827681026581,0.5692025664527957,0.4702108157653529,16,,,,,,,,,,,,,,,,,,,,,,,,,,,,,,,,
0.1360334029227557,0.1381210855949895,0.1308559498956158,0.1686012526096033,0.1884759916492693,0.1225887265135699,0.0707306889352818,0.0549478079331941,0.0284586466165413,0.0355733082706766,0.0035573308270676,0.0,0.0035573308270676,0.0071146616541353,0.0071146616541353,0.010671992481203,0.0629370629370629,0.0769230769230769,0.0,0.0,0.0,0.0139860139860139,0.0069930069930069,0.0,0.4252978918423464,0.4014665444546287,0.4931255728689276,0.5985334555453712,0.6425297891842346,0.6608615948670944,0.6058661778185152,0.5618698441796517,16,,,,,,,,,,,,,,,,,,,,,,,,,,,,,,,,
0.0688100208768267,0.0590396659707724,0.0111064718162839,0.1121503131524008,0.1181628392484342,0.2436743215031315,0.0084342379958246,0.125678496868476,0.0142293233082706,0.0462453007518797,0.0071146616541353,0.0,0.010671992481203,0.0355733082706766,0.0,0.0142293233082706,0.0279720279720279,0.0839160839160839,0.0,0.0,0.0139860139860139,0.0139860139860139,0.0,0.0209790209790209,0.4977085242896426,0.4839596700274977,0.5563703024747938,0.6196150320806599,0.6764436296975253,0.7131072410632449,0.6645279560036663,0.6251145737855179,42,,,,,,,,,,,,,,,,,,,,,,,,,,,,,,,,
0.1347807933194154,0.0641336116910229,0.0133611691022964,0.0086012526096033,0.0121085594989561,0.1566597077244259,0.5484759916492693,0.1407933194154488,0.0249013157894736,0.042687969924812,0.0071146616541353,0.0,0.0,0.2276691729323308,0.0569172932330827,0.053359962406015,0.0349650349650349,0.0839160839160839,0.0,0.0,0.0,0.3216783216783216,0.0419580419580419,0.0909090909090909,0.5572868927589367,0.5600366636113657,0.5875343721356554,0.6562786434463794,0.7314390467461045,0.7231897341888175,0.6196150320806599,0.5747021081576534,16,,,,,,,,,,,,,,,,,,,,,,,,,,,,,,,,
0.3634237995824635,0.1372025052192066,0.0145302713987473,0.0142797494780793,0.0634655532359081,0.0642171189979123,0.1008768267223381,0.0212943632567849,0.1316212406015037,0.0249013157894736,0.0,0.0,0.0035573308270676,0.0355733082706766,0.0249013157894736,0.0284586466165413,0.2377622377622377,0.0139860139860139,0.0,0.0,0.0,0.0349650349650349,0.0349650349650349,0.0629370629370629,0.5279560036663611,0.4857928505957837,0.4995417048579284,0.53987167736022,0.5737855178735105,0.5682859761686526,0.527039413382218,0.5004582951420715,16,,,,,,,,,,,,,,,,,,,,,,,,,,,,,,,,
0.1380375782881002,0.5594989561586639,0.1820459290187891,0.2033402922755741,0.1877244258872651,0.1263465553235908,0.0692275574112734,0.0227139874739039,0.1707518796992481,0.1422932330827067,0.010671992481203,0.0,0.021343984962406,0.0142293233082706,0.0249013157894736,0.0177866541353383,0.2587412587412587,0.2797202797202797,0.0,0.0,0.0209790209790209,0.0559440559440559,0.0629370629370629,0.0139860139860139,0.4775435380384968,0.4637946837763519,0.4912923923006416,0.5288725939505041,0.5646196150320807,0.5875343721356554,0.5582034830430798,0.4967919340054995,16,,,,,,,,,,,,,,,,,,,,,,,,,,,,,,,,
0.1807933194154488,0.4758246346555323,0.1505636743215031,0.1535699373695198,0.1969937369519833,0.0678079331941544,0.0116910229645093,0.0783298538622129,0.1956531954887218,0.1351785714285714,0.0142293233082706,0.0,0.032015977443609,0.0284586466165413,0.0,0.021343984962406,0.3566433566433566,0.2587412587412587,0.0069930069930069,0.0,0.0279720279720279,0.0209790209790209,0.0,0.0139860139860139,0.4289642529789184,0.3996333638863428,0.4986251145737855,0.5508707607699359,0.5921173235563704,0.6351970669110908,0.5847846012832264,0.5233730522456461,16,,,,,,,,,,,,,,,,,,,,,,,,,,,,,,,,
0.174446764091858,0.1278496868475991,0.0941127348643006,0.0683089770354906,0.165929018789144,0.0869311064718162,0.0691440501043841,0.0206263048016701,0.0284586466165413,0.1387359022556391,0.0996052631578947,0.0,0.0,0.0355733082706766,0.0355733082706766,0.1138345864661654,0.0279720279720279,0.2027972027972027,0.2027972027972027,0.0,0.0,0.0279720279720279,0.0629370629370629,0.0349650349650349,0.4812098991750687,0.4491292392300642,0.5664527956003667,0.6251145737855179,0.6966086159486709,0.7323556370302474,0.6764436296975253,0.6104491292392301,42,,,,,,,,,,,,,,,,,,,,,,,,,,,,,,,,
0.1129853862212943,0.2129436325678496,0.0519415448851774,0.0155323590814196,0.0620459290187891,0.102964509394572,0.0228810020876826,0.0491858037578288,0.0569172932330827,0.1245065789473684,0.0142293233082706,0.0,0.021343984962406,0.0711466165413533,0.0071146616541353,0.021343984962406,0.1048951048951049,0.2587412587412587,0.0,0.0,0.0209790209790209,0.0769230769230769,0.0,0.0279720279720279,0.5536205316223648,0.4995417048579285,0.6067827681026581,0.6782768102658112,0.7167736021998166,0.7378551787351053,0.6975252062328139,0.6526122823098075,42,,,,,,,,,,,,,,,,,,,,,,,,,,,,,,,,
0.2438413361169102,0.2138622129436325,0.0901043841336116,0.0180375782881002,0.0630480167014613,0.0190396659707724,0.0141127348643006,0.2011691022964509,0.117391917293233,0.0996052631578947,0.0142293233082706,0.0,0.032015977443609,0.021343984962406,0.0,0.0284586466165413,0.1468531468531468,0.1818181818181818,0.0,0.0,0.0349650349650349,0.0419580419580419,0.0,0.0349650349650349,0.5728689275893676,0.5627864344637947,0.6223648029330889,0.692942254812099,0.7332722273143903,0.7525206232813932,0.6828597616865262,0.6296975252062328,42,,,,,,,,,,,,,,,,,,,,,,,,,,,,,,,,
0.1343632567849687,0.2114405010438413,0.0420041753653444,0.0303966597077244,0.0378288100208768,0.0730688935281837,0.0886847599164926,0.1780375782881002,0.1102772556390977,0.1138345864661654,0.0355733082706766,0.0,0.0142293233082706,0.021343984962406,0.042687969924812,0.0391306390977443,0.1818181818181818,0.1608391608391608,0.0699300699300699,0.0,0.0139860139860139,0.0279720279720279,0.0279720279720279,0.0209790209790209,0.608615948670944,0.5737855178735105,0.608615948670944,0.6516956920256646,0.6691109074243814,0.7076076993583869,0.6581118240146654,0.6214482126489459,42,,,,,,,,,,,,,,,,,,,,,,,,,,,,,,,,
0.163089770354906,0.1535699373695198,0.2683089770354906,0.0181210855949895,0.0410020876826722,0.0587891440501043,0.0326513569937369,0.4577870563674321,0.1529652255639097,0.1031625939849624,0.0071146616541353,0.0,0.0177866541353383,0.0498026315789473,0.0498026315789473,0.085375939849624,0.3006993006993007,0.1748251748251748,0.0,0.0,0.0209790209790209,0.0489510489510489,0.0,0.0419580419580419,0.5829514207149404,0.532538955087076,0.5682859761686526,0.6003666361136573,0.6452795600366636,0.6562786434463794,0.6287809349220899,0.5838680109990835,42,,,,,,,,,,,,,,,,,,,,,,,,,,,,,,,,
0.0673903966597077,0.1767849686847599,0.0471816283924843,0.0182881002087682,0.0399164926931106,0.0726513569937369,0.0207933194154488,0.0759081419624217,0.1458505639097744,0.1565225563909774,0.010671992481203,0.0035573308270676,0.021343984962406,0.021343984962406,0.032015977443609,0.0391306390977443,0.2517482517482518,0.3006993006993007,0.0,0.0,0.0209790209790209,0.0279720279720279,0.0209790209790209,0.0279720279720279,0.5206232813932172,0.4867094408799266,0.5132905591200734,0.5637030247479377,0.6168652612282309,0.6342804766269478,0.614115490375802,0.5536205316223648,42,,,,,,,,,,,,,,,,,,,,,,,,,,,,,,,,
0.2703131524008351,0.2042588726513569,0.2493528183716075,0.0151983298538622,0.0696450939457202,0.2531106471816284,0.0572025052192066,0.1786221294363256,0.117391917293233,0.1494078947368421,0.010671992481203,0.0,0.0177866541353383,0.0249013157894736,0.0284586466165413,0.0924906015037594,0.0769230769230769,0.2657342657342657,0.0069930069930069,0.0,0.0139860139860139,0.0279720279720279,0.0489510489510489,0.1678321678321678,0.5077910174152155,0.462878093492209,0.5105407882676444,0.5572868927589367,0.6223648029330889,0.6324472960586618,0.5912007332722273,0.5472043996333639,16,,,,,,,,,,,,,,,,,,,,,,,,,,,,,,,,
0.1018789144050104,0.2652192066805846,0.1058872651356993,0.0469311064718162,0.0787473903966597,0.1058872651356993,0.0254697286012526,0.0977870563674321,0.053359962406015,0.1849812030075188,0.021343984962406,0.0355733082706766,0.0249013157894736,0.042687969924812,0.021343984962406,0.117391917293233,0.0769230769230769,0.3146853146853147,0.0139860139860139,0.0069930069930069,0.0209790209790209,0.0489510489510489,0.0069930069930069,0.1538461538461538,0.4958753437213565,0.4610449129239229,0.53987167736022,0.6049495875343721,0.6425297891842346,0.69019248395967,0.6287809349220899,0.6260311640696609,42,,,,,,,,,,,,,,,,,,,,,,,,,,,,,,,,
0.1315240083507306,0.2421711899791232,0.028643006263048,0.0373277661795407,0.0656367432150313,0.1491440501043841,0.1746137787056367,0.1297703549060542,0.128063909774436,0.085375939849624,0.0071146616541353,0.0142293233082706,0.042687969924812,0.10671992481203,0.053359962406015,0.0355733082706766,0.1958041958041958,0.1468531468531468,0.0,0.0139860139860139,0.0629370629370629,0.1118881118881118,0.0909090909090909,0.0139860139860139,0.6076993583868011,0.5765352887259395,0.617781851512374,0.6709440879926672,0.5866177818515125,0.5710357470210815,0.5728689275893676,0.5857011915673694,16,,,,,,,,,,,,,,,,,,,,,,,,,,,,,,,,
0.2171189979123173,0.6015031315240084,0.0831732776617954,0.0243006263048016,0.0526096033402922,0.1665970772442588,0.1196659707724425,0.3868893528183716,0.1565225563909774,0.2027678571428571,0.021343984962406,0.0,0.032015977443609,0.0711466165413533,0.0711466165413533,0.053359962406015,0.3216783216783216,0.3076923076923077,0.0,0.0,0.0279720279720279,0.0769230769230769,0.0699300699300699,0.0909090909090909,0.5728689275893676,0.5618698441796517,0.5765352887259395,0.6003666361136573,0.616865261228231,0.6553620531622365,0.6452795600366636,0.5985334555453712,16,,,,,,,,,,,,,,,,,,,,,,,,,,,,,,,,
0.3412108559498956,0.2909394572025052,0.067223382045929,0.0211273486430062,0.068893528183716,0.0823382045929018,0.0903549060542797,0.1524843423799582,0.1529652255639097,0.1245065789473684,0.0035573308270676,0.0,0.042687969924812,0.0462453007518797,0.0675892857142857,0.0569172932330827,0.2517482517482518,0.2167832167832167,0.0069930069930069,0.0,0.0419580419580419,0.0699300699300699,0.0559440559440559,0.0769230769230769,0.5682859761686526,0.5307057745187901,0.5572868927589367,0.611365719523373,0.6269477543538039,0.6315307057745189,0.5563703024747938,0.5160403299725023,16,,,,,,,,,,,,,,,,,,,,,,,,,,,,,,,,
0.2262212943632567,0.253945720250522,0.0474321503131523,0.0202087682672233,0.2170354906054279,0.3584133611691023,0.1666805845511482,0.1951565762004175,0.117391917293233,0.1351785714285714,0.0177866541353383,0.0,0.0569172932330827,0.0996052631578947,0.0391306390977443,0.0391306390977443,0.1888111888111888,0.2447552447552447,0.0139860139860139,0.0,0.0629370629370629,0.0699300699300699,0.0349650349650349,0.0489510489510489,0.4949587534372135,0.5059578368469294,0.5499541704857929,0.6067827681026581,0.6507791017415215,0.6471127406049496,0.5664527956003667,0.5435380384967919,16,,,,,,,,,,,,,,,,,,,,,,,,,,,,,,,,
0.2426722338204592,0.2178705636743215,0.0675574112734864,0.0435908141962421,0.2084342379958246,0.1067223382045929,0.0928601252609603,0.0633820459290187,0.1031625939849624,0.1209492481203007,0.0249013157894736,0.0,0.085375939849624,0.0675892857142857,0.0391306390977443,0.0355733082706766,0.2237762237762237,0.2167832167832167,0.0139860139860139,0.0,0.1118881118881118,0.0559440559440559,0.0699300699300699,0.0279720279720279,0.4949587534372135,0.4857928505957837,0.5435380384967919,0.5802016498625114,0.6251145737855179,0.6498625114573785,0.615032080659945,0.5820348304307975,42,,,,,,,,,,,,,,,,,,,,,,,,,,,,,,,,
0.4369102296450939,0.4932776617954071,0.0444258872651356,0.0245511482254697,0.0855114822546972,0.1220876826722338,0.1000417536534446,0.3852192066805845,0.2525704887218045,0.1102772556390977,0.010671992481203,0.0,0.0462453007518797,0.0711475563909774,0.0996052631578947,0.053359962406015,0.4335664335664335,0.1048951048951049,0.0,0.0,0.0559440559440559,0.1188811188811188,0.0699300699300699,0.0839160839160839,0.5151237396883593,0.5096241979835014,0.5893675527039414,0.6636113657195234,0.7259395050412465,0.7736021998166819,0.7121906507791017,0.6626947754353805,16,,,,,,,,,,,,,,,,,,,,,,,,,,,,,,,,
0.2435908141962421,0.3144885177453027,0.0435908141962421,0.0273068893528183,0.0956993736951983,0.0946137787056367,0.2389144050104384,0.1643423799582463,0.128063909774436,0.1387359022556391,0.0,0.0,0.0391306390977443,0.0889332706766917,0.0177866541353383,0.0996052631578947,0.1958041958041958,0.2027972027972027,0.0,0.0,0.0419580419580419,0.0629370629370629,0.0139860139860139,0.1678321678321678,0.6168652612282309,0.5508707607699359,0.6681943171402384,0.7158570119156736,0.7745187901008248,0.8276810265811183,0.8130155820348303,0.6535288725939504,42,,,,,,,,,,,,,,,,,,,,,,,,,,,,,,,,
0.085929018789144,0.2211273486430063,0.0440918580375782,0.0423382045929018,0.0652192066805845,0.1531524008350731,0.0870146137787056,0.1378705636743215,0.0177866541353383,0.1209492481203007,0.0,0.0142293233082706,0.042687969924812,0.1138345864661654,0.0177866541353383,0.0996052631578947,0.0279720279720279,0.1958041958041958,0.0,0.0209790209790209,0.0419580419580419,0.1888111888111888,0.0069930069930069,0.0699300699300699,0.5728689275893675,0.5527039413382219,0.5939505041246563,0.6617781851512374,0.7222731439046746,0.7231897341888175,0.6828597616865262,0.6370302474793768,42,,,,,,,,,,,,,,,,,,,,,,,,,,,,,,,,
0.4571189979123173,0.249937369519833,0.0335699373695198,0.0248851774530271,0.1751148225469728,0.0829227557411273,0.0825052192066805,0.090438413361169,0.0889332706766917,0.1885385338345865,0.0,0.0142293233082706,0.0462453007518797,0.0249013157894736,0.0249013157894736,0.0177866541353383,0.1118881118881118,0.3426573426573426,0.0,0.0069930069930069,0.0349650349650349,0.0279720279720279,0.0349650349650349,0.0139860139860139,0.6306141154903758,0.5948670944087993,0.5866177818515125,0.6324472960586618,0.7021081576535289,0.6700274977085243,0.6040329972502292,0.5692025664527957,42,,,,,,,,,,,,,,,,,,,,,,,,,,,,,,,,
0.1160751565762004,0.1955741127348643,0.0065970772442588,0.0031732776617954,0.0455114822546972,0.2225469728601252,0.1061377870563674,0.1215866388308977,0.1671945488721804,0.021343984962406,0.0035573308270676,0.0,0.0284586466165413,0.0249013157894736,0.0462453007518797,0.053359962406015,0.2937062937062937,0.0139860139860139,0.0,0.0,0.0349650349650349,0.0139860139860139,0.0629370629370629,0.0909090909090909,0.5105407882676444,0.5041246562786436,0.5169569202566453,0.5637030247479377,0.6351970669110908,0.6599450045829515,0.6260311640696609,0.5747021081576534,16,,,,,,,,,,,,,,,,,,,,,,,,,,,,,,,,
0.4126096033402923,0.370187891440501,0.0250521920668058,0.0046764091858037,0.0791649269311064,0.1455532359081419,0.008768267223382,0.2509394572025052,0.1102772556390977,0.096047932330827,0.0,0.0,0.0249013157894736,0.021343984962406,0.0,0.0249013157894736,0.1958041958041958,0.1398601398601398,0.0,0.0,0.0139860139860139,0.0349650349650349,0.0,0.0349650349650349,0.5572868927589367,0.533455545371219,0.545371219065078,0.608615948670944,0.6324472960586618,0.617781851512374,0.5783684692942255,0.5637030247479377,16,,,,,,,,,,,,,,,,,,,,,,,,,,,,,,,,
0.1749478079331941,0.1579123173277661,0.048768267223382,0.0281419624217118,0.1126513569937369,0.0915240083507307,0.0435073068893528,0.0563674321503131,0.0711466165413533,0.1458505639097744,0.0071146616541353,0.0035573308270676,0.0355733082706766,0.0355733082706766,0.0035573308270676,0.0498026315789473,0.0839160839160839,0.2657342657342657,0.0,0.0,0.0419580419580419,0.0209790209790209,0.0,0.0209790209790209,0.5545371219065078,0.5618698441796517,0.5756186984417965,0.6012832263978002,0.6434463794683776,0.6736938588450962,0.6645279560036664,0.6388634280476627,42,,,,,,,,,,,,,,,,,,,,,,,,,,,,,,,,
0.275991649269311,0.2492693110647182,0.0483507306889352,0.0071816283924843,0.0401670146137786,0.0959498956158663,0.050187891440501,0.0541127348643006,0.1494078947368421,0.0711466165413533,0.0355733082706766,0.0,0.0035573308270676,0.0711466165413533,0.0142293233082706,0.1316212406015037,0.2377622377622377,0.1188811188811188,0.0699300699300699,0.0,0.0,0.0979020979020979,0.0209790209790209,0.2027972027972027,0.614115490375802,0.5939505041246563,0.6168652612282309,0.688359303391384,0.7488542621448213,0.7415215398716773,0.6828597616865262,0.5902841429880844,42,,,,,,,,,,,,,,,,,,,,,,,,,,,,,,,,
,,,,,,,,,,,,,,,,,,,,,,,,,,,,,,,,16,0.2650521920668058,0.2072651356993737,0.2028392484342379,0.1445511482254697,0.1550730688935281,0.2523590814196242,0.2475156576200417,0.3564926931106472,0.1071428571428571,0.1781015037593984,0.044172932330827,0.0,0.0244360902255639,0.0408834586466165,0.0498120300751879,0.1875,0.0769230769230769,0.2027972027972027,0.0139860139860139,0.0,0.0069930069930069,0.0209790209790209,0.0909090909090909,0.1818181818181818,0.4711274060494959,0.4775435380384968,0.4839596700274977,0.4848762603116406,0.4912923923006416,0.4876260311640696,0.461961503208066,0.4582951420714941
,,,,,,,,,,,,,,,,,,,,,,,,,,,,,,,,16,0.3894780793319415,0.2303966597077244,0.1508977035490605,0.1439665970772442,0.2122755741127348,0.2621294363256785,0.2133611691022964,0.6140292275574113,0.1104323308270676,0.2406015037593984,0.0554511278195488,0.0070488721804511,0.0,0.0653195488721804,0.1043233082706766,0.1898496240601503,0.1398601398601398,0.2587412587412587,0.0349650349650349,0.0069930069930069,0.0,0.0419580419580419,0.0559440559440559,0.0769230769230769,0.4436296975252062,0.4317140238313474,0.4445462878093492,0.4656278643446379,0.4958753437213565,0.4958753437213565,0.4812098991750687,0.4784601283226397
,,,,,,,,,,,,,,,,,,,,,,,,,,,,,,,,16,0.4386638830897704,0.415615866388309,0.1457202505219206,0.1417118997912317,0.1418789144050104,0.3736951983298538,0.3173277661795407,0.586972860125261,0.2039473684210526,0.2199248120300752,0.0390037593984962,0.0,0.0173872180451127,0.0968045112781954,0.225563909774436,0.1311090225563909,0.2867132867132867,0.2447552447552447,0.0069930069930069,0.0,0.0,0.0559440559440559,0.1048951048951049,0.0279720279720279,0.4637946837763519,0.4335472043996333,0.4298808432630614,0.4555453712190651,0.4812098991750687,0.4702108157653529,0.4463794683776352,0.4427131072410633
,,,,,,,,,,,,,,,,,,,,,,,,,,,,,,,,16,1.0,0.2626304801670145,0.2052609603340292,0.1444676409185804,0.165678496868476,0.3084759916492693,0.2167014613778705,0.254446764091858,0.3162593984962406,0.2514097744360902,0.0404135338345864,0.0,0.0216165413533834,0.0761278195488721,0.0310150375939849,0.0723684210526315,0.3146853146853147,0.2657342657342657,0.0139860139860139,0.0,0.0139860139860139,0.0279720279720279,0.0209790209790209,0.0489510489510489,0.4491292392300642,0.4417965169569202,0.4830430797433547,0.542621448212649,0.535288725939505,0.4839596700274977,0.4720439963336389,0.4289642529789184
,,,,,,,,,,,,,,,,,,,,,,,,,,,,,,,,16,0.3199164926931107,0.3032985386221294,0.1703549060542797,0.1591649269311064,0.2360751565762004,0.2947807933194155,0.2222129436325678,0.3453027139874739,0.0855263157894736,0.2471804511278195,0.1264097744360902,0.0131578947368421,0.0056390977443609,0.0554511278195488,0.12546992481203,0.06296992481203,0.0979020979020979,0.2657342657342657,0.1188811188811188,0.0,0.0,0.0629370629370629,0.1328671328671328,0.0419580419580419,0.4142988084326306,0.4023831347387717,0.3996333638863428,0.4243813015582034,0.4417965169569202,0.4344637946837764,0.4307974335472044,0.4280476626947754
,,,,,,,,,,,,,,,,,,,,,,,,,,,,,,,,16,0.309812108559499,0.3591649269311065,0.1525678496868476,0.168768267223382,0.1691022964509394,0.3992484342379958,0.2581210855949896,0.2956993736951983,0.0770676691729323,0.0709586466165413,0.1381578947368421,0.0,0.0070488721804511,0.1043233082706766,0.0117481203007518,0.031484962406015,0.0979020979020979,0.0699300699300699,0.1398601398601398,0.0,0.0069930069930069,0.0839160839160839,0.0,0.0209790209790209,0.4124656278643446,0.4078826764436297,0.4152153987167736,0.4161319890009166,0.4280476626947754,0.3968835930339138,0.3437213565536205,0.3437213565536205
,,,,,,,,,,,,,,,,,,,,,,,,,,,,,,,,16,0.3875574112734864,0.3907306889352818,0.2007515657620041,0.2167014613778705,0.1755323590814196,0.3857202505219206,0.1863048016701461,0.2305636743215031,0.0808270676691729,0.4530075187969924,0.0408834586466165,0.0061090225563909,0.0051691729323308,0.0789473684210526,0.0347744360902255,0.0117481203007518,0.0769230769230769,0.5104895104895105,0.0069930069930069,0.0,0.0,0.0769230769230769,0.0069930069930069,0.0069930069930069,0.378551787351054,0.3868010999083409,0.3556370302474794,0.4106324472960587,0.38038496791934,0.3858845096241979,0.3693858845096242,0.3574702108157653
,,,,,,,,,,,,,,,,,,,,,,,,,,,,,,,,16,0.5210855949895616,0.5184968684759916,0.1804592901878914,0.0299791231732776,0.0282254697286012,0.1826304801670146,0.6257202505219207,0.4620459290187891,0.1578947368421052,0.2655075187969924,0.0855263157894736,0.0,0.0089285714285714,0.1799812030075188,0.1588345864661654,0.1278195488721804,0.1818181818181818,0.3076923076923077,0.1678321678321678,0.2587412587412587,0.2867132867132867,0.3846153846153846,0.2237762237762237,0.0979020979020979,0.2841429880843263,0.2584784601283226,0.2593950504124656,0.306141154903758,0.3693858845096242,0.3519706691109074,0.3189734188817598,0.306141154903758
,,,,,,,,,,,,,,,,,,,,,,,,,,,,,,,,16,0.5662630480167016,0.4531106471816284,0.1810438413361169,0.1541544885177453,0.1172442588726513,0.0992901878914405,0.1092275574112734,0.1751983298538622,0.0968045112781954,0.0704887218045112,0.1423872180451127,0.0056390977443609,0.0056390977443609,0.0855263157894736,0.0761278195488721,0.1325187969924812,0.0909090909090909,0.0559440559440559,0.2377622377622377,0.0,0.0909090909090909,0.4335664335664335,0.2167832167832167,0.3846153846153846,0.308890925756187,0.3143904674610449,0.3143904674610449,0.3143904674610449,0.3373052245646196,0.3428047662694775,0.3501374885426214,0.3629697525206232
,,,,,,,,,,,,,,,,,,,,,,,,,,,,,,,,16,0.2440918580375783,0.1606680584551148,0.0959498956158663,0.0268893528183715,0.047348643006263,0.112901878914405,0.047599164926931,0.1481419624217119,0.1550751879699248,0.2227443609022556,0.0451127819548872,0.0056390977443609,0.0258458646616541,0.0455827067669172,0.0296052631578947,0.0361842105263157,0.3776223776223776,0.3566433566433566,0.1048951048951049,0.1188811188811188,0.2377622377622377,0.3216783216783216,0.2517482517482518,0.1328671328671328,0.3703024747937672,0.3684692942254812,0.3684692942254812,0.3758020164986251,0.3904674610449129,0.3941338221814849,0.3913840513290559,0.3987167736021998
,,,,,,,,,,,,,,,,,,,,,,,,,,,,,,,,16,0.3342797494780793,0.4049269311064718,0.1951565762004175,0.1448016701461378,0.178705636743215,0.3372025052192067,0.0798329853862213,0.1220041753653444,0.2015977443609022,0.237781954887218,0.037593984962406,0.0056390977443609,0.0281954887218045,0.1024436090225563,0.1231203007518797,0.0390037593984962,0.2937062937062937,0.4125874125874126,0.0069930069930069,0.0,0.0209790209790209,0.1048951048951049,0.4265734265734265,0.2377622377622377,0.4252978918423464,0.4317140238313474,0.4142988084326306,0.4170485792850596,0.4005499541704858,0.384967919340055,0.3794683776351971,0.382218148487626
,,,,,,,,,,,,,,,,,,,,,,,,,,,,,,,,16,0.4374947807933194,0.2640501043841336,0.0982045929018789,0.0764926931106471,0.0547807933194154,0.2156158663883089,0.1355323590814196,0.3189979123173278,0.0770676691729323,0.2091165413533834,0.1400375939849624,0.0,0.0,0.1588345864661654,0.0220864661654135,0.0474624060150375,0.1678321678321678,0.4335664335664335,0.1188811188811188,0.1048951048951049,0.1468531468531468,0.3426573426573426,0.0069930069930069,0.0419580419580419,0.3794683776351971,0.3721356553620532,0.3565536205316224,0.383134738771769,0.4060494958753436,0.4023831347387717,0.3602199816681943,0.3501374885426214
,,,,,,,,,,,,,,,,,,,,,,,,,,,,,,,,16,0.5145720250521921,0.7377035490605428,0.1073068893528183,0.0210438413361169,0.03741127348643,0.1527348643006263,0.0939457202505219,0.2936116910229645,0.1602443609022556,0.3383458646616541,0.0488721804511278,0.0117481203007518,0.0112781954887218,0.1118421052631579,0.0798872180451127,0.2274436090225564,0.2237762237762237,0.3076923076923077,0.0069930069930069,0.0979020979020979,0.1678321678321678,0.2727272727272727,0.2097902097902098,0.3146853146853147,0.3703024747937672,0.3675527039413382,0.3684692942254812,0.3794683776351971,0.4005499541704858,0.3712190650779102,0.3437213565536205,0.3171402383134739
,,,,,,,,,,,,,,,,,,,,,,,,,,,,,,,,16,0.5443006263048017,0.2896033402922756,0.110313152400835,0.0198747390396659,0.0318997912317327,0.1897286012526096,0.0605427974947808,0.1025469728601252,0.2495300751879699,0.287593984962406,0.0465225563909774,0.0056390977443609,0.0131578947368421,0.2396616541353383,0.0366541353383458,0.0070488721804511,0.3216783216783216,0.5454545454545454,0.1328671328671328,0.1538461538461538,0.3006993006993007,0.4685314685314685,0.2587412587412587,0.1328671328671328,0.3143904674610449,0.3235563703024747,0.3281393217231897,0.3611365719523373,0.3868010999083409,0.3877176901924839,0.3437213565536205,0.3473877176901924
,,,,,,,,,,,,,,,,,,,,,,,,,,,,,,,,16,0.0696450939457202,0.2263048016701461,0.0898538622129436,0.0195407098121085,0.0199582463465553,0.0622964509394572,0.1153235908141962,0.0450104384133611,0.0056390977443609,0.175281954887218,0.1160714285714285,0.0,0.0028195488721804,0.06296992481203,0.0371240601503759,0.0625,0.2937062937062937,0.4195804195804196,0.2097902097902098,0.1048951048951049,0.2307692307692307,0.3496503496503496,0.2797202797202797,0.2517482517482518,0.3473877176901924,0.3418881759853345,0.3226397800183318,0.2868927589367552,0.3070577451879009,0.3171402383134739,0.3583868010999083,0.3657195233730522
,,,,,,,,,,,,,,,,,,,,,,,,,,,,,,,,16,0.3468893528183716,0.2592066805845511,0.2620459290187891,0.0224634655532359,0.0263883089770354,0.1276826722338204,0.1267640918580375,0.1455532359081419,0.1710526315789473,0.2852443609022556,0.1259398496240601,0.0,0.0,0.0794172932330827,0.0319548872180451,0.0578007518796992,0.4615384615384615,0.5244755244755245,0.2657342657342657,0.1608391608391608,0.2517482517482518,0.3566433566433566,0.2657342657342657,0.2657342657342657,0.3620531622364803,0.3327222731439047,0.2713107241063245,0.3602199816681943,0.383134738771769,0.3538038496791934,0.3143904674610449,0.3143904674610449
,,,,,,,,,,,,,,,,,,,,,,,,,,,,,,,,16,0.2561169102296451,0.254446764091858,0.1007098121085595,0.0239665970772442,0.0382463465553235,0.1755323590814196,0.3552400835073068,0.1164926931106471,0.1851503759398496,0.2791353383458647,0.038063909774436,0.0,0.0108082706766917,0.0657894736842105,0.2119360902255639,0.0634398496240601,0.4545454545454545,0.4335664335664335,0.1678321678321678,0.2027972027972027,0.2587412587412587,0.2587412587412587,0.1608391608391608,0.1888111888111888,0.3290559120073327,0.3235563703024748,0.3455545371219065,0.384967919340055,0.3703024747937672,0.3693858845096242,0.3336388634280476,0.3373052245646196
,,,,,,,,,,,,,,,,,,,,,,,,,,,,,,,,16,0.5684342379958247,0.2534446764091858,0.5158246346555323,0.0344050104384133,0.0243006263048016,0.0831732776617954,0.3437160751565762,0.2747390396659708,0.1428571428571428,0.306390977443609,0.1414473684210526,0.006578947368421,0.0,0.0794172932330827,0.2593984962406015,0.0770676691729323,0.2517482517482518,0.4685314685314685,0.3566433566433566,0.2797202797202797,0.2587412587412587,0.3636363636363636,0.4755244755244755,0.2097902097902098,0.2749770852428964,0.2905591200733272,0.2740604949587534,0.308890925756187,0.3703024747937672,0.3418881759853345,0.2813932172318973,0.3409715857011915
,,,,,,,,,,,,,,,,,,,,,,,,,,,,,,,,16,0.1726096033402922,0.2163674321503131,0.1363674321503131,0.02580375782881,0.024634655532359,0.0884342379958246,0.1230062630480166,0.2806680584551148,0.0958646616541353,0.1221804511278195,0.212406015037594,0.0,0.0056390977443609,0.0610902255639097,0.0427631578947368,0.2847744360902255,0.3076923076923077,0.5314685314685315,0.2727272727272727,0.2797202797202797,0.2727272727272727,0.3706293706293706,0.3076923076923077,0.4195804195804196,0.3235563703024748,0.2667277726856095,0.2566452795600367,0.2603116406966086,0.2731439046746104,0.3675527039413382,0.381301558203483,0.3794683776351971
,,,,,,,,,,,,,,,,,,,,,,,,,,,,,,,,16,0.6429227557411273,0.3284342379958246,0.1638413361169102,0.0420041753653444,0.0298956158663883,0.1937369519832985,0.4425052192066806,0.6387473903966596,0.1776315789473684,0.2048872180451127,0.0352443609022556,0.0,0.012687969924812,0.1043233082706766,0.1983082706766917,0.0798872180451127,0.2867132867132867,0.5034965034965035,0.1048951048951049,0.2307692307692307,0.2447552447552447,0.3496503496503496,0.1608391608391608,0.1468531468531468,0.3611365719523373,0.3208065994500458,0.3373052245646196,0.3712190650779102,0.3895508707607699,0.4005499541704858,0.3730522456461961,0.3428047662694775
,,,,,,,,,,,,,,,,,,,,,,,,,,,,,,,,16,0.6351565762004175,0.3991649269311065,0.1447181628392484,0.0288100208768267,0.0289770354906054,0.1348643006263047,0.0764091858037578,0.1554070981210855,0.337875939849624,0.3134398496240601,0.0507518796992481,0.0,0.0056390977443609,0.1047932330827067,0.0277255639097744,0.1696428571428571,0.3426573426573426,0.4895104895104895,0.1258741258741259,0.2307692307692307,0.2307692307692307,0.3776223776223776,0.1958041958041958,0.4685314685314685,0.3125572868927589,0.2978918423464711,0.308890925756187,0.3409715857011915,0.3217231897341888,0.3299725022914757,0.3134738771769019,0.2960586617781852
,,,,,,,,,,,,,,,,,,,,,,,,,,,,,,,,16,0.3907306889352818,0.2945302713987474,0.2435908141962421,0.0245511482254697,0.0466805845511482,0.0415031315240083,0.0645511482254697,0.0897703549060542,0.1362781954887218,0.0982142857142857,0.2053571428571428,0.0,0.0310150375939849,0.0347744360902255,0.0249060150375939,0.0098684210526315,0.2377622377622377,0.3706293706293706,0.3356643356643357,0.2517482517482518,0.2727272727272727,0.3916083916083916,0.2097902097902098,0.2797202797202797,0.305224564619615,0.3318056828597617,0.3308890925756187,0.378551787351054,0.3437213565536205,0.3739688359303392,0.3932172318973419,0.4087992667277726
,,,,,,,,,,,,,,,,,,,,,,,,,,,,,,,,16,0.278329853862213,0.3303549060542797,0.1766179540709812,0.1289352818371607,0.2508559498956158,0.1640083507306889,0.2719832985386221,0.3310229645093945,0.0408834586466165,0.2279135338345864,0.0300751879699248,0.0,0.0056390977443609,0.069078947368421,0.1052631578947368,0.0070488721804511,0.0419580419580419,0.2727272727272727,0.0069930069930069,0.1048951048951049,0.0209790209790209,0.1958041958041958,0.1048951048951049,0.0069930069930069,0.4179651695692025,0.3895508707607699,0.378551787351054,0.387717690192484,0.4115490375802016,0.3968835930339138,0.3767186067827681,0.3638863428047663
,,,,,,,,,,,,,,,,,,,,,,,,,,,,,,,,16,0.3209185803757829,0.2110229645093946,0.1179123173277661,0.0205427974947807,0.0222964509394571,0.0363256784968684,0.031482254697286,0.1746137787056367,0.1597744360902255,0.2387218045112782,0.0169172932330827,0.0,0.0,0.0267857142857142,0.0305451127819548,0.0206766917293233,0.1748251748251748,0.4965034965034965,0.1048951048951049,0.2447552447552447,0.2517482517482518,0.2447552447552447,0.3146853146853147,0.0629370629370629,0.3574702108157653,0.3611365719523373,0.3666361136571952,0.3638863428047663,0.3794683776351971,0.3703024747937672,0.3510540788267645,0.3363886342804766
,,,,,,,,,,,,,,,,,,,,,,,,,,,,,,,,16,0.0967849686847599,0.1156576200417536,0.0906054279749478,0.0236325678496868,0.0231315240083507,0.0894363256784968,0.151482254697286,0.3572442588726513,0.0,0.1508458646616541,0.0723684210526315,0.0061090225563909,0.0,0.075187969924812,0.1959586466165413,0.0718984962406015,0.2307692307692307,0.3006993006993007,0.2727272727272727,0.2517482517482518,0.2587412587412587,0.3076923076923077,0.4615384615384615,0.2377622377622377,0.3327222731439047,0.3171402383134739,0.3281393217231897,0.3501374885426214,0.3290559120073327,0.3217231897341888,0.3382218148487626,0.3483043079743354
,,,,,,,,,,,,,,,,,,,,,,,,,,,,,,,,16,0.4535281837160752,0.1934864300626305,0.1038830897703548,0.0218789144050104,0.0213778705636743,0.056116910229645,0.0921085594989561,0.2324843423799582,0.2269736842105263,0.0469924812030075,0.1367481203007518,0.0,0.0,0.0498120300751879,0.0230263157894736,0.0507518796992481,0.3636363636363636,0.2657342657342657,0.2797202797202797,0.2237762237762237,0.2307692307692307,0.3356643356643357,0.1188811188811188,0.0,0.3483043079743354,0.3483043079743354,0.3556370302474794,0.3638863428047663,0.3886342804766269,0.384967919340055,0.3868010999083409,0.3794683776351971
,,,,,,,,,,,,,,,,,,,,,,,,,,,,,,,,16,0.4035073068893528,0.3212526096033403,0.1762839248434237,0.0259707724425887,0.0212108559498956,0.0590396659707724,0.4324843423799583,0.2989561586638831,0.162593984962406,0.2988721804511278,0.0155075187969924,0.0056390977443609,0.0,0.0662593984962406,0.2359022556390977,0.1329887218045112,0.2377622377622377,0.3566433566433566,0.0,0.2237762237762237,0.2307692307692307,0.3356643356643357,0.2867132867132867,0.1538461538461538,0.3675527039413382,0.3528872593950504,0.3409715857011915,0.3629697525206232,0.3794683776351971,0.3794683776351971,0.3684692942254812,0.3794683776351971
,,,,,,,,,,,,,,,,,,,,,,,,,,,,,,,,16,0.6546137787056368,0.1665135699373695,0.1177453027139874,0.0354906054279749,0.0287265135699373,0.0591231732776617,0.2838413361169102,0.1993319415448851,0.1132518796992481,0.1475563909774436,0.0592105263157894,0.0,0.0056390977443609,0.0328947368421052,0.0272556390977443,0.0258458646616541,0.2027972027972027,0.4195804195804196,0.1398601398601398,0.2027972027972027,0.2237762237762237,0.2937062937062937,0.0209790209790209,0.0069930069930069,0.3721356553620532,0.3657195233730522,0.3556370302474794,0.382218148487626,0.4115490375802016,0.4014665444546287,0.3923006416131989,0.378551787351054
,,,,,,,,,,,,,,,,,,,,,,,,,,,,,,,,16,0.4688935281837161,0.3949060542797495,0.2707306889352818,0.0335699373695198,0.0284759916492693,0.0389144050104384,0.1317745302713987,0.2217954070981211,0.1508458646616541,0.281484962406015,0.0394736842105263,0.0,0.0093984962406015,0.0258458646616541,0.1522556390977443,0.1546052631578947,0.0909090909090909,0.3356643356643357,0.0139860139860139,0.2237762237762237,0.1328671328671328,0.3356643356643357,0.3496503496503496,0.1328671328671328,0.3712190650779102,0.3638863428047663,0.3593033913840513,0.3693858845096242,0.3776351970669111,0.38038496791934,0.3593033913840513,0.2969752520623281
,,,,,,,,,,,,,,,,,,,,,,,,,,,,,,,,16,0.2844258872651357,0.3032150313152401,0.2030062630480167,0.0330688935281837,0.0319832985386221,0.1265970772442588,0.1045511482254697,0.1418789144050104,0.1329887218045112,0.2941729323308271,0.0465225563909774,0.0,0.0,0.0554511278195488,0.0540413533834586,0.0578007518796992,0.1398601398601398,0.4545454545454545,0.1328671328671328,0.1958041958041958,0.2377622377622377,0.3216783216783216,0.0769230769230769,0.2867132867132867,0.2722273143904675,0.2713107241063245,0.2502291475710357,0.2703941338221814,0.3528872593950504,0.3382218148487626,0.2713107241063245,0.2713107241063245
,,,,,,,,,,,,,,,,,,,,,,,,,,,,,,,,16,0.3428810020876827,0.2762421711899791,0.1112317327766179,0.0252192066805845,0.0251356993736951,0.1478079331941545,0.0817536534446764,0.1752818371607515,0.2044172932330827,0.2828947368421052,0.0244360902255639,0.0056390977443609,0.0,0.0531015037593985,0.1325187969924812,0.1306390977443609,0.3006993006993007,0.5174825174825175,0.1258741258741259,0.2657342657342657,0.2727272727272727,0.3986013986013986,0.3776223776223776,0.2867132867132867,0.2676443629697525,0.2520623281393217,0.2740604949587534,0.306141154903758,0.3354720439963336,0.3198900091659028,0.2777268560953254,0.2447296058661778
,,,,,,,,,,,,,,,,,,,,,,,,,,,,,,,,16,0.5529853862212943,0.2779123173277662,0.1553235908141962,0.0910229645093945,0.0330688935281837,0.0548643006263048,0.1054697286012526,0.114572025052192,0.299812030075188,0.1705827067669172,0.0296052631578947,0.0239661654135338,0.0,0.0573308270676691,0.1705827067669172,0.0305451127819548,0.4195804195804196,0.2867132867132867,0.2027972027972027,0.2657342657342657,0.2937062937062937,0.2797202797202797,0.3426573426573426,0.3426573426573426,0.2502291475710357,0.2557286892758937,0.225481209899175,0.223648029330889,0.2621448212648946,0.2593950504124656,0.2328139321723189,0.1924839596700275
,,,,,,,,,,,,,,,,,,,,,,,,,,,,,,,,16,0.3894780793319415,0.2779123173277662,0.174446764091858,0.0249686847599164,0.0278079331941544,0.0696450939457202,0.0875991649269311,0.3617536534446764,0.125,0.4370300751879699,0.0267857142857142,0.0056390977443609,0.0028195488721804,0.0601503759398496,0.106203007518797,0.0916353383458646,0.2797202797202797,0.6713286713286714,0.1678321678321678,0.2377622377622377,0.2657342657342657,0.3776223776223776,0.1538461538461538,0.0699300699300699,0.1869844179651696,0.1888175985334555,0.1833180568285976,0.2538955087076077,0.378551787351054,0.3501374885426214,0.2859761686526123,0.2383134738771768
,,,,,,,,,,,,,,,,,,,,,,,,,,,,,,,,16,0.5204175365344468,0.434572025052192,0.0787473903966597,0.0279749478079331,0.0288100208768267,0.1028810020876826,0.1000417536534446,0.1893110647181628,0.2514097744360902,0.1884398496240601,0.1546052631578947,0.0056390977443609,0.0,0.1057330827067669,0.0422932330827067,0.0,0.3916083916083916,0.1958041958041958,0.3216783216783216,0.2447552447552447,0.3566433566433566,0.4685314685314685,0.1958041958041958,0.0,0.1979835013748854,0.1741521539871677,0.2190650779101741,0.2804766269477543,0.38038496791934,0.3538038496791934,0.3171402383134739,0.3162236480293309
,,,,,,,,,,,,,,,,,,,,,,,,,,,,,,,,16,0.3791231732776618,0.3126513569937369,0.3705219206680585,0.0585386221294363,0.0326513569937369,0.169937369519833,0.33160751565762,0.3377035490605428,0.1409774436090225,0.275375939849624,0.181390977443609,0.006578947368421,0.0,0.050281954887218,0.0728383458646616,0.118890977443609,0.2797202797202797,0.5104895104895105,0.2167832167832167,0.2027972027972027,0.2307692307692307,0.2097902097902098,0.2727272727272727,0.1398601398601398,0.3290559120073327,0.3428047662694775,0.3501374885426214,0.3684692942254812,0.4005499541704858,0.3996333638863428,0.3968835930339138,0.378551787351054
,,,,,,,,,,,,,,,,,,,,,,,,,,,,,,,,16,0.4230480167014613,0.3873903966597077,0.2518580375782881,0.1320250521920668,0.2451774530271399,0.3229227557411273,0.2833402922755741,0.2681419624217119,0.1466165413533834,0.25046992481203,0.1235902255639097,0.0,0.0093984962406015,0.1588345864661654,0.0554511278195488,0.0582706766917293,0.1958041958041958,0.2867132867132867,0.1188811188811188,0.0,0.0,0.1538461538461538,0.0489510489510489,0.0279720279720279,0.3611365719523373,0.3693858845096242,0.378551787351054,0.3877176901924839,0.4097158570119156,0.4087992667277726,0.4060494958753436,0.3620531622364803
,,,,,,,,,,,,,,,,,,,,,,,,,,,,,,,,16,0.3808768267223382,0.2977870563674321,0.3687682672233821,0.0268893528183715,0.0268058455114822,0.3567432150313153,0.291356993736952,0.2581210855949896,0.1776315789473684,0.2105263157894736,0.0479323308270676,0.0,0.0,0.0803571428571428,0.019266917293233,0.0399436090225563,0.2237762237762237,0.2517482517482518,0.0139860139860139,0.1748251748251748,0.1678321678321678,0.0699300699300699,0.0069930069930069,0.0139860139860139,0.3492208982584784,0.3574702108157653,0.4023831347387717,0.4051329055912007,0.4069660861594867,0.3978001833180568,0.384967919340055,0.3712190650779102
,,,,,,,,,,,,,,,,,,,,,,,,,,,,,,,,16,0.411356993736952,0.3667640918580376,0.1349478079331941,0.0392484342379958,0.0263883089770354,0.0912734864300626,0.1091440501043841,0.1368684759916492,0.2683270676691729,0.3045112781954887,0.031484962406015,0.0,0.0,0.0531015037593985,0.0408834586466165,0.0310150375939849,0.2937062937062937,0.5454545454545454,0.1398601398601398,0.1468531468531468,0.2307692307692307,0.3916083916083916,0.2237762237762237,0.1398601398601398,0.3418881759853345,0.3272227314390467,0.3299725022914757,0.3666361136571952,0.4032997250229148,0.4078826764436297,0.3959670027497708,0.3602199816681943
,,,,,,,,,,,,,,,,,,,,,,,,,,,,,,,,16,0.476910229645094,0.3831315240083507,0.1979123173277662,0.0273068893528183,0.0304801670146137,0.2036743215031315,0.0881837160751565,0.1560751565762004,0.2988721804511278,0.2767857142857143,0.0535714285714285,0.0,0.0098684210526315,0.1019736842105263,0.0352443609022556,0.0422932330827067,0.3846153846153846,0.3076923076923077,0.0559440559440559,0.1958041958041958,0.2167832167832167,0.2657342657342657,0.3216783216783216,0.2447552447552447,0.3336388634280476,0.3538038496791934,0.3583868010999083,0.3657195233730522,0.3492208982584784,0.3400549954170486,0.3638863428047663,0.4527956003666362
,,,,,,,,,,,,,,,,,,,,,,,,,,,,,,,,16,0.4432567849686847,0.3893110647181628,0.4199582463465553,0.1970772442588726,0.2099373695198329,0.3351983298538622,0.5288517745302714,0.2156158663883089,0.1903195488721804,0.3087406015037593,0.1447368421052631,0.0,0.0112781954887218,0.1870300751879699,0.0093984962406015,0.0202067669172932,0.3006993006993007,0.3776223776223776,0.1398601398601398,0.0,0.0,0.0909090909090909,0.0279720279720279,0.0069930069930069,0.4527956003666362,0.4381301558203483,0.3978001833180568,0.4060494958753436,0.4427131072410633,0.4234647112740605,0.387717690192484,0.3098075160403299
,,,,,,,,,,,,,,,,,,,,,,,,,,,,,,,,16,0.3868058455114822,0.3043006263048017,0.1948225469728601,0.0285594989561586,0.0381628392484342,0.1763674321503131,0.1102296450939457,0.0711482254697286,0.2579887218045112,0.237781954887218,0.1484962406015037,0.0,0.0098684210526315,0.0836466165413533,0.037593984962406,0.0056390977443609,0.2937062937062937,0.3706293706293706,0.2937062937062937,0.1468531468531468,0.2167832167832167,0.3776223776223776,0.1608391608391608,0.2167832167832167,0.3363886342804766,0.3583868010999083,0.3153070577451879,0.3299725022914757,0.3767186067827681,0.3382218148487626,0.2878093492208982,0.2346471127406049
,,,,,,,,,,,,,,,,,,,,,,,,,,,,,,,,16,0.3875574112734864,0.3456367432150313,0.237160751565762,0.0401670146137786,0.033152400835073,0.1832985386221294,0.0703966597077244,0.1199164926931106,0.1372180451127819,0.2861842105263157,0.106203007518797,0.0,0.0098684210526315,0.1104323308270676,0.025375939849624,0.0159774436090225,0.2307692307692307,0.4965034965034965,0.3216783216783216,0.2727272727272727,0.3846153846153846,0.3496503496503496,0.1328671328671328,0.2307692307692307,0.2218148487626031,0.1695692025664527,0.1750687442713107,0.2648945921173235,0.3153070577451879,0.303391384051329,0.2456461961503208,0.1869844179651696
,,,,,,,,,,,,,,,,,,,,,,,,,,,,,,,,16,0.1360334029227557,0.2205427974947808,0.1377870563674321,0.0362421711899791,0.0353235908141962,0.0673903966597077,0.0949478079331941,0.14580375782881,0.0667293233082706,0.3162593984962406,0.0357142857142857,0.0,0.0103383458646616,0.0531015037593985,0.0460526315789473,0.2100563909774436,0.2937062937062937,0.6083916083916084,0.2447552447552447,0.2867132867132867,0.3916083916083916,0.4195804195804196,0.1678321678321678,0.4545454545454545,0.1714023831347388,0.1659028414298808,0.1429880843263061,0.2190650779101741,0.2832263978001833,0.2685609532538955,0.2172318973418882,0.1622364802933089
,,,,,,,,,,,,,,,,,,,,,,,,,,,,,,,,16,0.3050521920668058,0.264133611691023,0.2119415448851774,0.0318997912317327,0.0277244258872651,0.1089770354906054,0.110062630480167,0.1912317327766179,0.0559210526315789,0.2283834586466165,0.1644736842105263,0.0,0.0,0.0704887218045112,0.0281954887218045,0.1207706766917293,0.2657342657342657,0.5174825174825175,0.4125874125874126,0.3706293706293706,0.3006993006993007,0.4545454545454545,0.3496503496503496,0.3636363636363636,0.1429880843263061,0.1365719523373052,0.1090742438130155,0.1741521539871677,0.2383134738771768,0.2465627864344638,0.2208982584784601,0.2135655362053162
,,,,,,,,,,,,,,,,,,,,,,,,,,,,,,,,16,0.4162004175365345,0.7222546972860127,0.107473903966597,0.027473903966597,0.0308977035490605,0.2043423799582463,0.1292693110647181,0.134446764091858,0.3421052631578947,0.2213345864661654,0.0408834586466165,0.0,0.0117481203007518,0.0704887218045112,0.0225563909774436,0.0357142857142857,0.3916083916083916,0.4475524475524475,0.2657342657342657,0.2517482517482518,0.3426573426573426,0.3776223776223776,0.3496503496503496,0.3076923076923077,0.2373968835930339,0.2383134738771768,0.2383134738771768,0.2493125572868927,0.2612282309807516,0.2685609532538955,0.2722273143904675,0.2722273143904675
,,,,,,,,,,,,,,,,,,,,,,,,,,,,,,,,16,0.4217118997912317,0.3251774530271399,0.114572025052192,0.0292275574112734,0.0291440501043841,0.5013778705636743,0.4068475991649269,0.1167432150313152,0.194078947368421,0.3369360902255639,0.0164473684210526,0.0,0.012687969924812,0.2485902255639097,0.0831766917293233,0.0202067669172932,0.4615384615384615,0.6923076923076923,0.0699300699300699,0.2307692307692307,0.2377622377622377,0.3636363636363636,0.3076923076923077,0.1888111888111888,0.2758936755270394,0.2731439046746104,0.2786434463794683,0.3070577451879009,0.3519706691109074,0.3446379468377635,0.2978918423464711,0.2603116406966086
,,,,,,,,,,,,,,,,,,,,,,,,,,,,,,,,16,0.2850939457202505,0.2846764091858037,0.1569937369519833,0.02580375782881,0.028643006263048,0.2329853862212943,0.0994572025052192,0.0957828810020876,0.3435150375939849,0.3895676691729323,0.038063909774436,0.0,0.0136278195488721,0.087875939849624,0.0117481203007518,0.0296052631578947,0.6713286713286714,0.6293706293706294,0.1118881118881118,0.1048951048951049,0.2517482517482518,0.3636363636363636,0.2307692307692307,0.2027972027972027,0.2584784601283226,0.2777268560953254,0.2859761686526123,0.304307974335472,0.3373052245646196,0.3217231897341888,0.2768102658111824,0.2318973418881759
,,,,,,,,,,,,,,,,,,,,,,,,,,,,,,,,16,0.2330688935281837,0.4239665970772442,0.33419624217119,0.0283089770354906,0.0309812108559498,0.1920668058455114,0.0577870563674321,0.2261377870563674,0.1141917293233082,0.2335526315789473,0.131578947368421,0.0,0.0220864661654135,0.0573308270676691,0.0173872180451127,0.0112781954887218,0.3146853146853147,0.5174825174825175,0.2937062937062937,0.2517482517482518,0.3986013986013986,0.3146853146853147,0.1398601398601398,0.0,0.1924839596700275,0.1869844179651696,0.1869844179651696,0.2722273143904675,0.3648029330889092,0.3574702108157653,0.2878093492208982,0.2318973418881759
,,,,,,,,,,,,,,,,,,,,,,,,,,,,,,,,16,0.3206680584551148,0.2440918580375783,0.1440501043841336,0.030313152400835,0.0296450939457202,0.212776617954071,0.1112317327766179,0.1311064718162839,0.0643796992481203,0.1635338345864661,0.2203947368421052,0.0,0.0089285714285714,0.1010338345864661,0.0267857142857142,0.0225563909774436,0.1818181818181818,0.3566433566433566,0.4615384615384615,0.2377622377622377,0.2587412587412587,0.4335664335664335,0.2797202797202797,0.0909090909090909,0.2208982584784601,0.2062328139321723,0.229147571035747,0.3244729605866178,0.378551787351054,0.3501374885426214,0.3006416131989001,0.23006416131989
,,,,,,,,,,,,,,,,,,,,,,,,,,,,,,,,16,0.1371189979123173,0.3066388308977035,0.2350730688935282,0.0336534446764091,0.0289770354906054,0.1519832985386221,0.3796242171189979,0.2049269311064718,0.1015037593984962,0.3524436090225564,0.1395676691729323,0.0,0.0103383458646616,0.125,0.0756578947368421,0.0460526315789473,0.3706293706293706,0.5874125874125874,0.2517482517482518,0.2867132867132867,0.2867132867132867,0.3426573426573426,0.3286713286713286,0.2237762237762237,0.23006416131989,0.2172318973418882,0.2318973418881759,0.2630614115490375,0.3556370302474794,0.3446379468377635,0.3180568285976168,0.2878093492208982
,,,,,,,,,,,,,,,,,,,,,,,,,,,,,,,,16,0.3560751565762004,0.3607515657620042,0.1974947807933194,0.0311482254697286,0.028893528183716,0.0977870563674321,0.5473903966597077,0.1727766179540709,0.0991541353383458,0.306390977443609,0.1235902255639097,0.0,0.0,0.1583646616541353,0.1057330827067669,0.0333646616541353,0.1888111888111888,0.5594405594405595,0.2447552447552447,0.2307692307692307,0.2517482517482518,0.3776223776223776,0.3216783216783216,0.2867132867132867,0.2328139321723189,0.2658111824014665,0.2969752520623281,0.3198900091659028,0.3318056828597617,0.3382218148487626,0.308890925756187,0.3272227314390467
,,,,,,,,,,,,,,,,,,,,,,,,,,,,,,,,16,0.0744885177453027,0.5048851774530272,0.1891440501043841,0.028893528183716,0.0313987473903966,0.2061795407098121,0.1586638830897703,0.2324843423799582,0.0328947368421052,0.3280075187969924,0.0333646616541353,0.0,0.0216165413533834,0.0784774436090225,0.0930451127819548,0.1038533834586466,0.1818181818181818,0.5174825174825175,0.1258741258741259,0.2307692307692307,0.3286713286713286,0.3076923076923077,0.3146853146853147,0.2307692307692307,0.303391384051329,0.2786434463794683,0.2694775435380385,0.2621448212648946,0.2859761686526123,0.2713107241063245,0.2593950504124656,0.2520623281393217
,,,,,,,,,,,,,,,,,,,,,,,,,,,,,,,,16,0.3932359081419624,0.489937369519833,0.1749478079331941,0.0278079331941544,0.0295615866388308,0.2131941544885177,0.1443006263048016,0.1430480167014614,0.1696428571428571,0.2720864661654135,0.1470864661654135,0.0,0.0098684210526315,0.1047932330827067,0.0272556390977443,0.0145676691729323,0.4335664335664335,0.4965034965034965,0.3426573426573426,0.2167832167832167,0.2657342657342657,0.3776223776223776,0.2377622377622377,0.1748251748251748,0.2318973418881759,0.2163153070577452,0.1970669110907424,0.230980751604033,0.3070577451879009,0.3189734188817598,0.3180568285976168,0.3162236480293309
,,,,,,,,,,,,,,,,,,,,,,,,,,,,,,,,16,0.3604175365344467,0.3292693110647181,0.1791231732776618,0.0297286012526095,0.0297286012526095,0.308893528183716,0.24,0.3425469728601253,0.2655075187969924,0.2495300751879699,0.1729323308270676,0.0,0.012687969924812,0.0808270676691729,0.0070488721804511,0.0549812030075188,0.6293706293706294,0.4685314685314685,0.2167832167832167,0.1888111888111888,0.2307692307692307,0.2027972027972027,0.0069930069930069,0.0559440559440559,0.3318056828597617,0.3336388634280476,0.3409715857011915,0.3528872593950504,0.4069660861594867,0.4069660861594867,0.3941338221814849,0.3693858845096242
,,,,,,,,,,,,,,,,,,,,,,,,,,,,,,,,16,0.2720668058455115,0.5832150313152401,0.2282254697286012,0.1804592901878914,0.2458455114822547,0.2929436325678497,0.1992484342379958,0.2708141962421712,0.1132518796992481,0.3007518796992481,0.0371240601503759,0.0,0.0140977443609022,0.0949248120300751,0.0112781954887218,0.0578007518796992,0.1258741258741259,0.2797202797202797,0.0069930069930069,0.0,0.0,0.1258741258741259,0.0069930069930069,0.1118881118881118,0.3583868010999083,0.3675527039413382,0.3501374885426214,0.3941338221814849,0.4280476626947754,0.3987167736021998,0.3574702108157653,0.3648029330889092
,,,,,,,,,,,,,,,,,,,,,,,,,,,,,,,,16,0.4469311064718163,0.2674739039665971,0.4153653444676409,0.0282254697286012,0.0328183716075156,0.394321503131524,0.2425887265135699,0.2071816283924843,0.2222744360902255,0.3247180451127819,0.0422932330827067,0.0,0.0112781954887218,0.0869360902255639,0.0601503759398496,0.2109962406015037,0.1538461538461538,0.6363636363636364,0.0909090909090909,0.1608391608391608,0.2377622377622377,0.0769230769230769,0.0839160839160839,0.1888111888111888,0.382218148487626,0.384051329055912,0.3528872593950504,0.4243813015582034,0.4848762603116406,0.4711274060494959,0.3858845096241979,0.3978001833180568
,,,,,,,,,,,,,,,,,,,,,,,,,,,,,,,,16,0.2565344467640919,0.3087265135699374,0.2318162839248434,0.1719415448851774,0.2637995824634655,0.1726096033402922,0.2185386221294363,0.2718162839248434,0.0432330827067669,0.4652255639097744,0.1033834586466165,0.0051691729323308,0.0178571428571428,0.0606203007518797,0.0216165413533834,0.0794172932330827,0.0979020979020979,0.4965034965034965,0.0979020979020979,0.0,0.0,0.1958041958041958,0.0279720279720279,0.0699300699300699,0.3950504124656279,0.3868010999083409,0.382218148487626,0.3767186067827681,0.3950504124656279,0.3923006416131989,0.3602199816681943,0.3620531622364803
,,,,,,,,,,,,,,,,,,,,,,,,,,,,,,,,16,0.2777453027139874,0.1601670146137787,0.1083089770354906,0.0268893528183715,0.0265553235908141,0.0921085594989561,0.1521503131524008,0.3875574112734864,0.0869360902255639,0.2739661654135338,0.0286654135338345,0.0,0.0,0.137687969924812,0.00046992481203,0.1094924812030075,0.0839160839160839,0.6153846153846154,0.0979020979020979,0.1188811188811188,0.2377622377622377,0.3566433566433566,0.2447552447552447,0.3006993006993007,0.3519706691109074,0.3528872593950504,0.3345554537121906,0.3620531622364803,0.3968835930339138,0.4087992667277726,0.3565536205316224,0.3409715857011915
,,,,,,,,,,,,,,,,,,,,,,,,,,,,,,,,16,0.4302296450939457,0.4134446764091858,0.1998329853862213,0.0304801670146137,0.031482254697286,0.3002087682672233,0.2382463465553236,0.1580793319415448,0.4962406015037593,0.1635338345864661,0.0305451127819548,0.0,0.0211466165413533,0.0610902255639097,0.0281954887218045,0.0169172932330827,0.5174825174825175,0.3846153846153846,0.1048951048951049,0.2237762237762237,0.2517482517482518,0.0839160839160839,0.1118881118881118,0.1188811188811188,0.3538038496791934,0.38038496791934,0.3858845096241979,0.3877176901924839,0.383134738771769,0.3703024747937672,0.3638863428047663,0.378551787351054
,,,,,,,,,,,,,,,,,,,,,,,,,,,,,,,,16,0.3851356993736952,0.3797912317327766,0.1936534446764092,0.1611691022964509,0.254446764091858,0.1746137787056367,0.2318997912317328,0.2481837160751565,0.2077067669172932,0.2485902255639097,0.0888157894736842,0.0,0.0056390977443609,0.0822368421052631,0.0202067669172932,0.0112781954887218,0.5034965034965035,0.3846153846153846,0.0979020979020979,0.0,0.0,0.2517482517482518,0.0489510489510489,0.0139860139860139,0.378551787351054,0.3904674610449129,0.3886342804766269,0.3959670027497708,0.4170485792850596,0.4106324472960587,0.3904674610449129,0.383134738771769
,,,,,,,,,,,,,,,,,,,,,,,,,,,,,,,,16,0.3649269311064718,0.2424217118997912,0.0951983298538622,0.0253862212943632,0.0209603340292275,0.315991649269311,0.1835490605427975,0.2109394572025052,0.1052631578947368,0.1959586466165413,0.1390977443609022,0.0,0.0051691729323308,0.0869360902255639,0.0061090225563909,0.0277255639097744,0.1188811188811188,0.4195804195804196,0.2237762237762237,0.2237762237762237,0.2307692307692307,0.0839160839160839,0.0559440559440559,0.0139860139860139,0.382218148487626,0.3858845096241979,0.384051329055912,0.4087992667277726,0.4124656278643446,0.4097158570119156,0.4014665444546287,0.4032997250229148
,,,,,,,,,,,,,,,,,,,,,,,,,,,,,,,,16,0.3989144050104384,0.5854697286012526,0.1528183716075156,0.197160751565762,0.1854697286012525,0.3536534446764092,0.5463048016701462,0.2893528183716075,0.2542293233082707,0.3933270676691729,0.018796992481203,0.0,0.0145676691729323,0.0634398496240601,0.1029135338345864,0.0531015037593985,0.2097902097902098,0.4615384615384615,0.0069930069930069,0.0,0.0,0.0629370629370629,0.0349650349650349,0.0069930069930069,0.4032997250229148,0.4078826764436297,0.4115490375802016,0.4427131072410633,0.4784601283226397,0.4940421631530706,0.454628780934922,0.4463794683776352
,,,,,,,,,,,,,,,,,,,,,,,,,,,,,,,,16,0.297286012526096,0.4580375782881002,0.3230062630480167,0.045929018789144,0.2095198329853862,0.3135699373695198,0.1891440501043841,0.3926513569937369,0.1311090225563909,0.2659774436090225,0.1268796992481203,0.0032894736842105,0.0112781954887218,0.0972744360902255,0.1137218045112782,0.0159774436090225,0.1328671328671328,0.2937062937062937,0.1258741258741259,0.0,0.0,0.0769230769230769,0.0279720279720279,0.0,0.4298808432630614,0.4170485792850596,0.4188817598533456,0.4436296975252062,0.4903758020164986,0.4472960586617781,0.3913840513290559,0.3739688359303392
,,,,,,,,,,,,,,,,,,,,,,,,,,,,,,,,43,0.3476409185803758,0.3130688935281837,0.0653862212943632,0.0251356993736951,0.0283089770354906,0.1081419624217119,0.1636743215031315,0.2450104384133612,0.2030075187969924,0.2866541353383459,0.0164473684210526,0.0056390977443609,0.0239661654135338,0.100563909774436,0.0615601503759398,0.0225563909774436,0.1818181818181818,0.2517482517482518,0.0,0.0,0.0,0.0909090909090909,0.0,0.0069930069930069,0.5847846012832264,0.5737855178735105,0.5939505041246563,0.6452795600366636,0.693858845096242,0.7140238313473878,0.6406966086159487,0.614115490375802
,,,,,,,,,,,,,,,,,,,,,,,,,,,,,,,,43,0.1316910229645094,0.1940709812108559,0.0586221294363256,0.0273068893528183,0.0254697286012526,0.1223382045929018,0.0931941544885177,0.3240918580375783,0.2410714285714285,0.1804511278195488,0.0258458646616541,0.0,0.0145676691729323,0.2006578947368421,0.0324248120300751,0.1602443609022556,0.2307692307692307,0.1748251748251748,0.0069930069930069,0.0,0.0,0.1188811188811188,0.0,0.1048951048951049,0.6021998166819431,0.5820348304307975,0.611365719523373,0.6562786434463794,0.6966086159486709,0.7140238313473878,0.7103574702108159,0.6571952337305224
,,,,,,,,,,,,,,,,,,,,,,,,,,,,,,,,43,0.1342797494780793,0.2587891440501044,0.0584551148225469,0.0403340292275574,0.0581210855949895,0.0621294363256784,0.1629227557411273,0.1617536534446764,0.5117481203007519,0.2673872180451128,0.0206766917293233,0.0,0.0808270676691729,0.0653195488721804,0.1701127819548872,0.1264097744360902,0.2657342657342657,0.2517482517482518,0.0,0.0,0.0699300699300699,0.0209790209790209,0.1748251748251748,0.1118881118881118,0.5902841429880844,0.5545371219065078,0.6278643446379469,0.6691109074243814,0.7011915673693859,0.7268560953253896,0.7030247479376718,0.6599450045829515
,,,,,,,,,,,,,,,,,,,,,,,,,,,,,,,,43,0.2419206680584551,0.2656367432150313,0.0566179540709812,0.0289770354906054,0.0918580375782881,0.1200835073068893,0.0719832985386221,0.0886847599164926,0.2227443609022556,0.1480263157894736,0.0173872180451127,0.0,0.0963345864661654,0.0408834586466165,0.0173872180451127,0.0206766917293233,0.1678321678321678,0.0979020979020979,0.0,0.0,0.0489510489510489,0.0069930069930069,0.0279720279720279,0.0139860139860139,0.6031164069660861,0.5820348304307975,0.6599450045829515,0.7415215398716773,0.7681026581118239,0.7937671860678277,0.7800183318056828,0.7094408799266727
,,,,,,,,,,,,,,,,,,,,,,,,,,,,,,,,43,0.1326931106471816,0.2481837160751565,0.0607933194154488,0.0295615866388308,0.0948643006263048,0.1037995824634655,0.0666388308977035,0.1930688935281837,0.1649436090225564,0.1762218045112782,0.0733082706766917,0.006578947368421,0.0789473684210526,0.0173872180451127,0.0220864661654135,0.1738721804511278,0.1328671328671328,0.1398601398601398,0.0559440559440559,0.0,0.0489510489510489,0.0069930069930069,0.0,0.1048951048951049,0.6681943171402384,0.6727772685609533,0.687442713107241,0.7497708524289642,0.7717690192483958,0.7763519706691109,0.7461044912923923,0.6801099908340972
,,,,,,,,,,,,,,,,,,,,,,,,,,,,,,,,43,0.2161169102296451,0.1751983298538622,0.0585386221294363,0.0311482254697286,0.0939457202505219,0.095866388308977,0.100375782881002,0.0982881002087682,0.1203007518796992,0.1766917293233082,0.0150375939849624,0.0136278195488721,0.0958646616541353,0.0183270676691729,0.0178571428571428,0.200187969924812,0.1188811188811188,0.1398601398601398,0.0,0.0,0.0699300699300699,0.0,0.0069930069930069,0.1398601398601398,0.6076993583868011,0.617781851512374,0.69019248395967,0.7396883593033914,0.7901008249312558,0.8221814848762603,0.7736021998166819,0.7085242896425298
,,,,,,,,,,,,,,,,,,,,,,,,,,,,,,,,43,0.1244258872651356,0.1437160751565762,0.074572025052192,0.0313987473903966,0.1183298538622129,0.0555323590814196,0.0597912317327766,0.1140709812108559,0.3270676691729323,0.2650375939849624,0.018796992481203,0.0,0.0822368421052631,0.0328947368421052,0.0098684210526315,0.0291353383458646,0.1398601398601398,0.2377622377622377,0.0,0.0,0.0349650349650349,0.0,0.0279720279720279,0.0069930069930069,0.6498625114573785,0.6260311640696609,0.6168652612282309,0.6351970669110908,0.7506874427131072,0.7772685609532538,0.7176901924839597,0.6306141154903758
,,,,,,,,,,,,,,,,,,,,,,,,,,,,,,,,43,0.427473903966597,0.6213778705636744,0.0415866388308977,0.0410855949895615,0.0346555323590814,0.1078079331941544,0.1720250521920668,0.1281002087682672,0.3923872180451128,0.299812030075188,0.0244360902255639,0.0,0.0357142857142857,0.1447368421052631,0.2086466165413533,0.0371240601503759,0.2027972027972027,0.1888111888111888,0.0,0.0,0.0,0.1328671328671328,0.1748251748251748,0.0069930069930069,0.5719523373052245,0.545371219065078,0.5838680109990835,0.6333638863428048,0.7085242896425298,0.6828597616865262,0.6636113657195234,0.6186984417965169
,,,,,,,,,,,,,,,,,,,,,,,,,,,,,,,,43,0.2210438413361169,0.2033402922755741,0.1745302713987473,0.0378288100208768,0.0359081419624217,0.1327766179540709,0.3141544885177453,0.1816283924843423,0.1273496240601503,0.3176691729323308,0.0277255639097744,0.0,0.0131578947368421,0.1550751879699248,0.0770676691729323,0.1423872180451127,0.0559440559440559,0.2867132867132867,0.0,0.0,0.0,0.0909090909090909,0.0139860139860139,0.1258741258741259,0.5939505041246563,0.5857011915673694,0.6461961503208066,0.6663611365719524,0.7158570119156736,0.7176901924839597,0.7002749770852429,0.6287809349220899
,,,,,,,,,,,,,,,,,,,,,,,,,,,,,,,,43,0.1338622129436325,0.1747807933194154,0.0439248434237995,0.0309812108559498,0.0955323590814196,0.0990396659707724,0.208517745302714,0.151732776617954,0.1748120300751879,0.2636278195488721,0.0178571428571428,0.0,0.0864661654135338,0.0935150375939849,0.0169172932330827,0.0507518796992481,0.0209790209790209,0.2097902097902098,0.0,0.0,0.0489510489510489,0.0,0.0279720279720279,0.0279720279720279,0.537121906507791,0.5197066911090742,0.6168652612282309,0.6773602199816682,0.7360219981668193,0.7534372135655362,0.7415215398716773,0.6269477543538039
,,,,,,,,,,,,,,,,,,,,,,,,,,,,,,,,43,0.1194154488517745,0.1351148225469728,0.0458455114822546,0.0273903966597077,0.1027139874739039,0.0724008350730689,0.0648851774530271,0.167348643006263,0.0845864661654135,0.3125,0.0178571428571428,0.0,0.0803571428571428,0.0150375939849624,0.0093984962406015,0.0977443609022556,0.0839160839160839,0.2587412587412587,0.0,0.0,0.0559440559440559,0.0,0.0,0.0209790209790209,0.5857011915673694,0.5967002749770853,0.608615948670944,0.6736938588450962,0.7204399633363887,0.7351054078826764,0.6736938588450962,0.6251145737855179
,,,,,,,,,,,,,,,,,,,,,,,,,,,,,,,,43,0.4517745302713988,0.2092693110647181,0.0426722338204592,0.0284759916492693,0.098705636743215,0.0338204592901878,0.0353235908141962,0.1612526096033403,0.2758458646616541,0.2476503759398496,0.0061090225563909,0.0,0.0831766917293233,0.0,0.00046992481203,0.0549812030075188,0.2727272727272727,0.2027972027972027,0.0,0.0,0.0489510489510489,0.0,0.0,0.0349650349650349,0.5774518790100824,0.5545371219065078,0.5747021081576534,0.6076993583868011,0.6709440879926672,0.7195233730522456,0.6498625114573785,0.5591200733272228
,,,,,,,,,,,,,,,,,,,,,,,,,,,,,,,,43,0.1350313152400835,0.2951148225469728,0.0512734864300626,0.0276409185803757,0.095866388308977,0.0920250521920668,0.0668058455114822,0.1481419624217119,0.194078947368421,0.3430451127819549,0.0122180451127819,0.0056390977443609,0.0554511278195488,0.0455827067669172,0.0136278195488721,0.0310150375939849,0.1468531468531468,0.3076923076923077,0.0,0.0,0.0489510489510489,0.0069930069930069,0.0,0.0139860139860139,0.532538955087076,0.5050412465627865,0.6067827681026581,0.6700274977085243,0.7094408799266727,0.7681026581118239,0.7158570119156736,0.6736938588450962
,,,,,,,,,,,,,,,,,,,,,,,,,,,,,,,,43,0.1583298538622129,0.1579123173277661,0.0582881002087682,0.0257202505219206,0.0907724425887264,0.1094780793319415,0.0968684759916492,0.1144050104384133,0.2890037593984962,0.1466165413533834,0.0173872180451127,0.0,0.0639097744360902,0.0206766917293233,0.0333646616541353,0.0437030075187969,0.2587412587412587,0.1118881118881118,0.0,0.0,0.0349650349650349,0.0069930069930069,0.0279720279720279,0.0209790209790209,0.6269477543538039,0.5902841429880844,0.5866177818515125,0.613198900091659,0.6654445462878095,0.7222731439046746,0.6828597616865262,0.5967002749770853
,,,,,,,,,,,,,,,,,,,,,,,,,,,,,,,,43,0.1651774530271398,0.5710229645093945,0.0656367432150313,0.0258872651356993,0.0387473903966597,0.1175782881002087,0.158830897703549,0.274321503131524,0.3496240601503759,0.1724624060150376,0.0328947368421052,0.006578947368421,0.025375939849624,0.0615601503759398,0.1047932330827067,0.1842105263157894,0.2517482517482518,0.1328671328671328,0.0139860139860139,0.0,0.0,0.0559440559440559,0.0629370629370629,0.0909090909090909,0.5508707607699359,0.4931255728689276,0.6333638863428048,0.7076076993583869,0.7561869844179652,0.7653528872593951,0.7085242896425298,0.6608615948670944
,,,,,,,,,,,,,,,,,,,,,,,,,,,,,,,,43,0.2054279749478079,0.2592066805845511,0.0761586638830897,0.0435908141962421,0.074572025052192,0.102964509394572,0.3861377870563674,0.315991649269311,0.4299812030075188,0.1705827067669172,0.0333646616541353,0.0,0.019266917293233,0.169172932330827,0.1640037593984962,0.0930451127819548,0.1818181818181818,0.1328671328671328,0.0209790209790209,0.0,0.0,0.0629370629370629,0.0279720279720279,0.0559440559440559,0.6452795600366636,0.6351970669110908,0.7121906507791017,0.7956003666361138,0.8258478460128322,0.8249312557286893,0.7736021998166819,0.7186067827681026
,,,,,,,,,,,,,,,,,,,,,,,,,,,,,,,,43,0.3245929018789144,0.2541962421711899,0.0763256784968684,0.0396659707724425,0.1215031315240083,0.1024634655532808,0.2236325678496868,0.098705636743215,0.1875,0.1607142857142857,0.0136278195488721,0.0,0.0686090225563909,0.0361842105263157,0.0775375939849624,0.0155075187969924,0.2237762237762237,0.1398601398601398,0.0,0.0,0.0279720279720279,0.0139860139860139,0.0,0.0069930069930069,0.6956920256645278,0.6406966086159487,0.6865261228230981,0.772685609532539,0.8240146654445464,0.8368469294225482,0.7598533455545371,0.6810265811182402
,,,,,,,,,,,,,,,,,,,,,,,,,,,,,,,,43,0.0817536534446764,0.4495198329853862,0.0643006263048016,0.035741127348643,0.1017118997912317,0.0857620041753653,0.1809603340292275,0.0929436325678496,0.1273496240601503,0.3881578947368421,0.0244360902255639,0.0,0.0963345864661654,0.1047932330827067,0.019266917293233,0.0361842105263157,0.0069930069930069,0.2867132867132867,0.0,0.0,0.0629370629370629,0.0139860139860139,0.0069930069930069,0.0139860139860139,0.6599450045829515,0.6361136571952337,0.6718606782768103,0.7186067827681026,0.7598533455545371,0.7708524289642529,0.7121906507791017,0.624197983501375
,,,,,,,,,,,,,,,,,,,,,,,,,,,,,,,,43,0.1247599164926931,0.3165762004175366,0.0687265135699373,0.0450104384133611,0.1090605427974947,0.0769937369519832,0.0567014613778705,0.1061377870563674,0.0869360902255639,0.4591165413533835,0.0164473684210526,0.0070488721804511,0.0850563909774436,0.050281954887218,0.037593984962406,0.0521616541353383,0.0839160839160839,0.3706293706293706,0.0,0.0,0.0419580419580419,0.0069930069930069,0.0489510489510489,0.0279720279720279,0.6471127406049496,0.6489459211732356,0.6782768102658112,0.7057745187901008,0.7378551787351054,0.7424381301558204,0.7140238313473878,0.6691109074243814
,,,,,,,,,,,,,,,,,,,,,,,,,,,,,,,,43,0.1355323590814196,0.2584551148225469,0.0886847599164926,0.0425887265135699,0.0914405010438413,0.0850104384133611,0.0425052192066805,0.3186638830897703,0.2777255639097744,0.1038533834586466,0.1118421052631579,0.0,0.0512218045112781,0.0554511278195488,0.050281954887218,0.1762218045112782,0.2447552447552447,0.0699300699300699,0.0769230769230769,0.0,0.0279720279720279,0.0419580419580419,0.0209790209790209,0.0559440559440559,0.6636113657195234,0.6654445462878095,0.6361136571952337,0.6296975252062328,0.6306141154903758,0.6269477543538039,0.6095325389550871,0.5902841429880844
,,,,,,,,,,,,,,,,,,,,,,,,,,,,,,,,43,0.4764091858037578,0.2867640918580376,0.1994989561586638,0.035991649269311,0.0606263048016701,0.1144050104384133,0.0726513569937369,0.0708977035490605,0.3341165413533835,0.1776315789473684,0.0277255639097744,0.0,0.0272556390977443,0.0775375939849624,0.025375939849624,0.1193609022556391,0.2727272727272727,0.1398601398601398,0.0,0.0,0.0209790209790209,0.0559440559440559,0.0,0.0839160839160839,0.5811182401466545,0.5747021081576534,0.6021998166819431,0.6764436296975253,0.7250229147571036,0.7461044912923923,0.7149404216315307,0.6590284142988084
,,,,,,,,,,,,,,,,,,,,,,,,,,,,,,,,43,0.4214613778705636,0.2626304801670145,0.0973695198329853,0.0338204592901878,0.0386638830897703,0.0965344467640918,0.1120668058455114,0.1036325678496868,0.2236842105263158,0.243890977443609,0.0667293233082706,0.0075187969924812,0.025375939849624,0.1264097744360902,0.0488721804511278,0.1513157894736842,0.1258741258741259,0.1748251748251748,0.0209790209790209,0.0,0.0,0.0979020979020979,0.0279720279720279,0.0699300699300699,0.6599450045829515,0.6489459211732356,0.6617781851512374,0.7314390467461045,0.7891842346471128,0.8130155820348303,0.7855178735105407,0.6819431714023831
,,,,,,,,,,,,,,,,,,,,,,,,,,,,,,,,43,0.0762421711899791,0.1711064718162839,0.1172442588726513,0.0443423799582463,0.056116910229645,0.2074321503131524,0.2136116910229645,0.2068475991649269,0.0653195488721804,0.1799812030075188,0.0474624060150375,0.0,0.0197368421052631,0.0573308270676691,0.2095864661654135,0.1936090225563909,0.0699300699300699,0.1538461538461538,0.0139860139860139,0.0,0.0,0.0489510489510489,0.1538461538461538,0.1048951048951049,0.6434463794683776,0.5866177818515125,0.7140238313473878,0.7332722273143903,0.7222731439046746,0.7479376718606784,0.7286892758936755,0.6837763519706691
,,,,,,,,,,,,,,,,,,,,,,,,,,,,,,,,43,0.3760334029227558,0.3560751565762004,0.1563256784968684,0.0444258872651357,0.0465135699373695,0.1016283924843423,0.1497286012526096,0.2706471816283924,0.1019736842105263,0.2838345864661654,0.0281954887218045,0.0028195488721804,0.0075187969924812,0.0944548872180451,0.156484962406015,0.100563909774436,0.0559440559440559,0.2587412587412587,0.0069930069930069,0.0,0.0,0.0559440559440559,0.1048951048951049,0.0559440559440559,0.6892758936755271,0.6856095325389551,0.6736938588450962,0.6746104491292393,0.6746104491292393,0.7094408799266727,0.69019248395967,0.6773602199816682
,,,,,,,,,,,,,,,,,,,,,,,,,,,,,,,,43,0.3562421711899791,0.2398329853862213,0.058705636743215,0.0340709812108559,0.0617118997912317,0.1002922755741127,0.0597912317327766,0.1698538622129436,0.131578947368421,0.1593045112781954,0.0780075187969924,0.0,0.0310150375939849,0.1235902255639097,0.0272556390977443,0.0498120300751879,0.1118881118881118,0.1048951048951049,0.0629370629370629,0.0,0.0139860139860139,0.0489510489510489,0.0069930069930069,0.0419580419580419,0.6480293308890925,0.6269477543538039,0.6416131989000917,0.6782768102658112,0.7497708524289642,0.7561869844179652,0.7259395050412465,0.7057745187901008
,,,,,,,,,,,,,,,,,,,,,,,,,,,,,,,,43,0.3903966597077244,0.1779540709812108,0.0784133611691023,0.0299791231732776,0.0636325678496868,0.0782463465553235,0.0959498956158663,0.1924008350730688,0.1301691729323308,0.1832706766917293,0.1099624060150376,0.0,0.0413533834586466,0.1024436090225563,0.1287593984962406,0.12546992481203,0.0909090909090909,0.1608391608391608,0.0629370629370629,0.0,0.0139860139860139,0.0769230769230769,0.1328671328671328,0.0419580419580419,0.6755270394133822,0.6452795600366636,0.6535288725939504,0.7002749770852429,0.7616865261228232,0.7681026581118241,0.7268560953253896,0.7213565536205316
,,,,,,,,,,,,,,,,,,,,,,,,,,,,,,,,43,0.2691440501043841,0.2308141962421712,0.0550313152400834,0.0370772442588726,0.050187891440501,0.0855114822546972,0.1189979123173277,0.0783298538622129,0.0625,0.3411654135338345,0.0178571428571428,0.0028195488721804,0.0371240601503759,0.0836466165413533,0.0446428571428571,0.0686090225563909,0.0349650349650349,0.2727272727272727,0.0,0.0,0.0139860139860139,0.0769230769230769,0.0139860139860139,0.0349650349650349,0.7011915673693859,0.6920256645279559,0.6865261228230981,0.7433547204399633,0.764436296975252,0.7781851512373968,0.7781851512373968,0.7396883593033914
,,,,,,,,,,,,,,,,,,,,,,,,,,,,,,,,43,0.3310229645093946,0.1641753653444676,0.0995407098121085,0.0371607515657619,0.0734864300626304,0.0666388308977035,0.241419624217119,0.1541544885177453,0.2720864661654135,0.1672932330827067,0.0056390977443609,0.0037593984962406,0.0328947368421052,0.0328947368421052,0.2406015037593984,0.0935150375939849,0.2167832167832167,0.1258741258741259,0.0,0.0,0.0139860139860139,0.0209790209790209,0.1188811188811188,0.0069930069930069,0.7076076993583869,0.6755270394133823,0.7351054078826764,0.7497708524289642,0.772685609532539,0.7846012832263978,0.7442713107241062,0.7286892758936755
,,,,,,,,,,,,,,,,,,,,,,,,,,,,,,,,43,0.3378705636743215,0.6081002087682672,0.0763256784968684,0.0374947807933194,0.0373277661795407,0.0895198329853862,0.1304384133611691,0.1356993736951983,0.2359022556390977,0.1588345864661654,0.056390977443609,0.0,0.0455827067669172,0.0836466165413533,0.031484962406015,0.2391917293233082,0.1328671328671328,0.1188811188811188,0.0349650349650349,0.0,0.0069930069930069,0.0699300699300699,0.0209790209790209,0.1118881118881118,0.7112740604949588,0.7231897341888175,0.7891842346471128,0.8221814848762603,0.8405132905591199,0.8780934922089827,0.8386801099908341,0.767186067827681
,,,,,,,,,,,,,,,,,,,,,,,,,,,,,,,,43,0.4057620041753653,0.222964509394572,0.1507306889352818,0.0382463465553235,0.0434237995824634,0.14321503131524,0.1768684759916492,0.3811273486430063,0.1823308270676691,0.0272556390977443,0.1517857142857142,0.0,0.0,0.1804511278195488,0.743890977443609,0.0601503759398496,0.1398601398601398,0.0069930069930069,0.1188811188811188,0.0,0.0,0.1188811188811188,0.0349650349650349,0.0209790209790209,0.7543538038496791,0.6865261228230981,0.7891842346471128,0.8469294225481209,0.9193400549954172,0.9367552703941338,0.8771769019248395,0.7919340054995416
,,,,,,,,,,,,,,,,,,,,,,,,,,,,,,,,43,0.4783298538622129,0.1759498956158663,0.0951983298538622,0.0336534446764091,0.0347390396659707,0.1183298538622129,0.1470563674321503,0.7544050104384135,0.169172932330827,0.1926691729323308,0.0338345864661654,0.0,0.0,0.1132518796992481,0.3369360902255639,0.5098684210526315,0.1258741258741259,0.1538461538461538,0.0069930069930069,0.0,0.0,0.0699300699300699,0.0139860139860139,0.0069930069930069,0.7736021998166819,0.7378551787351054,0.8093492208982583,0.8606782768102658,0.9055912007332724,0.9560036663611364,0.9358386801099908,0.7836846929422548
,,,,,,,,,,,,,,,,,,,,,,,,,,,,,,,,43,0.332776617954071,0.7172442588726514,0.0510229645093945,0.0351565762004175,0.0967849686847599,0.0899373695198329,0.0941962421711899,0.2451774530271399,0.3613721804511278,0.1010338345864661,0.1212406015037594,0.0032894736842105,0.0596804511278195,0.1329887218045112,0.0145676691729323,0.2015977443609022,0.2167832167832167,0.0489510489510489,0.0979020979020979,0.0,0.0139860139860139,0.0349650349650349,0.0489510489510489,0.0209790209790209,0.7351054078826764,0.687442713107241,0.7296058661778184,0.8166819431714024,0.8322639780018332,0.9065077910174152,0.8881759853345553,0.7451879010082494
,,,,,,,,,,,,,,,,,,,,,,,,,,,,,,,,43,0.2440918580375783,0.337536534446764,0.0905219206680584,0.0491858037578288,0.0832567849686847,0.096116910229645,0.0780793319415448,0.1314405010438413,0.5822368421052632,0.2622180451127819,0.019266917293233,0.0051691729323308,0.0455827067669172,0.0512218045112781,0.1278195488721804,0.0836466165413533,0.3636363636363636,0.1818181818181818,0.0,0.0,0.0139860139860139,0.0279720279720279,0.0349650349650349,0.0419580419580419,0.7057745187901008,0.6975252062328139,0.7378551787351053,0.7928505957836846,0.8267644362969752,0.8249312557286893,0.8075160403299725,0.7103574702108156
,,,,,,,,,,,,,,,,,,,,,,,,,,,,,,,,43,0.1022964509394572,0.3008768267223382,0.0577035490605427,0.0344885177453027,0.0908559498956158,0.0794154488517745,0.0633820459290187,0.1231732776617954,0.1390977443609022,0.2518796992481203,0.0122180451127819,0.0028195488721804,0.0634398496240601,0.0352443609022556,0.0230263157894736,0.0516917293233082,0.1188811188811188,0.2027972027972027,0.0069930069930069,0.0,0.0349650349650349,0.0069930069930069,0.0139860139860139,0.0349650349650349,0.6461961503208066,0.613198900091659,0.6828597616865262,0.7314390467461045,0.7681026581118239,0.7956003666361136,0.775435380384968,0.6947754353803849
,,,,,,,,,,,,,,,,,,,,,,,,,,,,,,,,43,0.1109812108559498,0.3958246346555324,0.0882672233820459,0.0354070981210855,0.0990396659707724,0.2124425887265136,0.1184133611691023,0.3848851774530271,0.0808270676691729,0.3218984962406015,0.1217105263157894,0.0056390977443609,0.0582706766917293,0.1132518796992481,0.1165413533834586,0.2387218045112782,0.0279720279720279,0.2097902097902098,0.1048951048951049,0.0,0.0209790209790209,0.0769230769230769,0.0559440559440559,0.1538461538461538,0.6562786434463794,0.6296975252062328,0.6993583868011,0.76993583868011,0.8084326306141154,0.8102658111824015,0.7809349220898258,0.7268560953253896
,,,,,,,,,,,,,,,,,,,,,,,,,,,,,,,,43,0.1014613778705636,0.2149478079331941,0.0608768267223382,0.0383298538622129,0.0613778705636743,0.1207515657620041,0.1246764091858037,0.1394572025052192,0.1104323308270676,0.2265037593984962,0.1080827067669173,0.0089285714285714,0.0770676691729323,0.0535714285714285,0.0850563909774436,0.1334586466165413,0.0979020979020979,0.1748251748251748,0.0909090909090909,0.0,0.0279720279720279,0.0349650349650349,0.0419580419580419,0.0909090909090909,0.6764436296975253,0.6535288725939504,0.7186067827681026,0.767186067827681,0.8212648945921174,0.8405132905591199,0.7882676443629697,0.7470210815765352
,,,,,,,,,,,,,,,,,,,,,,,,,,,,,,,,43,0.0682254697286012,0.1406263048016701,0.1396242171189979,0.0516910229645094,0.0570354906054279,0.1520668058455114,0.1519832985386221,0.1269311064718163,0.0159774436090225,0.3538533834586466,0.1875,0.0,0.0897556390977443,0.1677631578947368,0.0549812030075188,0.1137218045112782,0.0069930069930069,0.0909090909090909,0.1678321678321678,0.0,0.0629370629370629,0.1118881118881118,0.0209790209790209,0.0699300699300699,0.6837763519706691,0.6828597616865262,0.7241063244729604,0.7681026581118239,0.8065994500458296,0.8075160403299725,0.766269477543538,0.7094408799266727
,,,,,,,,,,,,,,,,,,,,,,,,,,,,,,,,43,0.135615866388309,0.3572442588726513,0.0602087682672233,0.0460125260960334,0.1106471816283924,0.1739457202505219,0.0777453027139874,0.2079331941544885,0.9920112781954888,0.2777255639097744,0.0122180451127819,0.0,0.1076127819548872,0.0794172932330827,0.7109962406015038,0.5958646616541353,0.1958041958041958,0.1958041958041958,0.0069930069930069,0.0,0.0419580419580419,0.0419580419580419,0.0489510489510489,0.0699300699300699,0.6819431714023831,0.6691109074243814,0.7195233730522456,0.7534372135655362,0.8139321723189734,0.8084326306141154,0.7919340054995416,0.7360219981668193
,,,,,,,,,,,,,,,,,,,,,,,,,,,,,,,,43,0.302964509394572,0.2460125260960333,0.0517745302713987,0.0413361169102296,0.1264300626304801,0.064634655532359,0.066054279749478,0.123089770354906,0.3045112781954887,0.3388157894736842,0.0155075187969924,0.0117481203007518,0.1578947368421052,0.0498120300751879,0.0155075187969924,0.1983082706766917,0.2937062937062937,0.2587412587412587,0.0,0.0,0.0769230769230769,0.0139860139860139,0.0069930069930069,0.0209790209790209,0.6993583868010999,0.6746104491292393,0.7543538038496791,0.8038496791934006,0.8762603116406964,0.8845096241979834,0.8533455545371218,0.7653528872593949
,,,,,,,,,,,,,,,,,,,,,,,,,,,,,,,,43,0.1603340292275574,0.1880584551148225,0.0557828810020876,0.0524425887265135,0.124509394572025,0.0782463465553235,0.3009603340292275,0.1233402922755741,0.3233082706766917,0.3679511278195488,0.0131578947368421,0.0,0.1240601503759398,0.1386278195488721,0.12546992481203,0.0653195488721804,0.0839160839160839,0.1888111888111888,0.0,0.0,0.0629370629370629,0.0209790209790209,0.0349650349650349,0.0139860139860139,0.6700274977085243,0.6471127406049496,0.6920256645279559,0.7552703941338222,0.8295142071494042,0.8670944087992667,0.7736021998166819,0.6681943171402384
,,,,,,,,,,,,,,,,,,,,,,,,,,,,,,,,43,0.4994572025052192,0.208517745302714,0.0533611691022964,0.0344885177453027,0.0638830897703549,0.1457202505219206,0.1071398747390396,0.0759081419624217,0.3458646616541353,0.2359022556390977,0.0117481203007518,0.0,0.0855263157894736,0.1809210526315789,0.0531015037593985,0.0493421052631578,0.1818181818181818,0.1748251748251748,0.0,0.0,0.0489510489510489,0.1258741258741259,0.0489510489510489,0.0139860139860139,0.6306141154903758,0.620531622364803,0.6599450045829515,0.7360219981668193,0.7681026581118241,0.7763519706691109,0.7424381301558204,0.6443629697525206
,,,,,,,,,,,,,,,,,,,,,,,,,,,,,,,,43,0.0775782881002087,0.1362839248434238,0.0381628392484342,0.0313152400835073,0.0820876826722338,0.0708977035490605,0.0484342379958246,0.1721085594989561,0.2142857142857142,0.1832706766917293,0.0046992481203007,0.0056390977443609,0.1151315789473684,0.0972744360902255,0.0169172932330827,0.5944548872180451,0.1748251748251748,0.1398601398601398,0.0,0.0,0.0699300699300699,0.0629370629370629,0.0069930069930069,0.1398601398601398,0.608615948670944,0.5710357470210815,0.6471127406049496,0.7268560953253894,0.7626031164069661,0.7992667277726855,0.7589367552703942,0.6663611365719524
,,,,,,,,,,,,,,,,,,,,,,,,,,,,,,,,43,0.2415031315240083,0.1949060542797495,0.0596242171189979,0.0324008350730688,0.0789979123173277,0.1518997912317327,0.1190814196242171,0.4111899791231733,0.2401315789473684,0.0578007518796992,0.0150375939849624,0.0,0.100563909774436,0.1785714285714285,0.0718984962406015,0.2232142857142857,0.1678321678321678,0.0139860139860139,0.0069930069930069,0.0,0.0419580419580419,0.1188811188811188,0.0139860139860139,0.2377622377622377,0.6214482126489459,0.5811182401466545,0.6516956920256646,0.7231897341888175,0.7589367552703942,0.8010999083409716,0.763519706691109,0.7039413382218149
,,,,,,,,,,,,,,,,,,,,,,,,,,,,,,,,43,0.2678914405010438,0.1713569937369519,0.085929018789144,0.0435908141962421,0.0619624217118997,0.1781210855949895,0.1005427974947807,0.1648434237995824,0.2847744360902255,0.3012218045112781,0.0639097744360902,0.0,0.0902255639097744,0.1287593984962406,0.0676691729323308,0.1522556390977443,0.2447552447552447,0.2167832167832167,0.0349650349650349,0.0,0.0489510489510489,0.0769230769230769,0.0559440559440559,0.0839160839160839,0.6581118240146654,0.612282309807516,0.7112740604949588,0.7791017415215399,0.8102658111824015,0.8414298808432631,0.7901008249312558,0.7470210815765352
,,,,,,,,,,,,,,,,,,,,,,,,,,,,,,,,43,0.1810438413361169,0.2173695198329854,0.0432567849686847,0.0365762004175365,0.0798329853862213,0.1312734864300626,0.0985386221294363,0.1986638830897703,0.1705827067669172,0.1583646616541353,0.0079887218045112,0.0145676691729323,0.0784774436090225,0.0526315789473684,0.1320488721804511,0.1475563909774436,0.1258741258741259,0.1048951048951049,0.0,0.0139860139860139,0.0209790209790209,0.0209790209790209,0.0909090909090909,0.0769230769230769,0.7149404216315307,0.6856095325389551,0.7277726856095326,0.7809349220898258,0.8295142071494042,0.8762603116406966,0.8084326306141154,0.7296058661778184
,,,,,,,,,,,,,,,,,,,,,,,,,,,,,,,,43,0.2954488517745303,0.4753235908141963,0.0352400835073068,0.0313152400835073,0.0915240083507307,0.0690605427974947,0.2462630480167014,0.3203340292275574,0.4187030075187969,0.268796992481203,0.0244360902255639,0.0070488721804511,0.0620300751879699,0.0676691729323308,0.0300751879699248,0.1287593984962406,0.1888111888111888,0.1888111888111888,0.0,0.0,0.0279720279720279,0.0069930069930069,0.0139860139860139,0.0979020979020979,0.6691109074243813,0.7094408799266727,0.7516040329972501,0.8056828597616864,0.8817598533455544,0.8414298808432631,0.8075160403299725,0.76993583868011
,,,,,,,,,,,,,,,,,,,,,,,,,,,,,,,,43,0.1184968684759916,0.2192066805845511,0.0351565762004175,0.0283924843423799,0.0967849686847599,0.082839248434238,0.0547807933194154,0.2946972860125261,0.1259398496240601,0.3214285714285714,0.0202067669172932,0.0,0.0639097744360902,0.0531015037593985,0.031484962406015,0.0319548872180451,0.1048951048951049,0.2307692307692307,0.0069930069930069,0.0,0.0139860139860139,0.0139860139860139,0.0069930069930069,0.0069930069930069,0.7461044912923923,0.7589367552703942,0.8221814848762603,0.8331805682859761,0.8780934922089827,0.8790100824931256,0.8111824014665444,0.7231897341888175
,,,,,,,,,,,,,,,,,,,,,,,,,,,,,,,,43,0.1557411273486429,0.2180375782881002,0.0593736951983298,0.0382463465553235,0.0959498956158663,0.075741127348643,0.2805010438413361,0.1209185803757828,0.2232142857142857,0.2561090225563909,0.0150375939849624,0.0,0.0794172932330827,0.1466165413533834,0.0183270676691729,0.0488721804511278,0.1608391608391608,0.1888111888111888,0.0,0.0,0.0349650349650349,0.0279720279720279,0.0069930069930069,0.0349650349650349,0.6920256645279559,0.6599450045829515,0.7277726856095326,0.8001833180568286,0.8166819431714024,0.8322639780018332,0.8331805682859761,0.7525206232813932
,,,,,,,,,,,,,,,,,,,,,,,,,,,,,,,,43,0.184634655532359,0.150313152400835,0.0572025052192066,0.0355741127348643,0.0951983298538622,0.1180793319415449,0.357160751565762,0.204509394572025,0.5695488721804511,0.3143796992481203,0.0164473684210526,0.0,0.0399436090225563,0.2476503759398496,0.2838345864661654,1.0,0.0979020979020979,0.1748251748251748,0.0,0.0,0.0139860139860139,0.1188811188811188,0.0069930069930069,0.0279720279720279,0.7030247479376718,0.6571952337305224,0.6993583868010999,0.7745187901008248,0.7910174152153987,0.8331805682859761,0.8075160403299725,0.7396883593033914
,,,,,,,,,,,,,,,,,,,,,,,,,,,,,,,,43,0.32,0.1412943632567849,0.0556158663883089,0.0316492693110647,0.0346555323590814,0.0978705636743214,0.0637160751565762,0.4150313152400835,0.118890977443609,0.2636278195488721,0.0155075187969924,0.0,0.0272556390977443,0.0643796992481203,0.019266917293233,0.4854323308270676,0.0979020979020979,0.1888111888111888,0.0,0.0,0.0,0.0419580419580419,0.0,0.0209790209790209,0.6764436296975253,0.6397800183318056,0.6562786434463794,0.7506874427131072,0.8496791934005499,0.845096241979835,0.8084326306141154,0.6984417965169569
,,,,,,,,,,,,,,,,,,,,,,,,,,,,,,,,43,0.4681419624217119,0.1503966597077244,0.054446764091858,0.0501043841336116,0.0461795407098121,0.1448016701461378,0.2264718162839248,0.2606263048016702,0.787124060150376,0.237781954887218,0.0103383458646616,0.0,0.0234962406015037,0.1846804511278195,0.3829887218045112,0.2203947368421052,0.1748251748251748,0.1888111888111888,0.0,0.0,0.0,0.1048951048951049,0.2447552447552447,0.0979020979020979,0.6388634280476627,0.6095325389550871,0.6663611365719524,0.7736021998166819,0.7901008249312558,0.8084326306141154,0.7974335472043996,0.7076076993583869
,,,,,,,,,,,,,,,,,,,,,,,,,,,,,,,,43,0.4223799582463465,0.1343632567849687,0.0441753653444676,0.0457620041753653,0.0697286012526096,0.0870981210855949,0.045929018789144,0.1268475991649269,0.144266917293233,0.1635338345864661,0.0,0.0,0.0578007518796992,0.0657894736842105,0.0300751879699248,0.5615601503759399,0.1188811188811188,0.0839160839160839,0.0,0.0,0.0209790209790209,0.0279720279720279,0.0,0.0559440559440559,0.6663611365719524,0.6333638863428048,0.6672777268560953,0.7864344637946838,0.8469294225481209,0.8304307974335473,0.7983501374885426,0.7396883593033914
,,,,,,,,,,,,,,,,,,,,,,,,,,,,,,,,43,0.3569102296450939,0.188643006263048,0.0517745302713987,0.0358246346555323,0.0931941544885177,0.0733194154488517,0.0600417536534446,0.1069728601252609,0.2269736842105263,0.1823308270676691,0.0841165413533834,0.0,0.0639097744360902,0.0352443609022556,0.0079887218045112,0.0498120300751879,0.1328671328671328,0.1328671328671328,0.0349650349650349,0.0,0.0279720279720279,0.0139860139860139,0.0,0.0139860139860139,0.6828597616865262,0.6535288725939504,0.7369385884509624,0.8175985334555453,0.8670944087992667,0.8744271310724105,0.8359303391384051,0.76076993583868
,,,,,,,,,,,,,,,,,,,,,,,,,,,,,,,,43,0.1337787056367432,0.1634237995824634,0.0648851774530271,0.0522755741127348,0.0949478079331941,0.0633820459290187,0.0346555323590814,0.1002922755741127,0.137687969924812,0.2218045112781954,0.0046992481203007,0.0028195488721804,0.0479323308270676,0.0234962406015037,0.0197368421052631,0.0606203007518797,0.0909090909090909,0.1538461538461538,0.0,0.0,0.0209790209790209,0.0139860139860139,0.0,0.0069930069930069,0.684692942254812,0.6379468377635198,0.7277726856095326,0.8185151237396884,0.8579285059578369,0.8588450962419798,0.8377635197066912,0.7360219981668193
,,,,,,,,,,,,,,,,,,,,,,,,,,,,,,,,43,0.2740709812108559,0.3099791231732776,0.0576200417536534,0.035991649269311,0.084509394572025,0.0405010438413361,0.0368267223382045,0.3444676409185804,0.1273496240601503,0.2828947368421052,0.0178571428571428,0.0046992481203007,0.0357142857142857,0.0291353383458646,0.0028195488721804,0.0794172932330827,0.0559440559440559,0.2097902097902098,0.0,0.0,0.0139860139860139,0.0069930069930069,0.0069930069930069,0.0139860139860139,0.6663611365719524,0.613198900091659,0.6920256645279559,0.8029330889092576,0.8615948670944087,0.8670944087992667,0.8166819431714024,0.766269477543538
,,,,,,,,,,,,,,,,,,,,,,,,,,,,,,,,43,0.1194154488517745,0.1664300626304801,0.0915240083507307,0.0396659707724425,0.1058872651356993,0.1351148225469728,0.1008768267223381,0.3655114822546972,0.1367481203007518,0.2048872180451127,0.0916353383458646,0.0,0.0657894736842105,0.2025375939849624,0.0093984962406015,0.2406015037593984,0.1118881118881118,0.1398601398601398,0.0629370629370629,0.0,0.0349650349650349,0.0559440559440559,0.0,0.0839160839160839,0.687442713107241,0.6516956920256646,0.7488542621448213,0.7928505957836846,0.8194317140238313,0.8441796516956921,0.8047662694775435,0.7653528872593949
,,,,,,,,,,,,,,,,,,,,,,,,,,,,,,,,43,0.088768267223382,0.170187891440501,0.0898538622129436,0.0313987473903966,0.0320668058455114,0.0832567849686847,0.0335699373695198,0.0577870563674321,0.1973684210526315,0.0723684210526315,0.0841165413533834,0.0,0.0173872180451127,0.1019736842105263,0.0131578947368421,0.018796992481203,0.1048951048951049,0.0489510489510489,0.0559440559440559,0.0,0.0,0.0489510489510489,0.0,0.0,0.7167736021998168,0.6837763519706691,0.7066911090742439,0.7598533455545371,0.7992667277726855,0.8102658111824015,0.7992667277726855,0.7277726856095326
,,,,,,,,,,,,,,,,,,,,,,,,,,,,,,,,43,0.0436743215031315,0.302713987473904,0.1312734864300626,0.0315657620041753,0.0297286012526095,0.0493528183716075,0.125929018789144,0.3012108559498956,0.1118421052631579,0.3397556390977443,0.0131578947368421,0.0,0.0,0.0540413533834586,0.1508458646616541,0.2213345864661654,0.0139860139860139,0.1888111888111888,0.0,0.0,0.0,0.0209790209790209,0.0629370629370629,0.0769230769230769,0.6828597616865261,0.6388634280476627,0.7222731439046746,0.7681026581118239,0.8001833180568286,0.8047662694775435,0.8001833180568286,0.7204399633363887
,,,,,,,,,,,,,,,,,,,,,,,,,,,,,,,,43,0.6975365344467641,0.2244676409185803,0.074572025052192,0.0321503131524008,0.0602087682672233,0.1650939457202505,0.1638413361169102,0.1523173277661795,0.2058270676691729,0.2673872180451128,0.0136278195488721,0.0,0.0159774436090225,0.2175751879699248,0.281484962406015,0.1748120300751879,0.1258741258741259,0.1888111888111888,0.0,0.0,0.0,0.0699300699300699,0.0559440559440559,0.0839160839160839,0.6865261228230981,0.6535288725939504,0.7076076993583869,0.7552703941338222,0.8056828597616864,0.8432630614115489,0.8157653528872593,0.7231897341888175
,,,,,,,,,,,,,,,,,,,,,,,,,,,,,,,,43,0.1866388308977035,0.2112734864300626,0.0465135699373695,0.0437578288100208,0.084509394572025,0.0746555323590814,0.0575365344467641,0.080250521920668,0.1466165413533834,0.2156954887218045,0.0159774436090225,0.0028195488721804,0.0488721804511278,0.1320488721804511,0.0385338345864661,0.050281954887218,0.1258741258741259,0.1538461538461538,0.0,0.0,0.0209790209790209,0.0209790209790209,0.0209790209790209,0.0279720279720279,0.7076076993583869,0.6535288725939504,0.7286892758936755,0.8084326306141154,0.8212648945921174,0.851512373968836,0.8029330889092576,0.7195233730522456
,,,,,,,,,,,,,,,,,,,,,,,,,,,,,,,,43,0.1769519832985386,0.2924425887265136,0.0550313152400835,0.0326513569937369,0.1014613778705636,0.0256367432150313,0.0302296450939457,0.0658872651356993,0.412593984962406,0.3618421052631579,0.0155075187969924,0.0,0.087875939849624,0.0051691729323308,0.0,0.0145676691729323,0.1888111888111888,0.1608391608391608,0.0,0.0,0.0349650349650349,0.0,0.0,0.0069930069930069,0.6993583868010999,0.6599450045829515,0.7250229147571036,0.8001833180568286,0.8102658111824015,0.8670944087992667,0.7946837763519706,0.772685609532539
,,,,,,,,,,,,,,,,,,,,,,,,,,,,,,,,43,0.067473903966597,0.284258872651357,0.0550313152400835,0.0216283924843423,0.0638830897703549,0.0251356993736951,0.0209603340292275,0.0301461377870563,0.0324248120300751,0.1466165413533834,0.0075187969924812,0.0,0.0202067669172932,0.0,0.0,0.0173872180451127,0.0139860139860139,0.0629370629370629,0.0069930069930069,0.0,0.0069930069930069,0.0,0.0,0.0069930069930069,0.7497708524289642,0.6837763519706691,0.684692942254812,0.7708524289642529,0.8212648945921174,0.8020164986251145,0.7396883593033914,0.7094408799266727
,,,,,,,,,,,,,,,,,,,,,,,,,,,,,,,,42,0.067473903966597,0.284258872651357,0.0550313152400835,0.0216283924843423,0.0638830897703549,0.0251356993736951,0.0209603340292275,0.0301461377870563,0.0324248120300751,0.1466165413533834,0.0075187969924812,0.0,0.0202067669172932,0.0,0.0,0.0173872180451127,0.0139860139860139,0.0629370629370629,0.0069930069930069,0.0,0.0069930069930069,0.0,0.0,0.0069930069930069,0.7497708524289642,0.6837763519706691,0.684692942254812,0.7708524289642529,0.8212648945921174,0.8020164986251145,0.7396883593033914,0.7094408799266727
,,,,,,,,,,,,,,,,,,,,,,,,,,,,,,,,42,0.3549895615866388,0.0981210855949895,0.0234655532359081,0.0232985386221294,0.0503549060542797,0.0222129436325678,0.0185386221294363,0.071732776617954,0.156484962406015,0.0521616541353383,0.0,0.0,0.0197368421052631,0.0,0.0,0.1090225563909774,0.0699300699300699,0.0419580419580419,0.0,0.0,0.0069930069930069,0.0,0.0,0.0699300699300699,0.6709440879926672,0.6636113657195234,0.6691109074243814,0.6617781851512374,0.6828597616865262,0.7195233730522456,0.7066911090742439,0.6773602199816682
,,,,,,,,,,,,,,,,,,,,,,,,,,,,,,,,42,0.0225469728601252,0.0275574112734864,0.0181210855949895,0.0163674321503131,0.016116910229645,0.0149478079331941,0.0271398747390396,0.0238830897703549,0.0,0.0,0.0,0.0,0.0,0.0,0.0,0.0,0.0,0.0,0.0,0.0,0.0,0.0,0.0,0.0,0.6700274977085243,0.6755270394133822,0.6956920256645278,0.7369385884509624,0.7791017415215399,0.8001833180568286,0.7791017415215399,0.7204399633363887
,,,,,,,,,,,,,,,,,,,,,,,,,,,,,,,,42,0.0177870563674321,0.0259707724425887,0.0184551148225469,0.015866388308977,0.0184551148225469,0.0136951983298538,0.024634655532359,0.0171189979123173,0.0,0.0,0.0,0.0,0.0,0.0,0.0,0.0,0.0,0.0,0.0,0.0,0.0,0.0,0.0,0.0,0.6727772685609533,0.687442713107241,0.7369385884509624,0.7983501374885426,0.842346471127406,0.8533455545371218,0.8056828597616864,0.7534372135655362
,,,,,,,,,,,,,,,,,,,,,,,,,,,,,,,,42,0.0196242171189979,0.1166597077244258,0.0475156576200417,0.0197912317327766,0.0296450939457202,0.0616283924843423,0.2811691022964509,0.0218789144050104,0.0,0.019266917293233,0.0093984962406015,0.0,0.0,0.081766917293233,0.1428571428571428,0.0,0.0,0.0139860139860139,0.0,0.0,0.0,0.0279720279720279,0.0489510489510489,0.0,0.6975252062328139,0.6681943171402384,0.7396883593033914,0.8221814848762603,0.8597616865261228,0.8625114573785518,0.8643446379468378,0.7506874427131072
,,,,,,,,,,,,,,,,,,,,,,,,,,,,,,,,42,0.334446764091858,0.2995407098121085,0.0451774530271398,0.0315657620041753,0.0531106471816283,0.0225469728601252,0.0182045929018789,0.0332359081419624,0.0836466165413533,0.0841165413533834,0.0,0.0,0.0197368421052631,0.0,0.0,0.0136278195488721,0.0209790209790209,0.0489510489510489,0.0,0.0,0.0139860139860139,0.0,0.0,0.0069930069930069,0.6920256645279559,0.6370302474793768,0.7039413382218149,0.8139321723189734,0.8771769019248395,0.8863428047662695,0.8322639780018332,0.758020164986251
,,,,,,,,,,,,,,,,,,,,,,,,,,,,,,,,42,0.1878079331941545,0.1064718162839248,0.0373277661795407,0.0350730688935281,0.0562839248434237,0.0247181628392484,0.033152400835073,0.06321503131524,0.1240601503759398,0.025375939849624,0.0070488721804511,0.0,0.0281954887218045,0.0,0.0,0.0089285714285714,0.0839160839160839,0.0069930069930069,0.0,0.0,0.0069930069930069,0.0,0.0,0.0069930069930069,0.696608615948671,0.6691109074243814,0.7323556370302474,0.8386801099908341,0.9074243813015582,0.9101741521539872,0.8826764436296975,0.7506874427131072
,,,,,,,,,,,,,,,,,,,,,,,,,,,,,,,,42,0.0794989561586638,0.4359081419624217,0.034321503131524,0.0454279749478079,0.0653027139874739,0.0233820459290187,0.0232985386221294,0.1554906054279749,0.0169172932330827,0.0916353383458646,0.0,0.0,0.0216165413533834,0.0,0.0,0.0695488721804511,0.0,0.0559440559440559,0.0,0.0,0.0139860139860139,0.0,0.0,0.0069930069930069,0.6837763519706691,0.6526122823098075,0.6828597616865262,0.8194317140238313,0.8680109990834096,0.8890925756186983,0.8560953253895508,0.7369385884509624
,,,,,,,,,,,,,,,,,,,,,,,,,,,,,,,,42,0.7743632567849686,0.5218371607515657,0.0713152400835073,0.0463465553235908,0.0704801670146137,0.1022129436325678,0.0379958246346555,0.431482254697286,0.4271616541353383,0.2979323308270676,0.0117481203007518,0.0,0.0338345864661654,0.0615601503759398,0.0,0.0484022556390977,0.1398601398601398,0.1398601398601398,0.0,0.0,0.0069930069930069,0.0139860139860139,0.0,0.0,0.6819431714023831,0.6425297891842346,0.7131072410632446,0.8230980751604033,0.8835930339138405,0.8918423464711275,0.8460128322639779,0.764436296975252
,,,,,,,,,,,,,,,,,,,,,,,,,,,,,,,,42,0.6277244258872651,0.4191231732776618,0.0825052192066805,0.0644676409185803,0.0512734864300626,0.1339457202505219,0.1863883089770354,0.1144050104384133,0.2885338345864661,0.2034774436090225,0.0244360902255639,0.0,0.031484962406015,0.1301691729323308,0.0742481203007518,0.1226503759398496,0.1818181818181818,0.1258741258741259,0.0,0.0,0.0,0.1118881118881118,0.0419580419580419,0.0769230769230769,0.7112740604949588,0.7406049495875343,0.7561869844179652,0.8111824014665444,0.8725939505041247,0.914757103574702,0.8414298808432631,0.7571035747021081
,,,,,,,,,,,,,,,,,,,,,,,,,,,,,,,,42,0.0687265135699373,0.191482254697286,0.0885177453027139,0.0503549060542797,0.0516910229645094,0.1323590814196242,0.1291858037578288,0.106054279749478,0.3045112781954887,0.2951127819548872,0.0437030075187969,0.0,0.0070488721804511,0.0874060150375939,0.0606203007518797,0.0465225563909774,0.0699300699300699,0.1678321678321678,0.0139860139860139,0.0,0.0,0.0349650349650349,0.0629370629370629,0.0279720279720279,0.7048579285059579,0.692942254812099,0.6984417965169569,0.6636113657195234,0.7827681026581119,0.7983501374885426,0.7763519706691109,0.7213565536205316
,,,,,,,,,,,,,,,,,,,,,,,,,,,,,,,,42,0.1437995824634655,0.264133611691023,0.1367849686847599,0.0652192066805845,0.101795407098121,0.090187891440501,0.0709812108559499,0.0813361169102296,0.106203007518797,0.3961466165413533,0.025375939849624,0.0,0.0559210526315789,0.0615601503759398,0.0122180451127819,0.056390977443609,0.0839160839160839,0.2517482517482518,0.0,0.0,0.0139860139860139,0.0349650349650349,0.0489510489510489,0.0209790209790209,0.6654445462878095,0.6810265811182402,0.6947754353803849,0.7956003666361136,0.8588450962419798,0.8496791934005499,0.7937671860678277,0.7332722273143903
,,,,,,,,,,,,,,,,,,,,,,,,,,,,,,,,42,0.3040501043841336,0.3648434237995824,0.0760751565762004,0.0562839248434237,0.0838413361169102,0.0657202505219206,0.0732359081419624,0.106054279749478,0.3674812030075188,0.2551691729323308,0.0140977443609022,0.0,0.0559210526315789,0.0516917293233082,0.0117481203007518,0.0357142857142857,0.1048951048951049,0.1748251748251748,0.0,0.0,0.0139860139860139,0.0349650349650349,0.0,0.0069930069930069,0.6865261228230981,0.6489459211732356,0.6947754353803849,0.8047662694775435,0.8267644362969752,0.851512373968836,0.8405132905591199,0.7479376718606784
,,,,,,,,,,,,,,,,,,,,,,,,,,,,,,,,42,0.1382045929018789,0.275741127348643,0.1172442588726513,0.0520250521920668,0.0867640918580375,0.1063048016701461,0.0649686847599165,0.1005427974947807,0.0324248120300751,0.2927631578947368,0.1047932330827067,0.0,0.0352443609022556,0.0587406015037594,0.0,0.0366541353383458,0.0139860139860139,0.1818181818181818,0.0699300699300699,0.0,0.0139860139860139,0.0209790209790209,0.0,0.0069930069930069,0.692942254812099,0.6718606782768103,0.7378551787351053,0.8496791934005499,0.8093492208982583,0.8313473877176902,0.7919340054995416,0.772685609532539
,,,,,,,,,,,,,,,,,,,,,,,,,,,,,,,,42,0.1205010438413361,0.4370772442588727,0.104384133611691,0.0679749478079332,0.0787473903966597,0.0937787056367432,0.0733194154488517,0.2074321503131524,0.262687969924812,0.281484962406015,0.0112781954887218,0.0,0.0234962406015037,0.044172932330827,0.1400375939849624,0.1339285714285714,0.1188811188811188,0.1888111888111888,0.0,0.0,0.0069930069930069,0.0139860139860139,0.0209790209790209,0.0489510489510489,0.7681026581118239,0.758020164986251,0.7369385884509624,0.8157653528872593,0.8038496791934006,0.7809349220898258,0.7470210815765352,0.7286892758936755
,,,,,,,,,,,,,,,,,,,,,,,,,,,,,,,,42,0.5802922755741128,0.308893528183716,0.1164926931106471,0.0531106471816283,0.1339457202505219,0.1893110647181628,0.1237578288100208,0.0789144050104384,0.1423872180451127,0.3590225563909774,0.0220864661654135,0.0075187969924812,0.0286654135338345,0.1569548872180451,0.0408834586466165,0.0164473684210526,0.1118881118881118,0.1958041958041958,0.0,0.0,0.0,0.0979020979020979,0.0,0.0,0.7011915673693859,0.684692942254812,0.7341888175985335,0.8038496791934006,0.8542621448212647,0.8744271310724105,0.8295142071494042,0.7946837763519706
,,,,,,,,,,,,,,,,,,,,,,,,,,,,,,,,42,0.0598747390396659,0.1513152400835073,0.0782463465553235,0.0394154488517745,0.0442588726513569,0.0576200417536534,0.0806680584551148,0.0538622129436325,0.0864661654135338,0.206766917293233,0.0108082706766917,0.0,0.0183270676691729,0.0437030075187969,0.0169172932330827,0.0545112781954887,0.0559440559440559,0.1328671328671328,0.0,0.0,0.0,0.0279720279720279,0.0069930069930069,0.0279720279720279,0.7717690192483958,0.7351054078826764,0.7415215398716773,0.8102658111824015,0.842346471127406,0.8872593950504124,0.8166819431714024,0.7259395050412465
,,,,,,,,,,,,,,,,,,,,,,,,,,,,,,,,42,0.0606263048016701,0.208517745302714,0.1079749478079331,0.0475156576200417,0.0450939457202505,0.0718997912317327,0.0540292275574112,0.1993319415448851,0.06296992481203,0.2622180451127819,0.0319548872180451,0.0,0.0,0.037593984962406,0.0578007518796992,0.1339285714285714,0.0769230769230769,0.1678321678321678,0.0,0.0,0.0,0.0,0.0419580419580419,0.0209790209790209,0.6709440879926672,0.6324472960586618,0.6837763519706691,0.7442713107241062,0.8001833180568286,0.8478460128322638,0.7873510540788268,0.6956920256645278
,,,,,,,,,,,,,,,,,,,,,,,,,,,,,,,,42,0.2977870563674321,0.1954906054279749,0.0796659707724425,0.0577870563674321,0.0721503131524008,0.129937369519833,0.342964509394572,0.1631732776617954,0.2589285714285714,0.2481203007518796,0.0178571428571428,0.0112781954887218,0.0338345864661654,0.0911654135338345,0.1395676691729323,0.1146616541353383,0.1958041958041958,0.1608391608391608,0.0,0.0,0.0,0.0279720279720279,0.0559440559440559,0.0629370629370629,0.6452795600366636,0.6626947754353805,0.6920256645279559,0.7561869844179652,0.8139321723189734,0.8560953253895508,0.7827681026581119,0.6810265811182401
,,,,,,,,,,,,,,,,,,,,,,,,,,,,,,,,42,0.1291858037578288,0.2240501043841336,0.0512734864300626,0.0492693110647181,0.0803340292275573,0.1666805845511482,0.2963674321503131,0.1681002087682672,0.1889097744360902,0.2072368421052631,0.0,0.006578947368421,0.0578007518796992,0.2011278195488721,0.0714285714285714,0.1043233082706766,0.1398601398601398,0.1258741258741259,0.0,0.0,0.0139860139860139,0.1258741258741259,0.0139860139860139,0.0769230769230769,0.611365719523373,0.6186984417965169,0.6645279560036664,0.764436296975252,0.8185151237396884,0.8267644362969752,0.7470210815765352,0.7103574702108156
,,,,,,,,,,,,,,,,,,,,,,,,,,,,,,,,42,0.1790396659707724,0.1254279749478079,0.0760751565762004,0.0369102296450939,0.0598747390396659,0.0784968684759916,0.0656367432150313,0.0857620041753653,0.2612781954887218,0.243890977443609,0.0061090225563909,0.0070488721804511,0.0239661654135338,0.0281954887218045,0.0028195488721804,0.0291353383458646,0.1398601398601398,0.1608391608391608,0.0069930069930069,0.0,0.0069930069930069,0.0139860139860139,0.0,0.0139860139860139,0.6498625114573785,0.608615948670944,0.6828597616865262,0.7891842346471128,0.8414298808432631,0.8478460128322638,0.7846012832263978,0.7204399633363887
,,,,,,,,,,,,,,,,,,,,,,,,,,,,,,,,42,0.1892275574112735,0.1443006263048016,0.0807515657620041,0.0565344467640918,0.0680584551148225,0.078830897703549,0.0624634655532358,0.0724843423799582,0.1832706766917293,0.118890977443609,0.0028195488721804,0.0,0.019266917293233,0.0418233082706766,0.0169172932330827,0.637687969924812,0.1258741258741259,0.0769230769230769,0.0,0.0,0.0069930069930069,0.0139860139860139,0.0069930069930069,0.0349650349650349,0.6691109074243814,0.6406966086159487,0.7277726856095326,0.8240146654445464,0.8735105407882676,0.9000916590284143,0.8038496791934006,0.7323556370302474
,,,,,,,,,,,,,,,,,,,,,,,,,,,,,,,,42,0.148893528183716,0.1485594989561586,0.0891858037578288,0.0508559498956158,0.0619624217118997,0.0606263048016701,0.0453444676409185,0.0805845511482254,0.0953947368421052,0.1907894736842105,0.0032894736842105,0.0070488721804511,0.019266917293233,0.0361842105263157,0.0079887218045112,0.0836466165413533,0.0839160839160839,0.1258741258741259,0.0,0.0069930069930069,0.0069930069930069,0.0069930069930069,0.0069930069930069,0.0139860139860139,0.6700274977085243,0.6709440879926672,0.7112740604949588,0.76993583868011,0.8230980751604033,0.8258478460128322,0.7717690192483958,0.7066911090742439
,,,,,,,,,,,,,,,,,,,,,,,,,,,,,,,,42,0.3754488517745302,0.2072651356993737,0.0597912317327766,0.0557828810020876,0.0663883089770354,0.1552400835073069,0.1170772442588726,0.0781628392484342,0.2034774436090225,0.2391917293233082,0.0,0.0,0.0319548872180451,0.0582706766917293,0.169172932330827,0.0150375939849624,0.0839160839160839,0.1678321678321678,0.0,0.0,0.0069930069930069,0.0209790209790209,0.1048951048951049,0.0,0.7039413382218149,0.6736938588450962,0.688359303391384,0.7717690192483958,0.8102658111824015,0.7781851512373968,0.7378551787351054,0.693858845096242
,,,,,,,,,,,,,,,,,,,,,,,,,,,,,,,,42,0.0805010438413361,0.2737369519832985,0.1154070981210856,0.0505219206680584,0.0591231732776617,0.2137787056367432,0.1316910229645094,0.4341544885177453,0.1118421052631579,0.2537593984962406,0.0112781954887218,0.0,0.0117481203007518,0.175281954887218,0.2396616541353383,0.2359022556390977,0.0769230769230769,0.1538461538461538,0.0,0.0,0.0,0.0629370629370629,0.1398601398601398,0.0629370629370629,0.6562786434463794,0.6315307057745189,0.6819431714023831,0.7534372135655362,0.8010999083409716,0.8432630614115489,0.7763519706691109,0.7213565536205316
,,,,,,,,,,,,,,,,,,,,,,,,,,,,,,,,42,0.191732776617954,0.1746972860125261,0.0789979123173277,0.0472651356993736,0.0870146137787056,0.0770772442588726,0.0519415448851774,0.0768267223382045,0.0662593984962406,0.1339285714285714,0.0982142857142857,0.0117481203007518,0.0549812030075188,0.0277255639097744,0.0150375939849624,0.1658834586466165,0.0769230769230769,0.0699300699300699,0.0699300699300699,0.0,0.0209790209790209,0.0209790209790209,0.0279720279720279,0.0909090909090909,0.6645279560036664,0.6636113657195234,0.7341888175985335,0.7965169569202567,0.839596700274977,0.8221814848762603,0.7516040329972503,0.7094408799266727
,,,,,,,,,,,,,,,,,,,,,,,,,,,,,,,,42,0.4426722338204593,0.2736534446764092,0.0668893528183715,0.0462630480167014,0.0738204592901878,0.0683924843423799,0.0664718162839248,0.0861795407098121,0.225563909774436,0.2072368421052631,0.0155075187969924,0.006578947368421,0.0296052631578947,0.0498120300751879,0.0051691729323308,0.038063909774436,0.1538461538461538,0.1328671328671328,0.0,0.0,0.0139860139860139,0.0139860139860139,0.0,0.0069930069930069,0.69019248395967,0.7021081576535289,0.7241063244729606,0.7937671860678277,0.8368469294225482,0.8020164986251145,0.7626031164069661,0.7002749770852429
,,,,,,,,,,,,,,,,,,,,,,,,,,,,,,,,42,0.101544885177453,0.2037578288100208,0.1050521920668058,0.0514405010438413,0.1082254697286012,0.1161586638830897,0.1035490605427974,0.2154488517745302,0.1494360902255639,0.1343984962406015,0.0714285714285714,0.0,0.0625,0.0385338345864661,0.0404135338345864,0.4219924812030075,0.1258741258741259,0.0769230769230769,0.0489510489510489,0.0,0.0139860139860139,0.0419580419580419,0.0139860139860139,0.1888111888111888,0.696608615948671,0.688359303391384,0.7057745187901008,0.7598533455545371,0.7937671860678277,0.8331805682859761,0.8001833180568286,0.7598533455545371
,,,,,,,,,,,,,,,,,,,,,,,,,,,,,,,,42,0.4000835073068894,0.2770772442588726,0.2013361169102296,0.1177453027139874,0.1306889352818371,0.2017536534446764,0.1164926931106471,0.1298538622129436,0.2485902255639097,0.2086466165413533,0.0686090225563909,0.0032894736842105,0.0220864661654135,0.0986842105263157,0.0140977443609022,0.038063909774436,0.1748251748251748,0.1398601398601398,0.0279720279720279,0.0,0.0069930069930069,0.0419580419580419,0.0069930069930069,0.0139860139860139,0.7332722273143903,0.7433547204399633,0.7406049495875344,0.7800183318056828,0.7800183318056828,0.7910174152153987,0.7965169569202567,0.7296058661778184
,,,,,,,,,,,,,,,,,,,,,,,,,,,,,,,,42,0.2231315240083507,0.4501043841336117,0.1510647181628392,0.1111482254697286,0.1096450939457202,0.2065135699373695,0.2206263048016701,0.1341127348643006,0.2015977443609022,0.306390977443609,0.0319548872180451,0.0,0.0371240601503759,0.1701127819548872,0.1118421052631579,0.0343045112781954,0.0979020979020979,0.1818181818181818,0.0069930069930069,0.0,0.0069930069930069,0.0839160839160839,0.0559440559440559,0.0069930069930069,0.6819431714023831,0.6828597616865262,0.692942254812099,0.7571035747021081,0.7901008249312558,0.8240146654445464,0.7470210815765352,0.6764436296975253
,,,,,,,,,,,,,,,,,,,,,,,,,,,,,,,,42,0.2145302713987474,0.1978288100208768,0.0497703549060542,0.0336534446764091,0.03741127348643,0.0780793319415448,0.0364091858037578,0.0358246346555323,0.0780075187969924,0.1447368421052631,0.0032894736842105,0.0,0.0169172932330827,0.0620300751879699,0.0267857142857142,0.0140977443609022,0.0489510489510489,0.0979020979020979,0.0,0.0,0.0,0.0349650349650349,0.0,0.0,0.6104491292392301,0.5994500458295142,0.6617781851512374,0.7406049495875344,0.7616865261228232,0.7818515123739689,0.7387717690192483,0.6984417965169569
,,,,,,,,,,,,,,,,,,,,,,,,,,,,,,,,42,0.0519415448851774,0.1756993736951983,0.0393319415448851,0.0435908141962421,0.0373277661795407,0.0891858037578288,0.0689770354906054,0.0587891440501043,0.1348684210526315,0.1823308270676691,0.0028195488721804,0.0,0.0103383458646616,0.1738721804511278,0.2363721804511278,0.0324248120300751,0.0839160839160839,0.1188811188811188,0.0,0.0,0.0,0.0979020979020979,0.1538461538461538,0.0139860139860139,0.684692942254812,0.6526122823098075,0.7002749770852429,0.8020164986251145,0.8460128322639779,0.8405132905591199,0.7946837763519706,0.7516040329972501
,,,,,,,,,,,,,,,,,,,,,,,,,,,,,,,,42,0.1457202505219206,0.3074739039665971,0.158830897703549,0.0939457202505219,0.1075574112734864,0.1245929018789144,0.0997912317327766,0.3765344467640919,0.1734022556390977,0.1484962406015037,0.0216165413533834,0.0,0.0,0.0831766917293233,0.0,0.1870300751879699,0.1818181818181818,0.0979020979020979,0.0,0.0,0.0,0.0419580419580419,0.0,0.0419580419580419,0.7167736021998166,0.696608615948671,0.7213565536205316,0.764436296975252,0.7992667277726855,0.8230980751604032,0.767186067827681,0.7332722273143903
,,,,,,,,,,,,,,,,,,,,,,,,,,,,,,,,42,0.5190814196242172,0.2623799582463466,0.1566597077244259,0.1054697286012526,0.1346137787056367,0.1572442588726513,0.1038830897703548,0.1363674321503131,0.194078947368421,0.1668233082706766,0.012687969924812,0.0056390977443609,0.0596804511278195,0.0474624060150375,0.0183270676691729,0.0347744360902255,0.1328671328671328,0.1188811188811188,0.0,0.0,0.0279720279720279,0.0209790209790209,0.0069930069930069,0.0069930069930069,0.688359303391384,0.6782768102658112,0.6920256645279559,0.7286892758936755,0.7571035747021081,0.8056828597616864,0.7470210815765352,0.6956920256645278
,,,,,,,,,,,,,,,,,,,,,,,,,,,,,,,,42,0.2076826722338204,0.2498538622129436,0.0582881002087682,0.048768267223382,0.0948643006263048,0.0336534446764091,0.0841753653444676,0.0736534446764091,0.2236842105263158,0.2203947368421052,0.0169172932330827,0.0,0.0737781954887218,0.0,0.0079887218045112,0.0263157894736842,0.1468531468531468,0.1538461538461538,0.0,0.0,0.0559440559440559,0.0,0.0069930069930069,0.0069930069930069,0.6416131989000917,0.6608615948670944,0.687442713107241,0.7442713107241062,0.7442713107241062,0.758020164986251,0.7461044912923923,0.6920256645279559
,,,,,,,,,,,,,,,,,,,,,,,,,,,,,,,,42,0.1012943632567849,0.1483089770354906,0.0653862212943632,0.0451774530271398,0.1107306889352818,0.0529436325678496,0.0460125260960334,0.1257620041753653,0.2105263157894736,0.1987781954887218,0.0216165413533834,0.0,0.0747180451127819,0.0347744360902255,0.0122180451127819,0.1729323308270676,0.1678321678321678,0.1328671328671328,0.0069930069930069,0.0,0.0279720279720279,0.0139860139860139,0.0,0.1188811188811188,0.6681943171402384,0.6397800183318056,0.692942254812099,0.7241063244729604,0.7277726856095326,0.7231897341888175,0.7131072410632446,0.6975252062328139
,,,,,,,,,,,,,,,,,,,,,,,,,,,,,,,,42,0.2091022964509394,0.2018371607515657,0.0708977035490605,0.0559498956158663,0.0969519832985386,0.0613778705636743,0.0481002087682672,0.112901878914405,0.0803571428571428,0.3430451127819549,0.0084586466165413,0.0061090225563909,0.0968045112781954,0.0300751879699248,0.0225563909774436,0.0347744360902255,0.0419580419580419,0.2377622377622377,0.0,0.0,0.0419580419580419,0.0069930069930069,0.0,0.0139860139860139,0.6700274977085243,0.6837763519706691,0.6920256645279559,0.7323556370302474,0.769019248395967,0.7827681026581119,0.7561869844179652,0.7424381301558204
,,,,,,,,,,,,,,,,,,,,,,,,,,,,,,,,42,0.0844258872651357,0.2140292275574112,0.0955323590814196,0.0455114822546972,0.0496033402922755,0.2256367432150313,0.2339874739039665,0.4663883089770355,0.0347744360902255,0.2941729323308271,0.0244360902255639,0.0,0.0202067669172932,0.1926691729323308,0.0296052631578947,0.2824248120300752,0.0069930069930069,0.2307692307692307,0.0,0.0,0.0069930069930069,0.1048951048951049,0.0139860139860139,0.1678321678321678,0.7286892758936755,0.7048579285059579,0.7158570119156736,0.7919340054995416,0.7901008249312558,0.8084326306141154,0.7369385884509624,0.7057745187901008
,,,,,,,,,,,,,,,,,,,,,,,,,,,,,,,,42,0.4222964509394572,0.2582881002087682,0.0597912317327766,0.0511064718162839,0.0465135699373695,0.1245929018789144,0.4937787056367432,0.0875991649269311,0.1734022556390977,0.1785714285714285,0.0206766917293233,0.0042293233082706,0.0150375939849624,0.1423872180451127,0.2373120300751879,0.0911654135338345,0.0769230769230769,0.1188811188811188,0.0069930069930069,0.0,0.0,0.0629370629370629,0.1468531468531468,0.0489510489510489,0.6782768102658111,0.6434463794683776,0.6736938588450962,0.7415215398716773,0.7818515123739688,0.7827681026581119,0.7442713107241062,0.7011915673693859
,,,,,,,,,,,,,,,,,,,,,,,,,,,,,,,,42,0.174446764091858,0.1533194154488517,0.0914405010438413,0.0495198329853862,0.0896868475991649,0.2567849686847599,0.3892275574112734,0.2541962421711899,0.1221804511278195,0.0892857142857142,0.0159774436090225,0.0042293233082706,0.0305451127819548,0.1414473684210526,0.0794172932330827,0.0484022556390977,0.0699300699300699,0.0629370629370629,0.0,0.0,0.0279720279720279,0.0209790209790209,0.0559440559440559,0.0279720279720279,0.6636113657195234,0.6278643446379469,0.616865261228231,0.7241063244729604,0.7901008249312558,0.8065994500458296,0.7341888175985335,0.7002749770852429
,,,,,,,,,,,,,,,,,,,,,,,,,,,,,,,,42,0.1610855949895615,0.1668475991649269,0.0810020876826722,0.0484342379958246,0.0865970772442588,0.0520250521920668,0.044509394572025,0.0669728601252609,0.1531954887218045,0.1287593984962406,0.0037593984962406,0.0,0.0427631578947368,0.025375939849624,0.0093984962406015,0.0202067669172932,0.1048951048951049,0.0839160839160839,0.0,0.0,0.0209790209790209,0.0069930069930069,0.0139860139860139,0.0069930069930069,0.6581118240146654,0.6553620531622365,0.7048579285059579,0.7616865261228232,0.8047662694775435,0.8084326306141154,0.7525206232813932,0.7167736021998166
,,,,,,,,,,,,,,,,,,,,,,,,,,,,,,,,42,0.1564091858037578,0.1361169102296451,0.0653027139874739,0.0465135699373695,0.098705636743215,0.0566179540709812,0.0536951983298538,0.0806680584551148,0.1968984962406015,0.1235902255639097,0.0046992481203007,0.0,0.0662593984962406,0.1339285714285714,0.0112781954887218,0.0234962406015037,0.1328671328671328,0.0909090909090909,0.0,0.0,0.0349650349650349,0.0769230769230769,0.0,0.0069930069930069,0.7048579285059579,0.6516956920256646,0.7186067827681026,0.8267644362969752,0.8716773602199818,0.8835930339138405,0.7763519706691109,0.7442713107241062
,,,,,,,,,,,,,,,,,,,,,,,,,,,,,,,,42,0.0883507306889352,0.1909812108559499,0.0523590814196242,0.0476826722338204,0.1255949895615866,0.137286012526096,0.1352818371607515,0.232901878914405,0.1109022556390977,0.1762218045112782,0.006578947368421,0.0,0.1057330827067669,0.1705827067669172,0.0343045112781954,0.0789473684210526,0.0559440559440559,0.1048951048951049,0.0,0.0,0.0559440559440559,0.0979020979020979,0.0,0.0139860139860139,0.7231897341888175,0.69019248395967,0.7241063244729604,0.8368469294225482,0.8331805682859761,0.8313473877176902,0.7827681026581119,0.7085242896425298
,,,,,,,,,,,,,,,,,,,,,,,,,,,,,,,,42,0.3949895615866388,0.1993319415448851,0.0718162839248434,0.0556993736951983,0.1172442588726513,0.0641336116910229,0.0496868475991649,0.0618789144050104,0.1828007518796992,0.2857142857142857,0.0,0.0032894736842105,0.0671992481203007,0.0385338345864661,0.0244360902255639,0.0178571428571428,0.1258741258741259,0.1678321678321678,0.0,0.0,0.0279720279720279,0.0069930069930069,0.0069930069930069,0.0069930069930069,0.6553620531622365,0.6480293308890925,0.6553620531622365,0.692942254812099,0.7626031164069661,0.7965169569202567,0.6892758936755271,0.6626947754353805
,,,,,,,,,,,,,,,,,,,,,,,,,,,,,,,,42,0.0824217118997912,0.226054279749478,0.0436743215031315,0.0366597077244258,0.0396659707724425,0.1262630480167014,0.0310647181628392,0.1139039665970772,0.100563909774436,0.1912593984962406,0.012687969924812,0.0,0.0291353383458646,0.0869360902255639,0.0173872180451127,0.1179511278195488,0.0839160839160839,0.1048951048951049,0.0,0.0,0.0,0.0489510489510489,0.0,0.0769230769230769,0.6681943171402384,0.6526122823098075,0.6636113657195234,0.6810265811182401,0.7076076993583869,0.688359303391384,0.6746104491292393,0.6727772685609533
,,,,,,,,,,,,,,,,,,,,,,,,,,,,,,,,42,0.3268475991649269,0.26839248434238,0.0645511482254697,0.0431732776617954,0.05160751565762,0.1321920668058455,0.4245511482254697,0.3109812108559499,0.2631578947368421,0.1705827067669172,0.0084586466165413,0.0,0.006578947368421,0.1118421052631579,0.2095864661654135,0.1071428571428571,0.1818181818181818,0.0979020979020979,0.0,0.0,0.0069930069930069,0.0559440559440559,0.0769230769230769,0.0279720279720279,0.6709440879926672,0.6709440879926672,0.6718606782768103,0.6837763519706691,0.691109074243813,0.693858845096242,0.6672777268560953,0.6782768102658112
,,,,,,,,,,,,,,,,,,,,,,,,,,,,,,,,42,0.3993319415448852,0.3625052192066806,0.0460125260960334,0.0394154488517745,0.1218371607515657,0.17160751565762,0.0983716075156576,0.0899373695198329,0.3317669172932331,0.106672932330827,0.0070488721804511,0.0,0.0780075187969924,0.06296992481203,0.0277255639097744,0.0620300751879699,0.2097902097902098,0.0419580419580419,0.0,0.0,0.0349650349650349,0.0489510489510489,0.0279720279720279,0.0209790209790209,0.6461961503208066,0.6544454628780935,0.6526122823098075,0.6984417965169569,0.7149404216315307,0.7112740604949588,0.6663611365719524,0.6397800183318056
,,,,,,,,,,,,,,,,,,,,,,,,,,,,,,,,42,0.2240501043841336,0.3043006263048017,0.0476826722338204,0.0344050104384133,0.1240083507306889,0.0525260960334029,0.0738204592901878,0.0590396659707724,0.1621240601503759,0.300281954887218,0.0178571428571428,0.0,0.0968045112781954,0.1484962406015037,0.0150375939849624,0.0122180451127819,0.1118881118881118,0.2167832167832167,0.0,0.0,0.0559440559440559,0.0979020979020979,0.0139860139860139,0.0,0.6260311640696609,0.6186984417965169,0.6186984417965169,0.69019248395967,0.7268560953253896,0.7167736021998168,0.6571952337305224,0.5912007332722273
,,,,,,,,,,,,,,,,,,,,,,,,,,,,,,,,42,0.3042171189979123,0.3508977035490605,0.0386638830897703,0.0531106471816283,0.1134864300626304,0.0663883089770354,0.0624634655532358,0.0897703549060542,0.1696428571428571,0.3712406015037593,0.0,0.0,0.0883458646616541,0.0498120300751879,0.0202067669172932,0.0953947368421052,0.0349650349650349,0.2377622377622377,0.0,0.0,0.0699300699300699,0.0069930069930069,0.0419580419580419,0.0139860139860139,0.5774518790100824,0.5829514207149404,0.6223648029330889,0.7011915673693859,0.7424381301558204,0.7461044912923923,0.687442713107241,0.6452795600366636
,,,,,,,,,,,,,,,,,,,,,,,,,,,,,,,,42,0.0752400835073068,0.2706471816283924,0.0498538622129436,0.032901878914405,0.1281002087682672,0.0658872651356993,0.0875991649269311,0.0793319415448851,0.0446428571428571,0.2697368421052631,0.018796992481203,0.0032894736842105,0.0906954887218045,0.0150375939849624,0.0469924812030075,0.0267857142857142,0.0209790209790209,0.2447552447552447,0.0,0.0,0.0559440559440559,0.0,0.0209790209790209,0.0069930069930069,0.6471127406049496,0.6104491292392301,0.6397800183318056,0.7296058661778184,0.7470210815765352,0.7250229147571036,0.7021081576535289,0.6681943171402384
,,,,,,,,,,,,,,,,,,,,,,,,,,,,,,,,42,0.1328601252609603,0.2377453027139874,0.0867640918580375,0.0380793319415448,0.12,0.3291858037578288,0.0815031315240083,0.0437578288100208,0.1047932330827067,0.1766917293233082,0.0822368421052631,0.006578947368421,0.0606203007518797,0.2509398496240601,0.0145676691729323,0.0328947368421052,0.0839160839160839,0.0839160839160839,0.0629370629370629,0.0,0.0349650349650349,0.1678321678321678,0.0,0.0139860139860139,0.6315307057745189,0.5783684692942255,0.612282309807516,0.7222731439046746,0.7268560953253894,0.7021081576535289,0.6663611365719524,0.6379468377635198
,,,,,,,,,,,,,,,,,,,,,,,,,,,,,,,,42,0.1292693110647181,0.3747807933194154,0.0466805845511482,0.0346555323590814,0.0421711899791231,0.1407098121085595,0.3178288100208768,0.0810020876826722,0.0286654135338345,0.2608082706766917,0.0140977443609022,0.0,0.0371240601503759,0.1339285714285714,0.0310150375939849,0.0286654135338345,0.0139860139860139,0.1888111888111888,0.0,0.0,0.0,0.0489510489510489,0.0069930069930069,0.0069930069930069,0.6306141154903758,0.620531622364803,0.608615948670944,0.6782768102658112,0.7387717690192483,0.7222731439046746,0.6626947754353805,0.6471127406049496
,,,,,,,,,,,,,,,,,,,,,,,,,,,,,,,,42,0.3280167014613779,0.2366597077244258,0.0522755741127348,0.0376617954070981,0.0355741127348643,0.1548225469728601,0.2253862212943632,0.3218371607515657,0.2039473684210526,0.181390977443609,0.0155075187969924,0.006578947368421,0.0,0.2058270676691729,0.3016917293233083,0.1621240601503759,0.1538461538461538,0.1258741258741259,0.0,0.0,0.0,0.1258741258741259,0.1678321678321678,0.0489510489510489,0.6168652612282309,0.6049495875343721,0.6031164069660861,0.611365719523373,0.6278643446379469,0.6397800183318056,0.6287809349220899,0.6251145737855179
,,,,,,,,,,,,,,,,,,,,,,,,,,,,,,,,42,0.3686847599164927,0.3691858037578288,0.0826722338204592,0.0400835073068893,0.0974530271398747,0.1756993736951983,0.120250521920668,0.0880167014613778,0.1165413533834586,0.2833646616541353,0.0291353383458646,0.0028195488721804,0.0681390977443609,0.0516917293233082,0.1893796992481203,0.0474624060150375,0.0979020979020979,0.2027972027972027,0.0,0.0,0.0349650349650349,0.0139860139860139,0.1468531468531468,0.0279720279720279,0.613198900091659,0.6049495875343721,0.5802016498625114,0.6159486709440879,0.6993583868011,0.6681943171402384,0.613198900091659,0.5545371219065078
,,,,,,,,,,,,,,,,,,,,,,,,,,,,,,,,42,0.1703549060542797,0.2695615866388309,0.0425052192066805,0.0409185803757828,0.1603340292275574,0.0472651356993736,0.0675574112734864,0.1523173277661795,0.0469924812030075,0.218984962406015,0.0140977443609022,0.0,0.0761278195488721,0.0202067669172932,0.0164473684210526,0.0286654135338345,0.0279720279720279,0.1468531468531468,0.0,0.0,0.0489510489510489,0.0069930069930069,0.0629370629370629,0.0209790209790209,0.536205316223648,0.5169569202566453,0.538955087076077,0.5847846012832264,0.6388634280476627,0.624197983501375,0.5893675527039414,0.5820348304307975
,,,,,,,,,,,,,,,,,,,,,,,,,,,,,,,,42,0.2161169102296451,0.2468475991649269,0.0520250521920668,0.0424217118997912,0.1985803757828809,0.0776617954070981,0.0592901878914405,0.2861795407098121,0.069078947368421,0.3355263157894737,0.0112781954887218,0.0056390977443609,0.0916353383458646,0.1423872180451127,0.0032894736842105,0.093984962406015,0.0629370629370629,0.2377622377622377,0.0,0.0,0.0419580419580419,0.0419580419580419,0.0,0.0699300699300699,0.5582034830430798,0.4995417048579285,0.5160403299725023,0.5985334555453712,0.6379468377635198,0.6544454628780935,0.6104491292392301,0.5655362053162236
,,,,,,,,,,,,,,,,,,,,,,,,,,,,,,,,42,0.1471398747390396,0.2942797494780793,0.1548225469728601,0.0210438413361169,0.1725260960334029,0.2231315240083507,0.1370354906054279,0.0486012526096033,0.0775375939849624,0.3562030075187969,0.018796992481203,0.0,0.0897556390977443,0.175281954887218,0.1860902255639097,0.0098684210526315,0.1118881118881118,0.2097902097902098,0.0,0.0,0.0349650349650349,0.1048951048951049,0.1188811188811188,0.0069930069930069,0.5215398716773603,0.4647112740604949,0.5270394133822182,0.623281393217232,0.6471127406049496,0.6434463794683776,0.5756186984417965,0.5765352887259395
,,,,,,,,,,,,,,,,,,,,,,,,,,,,,,,,42,0.1055532359081419,0.1772025052192066,0.0436743215031315,0.0351565762004175,0.2055949895615866,0.0718997912317327,0.0543632567849686,0.1576617954070981,0.081296992481203,0.2274436090225564,0.0150375939849624,0.0,0.0855263157894736,0.0178571428571428,0.0173872180451127,0.0545112781954887,0.0839160839160839,0.1678321678321678,0.0,0.0,0.0699300699300699,0.0,0.0069930069930069,0.0209790209790209,0.5765352887259395,0.5609532538955087,0.5462878093492209,0.53987167736022,0.5462878093492209,0.5554537121906509,0.5646196150320807,0.5664527956003667
,,,,,,,,,,,,,,,,,,,,,,,,,,,,,,,,42,0.2258872651356994,0.2889352818371608,0.0437578288100208,0.0208768267223382,0.1006263048016701,0.135866388308977,0.1560751565762004,0.1961586638830897,0.0681390977443609,0.281484962406015,0.0075187969924812,0.0,0.0366541353383458,0.0615601503759398,0.0709586466165413,0.0700187969924812,0.0769230769230769,0.2237762237762237,0.0,0.0,0.0,0.0279720279720279,0.1048951048951049,0.0419580419580419,0.5499541704857929,0.5692025664527957,0.5600366636113657,0.5563703024747938,0.6021998166819431,0.6186984417965169,0.5719523373052245,0.5728689275893676
,,,,,,,,,,,,,,,,,,,,,,,,,,,,,,,,42,0.2820876826722338,0.4590396659707724,0.0583716075156576,0.0241336116910229,0.0949478079331941,0.2636325678496868,0.2405845511482255,0.4305636743215031,0.3491541353383459,0.1973684210526315,0.0742481203007518,0.0056390977443609,0.0,0.093984962406015,0.1235902255639097,0.050281954887218,0.2447552447552447,0.1468531468531468,0.0489510489510489,0.0,0.0,0.0489510489510489,0.0419580419580419,0.1398601398601398,0.5563703024747938,0.5527039413382219,0.5637030247479377,0.5774518790100824,0.5774518790100824,0.5765352887259395,0.5307057745187901,0.5554537121906509
,,,,,,,,,,,,,,,,,,,,,,,,,,,,,,,,42,0.2120250521920668,0.361419624217119,0.0896868475991649,0.0226304801670146,0.2721503131524008,0.0827557411273486,0.117160751565762,0.1363674321503131,0.087875939849624,0.3345864661654135,0.0169172932330827,0.0,0.0803571428571428,0.0578007518796992,0.0079887218045112,0.0963345864661654,0.1328671328671328,0.2517482517482518,0.0419580419580419,0.0349650349650349,0.0769230769230769,0.0489510489510489,0.0419580419580419,0.0979020979020979,0.542621448212649,0.5407882676443629,0.5380384967919339,0.5811182401466545,0.5994500458295142,0.5701191567369386,0.541704857928506,0.5307057745187901
,,,,,,,,,,,,,,,,,,,,,,,,,,,,,,,,42,0.3434655532359081,0.2123590814196242,0.0298121085594989,0.0282254697286012,0.2864300626304801,0.2797494780793319,0.1061377870563674,0.3967432150313152,0.1546052631578947,0.3468045112781955,0.0,0.0,0.0827067669172932,0.0479323308270676,0.1156015037593985,0.0723684210526315,0.1398601398601398,0.2797202797202797,0.0349650349650349,0.0349650349650349,0.0839160839160839,0.0419580419580419,0.0699300699300699,0.0629370629370629,0.5252062328139322,0.5123739688359303,0.4995417048579285,0.535288725939505,0.5948670944087993,0.5316223648029331,0.4986251145737855,0.4839596700274977
