0,1,2,3,4,5,6,7,8,9,10,11,12,13,14,15,16,17,18,19,20,21,22,23,24,25,26,27,28,29,30,31,32,33,34,35,36,37,38,39,40,41,42,43,44,45,46,47,cluster,E0,E1,E2,E3,E4,E5,E6,E7,E8,E9,E10,E11,Wa0,Wa1,Wa2,Wa3,Wa4,Wa5,Wa6,Wa7,Wa8,Wa9,Wa10,Wa11,G0,G1,G2,G3,G4,G5,G6,G7,G8,G9,G10,G11,We0,We1,We2,We3,We4,We5,We6,We7,We8,We9,We10,We11
0.2540708812260537,0.7355124521072798,0.3154932950191572,0.213242337164751,0.1767241379310345,0.1974377394636015,0.180316091954023,0.2642480842911878,0.158764367816092,0.1042863984674329,0.0517241379310344,0.1793582375478928,0.0504877032096707,0.1262192580241767,0.0283993330554397,0.0094664443518132,0.0,0.0,0.0126219258024176,0.0189328887036265,0.0410212588578574,0.0504877032096707,0.0031554814506044,0.0220883701542309,0.203883495145631,0.4174757281553398,0.1067961165048543,0.0,0.0,0.0,0.029126213592233,0.029126213592233,0.1359223300970873,0.029126213592233,0.0,0.0388349514563106,0.4382801664355062,0.4438280166435506,0.4466019417475729,0.4479889042995839,0.4785020804438281,0.5062413314840499,0.5755894590846048,0.5963938973647712,0.579750346740638,0.549237170596394,0.5395284327323163,0.5090152565880722,32,,,,,,,,,,,,,,,,,,,,,,,,,,,,,,,,,,,,,,,,,,,,,,,,
0.1760057471264368,0.3376436781609196,0.255028735632184,0.2157567049808429,0.0900383141762452,0.1666666666666667,0.1546934865900383,0.1934865900383142,0.1476293103448276,0.1973180076628353,0.2210249042145594,0.4364224137931036,0.0441767403084618,0.0788870362651104,0.0504877032096707,0.0252438516048353,0.0,0.0,0.0094664443518132,0.0126219258024176,0.0094664443518132,0.0031554814506044,0.0031554814506044,0.0504877032096707,0.1262135922330097,0.2621359223300971,0.2135922330097087,0.029126213592233,0.0,0.0,0.0194174757281553,0.0194174757281553,0.0194174757281553,0.0,0.0,0.1844660194174757,0.5104022191400832,0.492371705963939,0.492371705963939,0.4993065187239945,0.40499306518724,0.4036061026352289,0.4133148404993065,0.4632454923717061,0.4466019417475729,0.4244105409153953,0.3744798890429959,0.3425797503467407,32,,,,,,,,,,,,,,,,,,,,,,,,,,,,,,,,,,,,,,,,,,,,,,,,
0.5167624521072798,0.2690373563218391,0.3090277777777778,0.2318007662835249,0.2264128352490421,0.2152777777777778,0.2869971264367817,0.2189894636015326,0.1228448275862068,0.1003352490421456,0.0445402298850574,0.1999521072796935,0.0725760733639016,0.1009754064193414,0.0031554814506044,0.0504877032096707,0.0031554814506044,0.0,0.0126219258024176,0.0031554814506044,0.0220883701542309,0.0536431846602751,0.0,0.0315548145060441,0.2135922330097087,0.3398058252427184,0.0,0.1359223300970873,0.0,0.0,0.0194174757281553,0.0,0.0679611650485436,0.029126213592233,0.0,0.087378640776699,0.3453536754507628,0.2940360610263523,0.2981969486823856,0.3453536754507628,0.4077669902912622,0.4438280166435506,0.4576976421636616,0.4646324549237171,0.4549237170596394,0.4299583911234397,0.4119278779472954,0.3717059639389737,32,,,,,,,,,,,,,,,,,,,,,,,,,,,,,,,,,,,,,,,,,,,,,,,,
0.3966714559386973,0.3449473180076629,0.5021551724137931,0.1645114942528736,0.1934865900383142,0.1936063218390805,0.2875957854406131,0.2861590038314177,0.1221264367816092,0.1672653256704981,0.102610153256705,0.1367337164750958,0.037865777407253,0.0694205919132972,0.0946644435181325,0.0126219258024176,0.0,0.0,0.0126219258024176,0.0063109629012088,0.0315548145060441,0.0126219258024176,0.0031554814506044,0.0410212588578574,0.0776699029126213,0.2233009708737864,0.3980582524271844,0.0,0.0,0.0,0.0194174757281553,0.0097087378640776,0.058252427184466,0.0,0.0,0.1067961165048543,0.3356449375866852,0.3370319001386962,0.3550624133148405,0.3841886269070735,0.4174757281553398,0.4410540915395284,0.4854368932038835,0.4826629680998613,0.4826629680998613,0.4549237170596394,0.4257975034674064,0.3744798890429959,32,,,,,,,,,,,,,,,,,,,,,,,,,,,,,,,,,,,,,,,,,,,,,,,,
0.0562739463601532,0.1933668582375479,0.5004789272030653,0.3718869731800767,0.1896551724137931,0.243654214559387,0.2219827586206897,0.2713122605363985,0.1087164750957854,0.0168821839080459,0.1455938697318008,0.0571120689655172,0.0504877032096707,0.1356857023759899,0.0126219258024176,0.0,0.0,0.0,0.0031554814506044,0.0220883701542309,0.0220883701542309,0.0031554814506044,0.0031554814506044,0.0567986661108795,0.233009708737864,0.3883495145631068,0.0,0.0,0.0,0.0,0.0,0.058252427184466,0.0485436893203883,0.0097087378640776,0.0,0.2135922330097087,0.3356449375866852,0.3217753120665743,0.3439667128987517,0.377253814147018,0.4119278779472954,0.4590846047156727,0.4785020804438281,0.5159500693481277,0.5187239944521499,0.4687933425797503,0.4327323162274619,0.3647711511789182,32,,,,,,,,,,,,,,,,,,,,,,,,,,,,,,,,,,,,,,,,,,,,,,,,
0.1008141762452107,0.2432950191570881,0.2564655172413794,0.3403975095785441,0.1965996168582375,0.2321599616858238,0.2145593869731801,0.2461685823754789,0.1772030651340996,0.0817768199233716,0.0049090038314176,0.0516044061302682,0.0883534806169237,0.0410212588578574,0.0410212588578574,0.0063109629012088,0.0,0.0,0.0,0.0315548145060441,0.0063109629012088,0.0,0.0031554814506044,0.0094664443518132,0.2427184466019417,0.1262135922330097,0.1650485436893204,0.0097087378640776,0.0,0.0,0.0,0.058252427184466,0.0,0.0,0.0,0.0097087378640776,0.3467406380027739,0.319001386962552,0.3079056865464633,0.3314840499306519,0.4396671289875174,0.4895977808599168,0.5228848821081832,0.535367545076283,0.5270457697642164,0.4979195561719834,0.4757281553398058,0.4271844660194175,32,,,,,,,,,,,,,,,,,,,,,,,,,,,,,,,,,,,,,,,,,,,,,,,,
0.0255028735632183,0.1203304597701149,0.2726293103448276,0.1943247126436782,0.1766044061302682,0.1928879310344828,0.2083333333333334,0.2253352490421456,0.0834530651340996,0.0284961685823754,0.008022030651341,0.0101772030651341,0.0189328887036265,0.1041308878699458,0.0031554814506044,0.0126219258024176,0.0,0.0031554814506044,0.0,0.0063109629012088,0.0473322217590662,0.0,0.0,0.0,0.0679611650485436,0.3980582524271844,0.0,0.0097087378640776,0.0,0.0,0.0,0.0,0.1553398058252427,0.0,0.0,0.0,0.4008321775312067,0.3647711511789182,0.3647711511789182,0.3938973647711511,0.5034674063800277,0.5450762829403606,0.5617198335644938,0.5617198335644938,0.5409153952843274,0.4937586685159501,0.4687933425797503,0.4715672676837725,32,,,,,,,,,,,,,,,,,,,,,,,,,,,,,,,,,,,,,,,,,,,,,,,,
0.0090996168582375,0.0851293103448276,0.2249760536398468,0.1944444444444445,0.1278735632183908,0.0827346743295019,0.1666666666666667,0.1458333333333333,0.1283524904214559,0.0165229885057471,0.0944683908045977,0.0921934865900383,0.0,0.0725760733639016,0.0631096290120883,0.0063109629012088,0.0,0.0,0.0,0.0063109629012088,0.0126219258024176,0.0189328887036265,0.0031554814506044,0.0473322217590662,0.0,0.1941747572815534,0.233009708737864,0.0,0.0,0.0,0.0,0.0,0.0485436893203883,0.0097087378640776,0.0485436893203883,0.087378640776699,0.4715672676837725,0.4660194174757282,0.420249653259362,0.4618585298196949,0.5492371705963939,0.5922330097087379,0.6005547850208044,0.6421636615811374,0.6449375866851595,0.5686546463245493,0.5256588072122054,0.5589459084604715,32,,,,,,,,,,,,,,,,,,,,,,,,,,,,,,,,,,,,,,,,,,,,,,,,
0.2898706896551725,0.2025862068965517,0.2222222222222223,0.0844109195402298,0.0095785440613026,0.0116139846743295,0.0938697318007663,0.1221264367816092,0.1579262452107279,0.2545498084291188,0.1572078544061303,0.1859434865900384,0.0283993330554397,0.0820425177157148,0.0662651104626927,0.0347102959566486,0.0,0.0,0.0031554814506044,0.037865777407253,0.0126219258024176,0.0504877032096707,0.0252438516048353,0.0283993330554397,0.0679611650485436,0.2621359223300971,0.2524271844660194,0.087378640776699,0.0,0.0,0.0,0.1067961165048543,0.0194174757281553,0.145631067961165,0.0097087378640776,0.0970873786407767,0.5284327323162274,0.4840499306518725,0.4687933425797503,0.492371705963939,0.5117891816920944,0.5520110957004161,0.6005547850208044,0.6782246879334259,0.6560332871012483,0.6324549237170597,0.6227461858529821,0.5617198335644938,32,,,,,,,,,,,,,,,,,,,,,,,,,,,,,,,,,,,,,,,,,,,,,,,,
0.2252155172413793,0.1962404214559387,0.1877394636015326,0.0907567049808429,0.0111350574712643,0.075191570881226,0.1778017241379311,0.102610153256705,0.0166427203065134,0.1047653256704981,0.0979406130268199,0.2362308429118775,0.1009754064193414,0.1072863693205502,0.0504877032096707,0.0126219258024176,0.0,0.0,0.015777407253022,0.015777407253022,0.0126219258024176,0.0063109629012088,0.0031554814506044,0.0599541475614839,0.3203883495145631,0.3300970873786408,0.1359223300970873,0.0097087378640776,0.0,0.0,0.029126213592233,0.0485436893203883,0.0097087378640776,0.0097087378640776,0.0,0.174757281553398,0.5284327323162274,0.5353675450762829,0.5187239944521499,0.5173370319001387,0.5423023578363385,0.5325936199722608,0.5104022191400832,0.492371705963939,0.5006934812760055,0.5048543689320389,0.490984743411928,0.4757281553398058,32,,,,,,,,,,,,,,,,,,,,,,,,,,,,,,,,,,,,,,,,,,,,,,,,
0.4621647509578545,0.1785201149425287,0.2808908045977012,0.5211925287356323,0.1530172413793104,0.0886015325670498,0.2076149425287356,0.0866858237547893,0.1181752873563218,0.011015325670498,0.0487308429118774,0.07602969348659,0.0631096290120883,0.1293747394747811,0.0473322217590662,0.0094664443518132,0.0,0.0,0.0189328887036265,0.0,0.0283993330554397,0.0031554814506044,0.0063109629012088,0.0126219258024176,0.2135922330097087,0.3106796116504854,0.1553398058252427,0.0,0.0,0.0,0.0388349514563106,0.0,0.0776699029126213,0.0,0.0194174757281553,0.0194174757281553,0.4590846047156727,0.4368932038834952,0.4590846047156727,0.4757281553398058,0.5104022191400832,0.5769764216366159,0.6019417475728157,0.5894590846047157,0.5312066574202496,0.5006934812760055,0.4868238557558946,0.4618585298196949,32,,,,,,,,,,,,,,,,,,,,,,,,,,,,,,,,,,,,,,,,,,,,,,,,
0.1163793103448276,0.3162116858237548,0.2546695402298851,0.0158045977011494,0.0111350574712643,0.1896551724137931,0.1746886973180077,0.1861829501915709,0.0414272030651341,0.0314894636015325,0.4394157088122606,0.0806992337164751,0.0347102959566486,0.1293747394747811,0.0315548145060441,0.0031554814506044,0.0,0.0031554814506044,0.0126219258024176,0.0063109629012088,0.0220883701542309,0.0441767403084618,0.015777407253022,0.015777407253022,0.145631067961165,0.4368932038834951,0.087378640776699,0.0,0.0,0.0,0.029126213592233,0.0,0.0679611650485436,0.029126213592233,0.0,0.029126213592233,0.4424410540915395,0.4216366158113732,0.418862690707351,0.4479889042995839,0.4687933425797503,0.5020804438280168,0.5409153952843274,0.5755894590846048,0.5866851595006934,0.5464632454923718,0.5201109570041609,0.5117891816920944,32,,,,,,,,,,,,,,,,,,,,,,,,,,,,,,,,,,,,,,,,,,,,,,,,
0.190852490421456,0.317528735632184,0.1940852490421456,0.101772030651341,0.1132662835249042,0.1940852490421456,0.1420019157088122,0.2232998084291188,0.1381704980842912,0.2423371647509579,0.2965756704980843,0.0391522988505747,0.0410212588578574,0.0788870362651104,0.0978199249687369,0.0126219258024176,0.0,0.0,0.0,0.0315548145060441,0.0063109629012088,0.0504877032096707,0.015777407253022,0.0063109629012088,0.174757281553398,0.1844660194174757,0.3398058252427184,0.0,0.0,0.0,0.0,0.0679611650485436,0.0097087378640776,0.0485436893203883,0.0097087378640776,0.0097087378640776,0.4826629680998613,0.4147018030513176,0.4355062413314841,0.4729542302357836,0.5006934812760057,0.5312066574202496,0.5575589459084606,0.6033287101248267,0.6116504854368933,0.5423023578363384,0.5201109570041609,0.5187239944521499,32,,,,,,,,,,,,,,,,,,,,,,,,,,,,,,,,,,,,,,,,,,,,,,,,
0.0811781609195402,0.1192528735632184,0.1424808429118774,0.0878831417624521,0.1737308429118774,0.1088362068965517,0.1495450191570881,0.1785201149425287,0.1922892720306514,0.522749042145594,0.4929358237547893,0.0876436781609195,0.0252438516048353,0.0,0.0694205919132972,0.0,0.0094664443518132,0.0,0.0,0.037865777407253,0.1009754064193414,0.0788870362651104,0.0631096290120883,0.0031554814506044,0.0679611650485436,0.0097087378640776,0.2135922330097087,0.0,0.0194174757281553,0.0,0.0,0.1359223300970873,0.2912621359223301,0.0485436893203883,0.174757281553398,0.0,0.4687933425797503,0.4674063800277393,0.4563106796116506,0.4632454923717061,0.5020804438280168,0.5631067961165049,0.6005547850208044,0.6033287101248267,0.6241331484049931,0.60748959778086,0.5395284327323163,0.5256588072122054,32,,,,,,,,,,,,,,,,,,,,,,,,,,,,,,,,,,,,,,,,,,,,,,,,
0.0132902298850574,0.202705938697318,0.1358955938697318,0.1356561302681992,0.0757902298850575,0.1302681992337165,0.2011494252873563,0.1255986590038314,0.1933668582375479,0.0463362068965517,0.1176963601532567,0.1029693486590038,0.0,0.0725760733639016,0.0473322217590662,0.0252438516048353,0.0,0.0,0.0189328887036265,0.0063109629012088,0.0189328887036265,0.0063109629012088,0.0063109629012088,0.0252438516048353,0.0,0.2233009708737864,0.174757281553398,0.029126213592233,0.0,0.0,0.0388349514563106,0.0,0.0388349514563106,0.0194174757281553,0.0097087378640776,0.0485436893203883,0.5104022191400832,0.4854368932038835,0.4618585298196949,0.4646324549237171,0.4687933425797503,0.5159500693481277,0.5977808599167822,0.6116504854368932,0.564493758668516,0.5214979195561721,0.490984743411928,0.4507628294036061,32,,,,,,,,,,,,,,,,,,,,,,,,,,,,,,,,,,,,,,,,,,,,,,,,
0.2001915708812261,0.1349377394636015,0.2238984674329502,0.1713362068965517,0.1762452107279693,0.1354166666666667,0.2367097701149426,0.2363505747126437,0.0972222222222222,0.1094348659003831,0.0957854406130268,0.2045019157088123,0.0694205919132972,0.1199082951229679,0.0031554814506044,0.0126219258024176,0.0,0.0,0.0189328887036265,0.0252438516048353,0.0063109629012088,0.0031554814506044,0.0126219258024176,0.0283993330554397,0.233009708737864,0.3689320388349514,0.0097087378640776,0.0194174757281553,0.0,0.0,0.029126213592233,0.0679611650485436,0.029126213592233,0.0194174757281553,0.0388349514563106,0.087378640776699,0.3703190013869625,0.3661581137309293,0.3592233009708738,0.4063800277392511,0.4563106796116506,0.4979195561719834,0.5173370319001387,0.490984743411928,0.4535367545076283,0.4327323162274619,0.4216366158113731,0.4188626907073509,32,,,,,,,,,,,,,,,,,,,,,,,,,,,,,,,,,,,,,,,,,,,,,,,,
0.2929837164750958,0.2601772030651341,0.4040948275862069,0.2092911877394636,0.1380507662835249,0.1817528735632184,0.2447318007662835,0.1902538314176245,0.1487068965517241,0.12080938697318,0.2198275862068966,0.3461446360153257,0.037865777407253,0.1514631096290121,0.015777407253022,0.0031554814506044,0.0,0.0031554814506044,0.015777407253022,0.0,0.0347102959566486,0.037865777407253,0.015777407253022,0.0441767403084618,0.1650485436893204,0.5145631067961165,0.029126213592233,0.0,0.0,0.0097087378640776,0.029126213592233,0.0,0.1067961165048543,0.1359223300970873,0.058252427184466,0.1262135922330097,0.420249653259362,0.4216366158113731,0.4160887656033287,0.4160887656033287,0.4382801664355062,0.5104022191400832,0.5575589459084606,0.5339805825242719,0.5589459084604715,0.5423023578363384,0.4674063800277393,0.4216366158113731,32,,,,,,,,,,,,,,,,,,,,,,,,,,,,,,,,,,,,,,,,,,,,,,,,
0.4448036398467433,0.1733716475095785,0.3649425287356322,0.2903496168582376,0.1603208812260536,0.1782806513409962,0.2180316091954023,0.1945641762452107,0.1995929118773947,0.0366379310344827,0.1484674329501916,0.1471503831417625,0.1041308878699458,0.0094664443518132,0.0536431846602751,0.0567986661108795,0.0,0.0,0.015777407253022,0.0094664443518132,0.0220883701542309,0.0063109629012088,0.0063109629012088,0.015777407253022,0.2718446601941747,0.0194174757281553,0.1359223300970873,0.1844660194174757,0.0,0.0,0.0194174757281553,0.0097087378640776,0.058252427184466,0.0097087378640776,0.0,0.029126213592233,0.3717059639389737,0.3786407766990292,0.4230235783633842,0.4549237170596394,0.5242718446601942,0.5575589459084606,0.5839112343966714,0.5742024965325937,0.5242718446601942,0.4715672676837725,0.449375866851595,0.4479889042995839,32,,,,,,,,,,,,,,,,,,,,,,,,,,,,,,,,,,,,,,,,,,,,,,,,
0.2461685823754789,0.2993295019157088,0.2693965517241379,0.1606800766283525,0.1102729885057471,0.1756465517241379,0.1439176245210728,0.1673850574712644,0.0531609195402299,0.0123323754789272,0.0409482758620689,0.100933908045977,0.0347102959566486,0.0536431846602751,0.0725760733639016,0.0063109629012088,0.0,0.0063109629012088,0.015777407253022,0.015777407253022,0.0126219258024176,0.0094664443518132,0.015777407253022,0.0126219258024176,0.1067961165048543,0.145631067961165,0.233009708737864,0.0,0.0,0.0,0.0388349514563106,0.0097087378640776,0.029126213592233,0.058252427184466,0.0,0.029126213592233,0.4895977808599168,0.4840499306518725,0.4410540915395284,0.4826629680998613,0.5284327323162274,0.5575589459084606,0.6005547850208044,0.6171983356449376,0.6047156726768377,0.5769764216366158,0.5228848821081832,0.4687933425797503,32,,,,,,,,,,,,,,,,,,,,,,,,,,,,,,,,,,,,,,,,,,,,,,,,
0.105603448275862,0.2019875478927204,0.2252155172413793,0.0771072796934866,0.1071599616858237,0.1203304597701149,0.2455699233716475,0.1707375478927203,0.1533764367816092,0.136374521072797,0.0895593869731801,0.3140565134099617,0.0189328887036265,0.0662651104626927,0.1262192580241767,0.0094664443518132,0.0,0.0,0.0,0.0315548145060441,0.0252438516048353,0.0536431846602751,0.0315548145060441,0.0662651104626927,0.0485436893203883,0.1844660194174757,0.4077669902912621,0.0,0.0,0.0,0.0,0.0388349514563106,0.0485436893203883,0.1650485436893204,0.029126213592233,0.1941747572815534,0.40499306518724,0.4022191400832178,0.377253814147018,0.4174757281553398,0.5117891816920944,0.5395284327323163,0.5769764216366158,0.5728155339805825,0.5617198335644938,0.5561719833564495,0.5312066574202496,0.5339805825242719,32,,,,,,,,,,,,,,,,,,,,,,,,,,,,,,,,,,,,,,,,,,,,,,,,
0.0924329501915709,0.1540948275862069,0.2011494252873563,0.0694444444444444,0.0931513409961685,0.0870450191570881,0.087404214559387,0.1108716475095785,0.0484913793103448,0.1481082375478927,0.7051005747126439,0.2817289272030652,0.0220883701542309,0.1388411838265944,0.0,0.0094664443518132,0.0063109629012088,0.0,0.0,0.0063109629012088,0.0252438516048353,0.0978199249687369,0.0599541475614839,0.0347102959566486,0.1067961165048543,0.4563106796116505,0.0,0.0097087378640776,0.0194174757281553,0.0,0.0,0.0,0.058252427184466,0.145631067961165,0.058252427184466,0.0097087378640776,0.521497919556172,0.5228848821081832,0.5117891816920944,0.535367545076283,0.6130374479889044,0.6490984743411928,0.6823855755894592,0.665742024965326,0.6130374479889044,0.5755894590846048,0.5631067961165049,0.5880721220527046,32,,,,,,,,,,,,,,,,,,,,,,,,,,,,,,,,,,,,,,,,,,,,,,,,
0.2262931034482759,0.1534961685823755,0.1193726053639847,0.0538793103448276,0.0128113026819923,0.0112547892720306,0.0446599616858237,0.0111350574712643,0.0803400383141762,0.5190373563218391,0.0985392720306513,0.1215277777777778,0.0094664443518132,0.1009754064193414,0.0599541475614839,0.0094664443518132,0.0,0.0,0.015777407253022,0.0,0.0662651104626927,0.0410212588578574,0.0126219258024176,0.0094664443518132,0.058252427184466,0.2718446601941747,0.203883495145631,0.0,0.0,0.0,0.0194174757281553,0.0,0.087378640776699,0.0679611650485436,0.0097087378640776,0.0194174757281553,0.5742024965325937,0.5450762829403606,0.5395284327323163,0.5825242718446603,0.6171983356449376,0.6241331484049931,0.6213592233009709,0.6061026352288489,0.5825242718446603,0.5506241331484051,0.5506241331484051,0.5492371705963939,32,,,,,,,,,,,,,,,,,,,,,,,,,,,,,,,,,,,,,,,,,,,,,,,,
0.3405172413793104,0.2062978927203065,0.1878591954022988,0.1014128352490421,0.0204741379310344,0.0222701149425287,0.060823754789272,0.0847701149425287,0.1279932950191571,0.0154454022988505,0.0396312260536398,0.1827107279693487,0.0441767403084618,0.1104418507711546,0.075731554814506,0.0063109629012088,0.0,0.0,0.0126219258024176,0.0220883701542309,0.0094664443518132,0.0,0.0,0.0220883701542309,0.145631067961165,0.3300970873786408,0.2621359223300971,0.0,0.0,0.0,0.029126213592233,0.0194174757281553,0.0097087378640776,0.0,0.0,0.0679611650485436,0.5464632454923718,0.5298196948682387,0.5145631067961166,0.5173370319001387,0.5492371705963939,0.6019417475728157,0.579750346740638,0.5575589459084606,0.5506241331484051,0.5256588072122054,0.5256588072122054,0.5409153952843274,32,,,,,,,,,,,,,,,,,,,,,,,,,,,,,,,,,,,,,,,,,,,,,,,,
0.2095306513409962,0.20522030651341,0.2316810344827586,0.1363745210727969,0.0795019157088122,0.1227250957854406,0.1331417624521073,0.1573275862068965,0.1173371647509578,0.1107519157088122,0.0993773946360153,0.1661877394636015,0.0725760733639016,0.1325302209253855,0.0347102959566486,0.0,0.0,0.0,0.0189328887036265,0.0031554814506044,0.015777407253022,0.0063109629012088,0.0,0.015777407253022,0.1941747572815534,0.4466019417475728,0.0776699029126213,0.0,0.0,0.0,0.0194174757281553,0.0097087378640776,0.0194174757281553,0.0,0.0,0.029126213592233,0.5367545076282941,0.5256588072122054,0.5395284327323163,0.5339805825242719,0.5423023578363384,0.5714285714285715,0.5825242718446603,0.5908460471567268,0.6047156726768378,0.6171983356449376,0.5950069348127602,0.5714285714285715,32,,,,,,,,,,,,,,,,,,,,,,,,,,,,,,,,,,,,,,,,,,,,,,,,
0.2625718390804598,0.1774425287356322,0.4596503831417626,0.1261973180076628,0.0880028735632184,0.0915948275862069,0.1364942528735632,0.1788793103448276,0.1561302681992337,0.0966235632183908,0.0176005747126436,0.2628113026819924,0.0347102959566486,0.0725760733639016,0.0788870362651104,0.0094664443518132,0.0,0.0,0.0126219258024176,0.0189328887036265,0.037865777407253,0.0063109629012088,0.0,0.0410212588578574,0.029126213592233,0.1844660194174757,0.2718446601941747,0.0097087378640776,0.0,0.0,0.0194174757281553,0.0097087378640776,0.0970873786407767,0.0,0.0,0.0388349514563106,0.5367545076282941,0.5145631067961166,0.5131761442441054,0.5048543689320389,0.4993065187239945,0.5159500693481277,0.5533980582524273,0.6144244105409155,0.6116504854368932,0.5755894590846048,0.5367545076282941,0.4951456310679612,32,,,,,,,,,,,,,,,,,,,,,,,,,,,,,,,,,,,,,,,,,,,,,,,,
0.3775143678160921,0.1860632183908046,0.2681992337164752,0.1404454022988506,0.1412835249042146,0.1719348659003831,0.1572078544061303,0.161757662835249,0.1404454022988506,0.0253831417624521,0.0288553639846743,0.0438218390804597,0.0315548145060441,0.0504877032096707,0.0915089620675281,0.0094664443518132,0.0,0.0031554814506044,0.0094664443518132,0.0189328887036265,0.0315548145060441,0.0094664443518132,0.0031554814506044,0.0063109629012088,0.0970873786407767,0.1553398058252427,0.2815533980582524,0.0,0.0,0.0,0.0194174757281553,0.0097087378640776,0.1067961165048543,0.0,0.0,0.0194174757281553,0.4507628294036061,0.4410540915395284,0.4646324549237171,0.4840499306518725,0.5201109570041609,0.5575589459084606,0.5852981969486825,0.6047156726768378,0.5686546463245493,0.5436893203883496,0.5214979195561721,0.5020804438280168,32,,,,,,,,,,,,,,,,,,,,,,,,,,,,,,,,,,,,,,,,,,,,,,,,
0.220426245210728,0.5051484674329503,0.2777777777777778,0.0830938697318007,0.0172413793103448,0.0217911877394636,0.0422653256704981,0.0269396551724137,0.3057950191570882,0.3647030651340997,0.1785201149425287,0.1931273946360153,0.0694205919132972,0.0473322217590662,0.1009754064193414,0.0063109629012088,0.0,0.0,0.0126219258024176,0.0126219258024176,0.0694205919132972,0.015777407253022,0.037865777407253,0.0063109629012088,0.145631067961165,0.1262135922330097,0.3106796116504854,0.0,0.0,0.0,0.0194174757281553,0.0097087378640776,0.2135922330097087,0.0194174757281553,0.058252427184466,0.0,0.4895977808599168,0.49375866851595,0.492371705963939,0.5020804438280168,0.5436893203883496,0.5672676837725382,0.5672676837725382,0.5839112343966714,0.6047156726768377,0.5880721220527046,0.5631067961165049,0.5395284327323163,32,,,,,,,,,,,,,,,,,,,,,,,,,,,,,,,,,,,,,,,,,,,,,,,,
0.2739463601532568,0.1561302681992337,0.5168821839080461,0.1190134099616858,0.1239224137931034,0.1315852490421456,0.1283524904214559,0.1138649425287356,0.0923132183908046,0.0170019157088122,0.0893199233716475,0.0314894636015325,0.0567986661108795,0.1987953313880783,0.0094664443518132,0.0094664443518132,0.0,0.0,0.0,0.0220883701542309,0.015777407253022,0.0063109629012088,0.0536431846602751,0.0,0.087378640776699,0.4563106796116505,0.0194174757281553,0.0,0.0,0.0,0.0,0.029126213592233,0.029126213592233,0.0194174757281553,0.1553398058252427,0.0,0.5436893203883496,0.5242718446601942,0.5187239944521499,0.5325936199722608,0.5506241331484051,0.5575589459084606,0.5825242718446603,0.5922330097087379,0.6047156726768378,0.5922330097087379,0.5631067961165048,0.535367545076283,32,,,,,,,,,,,,,,,,,,,,,,,,,,,,,,,,,,,,,,,,,,,,,,,,
0.0213122605363984,0.1240421455938697,0.2310823754789272,0.171455938697318,0.0936302681992337,0.115301724137931,0.1107519157088122,0.1721743295019157,0.15625,0.4732998084291189,0.1726532567049808,0.1034482758620689,0.0,0.0978199249687369,0.0,0.015777407253022,0.0031554814506044,0.0,0.0031554814506044,0.015777407253022,0.0725760733639016,0.0441767403084618,0.0031554814506044,0.0094664443518132,0.0,0.3203883495145631,0.0,0.029126213592233,0.0,0.0,0.0,0.0194174757281553,0.1067961165048543,0.0776699029126213,0.0,0.0097087378640776,0.5062413314840499,0.4868238557558945,0.4687933425797503,0.4646324549237171,0.4743411927877948,0.5062413314840499,0.5922330097087379,0.6130374479889044,0.5936199722607489,0.5575589459084606,0.5242718446601942,0.4993065187239945,32,,,,,,,,,,,,,,,,,,,,,,,,,,,,,,,,,,,,,,,,,,,,,,,,
0.270234674329502,0.5306513409961687,0.978448275862069,0.1922892720306514,0.1271551724137931,0.132183908045977,0.1809147509578544,0.123323754789272,0.1217672413793103,0.0603448275862069,0.0096982758620689,0.1484674329501916,0.1483076281784076,0.1640850354314297,0.0978199249687369,0.0094664443518132,0.0,0.0031554814506044,0.0094664443518132,0.015777407253022,0.0063109629012088,0.0,0.0,0.015777407253022,0.3495145631067961,0.3592233009708738,0.3106796116504854,0.0,0.0,0.0,0.029126213592233,0.0194174757281553,0.0097087378640776,0.0,0.0,0.0194174757281553,0.4882108183079057,0.4965325936199722,0.4840499306518725,0.4812760055478502,0.5048543689320389,0.5603328710124827,0.5728155339805825,0.5603328710124827,0.5589459084604715,0.5478502080443829,0.5048543689320389,0.4438280166435506,32,,,,,,,,,,,,,,,,,,,,,,,,,,,,,,,,,,,,,,,,,,,,,,,,
0.0689655172413793,0.0723180076628352,0.1694204980842912,0.1399664750957854,0.1479885057471265,0.1503831417624521,0.1734913793103449,0.2455699233716475,0.1528975095785441,0.1005747126436781,0.125,0.084051724137931,0.0,0.0,0.037865777407253,0.0,0.0,0.0,0.0,0.0220883701542309,0.0063109629012088,0.0063109629012088,0.0063109629012088,0.0,0.0,0.0,0.1067961165048543,0.0,0.0,0.0,0.0,0.0485436893203883,0.0097087378640776,0.0,0.0,0.0,0.4216366158113731,0.4271844660194175,0.4313453536754508,0.449375866851595,0.4840499306518725,0.5339805825242719,0.5547850208044384,0.579750346740638,0.5742024965325937,0.5575589459084606,0.4826629680998613,0.4715672676837725,32,,,,,,,,,,,,,,,,,,,,,,,,,,,,,,,,,,,,,,,,,,,,,,,,
0.1124281609195402,0.1069204980842912,0.1653496168582376,0.1404454022988506,0.1422413793103448,0.1489463601532567,0.1467911877394636,0.1779214559386973,0.146551724137931,0.1520593869731801,0.0977011494252873,0.2258141762452107,0.0126219258024176,0.0473322217590662,0.0094664443518132,0.0,0.0,0.0,0.0,0.0094664443518132,0.0094664443518132,0.0094664443518132,0.0,0.0220883701542309,0.0388349514563106,0.1359223300970873,0.0,0.0,0.0,0.0,0.0,0.0097087378640776,0.0194174757281553,0.0,0.0,0.058252427184466,0.4576976421636616,0.4521497919556173,0.4410540915395284,0.4479889042995839,0.4590846047156727,0.4826629680998613,0.4826629680998613,0.4979195561719834,0.5312066574202496,0.5131761442441054,0.4868238557558945,0.4687933425797503,32,,,,,,,,,,,,,,,,,,,,,,,,,,,,,,,,,,,,,,,,,,,,,,,,
0.1198515325670498,0.1075191570881226,0.1695402298850575,0.0811781609195402,0.1478687739463602,0.1610392720306513,0.1684626436781609,0.1995929118773947,0.1427203065133995,0.0965038314176245,0.1012931034482758,0.0762691570881226,0.0126219258024176,0.0252438516048353,0.0094664443518132,0.0031554814506044,0.0,0.0031554814506044,0.0,0.0126219258024176,0.0126219258024176,0.0063109629012088,0.0094664443518132,0.0,0.0194174757281553,0.1067961165048543,0.0,0.0,0.0,0.0,0.0,0.0,0.0388349514563106,0.0194174757281553,0.0,0.0097087378640776,0.490984743411928,0.4882108183079057,0.4674063800277393,0.4715672676837725,0.4618585298196949,0.5270457697642164,0.5755894590846048,0.5922330097087379,0.565880721220527,0.5464632454923718,0.5228848821081832,0.5006934812760055,32,,,,,,,,,,,,,,,,,,,,,,,,,,,,,,,,,,,,,,,,,,,,,,,,
0.0957854406130268,0.0872844827586207,0.1404454022988506,0.0866858237547893,0.166786398467433,0.1654693486590038,0.1698994252873563,0.2015086206896552,0.0905172413793103,0.1812739463601533,0.0421455938697318,0.0299329501915709,0.0220883701542309,0.0283993330554397,0.0063109629012088,0.0031554814506044,0.0,0.0,0.0,0.0094664443518132,0.0063109629012088,0.0094664443518132,0.0063109629012088,0.0031554814506044,0.058252427184466,0.1067961165048543,0.0,0.0,0.0,0.0,0.0,0.029126213592233,0.0,0.0194174757281553,0.0,0.0,0.4798890429958392,0.4715672676837725,0.4299583911234397,0.4479889042995839,0.5145631067961165,0.5339805825242719,0.5908460471567267,0.6116504854368932,0.6033287101248267,0.579750346740638,0.5062413314840499,0.4604715672676838,32,,,,,,,,,,,,,,,,,,,,,,,,,,,,,,,,,,,,,,,,,,,,,,,,
0.1706178160919541,0.1181752873563218,0.1143438697318007,0.1391283524904214,0.1234434865900383,0.1768438697318008,0.1888170498084291,0.1761254789272031,0.0911159003831417,0.0830938697318007,0.0525622605363984,0.0545977011494253,0.0220883701542309,0.0094664443518132,0.0252438516048353,0.0031554814506044,0.0,0.0,0.0031554814506044,0.0063109629012088,0.0,0.0063109629012088,0.0063109629012088,0.0031554814506044,0.087378640776699,0.0194174757281553,0.087378640776699,0.0,0.0,0.0,0.0,0.0194174757281553,0.0,0.0097087378640776,0.0,0.0,0.4257975034674064,0.4022191400832178,0.3966712898751734,0.4618585298196949,0.5603328710124827,0.6033287101248267,0.6352288488210819,0.6546463245492372,0.6560332871012483,0.6116504854368933,0.5742024965325937,0.5547850208044384,32,,,,,,,,,,,,,,,,,,,,,,,,,,,,,,,,,,,,,,,,,,,,,,,,
0.0662116858237548,0.0678879310344827,0.0592672413793103,0.014367816091954,0.0314894636015325,0.1409243295019157,0.1293103448275862,0.1375718390804598,0.2619731800766284,0.01352969348659,0.1452346743295019,0.0435823754789272,0.0031554814506044,0.0126219258024176,0.037865777407253,0.0063109629012088,0.0,0.0,0.0,0.0189328887036265,0.0220883701542309,0.0,0.0063109629012088,0.0063109629012088,0.0,0.0388349514563106,0.116504854368932,0.0,0.0,0.0,0.0,0.029126213592233,0.0097087378640776,0.0,0.0097087378640776,0.0194174757281553,0.5020804438280168,0.4812760055478502,0.4757281553398058,0.5381414701803051,0.5880721220527046,0.6269070735090153,0.6601941747572816,0.7004160887656034,0.7156726768377254,0.6754507628294038,0.6393897364771151,0.6102635228848822,32,,,,,,,,,,,,,,,,,,,,,,,,,,,,,,,,,,,,,,,,,,,,,,,,
0.1639128352490422,0.0636973180076628,0.0676484674329502,0.0136494252873563,0.0147270114942528,0.0131704980842911,0.0101772030651341,0.1544540229885057,0.087404214559387,0.541786398467433,0.3425526819923372,0.1139846743295019,0.015777407253022,0.0126219258024176,0.0315548145060441,0.0063109629012088,0.0,0.0,0.0,0.0094664443518132,0.1924843684868695,0.0410212588578574,0.0126219258024176,0.0441767403084618,0.0485436893203883,0.0194174757281553,0.0970873786407767,0.0,0.0,0.0,0.0,0.0194174757281553,0.4271844660194174,0.0388349514563106,0.0194174757281553,0.1262135922330097,0.5603328710124827,0.5395284327323163,0.564493758668516,0.5686546463245493,0.6310679611650486,0.6560332871012483,0.7170596393897366,0.739251040221914,0.7184466019417476,0.6227461858529821,0.5922330097087379,0.565880721220527,32,,,,,,,,,,,,,,,,,,,,,,,,,,,,,,,,,,,,,,,,,,,,,,,,
0.4440852490421457,0.1878591954022988,0.0959051724137931,0.0164032567049808,0.0168821839080459,0.0180795019157088,0.0180795019157088,0.0853687739463601,0.0896791187739463,0.1342193486590038,0.0246647509578544,0.0263409961685823,0.0694205919132972,0.0567986661108795,0.0126219258024176,0.0,0.0,0.0,0.0031554814506044,0.0031554814506044,0.0283993330554397,0.0189328887036265,0.0031554814506044,0.0252438516048353,0.1650485436893204,0.174757281553398,0.0097087378640776,0.0,0.0,0.0,0.0,0.0,0.0485436893203883,0.0485436893203883,0.0,0.087378640776699,0.5312066574202496,0.4979195561719834,0.4785020804438281,0.4882108183079057,0.5131761442441054,0.5450762829403606,0.5631067961165049,0.5728155339805825,0.565880721220527,0.5298196948682387,0.5048543689320389,0.4937586685159501,32,,,,,,,,,,,,,,,,,,,,,,,,,,,,,,,,,,,,,,,,,,,,,,,,
0.1342193486590038,0.5542385057471266,0.3217193486590039,0.2271312260536399,0.1236829501915709,0.2118055555555556,0.1727729885057471,0.1843869731800766,0.1032088122605364,0.0786637931034482,0.038433908045977,0.0247844827586206,0.0820425177157148,0.1104418507711546,0.0851979991663193,0.0094664443518132,0.0,0.0,0.0126219258024176,0.0126219258024176,0.0063109629012088,0.015777407253022,0.0094664443518132,0.0126219258024176,0.1553398058252427,0.3203883495145631,0.2718446601941747,0.0,0.0,0.0,0.029126213592233,0.0194174757281553,0.058252427184466,0.0194174757281553,0.0679611650485436,0.0194174757281553,0.4743411927877948,0.4687933425797503,0.4549237170596394,0.4785020804438281,0.5104022191400832,0.5284327323162274,0.5533980582524273,0.5825242718446603,0.5811373092926492,0.5631067961165049,0.5242718446601942,0.4826629680998613,32,,,,,,,,,,,,,,,,,,,,,,,,,,,,,,,,,,,,,,,,,,,,,,,,
0.0767480842911877,0.4852729885057472,0.3894875478927204,0.141044061302682,0.1404454022988506,0.1646312260536398,0.1684626436781609,0.1913314176245211,0.0299329501915709,0.0168821839080459,0.0173611111111111,0.1048850574712643,0.0599541475614839,0.1703959983326386,0.0631096290120883,0.0126219258024176,0.0,0.0,0.0126219258024176,0.0283993330554397,0.0126219258024176,0.0,0.0,0.0189328887036265,0.1941747572815534,0.4466019417475728,0.2135922330097087,0.0097087378640776,0.0,0.0,0.0194174757281553,0.0485436893203883,0.0,0.0,0.0,0.0194174757281553,0.4299583911234397,0.4022191400832178,0.3952843273231623,0.4757281553398058,0.5381414701803051,0.5478502080443829,0.5755894590846048,0.6158113730929267,0.6393897364771152,0.6005547850208044,0.5423023578363385,0.507628294036061,32,,,,,,,,,,,,,,,,,,,,,,,,,,,,,,,,,,,,,,,,,,,,,,,,
0.2125239463601533,0.0592672413793103,0.1716954022988506,0.1337404214559387,0.0162835249042145,0.092911877394636,0.1643917624521073,0.0991379310344827,0.1090756704980843,0.0738745210727969,0.038433908045977,0.0264607279693486,0.0252438516048353,0.0031554814506044,0.1199082951229679,0.0883534806169237,0.0,0.0,0.0,0.0126219258024176,0.0189328887036265,0.0283993330554397,0.0315548145060441,0.0725760733639016,0.0388349514563106,0.0,0.2815533980582524,0.2815533980582524,0.0,0.0,0.0,0.0194174757281553,0.0194174757281553,0.0679611650485436,0.0388349514563106,0.029126213592233,0.4854368932038835,0.4521497919556173,0.4438280166435506,0.5506241331484051,0.6005547850208044,0.6255201109570041,0.6865464632454924,0.7198335644937586,0.7295423023578363,0.6879334257975035,0.6393897364771151,0.5936199722607489,32,,,,,,,,,,,,,,,,,,,,,,,,,,,,,,,,,,,,,,,,,,,,,,,,
0.0956657088122605,0.1546934865900383,0.2270114942528736,0.0723180076628352,0.0195162835249042,0.0149664750957854,0.0195162835249042,0.1282327586206897,0.0988984674329502,0.0308908045977011,0.019037356321839,0.0634578544061302,0.0220883701542309,0.0820425177157148,0.0567986661108795,0.0126219258024176,0.0,0.0,0.0,0.0347102959566486,0.0473322217590662,0.0063109629012088,0.0,0.0189328887036265,0.058252427184466,0.2621359223300971,0.1844660194174757,0.0,0.0,0.0,0.0,0.0679611650485436,0.0679611650485436,0.0,0.0,0.0388349514563106,0.5672676837725382,0.4965325936199722,0.5034674063800277,0.5852981969486825,0.6463245492371706,0.6865464632454924,0.7087378640776699,0.7281553398058253,0.737864077669903,0.7087378640776699,0.6574202496532595,0.650485436893204,32,,,,,,,,,,,,,,,,,,,,,,,,,,,,,,,,,,,,,,,,,,,,,,,,
0.1018917624521073,0.4069683908045978,0.1574473180076628,0.1251197318007663,0.0187978927203065,0.0211925287356321,0.0613026819923371,0.0476532567049808,0.0187978927203065,0.0177203065134099,0.0470545977011494,0.2539511494252874,0.1041308878699458,0.0094664443518132,0.0788870362651104,0.0126219258024176,0.0,0.0,0.015777407253022,0.015777407253022,0.015777407253022,0.0,0.0031554814506044,0.0220883701542309,0.203883495145631,0.029126213592233,0.2233009708737864,0.0,0.0,0.0,0.0194174757281553,0.0388349514563106,0.0485436893203883,0.0,0.0,0.0485436893203883,0.5908460471567267,0.5395284327323163,0.5617198335644938,0.6116504854368932,0.651872399445215,0.7004160887656034,0.7239944521497921,0.7475728155339805,0.7503467406380028,0.7018030513176144,0.6393897364771152,0.6185852981969486,32,,,,,,,,,,,,,,,,,,,,,,,,,,,,,,,,,,,,,,,,,,,,,,,,
0.1149425287356322,0.171455938697318,0.2194683908045977,0.0537595785440613,0.0353208812260536,0.0247844827586206,0.0506465517241379,0.0221503831417624,0.0962643678160919,0.0516044061302682,0.2106082375478928,0.1302681992337165,0.0536431846602751,0.0915089620675281,0.0536431846602751,0.0315548145060441,0.0,0.0,0.0094664443518132,0.0063109629012088,0.015777407253022,0.0031554814506044,0.0631096290120883,0.0063109629012088,0.145631067961165,0.2233009708737864,0.1067961165048543,0.0970873786407767,0.0,0.0,0.0194174757281553,0.0,0.0388349514563106,0.0,0.0485436893203883,0.0194174757281553,0.6185852981969487,0.5839112343966713,0.5603328710124827,0.5977808599167822,0.6282940360610264,0.6546463245492372,0.6699029126213593,0.6879334257975035,0.6990291262135924,0.6546463245492372,0.6490984743411928,0.6061026352288489,32,,,,,,,,,,,,,,,,,,,,,,,,,,,,,,,,,,,,,,,,,,,,,,,,
0.1506226053639847,0.1433189655172414,0.1701388888888889,0.3742816091954024,0.0238266283524904,0.0226293103448275,0.0548371647509578,0.0192768199233716,0.0790229885057471,0.0415469348659004,0.3799090038314177,0.291786398467433,0.0725760733639016,0.075731554814506,0.0788870362651104,0.0031554814506044,0.0031554814506044,0.0,0.0126219258024176,0.0063109629012088,0.0410212588578574,0.0441767403084618,0.0283993330554397,0.0473322217590662,0.2524271844660194,0.1941747572815534,0.2135922330097087,0.0,0.0,0.0,0.029126213592233,0.0,0.0679611650485436,0.0,0.0194174757281553,0.0388349514563106,0.5852981969486825,0.5547850208044384,0.5214979195561721,0.5603328710124827,0.5769764216366159,0.6047156726768378,0.6449375866851595,0.6449375866851595,0.653259361997226,0.6324549237170597,0.6061026352288489,0.5700416088765604,32,,,,,,,,,,,,,,,,,,,,,,,,,,,,,,,,,,,,,,,,,,,,,,,,
0.0816570881226053,0.0804597701149425,0.198036398467433,0.0652538314176245,0.0222701149425287,0.0164032567049808,0.0557950191570881,0.0123323754789272,0.1033285440613027,0.0195162835249042,0.0611829501915708,0.068007662835249,0.0820425177157148,0.113597332221759,0.0725760733639016,0.0094664443518132,0.0,0.0031554814506044,0.0189328887036265,0.0,0.0189328887036265,0.0220883701542309,0.0063109629012088,0.0347102959566486,0.2233009708737864,0.3203883495145631,0.2233009708737864,0.0,0.0,0.0,0.029126213592233,0.0,0.0388349514563106,0.0194174757281553,0.0097087378640776,0.0388349514563106,0.5214979195561721,0.4979195561719834,0.4785020804438281,0.5006934812760055,0.5339805825242719,0.5686546463245493,0.6088765603328712,0.6255201109570042,0.6324549237170597,0.6241331484049931,0.5714285714285715,0.5450762829403606,32,,,,,,,,,,,,,,,,,,,,,,,,,,,,,,,,,,,,,,,,,,,,,,,,
0.225933908045977,0.2054597701149426,0.2590996168582376,0.3494971264367816,0.0203544061302682,0.0195162835249042,0.0438218390804597,0.2804118773946361,0.1485871647509579,0.0721982758620689,0.0999760536398467,0.1760057471264368,0.1041308878699458,0.0315548145060441,0.1009754064193414,0.0094664443518132,0.0,0.0,0.0126219258024176,0.0031554814506044,0.0220883701542309,0.0189328887036265,0.0347102959566486,0.0536431846602751,0.1067961165048543,0.0970873786407767,0.2718446601941747,0.0097087378640776,0.0,0.0,0.0194174757281553,0.0,0.0388349514563106,0.0679611650485436,0.087378640776699,0.145631067961165,0.5062413314840499,0.4882108183079057,0.4479889042995839,0.5020804438280168,0.5228848821081832,0.564493758668516,0.6116504854368933,0.6324549237170596,0.6282940360610264,0.5963938973647712,0.5617198335644938,0.5381414701803051,32,,,,,,,,,,,,,,,,,,,,,,,,,,,,,,,,,,,,,,,,,,,,,,,,
0.1088362068965517,0.179477969348659,0.2480842911877395,0.1381704980842912,0.0504070881226053,0.0405890804597701,0.0419061302681992,0.1187739463601532,0.1141044061302682,0.0319683908045977,0.0383141762452107,0.1164990421455938,0.037865777407253,0.0788870362651104,0.0946644435181325,0.0189328887036265,0.0315548145060441,0.0,0.0126219258024176,0.0252438516048353,0.0220883701542309,0.0094664443518132,0.015777407253022,0.0978199249687369,0.0970873786407767,0.1844660194174757,0.2621359223300971,0.0194174757281553,0.0097087378640776,0.0,0.0194174757281553,0.058252427184466,0.0194174757281553,0.0097087378640776,0.0097087378640776,0.203883495145631,0.4965325936199722,0.4715672676837725,0.4535367545076283,0.5214979195561721,0.5755894590846048,0.6088765603328712,0.6324549237170597,0.6615811373092927,0.6962552011095702,0.6338418862690708,0.6227461858529821,0.6158113730929267,32,,,,,,,,,,,,,,,,,,,,,,,,,,,,,,,,,,,,,,,,,,,,,,,,
0.0755507662835249,0.2300047892720307,0.240301724137931,0.0348419540229885,0.0469348659003831,0.0228687739463601,0.0251436781609195,0.1732519157088123,0.1196120689655172,0.1861829501915709,0.1386494252873563,0.121647509578544,0.0126219258024176,0.1577740725302209,0.0189328887036265,0.0063109629012088,0.0126219258024176,0.0,0.0031554814506044,0.0599541475614839,0.0694205919132972,0.0220883701542309,0.0283993330554397,0.0283993330554397,0.0097087378640776,0.4466019417475728,0.0194174757281553,0.0,0.0194174757281553,0.0,0.0,0.0970873786407767,0.145631067961165,0.058252427184466,0.0679611650485436,0.0194174757281553,0.6088765603328712,0.5839112343966714,0.5728155339805825,0.6088765603328712,0.6435506241331486,0.6712898751733705,0.5908460471567268,0.564493758668516,0.5700416088765604,0.5672676837725382,0.5769764216366159,0.5825242718446603,32,,,,,,,,,,,,,,,,,,,,,,,,,,,,,,,,,,,,,,,,,,,,,,,,
0.1733716475095785,0.372844827586207,0.6375718390804599,0.1125478927203065,0.0284961685823754,0.0231082375478927,0.0307710727969348,0.1408045977011494,0.1527777777777778,0.1175766283524904,0.2777777777777778,0.3409961685823756,0.0504877032096707,0.2303501458941225,0.037865777407253,0.0189328887036265,0.0,0.0,0.0031554814506044,0.0441767403084618,0.0441767403084618,0.0315548145060441,0.037865777407253,0.0410212588578574,0.2135922330097087,0.6213592233009708,0.0388349514563106,0.0,0.0,0.0,0.0,0.0679611650485436,0.0776699029126213,0.087378640776699,0.029126213592233,0.1067961165048543,0.5714285714285715,0.5631067961165048,0.5561719833564495,0.5714285714285715,0.5769764216366158,0.6061026352288489,0.6088765603328712,0.6255201109570042,0.664355062413315,0.653259361997226,0.6116504854368932,0.5908460471567268,32,,,,,,,,,,,,,,,,,,,,,,,,,,,,,,,,,,,,,,,,,,,,,,,,
0.3488984674329503,0.3075909961685825,0.2599377394636016,0.0850095785440613,0.0306513409961685,0.0210727969348659,0.0755507662835249,0.0719588122605364,0.0793821839080459,0.0520833333333333,0.1156609195402299,0.1904932950191571,0.0567986661108795,0.113597332221759,0.075731554814506,0.0031554814506044,0.0,0.0,0.0252438516048353,0.015777407253022,0.037865777407253,0.037865777407253,0.0410212588578574,0.0315548145060441,0.145631067961165,0.3106796116504854,0.1941747572815534,0.0097087378640776,0.0,0.0,0.0388349514563106,0.0194174757281553,0.0970873786407767,0.0,0.1262135922330097,0.058252427184466,0.5755894590846048,0.5423023578363385,0.5187239944521499,0.5464632454923718,0.5866851595006934,0.6088765603328712,0.6199722607489598,0.6324549237170596,0.6255201109570041,0.5561719833564495,0.5436893203883496,0.4965325936199722,32,,,,,,,,,,,,,,,,,,,,,,,,,,,,,,,,,,,,,,,,,,,,,,,,
0.1950431034482758,0.2564655172413794,0.2470067049808429,0.0602250957854406,0.0275383141762452,0.0192768199233716,0.0687260536398467,0.3298611111111112,0.4365421455938698,0.2182710727969349,0.1023706896551724,0.208213601532567,0.0631096290120883,0.1230637765735723,0.037865777407253,0.015777407253022,0.0,0.0,0.0189328887036265,0.0851979991663193,0.0347102959566486,0.0347102959566486,0.0063109629012088,0.0283993330554397,0.1553398058252427,0.3398058252427184,0.1067961165048543,0.0194174757281553,0.0,0.0,0.0194174757281553,0.145631067961165,0.0194174757281553,0.0485436893203883,0.0097087378640776,0.058252427184466,0.4840499306518725,0.4993065187239945,0.5048543689320389,0.5339805825242719,0.5742024965325937,0.6158113730929267,0.651872399445215,0.6366158113730931,0.6490984743411928,0.5700416088765604,0.5436893203883496,0.5395284327323163,32,,,,,,,,,,,,,,,,,,,,,,,,,,,,,,,,,,,,,,,,,,,,,,,,
0.2497605363984675,0.1951628352490422,0.2254549808429119,0.0802203065134099,0.0490900383141762,0.040110153256705,0.0713601532567049,0.345426245210728,0.0451388888888888,0.0434626436781609,0.1148227969348659,0.0757902298850574,0.0347102959566486,0.0915089620675281,0.0725760733639016,0.015777407253022,0.0063109629012088,0.0,0.0441767403084618,0.0504877032096707,0.0410212588578574,0.0189328887036265,0.015777407253022,0.0315548145060441,0.145631067961165,0.2524271844660194,0.2135922330097087,0.0194174757281553,0.0,0.0,0.0970873786407767,0.0970873786407767,0.0388349514563106,0.029126213592233,0.0679611650485436,0.0388349514563106,0.5034674063800277,0.4757281553398058,0.4785020804438281,0.5242718446601942,0.5506241331484051,0.5991678224687934,0.6171983356449376,0.6407766990291263,0.6449375866851595,0.6213592233009709,0.5894590846047157,0.5742024965325937,32,,,,,,,,,,,,,,,,,,,,,,,,,,,,,,,,,,,,,,,,,,,,,,,,
0.2236590038314177,0.5416666666666667,0.5784243295019159,0.0458572796934865,0.037595785440613,0.0255028735632183,0.0584291187739463,0.1398467432950192,0.1094348659003831,0.1344588122605364,0.4163074712643679,0.1550526819923371,0.1104418507711546,0.1987953313880783,0.0126219258024176,0.0063109629012088,0.0031554814506044,0.0,0.015777407253022,0.0536431846602751,0.0347111296373488,0.0883534806169237,0.0063109629012088,0.0410212588578574,0.3495145631067961,0.3883495145631068,0.0097087378640776,0.0,0.0,0.0,0.029126213592233,0.1262135922330097,0.087378640776699,0.0970873786407767,0.0097087378640776,0.1067961165048543,0.5159500693481277,0.5076282940360611,0.5006934812760057,0.5672676837725382,0.6241331484049931,0.6782246879334259,0.7073509015256588,0.7683772538141471,0.7669902912621359,0.7295423023578363,0.6615811373092927,0.6629680998613038,32,,,,,,,,,,,,,,,,,,,,,,,,,,,,,,,,,,,,,,,,,,,,,,,,
0.1615181992337165,0.3835009578544062,0.265205938697318,0.0500478927203065,0.0313697318007662,0.0302921455938697,0.0520833333333333,0.1578065134099617,0.0730363984674329,0.2852011494252874,0.10727969348659,0.1957614942528736,0.0978199249687369,0.1199082951229679,0.0189328887036265,0.0,0.0,0.0,0.0189328887036265,0.037865777407253,0.0567986661108795,0.0063109629012088,0.0094664443518132,0.0883534806169237,0.2621359223300971,0.2815533980582524,0.0097087378640776,0.0,0.0,0.0,0.0388349514563106,0.0679611650485436,0.0388349514563106,0.0,0.0194174757281553,0.233009708737864,0.6144244105409155,0.5936199722607489,0.5325936199722608,0.650485436893204,0.6934812760055479,0.7239944521497921,0.7572815533980582,0.8085991678224688,0.8321775312066575,0.8280166435506242,0.7309292649098476,0.6338418862690708,32,,,,,,,,,,,,,,,,,,,,,,,,,,,,,,,,,,,,,,,,,,,,,,,,
0.0789032567049808,0.1534961685823755,0.217911877394636,0.0423850574712643,0.0602250957854406,0.0313697318007662,0.0280172413793103,0.1493055555555556,0.1458333333333333,0.1131465517241379,0.0792624521072797,0.1400862068965517,0.0063109629012088,0.0820425177157148,0.0347102959566486,0.0,0.0126219258024176,0.0,0.0031554814506044,0.0599541475614839,0.075731554814506,0.0126219258024176,0.0599541475614839,0.0315548145060441,0.0388349514563106,0.233009708737864,0.0388349514563106,0.0,0.029126213592233,0.0,0.0,0.1262135922330097,0.1941747572815534,0.0,0.0097087378640776,0.0970873786407767,0.578363384188627,0.5520110957004161,0.5464632454923718,0.578363384188627,0.6185852981969487,0.6768377253814147,0.7128987517337033,0.7337031900138697,0.7142857142857143,0.6879334257975035,0.6477115117891817,0.6352288488210819,32,,,,,,,,,,,,,,,,,,,,,,,,,,,,,,,,,,,,,,,,,,,,,,,,
0.5668103448275863,0.2405411877394636,0.2164750957854407,0.0405890804597701,0.0225095785440613,0.0307710727969348,0.1948036398467433,0.1149425287356322,0.0702825670498084,0.0886015325670498,0.1101532567049808,0.0592672413793103,0.0504877032096707,0.1262192580241767,0.0694205919132972,0.0,0.0,0.0126219258024176,0.0347102959566486,0.0063109629012088,0.0220883701542309,0.0189328887036265,0.0063109629012088,0.0126219258024176,0.0970873786407767,0.3883495145631068,0.145631067961165,0.0,0.0,0.0097087378640776,0.0485436893203883,0.0,0.0388349514563106,0.0097087378640776,0.0388349514563106,0.0194174757281553,0.6296809986130376,0.6116504854368933,0.5866851595006934,0.5769764216366159,0.6019417475728157,0.6393897364771152,0.6851595006934814,0.7115117891816921,0.6532593619972261,0.6116504854368933,0.5811373092926492,0.5561719833564495,32,,,,,,,,,,,,,,,,,,,,,,,,,,,,,,,,,,,,,,,,,,,,,,,,
0.1041666666666666,0.1700191570881226,0.1827107279693487,0.0094588122605364,0.005507662835249,0.0090996168582375,0.0416666666666666,0.0720785440613027,0.2806513409961687,0.0862068965517241,0.0772270114942529,0.173132183908046,0.0883534806169237,0.0599541475614839,0.0189328887036265,0.0031554814506044,0.0,0.0,0.0189328887036265,0.0126219258024176,0.015777407253022,0.0189328887036265,0.0252438516048353,0.0441767403084618,0.2233009708737864,0.1844660194174757,0.0194174757281553,0.0,0.0,0.0,0.0194174757281553,0.029126213592233,0.0194174757281553,0.0679611650485436,0.0194174757281553,0.1262135922330097,0.5062413314840499,0.5020804438280168,0.5006934812760055,0.5076282940360611,0.5270457697642164,0.5742024965325937,0.6185852981969487,0.6601941747572815,0.6546463245492372,0.6324549237170597,0.5894590846047157,0.5686546463245493,32,,,,,,,,,,,,,,,,,,,,,,,,,,,,,,,,,,,,,,,,,,,,,,,,
0.5320881226053641,0.3348898467432951,0.2654454022988506,0.0348419540229885,0.0077825670498084,0.0100574712643678,0.1041666666666666,0.0902777777777778,0.1378113026819924,0.0051484674329501,0.121647509578544,0.2556273946360154,0.0189328887036265,0.1388411838265944,0.0252438516048353,0.0,0.0,0.0,0.0189328887036265,0.0189328887036265,0.0031554814506044,0.0,0.0094664443518132,0.0126219258024176,0.029126213592233,0.4271844660194174,0.0097087378640776,0.0,0.0,0.0,0.0194174757281553,0.0194174757281553,0.029126213592233,0.0,0.0,0.0485436893203883,0.5589459084604715,0.5395284327323163,0.5256588072122054,0.5367545076282941,0.5575589459084606,0.6255201109570041,0.6269070735090153,0.6282940360610264,0.6102635228848822,0.579750346740638,0.564493758668516,0.5575589459084606,32,,,,,,,,,,,,,,,,,,,,,,,,,,,,,,,,,,,,,,,,,,,,,,,,
0.132183908045977,0.1924090038314176,0.1627155172413793,0.0692049808429118,0.0233477011494252,0.0277777777777777,0.0967432950191571,0.1521791187739463,0.0538793103448276,0.0542385057471264,0.0211925287356321,0.0778256704980843,0.015777407253022,0.1388411838265944,0.037865777407253,0.0063109629012088,0.0031554814506044,0.0,0.0094664443518132,0.0441767403084618,0.0094664443518132,0.0,0.0126219258024176,0.0347102959566486,0.0097087378640776,0.3592233009708738,0.116504854368932,0.0,0.0,0.0,0.0,0.0776699029126213,0.0097087378640776,0.0,0.0097087378640776,0.0194174757281553,0.5506241331484051,0.5520110957004161,0.5603328710124827,0.565880721220527,0.5866851595006934,0.6019417475728157,0.6199722607489598,0.6712898751733705,0.6754507628294038,0.667128987517337,0.6463245492371706,0.6324549237170596,32,,,,,,,,,,,,,,,,,,,,,,,,,,,,,,,,,,,,,,,,,,,,,,,,
0.3518917624521073,0.1993534482758621,0.2119252873563218,0.0714798850574712,0.0122126436781609,0.0059865900383141,0.0076628352490421,0.130507662835249,0.0670498084291187,0.0480124521072797,0.0380747126436781,0.0735153256704981,0.0694205919132972,0.1167528136723635,0.0094664443518132,0.0315548145060441,0.0,0.0,0.0,0.0283993330554397,0.037865777407253,0.0094664443518132,0.0252438516048353,0.0946644435181325,0.1650485436893204,0.3203883495145631,0.0097087378640776,0.0970873786407767,0.0,0.0,0.0,0.0485436893203883,0.087378640776699,0.0194174757281553,0.087378640776699,0.203883495145631,0.6158113730929267,0.5936199722607489,0.5922330097087379,0.6047156726768378,0.6449375866851595,0.6990291262135924,0.7447988904299585,0.7489597780859918,0.7350901525658807,0.6934812760055479,0.6366158113730931,0.5700416088765604,32,,,,,,,,,,,,,,,,,,,,,,,,,,,,,,,,,,,,,,,,,,,,,,,,
0.2540708812260537,0.7355124521072798,0.3154932950191572,0.213242337164751,0.1767241379310345,0.1974377394636015,0.180316091954023,0.2642480842911878,0.158764367816092,0.1042863984674329,0.0517241379310344,0.1793582375478928,0.0504877032096707,0.1262192580241767,0.0283993330554397,0.0094664443518132,0.0,0.0,0.0126219258024176,0.0189328887036265,0.0410212588578574,0.0504877032096707,0.0031554814506044,0.0220883701542309,0.203883495145631,0.4174757281553398,0.1067961165048543,0.0,0.0,0.0,0.029126213592233,0.029126213592233,0.1359223300970873,0.029126213592233,0.0,0.0388349514563106,0.4382801664355062,0.4438280166435506,0.4466019417475729,0.4479889042995839,0.4785020804438281,0.5062413314840499,0.5755894590846048,0.5963938973647712,0.579750346740638,0.549237170596394,0.5395284327323163,0.5090152565880722,32,,,,,,,,,,,,,,,,,,,,,,,,,,,,,,,,,,,,,,,,,,,,,,,,
0.1760057471264368,0.3376436781609196,0.255028735632184,0.2157567049808429,0.0900383141762452,0.1666666666666667,0.1546934865900383,0.1934865900383142,0.1476293103448276,0.1973180076628353,0.2210249042145594,0.4364224137931036,0.0441767403084618,0.0788870362651104,0.0504877032096707,0.0252438516048353,0.0,0.0,0.0094664443518132,0.0126219258024176,0.0094664443518132,0.0031554814506044,0.0031554814506044,0.0504877032096707,0.1262135922330097,0.2621359223300971,0.2135922330097087,0.029126213592233,0.0,0.0,0.0194174757281553,0.0194174757281553,0.0194174757281553,0.0,0.0,0.1844660194174757,0.5104022191400832,0.492371705963939,0.492371705963939,0.4993065187239945,0.40499306518724,0.4036061026352289,0.4133148404993065,0.4632454923717061,0.4466019417475729,0.4244105409153953,0.3744798890429959,0.3425797503467407,32,,,,,,,,,,,,,,,,,,,,,,,,,,,,,,,,,,,,,,,,,,,,,,,,
0.5167624521072798,0.2690373563218391,0.3090277777777778,0.2318007662835249,0.2264128352490421,0.2152777777777778,0.2869971264367817,0.2189894636015326,0.1228448275862068,0.1003352490421456,0.0445402298850574,0.1999521072796935,0.0725760733639016,0.1009754064193414,0.0031554814506044,0.0504877032096707,0.0031554814506044,0.0,0.0126219258024176,0.0031554814506044,0.0220883701542309,0.0536431846602751,0.0,0.0315548145060441,0.2135922330097087,0.3398058252427184,0.0,0.1359223300970873,0.0,0.0,0.0194174757281553,0.0,0.0679611650485436,0.029126213592233,0.0,0.087378640776699,0.3453536754507628,0.2940360610263523,0.2981969486823856,0.3453536754507628,0.4077669902912622,0.4438280166435506,0.4576976421636616,0.4646324549237171,0.4549237170596394,0.4299583911234397,0.4119278779472954,0.3717059639389737,32,,,,,,,,,,,,,,,,,,,,,,,,,,,,,,,,,,,,,,,,,,,,,,,,
0.3966714559386973,0.3449473180076629,0.5021551724137931,0.1645114942528736,0.1934865900383142,0.1936063218390805,0.2875957854406131,0.2861590038314177,0.1221264367816092,0.1672653256704981,0.102610153256705,0.1367337164750958,0.037865777407253,0.0694205919132972,0.0946644435181325,0.0126219258024176,0.0,0.0,0.0126219258024176,0.0063109629012088,0.0315548145060441,0.0126219258024176,0.0031554814506044,0.0410212588578574,0.0776699029126213,0.2233009708737864,0.3980582524271844,0.0,0.0,0.0,0.0194174757281553,0.0097087378640776,0.058252427184466,0.0,0.0,0.1067961165048543,0.3356449375866852,0.3370319001386962,0.3550624133148405,0.3841886269070735,0.4174757281553398,0.4410540915395284,0.4854368932038835,0.4826629680998613,0.4826629680998613,0.4549237170596394,0.4257975034674064,0.3744798890429959,32,,,,,,,,,,,,,,,,,,,,,,,,,,,,,,,,,,,,,,,,,,,,,,,,
0.0562739463601532,0.1933668582375479,0.5004789272030653,0.3718869731800767,0.1896551724137931,0.243654214559387,0.2219827586206897,0.2713122605363985,0.1087164750957854,0.0168821839080459,0.1455938697318008,0.0571120689655172,0.0504877032096707,0.1356857023759899,0.0126219258024176,0.0,0.0,0.0,0.0031554814506044,0.0220883701542309,0.0220883701542309,0.0031554814506044,0.0031554814506044,0.0567986661108795,0.233009708737864,0.3883495145631068,0.0,0.0,0.0,0.0,0.0,0.058252427184466,0.0485436893203883,0.0097087378640776,0.0,0.2135922330097087,0.3356449375866852,0.3217753120665743,0.3439667128987517,0.377253814147018,0.4119278779472954,0.4590846047156727,0.4785020804438281,0.5159500693481277,0.5187239944521499,0.4687933425797503,0.4327323162274619,0.3647711511789182,32,,,,,,,,,,,,,,,,,,,,,,,,,,,,,,,,,,,,,,,,,,,,,,,,
0.1008141762452107,0.2432950191570881,0.2564655172413794,0.3403975095785441,0.1965996168582375,0.2321599616858238,0.2145593869731801,0.2461685823754789,0.1772030651340996,0.0817768199233716,0.0049090038314176,0.0516044061302682,0.0883534806169237,0.0410212588578574,0.0410212588578574,0.0063109629012088,0.0,0.0,0.0,0.0315548145060441,0.0063109629012088,0.0,0.0031554814506044,0.0094664443518132,0.2427184466019417,0.1262135922330097,0.1650485436893204,0.0097087378640776,0.0,0.0,0.0,0.058252427184466,0.0,0.0,0.0,0.0097087378640776,0.3467406380027739,0.319001386962552,0.3079056865464633,0.3314840499306519,0.4396671289875174,0.4895977808599168,0.5228848821081832,0.535367545076283,0.5270457697642164,0.4979195561719834,0.4757281553398058,0.4271844660194175,32,,,,,,,,,,,,,,,,,,,,,,,,,,,,,,,,,,,,,,,,,,,,,,,,
0.0255028735632183,0.1203304597701149,0.2726293103448276,0.1943247126436782,0.1766044061302682,0.1928879310344828,0.2083333333333334,0.2253352490421456,0.0834530651340996,0.0284961685823754,0.008022030651341,0.0101772030651341,0.0189328887036265,0.1041308878699458,0.0031554814506044,0.0126219258024176,0.0,0.0031554814506044,0.0,0.0063109629012088,0.0473322217590662,0.0,0.0,0.0,0.0679611650485436,0.3980582524271844,0.0,0.0097087378640776,0.0,0.0,0.0,0.0,0.1553398058252427,0.0,0.0,0.0,0.4008321775312067,0.3647711511789182,0.3647711511789182,0.3938973647711511,0.5034674063800277,0.5450762829403606,0.5617198335644938,0.5617198335644938,0.5409153952843274,0.4937586685159501,0.4687933425797503,0.4715672676837725,32,,,,,,,,,,,,,,,,,,,,,,,,,,,,,,,,,,,,,,,,,,,,,,,,
0.0090996168582375,0.0851293103448276,0.2249760536398468,0.1944444444444445,0.1278735632183908,0.0827346743295019,0.1666666666666667,0.1458333333333333,0.1283524904214559,0.0165229885057471,0.0944683908045977,0.0921934865900383,0.0,0.0725760733639016,0.0631096290120883,0.0063109629012088,0.0,0.0,0.0,0.0063109629012088,0.0126219258024176,0.0189328887036265,0.0031554814506044,0.0473322217590662,0.0,0.1941747572815534,0.233009708737864,0.0,0.0,0.0,0.0,0.0,0.0485436893203883,0.0097087378640776,0.0485436893203883,0.087378640776699,0.4715672676837725,0.4660194174757282,0.420249653259362,0.4618585298196949,0.5492371705963939,0.5922330097087379,0.6005547850208044,0.6421636615811374,0.6449375866851595,0.5686546463245493,0.5256588072122054,0.5589459084604715,32,,,,,,,,,,,,,,,,,,,,,,,,,,,,,,,,,,,,,,,,,,,,,,,,
0.2898706896551725,0.2025862068965517,0.2222222222222223,0.0844109195402298,0.0095785440613026,0.0116139846743295,0.0938697318007663,0.1221264367816092,0.1579262452107279,0.2545498084291188,0.1572078544061303,0.1859434865900384,0.0283993330554397,0.0820425177157148,0.0662651104626927,0.0347102959566486,0.0,0.0,0.0031554814506044,0.037865777407253,0.0126219258024176,0.0504877032096707,0.0252438516048353,0.0283993330554397,0.0679611650485436,0.2621359223300971,0.2524271844660194,0.087378640776699,0.0,0.0,0.0,0.1067961165048543,0.0194174757281553,0.145631067961165,0.0097087378640776,0.0970873786407767,0.5284327323162274,0.4840499306518725,0.4687933425797503,0.492371705963939,0.5117891816920944,0.5520110957004161,0.6005547850208044,0.6782246879334259,0.6560332871012483,0.6324549237170597,0.6227461858529821,0.5617198335644938,32,,,,,,,,,,,,,,,,,,,,,,,,,,,,,,,,,,,,,,,,,,,,,,,,
0.2252155172413793,0.1962404214559387,0.1877394636015326,0.0907567049808429,0.0111350574712643,0.075191570881226,0.1778017241379311,0.102610153256705,0.0166427203065134,0.1047653256704981,0.0979406130268199,0.2362308429118775,0.1009754064193414,0.1072863693205502,0.0504877032096707,0.0126219258024176,0.0,0.0,0.015777407253022,0.015777407253022,0.0126219258024176,0.0063109629012088,0.0031554814506044,0.0599541475614839,0.3203883495145631,0.3300970873786408,0.1359223300970873,0.0097087378640776,0.0,0.0,0.029126213592233,0.0485436893203883,0.0097087378640776,0.0097087378640776,0.0,0.174757281553398,0.5284327323162274,0.5353675450762829,0.5187239944521499,0.5173370319001387,0.5423023578363385,0.5325936199722608,0.5104022191400832,0.492371705963939,0.5006934812760055,0.5048543689320389,0.490984743411928,0.4757281553398058,32,,,,,,,,,,,,,,,,,,,,,,,,,,,,,,,,,,,,,,,,,,,,,,,,
0.4621647509578545,0.1785201149425287,0.2808908045977012,0.5211925287356323,0.1530172413793104,0.0886015325670498,0.2076149425287356,0.0866858237547893,0.1181752873563218,0.011015325670498,0.0487308429118774,0.07602969348659,0.0631096290120883,0.1293747394747811,0.0473322217590662,0.0094664443518132,0.0,0.0,0.0189328887036265,0.0,0.0283993330554397,0.0031554814506044,0.0063109629012088,0.0126219258024176,0.2135922330097087,0.3106796116504854,0.1553398058252427,0.0,0.0,0.0,0.0388349514563106,0.0,0.0776699029126213,0.0,0.0194174757281553,0.0194174757281553,0.4590846047156727,0.4368932038834952,0.4590846047156727,0.4757281553398058,0.5104022191400832,0.5769764216366159,0.6019417475728157,0.5894590846047157,0.5312066574202496,0.5006934812760055,0.4868238557558946,0.4618585298196949,32,,,,,,,,,,,,,,,,,,,,,,,,,,,,,,,,,,,,,,,,,,,,,,,,
0.1163793103448276,0.3162116858237548,0.2546695402298851,0.0158045977011494,0.0111350574712643,0.1896551724137931,0.1746886973180077,0.1861829501915709,0.0414272030651341,0.0314894636015325,0.4394157088122606,0.0806992337164751,0.0347102959566486,0.1293747394747811,0.0315548145060441,0.0031554814506044,0.0,0.0031554814506044,0.0126219258024176,0.0063109629012088,0.0220883701542309,0.0441767403084618,0.015777407253022,0.015777407253022,0.145631067961165,0.4368932038834951,0.087378640776699,0.0,0.0,0.0,0.029126213592233,0.0,0.0679611650485436,0.029126213592233,0.0,0.029126213592233,0.4424410540915395,0.4216366158113732,0.418862690707351,0.4479889042995839,0.4687933425797503,0.5020804438280168,0.5409153952843274,0.5755894590846048,0.5866851595006934,0.5464632454923718,0.5201109570041609,0.5117891816920944,32,,,,,,,,,,,,,,,,,,,,,,,,,,,,,,,,,,,,,,,,,,,,,,,,
0.190852490421456,0.317528735632184,0.1940852490421456,0.101772030651341,0.1132662835249042,0.1940852490421456,0.1420019157088122,0.2232998084291188,0.1381704980842912,0.2423371647509579,0.2965756704980843,0.0391522988505747,0.0410212588578574,0.0788870362651104,0.0978199249687369,0.0126219258024176,0.0,0.0,0.0,0.0315548145060441,0.0063109629012088,0.0504877032096707,0.015777407253022,0.0063109629012088,0.174757281553398,0.1844660194174757,0.3398058252427184,0.0,0.0,0.0,0.0,0.0679611650485436,0.0097087378640776,0.0485436893203883,0.0097087378640776,0.0097087378640776,0.4826629680998613,0.4147018030513176,0.4355062413314841,0.4729542302357836,0.5006934812760057,0.5312066574202496,0.5575589459084606,0.6033287101248267,0.6116504854368933,0.5423023578363384,0.5201109570041609,0.5187239944521499,32,,,,,,,,,,,,,,,,,,,,,,,,,,,,,,,,,,,,,,,,,,,,,,,,
0.0811781609195402,0.1192528735632184,0.1424808429118774,0.0878831417624521,0.1737308429118774,0.1088362068965517,0.1495450191570881,0.1785201149425287,0.1922892720306514,0.522749042145594,0.4929358237547893,0.0876436781609195,0.0252438516048353,0.0,0.0694205919132972,0.0,0.0094664443518132,0.0,0.0,0.037865777407253,0.1009754064193414,0.0788870362651104,0.0631096290120883,0.0031554814506044,0.0679611650485436,0.0097087378640776,0.2135922330097087,0.0,0.0194174757281553,0.0,0.0,0.1359223300970873,0.2912621359223301,0.0485436893203883,0.174757281553398,0.0,0.4687933425797503,0.4674063800277393,0.4563106796116506,0.4632454923717061,0.5020804438280168,0.5631067961165049,0.6005547850208044,0.6033287101248267,0.6241331484049931,0.60748959778086,0.5395284327323163,0.5256588072122054,32,,,,,,,,,,,,,,,,,,,,,,,,,,,,,,,,,,,,,,,,,,,,,,,,
0.0132902298850574,0.202705938697318,0.1358955938697318,0.1356561302681992,0.0757902298850575,0.1302681992337165,0.2011494252873563,0.1255986590038314,0.1933668582375479,0.0463362068965517,0.1176963601532567,0.1029693486590038,0.0,0.0725760733639016,0.0473322217590662,0.0252438516048353,0.0,0.0,0.0189328887036265,0.0063109629012088,0.0189328887036265,0.0063109629012088,0.0063109629012088,0.0252438516048353,0.0,0.2233009708737864,0.174757281553398,0.029126213592233,0.0,0.0,0.0388349514563106,0.0,0.0388349514563106,0.0194174757281553,0.0097087378640776,0.0485436893203883,0.5104022191400832,0.4854368932038835,0.4618585298196949,0.4646324549237171,0.4687933425797503,0.5159500693481277,0.5977808599167822,0.6116504854368932,0.564493758668516,0.5214979195561721,0.490984743411928,0.4507628294036061,32,,,,,,,,,,,,,,,,,,,,,,,,,,,,,,,,,,,,,,,,,,,,,,,,
0.2001915708812261,0.1349377394636015,0.2238984674329502,0.1713362068965517,0.1762452107279693,0.1354166666666667,0.2367097701149426,0.2363505747126437,0.0972222222222222,0.1094348659003831,0.0957854406130268,0.2045019157088123,0.0694205919132972,0.1199082951229679,0.0031554814506044,0.0126219258024176,0.0,0.0,0.0189328887036265,0.0252438516048353,0.0063109629012088,0.0031554814506044,0.0126219258024176,0.0283993330554397,0.233009708737864,0.3689320388349514,0.0097087378640776,0.0194174757281553,0.0,0.0,0.029126213592233,0.0679611650485436,0.029126213592233,0.0194174757281553,0.0388349514563106,0.087378640776699,0.3703190013869625,0.3661581137309293,0.3592233009708738,0.4063800277392511,0.4563106796116506,0.4979195561719834,0.5173370319001387,0.490984743411928,0.4535367545076283,0.4327323162274619,0.4216366158113731,0.4188626907073509,32,,,,,,,,,,,,,,,,,,,,,,,,,,,,,,,,,,,,,,,,,,,,,,,,
0.2929837164750958,0.2601772030651341,0.4040948275862069,0.2092911877394636,0.1380507662835249,0.1817528735632184,0.2447318007662835,0.1902538314176245,0.1487068965517241,0.12080938697318,0.2198275862068966,0.3461446360153257,0.037865777407253,0.1514631096290121,0.015777407253022,0.0031554814506044,0.0,0.0031554814506044,0.015777407253022,0.0,0.0347102959566486,0.037865777407253,0.015777407253022,0.0441767403084618,0.1650485436893204,0.5145631067961165,0.029126213592233,0.0,0.0,0.0097087378640776,0.029126213592233,0.0,0.1067961165048543,0.1359223300970873,0.058252427184466,0.1262135922330097,0.420249653259362,0.4216366158113731,0.4160887656033287,0.4160887656033287,0.4382801664355062,0.5104022191400832,0.5575589459084606,0.5339805825242719,0.5589459084604715,0.5423023578363384,0.4674063800277393,0.4216366158113731,32,,,,,,,,,,,,,,,,,,,,,,,,,,,,,,,,,,,,,,,,,,,,,,,,
0.4448036398467433,0.1733716475095785,0.3649425287356322,0.2903496168582376,0.1603208812260536,0.1782806513409962,0.2180316091954023,0.1945641762452107,0.1995929118773947,0.0366379310344827,0.1484674329501916,0.1471503831417625,0.1041308878699458,0.0094664443518132,0.0536431846602751,0.0567986661108795,0.0,0.0,0.015777407253022,0.0094664443518132,0.0220883701542309,0.0063109629012088,0.0063109629012088,0.015777407253022,0.2718446601941747,0.0194174757281553,0.1359223300970873,0.1844660194174757,0.0,0.0,0.0194174757281553,0.0097087378640776,0.058252427184466,0.0097087378640776,0.0,0.029126213592233,0.3717059639389737,0.3786407766990292,0.4230235783633842,0.4549237170596394,0.5242718446601942,0.5575589459084606,0.5839112343966714,0.5742024965325937,0.5242718446601942,0.4715672676837725,0.449375866851595,0.4479889042995839,32,,,,,,,,,,,,,,,,,,,,,,,,,,,,,,,,,,,,,,,,,,,,,,,,
0.2461685823754789,0.2993295019157088,0.2693965517241379,0.1606800766283525,0.1102729885057471,0.1756465517241379,0.1439176245210728,0.1673850574712644,0.0531609195402299,0.0123323754789272,0.0409482758620689,0.100933908045977,0.0347102959566486,0.0536431846602751,0.0725760733639016,0.0063109629012088,0.0,0.0063109629012088,0.015777407253022,0.015777407253022,0.0126219258024176,0.0094664443518132,0.015777407253022,0.0126219258024176,0.1067961165048543,0.145631067961165,0.233009708737864,0.0,0.0,0.0,0.0388349514563106,0.0097087378640776,0.029126213592233,0.058252427184466,0.0,0.029126213592233,0.4895977808599168,0.4840499306518725,0.4410540915395284,0.4826629680998613,0.5284327323162274,0.5575589459084606,0.6005547850208044,0.6171983356449376,0.6047156726768377,0.5769764216366158,0.5228848821081832,0.4687933425797503,32,,,,,,,,,,,,,,,,,,,,,,,,,,,,,,,,,,,,,,,,,,,,,,,,
0.105603448275862,0.2019875478927204,0.2252155172413793,0.0771072796934866,0.1071599616858237,0.1203304597701149,0.2455699233716475,0.1707375478927203,0.1533764367816092,0.136374521072797,0.0895593869731801,0.3140565134099617,0.0189328887036265,0.0662651104626927,0.1262192580241767,0.0094664443518132,0.0,0.0,0.0,0.0315548145060441,0.0252438516048353,0.0536431846602751,0.0315548145060441,0.0662651104626927,0.0485436893203883,0.1844660194174757,0.4077669902912621,0.0,0.0,0.0,0.0,0.0388349514563106,0.0485436893203883,0.1650485436893204,0.029126213592233,0.1941747572815534,0.40499306518724,0.4022191400832178,0.377253814147018,0.4174757281553398,0.5117891816920944,0.5395284327323163,0.5769764216366158,0.5728155339805825,0.5617198335644938,0.5561719833564495,0.5312066574202496,0.5339805825242719,32,,,,,,,,,,,,,,,,,,,,,,,,,,,,,,,,,,,,,,,,,,,,,,,,
0.0924329501915709,0.1540948275862069,0.2011494252873563,0.0694444444444444,0.0931513409961685,0.0870450191570881,0.087404214559387,0.1108716475095785,0.0484913793103448,0.1481082375478927,0.7051005747126439,0.2817289272030652,0.0220883701542309,0.1388411838265944,0.0,0.0094664443518132,0.0063109629012088,0.0,0.0,0.0063109629012088,0.0252438516048353,0.0978199249687369,0.0599541475614839,0.0347102959566486,0.1067961165048543,0.4563106796116505,0.0,0.0097087378640776,0.0194174757281553,0.0,0.0,0.0,0.058252427184466,0.145631067961165,0.058252427184466,0.0097087378640776,0.521497919556172,0.5228848821081832,0.5117891816920944,0.535367545076283,0.6130374479889044,0.6490984743411928,0.6823855755894592,0.665742024965326,0.6130374479889044,0.5755894590846048,0.5631067961165049,0.5880721220527046,32,,,,,,,,,,,,,,,,,,,,,,,,,,,,,,,,,,,,,,,,,,,,,,,,
0.2262931034482759,0.1534961685823755,0.1193726053639847,0.0538793103448276,0.0128113026819923,0.0112547892720306,0.0446599616858237,0.0111350574712643,0.0803400383141762,0.5190373563218391,0.0985392720306513,0.1215277777777778,0.0094664443518132,0.1009754064193414,0.0599541475614839,0.0094664443518132,0.0,0.0,0.015777407253022,0.0,0.0662651104626927,0.0410212588578574,0.0126219258024176,0.0094664443518132,0.058252427184466,0.2718446601941747,0.203883495145631,0.0,0.0,0.0,0.0194174757281553,0.0,0.087378640776699,0.0679611650485436,0.0097087378640776,0.0194174757281553,0.5742024965325937,0.5450762829403606,0.5395284327323163,0.5825242718446603,0.6171983356449376,0.6241331484049931,0.6213592233009709,0.6061026352288489,0.5825242718446603,0.5506241331484051,0.5506241331484051,0.5492371705963939,32,,,,,,,,,,,,,,,,,,,,,,,,,,,,,,,,,,,,,,,,,,,,,,,,
0.3405172413793104,0.2062978927203065,0.1878591954022988,0.1014128352490421,0.0204741379310344,0.0222701149425287,0.060823754789272,0.0847701149425287,0.1279932950191571,0.0154454022988505,0.0396312260536398,0.1827107279693487,0.0441767403084618,0.1104418507711546,0.075731554814506,0.0063109629012088,0.0,0.0,0.0126219258024176,0.0220883701542309,0.0094664443518132,0.0,0.0,0.0220883701542309,0.145631067961165,0.3300970873786408,0.2621359223300971,0.0,0.0,0.0,0.029126213592233,0.0194174757281553,0.0097087378640776,0.0,0.0,0.0679611650485436,0.5464632454923718,0.5298196948682387,0.5145631067961166,0.5173370319001387,0.5492371705963939,0.6019417475728157,0.579750346740638,0.5575589459084606,0.5506241331484051,0.5256588072122054,0.5256588072122054,0.5409153952843274,32,,,,,,,,,,,,,,,,,,,,,,,,,,,,,,,,,,,,,,,,,,,,,,,,
0.2095306513409962,0.20522030651341,0.2316810344827586,0.1363745210727969,0.0795019157088122,0.1227250957854406,0.1331417624521073,0.1573275862068965,0.1173371647509578,0.1107519157088122,0.0993773946360153,0.1661877394636015,0.0725760733639016,0.1325302209253855,0.0347102959566486,0.0,0.0,0.0,0.0189328887036265,0.0031554814506044,0.015777407253022,0.0063109629012088,0.0,0.015777407253022,0.1941747572815534,0.4466019417475728,0.0776699029126213,0.0,0.0,0.0,0.0194174757281553,0.0097087378640776,0.0194174757281553,0.0,0.0,0.029126213592233,0.5367545076282941,0.5256588072122054,0.5395284327323163,0.5339805825242719,0.5423023578363384,0.5714285714285715,0.5825242718446603,0.5908460471567268,0.6047156726768378,0.6171983356449376,0.5950069348127602,0.5714285714285715,32,,,,,,,,,,,,,,,,,,,,,,,,,,,,,,,,,,,,,,,,,,,,,,,,
0.2625718390804598,0.1774425287356322,0.4596503831417626,0.1261973180076628,0.0880028735632184,0.0915948275862069,0.1364942528735632,0.1788793103448276,0.1561302681992337,0.0966235632183908,0.0176005747126436,0.2628113026819924,0.0347102959566486,0.0725760733639016,0.0788870362651104,0.0094664443518132,0.0,0.0,0.0126219258024176,0.0189328887036265,0.037865777407253,0.0063109629012088,0.0,0.0410212588578574,0.029126213592233,0.1844660194174757,0.2718446601941747,0.0097087378640776,0.0,0.0,0.0194174757281553,0.0097087378640776,0.0970873786407767,0.0,0.0,0.0388349514563106,0.5367545076282941,0.5145631067961166,0.5131761442441054,0.5048543689320389,0.4993065187239945,0.5159500693481277,0.5533980582524273,0.6144244105409155,0.6116504854368932,0.5755894590846048,0.5367545076282941,0.4951456310679612,32,,,,,,,,,,,,,,,,,,,,,,,,,,,,,,,,,,,,,,,,,,,,,,,,
0.3775143678160921,0.1860632183908046,0.2681992337164752,0.1404454022988506,0.1412835249042146,0.1719348659003831,0.1572078544061303,0.161757662835249,0.1404454022988506,0.0253831417624521,0.0288553639846743,0.0438218390804597,0.0315548145060441,0.0504877032096707,0.0915089620675281,0.0094664443518132,0.0,0.0031554814506044,0.0094664443518132,0.0189328887036265,0.0315548145060441,0.0094664443518132,0.0031554814506044,0.0063109629012088,0.0970873786407767,0.1553398058252427,0.2815533980582524,0.0,0.0,0.0,0.0194174757281553,0.0097087378640776,0.1067961165048543,0.0,0.0,0.0194174757281553,0.4507628294036061,0.4410540915395284,0.4646324549237171,0.4840499306518725,0.5201109570041609,0.5575589459084606,0.5852981969486825,0.6047156726768378,0.5686546463245493,0.5436893203883496,0.5214979195561721,0.5020804438280168,32,,,,,,,,,,,,,,,,,,,,,,,,,,,,,,,,,,,,,,,,,,,,,,,,
0.220426245210728,0.5051484674329503,0.2777777777777778,0.0830938697318007,0.0172413793103448,0.0217911877394636,0.0422653256704981,0.0269396551724137,0.3057950191570882,0.3647030651340997,0.1785201149425287,0.1931273946360153,0.0694205919132972,0.0473322217590662,0.1009754064193414,0.0063109629012088,0.0,0.0,0.0126219258024176,0.0126219258024176,0.0694205919132972,0.015777407253022,0.037865777407253,0.0063109629012088,0.145631067961165,0.1262135922330097,0.3106796116504854,0.0,0.0,0.0,0.0194174757281553,0.0097087378640776,0.2135922330097087,0.0194174757281553,0.058252427184466,0.0,0.4895977808599168,0.49375866851595,0.492371705963939,0.5020804438280168,0.5436893203883496,0.5672676837725382,0.5672676837725382,0.5839112343966714,0.6047156726768377,0.5880721220527046,0.5631067961165049,0.5395284327323163,32,,,,,,,,,,,,,,,,,,,,,,,,,,,,,,,,,,,,,,,,,,,,,,,,
0.2739463601532568,0.1561302681992337,0.5168821839080461,0.1190134099616858,0.1239224137931034,0.1315852490421456,0.1283524904214559,0.1138649425287356,0.0923132183908046,0.0170019157088122,0.0893199233716475,0.0314894636015325,0.0567986661108795,0.1987953313880783,0.0094664443518132,0.0094664443518132,0.0,0.0,0.0,0.0220883701542309,0.015777407253022,0.0063109629012088,0.0536431846602751,0.0,0.087378640776699,0.4563106796116505,0.0194174757281553,0.0,0.0,0.0,0.0,0.029126213592233,0.029126213592233,0.0194174757281553,0.1553398058252427,0.0,0.5436893203883496,0.5242718446601942,0.5187239944521499,0.5325936199722608,0.5506241331484051,0.5575589459084606,0.5825242718446603,0.5922330097087379,0.6047156726768378,0.5922330097087379,0.5631067961165048,0.535367545076283,32,,,,,,,,,,,,,,,,,,,,,,,,,,,,,,,,,,,,,,,,,,,,,,,,
0.0213122605363984,0.1240421455938697,0.2310823754789272,0.171455938697318,0.0936302681992337,0.115301724137931,0.1107519157088122,0.1721743295019157,0.15625,0.4732998084291189,0.1726532567049808,0.1034482758620689,0.0,0.0978199249687369,0.0,0.015777407253022,0.0031554814506044,0.0,0.0031554814506044,0.015777407253022,0.0725760733639016,0.0441767403084618,0.0031554814506044,0.0094664443518132,0.0,0.3203883495145631,0.0,0.029126213592233,0.0,0.0,0.0,0.0194174757281553,0.1067961165048543,0.0776699029126213,0.0,0.0097087378640776,0.5062413314840499,0.4868238557558945,0.4687933425797503,0.4646324549237171,0.4743411927877948,0.5062413314840499,0.5922330097087379,0.6130374479889044,0.5936199722607489,0.5575589459084606,0.5242718446601942,0.4993065187239945,32,,,,,,,,,,,,,,,,,,,,,,,,,,,,,,,,,,,,,,,,,,,,,,,,
0.270234674329502,0.5306513409961687,0.978448275862069,0.1922892720306514,0.1271551724137931,0.132183908045977,0.1809147509578544,0.123323754789272,0.1217672413793103,0.0603448275862069,0.0096982758620689,0.1484674329501916,0.1483076281784076,0.1640850354314297,0.0978199249687369,0.0094664443518132,0.0,0.0031554814506044,0.0094664443518132,0.015777407253022,0.0063109629012088,0.0,0.0,0.015777407253022,0.3495145631067961,0.3592233009708738,0.3106796116504854,0.0,0.0,0.0,0.029126213592233,0.0194174757281553,0.0097087378640776,0.0,0.0,0.0194174757281553,0.4882108183079057,0.4965325936199722,0.4840499306518725,0.4812760055478502,0.5048543689320389,0.5603328710124827,0.5728155339805825,0.5603328710124827,0.5589459084604715,0.5478502080443829,0.5048543689320389,0.4438280166435506,32,,,,,,,,,,,,,,,,,,,,,,,,,,,,,,,,,,,,,,,,,,,,,,,,
0.0689655172413793,0.0723180076628352,0.1694204980842912,0.1399664750957854,0.1479885057471265,0.1503831417624521,0.1734913793103449,0.2455699233716475,0.1528975095785441,0.1005747126436781,0.125,0.084051724137931,0.0,0.0,0.037865777407253,0.0,0.0,0.0,0.0,0.0220883701542309,0.0063109629012088,0.0063109629012088,0.0063109629012088,0.0,0.0,0.0,0.1067961165048543,0.0,0.0,0.0,0.0,0.0485436893203883,0.0097087378640776,0.0,0.0,0.0,0.4216366158113731,0.4271844660194175,0.4313453536754508,0.449375866851595,0.4840499306518725,0.5339805825242719,0.5547850208044384,0.579750346740638,0.5742024965325937,0.5575589459084606,0.4826629680998613,0.4715672676837725,32,,,,,,,,,,,,,,,,,,,,,,,,,,,,,,,,,,,,,,,,,,,,,,,,
0.1124281609195402,0.1069204980842912,0.1653496168582376,0.1404454022988506,0.1422413793103448,0.1489463601532567,0.1467911877394636,0.1779214559386973,0.146551724137931,0.1520593869731801,0.0977011494252873,0.2258141762452107,0.0126219258024176,0.0473322217590662,0.0094664443518132,0.0,0.0,0.0,0.0,0.0094664443518132,0.0094664443518132,0.0094664443518132,0.0,0.0220883701542309,0.0388349514563106,0.1359223300970873,0.0,0.0,0.0,0.0,0.0,0.0097087378640776,0.0194174757281553,0.0,0.0,0.058252427184466,0.4576976421636616,0.4521497919556173,0.4410540915395284,0.4479889042995839,0.4590846047156727,0.4826629680998613,0.4826629680998613,0.4979195561719834,0.5312066574202496,0.5131761442441054,0.4868238557558945,0.4687933425797503,32,,,,,,,,,,,,,,,,,,,,,,,,,,,,,,,,,,,,,,,,,,,,,,,,
0.1198515325670498,0.1075191570881226,0.1695402298850575,0.0811781609195402,0.1478687739463602,0.1610392720306513,0.1684626436781609,0.1995929118773947,0.1427203065133995,0.0965038314176245,0.1012931034482758,0.0762691570881226,0.0126219258024176,0.0252438516048353,0.0094664443518132,0.0031554814506044,0.0,0.0031554814506044,0.0,0.0126219258024176,0.0126219258024176,0.0063109629012088,0.0094664443518132,0.0,0.0194174757281553,0.1067961165048543,0.0,0.0,0.0,0.0,0.0,0.0,0.0388349514563106,0.0194174757281553,0.0,0.0097087378640776,0.490984743411928,0.4882108183079057,0.4674063800277393,0.4715672676837725,0.4618585298196949,0.5270457697642164,0.5755894590846048,0.5922330097087379,0.565880721220527,0.5464632454923718,0.5228848821081832,0.5006934812760055,32,,,,,,,,,,,,,,,,,,,,,,,,,,,,,,,,,,,,,,,,,,,,,,,,
0.0957854406130268,0.0872844827586207,0.1404454022988506,0.0866858237547893,0.166786398467433,0.1654693486590038,0.1698994252873563,0.2015086206896552,0.0905172413793103,0.1812739463601533,0.0421455938697318,0.0299329501915709,0.0220883701542309,0.0283993330554397,0.0063109629012088,0.0031554814506044,0.0,0.0,0.0,0.0094664443518132,0.0063109629012088,0.0094664443518132,0.0063109629012088,0.0031554814506044,0.058252427184466,0.1067961165048543,0.0,0.0,0.0,0.0,0.0,0.029126213592233,0.0,0.0194174757281553,0.0,0.0,0.4798890429958392,0.4715672676837725,0.4299583911234397,0.4479889042995839,0.5145631067961165,0.5339805825242719,0.5908460471567267,0.6116504854368932,0.6033287101248267,0.579750346740638,0.5062413314840499,0.4604715672676838,32,,,,,,,,,,,,,,,,,,,,,,,,,,,,,,,,,,,,,,,,,,,,,,,,
0.1706178160919541,0.1181752873563218,0.1143438697318007,0.1391283524904214,0.1234434865900383,0.1768438697318008,0.1888170498084291,0.1761254789272031,0.0911159003831417,0.0830938697318007,0.0525622605363984,0.0545977011494253,0.0220883701542309,0.0094664443518132,0.0252438516048353,0.0031554814506044,0.0,0.0,0.0031554814506044,0.0063109629012088,0.0,0.0063109629012088,0.0063109629012088,0.0031554814506044,0.087378640776699,0.0194174757281553,0.087378640776699,0.0,0.0,0.0,0.0,0.0194174757281553,0.0,0.0097087378640776,0.0,0.0,0.4257975034674064,0.4022191400832178,0.3966712898751734,0.4618585298196949,0.5603328710124827,0.6033287101248267,0.6352288488210819,0.6546463245492372,0.6560332871012483,0.6116504854368933,0.5742024965325937,0.5547850208044384,32,,,,,,,,,,,,,,,,,,,,,,,,,,,,,,,,,,,,,,,,,,,,,,,,
0.0662116858237548,0.0678879310344827,0.0592672413793103,0.014367816091954,0.0314894636015325,0.1409243295019157,0.1293103448275862,0.1375718390804598,0.2619731800766284,0.01352969348659,0.1452346743295019,0.0435823754789272,0.0031554814506044,0.0126219258024176,0.037865777407253,0.0063109629012088,0.0,0.0,0.0,0.0189328887036265,0.0220883701542309,0.0,0.0063109629012088,0.0063109629012088,0.0,0.0388349514563106,0.116504854368932,0.0,0.0,0.0,0.0,0.029126213592233,0.0097087378640776,0.0,0.0097087378640776,0.0194174757281553,0.5020804438280168,0.4812760055478502,0.4757281553398058,0.5381414701803051,0.5880721220527046,0.6269070735090153,0.6601941747572816,0.7004160887656034,0.7156726768377254,0.6754507628294038,0.6393897364771151,0.6102635228848822,32,,,,,,,,,,,,,,,,,,,,,,,,,,,,,,,,,,,,,,,,,,,,,,,,
0.1639128352490422,0.0636973180076628,0.0676484674329502,0.0136494252873563,0.0147270114942528,0.0131704980842911,0.0101772030651341,0.1544540229885057,0.087404214559387,0.541786398467433,0.3425526819923372,0.1139846743295019,0.015777407253022,0.0126219258024176,0.0315548145060441,0.0063109629012088,0.0,0.0,0.0,0.0094664443518132,0.1924843684868695,0.0410212588578574,0.0126219258024176,0.0441767403084618,0.0485436893203883,0.0194174757281553,0.0970873786407767,0.0,0.0,0.0,0.0,0.0194174757281553,0.4271844660194174,0.0388349514563106,0.0194174757281553,0.1262135922330097,0.5603328710124827,0.5395284327323163,0.564493758668516,0.5686546463245493,0.6310679611650486,0.6560332871012483,0.7170596393897366,0.739251040221914,0.7184466019417476,0.6227461858529821,0.5922330097087379,0.565880721220527,32,,,,,,,,,,,,,,,,,,,,,,,,,,,,,,,,,,,,,,,,,,,,,,,,
0.4440852490421457,0.1878591954022988,0.0959051724137931,0.0164032567049808,0.0168821839080459,0.0180795019157088,0.0180795019157088,0.0853687739463601,0.0896791187739463,0.1342193486590038,0.0246647509578544,0.0263409961685823,0.0694205919132972,0.0567986661108795,0.0126219258024176,0.0,0.0,0.0,0.0031554814506044,0.0031554814506044,0.0283993330554397,0.0189328887036265,0.0031554814506044,0.0252438516048353,0.1650485436893204,0.174757281553398,0.0097087378640776,0.0,0.0,0.0,0.0,0.0,0.0485436893203883,0.0485436893203883,0.0,0.087378640776699,0.5312066574202496,0.4979195561719834,0.4785020804438281,0.4882108183079057,0.5131761442441054,0.5450762829403606,0.5631067961165049,0.5728155339805825,0.565880721220527,0.5298196948682387,0.5048543689320389,0.4937586685159501,32,,,,,,,,,,,,,,,,,,,,,,,,,,,,,,,,,,,,,,,,,,,,,,,,
0.1342193486590038,0.5542385057471266,0.3217193486590039,0.2271312260536399,0.1236829501915709,0.2118055555555556,0.1727729885057471,0.1843869731800766,0.1032088122605364,0.0786637931034482,0.038433908045977,0.0247844827586206,0.0820425177157148,0.1104418507711546,0.0851979991663193,0.0094664443518132,0.0,0.0,0.0126219258024176,0.0126219258024176,0.0063109629012088,0.015777407253022,0.0094664443518132,0.0126219258024176,0.1553398058252427,0.3203883495145631,0.2718446601941747,0.0,0.0,0.0,0.029126213592233,0.0194174757281553,0.058252427184466,0.0194174757281553,0.0679611650485436,0.0194174757281553,0.4743411927877948,0.4687933425797503,0.4549237170596394,0.4785020804438281,0.5104022191400832,0.5284327323162274,0.5533980582524273,0.5825242718446603,0.5811373092926492,0.5631067961165049,0.5242718446601942,0.4826629680998613,32,,,,,,,,,,,,,,,,,,,,,,,,,,,,,,,,,,,,,,,,,,,,,,,,
0.0767480842911877,0.4852729885057472,0.3894875478927204,0.141044061302682,0.1404454022988506,0.1646312260536398,0.1684626436781609,0.1913314176245211,0.0299329501915709,0.0168821839080459,0.0173611111111111,0.1048850574712643,0.0599541475614839,0.1703959983326386,0.0631096290120883,0.0126219258024176,0.0,0.0,0.0126219258024176,0.0283993330554397,0.0126219258024176,0.0,0.0,0.0189328887036265,0.1941747572815534,0.4466019417475728,0.2135922330097087,0.0097087378640776,0.0,0.0,0.0194174757281553,0.0485436893203883,0.0,0.0,0.0,0.0194174757281553,0.4299583911234397,0.4022191400832178,0.3952843273231623,0.4757281553398058,0.5381414701803051,0.5478502080443829,0.5755894590846048,0.6158113730929267,0.6393897364771152,0.6005547850208044,0.5423023578363385,0.507628294036061,32,,,,,,,,,,,,,,,,,,,,,,,,,,,,,,,,,,,,,,,,,,,,,,,,
0.2125239463601533,0.0592672413793103,0.1716954022988506,0.1337404214559387,0.0162835249042145,0.092911877394636,0.1643917624521073,0.0991379310344827,0.1090756704980843,0.0738745210727969,0.038433908045977,0.0264607279693486,0.0252438516048353,0.0031554814506044,0.1199082951229679,0.0883534806169237,0.0,0.0,0.0,0.0126219258024176,0.0189328887036265,0.0283993330554397,0.0315548145060441,0.0725760733639016,0.0388349514563106,0.0,0.2815533980582524,0.2815533980582524,0.0,0.0,0.0,0.0194174757281553,0.0194174757281553,0.0679611650485436,0.0388349514563106,0.029126213592233,0.4854368932038835,0.4521497919556173,0.4438280166435506,0.5506241331484051,0.6005547850208044,0.6255201109570041,0.6865464632454924,0.7198335644937586,0.7295423023578363,0.6879334257975035,0.6393897364771151,0.5936199722607489,32,,,,,,,,,,,,,,,,,,,,,,,,,,,,,,,,,,,,,,,,,,,,,,,,
0.0956657088122605,0.1546934865900383,0.2270114942528736,0.0723180076628352,0.0195162835249042,0.0149664750957854,0.0195162835249042,0.1282327586206897,0.0988984674329502,0.0308908045977011,0.019037356321839,0.0634578544061302,0.0220883701542309,0.0820425177157148,0.0567986661108795,0.0126219258024176,0.0,0.0,0.0,0.0347102959566486,0.0473322217590662,0.0063109629012088,0.0,0.0189328887036265,0.058252427184466,0.2621359223300971,0.1844660194174757,0.0,0.0,0.0,0.0,0.0679611650485436,0.0679611650485436,0.0,0.0,0.0388349514563106,0.5672676837725382,0.4965325936199722,0.5034674063800277,0.5852981969486825,0.6463245492371706,0.6865464632454924,0.7087378640776699,0.7281553398058253,0.737864077669903,0.7087378640776699,0.6574202496532595,0.650485436893204,32,,,,,,,,,,,,,,,,,,,,,,,,,,,,,,,,,,,,,,,,,,,,,,,,
0.1018917624521073,0.4069683908045978,0.1574473180076628,0.1251197318007663,0.0187978927203065,0.0211925287356321,0.0613026819923371,0.0476532567049808,0.0187978927203065,0.0177203065134099,0.0470545977011494,0.2539511494252874,0.1041308878699458,0.0094664443518132,0.0788870362651104,0.0126219258024176,0.0,0.0,0.015777407253022,0.015777407253022,0.015777407253022,0.0,0.0031554814506044,0.0220883701542309,0.203883495145631,0.029126213592233,0.2233009708737864,0.0,0.0,0.0,0.0194174757281553,0.0388349514563106,0.0485436893203883,0.0,0.0,0.0485436893203883,0.5908460471567267,0.5395284327323163,0.5617198335644938,0.6116504854368932,0.651872399445215,0.7004160887656034,0.7239944521497921,0.7475728155339805,0.7503467406380028,0.7018030513176144,0.6393897364771152,0.6185852981969486,32,,,,,,,,,,,,,,,,,,,,,,,,,,,,,,,,,,,,,,,,,,,,,,,,
0.1149425287356322,0.171455938697318,0.2194683908045977,0.0537595785440613,0.0353208812260536,0.0247844827586206,0.0506465517241379,0.0221503831417624,0.0962643678160919,0.0516044061302682,0.2106082375478928,0.1302681992337165,0.0536431846602751,0.0915089620675281,0.0536431846602751,0.0315548145060441,0.0,0.0,0.0094664443518132,0.0063109629012088,0.015777407253022,0.0031554814506044,0.0631096290120883,0.0063109629012088,0.145631067961165,0.2233009708737864,0.1067961165048543,0.0970873786407767,0.0,0.0,0.0194174757281553,0.0,0.0388349514563106,0.0,0.0485436893203883,0.0194174757281553,0.6185852981969487,0.5839112343966713,0.5603328710124827,0.5977808599167822,0.6282940360610264,0.6546463245492372,0.6699029126213593,0.6879334257975035,0.6990291262135924,0.6546463245492372,0.6490984743411928,0.6061026352288489,32,,,,,,,,,,,,,,,,,,,,,,,,,,,,,,,,,,,,,,,,,,,,,,,,
0.1506226053639847,0.1433189655172414,0.1701388888888889,0.3742816091954024,0.0238266283524904,0.0226293103448275,0.0548371647509578,0.0192768199233716,0.0790229885057471,0.0415469348659004,0.3799090038314177,0.291786398467433,0.0725760733639016,0.075731554814506,0.0788870362651104,0.0031554814506044,0.0031554814506044,0.0,0.0126219258024176,0.0063109629012088,0.0410212588578574,0.0441767403084618,0.0283993330554397,0.0473322217590662,0.2524271844660194,0.1941747572815534,0.2135922330097087,0.0,0.0,0.0,0.029126213592233,0.0,0.0679611650485436,0.0,0.0194174757281553,0.0388349514563106,0.5852981969486825,0.5547850208044384,0.5214979195561721,0.5603328710124827,0.5769764216366159,0.6047156726768378,0.6449375866851595,0.6449375866851595,0.653259361997226,0.6324549237170597,0.6061026352288489,0.5700416088765604,32,,,,,,,,,,,,,,,,,,,,,,,,,,,,,,,,,,,,,,,,,,,,,,,,
0.0816570881226053,0.0804597701149425,0.198036398467433,0.0652538314176245,0.0222701149425287,0.0164032567049808,0.0557950191570881,0.0123323754789272,0.1033285440613027,0.0195162835249042,0.0611829501915708,0.068007662835249,0.0820425177157148,0.113597332221759,0.0725760733639016,0.0094664443518132,0.0,0.0031554814506044,0.0189328887036265,0.0,0.0189328887036265,0.0220883701542309,0.0063109629012088,0.0347102959566486,0.2233009708737864,0.3203883495145631,0.2233009708737864,0.0,0.0,0.0,0.029126213592233,0.0,0.0388349514563106,0.0194174757281553,0.0097087378640776,0.0388349514563106,0.5214979195561721,0.4979195561719834,0.4785020804438281,0.5006934812760055,0.5339805825242719,0.5686546463245493,0.6088765603328712,0.6255201109570042,0.6324549237170597,0.6241331484049931,0.5714285714285715,0.5450762829403606,32,,,,,,,,,,,,,,,,,,,,,,,,,,,,,,,,,,,,,,,,,,,,,,,,
0.225933908045977,0.2054597701149426,0.2590996168582376,0.3494971264367816,0.0203544061302682,0.0195162835249042,0.0438218390804597,0.2804118773946361,0.1485871647509579,0.0721982758620689,0.0999760536398467,0.1760057471264368,0.1041308878699458,0.0315548145060441,0.1009754064193414,0.0094664443518132,0.0,0.0,0.0126219258024176,0.0031554814506044,0.0220883701542309,0.0189328887036265,0.0347102959566486,0.0536431846602751,0.1067961165048543,0.0970873786407767,0.2718446601941747,0.0097087378640776,0.0,0.0,0.0194174757281553,0.0,0.0388349514563106,0.0679611650485436,0.087378640776699,0.145631067961165,0.5062413314840499,0.4882108183079057,0.4479889042995839,0.5020804438280168,0.5228848821081832,0.564493758668516,0.6116504854368933,0.6324549237170596,0.6282940360610264,0.5963938973647712,0.5617198335644938,0.5381414701803051,32,,,,,,,,,,,,,,,,,,,,,,,,,,,,,,,,,,,,,,,,,,,,,,,,
0.1088362068965517,0.179477969348659,0.2480842911877395,0.1381704980842912,0.0504070881226053,0.0405890804597701,0.0419061302681992,0.1187739463601532,0.1141044061302682,0.0319683908045977,0.0383141762452107,0.1164990421455938,0.037865777407253,0.0788870362651104,0.0946644435181325,0.0189328887036265,0.0315548145060441,0.0,0.0126219258024176,0.0252438516048353,0.0220883701542309,0.0094664443518132,0.015777407253022,0.0978199249687369,0.0970873786407767,0.1844660194174757,0.2621359223300971,0.0194174757281553,0.0097087378640776,0.0,0.0194174757281553,0.058252427184466,0.0194174757281553,0.0097087378640776,0.0097087378640776,0.203883495145631,0.4965325936199722,0.4715672676837725,0.4535367545076283,0.5214979195561721,0.5755894590846048,0.6088765603328712,0.6324549237170597,0.6615811373092927,0.6962552011095702,0.6338418862690708,0.6227461858529821,0.6158113730929267,32,,,,,,,,,,,,,,,,,,,,,,,,,,,,,,,,,,,,,,,,,,,,,,,,
0.0755507662835249,0.2300047892720307,0.240301724137931,0.0348419540229885,0.0469348659003831,0.0228687739463601,0.0251436781609195,0.1732519157088123,0.1196120689655172,0.1861829501915709,0.1386494252873563,0.121647509578544,0.0126219258024176,0.1577740725302209,0.0189328887036265,0.0063109629012088,0.0126219258024176,0.0,0.0031554814506044,0.0599541475614839,0.0694205919132972,0.0220883701542309,0.0283993330554397,0.0283993330554397,0.0097087378640776,0.4466019417475728,0.0194174757281553,0.0,0.0194174757281553,0.0,0.0,0.0970873786407767,0.145631067961165,0.058252427184466,0.0679611650485436,0.0194174757281553,0.6088765603328712,0.5839112343966714,0.5728155339805825,0.6088765603328712,0.6435506241331486,0.6712898751733705,0.5908460471567268,0.564493758668516,0.5700416088765604,0.5672676837725382,0.5769764216366159,0.5825242718446603,32,,,,,,,,,,,,,,,,,,,,,,,,,,,,,,,,,,,,,,,,,,,,,,,,
0.1733716475095785,0.372844827586207,0.6375718390804599,0.1125478927203065,0.0284961685823754,0.0231082375478927,0.0307710727969348,0.1408045977011494,0.1527777777777778,0.1175766283524904,0.2777777777777778,0.3409961685823756,0.0504877032096707,0.2303501458941225,0.037865777407253,0.0189328887036265,0.0,0.0,0.0031554814506044,0.0441767403084618,0.0441767403084618,0.0315548145060441,0.037865777407253,0.0410212588578574,0.2135922330097087,0.6213592233009708,0.0388349514563106,0.0,0.0,0.0,0.0,0.0679611650485436,0.0776699029126213,0.087378640776699,0.029126213592233,0.1067961165048543,0.5714285714285715,0.5631067961165048,0.5561719833564495,0.5714285714285715,0.5769764216366158,0.6061026352288489,0.6088765603328712,0.6255201109570042,0.664355062413315,0.653259361997226,0.6116504854368932,0.5908460471567268,32,,,,,,,,,,,,,,,,,,,,,,,,,,,,,,,,,,,,,,,,,,,,,,,,
0.3488984674329503,0.3075909961685825,0.2599377394636016,0.0850095785440613,0.0306513409961685,0.0210727969348659,0.0755507662835249,0.0719588122605364,0.0793821839080459,0.0520833333333333,0.1156609195402299,0.1904932950191571,0.0567986661108795,0.113597332221759,0.075731554814506,0.0031554814506044,0.0,0.0,0.0252438516048353,0.015777407253022,0.037865777407253,0.037865777407253,0.0410212588578574,0.0315548145060441,0.145631067961165,0.3106796116504854,0.1941747572815534,0.0097087378640776,0.0,0.0,0.0388349514563106,0.0194174757281553,0.0970873786407767,0.0,0.1262135922330097,0.058252427184466,0.5755894590846048,0.5423023578363385,0.5187239944521499,0.5464632454923718,0.5866851595006934,0.6088765603328712,0.6199722607489598,0.6324549237170596,0.6255201109570041,0.5561719833564495,0.5436893203883496,0.4965325936199722,32,,,,,,,,,,,,,,,,,,,,,,,,,,,,,,,,,,,,,,,,,,,,,,,,
0.1950431034482758,0.2564655172413794,0.2470067049808429,0.0602250957854406,0.0275383141762452,0.0192768199233716,0.0687260536398467,0.3298611111111112,0.4365421455938698,0.2182710727969349,0.1023706896551724,0.208213601532567,0.0631096290120883,0.1230637765735723,0.037865777407253,0.015777407253022,0.0,0.0,0.0189328887036265,0.0851979991663193,0.0347102959566486,0.0347102959566486,0.0063109629012088,0.0283993330554397,0.1553398058252427,0.3398058252427184,0.1067961165048543,0.0194174757281553,0.0,0.0,0.0194174757281553,0.145631067961165,0.0194174757281553,0.0485436893203883,0.0097087378640776,0.058252427184466,0.4840499306518725,0.4993065187239945,0.5048543689320389,0.5339805825242719,0.5742024965325937,0.6158113730929267,0.651872399445215,0.6366158113730931,0.6490984743411928,0.5700416088765604,0.5436893203883496,0.5395284327323163,32,,,,,,,,,,,,,,,,,,,,,,,,,,,,,,,,,,,,,,,,,,,,,,,,
0.2497605363984675,0.1951628352490422,0.2254549808429119,0.0802203065134099,0.0490900383141762,0.040110153256705,0.0713601532567049,0.345426245210728,0.0451388888888888,0.0434626436781609,0.1148227969348659,0.0757902298850574,0.0347102959566486,0.0915089620675281,0.0725760733639016,0.015777407253022,0.0063109629012088,0.0,0.0441767403084618,0.0504877032096707,0.0410212588578574,0.0189328887036265,0.015777407253022,0.0315548145060441,0.145631067961165,0.2524271844660194,0.2135922330097087,0.0194174757281553,0.0,0.0,0.0970873786407767,0.0970873786407767,0.0388349514563106,0.029126213592233,0.0679611650485436,0.0388349514563106,0.5034674063800277,0.4757281553398058,0.4785020804438281,0.5242718446601942,0.5506241331484051,0.5991678224687934,0.6171983356449376,0.6407766990291263,0.6449375866851595,0.6213592233009709,0.5894590846047157,0.5742024965325937,32,,,,,,,,,,,,,,,,,,,,,,,,,,,,,,,,,,,,,,,,,,,,,,,,
0.2236590038314177,0.5416666666666667,0.5784243295019159,0.0458572796934865,0.037595785440613,0.0255028735632183,0.0584291187739463,0.1398467432950192,0.1094348659003831,0.1344588122605364,0.4163074712643679,0.1550526819923371,0.1104418507711546,0.1987953313880783,0.0126219258024176,0.0063109629012088,0.0031554814506044,0.0,0.015777407253022,0.0536431846602751,0.0347111296373488,0.0883534806169237,0.0063109629012088,0.0410212588578574,0.3495145631067961,0.3883495145631068,0.0097087378640776,0.0,0.0,0.0,0.029126213592233,0.1262135922330097,0.087378640776699,0.0970873786407767,0.0097087378640776,0.1067961165048543,0.5159500693481277,0.5076282940360611,0.5006934812760057,0.5672676837725382,0.6241331484049931,0.6782246879334259,0.7073509015256588,0.7683772538141471,0.7669902912621359,0.7295423023578363,0.6615811373092927,0.6629680998613038,32,,,,,,,,,,,,,,,,,,,,,,,,,,,,,,,,,,,,,,,,,,,,,,,,
0.1615181992337165,0.3835009578544062,0.265205938697318,0.0500478927203065,0.0313697318007662,0.0302921455938697,0.0520833333333333,0.1578065134099617,0.0730363984674329,0.2852011494252874,0.10727969348659,0.1957614942528736,0.0978199249687369,0.1199082951229679,0.0189328887036265,0.0,0.0,0.0,0.0189328887036265,0.037865777407253,0.0567986661108795,0.0063109629012088,0.0094664443518132,0.0883534806169237,0.2621359223300971,0.2815533980582524,0.0097087378640776,0.0,0.0,0.0,0.0388349514563106,0.0679611650485436,0.0388349514563106,0.0,0.0194174757281553,0.233009708737864,0.6144244105409155,0.5936199722607489,0.5325936199722608,0.650485436893204,0.6934812760055479,0.7239944521497921,0.7572815533980582,0.8085991678224688,0.8321775312066575,0.8280166435506242,0.7309292649098476,0.6338418862690708,32,,,,,,,,,,,,,,,,,,,,,,,,,,,,,,,,,,,,,,,,,,,,,,,,
0.0789032567049808,0.1534961685823755,0.217911877394636,0.0423850574712643,0.0602250957854406,0.0313697318007662,0.0280172413793103,0.1493055555555556,0.1458333333333333,0.1131465517241379,0.0792624521072797,0.1400862068965517,0.0063109629012088,0.0820425177157148,0.0347102959566486,0.0,0.0126219258024176,0.0,0.0031554814506044,0.0599541475614839,0.075731554814506,0.0126219258024176,0.0599541475614839,0.0315548145060441,0.0388349514563106,0.233009708737864,0.0388349514563106,0.0,0.029126213592233,0.0,0.0,0.1262135922330097,0.1941747572815534,0.0,0.0097087378640776,0.0970873786407767,0.578363384188627,0.5520110957004161,0.5464632454923718,0.578363384188627,0.6185852981969487,0.6768377253814147,0.7128987517337033,0.7337031900138697,0.7142857142857143,0.6879334257975035,0.6477115117891817,0.6352288488210819,32,,,,,,,,,,,,,,,,,,,,,,,,,,,,,,,,,,,,,,,,,,,,,,,,
0.5668103448275863,0.2405411877394636,0.2164750957854407,0.0405890804597701,0.0225095785440613,0.0307710727969348,0.1948036398467433,0.1149425287356322,0.0702825670498084,0.0886015325670498,0.1101532567049808,0.0592672413793103,0.0504877032096707,0.1262192580241767,0.0694205919132972,0.0,0.0,0.0126219258024176,0.0347102959566486,0.0063109629012088,0.0220883701542309,0.0189328887036265,0.0063109629012088,0.0126219258024176,0.0970873786407767,0.3883495145631068,0.145631067961165,0.0,0.0,0.0097087378640776,0.0485436893203883,0.0,0.0388349514563106,0.0097087378640776,0.0388349514563106,0.0194174757281553,0.6296809986130376,0.6116504854368933,0.5866851595006934,0.5769764216366159,0.6019417475728157,0.6393897364771152,0.6851595006934814,0.7115117891816921,0.6532593619972261,0.6116504854368933,0.5811373092926492,0.5561719833564495,32,,,,,,,,,,,,,,,,,,,,,,,,,,,,,,,,,,,,,,,,,,,,,,,,
0.1041666666666666,0.1700191570881226,0.1827107279693487,0.0094588122605364,0.005507662835249,0.0090996168582375,0.0416666666666666,0.0720785440613027,0.2806513409961687,0.0862068965517241,0.0772270114942529,0.173132183908046,0.0883534806169237,0.0599541475614839,0.0189328887036265,0.0031554814506044,0.0,0.0,0.0189328887036265,0.0126219258024176,0.015777407253022,0.0189328887036265,0.0252438516048353,0.0441767403084618,0.2233009708737864,0.1844660194174757,0.0194174757281553,0.0,0.0,0.0,0.0194174757281553,0.029126213592233,0.0194174757281553,0.0679611650485436,0.0194174757281553,0.1262135922330097,0.5062413314840499,0.5020804438280168,0.5006934812760055,0.5076282940360611,0.5270457697642164,0.5742024965325937,0.6185852981969487,0.6601941747572815,0.6546463245492372,0.6324549237170597,0.5894590846047157,0.5686546463245493,32,,,,,,,,,,,,,,,,,,,,,,,,,,,,,,,,,,,,,,,,,,,,,,,,
0.5320881226053641,0.3348898467432951,0.2654454022988506,0.0348419540229885,0.0077825670498084,0.0100574712643678,0.1041666666666666,0.0902777777777778,0.1378113026819924,0.0051484674329501,0.121647509578544,0.2556273946360154,0.0189328887036265,0.1388411838265944,0.0252438516048353,0.0,0.0,0.0,0.0189328887036265,0.0189328887036265,0.0031554814506044,0.0,0.0094664443518132,0.0126219258024176,0.029126213592233,0.4271844660194174,0.0097087378640776,0.0,0.0,0.0,0.0194174757281553,0.0194174757281553,0.029126213592233,0.0,0.0,0.0485436893203883,0.5589459084604715,0.5395284327323163,0.5256588072122054,0.5367545076282941,0.5575589459084606,0.6255201109570041,0.6269070735090153,0.6282940360610264,0.6102635228848822,0.579750346740638,0.564493758668516,0.5575589459084606,32,,,,,,,,,,,,,,,,,,,,,,,,,,,,,,,,,,,,,,,,,,,,,,,,
0.132183908045977,0.1924090038314176,0.1627155172413793,0.0692049808429118,0.0233477011494252,0.0277777777777777,0.0967432950191571,0.1521791187739463,0.0538793103448276,0.0542385057471264,0.0211925287356321,0.0778256704980843,0.015777407253022,0.1388411838265944,0.037865777407253,0.0063109629012088,0.0031554814506044,0.0,0.0094664443518132,0.0441767403084618,0.0094664443518132,0.0,0.0126219258024176,0.0347102959566486,0.0097087378640776,0.3592233009708738,0.116504854368932,0.0,0.0,0.0,0.0,0.0776699029126213,0.0097087378640776,0.0,0.0097087378640776,0.0194174757281553,0.5506241331484051,0.5520110957004161,0.5603328710124827,0.565880721220527,0.5866851595006934,0.6019417475728157,0.6199722607489598,0.6712898751733705,0.6754507628294038,0.667128987517337,0.6463245492371706,0.6324549237170596,32,,,,,,,,,,,,,,,,,,,,,,,,,,,,,,,,,,,,,,,,,,,,,,,,
0.3518917624521073,0.1993534482758621,0.2119252873563218,0.0714798850574712,0.0122126436781609,0.0059865900383141,0.0076628352490421,0.130507662835249,0.0670498084291187,0.0480124521072797,0.0380747126436781,0.0735153256704981,0.0694205919132972,0.1167528136723635,0.0094664443518132,0.0315548145060441,0.0,0.0,0.0,0.0283993330554397,0.037865777407253,0.0094664443518132,0.0252438516048353,0.0946644435181325,0.1650485436893204,0.3203883495145631,0.0097087378640776,0.0970873786407767,0.0,0.0,0.0,0.0485436893203883,0.087378640776699,0.0194174757281553,0.087378640776699,0.203883495145631,0.6158113730929267,0.5936199722607489,0.5922330097087379,0.6047156726768378,0.6449375866851595,0.6990291262135924,0.7447988904299585,0.7489597780859918,0.7350901525658807,0.6934812760055479,0.6366158113730931,0.5700416088765604,32,,,,,,,,,,,,,,,,,,,,,,,,,,,,,,,,,,,,,,,,,,,,,,,,
0.2540708812260537,0.7355124521072798,0.3154932950191572,0.213242337164751,0.1767241379310345,0.1974377394636015,0.180316091954023,0.2642480842911878,0.158764367816092,0.1042863984674329,0.0517241379310344,0.1793582375478928,0.0504877032096707,0.1262192580241767,0.0283993330554397,0.0094664443518132,0.0,0.0,0.0126219258024176,0.0189328887036265,0.0410212588578574,0.0504877032096707,0.0031554814506044,0.0220883701542309,0.203883495145631,0.4174757281553398,0.1067961165048543,0.0,0.0,0.0,0.029126213592233,0.029126213592233,0.1359223300970873,0.029126213592233,0.0,0.0388349514563106,0.4382801664355062,0.4438280166435506,0.4466019417475729,0.4479889042995839,0.4785020804438281,0.5062413314840499,0.5755894590846048,0.5963938973647712,0.579750346740638,0.549237170596394,0.5395284327323163,0.5090152565880722,32,,,,,,,,,,,,,,,,,,,,,,,,,,,,,,,,,,,,,,,,,,,,,,,,
0.1760057471264368,0.3376436781609196,0.255028735632184,0.2157567049808429,0.0900383141762452,0.1666666666666667,0.1546934865900383,0.1934865900383142,0.1476293103448276,0.1973180076628353,0.2210249042145594,0.4364224137931036,0.0441767403084618,0.0788870362651104,0.0504877032096707,0.0252438516048353,0.0,0.0,0.0094664443518132,0.0126219258024176,0.0094664443518132,0.0031554814506044,0.0031554814506044,0.0504877032096707,0.1262135922330097,0.2621359223300971,0.2135922330097087,0.029126213592233,0.0,0.0,0.0194174757281553,0.0194174757281553,0.0194174757281553,0.0,0.0,0.1844660194174757,0.5104022191400832,0.492371705963939,0.492371705963939,0.4993065187239945,0.40499306518724,0.4036061026352289,0.4133148404993065,0.4632454923717061,0.4466019417475729,0.4244105409153953,0.3744798890429959,0.3425797503467407,32,,,,,,,,,,,,,,,,,,,,,,,,,,,,,,,,,,,,,,,,,,,,,,,,
0.5167624521072798,0.2690373563218391,0.3090277777777778,0.2318007662835249,0.2264128352490421,0.2152777777777778,0.2869971264367817,0.2189894636015326,0.1228448275862068,0.1003352490421456,0.0445402298850574,0.1999521072796935,0.0725760733639016,0.1009754064193414,0.0031554814506044,0.0504877032096707,0.0031554814506044,0.0,0.0126219258024176,0.0031554814506044,0.0220883701542309,0.0536431846602751,0.0,0.0315548145060441,0.2135922330097087,0.3398058252427184,0.0,0.1359223300970873,0.0,0.0,0.0194174757281553,0.0,0.0679611650485436,0.029126213592233,0.0,0.087378640776699,0.3453536754507628,0.2940360610263523,0.2981969486823856,0.3453536754507628,0.4077669902912622,0.4438280166435506,0.4576976421636616,0.4646324549237171,0.4549237170596394,0.4299583911234397,0.4119278779472954,0.3717059639389737,32,,,,,,,,,,,,,,,,,,,,,,,,,,,,,,,,,,,,,,,,,,,,,,,,
0.3966714559386973,0.3449473180076629,0.5021551724137931,0.1645114942528736,0.1934865900383142,0.1936063218390805,0.2875957854406131,0.2861590038314177,0.1221264367816092,0.1672653256704981,0.102610153256705,0.1367337164750958,0.037865777407253,0.0694205919132972,0.0946644435181325,0.0126219258024176,0.0,0.0,0.0126219258024176,0.0063109629012088,0.0315548145060441,0.0126219258024176,0.0031554814506044,0.0410212588578574,0.0776699029126213,0.2233009708737864,0.3980582524271844,0.0,0.0,0.0,0.0194174757281553,0.0097087378640776,0.058252427184466,0.0,0.0,0.1067961165048543,0.3356449375866852,0.3370319001386962,0.3550624133148405,0.3841886269070735,0.4174757281553398,0.4410540915395284,0.4854368932038835,0.4826629680998613,0.4826629680998613,0.4549237170596394,0.4257975034674064,0.3744798890429959,32,,,,,,,,,,,,,,,,,,,,,,,,,,,,,,,,,,,,,,,,,,,,,,,,
0.0562739463601532,0.1933668582375479,0.5004789272030653,0.3718869731800767,0.1896551724137931,0.243654214559387,0.2219827586206897,0.2713122605363985,0.1087164750957854,0.0168821839080459,0.1455938697318008,0.0571120689655172,0.0504877032096707,0.1356857023759899,0.0126219258024176,0.0,0.0,0.0,0.0031554814506044,0.0220883701542309,0.0220883701542309,0.0031554814506044,0.0031554814506044,0.0567986661108795,0.233009708737864,0.3883495145631068,0.0,0.0,0.0,0.0,0.0,0.058252427184466,0.0485436893203883,0.0097087378640776,0.0,0.2135922330097087,0.3356449375866852,0.3217753120665743,0.3439667128987517,0.377253814147018,0.4119278779472954,0.4590846047156727,0.4785020804438281,0.5159500693481277,0.5187239944521499,0.4687933425797503,0.4327323162274619,0.3647711511789182,32,,,,,,,,,,,,,,,,,,,,,,,,,,,,,,,,,,,,,,,,,,,,,,,,
0.1008141762452107,0.2432950191570881,0.2564655172413794,0.3403975095785441,0.1965996168582375,0.2321599616858238,0.2145593869731801,0.2461685823754789,0.1772030651340996,0.0817768199233716,0.0049090038314176,0.0516044061302682,0.0883534806169237,0.0410212588578574,0.0410212588578574,0.0063109629012088,0.0,0.0,0.0,0.0315548145060441,0.0063109629012088,0.0,0.0031554814506044,0.0094664443518132,0.2427184466019417,0.1262135922330097,0.1650485436893204,0.0097087378640776,0.0,0.0,0.0,0.058252427184466,0.0,0.0,0.0,0.0097087378640776,0.3467406380027739,0.319001386962552,0.3079056865464633,0.3314840499306519,0.4396671289875174,0.4895977808599168,0.5228848821081832,0.535367545076283,0.5270457697642164,0.4979195561719834,0.4757281553398058,0.4271844660194175,32,,,,,,,,,,,,,,,,,,,,,,,,,,,,,,,,,,,,,,,,,,,,,,,,
0.0255028735632183,0.1203304597701149,0.2726293103448276,0.1943247126436782,0.1766044061302682,0.1928879310344828,0.2083333333333334,0.2253352490421456,0.0834530651340996,0.0284961685823754,0.008022030651341,0.0101772030651341,0.0189328887036265,0.1041308878699458,0.0031554814506044,0.0126219258024176,0.0,0.0031554814506044,0.0,0.0063109629012088,0.0473322217590662,0.0,0.0,0.0,0.0679611650485436,0.3980582524271844,0.0,0.0097087378640776,0.0,0.0,0.0,0.0,0.1553398058252427,0.0,0.0,0.0,0.4008321775312067,0.3647711511789182,0.3647711511789182,0.3938973647711511,0.5034674063800277,0.5450762829403606,0.5617198335644938,0.5617198335644938,0.5409153952843274,0.4937586685159501,0.4687933425797503,0.4715672676837725,32,,,,,,,,,,,,,,,,,,,,,,,,,,,,,,,,,,,,,,,,,,,,,,,,
0.0090996168582375,0.0851293103448276,0.2249760536398468,0.1944444444444445,0.1278735632183908,0.0827346743295019,0.1666666666666667,0.1458333333333333,0.1283524904214559,0.0165229885057471,0.0944683908045977,0.0921934865900383,0.0,0.0725760733639016,0.0631096290120883,0.0063109629012088,0.0,0.0,0.0,0.0063109629012088,0.0126219258024176,0.0189328887036265,0.0031554814506044,0.0473322217590662,0.0,0.1941747572815534,0.233009708737864,0.0,0.0,0.0,0.0,0.0,0.0485436893203883,0.0097087378640776,0.0485436893203883,0.087378640776699,0.4715672676837725,0.4660194174757282,0.420249653259362,0.4618585298196949,0.5492371705963939,0.5922330097087379,0.6005547850208044,0.6421636615811374,0.6449375866851595,0.5686546463245493,0.5256588072122054,0.5589459084604715,32,,,,,,,,,,,,,,,,,,,,,,,,,,,,,,,,,,,,,,,,,,,,,,,,
0.2898706896551725,0.2025862068965517,0.2222222222222223,0.0844109195402298,0.0095785440613026,0.0116139846743295,0.0938697318007663,0.1221264367816092,0.1579262452107279,0.2545498084291188,0.1572078544061303,0.1859434865900384,0.0283993330554397,0.0820425177157148,0.0662651104626927,0.0347102959566486,0.0,0.0,0.0031554814506044,0.037865777407253,0.0126219258024176,0.0504877032096707,0.0252438516048353,0.0283993330554397,0.0679611650485436,0.2621359223300971,0.2524271844660194,0.087378640776699,0.0,0.0,0.0,0.1067961165048543,0.0194174757281553,0.145631067961165,0.0097087378640776,0.0970873786407767,0.5284327323162274,0.4840499306518725,0.4687933425797503,0.492371705963939,0.5117891816920944,0.5520110957004161,0.6005547850208044,0.6782246879334259,0.6560332871012483,0.6324549237170597,0.6227461858529821,0.5617198335644938,32,,,,,,,,,,,,,,,,,,,,,,,,,,,,,,,,,,,,,,,,,,,,,,,,
0.2252155172413793,0.1962404214559387,0.1877394636015326,0.0907567049808429,0.0111350574712643,0.075191570881226,0.1778017241379311,0.102610153256705,0.0166427203065134,0.1047653256704981,0.0979406130268199,0.2362308429118775,0.1009754064193414,0.1072863693205502,0.0504877032096707,0.0126219258024176,0.0,0.0,0.015777407253022,0.015777407253022,0.0126219258024176,0.0063109629012088,0.0031554814506044,0.0599541475614839,0.3203883495145631,0.3300970873786408,0.1359223300970873,0.0097087378640776,0.0,0.0,0.029126213592233,0.0485436893203883,0.0097087378640776,0.0097087378640776,0.0,0.174757281553398,0.5284327323162274,0.5353675450762829,0.5187239944521499,0.5173370319001387,0.5423023578363385,0.5325936199722608,0.5104022191400832,0.492371705963939,0.5006934812760055,0.5048543689320389,0.490984743411928,0.4757281553398058,32,,,,,,,,,,,,,,,,,,,,,,,,,,,,,,,,,,,,,,,,,,,,,,,,
0.4621647509578545,0.1785201149425287,0.2808908045977012,0.5211925287356323,0.1530172413793104,0.0886015325670498,0.2076149425287356,0.0866858237547893,0.1181752873563218,0.011015325670498,0.0487308429118774,0.07602969348659,0.0631096290120883,0.1293747394747811,0.0473322217590662,0.0094664443518132,0.0,0.0,0.0189328887036265,0.0,0.0283993330554397,0.0031554814506044,0.0063109629012088,0.0126219258024176,0.2135922330097087,0.3106796116504854,0.1553398058252427,0.0,0.0,0.0,0.0388349514563106,0.0,0.0776699029126213,0.0,0.0194174757281553,0.0194174757281553,0.4590846047156727,0.4368932038834952,0.4590846047156727,0.4757281553398058,0.5104022191400832,0.5769764216366159,0.6019417475728157,0.5894590846047157,0.5312066574202496,0.5006934812760055,0.4868238557558946,0.4618585298196949,32,,,,,,,,,,,,,,,,,,,,,,,,,,,,,,,,,,,,,,,,,,,,,,,,
0.1163793103448276,0.3162116858237548,0.2546695402298851,0.0158045977011494,0.0111350574712643,0.1896551724137931,0.1746886973180077,0.1861829501915709,0.0414272030651341,0.0314894636015325,0.4394157088122606,0.0806992337164751,0.0347102959566486,0.1293747394747811,0.0315548145060441,0.0031554814506044,0.0,0.0031554814506044,0.0126219258024176,0.0063109629012088,0.0220883701542309,0.0441767403084618,0.015777407253022,0.015777407253022,0.145631067961165,0.4368932038834951,0.087378640776699,0.0,0.0,0.0,0.029126213592233,0.0,0.0679611650485436,0.029126213592233,0.0,0.029126213592233,0.4424410540915395,0.4216366158113732,0.418862690707351,0.4479889042995839,0.4687933425797503,0.5020804438280168,0.5409153952843274,0.5755894590846048,0.5866851595006934,0.5464632454923718,0.5201109570041609,0.5117891816920944,32,,,,,,,,,,,,,,,,,,,,,,,,,,,,,,,,,,,,,,,,,,,,,,,,
0.190852490421456,0.317528735632184,0.1940852490421456,0.101772030651341,0.1132662835249042,0.1940852490421456,0.1420019157088122,0.2232998084291188,0.1381704980842912,0.2423371647509579,0.2965756704980843,0.0391522988505747,0.0410212588578574,0.0788870362651104,0.0978199249687369,0.0126219258024176,0.0,0.0,0.0,0.0315548145060441,0.0063109629012088,0.0504877032096707,0.015777407253022,0.0063109629012088,0.174757281553398,0.1844660194174757,0.3398058252427184,0.0,0.0,0.0,0.0,0.0679611650485436,0.0097087378640776,0.0485436893203883,0.0097087378640776,0.0097087378640776,0.4826629680998613,0.4147018030513176,0.4355062413314841,0.4729542302357836,0.5006934812760057,0.5312066574202496,0.5575589459084606,0.6033287101248267,0.6116504854368933,0.5423023578363384,0.5201109570041609,0.5187239944521499,32,,,,,,,,,,,,,,,,,,,,,,,,,,,,,,,,,,,,,,,,,,,,,,,,
0.0811781609195402,0.1192528735632184,0.1424808429118774,0.0878831417624521,0.1737308429118774,0.1088362068965517,0.1495450191570881,0.1785201149425287,0.1922892720306514,0.522749042145594,0.4929358237547893,0.0876436781609195,0.0252438516048353,0.0,0.0694205919132972,0.0,0.0094664443518132,0.0,0.0,0.037865777407253,0.1009754064193414,0.0788870362651104,0.0631096290120883,0.0031554814506044,0.0679611650485436,0.0097087378640776,0.2135922330097087,0.0,0.0194174757281553,0.0,0.0,0.1359223300970873,0.2912621359223301,0.0485436893203883,0.174757281553398,0.0,0.4687933425797503,0.4674063800277393,0.4563106796116506,0.4632454923717061,0.5020804438280168,0.5631067961165049,0.6005547850208044,0.6033287101248267,0.6241331484049931,0.60748959778086,0.5395284327323163,0.5256588072122054,32,,,,,,,,,,,,,,,,,,,,,,,,,,,,,,,,,,,,,,,,,,,,,,,,
0.0132902298850574,0.202705938697318,0.1358955938697318,0.1356561302681992,0.0757902298850575,0.1302681992337165,0.2011494252873563,0.1255986590038314,0.1933668582375479,0.0463362068965517,0.1176963601532567,0.1029693486590038,0.0,0.0725760733639016,0.0473322217590662,0.0252438516048353,0.0,0.0,0.0189328887036265,0.0063109629012088,0.0189328887036265,0.0063109629012088,0.0063109629012088,0.0252438516048353,0.0,0.2233009708737864,0.174757281553398,0.029126213592233,0.0,0.0,0.0388349514563106,0.0,0.0388349514563106,0.0194174757281553,0.0097087378640776,0.0485436893203883,0.5104022191400832,0.4854368932038835,0.4618585298196949,0.4646324549237171,0.4687933425797503,0.5159500693481277,0.5977808599167822,0.6116504854368932,0.564493758668516,0.5214979195561721,0.490984743411928,0.4507628294036061,32,,,,,,,,,,,,,,,,,,,,,,,,,,,,,,,,,,,,,,,,,,,,,,,,
0.2001915708812261,0.1349377394636015,0.2238984674329502,0.1713362068965517,0.1762452107279693,0.1354166666666667,0.2367097701149426,0.2363505747126437,0.0972222222222222,0.1094348659003831,0.0957854406130268,0.2045019157088123,0.0694205919132972,0.1199082951229679,0.0031554814506044,0.0126219258024176,0.0,0.0,0.0189328887036265,0.0252438516048353,0.0063109629012088,0.0031554814506044,0.0126219258024176,0.0283993330554397,0.233009708737864,0.3689320388349514,0.0097087378640776,0.0194174757281553,0.0,0.0,0.029126213592233,0.0679611650485436,0.029126213592233,0.0194174757281553,0.0388349514563106,0.087378640776699,0.3703190013869625,0.3661581137309293,0.3592233009708738,0.4063800277392511,0.4563106796116506,0.4979195561719834,0.5173370319001387,0.490984743411928,0.4535367545076283,0.4327323162274619,0.4216366158113731,0.4188626907073509,32,,,,,,,,,,,,,,,,,,,,,,,,,,,,,,,,,,,,,,,,,,,,,,,,
0.2929837164750958,0.2601772030651341,0.4040948275862069,0.2092911877394636,0.1380507662835249,0.1817528735632184,0.2447318007662835,0.1902538314176245,0.1487068965517241,0.12080938697318,0.2198275862068966,0.3461446360153257,0.037865777407253,0.1514631096290121,0.015777407253022,0.0031554814506044,0.0,0.0031554814506044,0.015777407253022,0.0,0.0347102959566486,0.037865777407253,0.015777407253022,0.0441767403084618,0.1650485436893204,0.5145631067961165,0.029126213592233,0.0,0.0,0.0097087378640776,0.029126213592233,0.0,0.1067961165048543,0.1359223300970873,0.058252427184466,0.1262135922330097,0.420249653259362,0.4216366158113731,0.4160887656033287,0.4160887656033287,0.4382801664355062,0.5104022191400832,0.5575589459084606,0.5339805825242719,0.5589459084604715,0.5423023578363384,0.4674063800277393,0.4216366158113731,32,,,,,,,,,,,,,,,,,,,,,,,,,,,,,,,,,,,,,,,,,,,,,,,,
0.4448036398467433,0.1733716475095785,0.3649425287356322,0.2903496168582376,0.1603208812260536,0.1782806513409962,0.2180316091954023,0.1945641762452107,0.1995929118773947,0.0366379310344827,0.1484674329501916,0.1471503831417625,0.1041308878699458,0.0094664443518132,0.0536431846602751,0.0567986661108795,0.0,0.0,0.015777407253022,0.0094664443518132,0.0220883701542309,0.0063109629012088,0.0063109629012088,0.015777407253022,0.2718446601941747,0.0194174757281553,0.1359223300970873,0.1844660194174757,0.0,0.0,0.0194174757281553,0.0097087378640776,0.058252427184466,0.0097087378640776,0.0,0.029126213592233,0.3717059639389737,0.3786407766990292,0.4230235783633842,0.4549237170596394,0.5242718446601942,0.5575589459084606,0.5839112343966714,0.5742024965325937,0.5242718446601942,0.4715672676837725,0.449375866851595,0.4479889042995839,32,,,,,,,,,,,,,,,,,,,,,,,,,,,,,,,,,,,,,,,,,,,,,,,,
0.2461685823754789,0.2993295019157088,0.2693965517241379,0.1606800766283525,0.1102729885057471,0.1756465517241379,0.1439176245210728,0.1673850574712644,0.0531609195402299,0.0123323754789272,0.0409482758620689,0.100933908045977,0.0347102959566486,0.0536431846602751,0.0725760733639016,0.0063109629012088,0.0,0.0063109629012088,0.015777407253022,0.015777407253022,0.0126219258024176,0.0094664443518132,0.015777407253022,0.0126219258024176,0.1067961165048543,0.145631067961165,0.233009708737864,0.0,0.0,0.0,0.0388349514563106,0.0097087378640776,0.029126213592233,0.058252427184466,0.0,0.029126213592233,0.4895977808599168,0.4840499306518725,0.4410540915395284,0.4826629680998613,0.5284327323162274,0.5575589459084606,0.6005547850208044,0.6171983356449376,0.6047156726768377,0.5769764216366158,0.5228848821081832,0.4687933425797503,32,,,,,,,,,,,,,,,,,,,,,,,,,,,,,,,,,,,,,,,,,,,,,,,,
0.105603448275862,0.2019875478927204,0.2252155172413793,0.0771072796934866,0.1071599616858237,0.1203304597701149,0.2455699233716475,0.1707375478927203,0.1533764367816092,0.136374521072797,0.0895593869731801,0.3140565134099617,0.0189328887036265,0.0662651104626927,0.1262192580241767,0.0094664443518132,0.0,0.0,0.0,0.0315548145060441,0.0252438516048353,0.0536431846602751,0.0315548145060441,0.0662651104626927,0.0485436893203883,0.1844660194174757,0.4077669902912621,0.0,0.0,0.0,0.0,0.0388349514563106,0.0485436893203883,0.1650485436893204,0.029126213592233,0.1941747572815534,0.40499306518724,0.4022191400832178,0.377253814147018,0.4174757281553398,0.5117891816920944,0.5395284327323163,0.5769764216366158,0.5728155339805825,0.5617198335644938,0.5561719833564495,0.5312066574202496,0.5339805825242719,32,,,,,,,,,,,,,,,,,,,,,,,,,,,,,,,,,,,,,,,,,,,,,,,,
0.0924329501915709,0.1540948275862069,0.2011494252873563,0.0694444444444444,0.0931513409961685,0.0870450191570881,0.087404214559387,0.1108716475095785,0.0484913793103448,0.1481082375478927,0.7051005747126439,0.2817289272030652,0.0220883701542309,0.1388411838265944,0.0,0.0094664443518132,0.0063109629012088,0.0,0.0,0.0063109629012088,0.0252438516048353,0.0978199249687369,0.0599541475614839,0.0347102959566486,0.1067961165048543,0.4563106796116505,0.0,0.0097087378640776,0.0194174757281553,0.0,0.0,0.0,0.058252427184466,0.145631067961165,0.058252427184466,0.0097087378640776,0.521497919556172,0.5228848821081832,0.5117891816920944,0.535367545076283,0.6130374479889044,0.6490984743411928,0.6823855755894592,0.665742024965326,0.6130374479889044,0.5755894590846048,0.5631067961165049,0.5880721220527046,32,,,,,,,,,,,,,,,,,,,,,,,,,,,,,,,,,,,,,,,,,,,,,,,,
0.2262931034482759,0.1534961685823755,0.1193726053639847,0.0538793103448276,0.0128113026819923,0.0112547892720306,0.0446599616858237,0.0111350574712643,0.0803400383141762,0.5190373563218391,0.0985392720306513,0.1215277777777778,0.0094664443518132,0.1009754064193414,0.0599541475614839,0.0094664443518132,0.0,0.0,0.015777407253022,0.0,0.0662651104626927,0.0410212588578574,0.0126219258024176,0.0094664443518132,0.058252427184466,0.2718446601941747,0.203883495145631,0.0,0.0,0.0,0.0194174757281553,0.0,0.087378640776699,0.0679611650485436,0.0097087378640776,0.0194174757281553,0.5742024965325937,0.5450762829403606,0.5395284327323163,0.5825242718446603,0.6171983356449376,0.6241331484049931,0.6213592233009709,0.6061026352288489,0.5825242718446603,0.5506241331484051,0.5506241331484051,0.5492371705963939,32,,,,,,,,,,,,,,,,,,,,,,,,,,,,,,,,,,,,,,,,,,,,,,,,
0.3405172413793104,0.2062978927203065,0.1878591954022988,0.1014128352490421,0.0204741379310344,0.0222701149425287,0.060823754789272,0.0847701149425287,0.1279932950191571,0.0154454022988505,0.0396312260536398,0.1827107279693487,0.0441767403084618,0.1104418507711546,0.075731554814506,0.0063109629012088,0.0,0.0,0.0126219258024176,0.0220883701542309,0.0094664443518132,0.0,0.0,0.0220883701542309,0.145631067961165,0.3300970873786408,0.2621359223300971,0.0,0.0,0.0,0.029126213592233,0.0194174757281553,0.0097087378640776,0.0,0.0,0.0679611650485436,0.5464632454923718,0.5298196948682387,0.5145631067961166,0.5173370319001387,0.5492371705963939,0.6019417475728157,0.579750346740638,0.5575589459084606,0.5506241331484051,0.5256588072122054,0.5256588072122054,0.5409153952843274,32,,,,,,,,,,,,,,,,,,,,,,,,,,,,,,,,,,,,,,,,,,,,,,,,
0.2095306513409962,0.20522030651341,0.2316810344827586,0.1363745210727969,0.0795019157088122,0.1227250957854406,0.1331417624521073,0.1573275862068965,0.1173371647509578,0.1107519157088122,0.0993773946360153,0.1661877394636015,0.0725760733639016,0.1325302209253855,0.0347102959566486,0.0,0.0,0.0,0.0189328887036265,0.0031554814506044,0.015777407253022,0.0063109629012088,0.0,0.015777407253022,0.1941747572815534,0.4466019417475728,0.0776699029126213,0.0,0.0,0.0,0.0194174757281553,0.0097087378640776,0.0194174757281553,0.0,0.0,0.029126213592233,0.5367545076282941,0.5256588072122054,0.5395284327323163,0.5339805825242719,0.5423023578363384,0.5714285714285715,0.5825242718446603,0.5908460471567268,0.6047156726768378,0.6171983356449376,0.5950069348127602,0.5714285714285715,32,,,,,,,,,,,,,,,,,,,,,,,,,,,,,,,,,,,,,,,,,,,,,,,,
0.2625718390804598,0.1774425287356322,0.4596503831417626,0.1261973180076628,0.0880028735632184,0.0915948275862069,0.1364942528735632,0.1788793103448276,0.1561302681992337,0.0966235632183908,0.0176005747126436,0.2628113026819924,0.0347102959566486,0.0725760733639016,0.0788870362651104,0.0094664443518132,0.0,0.0,0.0126219258024176,0.0189328887036265,0.037865777407253,0.0063109629012088,0.0,0.0410212588578574,0.029126213592233,0.1844660194174757,0.2718446601941747,0.0097087378640776,0.0,0.0,0.0194174757281553,0.0097087378640776,0.0970873786407767,0.0,0.0,0.0388349514563106,0.5367545076282941,0.5145631067961166,0.5131761442441054,0.5048543689320389,0.4993065187239945,0.5159500693481277,0.5533980582524273,0.6144244105409155,0.6116504854368932,0.5755894590846048,0.5367545076282941,0.4951456310679612,32,,,,,,,,,,,,,,,,,,,,,,,,,,,,,,,,,,,,,,,,,,,,,,,,
0.3775143678160921,0.1860632183908046,0.2681992337164752,0.1404454022988506,0.1412835249042146,0.1719348659003831,0.1572078544061303,0.161757662835249,0.1404454022988506,0.0253831417624521,0.0288553639846743,0.0438218390804597,0.0315548145060441,0.0504877032096707,0.0915089620675281,0.0094664443518132,0.0,0.0031554814506044,0.0094664443518132,0.0189328887036265,0.0315548145060441,0.0094664443518132,0.0031554814506044,0.0063109629012088,0.0970873786407767,0.1553398058252427,0.2815533980582524,0.0,0.0,0.0,0.0194174757281553,0.0097087378640776,0.1067961165048543,0.0,0.0,0.0194174757281553,0.4507628294036061,0.4410540915395284,0.4646324549237171,0.4840499306518725,0.5201109570041609,0.5575589459084606,0.5852981969486825,0.6047156726768378,0.5686546463245493,0.5436893203883496,0.5214979195561721,0.5020804438280168,32,,,,,,,,,,,,,,,,,,,,,,,,,,,,,,,,,,,,,,,,,,,,,,,,
0.220426245210728,0.5051484674329503,0.2777777777777778,0.0830938697318007,0.0172413793103448,0.0217911877394636,0.0422653256704981,0.0269396551724137,0.3057950191570882,0.3647030651340997,0.1785201149425287,0.1931273946360153,0.0694205919132972,0.0473322217590662,0.1009754064193414,0.0063109629012088,0.0,0.0,0.0126219258024176,0.0126219258024176,0.0694205919132972,0.015777407253022,0.037865777407253,0.0063109629012088,0.145631067961165,0.1262135922330097,0.3106796116504854,0.0,0.0,0.0,0.0194174757281553,0.0097087378640776,0.2135922330097087,0.0194174757281553,0.058252427184466,0.0,0.4895977808599168,0.49375866851595,0.492371705963939,0.5020804438280168,0.5436893203883496,0.5672676837725382,0.5672676837725382,0.5839112343966714,0.6047156726768377,0.5880721220527046,0.5631067961165049,0.5395284327323163,32,,,,,,,,,,,,,,,,,,,,,,,,,,,,,,,,,,,,,,,,,,,,,,,,
0.2739463601532568,0.1561302681992337,0.5168821839080461,0.1190134099616858,0.1239224137931034,0.1315852490421456,0.1283524904214559,0.1138649425287356,0.0923132183908046,0.0170019157088122,0.0893199233716475,0.0314894636015325,0.0567986661108795,0.1987953313880783,0.0094664443518132,0.0094664443518132,0.0,0.0,0.0,0.0220883701542309,0.015777407253022,0.0063109629012088,0.0536431846602751,0.0,0.087378640776699,0.4563106796116505,0.0194174757281553,0.0,0.0,0.0,0.0,0.029126213592233,0.029126213592233,0.0194174757281553,0.1553398058252427,0.0,0.5436893203883496,0.5242718446601942,0.5187239944521499,0.5325936199722608,0.5506241331484051,0.5575589459084606,0.5825242718446603,0.5922330097087379,0.6047156726768378,0.5922330097087379,0.5631067961165048,0.535367545076283,32,,,,,,,,,,,,,,,,,,,,,,,,,,,,,,,,,,,,,,,,,,,,,,,,
0.0213122605363984,0.1240421455938697,0.2310823754789272,0.171455938697318,0.0936302681992337,0.115301724137931,0.1107519157088122,0.1721743295019157,0.15625,0.4732998084291189,0.1726532567049808,0.1034482758620689,0.0,0.0978199249687369,0.0,0.015777407253022,0.0031554814506044,0.0,0.0031554814506044,0.015777407253022,0.0725760733639016,0.0441767403084618,0.0031554814506044,0.0094664443518132,0.0,0.3203883495145631,0.0,0.029126213592233,0.0,0.0,0.0,0.0194174757281553,0.1067961165048543,0.0776699029126213,0.0,0.0097087378640776,0.5062413314840499,0.4868238557558945,0.4687933425797503,0.4646324549237171,0.4743411927877948,0.5062413314840499,0.5922330097087379,0.6130374479889044,0.5936199722607489,0.5575589459084606,0.5242718446601942,0.4993065187239945,32,,,,,,,,,,,,,,,,,,,,,,,,,,,,,,,,,,,,,,,,,,,,,,,,
0.270234674329502,0.5306513409961687,0.978448275862069,0.1922892720306514,0.1271551724137931,0.132183908045977,0.1809147509578544,0.123323754789272,0.1217672413793103,0.0603448275862069,0.0096982758620689,0.1484674329501916,0.1483076281784076,0.1640850354314297,0.0978199249687369,0.0094664443518132,0.0,0.0031554814506044,0.0094664443518132,0.015777407253022,0.0063109629012088,0.0,0.0,0.015777407253022,0.3495145631067961,0.3592233009708738,0.3106796116504854,0.0,0.0,0.0,0.029126213592233,0.0194174757281553,0.0097087378640776,0.0,0.0,0.0194174757281553,0.4882108183079057,0.4965325936199722,0.4840499306518725,0.4812760055478502,0.5048543689320389,0.5603328710124827,0.5728155339805825,0.5603328710124827,0.5589459084604715,0.5478502080443829,0.5048543689320389,0.4438280166435506,32,,,,,,,,,,,,,,,,,,,,,,,,,,,,,,,,,,,,,,,,,,,,,,,,
0.0689655172413793,0.0723180076628352,0.1694204980842912,0.1399664750957854,0.1479885057471265,0.1503831417624521,0.1734913793103449,0.2455699233716475,0.1528975095785441,0.1005747126436781,0.125,0.084051724137931,0.0,0.0,0.037865777407253,0.0,0.0,0.0,0.0,0.0220883701542309,0.0063109629012088,0.0063109629012088,0.0063109629012088,0.0,0.0,0.0,0.1067961165048543,0.0,0.0,0.0,0.0,0.0485436893203883,0.0097087378640776,0.0,0.0,0.0,0.4216366158113731,0.4271844660194175,0.4313453536754508,0.449375866851595,0.4840499306518725,0.5339805825242719,0.5547850208044384,0.579750346740638,0.5742024965325937,0.5575589459084606,0.4826629680998613,0.4715672676837725,32,,,,,,,,,,,,,,,,,,,,,,,,,,,,,,,,,,,,,,,,,,,,,,,,
0.1124281609195402,0.1069204980842912,0.1653496168582376,0.1404454022988506,0.1422413793103448,0.1489463601532567,0.1467911877394636,0.1779214559386973,0.146551724137931,0.1520593869731801,0.0977011494252873,0.2258141762452107,0.0126219258024176,0.0473322217590662,0.0094664443518132,0.0,0.0,0.0,0.0,0.0094664443518132,0.0094664443518132,0.0094664443518132,0.0,0.0220883701542309,0.0388349514563106,0.1359223300970873,0.0,0.0,0.0,0.0,0.0,0.0097087378640776,0.0194174757281553,0.0,0.0,0.058252427184466,0.4576976421636616,0.4521497919556173,0.4410540915395284,0.4479889042995839,0.4590846047156727,0.4826629680998613,0.4826629680998613,0.4979195561719834,0.5312066574202496,0.5131761442441054,0.4868238557558945,0.4687933425797503,32,,,,,,,,,,,,,,,,,,,,,,,,,,,,,,,,,,,,,,,,,,,,,,,,
0.1198515325670498,0.1075191570881226,0.1695402298850575,0.0811781609195402,0.1478687739463602,0.1610392720306513,0.1684626436781609,0.1995929118773947,0.1427203065133995,0.0965038314176245,0.1012931034482758,0.0762691570881226,0.0126219258024176,0.0252438516048353,0.0094664443518132,0.0031554814506044,0.0,0.0031554814506044,0.0,0.0126219258024176,0.0126219258024176,0.0063109629012088,0.0094664443518132,0.0,0.0194174757281553,0.1067961165048543,0.0,0.0,0.0,0.0,0.0,0.0,0.0388349514563106,0.0194174757281553,0.0,0.0097087378640776,0.490984743411928,0.4882108183079057,0.4674063800277393,0.4715672676837725,0.4618585298196949,0.5270457697642164,0.5755894590846048,0.5922330097087379,0.565880721220527,0.5464632454923718,0.5228848821081832,0.5006934812760055,32,,,,,,,,,,,,,,,,,,,,,,,,,,,,,,,,,,,,,,,,,,,,,,,,
0.0957854406130268,0.0872844827586207,0.1404454022988506,0.0866858237547893,0.166786398467433,0.1654693486590038,0.1698994252873563,0.2015086206896552,0.0905172413793103,0.1812739463601533,0.0421455938697318,0.0299329501915709,0.0220883701542309,0.0283993330554397,0.0063109629012088,0.0031554814506044,0.0,0.0,0.0,0.0094664443518132,0.0063109629012088,0.0094664443518132,0.0063109629012088,0.0031554814506044,0.058252427184466,0.1067961165048543,0.0,0.0,0.0,0.0,0.0,0.029126213592233,0.0,0.0194174757281553,0.0,0.0,0.4798890429958392,0.4715672676837725,0.4299583911234397,0.4479889042995839,0.5145631067961165,0.5339805825242719,0.5908460471567267,0.6116504854368932,0.6033287101248267,0.579750346740638,0.5062413314840499,0.4604715672676838,32,,,,,,,,,,,,,,,,,,,,,,,,,,,,,,,,,,,,,,,,,,,,,,,,
0.1706178160919541,0.1181752873563218,0.1143438697318007,0.1391283524904214,0.1234434865900383,0.1768438697318008,0.1888170498084291,0.1761254789272031,0.0911159003831417,0.0830938697318007,0.0525622605363984,0.0545977011494253,0.0220883701542309,0.0094664443518132,0.0252438516048353,0.0031554814506044,0.0,0.0,0.0031554814506044,0.0063109629012088,0.0,0.0063109629012088,0.0063109629012088,0.0031554814506044,0.087378640776699,0.0194174757281553,0.087378640776699,0.0,0.0,0.0,0.0,0.0194174757281553,0.0,0.0097087378640776,0.0,0.0,0.4257975034674064,0.4022191400832178,0.3966712898751734,0.4618585298196949,0.5603328710124827,0.6033287101248267,0.6352288488210819,0.6546463245492372,0.6560332871012483,0.6116504854368933,0.5742024965325937,0.5547850208044384,32,,,,,,,,,,,,,,,,,,,,,,,,,,,,,,,,,,,,,,,,,,,,,,,,
0.0662116858237548,0.0678879310344827,0.0592672413793103,0.014367816091954,0.0314894636015325,0.1409243295019157,0.1293103448275862,0.1375718390804598,0.2619731800766284,0.01352969348659,0.1452346743295019,0.0435823754789272,0.0031554814506044,0.0126219258024176,0.037865777407253,0.0063109629012088,0.0,0.0,0.0,0.0189328887036265,0.0220883701542309,0.0,0.0063109629012088,0.0063109629012088,0.0,0.0388349514563106,0.116504854368932,0.0,0.0,0.0,0.0,0.029126213592233,0.0097087378640776,0.0,0.0097087378640776,0.0194174757281553,0.5020804438280168,0.4812760055478502,0.4757281553398058,0.5381414701803051,0.5880721220527046,0.6269070735090153,0.6601941747572816,0.7004160887656034,0.7156726768377254,0.6754507628294038,0.6393897364771151,0.6102635228848822,32,,,,,,,,,,,,,,,,,,,,,,,,,,,,,,,,,,,,,,,,,,,,,,,,
0.1639128352490422,0.0636973180076628,0.0676484674329502,0.0136494252873563,0.0147270114942528,0.0131704980842911,0.0101772030651341,0.1544540229885057,0.087404214559387,0.541786398467433,0.3425526819923372,0.1139846743295019,0.015777407253022,0.0126219258024176,0.0315548145060441,0.0063109629012088,0.0,0.0,0.0,0.0094664443518132,0.1924843684868695,0.0410212588578574,0.0126219258024176,0.0441767403084618,0.0485436893203883,0.0194174757281553,0.0970873786407767,0.0,0.0,0.0,0.0,0.0194174757281553,0.4271844660194174,0.0388349514563106,0.0194174757281553,0.1262135922330097,0.5603328710124827,0.5395284327323163,0.564493758668516,0.5686546463245493,0.6310679611650486,0.6560332871012483,0.7170596393897366,0.739251040221914,0.7184466019417476,0.6227461858529821,0.5922330097087379,0.565880721220527,32,,,,,,,,,,,,,,,,,,,,,,,,,,,,,,,,,,,,,,,,,,,,,,,,
0.4440852490421457,0.1878591954022988,0.0959051724137931,0.0164032567049808,0.0168821839080459,0.0180795019157088,0.0180795019157088,0.0853687739463601,0.0896791187739463,0.1342193486590038,0.0246647509578544,0.0263409961685823,0.0694205919132972,0.0567986661108795,0.0126219258024176,0.0,0.0,0.0,0.0031554814506044,0.0031554814506044,0.0283993330554397,0.0189328887036265,0.0031554814506044,0.0252438516048353,0.1650485436893204,0.174757281553398,0.0097087378640776,0.0,0.0,0.0,0.0,0.0,0.0485436893203883,0.0485436893203883,0.0,0.087378640776699,0.5312066574202496,0.4979195561719834,0.4785020804438281,0.4882108183079057,0.5131761442441054,0.5450762829403606,0.5631067961165049,0.5728155339805825,0.565880721220527,0.5298196948682387,0.5048543689320389,0.4937586685159501,32,,,,,,,,,,,,,,,,,,,,,,,,,,,,,,,,,,,,,,,,,,,,,,,,
0.1342193486590038,0.5542385057471266,0.3217193486590039,0.2271312260536399,0.1236829501915709,0.2118055555555556,0.1727729885057471,0.1843869731800766,0.1032088122605364,0.0786637931034482,0.038433908045977,0.0247844827586206,0.0820425177157148,0.1104418507711546,0.0851979991663193,0.0094664443518132,0.0,0.0,0.0126219258024176,0.0126219258024176,0.0063109629012088,0.015777407253022,0.0094664443518132,0.0126219258024176,0.1553398058252427,0.3203883495145631,0.2718446601941747,0.0,0.0,0.0,0.029126213592233,0.0194174757281553,0.058252427184466,0.0194174757281553,0.0679611650485436,0.0194174757281553,0.4743411927877948,0.4687933425797503,0.4549237170596394,0.4785020804438281,0.5104022191400832,0.5284327323162274,0.5533980582524273,0.5825242718446603,0.5811373092926492,0.5631067961165049,0.5242718446601942,0.4826629680998613,32,,,,,,,,,,,,,,,,,,,,,,,,,,,,,,,,,,,,,,,,,,,,,,,,
0.0767480842911877,0.4852729885057472,0.3894875478927204,0.141044061302682,0.1404454022988506,0.1646312260536398,0.1684626436781609,0.1913314176245211,0.0299329501915709,0.0168821839080459,0.0173611111111111,0.1048850574712643,0.0599541475614839,0.1703959983326386,0.0631096290120883,0.0126219258024176,0.0,0.0,0.0126219258024176,0.0283993330554397,0.0126219258024176,0.0,0.0,0.0189328887036265,0.1941747572815534,0.4466019417475728,0.2135922330097087,0.0097087378640776,0.0,0.0,0.0194174757281553,0.0485436893203883,0.0,0.0,0.0,0.0194174757281553,0.4299583911234397,0.4022191400832178,0.3952843273231623,0.4757281553398058,0.5381414701803051,0.5478502080443829,0.5755894590846048,0.6158113730929267,0.6393897364771152,0.6005547850208044,0.5423023578363385,0.507628294036061,32,,,,,,,,,,,,,,,,,,,,,,,,,,,,,,,,,,,,,,,,,,,,,,,,
0.2125239463601533,0.0592672413793103,0.1716954022988506,0.1337404214559387,0.0162835249042145,0.092911877394636,0.1643917624521073,0.0991379310344827,0.1090756704980843,0.0738745210727969,0.038433908045977,0.0264607279693486,0.0252438516048353,0.0031554814506044,0.1199082951229679,0.0883534806169237,0.0,0.0,0.0,0.0126219258024176,0.0189328887036265,0.0283993330554397,0.0315548145060441,0.0725760733639016,0.0388349514563106,0.0,0.2815533980582524,0.2815533980582524,0.0,0.0,0.0,0.0194174757281553,0.0194174757281553,0.0679611650485436,0.0388349514563106,0.029126213592233,0.4854368932038835,0.4521497919556173,0.4438280166435506,0.5506241331484051,0.6005547850208044,0.6255201109570041,0.6865464632454924,0.7198335644937586,0.7295423023578363,0.6879334257975035,0.6393897364771151,0.5936199722607489,32,,,,,,,,,,,,,,,,,,,,,,,,,,,,,,,,,,,,,,,,,,,,,,,,
0.0956657088122605,0.1546934865900383,0.2270114942528736,0.0723180076628352,0.0195162835249042,0.0149664750957854,0.0195162835249042,0.1282327586206897,0.0988984674329502,0.0308908045977011,0.019037356321839,0.0634578544061302,0.0220883701542309,0.0820425177157148,0.0567986661108795,0.0126219258024176,0.0,0.0,0.0,0.0347102959566486,0.0473322217590662,0.0063109629012088,0.0,0.0189328887036265,0.058252427184466,0.2621359223300971,0.1844660194174757,0.0,0.0,0.0,0.0,0.0679611650485436,0.0679611650485436,0.0,0.0,0.0388349514563106,0.5672676837725382,0.4965325936199722,0.5034674063800277,0.5852981969486825,0.6463245492371706,0.6865464632454924,0.7087378640776699,0.7281553398058253,0.737864077669903,0.7087378640776699,0.6574202496532595,0.650485436893204,32,,,,,,,,,,,,,,,,,,,,,,,,,,,,,,,,,,,,,,,,,,,,,,,,
0.1018917624521073,0.4069683908045978,0.1574473180076628,0.1251197318007663,0.0187978927203065,0.0211925287356321,0.0613026819923371,0.0476532567049808,0.0187978927203065,0.0177203065134099,0.0470545977011494,0.2539511494252874,0.1041308878699458,0.0094664443518132,0.0788870362651104,0.0126219258024176,0.0,0.0,0.015777407253022,0.015777407253022,0.015777407253022,0.0,0.0031554814506044,0.0220883701542309,0.203883495145631,0.029126213592233,0.2233009708737864,0.0,0.0,0.0,0.0194174757281553,0.0388349514563106,0.0485436893203883,0.0,0.0,0.0485436893203883,0.5908460471567267,0.5395284327323163,0.5617198335644938,0.6116504854368932,0.651872399445215,0.7004160887656034,0.7239944521497921,0.7475728155339805,0.7503467406380028,0.7018030513176144,0.6393897364771152,0.6185852981969486,32,,,,,,,,,,,,,,,,,,,,,,,,,,,,,,,,,,,,,,,,,,,,,,,,
0.1149425287356322,0.171455938697318,0.2194683908045977,0.0537595785440613,0.0353208812260536,0.0247844827586206,0.0506465517241379,0.0221503831417624,0.0962643678160919,0.0516044061302682,0.2106082375478928,0.1302681992337165,0.0536431846602751,0.0915089620675281,0.0536431846602751,0.0315548145060441,0.0,0.0,0.0094664443518132,0.0063109629012088,0.015777407253022,0.0031554814506044,0.0631096290120883,0.0063109629012088,0.145631067961165,0.2233009708737864,0.1067961165048543,0.0970873786407767,0.0,0.0,0.0194174757281553,0.0,0.0388349514563106,0.0,0.0485436893203883,0.0194174757281553,0.6185852981969487,0.5839112343966713,0.5603328710124827,0.5977808599167822,0.6282940360610264,0.6546463245492372,0.6699029126213593,0.6879334257975035,0.6990291262135924,0.6546463245492372,0.6490984743411928,0.6061026352288489,32,,,,,,,,,,,,,,,,,,,,,,,,,,,,,,,,,,,,,,,,,,,,,,,,
0.1506226053639847,0.1433189655172414,0.1701388888888889,0.3742816091954024,0.0238266283524904,0.0226293103448275,0.0548371647509578,0.0192768199233716,0.0790229885057471,0.0415469348659004,0.3799090038314177,0.291786398467433,0.0725760733639016,0.075731554814506,0.0788870362651104,0.0031554814506044,0.0031554814506044,0.0,0.0126219258024176,0.0063109629012088,0.0410212588578574,0.0441767403084618,0.0283993330554397,0.0473322217590662,0.2524271844660194,0.1941747572815534,0.2135922330097087,0.0,0.0,0.0,0.029126213592233,0.0,0.0679611650485436,0.0,0.0194174757281553,0.0388349514563106,0.5852981969486825,0.5547850208044384,0.5214979195561721,0.5603328710124827,0.5769764216366159,0.6047156726768378,0.6449375866851595,0.6449375866851595,0.653259361997226,0.6324549237170597,0.6061026352288489,0.5700416088765604,32,,,,,,,,,,,,,,,,,,,,,,,,,,,,,,,,,,,,,,,,,,,,,,,,
0.0816570881226053,0.0804597701149425,0.198036398467433,0.0652538314176245,0.0222701149425287,0.0164032567049808,0.0557950191570881,0.0123323754789272,0.1033285440613027,0.0195162835249042,0.0611829501915708,0.068007662835249,0.0820425177157148,0.113597332221759,0.0725760733639016,0.0094664443518132,0.0,0.0031554814506044,0.0189328887036265,0.0,0.0189328887036265,0.0220883701542309,0.0063109629012088,0.0347102959566486,0.2233009708737864,0.3203883495145631,0.2233009708737864,0.0,0.0,0.0,0.029126213592233,0.0,0.0388349514563106,0.0194174757281553,0.0097087378640776,0.0388349514563106,0.5214979195561721,0.4979195561719834,0.4785020804438281,0.5006934812760055,0.5339805825242719,0.5686546463245493,0.6088765603328712,0.6255201109570042,0.6324549237170597,0.6241331484049931,0.5714285714285715,0.5450762829403606,32,,,,,,,,,,,,,,,,,,,,,,,,,,,,,,,,,,,,,,,,,,,,,,,,
0.225933908045977,0.2054597701149426,0.2590996168582376,0.3494971264367816,0.0203544061302682,0.0195162835249042,0.0438218390804597,0.2804118773946361,0.1485871647509579,0.0721982758620689,0.0999760536398467,0.1760057471264368,0.1041308878699458,0.0315548145060441,0.1009754064193414,0.0094664443518132,0.0,0.0,0.0126219258024176,0.0031554814506044,0.0220883701542309,0.0189328887036265,0.0347102959566486,0.0536431846602751,0.1067961165048543,0.0970873786407767,0.2718446601941747,0.0097087378640776,0.0,0.0,0.0194174757281553,0.0,0.0388349514563106,0.0679611650485436,0.087378640776699,0.145631067961165,0.5062413314840499,0.4882108183079057,0.4479889042995839,0.5020804438280168,0.5228848821081832,0.564493758668516,0.6116504854368933,0.6324549237170596,0.6282940360610264,0.5963938973647712,0.5617198335644938,0.5381414701803051,32,,,,,,,,,,,,,,,,,,,,,,,,,,,,,,,,,,,,,,,,,,,,,,,,
0.1088362068965517,0.179477969348659,0.2480842911877395,0.1381704980842912,0.0504070881226053,0.0405890804597701,0.0419061302681992,0.1187739463601532,0.1141044061302682,0.0319683908045977,0.0383141762452107,0.1164990421455938,0.037865777407253,0.0788870362651104,0.0946644435181325,0.0189328887036265,0.0315548145060441,0.0,0.0126219258024176,0.0252438516048353,0.0220883701542309,0.0094664443518132,0.015777407253022,0.0978199249687369,0.0970873786407767,0.1844660194174757,0.2621359223300971,0.0194174757281553,0.0097087378640776,0.0,0.0194174757281553,0.058252427184466,0.0194174757281553,0.0097087378640776,0.0097087378640776,0.203883495145631,0.4965325936199722,0.4715672676837725,0.4535367545076283,0.5214979195561721,0.5755894590846048,0.6088765603328712,0.6324549237170597,0.6615811373092927,0.6962552011095702,0.6338418862690708,0.6227461858529821,0.6158113730929267,32,,,,,,,,,,,,,,,,,,,,,,,,,,,,,,,,,,,,,,,,,,,,,,,,
0.0755507662835249,0.2300047892720307,0.240301724137931,0.0348419540229885,0.0469348659003831,0.0228687739463601,0.0251436781609195,0.1732519157088123,0.1196120689655172,0.1861829501915709,0.1386494252873563,0.121647509578544,0.0126219258024176,0.1577740725302209,0.0189328887036265,0.0063109629012088,0.0126219258024176,0.0,0.0031554814506044,0.0599541475614839,0.0694205919132972,0.0220883701542309,0.0283993330554397,0.0283993330554397,0.0097087378640776,0.4466019417475728,0.0194174757281553,0.0,0.0194174757281553,0.0,0.0,0.0970873786407767,0.145631067961165,0.058252427184466,0.0679611650485436,0.0194174757281553,0.6088765603328712,0.5839112343966714,0.5728155339805825,0.6088765603328712,0.6435506241331486,0.6712898751733705,0.5908460471567268,0.564493758668516,0.5700416088765604,0.5672676837725382,0.5769764216366159,0.5825242718446603,32,,,,,,,,,,,,,,,,,,,,,,,,,,,,,,,,,,,,,,,,,,,,,,,,
0.1733716475095785,0.372844827586207,0.6375718390804599,0.1125478927203065,0.0284961685823754,0.0231082375478927,0.0307710727969348,0.1408045977011494,0.1527777777777778,0.1175766283524904,0.2777777777777778,0.3409961685823756,0.0504877032096707,0.2303501458941225,0.037865777407253,0.0189328887036265,0.0,0.0,0.0031554814506044,0.0441767403084618,0.0441767403084618,0.0315548145060441,0.037865777407253,0.0410212588578574,0.2135922330097087,0.6213592233009708,0.0388349514563106,0.0,0.0,0.0,0.0,0.0679611650485436,0.0776699029126213,0.087378640776699,0.029126213592233,0.1067961165048543,0.5714285714285715,0.5631067961165048,0.5561719833564495,0.5714285714285715,0.5769764216366158,0.6061026352288489,0.6088765603328712,0.6255201109570042,0.664355062413315,0.653259361997226,0.6116504854368932,0.5908460471567268,32,,,,,,,,,,,,,,,,,,,,,,,,,,,,,,,,,,,,,,,,,,,,,,,,
0.3488984674329503,0.3075909961685825,0.2599377394636016,0.0850095785440613,0.0306513409961685,0.0210727969348659,0.0755507662835249,0.0719588122605364,0.0793821839080459,0.0520833333333333,0.1156609195402299,0.1904932950191571,0.0567986661108795,0.113597332221759,0.075731554814506,0.0031554814506044,0.0,0.0,0.0252438516048353,0.015777407253022,0.037865777407253,0.037865777407253,0.0410212588578574,0.0315548145060441,0.145631067961165,0.3106796116504854,0.1941747572815534,0.0097087378640776,0.0,0.0,0.0388349514563106,0.0194174757281553,0.0970873786407767,0.0,0.1262135922330097,0.058252427184466,0.5755894590846048,0.5423023578363385,0.5187239944521499,0.5464632454923718,0.5866851595006934,0.6088765603328712,0.6199722607489598,0.6324549237170596,0.6255201109570041,0.5561719833564495,0.5436893203883496,0.4965325936199722,32,,,,,,,,,,,,,,,,,,,,,,,,,,,,,,,,,,,,,,,,,,,,,,,,
0.1950431034482758,0.2564655172413794,0.2470067049808429,0.0602250957854406,0.0275383141762452,0.0192768199233716,0.0687260536398467,0.3298611111111112,0.4365421455938698,0.2182710727969349,0.1023706896551724,0.208213601532567,0.0631096290120883,0.1230637765735723,0.037865777407253,0.015777407253022,0.0,0.0,0.0189328887036265,0.0851979991663193,0.0347102959566486,0.0347102959566486,0.0063109629012088,0.0283993330554397,0.1553398058252427,0.3398058252427184,0.1067961165048543,0.0194174757281553,0.0,0.0,0.0194174757281553,0.145631067961165,0.0194174757281553,0.0485436893203883,0.0097087378640776,0.058252427184466,0.4840499306518725,0.4993065187239945,0.5048543689320389,0.5339805825242719,0.5742024965325937,0.6158113730929267,0.651872399445215,0.6366158113730931,0.6490984743411928,0.5700416088765604,0.5436893203883496,0.5395284327323163,32,,,,,,,,,,,,,,,,,,,,,,,,,,,,,,,,,,,,,,,,,,,,,,,,
0.2497605363984675,0.1951628352490422,0.2254549808429119,0.0802203065134099,0.0490900383141762,0.040110153256705,0.0713601532567049,0.345426245210728,0.0451388888888888,0.0434626436781609,0.1148227969348659,0.0757902298850574,0.0347102959566486,0.0915089620675281,0.0725760733639016,0.015777407253022,0.0063109629012088,0.0,0.0441767403084618,0.0504877032096707,0.0410212588578574,0.0189328887036265,0.015777407253022,0.0315548145060441,0.145631067961165,0.2524271844660194,0.2135922330097087,0.0194174757281553,0.0,0.0,0.0970873786407767,0.0970873786407767,0.0388349514563106,0.029126213592233,0.0679611650485436,0.0388349514563106,0.5034674063800277,0.4757281553398058,0.4785020804438281,0.5242718446601942,0.5506241331484051,0.5991678224687934,0.6171983356449376,0.6407766990291263,0.6449375866851595,0.6213592233009709,0.5894590846047157,0.5742024965325937,32,,,,,,,,,,,,,,,,,,,,,,,,,,,,,,,,,,,,,,,,,,,,,,,,
0.2236590038314177,0.5416666666666667,0.5784243295019159,0.0458572796934865,0.037595785440613,0.0255028735632183,0.0584291187739463,0.1398467432950192,0.1094348659003831,0.1344588122605364,0.4163074712643679,0.1550526819923371,0.1104418507711546,0.1987953313880783,0.0126219258024176,0.0063109629012088,0.0031554814506044,0.0,0.015777407253022,0.0536431846602751,0.0347111296373488,0.0883534806169237,0.0063109629012088,0.0410212588578574,0.3495145631067961,0.3883495145631068,0.0097087378640776,0.0,0.0,0.0,0.029126213592233,0.1262135922330097,0.087378640776699,0.0970873786407767,0.0097087378640776,0.1067961165048543,0.5159500693481277,0.5076282940360611,0.5006934812760057,0.5672676837725382,0.6241331484049931,0.6782246879334259,0.7073509015256588,0.7683772538141471,0.7669902912621359,0.7295423023578363,0.6615811373092927,0.6629680998613038,32,,,,,,,,,,,,,,,,,,,,,,,,,,,,,,,,,,,,,,,,,,,,,,,,
0.1615181992337165,0.3835009578544062,0.265205938697318,0.0500478927203065,0.0313697318007662,0.0302921455938697,0.0520833333333333,0.1578065134099617,0.0730363984674329,0.2852011494252874,0.10727969348659,0.1957614942528736,0.0978199249687369,0.1199082951229679,0.0189328887036265,0.0,0.0,0.0,0.0189328887036265,0.037865777407253,0.0567986661108795,0.0063109629012088,0.0094664443518132,0.0883534806169237,0.2621359223300971,0.2815533980582524,0.0097087378640776,0.0,0.0,0.0,0.0388349514563106,0.0679611650485436,0.0388349514563106,0.0,0.0194174757281553,0.233009708737864,0.6144244105409155,0.5936199722607489,0.5325936199722608,0.650485436893204,0.6934812760055479,0.7239944521497921,0.7572815533980582,0.8085991678224688,0.8321775312066575,0.8280166435506242,0.7309292649098476,0.6338418862690708,32,,,,,,,,,,,,,,,,,,,,,,,,,,,,,,,,,,,,,,,,,,,,,,,,
0.0789032567049808,0.1534961685823755,0.217911877394636,0.0423850574712643,0.0602250957854406,0.0313697318007662,0.0280172413793103,0.1493055555555556,0.1458333333333333,0.1131465517241379,0.0792624521072797,0.1400862068965517,0.0063109629012088,0.0820425177157148,0.0347102959566486,0.0,0.0126219258024176,0.0,0.0031554814506044,0.0599541475614839,0.075731554814506,0.0126219258024176,0.0599541475614839,0.0315548145060441,0.0388349514563106,0.233009708737864,0.0388349514563106,0.0,0.029126213592233,0.0,0.0,0.1262135922330097,0.1941747572815534,0.0,0.0097087378640776,0.0970873786407767,0.578363384188627,0.5520110957004161,0.5464632454923718,0.578363384188627,0.6185852981969487,0.6768377253814147,0.7128987517337033,0.7337031900138697,0.7142857142857143,0.6879334257975035,0.6477115117891817,0.6352288488210819,32,,,,,,,,,,,,,,,,,,,,,,,,,,,,,,,,,,,,,,,,,,,,,,,,
0.5668103448275863,0.2405411877394636,0.2164750957854407,0.0405890804597701,0.0225095785440613,0.0307710727969348,0.1948036398467433,0.1149425287356322,0.0702825670498084,0.0886015325670498,0.1101532567049808,0.0592672413793103,0.0504877032096707,0.1262192580241767,0.0694205919132972,0.0,0.0,0.0126219258024176,0.0347102959566486,0.0063109629012088,0.0220883701542309,0.0189328887036265,0.0063109629012088,0.0126219258024176,0.0970873786407767,0.3883495145631068,0.145631067961165,0.0,0.0,0.0097087378640776,0.0485436893203883,0.0,0.0388349514563106,0.0097087378640776,0.0388349514563106,0.0194174757281553,0.6296809986130376,0.6116504854368933,0.5866851595006934,0.5769764216366159,0.6019417475728157,0.6393897364771152,0.6851595006934814,0.7115117891816921,0.6532593619972261,0.6116504854368933,0.5811373092926492,0.5561719833564495,32,,,,,,,,,,,,,,,,,,,,,,,,,,,,,,,,,,,,,,,,,,,,,,,,
0.1041666666666666,0.1700191570881226,0.1827107279693487,0.0094588122605364,0.005507662835249,0.0090996168582375,0.0416666666666666,0.0720785440613027,0.2806513409961687,0.0862068965517241,0.0772270114942529,0.173132183908046,0.0883534806169237,0.0599541475614839,0.0189328887036265,0.0031554814506044,0.0,0.0,0.0189328887036265,0.0126219258024176,0.015777407253022,0.0189328887036265,0.0252438516048353,0.0441767403084618,0.2233009708737864,0.1844660194174757,0.0194174757281553,0.0,0.0,0.0,0.0194174757281553,0.029126213592233,0.0194174757281553,0.0679611650485436,0.0194174757281553,0.1262135922330097,0.5062413314840499,0.5020804438280168,0.5006934812760055,0.5076282940360611,0.5270457697642164,0.5742024965325937,0.6185852981969487,0.6601941747572815,0.6546463245492372,0.6324549237170597,0.5894590846047157,0.5686546463245493,32,,,,,,,,,,,,,,,,,,,,,,,,,,,,,,,,,,,,,,,,,,,,,,,,
0.5320881226053641,0.3348898467432951,0.2654454022988506,0.0348419540229885,0.0077825670498084,0.0100574712643678,0.1041666666666666,0.0902777777777778,0.1378113026819924,0.0051484674329501,0.121647509578544,0.2556273946360154,0.0189328887036265,0.1388411838265944,0.0252438516048353,0.0,0.0,0.0,0.0189328887036265,0.0189328887036265,0.0031554814506044,0.0,0.0094664443518132,0.0126219258024176,0.029126213592233,0.4271844660194174,0.0097087378640776,0.0,0.0,0.0,0.0194174757281553,0.0194174757281553,0.029126213592233,0.0,0.0,0.0485436893203883,0.5589459084604715,0.5395284327323163,0.5256588072122054,0.5367545076282941,0.5575589459084606,0.6255201109570041,0.6269070735090153,0.6282940360610264,0.6102635228848822,0.579750346740638,0.564493758668516,0.5575589459084606,32,,,,,,,,,,,,,,,,,,,,,,,,,,,,,,,,,,,,,,,,,,,,,,,,
0.132183908045977,0.1924090038314176,0.1627155172413793,0.0692049808429118,0.0233477011494252,0.0277777777777777,0.0967432950191571,0.1521791187739463,0.0538793103448276,0.0542385057471264,0.0211925287356321,0.0778256704980843,0.015777407253022,0.1388411838265944,0.037865777407253,0.0063109629012088,0.0031554814506044,0.0,0.0094664443518132,0.0441767403084618,0.0094664443518132,0.0,0.0126219258024176,0.0347102959566486,0.0097087378640776,0.3592233009708738,0.116504854368932,0.0,0.0,0.0,0.0,0.0776699029126213,0.0097087378640776,0.0,0.0097087378640776,0.0194174757281553,0.5506241331484051,0.5520110957004161,0.5603328710124827,0.565880721220527,0.5866851595006934,0.6019417475728157,0.6199722607489598,0.6712898751733705,0.6754507628294038,0.667128987517337,0.6463245492371706,0.6324549237170596,32,,,,,,,,,,,,,,,,,,,,,,,,,,,,,,,,,,,,,,,,,,,,,,,,
0.3518917624521073,0.1993534482758621,0.2119252873563218,0.0714798850574712,0.0122126436781609,0.0059865900383141,0.0076628352490421,0.130507662835249,0.0670498084291187,0.0480124521072797,0.0380747126436781,0.0735153256704981,0.0694205919132972,0.1167528136723635,0.0094664443518132,0.0315548145060441,0.0,0.0,0.0,0.0283993330554397,0.037865777407253,0.0094664443518132,0.0252438516048353,0.0946644435181325,0.1650485436893204,0.3203883495145631,0.0097087378640776,0.0970873786407767,0.0,0.0,0.0,0.0485436893203883,0.087378640776699,0.0194174757281553,0.087378640776699,0.203883495145631,0.6158113730929267,0.5936199722607489,0.5922330097087379,0.6047156726768378,0.6449375866851595,0.6990291262135924,0.7447988904299585,0.7489597780859918,0.7350901525658807,0.6934812760055479,0.6366158113730931,0.5700416088765604,32,,,,,,,,,,,,,,,,,,,,,,,,,,,,,,,,,,,,,,,,,,,,,,,,
0.2540708812260537,0.7355124521072798,0.3154932950191572,0.213242337164751,0.1767241379310345,0.1974377394636015,0.180316091954023,0.2642480842911878,0.158764367816092,0.1042863984674329,0.0517241379310344,0.1793582375478928,0.0504877032096707,0.1262192580241767,0.0283993330554397,0.0094664443518132,0.0,0.0,0.0126219258024176,0.0189328887036265,0.0410212588578574,0.0504877032096707,0.0031554814506044,0.0220883701542309,0.203883495145631,0.4174757281553398,0.1067961165048543,0.0,0.0,0.0,0.029126213592233,0.029126213592233,0.1359223300970873,0.029126213592233,0.0,0.0388349514563106,0.4382801664355062,0.4438280166435506,0.4466019417475729,0.4479889042995839,0.4785020804438281,0.5062413314840499,0.5755894590846048,0.5963938973647712,0.579750346740638,0.549237170596394,0.5395284327323163,0.5090152565880722,32,,,,,,,,,,,,,,,,,,,,,,,,,,,,,,,,,,,,,,,,,,,,,,,,
0.1760057471264368,0.3376436781609196,0.255028735632184,0.2157567049808429,0.0900383141762452,0.1666666666666667,0.1546934865900383,0.1934865900383142,0.1476293103448276,0.1973180076628353,0.2210249042145594,0.4364224137931036,0.0441767403084618,0.0788870362651104,0.0504877032096707,0.0252438516048353,0.0,0.0,0.0094664443518132,0.0126219258024176,0.0094664443518132,0.0031554814506044,0.0031554814506044,0.0504877032096707,0.1262135922330097,0.2621359223300971,0.2135922330097087,0.029126213592233,0.0,0.0,0.0194174757281553,0.0194174757281553,0.0194174757281553,0.0,0.0,0.1844660194174757,0.5104022191400832,0.492371705963939,0.492371705963939,0.4993065187239945,0.40499306518724,0.4036061026352289,0.4133148404993065,0.4632454923717061,0.4466019417475729,0.4244105409153953,0.3744798890429959,0.3425797503467407,32,,,,,,,,,,,,,,,,,,,,,,,,,,,,,,,,,,,,,,,,,,,,,,,,
0.5167624521072798,0.2690373563218391,0.3090277777777778,0.2318007662835249,0.2264128352490421,0.2152777777777778,0.2869971264367817,0.2189894636015326,0.1228448275862068,0.1003352490421456,0.0445402298850574,0.1999521072796935,0.0725760733639016,0.1009754064193414,0.0031554814506044,0.0504877032096707,0.0031554814506044,0.0,0.0126219258024176,0.0031554814506044,0.0220883701542309,0.0536431846602751,0.0,0.0315548145060441,0.2135922330097087,0.3398058252427184,0.0,0.1359223300970873,0.0,0.0,0.0194174757281553,0.0,0.0679611650485436,0.029126213592233,0.0,0.087378640776699,0.3453536754507628,0.2940360610263523,0.2981969486823856,0.3453536754507628,0.4077669902912622,0.4438280166435506,0.4576976421636616,0.4646324549237171,0.4549237170596394,0.4299583911234397,0.4119278779472954,0.3717059639389737,32,,,,,,,,,,,,,,,,,,,,,,,,,,,,,,,,,,,,,,,,,,,,,,,,
0.3966714559386973,0.3449473180076629,0.5021551724137931,0.1645114942528736,0.1934865900383142,0.1936063218390805,0.2875957854406131,0.2861590038314177,0.1221264367816092,0.1672653256704981,0.102610153256705,0.1367337164750958,0.037865777407253,0.0694205919132972,0.0946644435181325,0.0126219258024176,0.0,0.0,0.0126219258024176,0.0063109629012088,0.0315548145060441,0.0126219258024176,0.0031554814506044,0.0410212588578574,0.0776699029126213,0.2233009708737864,0.3980582524271844,0.0,0.0,0.0,0.0194174757281553,0.0097087378640776,0.058252427184466,0.0,0.0,0.1067961165048543,0.3356449375866852,0.3370319001386962,0.3550624133148405,0.3841886269070735,0.4174757281553398,0.4410540915395284,0.4854368932038835,0.4826629680998613,0.4826629680998613,0.4549237170596394,0.4257975034674064,0.3744798890429959,32,,,,,,,,,,,,,,,,,,,,,,,,,,,,,,,,,,,,,,,,,,,,,,,,
0.0562739463601532,0.1933668582375479,0.5004789272030653,0.3718869731800767,0.1896551724137931,0.243654214559387,0.2219827586206897,0.2713122605363985,0.1087164750957854,0.0168821839080459,0.1455938697318008,0.0571120689655172,0.0504877032096707,0.1356857023759899,0.0126219258024176,0.0,0.0,0.0,0.0031554814506044,0.0220883701542309,0.0220883701542309,0.0031554814506044,0.0031554814506044,0.0567986661108795,0.233009708737864,0.3883495145631068,0.0,0.0,0.0,0.0,0.0,0.058252427184466,0.0485436893203883,0.0097087378640776,0.0,0.2135922330097087,0.3356449375866852,0.3217753120665743,0.3439667128987517,0.377253814147018,0.4119278779472954,0.4590846047156727,0.4785020804438281,0.5159500693481277,0.5187239944521499,0.4687933425797503,0.4327323162274619,0.3647711511789182,32,,,,,,,,,,,,,,,,,,,,,,,,,,,,,,,,,,,,,,,,,,,,,,,,
0.1008141762452107,0.2432950191570881,0.2564655172413794,0.3403975095785441,0.1965996168582375,0.2321599616858238,0.2145593869731801,0.2461685823754789,0.1772030651340996,0.0817768199233716,0.0049090038314176,0.0516044061302682,0.0883534806169237,0.0410212588578574,0.0410212588578574,0.0063109629012088,0.0,0.0,0.0,0.0315548145060441,0.0063109629012088,0.0,0.0031554814506044,0.0094664443518132,0.2427184466019417,0.1262135922330097,0.1650485436893204,0.0097087378640776,0.0,0.0,0.0,0.058252427184466,0.0,0.0,0.0,0.0097087378640776,0.3467406380027739,0.319001386962552,0.3079056865464633,0.3314840499306519,0.4396671289875174,0.4895977808599168,0.5228848821081832,0.535367545076283,0.5270457697642164,0.4979195561719834,0.4757281553398058,0.4271844660194175,32,,,,,,,,,,,,,,,,,,,,,,,,,,,,,,,,,,,,,,,,,,,,,,,,
0.0255028735632183,0.1203304597701149,0.2726293103448276,0.1943247126436782,0.1766044061302682,0.1928879310344828,0.2083333333333334,0.2253352490421456,0.0834530651340996,0.0284961685823754,0.008022030651341,0.0101772030651341,0.0189328887036265,0.1041308878699458,0.0031554814506044,0.0126219258024176,0.0,0.0031554814506044,0.0,0.0063109629012088,0.0473322217590662,0.0,0.0,0.0,0.0679611650485436,0.3980582524271844,0.0,0.0097087378640776,0.0,0.0,0.0,0.0,0.1553398058252427,0.0,0.0,0.0,0.4008321775312067,0.3647711511789182,0.3647711511789182,0.3938973647711511,0.5034674063800277,0.5450762829403606,0.5617198335644938,0.5617198335644938,0.5409153952843274,0.4937586685159501,0.4687933425797503,0.4715672676837725,32,,,,,,,,,,,,,,,,,,,,,,,,,,,,,,,,,,,,,,,,,,,,,,,,
0.0090996168582375,0.0851293103448276,0.2249760536398468,0.1944444444444445,0.1278735632183908,0.0827346743295019,0.1666666666666667,0.1458333333333333,0.1283524904214559,0.0165229885057471,0.0944683908045977,0.0921934865900383,0.0,0.0725760733639016,0.0631096290120883,0.0063109629012088,0.0,0.0,0.0,0.0063109629012088,0.0126219258024176,0.0189328887036265,0.0031554814506044,0.0473322217590662,0.0,0.1941747572815534,0.233009708737864,0.0,0.0,0.0,0.0,0.0,0.0485436893203883,0.0097087378640776,0.0485436893203883,0.087378640776699,0.4715672676837725,0.4660194174757282,0.420249653259362,0.4618585298196949,0.5492371705963939,0.5922330097087379,0.6005547850208044,0.6421636615811374,0.6449375866851595,0.5686546463245493,0.5256588072122054,0.5589459084604715,32,,,,,,,,,,,,,,,,,,,,,,,,,,,,,,,,,,,,,,,,,,,,,,,,
0.2898706896551725,0.2025862068965517,0.2222222222222223,0.0844109195402298,0.0095785440613026,0.0116139846743295,0.0938697318007663,0.1221264367816092,0.1579262452107279,0.2545498084291188,0.1572078544061303,0.1859434865900384,0.0283993330554397,0.0820425177157148,0.0662651104626927,0.0347102959566486,0.0,0.0,0.0031554814506044,0.037865777407253,0.0126219258024176,0.0504877032096707,0.0252438516048353,0.0283993330554397,0.0679611650485436,0.2621359223300971,0.2524271844660194,0.087378640776699,0.0,0.0,0.0,0.1067961165048543,0.0194174757281553,0.145631067961165,0.0097087378640776,0.0970873786407767,0.5284327323162274,0.4840499306518725,0.4687933425797503,0.492371705963939,0.5117891816920944,0.5520110957004161,0.6005547850208044,0.6782246879334259,0.6560332871012483,0.6324549237170597,0.6227461858529821,0.5617198335644938,32,,,,,,,,,,,,,,,,,,,,,,,,,,,,,,,,,,,,,,,,,,,,,,,,
0.2252155172413793,0.1962404214559387,0.1877394636015326,0.0907567049808429,0.0111350574712643,0.075191570881226,0.1778017241379311,0.102610153256705,0.0166427203065134,0.1047653256704981,0.0979406130268199,0.2362308429118775,0.1009754064193414,0.1072863693205502,0.0504877032096707,0.0126219258024176,0.0,0.0,0.015777407253022,0.015777407253022,0.0126219258024176,0.0063109629012088,0.0031554814506044,0.0599541475614839,0.3203883495145631,0.3300970873786408,0.1359223300970873,0.0097087378640776,0.0,0.0,0.029126213592233,0.0485436893203883,0.0097087378640776,0.0097087378640776,0.0,0.174757281553398,0.5284327323162274,0.5353675450762829,0.5187239944521499,0.5173370319001387,0.5423023578363385,0.5325936199722608,0.5104022191400832,0.492371705963939,0.5006934812760055,0.5048543689320389,0.490984743411928,0.4757281553398058,32,,,,,,,,,,,,,,,,,,,,,,,,,,,,,,,,,,,,,,,,,,,,,,,,
0.4621647509578545,0.1785201149425287,0.2808908045977012,0.5211925287356323,0.1530172413793104,0.0886015325670498,0.2076149425287356,0.0866858237547893,0.1181752873563218,0.011015325670498,0.0487308429118774,0.07602969348659,0.0631096290120883,0.1293747394747811,0.0473322217590662,0.0094664443518132,0.0,0.0,0.0189328887036265,0.0,0.0283993330554397,0.0031554814506044,0.0063109629012088,0.0126219258024176,0.2135922330097087,0.3106796116504854,0.1553398058252427,0.0,0.0,0.0,0.0388349514563106,0.0,0.0776699029126213,0.0,0.0194174757281553,0.0194174757281553,0.4590846047156727,0.4368932038834952,0.4590846047156727,0.4757281553398058,0.5104022191400832,0.5769764216366159,0.6019417475728157,0.5894590846047157,0.5312066574202496,0.5006934812760055,0.4868238557558946,0.4618585298196949,32,,,,,,,,,,,,,,,,,,,,,,,,,,,,,,,,,,,,,,,,,,,,,,,,
0.1163793103448276,0.3162116858237548,0.2546695402298851,0.0158045977011494,0.0111350574712643,0.1896551724137931,0.1746886973180077,0.1861829501915709,0.0414272030651341,0.0314894636015325,0.4394157088122606,0.0806992337164751,0.0347102959566486,0.1293747394747811,0.0315548145060441,0.0031554814506044,0.0,0.0031554814506044,0.0126219258024176,0.0063109629012088,0.0220883701542309,0.0441767403084618,0.015777407253022,0.015777407253022,0.145631067961165,0.4368932038834951,0.087378640776699,0.0,0.0,0.0,0.029126213592233,0.0,0.0679611650485436,0.029126213592233,0.0,0.029126213592233,0.4424410540915395,0.4216366158113732,0.418862690707351,0.4479889042995839,0.4687933425797503,0.5020804438280168,0.5409153952843274,0.5755894590846048,0.5866851595006934,0.5464632454923718,0.5201109570041609,0.5117891816920944,32,,,,,,,,,,,,,,,,,,,,,,,,,,,,,,,,,,,,,,,,,,,,,,,,
0.190852490421456,0.317528735632184,0.1940852490421456,0.101772030651341,0.1132662835249042,0.1940852490421456,0.1420019157088122,0.2232998084291188,0.1381704980842912,0.2423371647509579,0.2965756704980843,0.0391522988505747,0.0410212588578574,0.0788870362651104,0.0978199249687369,0.0126219258024176,0.0,0.0,0.0,0.0315548145060441,0.0063109629012088,0.0504877032096707,0.015777407253022,0.0063109629012088,0.174757281553398,0.1844660194174757,0.3398058252427184,0.0,0.0,0.0,0.0,0.0679611650485436,0.0097087378640776,0.0485436893203883,0.0097087378640776,0.0097087378640776,0.4826629680998613,0.4147018030513176,0.4355062413314841,0.4729542302357836,0.5006934812760057,0.5312066574202496,0.5575589459084606,0.6033287101248267,0.6116504854368933,0.5423023578363384,0.5201109570041609,0.5187239944521499,32,,,,,,,,,,,,,,,,,,,,,,,,,,,,,,,,,,,,,,,,,,,,,,,,
0.0811781609195402,0.1192528735632184,0.1424808429118774,0.0878831417624521,0.1737308429118774,0.1088362068965517,0.1495450191570881,0.1785201149425287,0.1922892720306514,0.522749042145594,0.4929358237547893,0.0876436781609195,0.0252438516048353,0.0,0.0694205919132972,0.0,0.0094664443518132,0.0,0.0,0.037865777407253,0.1009754064193414,0.0788870362651104,0.0631096290120883,0.0031554814506044,0.0679611650485436,0.0097087378640776,0.2135922330097087,0.0,0.0194174757281553,0.0,0.0,0.1359223300970873,0.2912621359223301,0.0485436893203883,0.174757281553398,0.0,0.4687933425797503,0.4674063800277393,0.4563106796116506,0.4632454923717061,0.5020804438280168,0.5631067961165049,0.6005547850208044,0.6033287101248267,0.6241331484049931,0.60748959778086,0.5395284327323163,0.5256588072122054,32,,,,,,,,,,,,,,,,,,,,,,,,,,,,,,,,,,,,,,,,,,,,,,,,
0.0132902298850574,0.202705938697318,0.1358955938697318,0.1356561302681992,0.0757902298850575,0.1302681992337165,0.2011494252873563,0.1255986590038314,0.1933668582375479,0.0463362068965517,0.1176963601532567,0.1029693486590038,0.0,0.0725760733639016,0.0473322217590662,0.0252438516048353,0.0,0.0,0.0189328887036265,0.0063109629012088,0.0189328887036265,0.0063109629012088,0.0063109629012088,0.0252438516048353,0.0,0.2233009708737864,0.174757281553398,0.029126213592233,0.0,0.0,0.0388349514563106,0.0,0.0388349514563106,0.0194174757281553,0.0097087378640776,0.0485436893203883,0.5104022191400832,0.4854368932038835,0.4618585298196949,0.4646324549237171,0.4687933425797503,0.5159500693481277,0.5977808599167822,0.6116504854368932,0.564493758668516,0.5214979195561721,0.490984743411928,0.4507628294036061,32,,,,,,,,,,,,,,,,,,,,,,,,,,,,,,,,,,,,,,,,,,,,,,,,
0.2001915708812261,0.1349377394636015,0.2238984674329502,0.1713362068965517,0.1762452107279693,0.1354166666666667,0.2367097701149426,0.2363505747126437,0.0972222222222222,0.1094348659003831,0.0957854406130268,0.2045019157088123,0.0694205919132972,0.1199082951229679,0.0031554814506044,0.0126219258024176,0.0,0.0,0.0189328887036265,0.0252438516048353,0.0063109629012088,0.0031554814506044,0.0126219258024176,0.0283993330554397,0.233009708737864,0.3689320388349514,0.0097087378640776,0.0194174757281553,0.0,0.0,0.029126213592233,0.0679611650485436,0.029126213592233,0.0194174757281553,0.0388349514563106,0.087378640776699,0.3703190013869625,0.3661581137309293,0.3592233009708738,0.4063800277392511,0.4563106796116506,0.4979195561719834,0.5173370319001387,0.490984743411928,0.4535367545076283,0.4327323162274619,0.4216366158113731,0.4188626907073509,32,,,,,,,,,,,,,,,,,,,,,,,,,,,,,,,,,,,,,,,,,,,,,,,,
0.2929837164750958,0.2601772030651341,0.4040948275862069,0.2092911877394636,0.1380507662835249,0.1817528735632184,0.2447318007662835,0.1902538314176245,0.1487068965517241,0.12080938697318,0.2198275862068966,0.3461446360153257,0.037865777407253,0.1514631096290121,0.015777407253022,0.0031554814506044,0.0,0.0031554814506044,0.015777407253022,0.0,0.0347102959566486,0.037865777407253,0.015777407253022,0.0441767403084618,0.1650485436893204,0.5145631067961165,0.029126213592233,0.0,0.0,0.0097087378640776,0.029126213592233,0.0,0.1067961165048543,0.1359223300970873,0.058252427184466,0.1262135922330097,0.420249653259362,0.4216366158113731,0.4160887656033287,0.4160887656033287,0.4382801664355062,0.5104022191400832,0.5575589459084606,0.5339805825242719,0.5589459084604715,0.5423023578363384,0.4674063800277393,0.4216366158113731,32,,,,,,,,,,,,,,,,,,,,,,,,,,,,,,,,,,,,,,,,,,,,,,,,
0.4448036398467433,0.1733716475095785,0.3649425287356322,0.2903496168582376,0.1603208812260536,0.1782806513409962,0.2180316091954023,0.1945641762452107,0.1995929118773947,0.0366379310344827,0.1484674329501916,0.1471503831417625,0.1041308878699458,0.0094664443518132,0.0536431846602751,0.0567986661108795,0.0,0.0,0.015777407253022,0.0094664443518132,0.0220883701542309,0.0063109629012088,0.0063109629012088,0.015777407253022,0.2718446601941747,0.0194174757281553,0.1359223300970873,0.1844660194174757,0.0,0.0,0.0194174757281553,0.0097087378640776,0.058252427184466,0.0097087378640776,0.0,0.029126213592233,0.3717059639389737,0.3786407766990292,0.4230235783633842,0.4549237170596394,0.5242718446601942,0.5575589459084606,0.5839112343966714,0.5742024965325937,0.5242718446601942,0.4715672676837725,0.449375866851595,0.4479889042995839,32,,,,,,,,,,,,,,,,,,,,,,,,,,,,,,,,,,,,,,,,,,,,,,,,
0.2461685823754789,0.2993295019157088,0.2693965517241379,0.1606800766283525,0.1102729885057471,0.1756465517241379,0.1439176245210728,0.1673850574712644,0.0531609195402299,0.0123323754789272,0.0409482758620689,0.100933908045977,0.0347102959566486,0.0536431846602751,0.0725760733639016,0.0063109629012088,0.0,0.0063109629012088,0.015777407253022,0.015777407253022,0.0126219258024176,0.0094664443518132,0.015777407253022,0.0126219258024176,0.1067961165048543,0.145631067961165,0.233009708737864,0.0,0.0,0.0,0.0388349514563106,0.0097087378640776,0.029126213592233,0.058252427184466,0.0,0.029126213592233,0.4895977808599168,0.4840499306518725,0.4410540915395284,0.4826629680998613,0.5284327323162274,0.5575589459084606,0.6005547850208044,0.6171983356449376,0.6047156726768377,0.5769764216366158,0.5228848821081832,0.4687933425797503,32,,,,,,,,,,,,,,,,,,,,,,,,,,,,,,,,,,,,,,,,,,,,,,,,
0.105603448275862,0.2019875478927204,0.2252155172413793,0.0771072796934866,0.1071599616858237,0.1203304597701149,0.2455699233716475,0.1707375478927203,0.1533764367816092,0.136374521072797,0.0895593869731801,0.3140565134099617,0.0189328887036265,0.0662651104626927,0.1262192580241767,0.0094664443518132,0.0,0.0,0.0,0.0315548145060441,0.0252438516048353,0.0536431846602751,0.0315548145060441,0.0662651104626927,0.0485436893203883,0.1844660194174757,0.4077669902912621,0.0,0.0,0.0,0.0,0.0388349514563106,0.0485436893203883,0.1650485436893204,0.029126213592233,0.1941747572815534,0.40499306518724,0.4022191400832178,0.377253814147018,0.4174757281553398,0.5117891816920944,0.5395284327323163,0.5769764216366158,0.5728155339805825,0.5617198335644938,0.5561719833564495,0.5312066574202496,0.5339805825242719,32,,,,,,,,,,,,,,,,,,,,,,,,,,,,,,,,,,,,,,,,,,,,,,,,
0.0924329501915709,0.1540948275862069,0.2011494252873563,0.0694444444444444,0.0931513409961685,0.0870450191570881,0.087404214559387,0.1108716475095785,0.0484913793103448,0.1481082375478927,0.7051005747126439,0.2817289272030652,0.0220883701542309,0.1388411838265944,0.0,0.0094664443518132,0.0063109629012088,0.0,0.0,0.0063109629012088,0.0252438516048353,0.0978199249687369,0.0599541475614839,0.0347102959566486,0.1067961165048543,0.4563106796116505,0.0,0.0097087378640776,0.0194174757281553,0.0,0.0,0.0,0.058252427184466,0.145631067961165,0.058252427184466,0.0097087378640776,0.521497919556172,0.5228848821081832,0.5117891816920944,0.535367545076283,0.6130374479889044,0.6490984743411928,0.6823855755894592,0.665742024965326,0.6130374479889044,0.5755894590846048,0.5631067961165049,0.5880721220527046,32,,,,,,,,,,,,,,,,,,,,,,,,,,,,,,,,,,,,,,,,,,,,,,,,
0.2262931034482759,0.1534961685823755,0.1193726053639847,0.0538793103448276,0.0128113026819923,0.0112547892720306,0.0446599616858237,0.0111350574712643,0.0803400383141762,0.5190373563218391,0.0985392720306513,0.1215277777777778,0.0094664443518132,0.1009754064193414,0.0599541475614839,0.0094664443518132,0.0,0.0,0.015777407253022,0.0,0.0662651104626927,0.0410212588578574,0.0126219258024176,0.0094664443518132,0.058252427184466,0.2718446601941747,0.203883495145631,0.0,0.0,0.0,0.0194174757281553,0.0,0.087378640776699,0.0679611650485436,0.0097087378640776,0.0194174757281553,0.5742024965325937,0.5450762829403606,0.5395284327323163,0.5825242718446603,0.6171983356449376,0.6241331484049931,0.6213592233009709,0.6061026352288489,0.5825242718446603,0.5506241331484051,0.5506241331484051,0.5492371705963939,32,,,,,,,,,,,,,,,,,,,,,,,,,,,,,,,,,,,,,,,,,,,,,,,,
0.3405172413793104,0.2062978927203065,0.1878591954022988,0.1014128352490421,0.0204741379310344,0.0222701149425287,0.060823754789272,0.0847701149425287,0.1279932950191571,0.0154454022988505,0.0396312260536398,0.1827107279693487,0.0441767403084618,0.1104418507711546,0.075731554814506,0.0063109629012088,0.0,0.0,0.0126219258024176,0.0220883701542309,0.0094664443518132,0.0,0.0,0.0220883701542309,0.145631067961165,0.3300970873786408,0.2621359223300971,0.0,0.0,0.0,0.029126213592233,0.0194174757281553,0.0097087378640776,0.0,0.0,0.0679611650485436,0.5464632454923718,0.5298196948682387,0.5145631067961166,0.5173370319001387,0.5492371705963939,0.6019417475728157,0.579750346740638,0.5575589459084606,0.5506241331484051,0.5256588072122054,0.5256588072122054,0.5409153952843274,32,,,,,,,,,,,,,,,,,,,,,,,,,,,,,,,,,,,,,,,,,,,,,,,,
0.2095306513409962,0.20522030651341,0.2316810344827586,0.1363745210727969,0.0795019157088122,0.1227250957854406,0.1331417624521073,0.1573275862068965,0.1173371647509578,0.1107519157088122,0.0993773946360153,0.1661877394636015,0.0725760733639016,0.1325302209253855,0.0347102959566486,0.0,0.0,0.0,0.0189328887036265,0.0031554814506044,0.015777407253022,0.0063109629012088,0.0,0.015777407253022,0.1941747572815534,0.4466019417475728,0.0776699029126213,0.0,0.0,0.0,0.0194174757281553,0.0097087378640776,0.0194174757281553,0.0,0.0,0.029126213592233,0.5367545076282941,0.5256588072122054,0.5395284327323163,0.5339805825242719,0.5423023578363384,0.5714285714285715,0.5825242718446603,0.5908460471567268,0.6047156726768378,0.6171983356449376,0.5950069348127602,0.5714285714285715,32,,,,,,,,,,,,,,,,,,,,,,,,,,,,,,,,,,,,,,,,,,,,,,,,
0.2625718390804598,0.1774425287356322,0.4596503831417626,0.1261973180076628,0.0880028735632184,0.0915948275862069,0.1364942528735632,0.1788793103448276,0.1561302681992337,0.0966235632183908,0.0176005747126436,0.2628113026819924,0.0347102959566486,0.0725760733639016,0.0788870362651104,0.0094664443518132,0.0,0.0,0.0126219258024176,0.0189328887036265,0.037865777407253,0.0063109629012088,0.0,0.0410212588578574,0.029126213592233,0.1844660194174757,0.2718446601941747,0.0097087378640776,0.0,0.0,0.0194174757281553,0.0097087378640776,0.0970873786407767,0.0,0.0,0.0388349514563106,0.5367545076282941,0.5145631067961166,0.5131761442441054,0.5048543689320389,0.4993065187239945,0.5159500693481277,0.5533980582524273,0.6144244105409155,0.6116504854368932,0.5755894590846048,0.5367545076282941,0.4951456310679612,32,,,,,,,,,,,,,,,,,,,,,,,,,,,,,,,,,,,,,,,,,,,,,,,,
0.3775143678160921,0.1860632183908046,0.2681992337164752,0.1404454022988506,0.1412835249042146,0.1719348659003831,0.1572078544061303,0.161757662835249,0.1404454022988506,0.0253831417624521,0.0288553639846743,0.0438218390804597,0.0315548145060441,0.0504877032096707,0.0915089620675281,0.0094664443518132,0.0,0.0031554814506044,0.0094664443518132,0.0189328887036265,0.0315548145060441,0.0094664443518132,0.0031554814506044,0.0063109629012088,0.0970873786407767,0.1553398058252427,0.2815533980582524,0.0,0.0,0.0,0.0194174757281553,0.0097087378640776,0.1067961165048543,0.0,0.0,0.0194174757281553,0.4507628294036061,0.4410540915395284,0.4646324549237171,0.4840499306518725,0.5201109570041609,0.5575589459084606,0.5852981969486825,0.6047156726768378,0.5686546463245493,0.5436893203883496,0.5214979195561721,0.5020804438280168,32,,,,,,,,,,,,,,,,,,,,,,,,,,,,,,,,,,,,,,,,,,,,,,,,
0.220426245210728,0.5051484674329503,0.2777777777777778,0.0830938697318007,0.0172413793103448,0.0217911877394636,0.0422653256704981,0.0269396551724137,0.3057950191570882,0.3647030651340997,0.1785201149425287,0.1931273946360153,0.0694205919132972,0.0473322217590662,0.1009754064193414,0.0063109629012088,0.0,0.0,0.0126219258024176,0.0126219258024176,0.0694205919132972,0.015777407253022,0.037865777407253,0.0063109629012088,0.145631067961165,0.1262135922330097,0.3106796116504854,0.0,0.0,0.0,0.0194174757281553,0.0097087378640776,0.2135922330097087,0.0194174757281553,0.058252427184466,0.0,0.4895977808599168,0.49375866851595,0.492371705963939,0.5020804438280168,0.5436893203883496,0.5672676837725382,0.5672676837725382,0.5839112343966714,0.6047156726768377,0.5880721220527046,0.5631067961165049,0.5395284327323163,32,,,,,,,,,,,,,,,,,,,,,,,,,,,,,,,,,,,,,,,,,,,,,,,,
0.2739463601532568,0.1561302681992337,0.5168821839080461,0.1190134099616858,0.1239224137931034,0.1315852490421456,0.1283524904214559,0.1138649425287356,0.0923132183908046,0.0170019157088122,0.0893199233716475,0.0314894636015325,0.0567986661108795,0.1987953313880783,0.0094664443518132,0.0094664443518132,0.0,0.0,0.0,0.0220883701542309,0.015777407253022,0.0063109629012088,0.0536431846602751,0.0,0.087378640776699,0.4563106796116505,0.0194174757281553,0.0,0.0,0.0,0.0,0.029126213592233,0.029126213592233,0.0194174757281553,0.1553398058252427,0.0,0.5436893203883496,0.5242718446601942,0.5187239944521499,0.5325936199722608,0.5506241331484051,0.5575589459084606,0.5825242718446603,0.5922330097087379,0.6047156726768378,0.5922330097087379,0.5631067961165048,0.535367545076283,32,,,,,,,,,,,,,,,,,,,,,,,,,,,,,,,,,,,,,,,,,,,,,,,,
0.0213122605363984,0.1240421455938697,0.2310823754789272,0.171455938697318,0.0936302681992337,0.115301724137931,0.1107519157088122,0.1721743295019157,0.15625,0.4732998084291189,0.1726532567049808,0.1034482758620689,0.0,0.0978199249687369,0.0,0.015777407253022,0.0031554814506044,0.0,0.0031554814506044,0.015777407253022,0.0725760733639016,0.0441767403084618,0.0031554814506044,0.0094664443518132,0.0,0.3203883495145631,0.0,0.029126213592233,0.0,0.0,0.0,0.0194174757281553,0.1067961165048543,0.0776699029126213,0.0,0.0097087378640776,0.5062413314840499,0.4868238557558945,0.4687933425797503,0.4646324549237171,0.4743411927877948,0.5062413314840499,0.5922330097087379,0.6130374479889044,0.5936199722607489,0.5575589459084606,0.5242718446601942,0.4993065187239945,32,,,,,,,,,,,,,,,,,,,,,,,,,,,,,,,,,,,,,,,,,,,,,,,,
0.270234674329502,0.5306513409961687,0.978448275862069,0.1922892720306514,0.1271551724137931,0.132183908045977,0.1809147509578544,0.123323754789272,0.1217672413793103,0.0603448275862069,0.0096982758620689,0.1484674329501916,0.1483076281784076,0.1640850354314297,0.0978199249687369,0.0094664443518132,0.0,0.0031554814506044,0.0094664443518132,0.015777407253022,0.0063109629012088,0.0,0.0,0.015777407253022,0.3495145631067961,0.3592233009708738,0.3106796116504854,0.0,0.0,0.0,0.029126213592233,0.0194174757281553,0.0097087378640776,0.0,0.0,0.0194174757281553,0.4882108183079057,0.4965325936199722,0.4840499306518725,0.4812760055478502,0.5048543689320389,0.5603328710124827,0.5728155339805825,0.5603328710124827,0.5589459084604715,0.5478502080443829,0.5048543689320389,0.4438280166435506,32,,,,,,,,,,,,,,,,,,,,,,,,,,,,,,,,,,,,,,,,,,,,,,,,
0.0689655172413793,0.0723180076628352,0.1694204980842912,0.1399664750957854,0.1479885057471265,0.1503831417624521,0.1734913793103449,0.2455699233716475,0.1528975095785441,0.1005747126436781,0.125,0.084051724137931,0.0,0.0,0.037865777407253,0.0,0.0,0.0,0.0,0.0220883701542309,0.0063109629012088,0.0063109629012088,0.0063109629012088,0.0,0.0,0.0,0.1067961165048543,0.0,0.0,0.0,0.0,0.0485436893203883,0.0097087378640776,0.0,0.0,0.0,0.4216366158113731,0.4271844660194175,0.4313453536754508,0.449375866851595,0.4840499306518725,0.5339805825242719,0.5547850208044384,0.579750346740638,0.5742024965325937,0.5575589459084606,0.4826629680998613,0.4715672676837725,32,,,,,,,,,,,,,,,,,,,,,,,,,,,,,,,,,,,,,,,,,,,,,,,,
0.1124281609195402,0.1069204980842912,0.1653496168582376,0.1404454022988506,0.1422413793103448,0.1489463601532567,0.1467911877394636,0.1779214559386973,0.146551724137931,0.1520593869731801,0.0977011494252873,0.2258141762452107,0.0126219258024176,0.0473322217590662,0.0094664443518132,0.0,0.0,0.0,0.0,0.0094664443518132,0.0094664443518132,0.0094664443518132,0.0,0.0220883701542309,0.0388349514563106,0.1359223300970873,0.0,0.0,0.0,0.0,0.0,0.0097087378640776,0.0194174757281553,0.0,0.0,0.058252427184466,0.4576976421636616,0.4521497919556173,0.4410540915395284,0.4479889042995839,0.4590846047156727,0.4826629680998613,0.4826629680998613,0.4979195561719834,0.5312066574202496,0.5131761442441054,0.4868238557558945,0.4687933425797503,32,,,,,,,,,,,,,,,,,,,,,,,,,,,,,,,,,,,,,,,,,,,,,,,,
0.1198515325670498,0.1075191570881226,0.1695402298850575,0.0811781609195402,0.1478687739463602,0.1610392720306513,0.1684626436781609,0.1995929118773947,0.1427203065133995,0.0965038314176245,0.1012931034482758,0.0762691570881226,0.0126219258024176,0.0252438516048353,0.0094664443518132,0.0031554814506044,0.0,0.0031554814506044,0.0,0.0126219258024176,0.0126219258024176,0.0063109629012088,0.0094664443518132,0.0,0.0194174757281553,0.1067961165048543,0.0,0.0,0.0,0.0,0.0,0.0,0.0388349514563106,0.0194174757281553,0.0,0.0097087378640776,0.490984743411928,0.4882108183079057,0.4674063800277393,0.4715672676837725,0.4618585298196949,0.5270457697642164,0.5755894590846048,0.5922330097087379,0.565880721220527,0.5464632454923718,0.5228848821081832,0.5006934812760055,32,,,,,,,,,,,,,,,,,,,,,,,,,,,,,,,,,,,,,,,,,,,,,,,,
0.0957854406130268,0.0872844827586207,0.1404454022988506,0.0866858237547893,0.166786398467433,0.1654693486590038,0.1698994252873563,0.2015086206896552,0.0905172413793103,0.1812739463601533,0.0421455938697318,0.0299329501915709,0.0220883701542309,0.0283993330554397,0.0063109629012088,0.0031554814506044,0.0,0.0,0.0,0.0094664443518132,0.0063109629012088,0.0094664443518132,0.0063109629012088,0.0031554814506044,0.058252427184466,0.1067961165048543,0.0,0.0,0.0,0.0,0.0,0.029126213592233,0.0,0.0194174757281553,0.0,0.0,0.4798890429958392,0.4715672676837725,0.4299583911234397,0.4479889042995839,0.5145631067961165,0.5339805825242719,0.5908460471567267,0.6116504854368932,0.6033287101248267,0.579750346740638,0.5062413314840499,0.4604715672676838,32,,,,,,,,,,,,,,,,,,,,,,,,,,,,,,,,,,,,,,,,,,,,,,,,
0.1706178160919541,0.1181752873563218,0.1143438697318007,0.1391283524904214,0.1234434865900383,0.1768438697318008,0.1888170498084291,0.1761254789272031,0.0911159003831417,0.0830938697318007,0.0525622605363984,0.0545977011494253,0.0220883701542309,0.0094664443518132,0.0252438516048353,0.0031554814506044,0.0,0.0,0.0031554814506044,0.0063109629012088,0.0,0.0063109629012088,0.0063109629012088,0.0031554814506044,0.087378640776699,0.0194174757281553,0.087378640776699,0.0,0.0,0.0,0.0,0.0194174757281553,0.0,0.0097087378640776,0.0,0.0,0.4257975034674064,0.4022191400832178,0.3966712898751734,0.4618585298196949,0.5603328710124827,0.6033287101248267,0.6352288488210819,0.6546463245492372,0.6560332871012483,0.6116504854368933,0.5742024965325937,0.5547850208044384,32,,,,,,,,,,,,,,,,,,,,,,,,,,,,,,,,,,,,,,,,,,,,,,,,
0.0662116858237548,0.0678879310344827,0.0592672413793103,0.014367816091954,0.0314894636015325,0.1409243295019157,0.1293103448275862,0.1375718390804598,0.2619731800766284,0.01352969348659,0.1452346743295019,0.0435823754789272,0.0031554814506044,0.0126219258024176,0.037865777407253,0.0063109629012088,0.0,0.0,0.0,0.0189328887036265,0.0220883701542309,0.0,0.0063109629012088,0.0063109629012088,0.0,0.0388349514563106,0.116504854368932,0.0,0.0,0.0,0.0,0.029126213592233,0.0097087378640776,0.0,0.0097087378640776,0.0194174757281553,0.5020804438280168,0.4812760055478502,0.4757281553398058,0.5381414701803051,0.5880721220527046,0.6269070735090153,0.6601941747572816,0.7004160887656034,0.7156726768377254,0.6754507628294038,0.6393897364771151,0.6102635228848822,32,,,,,,,,,,,,,,,,,,,,,,,,,,,,,,,,,,,,,,,,,,,,,,,,
0.1639128352490422,0.0636973180076628,0.0676484674329502,0.0136494252873563,0.0147270114942528,0.0131704980842911,0.0101772030651341,0.1544540229885057,0.087404214559387,0.541786398467433,0.3425526819923372,0.1139846743295019,0.015777407253022,0.0126219258024176,0.0315548145060441,0.0063109629012088,0.0,0.0,0.0,0.0094664443518132,0.1924843684868695,0.0410212588578574,0.0126219258024176,0.0441767403084618,0.0485436893203883,0.0194174757281553,0.0970873786407767,0.0,0.0,0.0,0.0,0.0194174757281553,0.4271844660194174,0.0388349514563106,0.0194174757281553,0.1262135922330097,0.5603328710124827,0.5395284327323163,0.564493758668516,0.5686546463245493,0.6310679611650486,0.6560332871012483,0.7170596393897366,0.739251040221914,0.7184466019417476,0.6227461858529821,0.5922330097087379,0.565880721220527,32,,,,,,,,,,,,,,,,,,,,,,,,,,,,,,,,,,,,,,,,,,,,,,,,
0.4440852490421457,0.1878591954022988,0.0959051724137931,0.0164032567049808,0.0168821839080459,0.0180795019157088,0.0180795019157088,0.0853687739463601,0.0896791187739463,0.1342193486590038,0.0246647509578544,0.0263409961685823,0.0694205919132972,0.0567986661108795,0.0126219258024176,0.0,0.0,0.0,0.0031554814506044,0.0031554814506044,0.0283993330554397,0.0189328887036265,0.0031554814506044,0.0252438516048353,0.1650485436893204,0.174757281553398,0.0097087378640776,0.0,0.0,0.0,0.0,0.0,0.0485436893203883,0.0485436893203883,0.0,0.087378640776699,0.5312066574202496,0.4979195561719834,0.4785020804438281,0.4882108183079057,0.5131761442441054,0.5450762829403606,0.5631067961165049,0.5728155339805825,0.565880721220527,0.5298196948682387,0.5048543689320389,0.4937586685159501,32,,,,,,,,,,,,,,,,,,,,,,,,,,,,,,,,,,,,,,,,,,,,,,,,
0.1342193486590038,0.5542385057471266,0.3217193486590039,0.2271312260536399,0.1236829501915709,0.2118055555555556,0.1727729885057471,0.1843869731800766,0.1032088122605364,0.0786637931034482,0.038433908045977,0.0247844827586206,0.0820425177157148,0.1104418507711546,0.0851979991663193,0.0094664443518132,0.0,0.0,0.0126219258024176,0.0126219258024176,0.0063109629012088,0.015777407253022,0.0094664443518132,0.0126219258024176,0.1553398058252427,0.3203883495145631,0.2718446601941747,0.0,0.0,0.0,0.029126213592233,0.0194174757281553,0.058252427184466,0.0194174757281553,0.0679611650485436,0.0194174757281553,0.4743411927877948,0.4687933425797503,0.4549237170596394,0.4785020804438281,0.5104022191400832,0.5284327323162274,0.5533980582524273,0.5825242718446603,0.5811373092926492,0.5631067961165049,0.5242718446601942,0.4826629680998613,32,,,,,,,,,,,,,,,,,,,,,,,,,,,,,,,,,,,,,,,,,,,,,,,,
0.0767480842911877,0.4852729885057472,0.3894875478927204,0.141044061302682,0.1404454022988506,0.1646312260536398,0.1684626436781609,0.1913314176245211,0.0299329501915709,0.0168821839080459,0.0173611111111111,0.1048850574712643,0.0599541475614839,0.1703959983326386,0.0631096290120883,0.0126219258024176,0.0,0.0,0.0126219258024176,0.0283993330554397,0.0126219258024176,0.0,0.0,0.0189328887036265,0.1941747572815534,0.4466019417475728,0.2135922330097087,0.0097087378640776,0.0,0.0,0.0194174757281553,0.0485436893203883,0.0,0.0,0.0,0.0194174757281553,0.4299583911234397,0.4022191400832178,0.3952843273231623,0.4757281553398058,0.5381414701803051,0.5478502080443829,0.5755894590846048,0.6158113730929267,0.6393897364771152,0.6005547850208044,0.5423023578363385,0.507628294036061,32,,,,,,,,,,,,,,,,,,,,,,,,,,,,,,,,,,,,,,,,,,,,,,,,
0.2125239463601533,0.0592672413793103,0.1716954022988506,0.1337404214559387,0.0162835249042145,0.092911877394636,0.1643917624521073,0.0991379310344827,0.1090756704980843,0.0738745210727969,0.038433908045977,0.0264607279693486,0.0252438516048353,0.0031554814506044,0.1199082951229679,0.0883534806169237,0.0,0.0,0.0,0.0126219258024176,0.0189328887036265,0.0283993330554397,0.0315548145060441,0.0725760733639016,0.0388349514563106,0.0,0.2815533980582524,0.2815533980582524,0.0,0.0,0.0,0.0194174757281553,0.0194174757281553,0.0679611650485436,0.0388349514563106,0.029126213592233,0.4854368932038835,0.4521497919556173,0.4438280166435506,0.5506241331484051,0.6005547850208044,0.6255201109570041,0.6865464632454924,0.7198335644937586,0.7295423023578363,0.6879334257975035,0.6393897364771151,0.5936199722607489,32,,,,,,,,,,,,,,,,,,,,,,,,,,,,,,,,,,,,,,,,,,,,,,,,
0.0956657088122605,0.1546934865900383,0.2270114942528736,0.0723180076628352,0.0195162835249042,0.0149664750957854,0.0195162835249042,0.1282327586206897,0.0988984674329502,0.0308908045977011,0.019037356321839,0.0634578544061302,0.0220883701542309,0.0820425177157148,0.0567986661108795,0.0126219258024176,0.0,0.0,0.0,0.0347102959566486,0.0473322217590662,0.0063109629012088,0.0,0.0189328887036265,0.058252427184466,0.2621359223300971,0.1844660194174757,0.0,0.0,0.0,0.0,0.0679611650485436,0.0679611650485436,0.0,0.0,0.0388349514563106,0.5672676837725382,0.4965325936199722,0.5034674063800277,0.5852981969486825,0.6463245492371706,0.6865464632454924,0.7087378640776699,0.7281553398058253,0.737864077669903,0.7087378640776699,0.6574202496532595,0.650485436893204,32,,,,,,,,,,,,,,,,,,,,,,,,,,,,,,,,,,,,,,,,,,,,,,,,
0.1018917624521073,0.4069683908045978,0.1574473180076628,0.1251197318007663,0.0187978927203065,0.0211925287356321,0.0613026819923371,0.0476532567049808,0.0187978927203065,0.0177203065134099,0.0470545977011494,0.2539511494252874,0.1041308878699458,0.0094664443518132,0.0788870362651104,0.0126219258024176,0.0,0.0,0.015777407253022,0.015777407253022,0.015777407253022,0.0,0.0031554814506044,0.0220883701542309,0.203883495145631,0.029126213592233,0.2233009708737864,0.0,0.0,0.0,0.0194174757281553,0.0388349514563106,0.0485436893203883,0.0,0.0,0.0485436893203883,0.5908460471567267,0.5395284327323163,0.5617198335644938,0.6116504854368932,0.651872399445215,0.7004160887656034,0.7239944521497921,0.7475728155339805,0.7503467406380028,0.7018030513176144,0.6393897364771152,0.6185852981969486,32,,,,,,,,,,,,,,,,,,,,,,,,,,,,,,,,,,,,,,,,,,,,,,,,
0.1149425287356322,0.171455938697318,0.2194683908045977,0.0537595785440613,0.0353208812260536,0.0247844827586206,0.0506465517241379,0.0221503831417624,0.0962643678160919,0.0516044061302682,0.2106082375478928,0.1302681992337165,0.0536431846602751,0.0915089620675281,0.0536431846602751,0.0315548145060441,0.0,0.0,0.0094664443518132,0.0063109629012088,0.015777407253022,0.0031554814506044,0.0631096290120883,0.0063109629012088,0.145631067961165,0.2233009708737864,0.1067961165048543,0.0970873786407767,0.0,0.0,0.0194174757281553,0.0,0.0388349514563106,0.0,0.0485436893203883,0.0194174757281553,0.6185852981969487,0.5839112343966713,0.5603328710124827,0.5977808599167822,0.6282940360610264,0.6546463245492372,0.6699029126213593,0.6879334257975035,0.6990291262135924,0.6546463245492372,0.6490984743411928,0.6061026352288489,32,,,,,,,,,,,,,,,,,,,,,,,,,,,,,,,,,,,,,,,,,,,,,,,,
0.1506226053639847,0.1433189655172414,0.1701388888888889,0.3742816091954024,0.0238266283524904,0.0226293103448275,0.0548371647509578,0.0192768199233716,0.0790229885057471,0.0415469348659004,0.3799090038314177,0.291786398467433,0.0725760733639016,0.075731554814506,0.0788870362651104,0.0031554814506044,0.0031554814506044,0.0,0.0126219258024176,0.0063109629012088,0.0410212588578574,0.0441767403084618,0.0283993330554397,0.0473322217590662,0.2524271844660194,0.1941747572815534,0.2135922330097087,0.0,0.0,0.0,0.029126213592233,0.0,0.0679611650485436,0.0,0.0194174757281553,0.0388349514563106,0.5852981969486825,0.5547850208044384,0.5214979195561721,0.5603328710124827,0.5769764216366159,0.6047156726768378,0.6449375866851595,0.6449375866851595,0.653259361997226,0.6324549237170597,0.6061026352288489,0.5700416088765604,32,,,,,,,,,,,,,,,,,,,,,,,,,,,,,,,,,,,,,,,,,,,,,,,,
0.0816570881226053,0.0804597701149425,0.198036398467433,0.0652538314176245,0.0222701149425287,0.0164032567049808,0.0557950191570881,0.0123323754789272,0.1033285440613027,0.0195162835249042,0.0611829501915708,0.068007662835249,0.0820425177157148,0.113597332221759,0.0725760733639016,0.0094664443518132,0.0,0.0031554814506044,0.0189328887036265,0.0,0.0189328887036265,0.0220883701542309,0.0063109629012088,0.0347102959566486,0.2233009708737864,0.3203883495145631,0.2233009708737864,0.0,0.0,0.0,0.029126213592233,0.0,0.0388349514563106,0.0194174757281553,0.0097087378640776,0.0388349514563106,0.5214979195561721,0.4979195561719834,0.4785020804438281,0.5006934812760055,0.5339805825242719,0.5686546463245493,0.6088765603328712,0.6255201109570042,0.6324549237170597,0.6241331484049931,0.5714285714285715,0.5450762829403606,32,,,,,,,,,,,,,,,,,,,,,,,,,,,,,,,,,,,,,,,,,,,,,,,,
0.225933908045977,0.2054597701149426,0.2590996168582376,0.3494971264367816,0.0203544061302682,0.0195162835249042,0.0438218390804597,0.2804118773946361,0.1485871647509579,0.0721982758620689,0.0999760536398467,0.1760057471264368,0.1041308878699458,0.0315548145060441,0.1009754064193414,0.0094664443518132,0.0,0.0,0.0126219258024176,0.0031554814506044,0.0220883701542309,0.0189328887036265,0.0347102959566486,0.0536431846602751,0.1067961165048543,0.0970873786407767,0.2718446601941747,0.0097087378640776,0.0,0.0,0.0194174757281553,0.0,0.0388349514563106,0.0679611650485436,0.087378640776699,0.145631067961165,0.5062413314840499,0.4882108183079057,0.4479889042995839,0.5020804438280168,0.5228848821081832,0.564493758668516,0.6116504854368933,0.6324549237170596,0.6282940360610264,0.5963938973647712,0.5617198335644938,0.5381414701803051,32,,,,,,,,,,,,,,,,,,,,,,,,,,,,,,,,,,,,,,,,,,,,,,,,
0.1088362068965517,0.179477969348659,0.2480842911877395,0.1381704980842912,0.0504070881226053,0.0405890804597701,0.0419061302681992,0.1187739463601532,0.1141044061302682,0.0319683908045977,0.0383141762452107,0.1164990421455938,0.037865777407253,0.0788870362651104,0.0946644435181325,0.0189328887036265,0.0315548145060441,0.0,0.0126219258024176,0.0252438516048353,0.0220883701542309,0.0094664443518132,0.015777407253022,0.0978199249687369,0.0970873786407767,0.1844660194174757,0.2621359223300971,0.0194174757281553,0.0097087378640776,0.0,0.0194174757281553,0.058252427184466,0.0194174757281553,0.0097087378640776,0.0097087378640776,0.203883495145631,0.4965325936199722,0.4715672676837725,0.4535367545076283,0.5214979195561721,0.5755894590846048,0.6088765603328712,0.6324549237170597,0.6615811373092927,0.6962552011095702,0.6338418862690708,0.6227461858529821,0.6158113730929267,32,,,,,,,,,,,,,,,,,,,,,,,,,,,,,,,,,,,,,,,,,,,,,,,,
0.0755507662835249,0.2300047892720307,0.240301724137931,0.0348419540229885,0.0469348659003831,0.0228687739463601,0.0251436781609195,0.1732519157088123,0.1196120689655172,0.1861829501915709,0.1386494252873563,0.121647509578544,0.0126219258024176,0.1577740725302209,0.0189328887036265,0.0063109629012088,0.0126219258024176,0.0,0.0031554814506044,0.0599541475614839,0.0694205919132972,0.0220883701542309,0.0283993330554397,0.0283993330554397,0.0097087378640776,0.4466019417475728,0.0194174757281553,0.0,0.0194174757281553,0.0,0.0,0.0970873786407767,0.145631067961165,0.058252427184466,0.0679611650485436,0.0194174757281553,0.6088765603328712,0.5839112343966714,0.5728155339805825,0.6088765603328712,0.6435506241331486,0.6712898751733705,0.5908460471567268,0.564493758668516,0.5700416088765604,0.5672676837725382,0.5769764216366159,0.5825242718446603,32,,,,,,,,,,,,,,,,,,,,,,,,,,,,,,,,,,,,,,,,,,,,,,,,
0.1733716475095785,0.372844827586207,0.6375718390804599,0.1125478927203065,0.0284961685823754,0.0231082375478927,0.0307710727969348,0.1408045977011494,0.1527777777777778,0.1175766283524904,0.2777777777777778,0.3409961685823756,0.0504877032096707,0.2303501458941225,0.037865777407253,0.0189328887036265,0.0,0.0,0.0031554814506044,0.0441767403084618,0.0441767403084618,0.0315548145060441,0.037865777407253,0.0410212588578574,0.2135922330097087,0.6213592233009708,0.0388349514563106,0.0,0.0,0.0,0.0,0.0679611650485436,0.0776699029126213,0.087378640776699,0.029126213592233,0.1067961165048543,0.5714285714285715,0.5631067961165048,0.5561719833564495,0.5714285714285715,0.5769764216366158,0.6061026352288489,0.6088765603328712,0.6255201109570042,0.664355062413315,0.653259361997226,0.6116504854368932,0.5908460471567268,32,,,,,,,,,,,,,,,,,,,,,,,,,,,,,,,,,,,,,,,,,,,,,,,,
0.3488984674329503,0.3075909961685825,0.2599377394636016,0.0850095785440613,0.0306513409961685,0.0210727969348659,0.0755507662835249,0.0719588122605364,0.0793821839080459,0.0520833333333333,0.1156609195402299,0.1904932950191571,0.0567986661108795,0.113597332221759,0.075731554814506,0.0031554814506044,0.0,0.0,0.0252438516048353,0.015777407253022,0.037865777407253,0.037865777407253,0.0410212588578574,0.0315548145060441,0.145631067961165,0.3106796116504854,0.1941747572815534,0.0097087378640776,0.0,0.0,0.0388349514563106,0.0194174757281553,0.0970873786407767,0.0,0.1262135922330097,0.058252427184466,0.5755894590846048,0.5423023578363385,0.5187239944521499,0.5464632454923718,0.5866851595006934,0.6088765603328712,0.6199722607489598,0.6324549237170596,0.6255201109570041,0.5561719833564495,0.5436893203883496,0.4965325936199722,32,,,,,,,,,,,,,,,,,,,,,,,,,,,,,,,,,,,,,,,,,,,,,,,,
0.1950431034482758,0.2564655172413794,0.2470067049808429,0.0602250957854406,0.0275383141762452,0.0192768199233716,0.0687260536398467,0.3298611111111112,0.4365421455938698,0.2182710727969349,0.1023706896551724,0.208213601532567,0.0631096290120883,0.1230637765735723,0.037865777407253,0.015777407253022,0.0,0.0,0.0189328887036265,0.0851979991663193,0.0347102959566486,0.0347102959566486,0.0063109629012088,0.0283993330554397,0.1553398058252427,0.3398058252427184,0.1067961165048543,0.0194174757281553,0.0,0.0,0.0194174757281553,0.145631067961165,0.0194174757281553,0.0485436893203883,0.0097087378640776,0.058252427184466,0.4840499306518725,0.4993065187239945,0.5048543689320389,0.5339805825242719,0.5742024965325937,0.6158113730929267,0.651872399445215,0.6366158113730931,0.6490984743411928,0.5700416088765604,0.5436893203883496,0.5395284327323163,32,,,,,,,,,,,,,,,,,,,,,,,,,,,,,,,,,,,,,,,,,,,,,,,,
0.2497605363984675,0.1951628352490422,0.2254549808429119,0.0802203065134099,0.0490900383141762,0.040110153256705,0.0713601532567049,0.345426245210728,0.0451388888888888,0.0434626436781609,0.1148227969348659,0.0757902298850574,0.0347102959566486,0.0915089620675281,0.0725760733639016,0.015777407253022,0.0063109629012088,0.0,0.0441767403084618,0.0504877032096707,0.0410212588578574,0.0189328887036265,0.015777407253022,0.0315548145060441,0.145631067961165,0.2524271844660194,0.2135922330097087,0.0194174757281553,0.0,0.0,0.0970873786407767,0.0970873786407767,0.0388349514563106,0.029126213592233,0.0679611650485436,0.0388349514563106,0.5034674063800277,0.4757281553398058,0.4785020804438281,0.5242718446601942,0.5506241331484051,0.5991678224687934,0.6171983356449376,0.6407766990291263,0.6449375866851595,0.6213592233009709,0.5894590846047157,0.5742024965325937,32,,,,,,,,,,,,,,,,,,,,,,,,,,,,,,,,,,,,,,,,,,,,,,,,
0.2236590038314177,0.5416666666666667,0.5784243295019159,0.0458572796934865,0.037595785440613,0.0255028735632183,0.0584291187739463,0.1398467432950192,0.1094348659003831,0.1344588122605364,0.4163074712643679,0.1550526819923371,0.1104418507711546,0.1987953313880783,0.0126219258024176,0.0063109629012088,0.0031554814506044,0.0,0.015777407253022,0.0536431846602751,0.0347111296373488,0.0883534806169237,0.0063109629012088,0.0410212588578574,0.3495145631067961,0.3883495145631068,0.0097087378640776,0.0,0.0,0.0,0.029126213592233,0.1262135922330097,0.087378640776699,0.0970873786407767,0.0097087378640776,0.1067961165048543,0.5159500693481277,0.5076282940360611,0.5006934812760057,0.5672676837725382,0.6241331484049931,0.6782246879334259,0.7073509015256588,0.7683772538141471,0.7669902912621359,0.7295423023578363,0.6615811373092927,0.6629680998613038,32,,,,,,,,,,,,,,,,,,,,,,,,,,,,,,,,,,,,,,,,,,,,,,,,
0.1615181992337165,0.3835009578544062,0.265205938697318,0.0500478927203065,0.0313697318007662,0.0302921455938697,0.0520833333333333,0.1578065134099617,0.0730363984674329,0.2852011494252874,0.10727969348659,0.1957614942528736,0.0978199249687369,0.1199082951229679,0.0189328887036265,0.0,0.0,0.0,0.0189328887036265,0.037865777407253,0.0567986661108795,0.0063109629012088,0.0094664443518132,0.0883534806169237,0.2621359223300971,0.2815533980582524,0.0097087378640776,0.0,0.0,0.0,0.0388349514563106,0.0679611650485436,0.0388349514563106,0.0,0.0194174757281553,0.233009708737864,0.6144244105409155,0.5936199722607489,0.5325936199722608,0.650485436893204,0.6934812760055479,0.7239944521497921,0.7572815533980582,0.8085991678224688,0.8321775312066575,0.8280166435506242,0.7309292649098476,0.6338418862690708,32,,,,,,,,,,,,,,,,,,,,,,,,,,,,,,,,,,,,,,,,,,,,,,,,
0.0789032567049808,0.1534961685823755,0.217911877394636,0.0423850574712643,0.0602250957854406,0.0313697318007662,0.0280172413793103,0.1493055555555556,0.1458333333333333,0.1131465517241379,0.0792624521072797,0.1400862068965517,0.0063109629012088,0.0820425177157148,0.0347102959566486,0.0,0.0126219258024176,0.0,0.0031554814506044,0.0599541475614839,0.075731554814506,0.0126219258024176,0.0599541475614839,0.0315548145060441,0.0388349514563106,0.233009708737864,0.0388349514563106,0.0,0.029126213592233,0.0,0.0,0.1262135922330097,0.1941747572815534,0.0,0.0097087378640776,0.0970873786407767,0.578363384188627,0.5520110957004161,0.5464632454923718,0.578363384188627,0.6185852981969487,0.6768377253814147,0.7128987517337033,0.7337031900138697,0.7142857142857143,0.6879334257975035,0.6477115117891817,0.6352288488210819,32,,,,,,,,,,,,,,,,,,,,,,,,,,,,,,,,,,,,,,,,,,,,,,,,
0.5668103448275863,0.2405411877394636,0.2164750957854407,0.0405890804597701,0.0225095785440613,0.0307710727969348,0.1948036398467433,0.1149425287356322,0.0702825670498084,0.0886015325670498,0.1101532567049808,0.0592672413793103,0.0504877032096707,0.1262192580241767,0.0694205919132972,0.0,0.0,0.0126219258024176,0.0347102959566486,0.0063109629012088,0.0220883701542309,0.0189328887036265,0.0063109629012088,0.0126219258024176,0.0970873786407767,0.3883495145631068,0.145631067961165,0.0,0.0,0.0097087378640776,0.0485436893203883,0.0,0.0388349514563106,0.0097087378640776,0.0388349514563106,0.0194174757281553,0.6296809986130376,0.6116504854368933,0.5866851595006934,0.5769764216366159,0.6019417475728157,0.6393897364771152,0.6851595006934814,0.7115117891816921,0.6532593619972261,0.6116504854368933,0.5811373092926492,0.5561719833564495,32,,,,,,,,,,,,,,,,,,,,,,,,,,,,,,,,,,,,,,,,,,,,,,,,
0.1041666666666666,0.1700191570881226,0.1827107279693487,0.0094588122605364,0.005507662835249,0.0090996168582375,0.0416666666666666,0.0720785440613027,0.2806513409961687,0.0862068965517241,0.0772270114942529,0.173132183908046,0.0883534806169237,0.0599541475614839,0.0189328887036265,0.0031554814506044,0.0,0.0,0.0189328887036265,0.0126219258024176,0.015777407253022,0.0189328887036265,0.0252438516048353,0.0441767403084618,0.2233009708737864,0.1844660194174757,0.0194174757281553,0.0,0.0,0.0,0.0194174757281553,0.029126213592233,0.0194174757281553,0.0679611650485436,0.0194174757281553,0.1262135922330097,0.5062413314840499,0.5020804438280168,0.5006934812760055,0.5076282940360611,0.5270457697642164,0.5742024965325937,0.6185852981969487,0.6601941747572815,0.6546463245492372,0.6324549237170597,0.5894590846047157,0.5686546463245493,32,,,,,,,,,,,,,,,,,,,,,,,,,,,,,,,,,,,,,,,,,,,,,,,,
0.5320881226053641,0.3348898467432951,0.2654454022988506,0.0348419540229885,0.0077825670498084,0.0100574712643678,0.1041666666666666,0.0902777777777778,0.1378113026819924,0.0051484674329501,0.121647509578544,0.2556273946360154,0.0189328887036265,0.1388411838265944,0.0252438516048353,0.0,0.0,0.0,0.0189328887036265,0.0189328887036265,0.0031554814506044,0.0,0.0094664443518132,0.0126219258024176,0.029126213592233,0.4271844660194174,0.0097087378640776,0.0,0.0,0.0,0.0194174757281553,0.0194174757281553,0.029126213592233,0.0,0.0,0.0485436893203883,0.5589459084604715,0.5395284327323163,0.5256588072122054,0.5367545076282941,0.5575589459084606,0.6255201109570041,0.6269070735090153,0.6282940360610264,0.6102635228848822,0.579750346740638,0.564493758668516,0.5575589459084606,32,,,,,,,,,,,,,,,,,,,,,,,,,,,,,,,,,,,,,,,,,,,,,,,,
0.132183908045977,0.1924090038314176,0.1627155172413793,0.0692049808429118,0.0233477011494252,0.0277777777777777,0.0967432950191571,0.1521791187739463,0.0538793103448276,0.0542385057471264,0.0211925287356321,0.0778256704980843,0.015777407253022,0.1388411838265944,0.037865777407253,0.0063109629012088,0.0031554814506044,0.0,0.0094664443518132,0.0441767403084618,0.0094664443518132,0.0,0.0126219258024176,0.0347102959566486,0.0097087378640776,0.3592233009708738,0.116504854368932,0.0,0.0,0.0,0.0,0.0776699029126213,0.0097087378640776,0.0,0.0097087378640776,0.0194174757281553,0.5506241331484051,0.5520110957004161,0.5603328710124827,0.565880721220527,0.5866851595006934,0.6019417475728157,0.6199722607489598,0.6712898751733705,0.6754507628294038,0.667128987517337,0.6463245492371706,0.6324549237170596,32,,,,,,,,,,,,,,,,,,,,,,,,,,,,,,,,,,,,,,,,,,,,,,,,
0.3518917624521073,0.1993534482758621,0.2119252873563218,0.0714798850574712,0.0122126436781609,0.0059865900383141,0.0076628352490421,0.130507662835249,0.0670498084291187,0.0480124521072797,0.0380747126436781,0.0735153256704981,0.0694205919132972,0.1167528136723635,0.0094664443518132,0.0315548145060441,0.0,0.0,0.0,0.0283993330554397,0.037865777407253,0.0094664443518132,0.0252438516048353,0.0946644435181325,0.1650485436893204,0.3203883495145631,0.0097087378640776,0.0970873786407767,0.0,0.0,0.0,0.0485436893203883,0.087378640776699,0.0194174757281553,0.087378640776699,0.203883495145631,0.6158113730929267,0.5936199722607489,0.5922330097087379,0.6047156726768378,0.6449375866851595,0.6990291262135924,0.7447988904299585,0.7489597780859918,0.7350901525658807,0.6934812760055479,0.6366158113730931,0.5700416088765604,32,,,,,,,,,,,,,,,,,,,,,,,,,,,,,,,,,,,,,,,,,,,,,,,,
0.2540708812260537,0.7355124521072798,0.3154932950191572,0.213242337164751,0.1767241379310345,0.1974377394636015,0.180316091954023,0.2642480842911878,0.158764367816092,0.1042863984674329,0.0517241379310344,0.1793582375478928,0.0504877032096707,0.1262192580241767,0.0283993330554397,0.0094664443518132,0.0,0.0,0.0126219258024176,0.0189328887036265,0.0410212588578574,0.0504877032096707,0.0031554814506044,0.0220883701542309,0.203883495145631,0.4174757281553398,0.1067961165048543,0.0,0.0,0.0,0.029126213592233,0.029126213592233,0.1359223300970873,0.029126213592233,0.0,0.0388349514563106,0.4382801664355062,0.4438280166435506,0.4466019417475729,0.4479889042995839,0.4785020804438281,0.5062413314840499,0.5755894590846048,0.5963938973647712,0.579750346740638,0.549237170596394,0.5395284327323163,0.5090152565880722,32,,,,,,,,,,,,,,,,,,,,,,,,,,,,,,,,,,,,,,,,,,,,,,,,
0.1760057471264368,0.3376436781609196,0.255028735632184,0.2157567049808429,0.0900383141762452,0.1666666666666667,0.1546934865900383,0.1934865900383142,0.1476293103448276,0.1973180076628353,0.2210249042145594,0.4364224137931036,0.0441767403084618,0.0788870362651104,0.0504877032096707,0.0252438516048353,0.0,0.0,0.0094664443518132,0.0126219258024176,0.0094664443518132,0.0031554814506044,0.0031554814506044,0.0504877032096707,0.1262135922330097,0.2621359223300971,0.2135922330097087,0.029126213592233,0.0,0.0,0.0194174757281553,0.0194174757281553,0.0194174757281553,0.0,0.0,0.1844660194174757,0.5104022191400832,0.492371705963939,0.492371705963939,0.4993065187239945,0.40499306518724,0.4036061026352289,0.4133148404993065,0.4632454923717061,0.4466019417475729,0.4244105409153953,0.3744798890429959,0.3425797503467407,32,,,,,,,,,,,,,,,,,,,,,,,,,,,,,,,,,,,,,,,,,,,,,,,,
0.5167624521072798,0.2690373563218391,0.3090277777777778,0.2318007662835249,0.2264128352490421,0.2152777777777778,0.2869971264367817,0.2189894636015326,0.1228448275862068,0.1003352490421456,0.0445402298850574,0.1999521072796935,0.0725760733639016,0.1009754064193414,0.0031554814506044,0.0504877032096707,0.0031554814506044,0.0,0.0126219258024176,0.0031554814506044,0.0220883701542309,0.0536431846602751,0.0,0.0315548145060441,0.2135922330097087,0.3398058252427184,0.0,0.1359223300970873,0.0,0.0,0.0194174757281553,0.0,0.0679611650485436,0.029126213592233,0.0,0.087378640776699,0.3453536754507628,0.2940360610263523,0.2981969486823856,0.3453536754507628,0.4077669902912622,0.4438280166435506,0.4576976421636616,0.4646324549237171,0.4549237170596394,0.4299583911234397,0.4119278779472954,0.3717059639389737,32,,,,,,,,,,,,,,,,,,,,,,,,,,,,,,,,,,,,,,,,,,,,,,,,
0.3966714559386973,0.3449473180076629,0.5021551724137931,0.1645114942528736,0.1934865900383142,0.1936063218390805,0.2875957854406131,0.2861590038314177,0.1221264367816092,0.1672653256704981,0.102610153256705,0.1367337164750958,0.037865777407253,0.0694205919132972,0.0946644435181325,0.0126219258024176,0.0,0.0,0.0126219258024176,0.0063109629012088,0.0315548145060441,0.0126219258024176,0.0031554814506044,0.0410212588578574,0.0776699029126213,0.2233009708737864,0.3980582524271844,0.0,0.0,0.0,0.0194174757281553,0.0097087378640776,0.058252427184466,0.0,0.0,0.1067961165048543,0.3356449375866852,0.3370319001386962,0.3550624133148405,0.3841886269070735,0.4174757281553398,0.4410540915395284,0.4854368932038835,0.4826629680998613,0.4826629680998613,0.4549237170596394,0.4257975034674064,0.3744798890429959,32,,,,,,,,,,,,,,,,,,,,,,,,,,,,,,,,,,,,,,,,,,,,,,,,
0.0562739463601532,0.1933668582375479,0.5004789272030653,0.3718869731800767,0.1896551724137931,0.243654214559387,0.2219827586206897,0.2713122605363985,0.1087164750957854,0.0168821839080459,0.1455938697318008,0.0571120689655172,0.0504877032096707,0.1356857023759899,0.0126219258024176,0.0,0.0,0.0,0.0031554814506044,0.0220883701542309,0.0220883701542309,0.0031554814506044,0.0031554814506044,0.0567986661108795,0.233009708737864,0.3883495145631068,0.0,0.0,0.0,0.0,0.0,0.058252427184466,0.0485436893203883,0.0097087378640776,0.0,0.2135922330097087,0.3356449375866852,0.3217753120665743,0.3439667128987517,0.377253814147018,0.4119278779472954,0.4590846047156727,0.4785020804438281,0.5159500693481277,0.5187239944521499,0.4687933425797503,0.4327323162274619,0.3647711511789182,32,,,,,,,,,,,,,,,,,,,,,,,,,,,,,,,,,,,,,,,,,,,,,,,,
0.1008141762452107,0.2432950191570881,0.2564655172413794,0.3403975095785441,0.1965996168582375,0.2321599616858238,0.2145593869731801,0.2461685823754789,0.1772030651340996,0.0817768199233716,0.0049090038314176,0.0516044061302682,0.0883534806169237,0.0410212588578574,0.0410212588578574,0.0063109629012088,0.0,0.0,0.0,0.0315548145060441,0.0063109629012088,0.0,0.0031554814506044,0.0094664443518132,0.2427184466019417,0.1262135922330097,0.1650485436893204,0.0097087378640776,0.0,0.0,0.0,0.058252427184466,0.0,0.0,0.0,0.0097087378640776,0.3467406380027739,0.319001386962552,0.3079056865464633,0.3314840499306519,0.4396671289875174,0.4895977808599168,0.5228848821081832,0.535367545076283,0.5270457697642164,0.4979195561719834,0.4757281553398058,0.4271844660194175,32,,,,,,,,,,,,,,,,,,,,,,,,,,,,,,,,,,,,,,,,,,,,,,,,
0.0255028735632183,0.1203304597701149,0.2726293103448276,0.1943247126436782,0.1766044061302682,0.1928879310344828,0.2083333333333334,0.2253352490421456,0.0834530651340996,0.0284961685823754,0.008022030651341,0.0101772030651341,0.0189328887036265,0.1041308878699458,0.0031554814506044,0.0126219258024176,0.0,0.0031554814506044,0.0,0.0063109629012088,0.0473322217590662,0.0,0.0,0.0,0.0679611650485436,0.3980582524271844,0.0,0.0097087378640776,0.0,0.0,0.0,0.0,0.1553398058252427,0.0,0.0,0.0,0.4008321775312067,0.3647711511789182,0.3647711511789182,0.3938973647711511,0.5034674063800277,0.5450762829403606,0.5617198335644938,0.5617198335644938,0.5409153952843274,0.4937586685159501,0.4687933425797503,0.4715672676837725,32,,,,,,,,,,,,,,,,,,,,,,,,,,,,,,,,,,,,,,,,,,,,,,,,
0.0090996168582375,0.0851293103448276,0.2249760536398468,0.1944444444444445,0.1278735632183908,0.0827346743295019,0.1666666666666667,0.1458333333333333,0.1283524904214559,0.0165229885057471,0.0944683908045977,0.0921934865900383,0.0,0.0725760733639016,0.0631096290120883,0.0063109629012088,0.0,0.0,0.0,0.0063109629012088,0.0126219258024176,0.0189328887036265,0.0031554814506044,0.0473322217590662,0.0,0.1941747572815534,0.233009708737864,0.0,0.0,0.0,0.0,0.0,0.0485436893203883,0.0097087378640776,0.0485436893203883,0.087378640776699,0.4715672676837725,0.4660194174757282,0.420249653259362,0.4618585298196949,0.5492371705963939,0.5922330097087379,0.6005547850208044,0.6421636615811374,0.6449375866851595,0.5686546463245493,0.5256588072122054,0.5589459084604715,32,,,,,,,,,,,,,,,,,,,,,,,,,,,,,,,,,,,,,,,,,,,,,,,,
0.2898706896551725,0.2025862068965517,0.2222222222222223,0.0844109195402298,0.0095785440613026,0.0116139846743295,0.0938697318007663,0.1221264367816092,0.1579262452107279,0.2545498084291188,0.1572078544061303,0.1859434865900384,0.0283993330554397,0.0820425177157148,0.0662651104626927,0.0347102959566486,0.0,0.0,0.0031554814506044,0.037865777407253,0.0126219258024176,0.0504877032096707,0.0252438516048353,0.0283993330554397,0.0679611650485436,0.2621359223300971,0.2524271844660194,0.087378640776699,0.0,0.0,0.0,0.1067961165048543,0.0194174757281553,0.145631067961165,0.0097087378640776,0.0970873786407767,0.5284327323162274,0.4840499306518725,0.4687933425797503,0.492371705963939,0.5117891816920944,0.5520110957004161,0.6005547850208044,0.6782246879334259,0.6560332871012483,0.6324549237170597,0.6227461858529821,0.5617198335644938,32,,,,,,,,,,,,,,,,,,,,,,,,,,,,,,,,,,,,,,,,,,,,,,,,
0.2252155172413793,0.1962404214559387,0.1877394636015326,0.0907567049808429,0.0111350574712643,0.075191570881226,0.1778017241379311,0.102610153256705,0.0166427203065134,0.1047653256704981,0.0979406130268199,0.2362308429118775,0.1009754064193414,0.1072863693205502,0.0504877032096707,0.0126219258024176,0.0,0.0,0.015777407253022,0.015777407253022,0.0126219258024176,0.0063109629012088,0.0031554814506044,0.0599541475614839,0.3203883495145631,0.3300970873786408,0.1359223300970873,0.0097087378640776,0.0,0.0,0.029126213592233,0.0485436893203883,0.0097087378640776,0.0097087378640776,0.0,0.174757281553398,0.5284327323162274,0.5353675450762829,0.5187239944521499,0.5173370319001387,0.5423023578363385,0.5325936199722608,0.5104022191400832,0.492371705963939,0.5006934812760055,0.5048543689320389,0.490984743411928,0.4757281553398058,32,,,,,,,,,,,,,,,,,,,,,,,,,,,,,,,,,,,,,,,,,,,,,,,,
0.4621647509578545,0.1785201149425287,0.2808908045977012,0.5211925287356323,0.1530172413793104,0.0886015325670498,0.2076149425287356,0.0866858237547893,0.1181752873563218,0.011015325670498,0.0487308429118774,0.07602969348659,0.0631096290120883,0.1293747394747811,0.0473322217590662,0.0094664443518132,0.0,0.0,0.0189328887036265,0.0,0.0283993330554397,0.0031554814506044,0.0063109629012088,0.0126219258024176,0.2135922330097087,0.3106796116504854,0.1553398058252427,0.0,0.0,0.0,0.0388349514563106,0.0,0.0776699029126213,0.0,0.0194174757281553,0.0194174757281553,0.4590846047156727,0.4368932038834952,0.4590846047156727,0.4757281553398058,0.5104022191400832,0.5769764216366159,0.6019417475728157,0.5894590846047157,0.5312066574202496,0.5006934812760055,0.4868238557558946,0.4618585298196949,32,,,,,,,,,,,,,,,,,,,,,,,,,,,,,,,,,,,,,,,,,,,,,,,,
0.1163793103448276,0.3162116858237548,0.2546695402298851,0.0158045977011494,0.0111350574712643,0.1896551724137931,0.1746886973180077,0.1861829501915709,0.0414272030651341,0.0314894636015325,0.4394157088122606,0.0806992337164751,0.0347102959566486,0.1293747394747811,0.0315548145060441,0.0031554814506044,0.0,0.0031554814506044,0.0126219258024176,0.0063109629012088,0.0220883701542309,0.0441767403084618,0.015777407253022,0.015777407253022,0.145631067961165,0.4368932038834951,0.087378640776699,0.0,0.0,0.0,0.029126213592233,0.0,0.0679611650485436,0.029126213592233,0.0,0.029126213592233,0.4424410540915395,0.4216366158113732,0.418862690707351,0.4479889042995839,0.4687933425797503,0.5020804438280168,0.5409153952843274,0.5755894590846048,0.5866851595006934,0.5464632454923718,0.5201109570041609,0.5117891816920944,32,,,,,,,,,,,,,,,,,,,,,,,,,,,,,,,,,,,,,,,,,,,,,,,,
0.190852490421456,0.317528735632184,0.1940852490421456,0.101772030651341,0.1132662835249042,0.1940852490421456,0.1420019157088122,0.2232998084291188,0.1381704980842912,0.2423371647509579,0.2965756704980843,0.0391522988505747,0.0410212588578574,0.0788870362651104,0.0978199249687369,0.0126219258024176,0.0,0.0,0.0,0.0315548145060441,0.0063109629012088,0.0504877032096707,0.015777407253022,0.0063109629012088,0.174757281553398,0.1844660194174757,0.3398058252427184,0.0,0.0,0.0,0.0,0.0679611650485436,0.0097087378640776,0.0485436893203883,0.0097087378640776,0.0097087378640776,0.4826629680998613,0.4147018030513176,0.4355062413314841,0.4729542302357836,0.5006934812760057,0.5312066574202496,0.5575589459084606,0.6033287101248267,0.6116504854368933,0.5423023578363384,0.5201109570041609,0.5187239944521499,32,,,,,,,,,,,,,,,,,,,,,,,,,,,,,,,,,,,,,,,,,,,,,,,,
0.0811781609195402,0.1192528735632184,0.1424808429118774,0.0878831417624521,0.1737308429118774,0.1088362068965517,0.1495450191570881,0.1785201149425287,0.1922892720306514,0.522749042145594,0.4929358237547893,0.0876436781609195,0.0252438516048353,0.0,0.0694205919132972,0.0,0.0094664443518132,0.0,0.0,0.037865777407253,0.1009754064193414,0.0788870362651104,0.0631096290120883,0.0031554814506044,0.0679611650485436,0.0097087378640776,0.2135922330097087,0.0,0.0194174757281553,0.0,0.0,0.1359223300970873,0.2912621359223301,0.0485436893203883,0.174757281553398,0.0,0.4687933425797503,0.4674063800277393,0.4563106796116506,0.4632454923717061,0.5020804438280168,0.5631067961165049,0.6005547850208044,0.6033287101248267,0.6241331484049931,0.60748959778086,0.5395284327323163,0.5256588072122054,13,,,,,,,,,,,,,,,,,,,,,,,,,,,,,,,,,,,,,,,,,,,,,,,,
0.0132902298850574,0.202705938697318,0.1358955938697318,0.1356561302681992,0.0757902298850575,0.1302681992337165,0.2011494252873563,0.1255986590038314,0.1933668582375479,0.0463362068965517,0.1176963601532567,0.1029693486590038,0.0,0.0725760733639016,0.0473322217590662,0.0252438516048353,0.0,0.0,0.0189328887036265,0.0063109629012088,0.0189328887036265,0.0063109629012088,0.0063109629012088,0.0252438516048353,0.0,0.2233009708737864,0.174757281553398,0.029126213592233,0.0,0.0,0.0388349514563106,0.0,0.0388349514563106,0.0194174757281553,0.0097087378640776,0.0485436893203883,0.5104022191400832,0.4854368932038835,0.4618585298196949,0.4646324549237171,0.4687933425797503,0.5159500693481277,0.5977808599167822,0.6116504854368932,0.564493758668516,0.5214979195561721,0.490984743411928,0.4507628294036061,32,,,,,,,,,,,,,,,,,,,,,,,,,,,,,,,,,,,,,,,,,,,,,,,,
0.2001915708812261,0.1349377394636015,0.2238984674329502,0.1713362068965517,0.1762452107279693,0.1354166666666667,0.2367097701149426,0.2363505747126437,0.0972222222222222,0.1094348659003831,0.0957854406130268,0.2045019157088123,0.0694205919132972,0.1199082951229679,0.0031554814506044,0.0126219258024176,0.0,0.0,0.0189328887036265,0.0252438516048353,0.0063109629012088,0.0031554814506044,0.0126219258024176,0.0283993330554397,0.233009708737864,0.3689320388349514,0.0097087378640776,0.0194174757281553,0.0,0.0,0.029126213592233,0.0679611650485436,0.029126213592233,0.0194174757281553,0.0388349514563106,0.087378640776699,0.3703190013869625,0.3661581137309293,0.3592233009708738,0.4063800277392511,0.4563106796116506,0.4979195561719834,0.5173370319001387,0.490984743411928,0.4535367545076283,0.4327323162274619,0.4216366158113731,0.4188626907073509,32,,,,,,,,,,,,,,,,,,,,,,,,,,,,,,,,,,,,,,,,,,,,,,,,
0.2929837164750958,0.2601772030651341,0.4040948275862069,0.2092911877394636,0.1380507662835249,0.1817528735632184,0.2447318007662835,0.1902538314176245,0.1487068965517241,0.12080938697318,0.2198275862068966,0.3461446360153257,0.037865777407253,0.1514631096290121,0.015777407253022,0.0031554814506044,0.0,0.0031554814506044,0.015777407253022,0.0,0.0347102959566486,0.037865777407253,0.015777407253022,0.0441767403084618,0.1650485436893204,0.5145631067961165,0.029126213592233,0.0,0.0,0.0097087378640776,0.029126213592233,0.0,0.1067961165048543,0.1359223300970873,0.058252427184466,0.1262135922330097,0.420249653259362,0.4216366158113731,0.4160887656033287,0.4160887656033287,0.4382801664355062,0.5104022191400832,0.5575589459084606,0.5339805825242719,0.5589459084604715,0.5423023578363384,0.4674063800277393,0.4216366158113731,32,,,,,,,,,,,,,,,,,,,,,,,,,,,,,,,,,,,,,,,,,,,,,,,,
0.4448036398467433,0.1733716475095785,0.3649425287356322,0.2903496168582376,0.1603208812260536,0.1782806513409962,0.2180316091954023,0.1945641762452107,0.1995929118773947,0.0366379310344827,0.1484674329501916,0.1471503831417625,0.1041308878699458,0.0094664443518132,0.0536431846602751,0.0567986661108795,0.0,0.0,0.015777407253022,0.0094664443518132,0.0220883701542309,0.0063109629012088,0.0063109629012088,0.015777407253022,0.2718446601941747,0.0194174757281553,0.1359223300970873,0.1844660194174757,0.0,0.0,0.0194174757281553,0.0097087378640776,0.058252427184466,0.0097087378640776,0.0,0.029126213592233,0.3717059639389737,0.3786407766990292,0.4230235783633842,0.4549237170596394,0.5242718446601942,0.5575589459084606,0.5839112343966714,0.5742024965325937,0.5242718446601942,0.4715672676837725,0.449375866851595,0.4479889042995839,32,,,,,,,,,,,,,,,,,,,,,,,,,,,,,,,,,,,,,,,,,,,,,,,,
0.2461685823754789,0.2993295019157088,0.2693965517241379,0.1606800766283525,0.1102729885057471,0.1756465517241379,0.1439176245210728,0.1673850574712644,0.0531609195402299,0.0123323754789272,0.0409482758620689,0.100933908045977,0.0347102959566486,0.0536431846602751,0.0725760733639016,0.0063109629012088,0.0,0.0063109629012088,0.015777407253022,0.015777407253022,0.0126219258024176,0.0094664443518132,0.015777407253022,0.0126219258024176,0.1067961165048543,0.145631067961165,0.233009708737864,0.0,0.0,0.0,0.0388349514563106,0.0097087378640776,0.029126213592233,0.058252427184466,0.0,0.029126213592233,0.4895977808599168,0.4840499306518725,0.4410540915395284,0.4826629680998613,0.5284327323162274,0.5575589459084606,0.6005547850208044,0.6171983356449376,0.6047156726768377,0.5769764216366158,0.5228848821081832,0.4687933425797503,32,,,,,,,,,,,,,,,,,,,,,,,,,,,,,,,,,,,,,,,,,,,,,,,,
0.105603448275862,0.2019875478927204,0.2252155172413793,0.0771072796934866,0.1071599616858237,0.1203304597701149,0.2455699233716475,0.1707375478927203,0.1533764367816092,0.136374521072797,0.0895593869731801,0.3140565134099617,0.0189328887036265,0.0662651104626927,0.1262192580241767,0.0094664443518132,0.0,0.0,0.0,0.0315548145060441,0.0252438516048353,0.0536431846602751,0.0315548145060441,0.0662651104626927,0.0485436893203883,0.1844660194174757,0.4077669902912621,0.0,0.0,0.0,0.0,0.0388349514563106,0.0485436893203883,0.1650485436893204,0.029126213592233,0.1941747572815534,0.40499306518724,0.4022191400832178,0.377253814147018,0.4174757281553398,0.5117891816920944,0.5395284327323163,0.5769764216366158,0.5728155339805825,0.5617198335644938,0.5561719833564495,0.5312066574202496,0.5339805825242719,32,,,,,,,,,,,,,,,,,,,,,,,,,,,,,,,,,,,,,,,,,,,,,,,,
0.0924329501915709,0.1540948275862069,0.2011494252873563,0.0694444444444444,0.0931513409961685,0.0870450191570881,0.087404214559387,0.1108716475095785,0.0484913793103448,0.1481082375478927,0.7051005747126439,0.2817289272030652,0.0220883701542309,0.1388411838265944,0.0,0.0094664443518132,0.0063109629012088,0.0,0.0,0.0063109629012088,0.0252438516048353,0.0978199249687369,0.0599541475614839,0.0347102959566486,0.1067961165048543,0.4563106796116505,0.0,0.0097087378640776,0.0194174757281553,0.0,0.0,0.0,0.058252427184466,0.145631067961165,0.058252427184466,0.0097087378640776,0.521497919556172,0.5228848821081832,0.5117891816920944,0.535367545076283,0.6130374479889044,0.6490984743411928,0.6823855755894592,0.665742024965326,0.6130374479889044,0.5755894590846048,0.5631067961165049,0.5880721220527046,32,,,,,,,,,,,,,,,,,,,,,,,,,,,,,,,,,,,,,,,,,,,,,,,,
0.2262931034482759,0.1534961685823755,0.1193726053639847,0.0538793103448276,0.0128113026819923,0.0112547892720306,0.0446599616858237,0.0111350574712643,0.0803400383141762,0.5190373563218391,0.0985392720306513,0.1215277777777778,0.0094664443518132,0.1009754064193414,0.0599541475614839,0.0094664443518132,0.0,0.0,0.015777407253022,0.0,0.0662651104626927,0.0410212588578574,0.0126219258024176,0.0094664443518132,0.058252427184466,0.2718446601941747,0.203883495145631,0.0,0.0,0.0,0.0194174757281553,0.0,0.087378640776699,0.0679611650485436,0.0097087378640776,0.0194174757281553,0.5742024965325937,0.5450762829403606,0.5395284327323163,0.5825242718446603,0.6171983356449376,0.6241331484049931,0.6213592233009709,0.6061026352288489,0.5825242718446603,0.5506241331484051,0.5506241331484051,0.5492371705963939,32,,,,,,,,,,,,,,,,,,,,,,,,,,,,,,,,,,,,,,,,,,,,,,,,
0.3405172413793104,0.2062978927203065,0.1878591954022988,0.1014128352490421,0.0204741379310344,0.0222701149425287,0.060823754789272,0.0847701149425287,0.1279932950191571,0.0154454022988505,0.0396312260536398,0.1827107279693487,0.0441767403084618,0.1104418507711546,0.075731554814506,0.0063109629012088,0.0,0.0,0.0126219258024176,0.0220883701542309,0.0094664443518132,0.0,0.0,0.0220883701542309,0.145631067961165,0.3300970873786408,0.2621359223300971,0.0,0.0,0.0,0.029126213592233,0.0194174757281553,0.0097087378640776,0.0,0.0,0.0679611650485436,0.5464632454923718,0.5298196948682387,0.5145631067961166,0.5173370319001387,0.5492371705963939,0.6019417475728157,0.579750346740638,0.5575589459084606,0.5506241331484051,0.5256588072122054,0.5256588072122054,0.5409153952843274,32,,,,,,,,,,,,,,,,,,,,,,,,,,,,,,,,,,,,,,,,,,,,,,,,
0.2095306513409962,0.20522030651341,0.2316810344827586,0.1363745210727969,0.0795019157088122,0.1227250957854406,0.1331417624521073,0.1573275862068965,0.1173371647509578,0.1107519157088122,0.0993773946360153,0.1661877394636015,0.0725760733639016,0.1325302209253855,0.0347102959566486,0.0,0.0,0.0,0.0189328887036265,0.0031554814506044,0.015777407253022,0.0063109629012088,0.0,0.015777407253022,0.1941747572815534,0.4466019417475728,0.0776699029126213,0.0,0.0,0.0,0.0194174757281553,0.0097087378640776,0.0194174757281553,0.0,0.0,0.029126213592233,0.5367545076282941,0.5256588072122054,0.5395284327323163,0.5339805825242719,0.5423023578363384,0.5714285714285715,0.5825242718446603,0.5908460471567268,0.6047156726768378,0.6171983356449376,0.5950069348127602,0.5714285714285715,32,,,,,,,,,,,,,,,,,,,,,,,,,,,,,,,,,,,,,,,,,,,,,,,,
0.2625718390804598,0.1774425287356322,0.4596503831417626,0.1261973180076628,0.0880028735632184,0.0915948275862069,0.1364942528735632,0.1788793103448276,0.1561302681992337,0.0966235632183908,0.0176005747126436,0.2628113026819924,0.0347102959566486,0.0725760733639016,0.0788870362651104,0.0094664443518132,0.0,0.0,0.0126219258024176,0.0189328887036265,0.037865777407253,0.0063109629012088,0.0,0.0410212588578574,0.029126213592233,0.1844660194174757,0.2718446601941747,0.0097087378640776,0.0,0.0,0.0194174757281553,0.0097087378640776,0.0970873786407767,0.0,0.0,0.0388349514563106,0.5367545076282941,0.5145631067961166,0.5131761442441054,0.5048543689320389,0.4993065187239945,0.5159500693481277,0.5533980582524273,0.6144244105409155,0.6116504854368932,0.5755894590846048,0.5367545076282941,0.4951456310679612,32,,,,,,,,,,,,,,,,,,,,,,,,,,,,,,,,,,,,,,,,,,,,,,,,
0.3775143678160921,0.1860632183908046,0.2681992337164752,0.1404454022988506,0.1412835249042146,0.1719348659003831,0.1572078544061303,0.161757662835249,0.1404454022988506,0.0253831417624521,0.0288553639846743,0.0438218390804597,0.0315548145060441,0.0504877032096707,0.0915089620675281,0.0094664443518132,0.0,0.0031554814506044,0.0094664443518132,0.0189328887036265,0.0315548145060441,0.0094664443518132,0.0031554814506044,0.0063109629012088,0.0970873786407767,0.1553398058252427,0.2815533980582524,0.0,0.0,0.0,0.0194174757281553,0.0097087378640776,0.1067961165048543,0.0,0.0,0.0194174757281553,0.4507628294036061,0.4410540915395284,0.4646324549237171,0.4840499306518725,0.5201109570041609,0.5575589459084606,0.5852981969486825,0.6047156726768378,0.5686546463245493,0.5436893203883496,0.5214979195561721,0.5020804438280168,32,,,,,,,,,,,,,,,,,,,,,,,,,,,,,,,,,,,,,,,,,,,,,,,,
0.220426245210728,0.5051484674329503,0.2777777777777778,0.0830938697318007,0.0172413793103448,0.0217911877394636,0.0422653256704981,0.0269396551724137,0.3057950191570882,0.3647030651340997,0.1785201149425287,0.1931273946360153,0.0694205919132972,0.0473322217590662,0.1009754064193414,0.0063109629012088,0.0,0.0,0.0126219258024176,0.0126219258024176,0.0694205919132972,0.015777407253022,0.037865777407253,0.0063109629012088,0.145631067961165,0.1262135922330097,0.3106796116504854,0.0,0.0,0.0,0.0194174757281553,0.0097087378640776,0.2135922330097087,0.0194174757281553,0.058252427184466,0.0,0.4895977808599168,0.49375866851595,0.492371705963939,0.5020804438280168,0.5436893203883496,0.5672676837725382,0.5672676837725382,0.5839112343966714,0.6047156726768377,0.5880721220527046,0.5631067961165049,0.5395284327323163,32,,,,,,,,,,,,,,,,,,,,,,,,,,,,,,,,,,,,,,,,,,,,,,,,
0.2739463601532568,0.1561302681992337,0.5168821839080461,0.1190134099616858,0.1239224137931034,0.1315852490421456,0.1283524904214559,0.1138649425287356,0.0923132183908046,0.0170019157088122,0.0893199233716475,0.0314894636015325,0.0567986661108795,0.1987953313880783,0.0094664443518132,0.0094664443518132,0.0,0.0,0.0,0.0220883701542309,0.015777407253022,0.0063109629012088,0.0536431846602751,0.0,0.087378640776699,0.4563106796116505,0.0194174757281553,0.0,0.0,0.0,0.0,0.029126213592233,0.029126213592233,0.0194174757281553,0.1553398058252427,0.0,0.5436893203883496,0.5242718446601942,0.5187239944521499,0.5325936199722608,0.5506241331484051,0.5575589459084606,0.5825242718446603,0.5922330097087379,0.6047156726768378,0.5922330097087379,0.5631067961165048,0.535367545076283,32,,,,,,,,,,,,,,,,,,,,,,,,,,,,,,,,,,,,,,,,,,,,,,,,
0.0213122605363984,0.1240421455938697,0.2310823754789272,0.171455938697318,0.0936302681992337,0.115301724137931,0.1107519157088122,0.1721743295019157,0.15625,0.4732998084291189,0.1726532567049808,0.1034482758620689,0.0,0.0978199249687369,0.0,0.015777407253022,0.0031554814506044,0.0,0.0031554814506044,0.015777407253022,0.0725760733639016,0.0441767403084618,0.0031554814506044,0.0094664443518132,0.0,0.3203883495145631,0.0,0.029126213592233,0.0,0.0,0.0,0.0194174757281553,0.1067961165048543,0.0776699029126213,0.0,0.0097087378640776,0.5062413314840499,0.4868238557558945,0.4687933425797503,0.4646324549237171,0.4743411927877948,0.5062413314840499,0.5922330097087379,0.6130374479889044,0.5936199722607489,0.5575589459084606,0.5242718446601942,0.4993065187239945,32,,,,,,,,,,,,,,,,,,,,,,,,,,,,,,,,,,,,,,,,,,,,,,,,
0.270234674329502,0.5306513409961687,0.978448275862069,0.1922892720306514,0.1271551724137931,0.132183908045977,0.1809147509578544,0.123323754789272,0.1217672413793103,0.0603448275862069,0.0096982758620689,0.1484674329501916,0.1483076281784076,0.1640850354314297,0.0978199249687369,0.0094664443518132,0.0,0.0031554814506044,0.0094664443518132,0.015777407253022,0.0063109629012088,0.0,0.0,0.015777407253022,0.3495145631067961,0.3592233009708738,0.3106796116504854,0.0,0.0,0.0,0.029126213592233,0.0194174757281553,0.0097087378640776,0.0,0.0,0.0194174757281553,0.4882108183079057,0.4965325936199722,0.4840499306518725,0.4812760055478502,0.5048543689320389,0.5603328710124827,0.5728155339805825,0.5603328710124827,0.5589459084604715,0.5478502080443829,0.5048543689320389,0.4438280166435506,32,,,,,,,,,,,,,,,,,,,,,,,,,,,,,,,,,,,,,,,,,,,,,,,,
0.0689655172413793,0.0723180076628352,0.1694204980842912,0.1399664750957854,0.1479885057471265,0.1503831417624521,0.1734913793103449,0.2455699233716475,0.1528975095785441,0.1005747126436781,0.125,0.084051724137931,0.0,0.0,0.037865777407253,0.0,0.0,0.0,0.0,0.0220883701542309,0.0063109629012088,0.0063109629012088,0.0063109629012088,0.0,0.0,0.0,0.1067961165048543,0.0,0.0,0.0,0.0,0.0485436893203883,0.0097087378640776,0.0,0.0,0.0,0.4216366158113731,0.4271844660194175,0.4313453536754508,0.449375866851595,0.4840499306518725,0.5339805825242719,0.5547850208044384,0.579750346740638,0.5742024965325937,0.5575589459084606,0.4826629680998613,0.4715672676837725,32,,,,,,,,,,,,,,,,,,,,,,,,,,,,,,,,,,,,,,,,,,,,,,,,
0.1124281609195402,0.1069204980842912,0.1653496168582376,0.1404454022988506,0.1422413793103448,0.1489463601532567,0.1467911877394636,0.1779214559386973,0.146551724137931,0.1520593869731801,0.0977011494252873,0.2258141762452107,0.0126219258024176,0.0473322217590662,0.0094664443518132,0.0,0.0,0.0,0.0,0.0094664443518132,0.0094664443518132,0.0094664443518132,0.0,0.0220883701542309,0.0388349514563106,0.1359223300970873,0.0,0.0,0.0,0.0,0.0,0.0097087378640776,0.0194174757281553,0.0,0.0,0.058252427184466,0.4576976421636616,0.4521497919556173,0.4410540915395284,0.4479889042995839,0.4590846047156727,0.4826629680998613,0.4826629680998613,0.4979195561719834,0.5312066574202496,0.5131761442441054,0.4868238557558945,0.4687933425797503,32,,,,,,,,,,,,,,,,,,,,,,,,,,,,,,,,,,,,,,,,,,,,,,,,
0.1198515325670498,0.1075191570881226,0.1695402298850575,0.0811781609195402,0.1478687739463602,0.1610392720306513,0.1684626436781609,0.1995929118773947,0.1427203065133995,0.0965038314176245,0.1012931034482758,0.0762691570881226,0.0126219258024176,0.0252438516048353,0.0094664443518132,0.0031554814506044,0.0,0.0031554814506044,0.0,0.0126219258024176,0.0126219258024176,0.0063109629012088,0.0094664443518132,0.0,0.0194174757281553,0.1067961165048543,0.0,0.0,0.0,0.0,0.0,0.0,0.0388349514563106,0.0194174757281553,0.0,0.0097087378640776,0.490984743411928,0.4882108183079057,0.4674063800277393,0.4715672676837725,0.4618585298196949,0.5270457697642164,0.5755894590846048,0.5922330097087379,0.565880721220527,0.5464632454923718,0.5228848821081832,0.5006934812760055,32,,,,,,,,,,,,,,,,,,,,,,,,,,,,,,,,,,,,,,,,,,,,,,,,
0.0957854406130268,0.0872844827586207,0.1404454022988506,0.0866858237547893,0.166786398467433,0.1654693486590038,0.1698994252873563,0.2015086206896552,0.0905172413793103,0.1812739463601533,0.0421455938697318,0.0299329501915709,0.0220883701542309,0.0283993330554397,0.0063109629012088,0.0031554814506044,0.0,0.0,0.0,0.0094664443518132,0.0063109629012088,0.0094664443518132,0.0063109629012088,0.0031554814506044,0.058252427184466,0.1067961165048543,0.0,0.0,0.0,0.0,0.0,0.029126213592233,0.0,0.0194174757281553,0.0,0.0,0.4798890429958392,0.4715672676837725,0.4299583911234397,0.4479889042995839,0.5145631067961165,0.5339805825242719,0.5908460471567267,0.6116504854368932,0.6033287101248267,0.579750346740638,0.5062413314840499,0.4604715672676838,32,,,,,,,,,,,,,,,,,,,,,,,,,,,,,,,,,,,,,,,,,,,,,,,,
0.1706178160919541,0.1181752873563218,0.1143438697318007,0.1391283524904214,0.1234434865900383,0.1768438697318008,0.1888170498084291,0.1761254789272031,0.0911159003831417,0.0830938697318007,0.0525622605363984,0.0545977011494253,0.0220883701542309,0.0094664443518132,0.0252438516048353,0.0031554814506044,0.0,0.0,0.0031554814506044,0.0063109629012088,0.0,0.0063109629012088,0.0063109629012088,0.0031554814506044,0.087378640776699,0.0194174757281553,0.087378640776699,0.0,0.0,0.0,0.0,0.0194174757281553,0.0,0.0097087378640776,0.0,0.0,0.4257975034674064,0.4022191400832178,0.3966712898751734,0.4618585298196949,0.5603328710124827,0.6033287101248267,0.6352288488210819,0.6546463245492372,0.6560332871012483,0.6116504854368933,0.5742024965325937,0.5547850208044384,32,,,,,,,,,,,,,,,,,,,,,,,,,,,,,,,,,,,,,,,,,,,,,,,,
0.0662116858237548,0.0678879310344827,0.0592672413793103,0.014367816091954,0.0314894636015325,0.1409243295019157,0.1293103448275862,0.1375718390804598,0.2619731800766284,0.01352969348659,0.1452346743295019,0.0435823754789272,0.0031554814506044,0.0126219258024176,0.037865777407253,0.0063109629012088,0.0,0.0,0.0,0.0189328887036265,0.0220883701542309,0.0,0.0063109629012088,0.0063109629012088,0.0,0.0388349514563106,0.116504854368932,0.0,0.0,0.0,0.0,0.029126213592233,0.0097087378640776,0.0,0.0097087378640776,0.0194174757281553,0.5020804438280168,0.4812760055478502,0.4757281553398058,0.5381414701803051,0.5880721220527046,0.6269070735090153,0.6601941747572816,0.7004160887656034,0.7156726768377254,0.6754507628294038,0.6393897364771151,0.6102635228848822,32,,,,,,,,,,,,,,,,,,,,,,,,,,,,,,,,,,,,,,,,,,,,,,,,
0.1639128352490422,0.0636973180076628,0.0676484674329502,0.0136494252873563,0.0147270114942528,0.0131704980842911,0.0101772030651341,0.1544540229885057,0.087404214559387,0.541786398467433,0.3425526819923372,0.1139846743295019,0.015777407253022,0.0126219258024176,0.0315548145060441,0.0063109629012088,0.0,0.0,0.0,0.0094664443518132,0.1924843684868695,0.0410212588578574,0.0126219258024176,0.0441767403084618,0.0485436893203883,0.0194174757281553,0.0970873786407767,0.0,0.0,0.0,0.0,0.0194174757281553,0.4271844660194174,0.0388349514563106,0.0194174757281553,0.1262135922330097,0.5603328710124827,0.5395284327323163,0.564493758668516,0.5686546463245493,0.6310679611650486,0.6560332871012483,0.7170596393897366,0.739251040221914,0.7184466019417476,0.6227461858529821,0.5922330097087379,0.565880721220527,13,,,,,,,,,,,,,,,,,,,,,,,,,,,,,,,,,,,,,,,,,,,,,,,,
0.4440852490421457,0.1878591954022988,0.0959051724137931,0.0164032567049808,0.0168821839080459,0.0180795019157088,0.0180795019157088,0.0853687739463601,0.0896791187739463,0.1342193486590038,0.0246647509578544,0.0263409961685823,0.0694205919132972,0.0567986661108795,0.0126219258024176,0.0,0.0,0.0,0.0031554814506044,0.0031554814506044,0.0283993330554397,0.0189328887036265,0.0031554814506044,0.0252438516048353,0.1650485436893204,0.174757281553398,0.0097087378640776,0.0,0.0,0.0,0.0,0.0,0.0485436893203883,0.0485436893203883,0.0,0.087378640776699,0.5312066574202496,0.4979195561719834,0.4785020804438281,0.4882108183079057,0.5131761442441054,0.5450762829403606,0.5631067961165049,0.5728155339805825,0.565880721220527,0.5298196948682387,0.5048543689320389,0.4937586685159501,32,,,,,,,,,,,,,,,,,,,,,,,,,,,,,,,,,,,,,,,,,,,,,,,,
0.1342193486590038,0.5542385057471266,0.3217193486590039,0.2271312260536399,0.1236829501915709,0.2118055555555556,0.1727729885057471,0.1843869731800766,0.1032088122605364,0.0786637931034482,0.038433908045977,0.0247844827586206,0.0820425177157148,0.1104418507711546,0.0851979991663193,0.0094664443518132,0.0,0.0,0.0126219258024176,0.0126219258024176,0.0063109629012088,0.015777407253022,0.0094664443518132,0.0126219258024176,0.1553398058252427,0.3203883495145631,0.2718446601941747,0.0,0.0,0.0,0.029126213592233,0.0194174757281553,0.058252427184466,0.0194174757281553,0.0679611650485436,0.0194174757281553,0.4743411927877948,0.4687933425797503,0.4549237170596394,0.4785020804438281,0.5104022191400832,0.5284327323162274,0.5533980582524273,0.5825242718446603,0.5811373092926492,0.5631067961165049,0.5242718446601942,0.4826629680998613,32,,,,,,,,,,,,,,,,,,,,,,,,,,,,,,,,,,,,,,,,,,,,,,,,
0.0767480842911877,0.4852729885057472,0.3894875478927204,0.141044061302682,0.1404454022988506,0.1646312260536398,0.1684626436781609,0.1913314176245211,0.0299329501915709,0.0168821839080459,0.0173611111111111,0.1048850574712643,0.0599541475614839,0.1703959983326386,0.0631096290120883,0.0126219258024176,0.0,0.0,0.0126219258024176,0.0283993330554397,0.0126219258024176,0.0,0.0,0.0189328887036265,0.1941747572815534,0.4466019417475728,0.2135922330097087,0.0097087378640776,0.0,0.0,0.0194174757281553,0.0485436893203883,0.0,0.0,0.0,0.0194174757281553,0.4299583911234397,0.4022191400832178,0.3952843273231623,0.4757281553398058,0.5381414701803051,0.5478502080443829,0.5755894590846048,0.6158113730929267,0.6393897364771152,0.6005547850208044,0.5423023578363385,0.507628294036061,32,,,,,,,,,,,,,,,,,,,,,,,,,,,,,,,,,,,,,,,,,,,,,,,,
0.2125239463601533,0.0592672413793103,0.1716954022988506,0.1337404214559387,0.0162835249042145,0.092911877394636,0.1643917624521073,0.0991379310344827,0.1090756704980843,0.0738745210727969,0.038433908045977,0.0264607279693486,0.0252438516048353,0.0031554814506044,0.1199082951229679,0.0883534806169237,0.0,0.0,0.0,0.0126219258024176,0.0189328887036265,0.0283993330554397,0.0315548145060441,0.0725760733639016,0.0388349514563106,0.0,0.2815533980582524,0.2815533980582524,0.0,0.0,0.0,0.0194174757281553,0.0194174757281553,0.0679611650485436,0.0388349514563106,0.029126213592233,0.4854368932038835,0.4521497919556173,0.4438280166435506,0.5506241331484051,0.6005547850208044,0.6255201109570041,0.6865464632454924,0.7198335644937586,0.7295423023578363,0.6879334257975035,0.6393897364771151,0.5936199722607489,32,,,,,,,,,,,,,,,,,,,,,,,,,,,,,,,,,,,,,,,,,,,,,,,,
0.0956657088122605,0.1546934865900383,0.2270114942528736,0.0723180076628352,0.0195162835249042,0.0149664750957854,0.0195162835249042,0.1282327586206897,0.0988984674329502,0.0308908045977011,0.019037356321839,0.0634578544061302,0.0220883701542309,0.0820425177157148,0.0567986661108795,0.0126219258024176,0.0,0.0,0.0,0.0347102959566486,0.0473322217590662,0.0063109629012088,0.0,0.0189328887036265,0.058252427184466,0.2621359223300971,0.1844660194174757,0.0,0.0,0.0,0.0,0.0679611650485436,0.0679611650485436,0.0,0.0,0.0388349514563106,0.5672676837725382,0.4965325936199722,0.5034674063800277,0.5852981969486825,0.6463245492371706,0.6865464632454924,0.7087378640776699,0.7281553398058253,0.737864077669903,0.7087378640776699,0.6574202496532595,0.650485436893204,32,,,,,,,,,,,,,,,,,,,,,,,,,,,,,,,,,,,,,,,,,,,,,,,,
0.1018917624521073,0.4069683908045978,0.1574473180076628,0.1251197318007663,0.0187978927203065,0.0211925287356321,0.0613026819923371,0.0476532567049808,0.0187978927203065,0.0177203065134099,0.0470545977011494,0.2539511494252874,0.1041308878699458,0.0094664443518132,0.0788870362651104,0.0126219258024176,0.0,0.0,0.015777407253022,0.015777407253022,0.015777407253022,0.0,0.0031554814506044,0.0220883701542309,0.203883495145631,0.029126213592233,0.2233009708737864,0.0,0.0,0.0,0.0194174757281553,0.0388349514563106,0.0485436893203883,0.0,0.0,0.0485436893203883,0.5908460471567267,0.5395284327323163,0.5617198335644938,0.6116504854368932,0.651872399445215,0.7004160887656034,0.7239944521497921,0.7475728155339805,0.7503467406380028,0.7018030513176144,0.6393897364771152,0.6185852981969486,32,,,,,,,,,,,,,,,,,,,,,,,,,,,,,,,,,,,,,,,,,,,,,,,,
0.1149425287356322,0.171455938697318,0.2194683908045977,0.0537595785440613,0.0353208812260536,0.0247844827586206,0.0506465517241379,0.0221503831417624,0.0962643678160919,0.0516044061302682,0.2106082375478928,0.1302681992337165,0.0536431846602751,0.0915089620675281,0.0536431846602751,0.0315548145060441,0.0,0.0,0.0094664443518132,0.0063109629012088,0.015777407253022,0.0031554814506044,0.0631096290120883,0.0063109629012088,0.145631067961165,0.2233009708737864,0.1067961165048543,0.0970873786407767,0.0,0.0,0.0194174757281553,0.0,0.0388349514563106,0.0,0.0485436893203883,0.0194174757281553,0.6185852981969487,0.5839112343966713,0.5603328710124827,0.5977808599167822,0.6282940360610264,0.6546463245492372,0.6699029126213593,0.6879334257975035,0.6990291262135924,0.6546463245492372,0.6490984743411928,0.6061026352288489,32,,,,,,,,,,,,,,,,,,,,,,,,,,,,,,,,,,,,,,,,,,,,,,,,
0.1506226053639847,0.1433189655172414,0.1701388888888889,0.3742816091954024,0.0238266283524904,0.0226293103448275,0.0548371647509578,0.0192768199233716,0.0790229885057471,0.0415469348659004,0.3799090038314177,0.291786398467433,0.0725760733639016,0.075731554814506,0.0788870362651104,0.0031554814506044,0.0031554814506044,0.0,0.0126219258024176,0.0063109629012088,0.0410212588578574,0.0441767403084618,0.0283993330554397,0.0473322217590662,0.2524271844660194,0.1941747572815534,0.2135922330097087,0.0,0.0,0.0,0.029126213592233,0.0,0.0679611650485436,0.0,0.0194174757281553,0.0388349514563106,0.5852981969486825,0.5547850208044384,0.5214979195561721,0.5603328710124827,0.5769764216366159,0.6047156726768378,0.6449375866851595,0.6449375866851595,0.653259361997226,0.6324549237170597,0.6061026352288489,0.5700416088765604,32,,,,,,,,,,,,,,,,,,,,,,,,,,,,,,,,,,,,,,,,,,,,,,,,
0.0816570881226053,0.0804597701149425,0.198036398467433,0.0652538314176245,0.0222701149425287,0.0164032567049808,0.0557950191570881,0.0123323754789272,0.1033285440613027,0.0195162835249042,0.0611829501915708,0.068007662835249,0.0820425177157148,0.113597332221759,0.0725760733639016,0.0094664443518132,0.0,0.0031554814506044,0.0189328887036265,0.0,0.0189328887036265,0.0220883701542309,0.0063109629012088,0.0347102959566486,0.2233009708737864,0.3203883495145631,0.2233009708737864,0.0,0.0,0.0,0.029126213592233,0.0,0.0388349514563106,0.0194174757281553,0.0097087378640776,0.0388349514563106,0.5214979195561721,0.4979195561719834,0.4785020804438281,0.5006934812760055,0.5339805825242719,0.5686546463245493,0.6088765603328712,0.6255201109570042,0.6324549237170597,0.6241331484049931,0.5714285714285715,0.5450762829403606,32,,,,,,,,,,,,,,,,,,,,,,,,,,,,,,,,,,,,,,,,,,,,,,,,
0.225933908045977,0.2054597701149426,0.2590996168582376,0.3494971264367816,0.0203544061302682,0.0195162835249042,0.0438218390804597,0.2804118773946361,0.1485871647509579,0.0721982758620689,0.0999760536398467,0.1760057471264368,0.1041308878699458,0.0315548145060441,0.1009754064193414,0.0094664443518132,0.0,0.0,0.0126219258024176,0.0031554814506044,0.0220883701542309,0.0189328887036265,0.0347102959566486,0.0536431846602751,0.1067961165048543,0.0970873786407767,0.2718446601941747,0.0097087378640776,0.0,0.0,0.0194174757281553,0.0,0.0388349514563106,0.0679611650485436,0.087378640776699,0.145631067961165,0.5062413314840499,0.4882108183079057,0.4479889042995839,0.5020804438280168,0.5228848821081832,0.564493758668516,0.6116504854368933,0.6324549237170596,0.6282940360610264,0.5963938973647712,0.5617198335644938,0.5381414701803051,32,,,,,,,,,,,,,,,,,,,,,,,,,,,,,,,,,,,,,,,,,,,,,,,,
0.1088362068965517,0.179477969348659,0.2480842911877395,0.1381704980842912,0.0504070881226053,0.0405890804597701,0.0419061302681992,0.1187739463601532,0.1141044061302682,0.0319683908045977,0.0383141762452107,0.1164990421455938,0.037865777407253,0.0788870362651104,0.0946644435181325,0.0189328887036265,0.0315548145060441,0.0,0.0126219258024176,0.0252438516048353,0.0220883701542309,0.0094664443518132,0.015777407253022,0.0978199249687369,0.0970873786407767,0.1844660194174757,0.2621359223300971,0.0194174757281553,0.0097087378640776,0.0,0.0194174757281553,0.058252427184466,0.0194174757281553,0.0097087378640776,0.0097087378640776,0.203883495145631,0.4965325936199722,0.4715672676837725,0.4535367545076283,0.5214979195561721,0.5755894590846048,0.6088765603328712,0.6324549237170597,0.6615811373092927,0.6962552011095702,0.6338418862690708,0.6227461858529821,0.6158113730929267,32,,,,,,,,,,,,,,,,,,,,,,,,,,,,,,,,,,,,,,,,,,,,,,,,
0.0755507662835249,0.2300047892720307,0.240301724137931,0.0348419540229885,0.0469348659003831,0.0228687739463601,0.0251436781609195,0.1732519157088123,0.1196120689655172,0.1861829501915709,0.1386494252873563,0.121647509578544,0.0126219258024176,0.1577740725302209,0.0189328887036265,0.0063109629012088,0.0126219258024176,0.0,0.0031554814506044,0.0599541475614839,0.0694205919132972,0.0220883701542309,0.0283993330554397,0.0283993330554397,0.0097087378640776,0.4466019417475728,0.0194174757281553,0.0,0.0194174757281553,0.0,0.0,0.0970873786407767,0.145631067961165,0.058252427184466,0.0679611650485436,0.0194174757281553,0.6088765603328712,0.5839112343966714,0.5728155339805825,0.6088765603328712,0.6435506241331486,0.6712898751733705,0.5908460471567268,0.564493758668516,0.5700416088765604,0.5672676837725382,0.5769764216366159,0.5825242718446603,32,,,,,,,,,,,,,,,,,,,,,,,,,,,,,,,,,,,,,,,,,,,,,,,,
0.1733716475095785,0.372844827586207,0.6375718390804599,0.1125478927203065,0.0284961685823754,0.0231082375478927,0.0307710727969348,0.1408045977011494,0.1527777777777778,0.1175766283524904,0.2777777777777778,0.3409961685823756,0.0504877032096707,0.2303501458941225,0.037865777407253,0.0189328887036265,0.0,0.0,0.0031554814506044,0.0441767403084618,0.0441767403084618,0.0315548145060441,0.037865777407253,0.0410212588578574,0.2135922330097087,0.6213592233009708,0.0388349514563106,0.0,0.0,0.0,0.0,0.0679611650485436,0.0776699029126213,0.087378640776699,0.029126213592233,0.1067961165048543,0.5714285714285715,0.5631067961165048,0.5561719833564495,0.5714285714285715,0.5769764216366158,0.6061026352288489,0.6088765603328712,0.6255201109570042,0.664355062413315,0.653259361997226,0.6116504854368932,0.5908460471567268,32,,,,,,,,,,,,,,,,,,,,,,,,,,,,,,,,,,,,,,,,,,,,,,,,
0.3488984674329503,0.3075909961685825,0.2599377394636016,0.0850095785440613,0.0306513409961685,0.0210727969348659,0.0755507662835249,0.0719588122605364,0.0793821839080459,0.0520833333333333,0.1156609195402299,0.1904932950191571,0.0567986661108795,0.113597332221759,0.075731554814506,0.0031554814506044,0.0,0.0,0.0252438516048353,0.015777407253022,0.037865777407253,0.037865777407253,0.0410212588578574,0.0315548145060441,0.145631067961165,0.3106796116504854,0.1941747572815534,0.0097087378640776,0.0,0.0,0.0388349514563106,0.0194174757281553,0.0970873786407767,0.0,0.1262135922330097,0.058252427184466,0.5755894590846048,0.5423023578363385,0.5187239944521499,0.5464632454923718,0.5866851595006934,0.6088765603328712,0.6199722607489598,0.6324549237170596,0.6255201109570041,0.5561719833564495,0.5436893203883496,0.4965325936199722,32,,,,,,,,,,,,,,,,,,,,,,,,,,,,,,,,,,,,,,,,,,,,,,,,
0.1950431034482758,0.2564655172413794,0.2470067049808429,0.0602250957854406,0.0275383141762452,0.0192768199233716,0.0687260536398467,0.3298611111111112,0.4365421455938698,0.2182710727969349,0.1023706896551724,0.208213601532567,0.0631096290120883,0.1230637765735723,0.037865777407253,0.015777407253022,0.0,0.0,0.0189328887036265,0.0851979991663193,0.0347102959566486,0.0347102959566486,0.0063109629012088,0.0283993330554397,0.1553398058252427,0.3398058252427184,0.1067961165048543,0.0194174757281553,0.0,0.0,0.0194174757281553,0.145631067961165,0.0194174757281553,0.0485436893203883,0.0097087378640776,0.058252427184466,0.4840499306518725,0.4993065187239945,0.5048543689320389,0.5339805825242719,0.5742024965325937,0.6158113730929267,0.651872399445215,0.6366158113730931,0.6490984743411928,0.5700416088765604,0.5436893203883496,0.5395284327323163,32,,,,,,,,,,,,,,,,,,,,,,,,,,,,,,,,,,,,,,,,,,,,,,,,
0.2497605363984675,0.1951628352490422,0.2254549808429119,0.0802203065134099,0.0490900383141762,0.040110153256705,0.0713601532567049,0.345426245210728,0.0451388888888888,0.0434626436781609,0.1148227969348659,0.0757902298850574,0.0347102959566486,0.0915089620675281,0.0725760733639016,0.015777407253022,0.0063109629012088,0.0,0.0441767403084618,0.0504877032096707,0.0410212588578574,0.0189328887036265,0.015777407253022,0.0315548145060441,0.145631067961165,0.2524271844660194,0.2135922330097087,0.0194174757281553,0.0,0.0,0.0970873786407767,0.0970873786407767,0.0388349514563106,0.029126213592233,0.0679611650485436,0.0388349514563106,0.5034674063800277,0.4757281553398058,0.4785020804438281,0.5242718446601942,0.5506241331484051,0.5991678224687934,0.6171983356449376,0.6407766990291263,0.6449375866851595,0.6213592233009709,0.5894590846047157,0.5742024965325937,32,,,,,,,,,,,,,,,,,,,,,,,,,,,,,,,,,,,,,,,,,,,,,,,,
0.2236590038314177,0.5416666666666667,0.5784243295019159,0.0458572796934865,0.037595785440613,0.0255028735632183,0.0584291187739463,0.1398467432950192,0.1094348659003831,0.1344588122605364,0.4163074712643679,0.1550526819923371,0.1104418507711546,0.1987953313880783,0.0126219258024176,0.0063109629012088,0.0031554814506044,0.0,0.015777407253022,0.0536431846602751,0.0347111296373488,0.0883534806169237,0.0063109629012088,0.0410212588578574,0.3495145631067961,0.3883495145631068,0.0097087378640776,0.0,0.0,0.0,0.029126213592233,0.1262135922330097,0.087378640776699,0.0970873786407767,0.0097087378640776,0.1067961165048543,0.5159500693481277,0.5076282940360611,0.5006934812760057,0.5672676837725382,0.6241331484049931,0.6782246879334259,0.7073509015256588,0.7683772538141471,0.7669902912621359,0.7295423023578363,0.6615811373092927,0.6629680998613038,32,,,,,,,,,,,,,,,,,,,,,,,,,,,,,,,,,,,,,,,,,,,,,,,,
0.1615181992337165,0.3835009578544062,0.265205938697318,0.0500478927203065,0.0313697318007662,0.0302921455938697,0.0520833333333333,0.1578065134099617,0.0730363984674329,0.2852011494252874,0.10727969348659,0.1957614942528736,0.0978199249687369,0.1199082951229679,0.0189328887036265,0.0,0.0,0.0,0.0189328887036265,0.037865777407253,0.0567986661108795,0.0063109629012088,0.0094664443518132,0.0883534806169237,0.2621359223300971,0.2815533980582524,0.0097087378640776,0.0,0.0,0.0,0.0388349514563106,0.0679611650485436,0.0388349514563106,0.0,0.0194174757281553,0.233009708737864,0.6144244105409155,0.5936199722607489,0.5325936199722608,0.650485436893204,0.6934812760055479,0.7239944521497921,0.7572815533980582,0.8085991678224688,0.8321775312066575,0.8280166435506242,0.7309292649098476,0.6338418862690708,32,,,,,,,,,,,,,,,,,,,,,,,,,,,,,,,,,,,,,,,,,,,,,,,,
0.0789032567049808,0.1534961685823755,0.217911877394636,0.0423850574712643,0.0602250957854406,0.0313697318007662,0.0280172413793103,0.1493055555555556,0.1458333333333333,0.1131465517241379,0.0792624521072797,0.1400862068965517,0.0063109629012088,0.0820425177157148,0.0347102959566486,0.0,0.0126219258024176,0.0,0.0031554814506044,0.0599541475614839,0.075731554814506,0.0126219258024176,0.0599541475614839,0.0315548145060441,0.0388349514563106,0.233009708737864,0.0388349514563106,0.0,0.029126213592233,0.0,0.0,0.1262135922330097,0.1941747572815534,0.0,0.0097087378640776,0.0970873786407767,0.578363384188627,0.5520110957004161,0.5464632454923718,0.578363384188627,0.6185852981969487,0.6768377253814147,0.7128987517337033,0.7337031900138697,0.7142857142857143,0.6879334257975035,0.6477115117891817,0.6352288488210819,32,,,,,,,,,,,,,,,,,,,,,,,,,,,,,,,,,,,,,,,,,,,,,,,,
0.5668103448275863,0.2405411877394636,0.2164750957854407,0.0405890804597701,0.0225095785440613,0.0307710727969348,0.1948036398467433,0.1149425287356322,0.0702825670498084,0.0886015325670498,0.1101532567049808,0.0592672413793103,0.0504877032096707,0.1262192580241767,0.0694205919132972,0.0,0.0,0.0126219258024176,0.0347102959566486,0.0063109629012088,0.0220883701542309,0.0189328887036265,0.0063109629012088,0.0126219258024176,0.0970873786407767,0.3883495145631068,0.145631067961165,0.0,0.0,0.0097087378640776,0.0485436893203883,0.0,0.0388349514563106,0.0097087378640776,0.0388349514563106,0.0194174757281553,0.6296809986130376,0.6116504854368933,0.5866851595006934,0.5769764216366159,0.6019417475728157,0.6393897364771152,0.6851595006934814,0.7115117891816921,0.6532593619972261,0.6116504854368933,0.5811373092926492,0.5561719833564495,32,,,,,,,,,,,,,,,,,,,,,,,,,,,,,,,,,,,,,,,,,,,,,,,,
0.1041666666666666,0.1700191570881226,0.1827107279693487,0.0094588122605364,0.005507662835249,0.0090996168582375,0.0416666666666666,0.0720785440613027,0.2806513409961687,0.0862068965517241,0.0772270114942529,0.173132183908046,0.0883534806169237,0.0599541475614839,0.0189328887036265,0.0031554814506044,0.0,0.0,0.0189328887036265,0.0126219258024176,0.015777407253022,0.0189328887036265,0.0252438516048353,0.0441767403084618,0.2233009708737864,0.1844660194174757,0.0194174757281553,0.0,0.0,0.0,0.0194174757281553,0.029126213592233,0.0194174757281553,0.0679611650485436,0.0194174757281553,0.1262135922330097,0.5062413314840499,0.5020804438280168,0.5006934812760055,0.5076282940360611,0.5270457697642164,0.5742024965325937,0.6185852981969487,0.6601941747572815,0.6546463245492372,0.6324549237170597,0.5894590846047157,0.5686546463245493,32,,,,,,,,,,,,,,,,,,,,,,,,,,,,,,,,,,,,,,,,,,,,,,,,
0.5320881226053641,0.3348898467432951,0.2654454022988506,0.0348419540229885,0.0077825670498084,0.0100574712643678,0.1041666666666666,0.0902777777777778,0.1378113026819924,0.0051484674329501,0.121647509578544,0.2556273946360154,0.0189328887036265,0.1388411838265944,0.0252438516048353,0.0,0.0,0.0,0.0189328887036265,0.0189328887036265,0.0031554814506044,0.0,0.0094664443518132,0.0126219258024176,0.029126213592233,0.4271844660194174,0.0097087378640776,0.0,0.0,0.0,0.0194174757281553,0.0194174757281553,0.029126213592233,0.0,0.0,0.0485436893203883,0.5589459084604715,0.5395284327323163,0.5256588072122054,0.5367545076282941,0.5575589459084606,0.6255201109570041,0.6269070735090153,0.6282940360610264,0.6102635228848822,0.579750346740638,0.564493758668516,0.5575589459084606,32,,,,,,,,,,,,,,,,,,,,,,,,,,,,,,,,,,,,,,,,,,,,,,,,
0.132183908045977,0.1924090038314176,0.1627155172413793,0.0692049808429118,0.0233477011494252,0.0277777777777777,0.0967432950191571,0.1521791187739463,0.0538793103448276,0.0542385057471264,0.0211925287356321,0.0778256704980843,0.015777407253022,0.1388411838265944,0.037865777407253,0.0063109629012088,0.0031554814506044,0.0,0.0094664443518132,0.0441767403084618,0.0094664443518132,0.0,0.0126219258024176,0.0347102959566486,0.0097087378640776,0.3592233009708738,0.116504854368932,0.0,0.0,0.0,0.0,0.0776699029126213,0.0097087378640776,0.0,0.0097087378640776,0.0194174757281553,0.5506241331484051,0.5520110957004161,0.5603328710124827,0.565880721220527,0.5866851595006934,0.6019417475728157,0.6199722607489598,0.6712898751733705,0.6754507628294038,0.667128987517337,0.6463245492371706,0.6324549237170596,32,,,,,,,,,,,,,,,,,,,,,,,,,,,,,,,,,,,,,,,,,,,,,,,,
0.3518917624521073,0.1993534482758621,0.2119252873563218,0.0714798850574712,0.0122126436781609,0.0059865900383141,0.0076628352490421,0.130507662835249,0.0670498084291187,0.0480124521072797,0.0380747126436781,0.0735153256704981,0.0694205919132972,0.1167528136723635,0.0094664443518132,0.0315548145060441,0.0,0.0,0.0,0.0283993330554397,0.037865777407253,0.0094664443518132,0.0252438516048353,0.0946644435181325,0.1650485436893204,0.3203883495145631,0.0097087378640776,0.0970873786407767,0.0,0.0,0.0,0.0485436893203883,0.087378640776699,0.0194174757281553,0.087378640776699,0.203883495145631,0.6158113730929267,0.5936199722607489,0.5922330097087379,0.6047156726768378,0.6449375866851595,0.6990291262135924,0.7447988904299585,0.7489597780859918,0.7350901525658807,0.6934812760055479,0.6366158113730931,0.5700416088765604,32,,,,,,,,,,,,,,,,,,,,,,,,,,,,,,,,,,,,,,,,,,,,,,,,
0.2540708812260537,0.7355124521072798,0.3154932950191572,0.213242337164751,0.1767241379310345,0.1974377394636015,0.180316091954023,0.2642480842911878,0.158764367816092,0.1042863984674329,0.0517241379310344,0.1793582375478928,0.0504877032096707,0.1262192580241767,0.0283993330554397,0.0094664443518132,0.0,0.0,0.0126219258024176,0.0189328887036265,0.0410212588578574,0.0504877032096707,0.0031554814506044,0.0220883701542309,0.203883495145631,0.4174757281553398,0.1067961165048543,0.0,0.0,0.0,0.029126213592233,0.029126213592233,0.1359223300970873,0.029126213592233,0.0,0.0388349514563106,0.4382801664355062,0.4438280166435506,0.4466019417475729,0.4479889042995839,0.4785020804438281,0.5062413314840499,0.5755894590846048,0.5963938973647712,0.579750346740638,0.549237170596394,0.5395284327323163,0.5090152565880722,32,,,,,,,,,,,,,,,,,,,,,,,,,,,,,,,,,,,,,,,,,,,,,,,,
0.1760057471264368,0.3376436781609196,0.255028735632184,0.2157567049808429,0.0900383141762452,0.1666666666666667,0.1546934865900383,0.1934865900383142,0.1476293103448276,0.1973180076628353,0.2210249042145594,0.4364224137931036,0.0441767403084618,0.0788870362651104,0.0504877032096707,0.0252438516048353,0.0,0.0,0.0094664443518132,0.0126219258024176,0.0094664443518132,0.0031554814506044,0.0031554814506044,0.0504877032096707,0.1262135922330097,0.2621359223300971,0.2135922330097087,0.029126213592233,0.0,0.0,0.0194174757281553,0.0194174757281553,0.0194174757281553,0.0,0.0,0.1844660194174757,0.5104022191400832,0.492371705963939,0.492371705963939,0.4993065187239945,0.40499306518724,0.4036061026352289,0.4133148404993065,0.4632454923717061,0.4466019417475729,0.4244105409153953,0.3744798890429959,0.3425797503467407,32,,,,,,,,,,,,,,,,,,,,,,,,,,,,,,,,,,,,,,,,,,,,,,,,
0.5167624521072798,0.2690373563218391,0.3090277777777778,0.2318007662835249,0.2264128352490421,0.2152777777777778,0.2869971264367817,0.2189894636015326,0.1228448275862068,0.1003352490421456,0.0445402298850574,0.1999521072796935,0.0725760733639016,0.1009754064193414,0.0031554814506044,0.0504877032096707,0.0031554814506044,0.0,0.0126219258024176,0.0031554814506044,0.0220883701542309,0.0536431846602751,0.0,0.0315548145060441,0.2135922330097087,0.3398058252427184,0.0,0.1359223300970873,0.0,0.0,0.0194174757281553,0.0,0.0679611650485436,0.029126213592233,0.0,0.087378640776699,0.3453536754507628,0.2940360610263523,0.2981969486823856,0.3453536754507628,0.4077669902912622,0.4438280166435506,0.4576976421636616,0.4646324549237171,0.4549237170596394,0.4299583911234397,0.4119278779472954,0.3717059639389737,32,,,,,,,,,,,,,,,,,,,,,,,,,,,,,,,,,,,,,,,,,,,,,,,,
0.3966714559386973,0.3449473180076629,0.5021551724137931,0.1645114942528736,0.1934865900383142,0.1936063218390805,0.2875957854406131,0.2861590038314177,0.1221264367816092,0.1672653256704981,0.102610153256705,0.1367337164750958,0.037865777407253,0.0694205919132972,0.0946644435181325,0.0126219258024176,0.0,0.0,0.0126219258024176,0.0063109629012088,0.0315548145060441,0.0126219258024176,0.0031554814506044,0.0410212588578574,0.0776699029126213,0.2233009708737864,0.3980582524271844,0.0,0.0,0.0,0.0194174757281553,0.0097087378640776,0.058252427184466,0.0,0.0,0.1067961165048543,0.3356449375866852,0.3370319001386962,0.3550624133148405,0.3841886269070735,0.4174757281553398,0.4410540915395284,0.4854368932038835,0.4826629680998613,0.4826629680998613,0.4549237170596394,0.4257975034674064,0.3744798890429959,32,,,,,,,,,,,,,,,,,,,,,,,,,,,,,,,,,,,,,,,,,,,,,,,,
0.0562739463601532,0.1933668582375479,0.5004789272030653,0.3718869731800767,0.1896551724137931,0.243654214559387,0.2219827586206897,0.2713122605363985,0.1087164750957854,0.0168821839080459,0.1455938697318008,0.0571120689655172,0.0504877032096707,0.1356857023759899,0.0126219258024176,0.0,0.0,0.0,0.0031554814506044,0.0220883701542309,0.0220883701542309,0.0031554814506044,0.0031554814506044,0.0567986661108795,0.233009708737864,0.3883495145631068,0.0,0.0,0.0,0.0,0.0,0.058252427184466,0.0485436893203883,0.0097087378640776,0.0,0.2135922330097087,0.3356449375866852,0.3217753120665743,0.3439667128987517,0.377253814147018,0.4119278779472954,0.4590846047156727,0.4785020804438281,0.5159500693481277,0.5187239944521499,0.4687933425797503,0.4327323162274619,0.3647711511789182,32,,,,,,,,,,,,,,,,,,,,,,,,,,,,,,,,,,,,,,,,,,,,,,,,
0.1008141762452107,0.2432950191570881,0.2564655172413794,0.3403975095785441,0.1965996168582375,0.2321599616858238,0.2145593869731801,0.2461685823754789,0.1772030651340996,0.0817768199233716,0.0049090038314176,0.0516044061302682,0.0883534806169237,0.0410212588578574,0.0410212588578574,0.0063109629012088,0.0,0.0,0.0,0.0315548145060441,0.0063109629012088,0.0,0.0031554814506044,0.0094664443518132,0.2427184466019417,0.1262135922330097,0.1650485436893204,0.0097087378640776,0.0,0.0,0.0,0.058252427184466,0.0,0.0,0.0,0.0097087378640776,0.3467406380027739,0.319001386962552,0.3079056865464633,0.3314840499306519,0.4396671289875174,0.4895977808599168,0.5228848821081832,0.535367545076283,0.5270457697642164,0.4979195561719834,0.4757281553398058,0.4271844660194175,32,,,,,,,,,,,,,,,,,,,,,,,,,,,,,,,,,,,,,,,,,,,,,,,,
0.0255028735632183,0.1203304597701149,0.2726293103448276,0.1943247126436782,0.1766044061302682,0.1928879310344828,0.2083333333333334,0.2253352490421456,0.0834530651340996,0.0284961685823754,0.008022030651341,0.0101772030651341,0.0189328887036265,0.1041308878699458,0.0031554814506044,0.0126219258024176,0.0,0.0031554814506044,0.0,0.0063109629012088,0.0473322217590662,0.0,0.0,0.0,0.0679611650485436,0.3980582524271844,0.0,0.0097087378640776,0.0,0.0,0.0,0.0,0.1553398058252427,0.0,0.0,0.0,0.4008321775312067,0.3647711511789182,0.3647711511789182,0.3938973647711511,0.5034674063800277,0.5450762829403606,0.5617198335644938,0.5617198335644938,0.5409153952843274,0.4937586685159501,0.4687933425797503,0.4715672676837725,32,,,,,,,,,,,,,,,,,,,,,,,,,,,,,,,,,,,,,,,,,,,,,,,,
0.0090996168582375,0.0851293103448276,0.2249760536398468,0.1944444444444445,0.1278735632183908,0.0827346743295019,0.1666666666666667,0.1458333333333333,0.1283524904214559,0.0165229885057471,0.0944683908045977,0.0921934865900383,0.0,0.0725760733639016,0.0631096290120883,0.0063109629012088,0.0,0.0,0.0,0.0063109629012088,0.0126219258024176,0.0189328887036265,0.0031554814506044,0.0473322217590662,0.0,0.1941747572815534,0.233009708737864,0.0,0.0,0.0,0.0,0.0,0.0485436893203883,0.0097087378640776,0.0485436893203883,0.087378640776699,0.4715672676837725,0.4660194174757282,0.420249653259362,0.4618585298196949,0.5492371705963939,0.5922330097087379,0.6005547850208044,0.6421636615811374,0.6449375866851595,0.5686546463245493,0.5256588072122054,0.5589459084604715,32,,,,,,,,,,,,,,,,,,,,,,,,,,,,,,,,,,,,,,,,,,,,,,,,
0.2898706896551725,0.2025862068965517,0.2222222222222223,0.0844109195402298,0.0095785440613026,0.0116139846743295,0.0938697318007663,0.1221264367816092,0.1579262452107279,0.2545498084291188,0.1572078544061303,0.1859434865900384,0.0283993330554397,0.0820425177157148,0.0662651104626927,0.0347102959566486,0.0,0.0,0.0031554814506044,0.037865777407253,0.0126219258024176,0.0504877032096707,0.0252438516048353,0.0283993330554397,0.0679611650485436,0.2621359223300971,0.2524271844660194,0.087378640776699,0.0,0.0,0.0,0.1067961165048543,0.0194174757281553,0.145631067961165,0.0097087378640776,0.0970873786407767,0.5284327323162274,0.4840499306518725,0.4687933425797503,0.492371705963939,0.5117891816920944,0.5520110957004161,0.6005547850208044,0.6782246879334259,0.6560332871012483,0.6324549237170597,0.6227461858529821,0.5617198335644938,32,,,,,,,,,,,,,,,,,,,,,,,,,,,,,,,,,,,,,,,,,,,,,,,,
0.2252155172413793,0.1962404214559387,0.1877394636015326,0.0907567049808429,0.0111350574712643,0.075191570881226,0.1778017241379311,0.102610153256705,0.0166427203065134,0.1047653256704981,0.0979406130268199,0.2362308429118775,0.1009754064193414,0.1072863693205502,0.0504877032096707,0.0126219258024176,0.0,0.0,0.015777407253022,0.015777407253022,0.0126219258024176,0.0063109629012088,0.0031554814506044,0.0599541475614839,0.3203883495145631,0.3300970873786408,0.1359223300970873,0.0097087378640776,0.0,0.0,0.029126213592233,0.0485436893203883,0.0097087378640776,0.0097087378640776,0.0,0.174757281553398,0.5284327323162274,0.5353675450762829,0.5187239944521499,0.5173370319001387,0.5423023578363385,0.5325936199722608,0.5104022191400832,0.492371705963939,0.5006934812760055,0.5048543689320389,0.490984743411928,0.4757281553398058,32,,,,,,,,,,,,,,,,,,,,,,,,,,,,,,,,,,,,,,,,,,,,,,,,
0.4621647509578545,0.1785201149425287,0.2808908045977012,0.5211925287356323,0.1530172413793104,0.0886015325670498,0.2076149425287356,0.0866858237547893,0.1181752873563218,0.011015325670498,0.0487308429118774,0.07602969348659,0.0631096290120883,0.1293747394747811,0.0473322217590662,0.0094664443518132,0.0,0.0,0.0189328887036265,0.0,0.0283993330554397,0.0031554814506044,0.0063109629012088,0.0126219258024176,0.2135922330097087,0.3106796116504854,0.1553398058252427,0.0,0.0,0.0,0.0388349514563106,0.0,0.0776699029126213,0.0,0.0194174757281553,0.0194174757281553,0.4590846047156727,0.4368932038834952,0.4590846047156727,0.4757281553398058,0.5104022191400832,0.5769764216366159,0.6019417475728157,0.5894590846047157,0.5312066574202496,0.5006934812760055,0.4868238557558946,0.4618585298196949,32,,,,,,,,,,,,,,,,,,,,,,,,,,,,,,,,,,,,,,,,,,,,,,,,
0.1163793103448276,0.3162116858237548,0.2546695402298851,0.0158045977011494,0.0111350574712643,0.1896551724137931,0.1746886973180077,0.1861829501915709,0.0414272030651341,0.0314894636015325,0.4394157088122606,0.0806992337164751,0.0347102959566486,0.1293747394747811,0.0315548145060441,0.0031554814506044,0.0,0.0031554814506044,0.0126219258024176,0.0063109629012088,0.0220883701542309,0.0441767403084618,0.015777407253022,0.015777407253022,0.145631067961165,0.4368932038834951,0.087378640776699,0.0,0.0,0.0,0.029126213592233,0.0,0.0679611650485436,0.029126213592233,0.0,0.029126213592233,0.4424410540915395,0.4216366158113732,0.418862690707351,0.4479889042995839,0.4687933425797503,0.5020804438280168,0.5409153952843274,0.5755894590846048,0.5866851595006934,0.5464632454923718,0.5201109570041609,0.5117891816920944,32,,,,,,,,,,,,,,,,,,,,,,,,,,,,,,,,,,,,,,,,,,,,,,,,
0.190852490421456,0.317528735632184,0.1940852490421456,0.101772030651341,0.1132662835249042,0.1940852490421456,0.1420019157088122,0.2232998084291188,0.1381704980842912,0.2423371647509579,0.2965756704980843,0.0391522988505747,0.0410212588578574,0.0788870362651104,0.0978199249687369,0.0126219258024176,0.0,0.0,0.0,0.0315548145060441,0.0063109629012088,0.0504877032096707,0.015777407253022,0.0063109629012088,0.174757281553398,0.1844660194174757,0.3398058252427184,0.0,0.0,0.0,0.0,0.0679611650485436,0.0097087378640776,0.0485436893203883,0.0097087378640776,0.0097087378640776,0.4826629680998613,0.4147018030513176,0.4355062413314841,0.4729542302357836,0.5006934812760057,0.5312066574202496,0.5575589459084606,0.6033287101248267,0.6116504854368933,0.5423023578363384,0.5201109570041609,0.5187239944521499,32,,,,,,,,,,,,,,,,,,,,,,,,,,,,,,,,,,,,,,,,,,,,,,,,
0.0811781609195402,0.1192528735632184,0.1424808429118774,0.0878831417624521,0.1737308429118774,0.1088362068965517,0.1495450191570881,0.1785201149425287,0.1922892720306514,0.522749042145594,0.4929358237547893,0.0876436781609195,0.0252438516048353,0.0,0.0694205919132972,0.0,0.0094664443518132,0.0,0.0,0.037865777407253,0.1009754064193414,0.0788870362651104,0.0631096290120883,0.0031554814506044,0.0679611650485436,0.0097087378640776,0.2135922330097087,0.0,0.0194174757281553,0.0,0.0,0.1359223300970873,0.2912621359223301,0.0485436893203883,0.174757281553398,0.0,0.4687933425797503,0.4674063800277393,0.4563106796116506,0.4632454923717061,0.5020804438280168,0.5631067961165049,0.6005547850208044,0.6033287101248267,0.6241331484049931,0.60748959778086,0.5395284327323163,0.5256588072122054,32,,,,,,,,,,,,,,,,,,,,,,,,,,,,,,,,,,,,,,,,,,,,,,,,
0.0132902298850574,0.202705938697318,0.1358955938697318,0.1356561302681992,0.0757902298850575,0.1302681992337165,0.2011494252873563,0.1255986590038314,0.1933668582375479,0.0463362068965517,0.1176963601532567,0.1029693486590038,0.0,0.0725760733639016,0.0473322217590662,0.0252438516048353,0.0,0.0,0.0189328887036265,0.0063109629012088,0.0189328887036265,0.0063109629012088,0.0063109629012088,0.0252438516048353,0.0,0.2233009708737864,0.174757281553398,0.029126213592233,0.0,0.0,0.0388349514563106,0.0,0.0388349514563106,0.0194174757281553,0.0097087378640776,0.0485436893203883,0.5104022191400832,0.4854368932038835,0.4618585298196949,0.4646324549237171,0.4687933425797503,0.5159500693481277,0.5977808599167822,0.6116504854368932,0.564493758668516,0.5214979195561721,0.490984743411928,0.4507628294036061,32,,,,,,,,,,,,,,,,,,,,,,,,,,,,,,,,,,,,,,,,,,,,,,,,
0.2001915708812261,0.1349377394636015,0.2238984674329502,0.1713362068965517,0.1762452107279693,0.1354166666666667,0.2367097701149426,0.2363505747126437,0.0972222222222222,0.1094348659003831,0.0957854406130268,0.2045019157088123,0.0694205919132972,0.1199082951229679,0.0031554814506044,0.0126219258024176,0.0,0.0,0.0189328887036265,0.0252438516048353,0.0063109629012088,0.0031554814506044,0.0126219258024176,0.0283993330554397,0.233009708737864,0.3689320388349514,0.0097087378640776,0.0194174757281553,0.0,0.0,0.029126213592233,0.0679611650485436,0.029126213592233,0.0194174757281553,0.0388349514563106,0.087378640776699,0.3703190013869625,0.3661581137309293,0.3592233009708738,0.4063800277392511,0.4563106796116506,0.4979195561719834,0.5173370319001387,0.490984743411928,0.4535367545076283,0.4327323162274619,0.4216366158113731,0.4188626907073509,32,,,,,,,,,,,,,,,,,,,,,,,,,,,,,,,,,,,,,,,,,,,,,,,,
0.2929837164750958,0.2601772030651341,0.4040948275862069,0.2092911877394636,0.1380507662835249,0.1817528735632184,0.2447318007662835,0.1902538314176245,0.1487068965517241,0.12080938697318,0.2198275862068966,0.3461446360153257,0.037865777407253,0.1514631096290121,0.015777407253022,0.0031554814506044,0.0,0.0031554814506044,0.015777407253022,0.0,0.0347102959566486,0.037865777407253,0.015777407253022,0.0441767403084618,0.1650485436893204,0.5145631067961165,0.029126213592233,0.0,0.0,0.0097087378640776,0.029126213592233,0.0,0.1067961165048543,0.1359223300970873,0.058252427184466,0.1262135922330097,0.420249653259362,0.4216366158113731,0.4160887656033287,0.4160887656033287,0.4382801664355062,0.5104022191400832,0.5575589459084606,0.5339805825242719,0.5589459084604715,0.5423023578363384,0.4674063800277393,0.4216366158113731,32,,,,,,,,,,,,,,,,,,,,,,,,,,,,,,,,,,,,,,,,,,,,,,,,
0.4448036398467433,0.1733716475095785,0.3649425287356322,0.2903496168582376,0.1603208812260536,0.1782806513409962,0.2180316091954023,0.1945641762452107,0.1995929118773947,0.0366379310344827,0.1484674329501916,0.1471503831417625,0.1041308878699458,0.0094664443518132,0.0536431846602751,0.0567986661108795,0.0,0.0,0.015777407253022,0.0094664443518132,0.0220883701542309,0.0063109629012088,0.0063109629012088,0.015777407253022,0.2718446601941747,0.0194174757281553,0.1359223300970873,0.1844660194174757,0.0,0.0,0.0194174757281553,0.0097087378640776,0.058252427184466,0.0097087378640776,0.0,0.029126213592233,0.3717059639389737,0.3786407766990292,0.4230235783633842,0.4549237170596394,0.5242718446601942,0.5575589459084606,0.5839112343966714,0.5742024965325937,0.5242718446601942,0.4715672676837725,0.449375866851595,0.4479889042995839,32,,,,,,,,,,,,,,,,,,,,,,,,,,,,,,,,,,,,,,,,,,,,,,,,
0.2461685823754789,0.2993295019157088,0.2693965517241379,0.1606800766283525,0.1102729885057471,0.1756465517241379,0.1439176245210728,0.1673850574712644,0.0531609195402299,0.0123323754789272,0.0409482758620689,0.100933908045977,0.0347102959566486,0.0536431846602751,0.0725760733639016,0.0063109629012088,0.0,0.0063109629012088,0.015777407253022,0.015777407253022,0.0126219258024176,0.0094664443518132,0.015777407253022,0.0126219258024176,0.1067961165048543,0.145631067961165,0.233009708737864,0.0,0.0,0.0,0.0388349514563106,0.0097087378640776,0.029126213592233,0.058252427184466,0.0,0.029126213592233,0.4895977808599168,0.4840499306518725,0.4410540915395284,0.4826629680998613,0.5284327323162274,0.5575589459084606,0.6005547850208044,0.6171983356449376,0.6047156726768377,0.5769764216366158,0.5228848821081832,0.4687933425797503,32,,,,,,,,,,,,,,,,,,,,,,,,,,,,,,,,,,,,,,,,,,,,,,,,
0.105603448275862,0.2019875478927204,0.2252155172413793,0.0771072796934866,0.1071599616858237,0.1203304597701149,0.2455699233716475,0.1707375478927203,0.1533764367816092,0.136374521072797,0.0895593869731801,0.3140565134099617,0.0189328887036265,0.0662651104626927,0.1262192580241767,0.0094664443518132,0.0,0.0,0.0,0.0315548145060441,0.0252438516048353,0.0536431846602751,0.0315548145060441,0.0662651104626927,0.0485436893203883,0.1844660194174757,0.4077669902912621,0.0,0.0,0.0,0.0,0.0388349514563106,0.0485436893203883,0.1650485436893204,0.029126213592233,0.1941747572815534,0.40499306518724,0.4022191400832178,0.377253814147018,0.4174757281553398,0.5117891816920944,0.5395284327323163,0.5769764216366158,0.5728155339805825,0.5617198335644938,0.5561719833564495,0.5312066574202496,0.5339805825242719,32,,,,,,,,,,,,,,,,,,,,,,,,,,,,,,,,,,,,,,,,,,,,,,,,
0.0924329501915709,0.1540948275862069,0.2011494252873563,0.0694444444444444,0.0931513409961685,0.0870450191570881,0.087404214559387,0.1108716475095785,0.0484913793103448,0.1481082375478927,0.7051005747126439,0.2817289272030652,0.0220883701542309,0.1388411838265944,0.0,0.0094664443518132,0.0063109629012088,0.0,0.0,0.0063109629012088,0.0252438516048353,0.0978199249687369,0.0599541475614839,0.0347102959566486,0.1067961165048543,0.4563106796116505,0.0,0.0097087378640776,0.0194174757281553,0.0,0.0,0.0,0.058252427184466,0.145631067961165,0.058252427184466,0.0097087378640776,0.521497919556172,0.5228848821081832,0.5117891816920944,0.535367545076283,0.6130374479889044,0.6490984743411928,0.6823855755894592,0.665742024965326,0.6130374479889044,0.5755894590846048,0.5631067961165049,0.5880721220527046,32,,,,,,,,,,,,,,,,,,,,,,,,,,,,,,,,,,,,,,,,,,,,,,,,
0.2262931034482759,0.1534961685823755,0.1193726053639847,0.0538793103448276,0.0128113026819923,0.0112547892720306,0.0446599616858237,0.0111350574712643,0.0803400383141762,0.5190373563218391,0.0985392720306513,0.1215277777777778,0.0094664443518132,0.1009754064193414,0.0599541475614839,0.0094664443518132,0.0,0.0,0.015777407253022,0.0,0.0662651104626927,0.0410212588578574,0.0126219258024176,0.0094664443518132,0.058252427184466,0.2718446601941747,0.203883495145631,0.0,0.0,0.0,0.0194174757281553,0.0,0.087378640776699,0.0679611650485436,0.0097087378640776,0.0194174757281553,0.5742024965325937,0.5450762829403606,0.5395284327323163,0.5825242718446603,0.6171983356449376,0.6241331484049931,0.6213592233009709,0.6061026352288489,0.5825242718446603,0.5506241331484051,0.5506241331484051,0.5492371705963939,32,,,,,,,,,,,,,,,,,,,,,,,,,,,,,,,,,,,,,,,,,,,,,,,,
0.3405172413793104,0.2062978927203065,0.1878591954022988,0.1014128352490421,0.0204741379310344,0.0222701149425287,0.060823754789272,0.0847701149425287,0.1279932950191571,0.0154454022988505,0.0396312260536398,0.1827107279693487,0.0441767403084618,0.1104418507711546,0.075731554814506,0.0063109629012088,0.0,0.0,0.0126219258024176,0.0220883701542309,0.0094664443518132,0.0,0.0,0.0220883701542309,0.145631067961165,0.3300970873786408,0.2621359223300971,0.0,0.0,0.0,0.029126213592233,0.0194174757281553,0.0097087378640776,0.0,0.0,0.0679611650485436,0.5464632454923718,0.5298196948682387,0.5145631067961166,0.5173370319001387,0.5492371705963939,0.6019417475728157,0.579750346740638,0.5575589459084606,0.5506241331484051,0.5256588072122054,0.5256588072122054,0.5409153952843274,32,,,,,,,,,,,,,,,,,,,,,,,,,,,,,,,,,,,,,,,,,,,,,,,,
0.2095306513409962,0.20522030651341,0.2316810344827586,0.1363745210727969,0.0795019157088122,0.1227250957854406,0.1331417624521073,0.1573275862068965,0.1173371647509578,0.1107519157088122,0.0993773946360153,0.1661877394636015,0.0725760733639016,0.1325302209253855,0.0347102959566486,0.0,0.0,0.0,0.0189328887036265,0.0031554814506044,0.015777407253022,0.0063109629012088,0.0,0.015777407253022,0.1941747572815534,0.4466019417475728,0.0776699029126213,0.0,0.0,0.0,0.0194174757281553,0.0097087378640776,0.0194174757281553,0.0,0.0,0.029126213592233,0.5367545076282941,0.5256588072122054,0.5395284327323163,0.5339805825242719,0.5423023578363384,0.5714285714285715,0.5825242718446603,0.5908460471567268,0.6047156726768378,0.6171983356449376,0.5950069348127602,0.5714285714285715,32,,,,,,,,,,,,,,,,,,,,,,,,,,,,,,,,,,,,,,,,,,,,,,,,
0.2625718390804598,0.1774425287356322,0.4596503831417626,0.1261973180076628,0.0880028735632184,0.0915948275862069,0.1364942528735632,0.1788793103448276,0.1561302681992337,0.0966235632183908,0.0176005747126436,0.2628113026819924,0.0347102959566486,0.0725760733639016,0.0788870362651104,0.0094664443518132,0.0,0.0,0.0126219258024176,0.0189328887036265,0.037865777407253,0.0063109629012088,0.0,0.0410212588578574,0.029126213592233,0.1844660194174757,0.2718446601941747,0.0097087378640776,0.0,0.0,0.0194174757281553,0.0097087378640776,0.0970873786407767,0.0,0.0,0.0388349514563106,0.5367545076282941,0.5145631067961166,0.5131761442441054,0.5048543689320389,0.4993065187239945,0.5159500693481277,0.5533980582524273,0.6144244105409155,0.6116504854368932,0.5755894590846048,0.5367545076282941,0.4951456310679612,32,,,,,,,,,,,,,,,,,,,,,,,,,,,,,,,,,,,,,,,,,,,,,,,,
0.3775143678160921,0.1860632183908046,0.2681992337164752,0.1404454022988506,0.1412835249042146,0.1719348659003831,0.1572078544061303,0.161757662835249,0.1404454022988506,0.0253831417624521,0.0288553639846743,0.0438218390804597,0.0315548145060441,0.0504877032096707,0.0915089620675281,0.0094664443518132,0.0,0.0031554814506044,0.0094664443518132,0.0189328887036265,0.0315548145060441,0.0094664443518132,0.0031554814506044,0.0063109629012088,0.0970873786407767,0.1553398058252427,0.2815533980582524,0.0,0.0,0.0,0.0194174757281553,0.0097087378640776,0.1067961165048543,0.0,0.0,0.0194174757281553,0.4507628294036061,0.4410540915395284,0.4646324549237171,0.4840499306518725,0.5201109570041609,0.5575589459084606,0.5852981969486825,0.6047156726768378,0.5686546463245493,0.5436893203883496,0.5214979195561721,0.5020804438280168,32,,,,,,,,,,,,,,,,,,,,,,,,,,,,,,,,,,,,,,,,,,,,,,,,
0.220426245210728,0.5051484674329503,0.2777777777777778,0.0830938697318007,0.0172413793103448,0.0217911877394636,0.0422653256704981,0.0269396551724137,0.3057950191570882,0.3647030651340997,0.1785201149425287,0.1931273946360153,0.0694205919132972,0.0473322217590662,0.1009754064193414,0.0063109629012088,0.0,0.0,0.0126219258024176,0.0126219258024176,0.0694205919132972,0.015777407253022,0.037865777407253,0.0063109629012088,0.145631067961165,0.1262135922330097,0.3106796116504854,0.0,0.0,0.0,0.0194174757281553,0.0097087378640776,0.2135922330097087,0.0194174757281553,0.058252427184466,0.0,0.4895977808599168,0.49375866851595,0.492371705963939,0.5020804438280168,0.5436893203883496,0.5672676837725382,0.5672676837725382,0.5839112343966714,0.6047156726768377,0.5880721220527046,0.5631067961165049,0.5395284327323163,32,,,,,,,,,,,,,,,,,,,,,,,,,,,,,,,,,,,,,,,,,,,,,,,,
0.2739463601532568,0.1561302681992337,0.5168821839080461,0.1190134099616858,0.1239224137931034,0.1315852490421456,0.1283524904214559,0.1138649425287356,0.0923132183908046,0.0170019157088122,0.0893199233716475,0.0314894636015325,0.0567986661108795,0.1987953313880783,0.0094664443518132,0.0094664443518132,0.0,0.0,0.0,0.0220883701542309,0.015777407253022,0.0063109629012088,0.0536431846602751,0.0,0.087378640776699,0.4563106796116505,0.0194174757281553,0.0,0.0,0.0,0.0,0.029126213592233,0.029126213592233,0.0194174757281553,0.1553398058252427,0.0,0.5436893203883496,0.5242718446601942,0.5187239944521499,0.5325936199722608,0.5506241331484051,0.5575589459084606,0.5825242718446603,0.5922330097087379,0.6047156726768378,0.5922330097087379,0.5631067961165048,0.535367545076283,32,,,,,,,,,,,,,,,,,,,,,,,,,,,,,,,,,,,,,,,,,,,,,,,,
0.0213122605363984,0.1240421455938697,0.2310823754789272,0.171455938697318,0.0936302681992337,0.115301724137931,0.1107519157088122,0.1721743295019157,0.15625,0.4732998084291189,0.1726532567049808,0.1034482758620689,0.0,0.0978199249687369,0.0,0.015777407253022,0.0031554814506044,0.0,0.0031554814506044,0.015777407253022,0.0725760733639016,0.0441767403084618,0.0031554814506044,0.0094664443518132,0.0,0.3203883495145631,0.0,0.029126213592233,0.0,0.0,0.0,0.0194174757281553,0.1067961165048543,0.0776699029126213,0.0,0.0097087378640776,0.5062413314840499,0.4868238557558945,0.4687933425797503,0.4646324549237171,0.4743411927877948,0.5062413314840499,0.5922330097087379,0.6130374479889044,0.5936199722607489,0.5575589459084606,0.5242718446601942,0.4993065187239945,32,,,,,,,,,,,,,,,,,,,,,,,,,,,,,,,,,,,,,,,,,,,,,,,,
0.270234674329502,0.5306513409961687,0.978448275862069,0.1922892720306514,0.1271551724137931,0.132183908045977,0.1809147509578544,0.123323754789272,0.1217672413793103,0.0603448275862069,0.0096982758620689,0.1484674329501916,0.1483076281784076,0.1640850354314297,0.0978199249687369,0.0094664443518132,0.0,0.0031554814506044,0.0094664443518132,0.015777407253022,0.0063109629012088,0.0,0.0,0.015777407253022,0.3495145631067961,0.3592233009708738,0.3106796116504854,0.0,0.0,0.0,0.029126213592233,0.0194174757281553,0.0097087378640776,0.0,0.0,0.0194174757281553,0.4882108183079057,0.4965325936199722,0.4840499306518725,0.4812760055478502,0.5048543689320389,0.5603328710124827,0.5728155339805825,0.5603328710124827,0.5589459084604715,0.5478502080443829,0.5048543689320389,0.4438280166435506,32,,,,,,,,,,,,,,,,,,,,,,,,,,,,,,,,,,,,,,,,,,,,,,,,
0.0689655172413793,0.0723180076628352,0.1694204980842912,0.1399664750957854,0.1479885057471265,0.1503831417624521,0.1734913793103449,0.2455699233716475,0.1528975095785441,0.1005747126436781,0.125,0.084051724137931,0.0,0.0,0.037865777407253,0.0,0.0,0.0,0.0,0.0220883701542309,0.0063109629012088,0.0063109629012088,0.0063109629012088,0.0,0.0,0.0,0.1067961165048543,0.0,0.0,0.0,0.0,0.0485436893203883,0.0097087378640776,0.0,0.0,0.0,0.4216366158113731,0.4271844660194175,0.4313453536754508,0.449375866851595,0.4840499306518725,0.5339805825242719,0.5547850208044384,0.579750346740638,0.5742024965325937,0.5575589459084606,0.4826629680998613,0.4715672676837725,32,,,,,,,,,,,,,,,,,,,,,,,,,,,,,,,,,,,,,,,,,,,,,,,,
0.1124281609195402,0.1069204980842912,0.1653496168582376,0.1404454022988506,0.1422413793103448,0.1489463601532567,0.1467911877394636,0.1779214559386973,0.146551724137931,0.1520593869731801,0.0977011494252873,0.2258141762452107,0.0126219258024176,0.0473322217590662,0.0094664443518132,0.0,0.0,0.0,0.0,0.0094664443518132,0.0094664443518132,0.0094664443518132,0.0,0.0220883701542309,0.0388349514563106,0.1359223300970873,0.0,0.0,0.0,0.0,0.0,0.0097087378640776,0.0194174757281553,0.0,0.0,0.058252427184466,0.4576976421636616,0.4521497919556173,0.4410540915395284,0.4479889042995839,0.4590846047156727,0.4826629680998613,0.4826629680998613,0.4979195561719834,0.5312066574202496,0.5131761442441054,0.4868238557558945,0.4687933425797503,32,,,,,,,,,,,,,,,,,,,,,,,,,,,,,,,,,,,,,,,,,,,,,,,,
0.1198515325670498,0.1075191570881226,0.1695402298850575,0.0811781609195402,0.1478687739463602,0.1610392720306513,0.1684626436781609,0.1995929118773947,0.1427203065133995,0.0965038314176245,0.1012931034482758,0.0762691570881226,0.0126219258024176,0.0252438516048353,0.0094664443518132,0.0031554814506044,0.0,0.0031554814506044,0.0,0.0126219258024176,0.0126219258024176,0.0063109629012088,0.0094664443518132,0.0,0.0194174757281553,0.1067961165048543,0.0,0.0,0.0,0.0,0.0,0.0,0.0388349514563106,0.0194174757281553,0.0,0.0097087378640776,0.490984743411928,0.4882108183079057,0.4674063800277393,0.4715672676837725,0.4618585298196949,0.5270457697642164,0.5755894590846048,0.5922330097087379,0.565880721220527,0.5464632454923718,0.5228848821081832,0.5006934812760055,32,,,,,,,,,,,,,,,,,,,,,,,,,,,,,,,,,,,,,,,,,,,,,,,,
0.0957854406130268,0.0872844827586207,0.1404454022988506,0.0866858237547893,0.166786398467433,0.1654693486590038,0.1698994252873563,0.2015086206896552,0.0905172413793103,0.1812739463601533,0.0421455938697318,0.0299329501915709,0.0220883701542309,0.0283993330554397,0.0063109629012088,0.0031554814506044,0.0,0.0,0.0,0.0094664443518132,0.0063109629012088,0.0094664443518132,0.0063109629012088,0.0031554814506044,0.058252427184466,0.1067961165048543,0.0,0.0,0.0,0.0,0.0,0.029126213592233,0.0,0.0194174757281553,0.0,0.0,0.4798890429958392,0.4715672676837725,0.4299583911234397,0.4479889042995839,0.5145631067961165,0.5339805825242719,0.5908460471567267,0.6116504854368932,0.6033287101248267,0.579750346740638,0.5062413314840499,0.4604715672676838,32,,,,,,,,,,,,,,,,,,,,,,,,,,,,,,,,,,,,,,,,,,,,,,,,
0.1706178160919541,0.1181752873563218,0.1143438697318007,0.1391283524904214,0.1234434865900383,0.1768438697318008,0.1888170498084291,0.1761254789272031,0.0911159003831417,0.0830938697318007,0.0525622605363984,0.0545977011494253,0.0220883701542309,0.0094664443518132,0.0252438516048353,0.0031554814506044,0.0,0.0,0.0031554814506044,0.0063109629012088,0.0,0.0063109629012088,0.0063109629012088,0.0031554814506044,0.087378640776699,0.0194174757281553,0.087378640776699,0.0,0.0,0.0,0.0,0.0194174757281553,0.0,0.0097087378640776,0.0,0.0,0.4257975034674064,0.4022191400832178,0.3966712898751734,0.4618585298196949,0.5603328710124827,0.6033287101248267,0.6352288488210819,0.6546463245492372,0.6560332871012483,0.6116504854368933,0.5742024965325937,0.5547850208044384,32,,,,,,,,,,,,,,,,,,,,,,,,,,,,,,,,,,,,,,,,,,,,,,,,
0.0662116858237548,0.0678879310344827,0.0592672413793103,0.014367816091954,0.0314894636015325,0.1409243295019157,0.1293103448275862,0.1375718390804598,0.2619731800766284,0.01352969348659,0.1452346743295019,0.0435823754789272,0.0031554814506044,0.0126219258024176,0.037865777407253,0.0063109629012088,0.0,0.0,0.0,0.0189328887036265,0.0220883701542309,0.0,0.0063109629012088,0.0063109629012088,0.0,0.0388349514563106,0.116504854368932,0.0,0.0,0.0,0.0,0.029126213592233,0.0097087378640776,0.0,0.0097087378640776,0.0194174757281553,0.5020804438280168,0.4812760055478502,0.4757281553398058,0.5381414701803051,0.5880721220527046,0.6269070735090153,0.6601941747572816,0.7004160887656034,0.7156726768377254,0.6754507628294038,0.6393897364771151,0.6102635228848822,32,,,,,,,,,,,,,,,,,,,,,,,,,,,,,,,,,,,,,,,,,,,,,,,,
0.1639128352490422,0.0636973180076628,0.0676484674329502,0.0136494252873563,0.0147270114942528,0.0131704980842911,0.0101772030651341,0.1544540229885057,0.087404214559387,0.541786398467433,0.3425526819923372,0.1139846743295019,0.015777407253022,0.0126219258024176,0.0315548145060441,0.0063109629012088,0.0,0.0,0.0,0.0094664443518132,0.1924843684868695,0.0410212588578574,0.0126219258024176,0.0441767403084618,0.0485436893203883,0.0194174757281553,0.0970873786407767,0.0,0.0,0.0,0.0,0.0194174757281553,0.4271844660194174,0.0388349514563106,0.0194174757281553,0.1262135922330097,0.5603328710124827,0.5395284327323163,0.564493758668516,0.5686546463245493,0.6310679611650486,0.6560332871012483,0.7170596393897366,0.739251040221914,0.7184466019417476,0.6227461858529821,0.5922330097087379,0.565880721220527,32,,,,,,,,,,,,,,,,,,,,,,,,,,,,,,,,,,,,,,,,,,,,,,,,
0.4440852490421457,0.1878591954022988,0.0959051724137931,0.0164032567049808,0.0168821839080459,0.0180795019157088,0.0180795019157088,0.0853687739463601,0.0896791187739463,0.1342193486590038,0.0246647509578544,0.0263409961685823,0.0694205919132972,0.0567986661108795,0.0126219258024176,0.0,0.0,0.0,0.0031554814506044,0.0031554814506044,0.0283993330554397,0.0189328887036265,0.0031554814506044,0.0252438516048353,0.1650485436893204,0.174757281553398,0.0097087378640776,0.0,0.0,0.0,0.0,0.0,0.0485436893203883,0.0485436893203883,0.0,0.087378640776699,0.5312066574202496,0.4979195561719834,0.4785020804438281,0.4882108183079057,0.5131761442441054,0.5450762829403606,0.5631067961165049,0.5728155339805825,0.565880721220527,0.5298196948682387,0.5048543689320389,0.4937586685159501,32,,,,,,,,,,,,,,,,,,,,,,,,,,,,,,,,,,,,,,,,,,,,,,,,
0.1342193486590038,0.5542385057471266,0.3217193486590039,0.2271312260536399,0.1236829501915709,0.2118055555555556,0.1727729885057471,0.1843869731800766,0.1032088122605364,0.0786637931034482,0.038433908045977,0.0247844827586206,0.0820425177157148,0.1104418507711546,0.0851979991663193,0.0094664443518132,0.0,0.0,0.0126219258024176,0.0126219258024176,0.0063109629012088,0.015777407253022,0.0094664443518132,0.0126219258024176,0.1553398058252427,0.3203883495145631,0.2718446601941747,0.0,0.0,0.0,0.029126213592233,0.0194174757281553,0.058252427184466,0.0194174757281553,0.0679611650485436,0.0194174757281553,0.4743411927877948,0.4687933425797503,0.4549237170596394,0.4785020804438281,0.5104022191400832,0.5284327323162274,0.5533980582524273,0.5825242718446603,0.5811373092926492,0.5631067961165049,0.5242718446601942,0.4826629680998613,32,,,,,,,,,,,,,,,,,,,,,,,,,,,,,,,,,,,,,,,,,,,,,,,,
0.0767480842911877,0.4852729885057472,0.3894875478927204,0.141044061302682,0.1404454022988506,0.1646312260536398,0.1684626436781609,0.1913314176245211,0.0299329501915709,0.0168821839080459,0.0173611111111111,0.1048850574712643,0.0599541475614839,0.1703959983326386,0.0631096290120883,0.0126219258024176,0.0,0.0,0.0126219258024176,0.0283993330554397,0.0126219258024176,0.0,0.0,0.0189328887036265,0.1941747572815534,0.4466019417475728,0.2135922330097087,0.0097087378640776,0.0,0.0,0.0194174757281553,0.0485436893203883,0.0,0.0,0.0,0.0194174757281553,0.4299583911234397,0.4022191400832178,0.3952843273231623,0.4757281553398058,0.5381414701803051,0.5478502080443829,0.5755894590846048,0.6158113730929267,0.6393897364771152,0.6005547850208044,0.5423023578363385,0.507628294036061,32,,,,,,,,,,,,,,,,,,,,,,,,,,,,,,,,,,,,,,,,,,,,,,,,
0.2125239463601533,0.0592672413793103,0.1716954022988506,0.1337404214559387,0.0162835249042145,0.092911877394636,0.1643917624521073,0.0991379310344827,0.1090756704980843,0.0738745210727969,0.038433908045977,0.0264607279693486,0.0252438516048353,0.0031554814506044,0.1199082951229679,0.0883534806169237,0.0,0.0,0.0,0.0126219258024176,0.0189328887036265,0.0283993330554397,0.0315548145060441,0.0725760733639016,0.0388349514563106,0.0,0.2815533980582524,0.2815533980582524,0.0,0.0,0.0,0.0194174757281553,0.0194174757281553,0.0679611650485436,0.0388349514563106,0.029126213592233,0.4854368932038835,0.4521497919556173,0.4438280166435506,0.5506241331484051,0.6005547850208044,0.6255201109570041,0.6865464632454924,0.7198335644937586,0.7295423023578363,0.6879334257975035,0.6393897364771151,0.5936199722607489,32,,,,,,,,,,,,,,,,,,,,,,,,,,,,,,,,,,,,,,,,,,,,,,,,
0.0956657088122605,0.1546934865900383,0.2270114942528736,0.0723180076628352,0.0195162835249042,0.0149664750957854,0.0195162835249042,0.1282327586206897,0.0988984674329502,0.0308908045977011,0.019037356321839,0.0634578544061302,0.0220883701542309,0.0820425177157148,0.0567986661108795,0.0126219258024176,0.0,0.0,0.0,0.0347102959566486,0.0473322217590662,0.0063109629012088,0.0,0.0189328887036265,0.058252427184466,0.2621359223300971,0.1844660194174757,0.0,0.0,0.0,0.0,0.0679611650485436,0.0679611650485436,0.0,0.0,0.0388349514563106,0.5672676837725382,0.4965325936199722,0.5034674063800277,0.5852981969486825,0.6463245492371706,0.6865464632454924,0.7087378640776699,0.7281553398058253,0.737864077669903,0.7087378640776699,0.6574202496532595,0.650485436893204,32,,,,,,,,,,,,,,,,,,,,,,,,,,,,,,,,,,,,,,,,,,,,,,,,
0.1018917624521073,0.4069683908045978,0.1574473180076628,0.1251197318007663,0.0187978927203065,0.0211925287356321,0.0613026819923371,0.0476532567049808,0.0187978927203065,0.0177203065134099,0.0470545977011494,0.2539511494252874,0.1041308878699458,0.0094664443518132,0.0788870362651104,0.0126219258024176,0.0,0.0,0.015777407253022,0.015777407253022,0.015777407253022,0.0,0.0031554814506044,0.0220883701542309,0.203883495145631,0.029126213592233,0.2233009708737864,0.0,0.0,0.0,0.0194174757281553,0.0388349514563106,0.0485436893203883,0.0,0.0,0.0485436893203883,0.5908460471567267,0.5395284327323163,0.5617198335644938,0.6116504854368932,0.651872399445215,0.7004160887656034,0.7239944521497921,0.7475728155339805,0.7503467406380028,0.7018030513176144,0.6393897364771152,0.6185852981969486,32,,,,,,,,,,,,,,,,,,,,,,,,,,,,,,,,,,,,,,,,,,,,,,,,
0.1149425287356322,0.171455938697318,0.2194683908045977,0.0537595785440613,0.0353208812260536,0.0247844827586206,0.0506465517241379,0.0221503831417624,0.0962643678160919,0.0516044061302682,0.2106082375478928,0.1302681992337165,0.0536431846602751,0.0915089620675281,0.0536431846602751,0.0315548145060441,0.0,0.0,0.0094664443518132,0.0063109629012088,0.015777407253022,0.0031554814506044,0.0631096290120883,0.0063109629012088,0.145631067961165,0.2233009708737864,0.1067961165048543,0.0970873786407767,0.0,0.0,0.0194174757281553,0.0,0.0388349514563106,0.0,0.0485436893203883,0.0194174757281553,0.6185852981969487,0.5839112343966713,0.5603328710124827,0.5977808599167822,0.6282940360610264,0.6546463245492372,0.6699029126213593,0.6879334257975035,0.6990291262135924,0.6546463245492372,0.6490984743411928,0.6061026352288489,32,,,,,,,,,,,,,,,,,,,,,,,,,,,,,,,,,,,,,,,,,,,,,,,,
0.1506226053639847,0.1433189655172414,0.1701388888888889,0.3742816091954024,0.0238266283524904,0.0226293103448275,0.0548371647509578,0.0192768199233716,0.0790229885057471,0.0415469348659004,0.3799090038314177,0.291786398467433,0.0725760733639016,0.075731554814506,0.0788870362651104,0.0031554814506044,0.0031554814506044,0.0,0.0126219258024176,0.0063109629012088,0.0410212588578574,0.0441767403084618,0.0283993330554397,0.0473322217590662,0.2524271844660194,0.1941747572815534,0.2135922330097087,0.0,0.0,0.0,0.029126213592233,0.0,0.0679611650485436,0.0,0.0194174757281553,0.0388349514563106,0.5852981969486825,0.5547850208044384,0.5214979195561721,0.5603328710124827,0.5769764216366159,0.6047156726768378,0.6449375866851595,0.6449375866851595,0.653259361997226,0.6324549237170597,0.6061026352288489,0.5700416088765604,32,,,,,,,,,,,,,,,,,,,,,,,,,,,,,,,,,,,,,,,,,,,,,,,,
0.0816570881226053,0.0804597701149425,0.198036398467433,0.0652538314176245,0.0222701149425287,0.0164032567049808,0.0557950191570881,0.0123323754789272,0.1033285440613027,0.0195162835249042,0.0611829501915708,0.068007662835249,0.0820425177157148,0.113597332221759,0.0725760733639016,0.0094664443518132,0.0,0.0031554814506044,0.0189328887036265,0.0,0.0189328887036265,0.0220883701542309,0.0063109629012088,0.0347102959566486,0.2233009708737864,0.3203883495145631,0.2233009708737864,0.0,0.0,0.0,0.029126213592233,0.0,0.0388349514563106,0.0194174757281553,0.0097087378640776,0.0388349514563106,0.5214979195561721,0.4979195561719834,0.4785020804438281,0.5006934812760055,0.5339805825242719,0.5686546463245493,0.6088765603328712,0.6255201109570042,0.6324549237170597,0.6241331484049931,0.5714285714285715,0.5450762829403606,32,,,,,,,,,,,,,,,,,,,,,,,,,,,,,,,,,,,,,,,,,,,,,,,,
0.225933908045977,0.2054597701149426,0.2590996168582376,0.3494971264367816,0.0203544061302682,0.0195162835249042,0.0438218390804597,0.2804118773946361,0.1485871647509579,0.0721982758620689,0.0999760536398467,0.1760057471264368,0.1041308878699458,0.0315548145060441,0.1009754064193414,0.0094664443518132,0.0,0.0,0.0126219258024176,0.0031554814506044,0.0220883701542309,0.0189328887036265,0.0347102959566486,0.0536431846602751,0.1067961165048543,0.0970873786407767,0.2718446601941747,0.0097087378640776,0.0,0.0,0.0194174757281553,0.0,0.0388349514563106,0.0679611650485436,0.087378640776699,0.145631067961165,0.5062413314840499,0.4882108183079057,0.4479889042995839,0.5020804438280168,0.5228848821081832,0.564493758668516,0.6116504854368933,0.6324549237170596,0.6282940360610264,0.5963938973647712,0.5617198335644938,0.5381414701803051,32,,,,,,,,,,,,,,,,,,,,,,,,,,,,,,,,,,,,,,,,,,,,,,,,
0.1088362068965517,0.179477969348659,0.2480842911877395,0.1381704980842912,0.0504070881226053,0.0405890804597701,0.0419061302681992,0.1187739463601532,0.1141044061302682,0.0319683908045977,0.0383141762452107,0.1164990421455938,0.037865777407253,0.0788870362651104,0.0946644435181325,0.0189328887036265,0.0315548145060441,0.0,0.0126219258024176,0.0252438516048353,0.0220883701542309,0.0094664443518132,0.015777407253022,0.0978199249687369,0.0970873786407767,0.1844660194174757,0.2621359223300971,0.0194174757281553,0.0097087378640776,0.0,0.0194174757281553,0.058252427184466,0.0194174757281553,0.0097087378640776,0.0097087378640776,0.203883495145631,0.4965325936199722,0.4715672676837725,0.4535367545076283,0.5214979195561721,0.5755894590846048,0.6088765603328712,0.6324549237170597,0.6615811373092927,0.6962552011095702,0.6338418862690708,0.6227461858529821,0.6158113730929267,32,,,,,,,,,,,,,,,,,,,,,,,,,,,,,,,,,,,,,,,,,,,,,,,,
0.0755507662835249,0.2300047892720307,0.240301724137931,0.0348419540229885,0.0469348659003831,0.0228687739463601,0.0251436781609195,0.1732519157088123,0.1196120689655172,0.1861829501915709,0.1386494252873563,0.121647509578544,0.0126219258024176,0.1577740725302209,0.0189328887036265,0.0063109629012088,0.0126219258024176,0.0,0.0031554814506044,0.0599541475614839,0.0694205919132972,0.0220883701542309,0.0283993330554397,0.0283993330554397,0.0097087378640776,0.4466019417475728,0.0194174757281553,0.0,0.0194174757281553,0.0,0.0,0.0970873786407767,0.145631067961165,0.058252427184466,0.0679611650485436,0.0194174757281553,0.6088765603328712,0.5839112343966714,0.5728155339805825,0.6088765603328712,0.6435506241331486,0.6712898751733705,0.5908460471567268,0.564493758668516,0.5700416088765604,0.5672676837725382,0.5769764216366159,0.5825242718446603,32,,,,,,,,,,,,,,,,,,,,,,,,,,,,,,,,,,,,,,,,,,,,,,,,
0.1733716475095785,0.372844827586207,0.6375718390804599,0.1125478927203065,0.0284961685823754,0.0231082375478927,0.0307710727969348,0.1408045977011494,0.1527777777777778,0.1175766283524904,0.2777777777777778,0.3409961685823756,0.0504877032096707,0.2303501458941225,0.037865777407253,0.0189328887036265,0.0,0.0,0.0031554814506044,0.0441767403084618,0.0441767403084618,0.0315548145060441,0.037865777407253,0.0410212588578574,0.2135922330097087,0.6213592233009708,0.0388349514563106,0.0,0.0,0.0,0.0,0.0679611650485436,0.0776699029126213,0.087378640776699,0.029126213592233,0.1067961165048543,0.5714285714285715,0.5631067961165048,0.5561719833564495,0.5714285714285715,0.5769764216366158,0.6061026352288489,0.6088765603328712,0.6255201109570042,0.664355062413315,0.653259361997226,0.6116504854368932,0.5908460471567268,32,,,,,,,,,,,,,,,,,,,,,,,,,,,,,,,,,,,,,,,,,,,,,,,,
0.3488984674329503,0.3075909961685825,0.2599377394636016,0.0850095785440613,0.0306513409961685,0.0210727969348659,0.0755507662835249,0.0719588122605364,0.0793821839080459,0.0520833333333333,0.1156609195402299,0.1904932950191571,0.0567986661108795,0.113597332221759,0.075731554814506,0.0031554814506044,0.0,0.0,0.0252438516048353,0.015777407253022,0.037865777407253,0.037865777407253,0.0410212588578574,0.0315548145060441,0.145631067961165,0.3106796116504854,0.1941747572815534,0.0097087378640776,0.0,0.0,0.0388349514563106,0.0194174757281553,0.0970873786407767,0.0,0.1262135922330097,0.058252427184466,0.5755894590846048,0.5423023578363385,0.5187239944521499,0.5464632454923718,0.5866851595006934,0.6088765603328712,0.6199722607489598,0.6324549237170596,0.6255201109570041,0.5561719833564495,0.5436893203883496,0.4965325936199722,32,,,,,,,,,,,,,,,,,,,,,,,,,,,,,,,,,,,,,,,,,,,,,,,,
0.1950431034482758,0.2564655172413794,0.2470067049808429,0.0602250957854406,0.0275383141762452,0.0192768199233716,0.0687260536398467,0.3298611111111112,0.4365421455938698,0.2182710727969349,0.1023706896551724,0.208213601532567,0.0631096290120883,0.1230637765735723,0.037865777407253,0.015777407253022,0.0,0.0,0.0189328887036265,0.0851979991663193,0.0347102959566486,0.0347102959566486,0.0063109629012088,0.0283993330554397,0.1553398058252427,0.3398058252427184,0.1067961165048543,0.0194174757281553,0.0,0.0,0.0194174757281553,0.145631067961165,0.0194174757281553,0.0485436893203883,0.0097087378640776,0.058252427184466,0.4840499306518725,0.4993065187239945,0.5048543689320389,0.5339805825242719,0.5742024965325937,0.6158113730929267,0.651872399445215,0.6366158113730931,0.6490984743411928,0.5700416088765604,0.5436893203883496,0.5395284327323163,32,,,,,,,,,,,,,,,,,,,,,,,,,,,,,,,,,,,,,,,,,,,,,,,,
0.2497605363984675,0.1951628352490422,0.2254549808429119,0.0802203065134099,0.0490900383141762,0.040110153256705,0.0713601532567049,0.345426245210728,0.0451388888888888,0.0434626436781609,0.1148227969348659,0.0757902298850574,0.0347102959566486,0.0915089620675281,0.0725760733639016,0.015777407253022,0.0063109629012088,0.0,0.0441767403084618,0.0504877032096707,0.0410212588578574,0.0189328887036265,0.015777407253022,0.0315548145060441,0.145631067961165,0.2524271844660194,0.2135922330097087,0.0194174757281553,0.0,0.0,0.0970873786407767,0.0970873786407767,0.0388349514563106,0.029126213592233,0.0679611650485436,0.0388349514563106,0.5034674063800277,0.4757281553398058,0.4785020804438281,0.5242718446601942,0.5506241331484051,0.5991678224687934,0.6171983356449376,0.6407766990291263,0.6449375866851595,0.6213592233009709,0.5894590846047157,0.5742024965325937,32,,,,,,,,,,,,,,,,,,,,,,,,,,,,,,,,,,,,,,,,,,,,,,,,
0.2236590038314177,0.5416666666666667,0.5784243295019159,0.0458572796934865,0.037595785440613,0.0255028735632183,0.0584291187739463,0.1398467432950192,0.1094348659003831,0.1344588122605364,0.4163074712643679,0.1550526819923371,0.1104418507711546,0.1987953313880783,0.0126219258024176,0.0063109629012088,0.0031554814506044,0.0,0.015777407253022,0.0536431846602751,0.0347111296373488,0.0883534806169237,0.0063109629012088,0.0410212588578574,0.3495145631067961,0.3883495145631068,0.0097087378640776,0.0,0.0,0.0,0.029126213592233,0.1262135922330097,0.087378640776699,0.0970873786407767,0.0097087378640776,0.1067961165048543,0.5159500693481277,0.5076282940360611,0.5006934812760057,0.5672676837725382,0.6241331484049931,0.6782246879334259,0.7073509015256588,0.7683772538141471,0.7669902912621359,0.7295423023578363,0.6615811373092927,0.6629680998613038,32,,,,,,,,,,,,,,,,,,,,,,,,,,,,,,,,,,,,,,,,,,,,,,,,
0.1615181992337165,0.3835009578544062,0.265205938697318,0.0500478927203065,0.0313697318007662,0.0302921455938697,0.0520833333333333,0.1578065134099617,0.0730363984674329,0.2852011494252874,0.10727969348659,0.1957614942528736,0.0978199249687369,0.1199082951229679,0.0189328887036265,0.0,0.0,0.0,0.0189328887036265,0.037865777407253,0.0567986661108795,0.0063109629012088,0.0094664443518132,0.0883534806169237,0.2621359223300971,0.2815533980582524,0.0097087378640776,0.0,0.0,0.0,0.0388349514563106,0.0679611650485436,0.0388349514563106,0.0,0.0194174757281553,0.233009708737864,0.6144244105409155,0.5936199722607489,0.5325936199722608,0.650485436893204,0.6934812760055479,0.7239944521497921,0.7572815533980582,0.8085991678224688,0.8321775312066575,0.8280166435506242,0.7309292649098476,0.6338418862690708,32,,,,,,,,,,,,,,,,,,,,,,,,,,,,,,,,,,,,,,,,,,,,,,,,
0.0789032567049808,0.1534961685823755,0.217911877394636,0.0423850574712643,0.0602250957854406,0.0313697318007662,0.0280172413793103,0.1493055555555556,0.1458333333333333,0.1131465517241379,0.0792624521072797,0.1400862068965517,0.0063109629012088,0.0820425177157148,0.0347102959566486,0.0,0.0126219258024176,0.0,0.0031554814506044,0.0599541475614839,0.075731554814506,0.0126219258024176,0.0599541475614839,0.0315548145060441,0.0388349514563106,0.233009708737864,0.0388349514563106,0.0,0.029126213592233,0.0,0.0,0.1262135922330097,0.1941747572815534,0.0,0.0097087378640776,0.0970873786407767,0.578363384188627,0.5520110957004161,0.5464632454923718,0.578363384188627,0.6185852981969487,0.6768377253814147,0.7128987517337033,0.7337031900138697,0.7142857142857143,0.6879334257975035,0.6477115117891817,0.6352288488210819,32,,,,,,,,,,,,,,,,,,,,,,,,,,,,,,,,,,,,,,,,,,,,,,,,
0.5668103448275863,0.2405411877394636,0.2164750957854407,0.0405890804597701,0.0225095785440613,0.0307710727969348,0.1948036398467433,0.1149425287356322,0.0702825670498084,0.0886015325670498,0.1101532567049808,0.0592672413793103,0.0504877032096707,0.1262192580241767,0.0694205919132972,0.0,0.0,0.0126219258024176,0.0347102959566486,0.0063109629012088,0.0220883701542309,0.0189328887036265,0.0063109629012088,0.0126219258024176,0.0970873786407767,0.3883495145631068,0.145631067961165,0.0,0.0,0.0097087378640776,0.0485436893203883,0.0,0.0388349514563106,0.0097087378640776,0.0388349514563106,0.0194174757281553,0.6296809986130376,0.6116504854368933,0.5866851595006934,0.5769764216366159,0.6019417475728157,0.6393897364771152,0.6851595006934814,0.7115117891816921,0.6532593619972261,0.6116504854368933,0.5811373092926492,0.5561719833564495,32,,,,,,,,,,,,,,,,,,,,,,,,,,,,,,,,,,,,,,,,,,,,,,,,
0.1041666666666666,0.1700191570881226,0.1827107279693487,0.0094588122605364,0.005507662835249,0.0090996168582375,0.0416666666666666,0.0720785440613027,0.2806513409961687,0.0862068965517241,0.0772270114942529,0.173132183908046,0.0883534806169237,0.0599541475614839,0.0189328887036265,0.0031554814506044,0.0,0.0,0.0189328887036265,0.0126219258024176,0.015777407253022,0.0189328887036265,0.0252438516048353,0.0441767403084618,0.2233009708737864,0.1844660194174757,0.0194174757281553,0.0,0.0,0.0,0.0194174757281553,0.029126213592233,0.0194174757281553,0.0679611650485436,0.0194174757281553,0.1262135922330097,0.5062413314840499,0.5020804438280168,0.5006934812760055,0.5076282940360611,0.5270457697642164,0.5742024965325937,0.6185852981969487,0.6601941747572815,0.6546463245492372,0.6324549237170597,0.5894590846047157,0.5686546463245493,32,,,,,,,,,,,,,,,,,,,,,,,,,,,,,,,,,,,,,,,,,,,,,,,,
0.5320881226053641,0.3348898467432951,0.2654454022988506,0.0348419540229885,0.0077825670498084,0.0100574712643678,0.1041666666666666,0.0902777777777778,0.1378113026819924,0.0051484674329501,0.121647509578544,0.2556273946360154,0.0189328887036265,0.1388411838265944,0.0252438516048353,0.0,0.0,0.0,0.0189328887036265,0.0189328887036265,0.0031554814506044,0.0,0.0094664443518132,0.0126219258024176,0.029126213592233,0.4271844660194174,0.0097087378640776,0.0,0.0,0.0,0.0194174757281553,0.0194174757281553,0.029126213592233,0.0,0.0,0.0485436893203883,0.5589459084604715,0.5395284327323163,0.5256588072122054,0.5367545076282941,0.5575589459084606,0.6255201109570041,0.6269070735090153,0.6282940360610264,0.6102635228848822,0.579750346740638,0.564493758668516,0.5575589459084606,32,,,,,,,,,,,,,,,,,,,,,,,,,,,,,,,,,,,,,,,,,,,,,,,,
0.132183908045977,0.1924090038314176,0.1627155172413793,0.0692049808429118,0.0233477011494252,0.0277777777777777,0.0967432950191571,0.1521791187739463,0.0538793103448276,0.0542385057471264,0.0211925287356321,0.0778256704980843,0.015777407253022,0.1388411838265944,0.037865777407253,0.0063109629012088,0.0031554814506044,0.0,0.0094664443518132,0.0441767403084618,0.0094664443518132,0.0,0.0126219258024176,0.0347102959566486,0.0097087378640776,0.3592233009708738,0.116504854368932,0.0,0.0,0.0,0.0,0.0776699029126213,0.0097087378640776,0.0,0.0097087378640776,0.0194174757281553,0.5506241331484051,0.5520110957004161,0.5603328710124827,0.565880721220527,0.5866851595006934,0.6019417475728157,0.6199722607489598,0.6712898751733705,0.6754507628294038,0.667128987517337,0.6463245492371706,0.6324549237170596,32,,,,,,,,,,,,,,,,,,,,,,,,,,,,,,,,,,,,,,,,,,,,,,,,
0.3518917624521073,0.1993534482758621,0.2119252873563218,0.0714798850574712,0.0122126436781609,0.0059865900383141,0.0076628352490421,0.130507662835249,0.0670498084291187,0.0480124521072797,0.0380747126436781,0.0735153256704981,0.0694205919132972,0.1167528136723635,0.0094664443518132,0.0315548145060441,0.0,0.0,0.0,0.0283993330554397,0.037865777407253,0.0094664443518132,0.0252438516048353,0.0946644435181325,0.1650485436893204,0.3203883495145631,0.0097087378640776,0.0970873786407767,0.0,0.0,0.0,0.0485436893203883,0.087378640776699,0.0194174757281553,0.087378640776699,0.203883495145631,0.6158113730929267,0.5936199722607489,0.5922330097087379,0.6047156726768378,0.6449375866851595,0.6990291262135924,0.7447988904299585,0.7489597780859918,0.7350901525658807,0.6934812760055479,0.6366158113730931,0.5700416088765604,32,,,,,,,,,,,,,,,,,,,,,,,,,,,,,,,,,,,,,,,,,,,,,,,,
0.2540708812260537,0.7355124521072798,0.3154932950191572,0.213242337164751,0.1767241379310345,0.1974377394636015,0.180316091954023,0.2642480842911878,0.158764367816092,0.1042863984674329,0.0517241379310344,0.1793582375478928,0.0504877032096707,0.1262192580241767,0.0283993330554397,0.0094664443518132,0.0,0.0,0.0126219258024176,0.0189328887036265,0.0410212588578574,0.0504877032096707,0.0031554814506044,0.0220883701542309,0.203883495145631,0.4174757281553398,0.1067961165048543,0.0,0.0,0.0,0.029126213592233,0.029126213592233,0.1359223300970873,0.029126213592233,0.0,0.0388349514563106,0.4382801664355062,0.4438280166435506,0.4466019417475729,0.4479889042995839,0.4785020804438281,0.5062413314840499,0.5755894590846048,0.5963938973647712,0.579750346740638,0.549237170596394,0.5395284327323163,0.5090152565880722,32,,,,,,,,,,,,,,,,,,,,,,,,,,,,,,,,,,,,,,,,,,,,,,,,
0.1760057471264368,0.3376436781609196,0.255028735632184,0.2157567049808429,0.0900383141762452,0.1666666666666667,0.1546934865900383,0.1934865900383142,0.1476293103448276,0.1973180076628353,0.2210249042145594,0.4364224137931036,0.0441767403084618,0.0788870362651104,0.0504877032096707,0.0252438516048353,0.0,0.0,0.0094664443518132,0.0126219258024176,0.0094664443518132,0.0031554814506044,0.0031554814506044,0.0504877032096707,0.1262135922330097,0.2621359223300971,0.2135922330097087,0.029126213592233,0.0,0.0,0.0194174757281553,0.0194174757281553,0.0194174757281553,0.0,0.0,0.1844660194174757,0.5104022191400832,0.492371705963939,0.492371705963939,0.4993065187239945,0.40499306518724,0.4036061026352289,0.4133148404993065,0.4632454923717061,0.4466019417475729,0.4244105409153953,0.3744798890429959,0.3425797503467407,32,,,,,,,,,,,,,,,,,,,,,,,,,,,,,,,,,,,,,,,,,,,,,,,,
0.5167624521072798,0.2690373563218391,0.3090277777777778,0.2318007662835249,0.2264128352490421,0.2152777777777778,0.2869971264367817,0.2189894636015326,0.1228448275862068,0.1003352490421456,0.0445402298850574,0.1999521072796935,0.0725760733639016,0.1009754064193414,0.0031554814506044,0.0504877032096707,0.0031554814506044,0.0,0.0126219258024176,0.0031554814506044,0.0220883701542309,0.0536431846602751,0.0,0.0315548145060441,0.2135922330097087,0.3398058252427184,0.0,0.1359223300970873,0.0,0.0,0.0194174757281553,0.0,0.0679611650485436,0.029126213592233,0.0,0.087378640776699,0.3453536754507628,0.2940360610263523,0.2981969486823856,0.3453536754507628,0.4077669902912622,0.4438280166435506,0.4576976421636616,0.4646324549237171,0.4549237170596394,0.4299583911234397,0.4119278779472954,0.3717059639389737,32,,,,,,,,,,,,,,,,,,,,,,,,,,,,,,,,,,,,,,,,,,,,,,,,
0.3966714559386973,0.3449473180076629,0.5021551724137931,0.1645114942528736,0.1934865900383142,0.1936063218390805,0.2875957854406131,0.2861590038314177,0.1221264367816092,0.1672653256704981,0.102610153256705,0.1367337164750958,0.037865777407253,0.0694205919132972,0.0946644435181325,0.0126219258024176,0.0,0.0,0.0126219258024176,0.0063109629012088,0.0315548145060441,0.0126219258024176,0.0031554814506044,0.0410212588578574,0.0776699029126213,0.2233009708737864,0.3980582524271844,0.0,0.0,0.0,0.0194174757281553,0.0097087378640776,0.058252427184466,0.0,0.0,0.1067961165048543,0.3356449375866852,0.3370319001386962,0.3550624133148405,0.3841886269070735,0.4174757281553398,0.4410540915395284,0.4854368932038835,0.4826629680998613,0.4826629680998613,0.4549237170596394,0.4257975034674064,0.3744798890429959,32,,,,,,,,,,,,,,,,,,,,,,,,,,,,,,,,,,,,,,,,,,,,,,,,
0.0562739463601532,0.1933668582375479,0.5004789272030653,0.3718869731800767,0.1896551724137931,0.243654214559387,0.2219827586206897,0.2713122605363985,0.1087164750957854,0.0168821839080459,0.1455938697318008,0.0571120689655172,0.0504877032096707,0.1356857023759899,0.0126219258024176,0.0,0.0,0.0,0.0031554814506044,0.0220883701542309,0.0220883701542309,0.0031554814506044,0.0031554814506044,0.0567986661108795,0.233009708737864,0.3883495145631068,0.0,0.0,0.0,0.0,0.0,0.058252427184466,0.0485436893203883,0.0097087378640776,0.0,0.2135922330097087,0.3356449375866852,0.3217753120665743,0.3439667128987517,0.377253814147018,0.4119278779472954,0.4590846047156727,0.4785020804438281,0.5159500693481277,0.5187239944521499,0.4687933425797503,0.4327323162274619,0.3647711511789182,32,,,,,,,,,,,,,,,,,,,,,,,,,,,,,,,,,,,,,,,,,,,,,,,,
0.1008141762452107,0.2432950191570881,0.2564655172413794,0.3403975095785441,0.1965996168582375,0.2321599616858238,0.2145593869731801,0.2461685823754789,0.1772030651340996,0.0817768199233716,0.0049090038314176,0.0516044061302682,0.0883534806169237,0.0410212588578574,0.0410212588578574,0.0063109629012088,0.0,0.0,0.0,0.0315548145060441,0.0063109629012088,0.0,0.0031554814506044,0.0094664443518132,0.2427184466019417,0.1262135922330097,0.1650485436893204,0.0097087378640776,0.0,0.0,0.0,0.058252427184466,0.0,0.0,0.0,0.0097087378640776,0.3467406380027739,0.319001386962552,0.3079056865464633,0.3314840499306519,0.4396671289875174,0.4895977808599168,0.5228848821081832,0.535367545076283,0.5270457697642164,0.4979195561719834,0.4757281553398058,0.4271844660194175,32,,,,,,,,,,,,,,,,,,,,,,,,,,,,,,,,,,,,,,,,,,,,,,,,
0.0255028735632183,0.1203304597701149,0.2726293103448276,0.1943247126436782,0.1766044061302682,0.1928879310344828,0.2083333333333334,0.2253352490421456,0.0834530651340996,0.0284961685823754,0.008022030651341,0.0101772030651341,0.0189328887036265,0.1041308878699458,0.0031554814506044,0.0126219258024176,0.0,0.0031554814506044,0.0,0.0063109629012088,0.0473322217590662,0.0,0.0,0.0,0.0679611650485436,0.3980582524271844,0.0,0.0097087378640776,0.0,0.0,0.0,0.0,0.1553398058252427,0.0,0.0,0.0,0.4008321775312067,0.3647711511789182,0.3647711511789182,0.3938973647711511,0.5034674063800277,0.5450762829403606,0.5617198335644938,0.5617198335644938,0.5409153952843274,0.4937586685159501,0.4687933425797503,0.4715672676837725,32,,,,,,,,,,,,,,,,,,,,,,,,,,,,,,,,,,,,,,,,,,,,,,,,
0.0090996168582375,0.0851293103448276,0.2249760536398468,0.1944444444444445,0.1278735632183908,0.0827346743295019,0.1666666666666667,0.1458333333333333,0.1283524904214559,0.0165229885057471,0.0944683908045977,0.0921934865900383,0.0,0.0725760733639016,0.0631096290120883,0.0063109629012088,0.0,0.0,0.0,0.0063109629012088,0.0126219258024176,0.0189328887036265,0.0031554814506044,0.0473322217590662,0.0,0.1941747572815534,0.233009708737864,0.0,0.0,0.0,0.0,0.0,0.0485436893203883,0.0097087378640776,0.0485436893203883,0.087378640776699,0.4715672676837725,0.4660194174757282,0.420249653259362,0.4618585298196949,0.5492371705963939,0.5922330097087379,0.6005547850208044,0.6421636615811374,0.6449375866851595,0.5686546463245493,0.5256588072122054,0.5589459084604715,32,,,,,,,,,,,,,,,,,,,,,,,,,,,,,,,,,,,,,,,,,,,,,,,,
0.2898706896551725,0.2025862068965517,0.2222222222222223,0.0844109195402298,0.0095785440613026,0.0116139846743295,0.0938697318007663,0.1221264367816092,0.1579262452107279,0.2545498084291188,0.1572078544061303,0.1859434865900384,0.0283993330554397,0.0820425177157148,0.0662651104626927,0.0347102959566486,0.0,0.0,0.0031554814506044,0.037865777407253,0.0126219258024176,0.0504877032096707,0.0252438516048353,0.0283993330554397,0.0679611650485436,0.2621359223300971,0.2524271844660194,0.087378640776699,0.0,0.0,0.0,0.1067961165048543,0.0194174757281553,0.145631067961165,0.0097087378640776,0.0970873786407767,0.5284327323162274,0.4840499306518725,0.4687933425797503,0.492371705963939,0.5117891816920944,0.5520110957004161,0.6005547850208044,0.6782246879334259,0.6560332871012483,0.6324549237170597,0.6227461858529821,0.5617198335644938,32,,,,,,,,,,,,,,,,,,,,,,,,,,,,,,,,,,,,,,,,,,,,,,,,
0.2252155172413793,0.1962404214559387,0.1877394636015326,0.0907567049808429,0.0111350574712643,0.075191570881226,0.1778017241379311,0.102610153256705,0.0166427203065134,0.1047653256704981,0.0979406130268199,0.2362308429118775,0.1009754064193414,0.1072863693205502,0.0504877032096707,0.0126219258024176,0.0,0.0,0.015777407253022,0.015777407253022,0.0126219258024176,0.0063109629012088,0.0031554814506044,0.0599541475614839,0.3203883495145631,0.3300970873786408,0.1359223300970873,0.0097087378640776,0.0,0.0,0.029126213592233,0.0485436893203883,0.0097087378640776,0.0097087378640776,0.0,0.174757281553398,0.5284327323162274,0.5353675450762829,0.5187239944521499,0.5173370319001387,0.5423023578363385,0.5325936199722608,0.5104022191400832,0.492371705963939,0.5006934812760055,0.5048543689320389,0.490984743411928,0.4757281553398058,32,,,,,,,,,,,,,,,,,,,,,,,,,,,,,,,,,,,,,,,,,,,,,,,,
0.4621647509578545,0.1785201149425287,0.2808908045977012,0.5211925287356323,0.1530172413793104,0.0886015325670498,0.2076149425287356,0.0866858237547893,0.1181752873563218,0.011015325670498,0.0487308429118774,0.07602969348659,0.0631096290120883,0.1293747394747811,0.0473322217590662,0.0094664443518132,0.0,0.0,0.0189328887036265,0.0,0.0283993330554397,0.0031554814506044,0.0063109629012088,0.0126219258024176,0.2135922330097087,0.3106796116504854,0.1553398058252427,0.0,0.0,0.0,0.0388349514563106,0.0,0.0776699029126213,0.0,0.0194174757281553,0.0194174757281553,0.4590846047156727,0.4368932038834952,0.4590846047156727,0.4757281553398058,0.5104022191400832,0.5769764216366159,0.6019417475728157,0.5894590846047157,0.5312066574202496,0.5006934812760055,0.4868238557558946,0.4618585298196949,32,,,,,,,,,,,,,,,,,,,,,,,,,,,,,,,,,,,,,,,,,,,,,,,,
0.1163793103448276,0.3162116858237548,0.2546695402298851,0.0158045977011494,0.0111350574712643,0.1896551724137931,0.1746886973180077,0.1861829501915709,0.0414272030651341,0.0314894636015325,0.4394157088122606,0.0806992337164751,0.0347102959566486,0.1293747394747811,0.0315548145060441,0.0031554814506044,0.0,0.0031554814506044,0.0126219258024176,0.0063109629012088,0.0220883701542309,0.0441767403084618,0.015777407253022,0.015777407253022,0.145631067961165,0.4368932038834951,0.087378640776699,0.0,0.0,0.0,0.029126213592233,0.0,0.0679611650485436,0.029126213592233,0.0,0.029126213592233,0.4424410540915395,0.4216366158113732,0.418862690707351,0.4479889042995839,0.4687933425797503,0.5020804438280168,0.5409153952843274,0.5755894590846048,0.5866851595006934,0.5464632454923718,0.5201109570041609,0.5117891816920944,32,,,,,,,,,,,,,,,,,,,,,,,,,,,,,,,,,,,,,,,,,,,,,,,,
0.190852490421456,0.317528735632184,0.1940852490421456,0.101772030651341,0.1132662835249042,0.1940852490421456,0.1420019157088122,0.2232998084291188,0.1381704980842912,0.2423371647509579,0.2965756704980843,0.0391522988505747,0.0410212588578574,0.0788870362651104,0.0978199249687369,0.0126219258024176,0.0,0.0,0.0,0.0315548145060441,0.0063109629012088,0.0504877032096707,0.015777407253022,0.0063109629012088,0.174757281553398,0.1844660194174757,0.3398058252427184,0.0,0.0,0.0,0.0,0.0679611650485436,0.0097087378640776,0.0485436893203883,0.0097087378640776,0.0097087378640776,0.4826629680998613,0.4147018030513176,0.4355062413314841,0.4729542302357836,0.5006934812760057,0.5312066574202496,0.5575589459084606,0.6033287101248267,0.6116504854368933,0.5423023578363384,0.5201109570041609,0.5187239944521499,32,,,,,,,,,,,,,,,,,,,,,,,,,,,,,,,,,,,,,,,,,,,,,,,,
0.0811781609195402,0.1192528735632184,0.1424808429118774,0.0878831417624521,0.1737308429118774,0.1088362068965517,0.1495450191570881,0.1785201149425287,0.1922892720306514,0.522749042145594,0.4929358237547893,0.0876436781609195,0.0252438516048353,0.0,0.0694205919132972,0.0,0.0094664443518132,0.0,0.0,0.037865777407253,0.1009754064193414,0.0788870362651104,0.0631096290120883,0.0031554814506044,0.0679611650485436,0.0097087378640776,0.2135922330097087,0.0,0.0194174757281553,0.0,0.0,0.1359223300970873,0.2912621359223301,0.0485436893203883,0.174757281553398,0.0,0.4687933425797503,0.4674063800277393,0.4563106796116506,0.4632454923717061,0.5020804438280168,0.5631067961165049,0.6005547850208044,0.6033287101248267,0.6241331484049931,0.60748959778086,0.5395284327323163,0.5256588072122054,32,,,,,,,,,,,,,,,,,,,,,,,,,,,,,,,,,,,,,,,,,,,,,,,,
0.0132902298850574,0.202705938697318,0.1358955938697318,0.1356561302681992,0.0757902298850575,0.1302681992337165,0.2011494252873563,0.1255986590038314,0.1933668582375479,0.0463362068965517,0.1176963601532567,0.1029693486590038,0.0,0.0725760733639016,0.0473322217590662,0.0252438516048353,0.0,0.0,0.0189328887036265,0.0063109629012088,0.0189328887036265,0.0063109629012088,0.0063109629012088,0.0252438516048353,0.0,0.2233009708737864,0.174757281553398,0.029126213592233,0.0,0.0,0.0388349514563106,0.0,0.0388349514563106,0.0194174757281553,0.0097087378640776,0.0485436893203883,0.5104022191400832,0.4854368932038835,0.4618585298196949,0.4646324549237171,0.4687933425797503,0.5159500693481277,0.5977808599167822,0.6116504854368932,0.564493758668516,0.5214979195561721,0.490984743411928,0.4507628294036061,32,,,,,,,,,,,,,,,,,,,,,,,,,,,,,,,,,,,,,,,,,,,,,,,,
0.2001915708812261,0.1349377394636015,0.2238984674329502,0.1713362068965517,0.1762452107279693,0.1354166666666667,0.2367097701149426,0.2363505747126437,0.0972222222222222,0.1094348659003831,0.0957854406130268,0.2045019157088123,0.0694205919132972,0.1199082951229679,0.0031554814506044,0.0126219258024176,0.0,0.0,0.0189328887036265,0.0252438516048353,0.0063109629012088,0.0031554814506044,0.0126219258024176,0.0283993330554397,0.233009708737864,0.3689320388349514,0.0097087378640776,0.0194174757281553,0.0,0.0,0.029126213592233,0.0679611650485436,0.029126213592233,0.0194174757281553,0.0388349514563106,0.087378640776699,0.3703190013869625,0.3661581137309293,0.3592233009708738,0.4063800277392511,0.4563106796116506,0.4979195561719834,0.5173370319001387,0.490984743411928,0.4535367545076283,0.4327323162274619,0.4216366158113731,0.4188626907073509,32,,,,,,,,,,,,,,,,,,,,,,,,,,,,,,,,,,,,,,,,,,,,,,,,
0.2929837164750958,0.2601772030651341,0.4040948275862069,0.2092911877394636,0.1380507662835249,0.1817528735632184,0.2447318007662835,0.1902538314176245,0.1487068965517241,0.12080938697318,0.2198275862068966,0.3461446360153257,0.037865777407253,0.1514631096290121,0.015777407253022,0.0031554814506044,0.0,0.0031554814506044,0.015777407253022,0.0,0.0347102959566486,0.037865777407253,0.015777407253022,0.0441767403084618,0.1650485436893204,0.5145631067961165,0.029126213592233,0.0,0.0,0.0097087378640776,0.029126213592233,0.0,0.1067961165048543,0.1359223300970873,0.058252427184466,0.1262135922330097,0.420249653259362,0.4216366158113731,0.4160887656033287,0.4160887656033287,0.4382801664355062,0.5104022191400832,0.5575589459084606,0.5339805825242719,0.5589459084604715,0.5423023578363384,0.4674063800277393,0.4216366158113731,32,,,,,,,,,,,,,,,,,,,,,,,,,,,,,,,,,,,,,,,,,,,,,,,,
0.4448036398467433,0.1733716475095785,0.3649425287356322,0.2903496168582376,0.1603208812260536,0.1782806513409962,0.2180316091954023,0.1945641762452107,0.1995929118773947,0.0366379310344827,0.1484674329501916,0.1471503831417625,0.1041308878699458,0.0094664443518132,0.0536431846602751,0.0567986661108795,0.0,0.0,0.015777407253022,0.0094664443518132,0.0220883701542309,0.0063109629012088,0.0063109629012088,0.015777407253022,0.2718446601941747,0.0194174757281553,0.1359223300970873,0.1844660194174757,0.0,0.0,0.0194174757281553,0.0097087378640776,0.058252427184466,0.0097087378640776,0.0,0.029126213592233,0.3717059639389737,0.3786407766990292,0.4230235783633842,0.4549237170596394,0.5242718446601942,0.5575589459084606,0.5839112343966714,0.5742024965325937,0.5242718446601942,0.4715672676837725,0.449375866851595,0.4479889042995839,32,,,,,,,,,,,,,,,,,,,,,,,,,,,,,,,,,,,,,,,,,,,,,,,,
0.2461685823754789,0.2993295019157088,0.2693965517241379,0.1606800766283525,0.1102729885057471,0.1756465517241379,0.1439176245210728,0.1673850574712644,0.0531609195402299,0.0123323754789272,0.0409482758620689,0.100933908045977,0.0347102959566486,0.0536431846602751,0.0725760733639016,0.0063109629012088,0.0,0.0063109629012088,0.015777407253022,0.015777407253022,0.0126219258024176,0.0094664443518132,0.015777407253022,0.0126219258024176,0.1067961165048543,0.145631067961165,0.233009708737864,0.0,0.0,0.0,0.0388349514563106,0.0097087378640776,0.029126213592233,0.058252427184466,0.0,0.029126213592233,0.4895977808599168,0.4840499306518725,0.4410540915395284,0.4826629680998613,0.5284327323162274,0.5575589459084606,0.6005547850208044,0.6171983356449376,0.6047156726768377,0.5769764216366158,0.5228848821081832,0.4687933425797503,32,,,,,,,,,,,,,,,,,,,,,,,,,,,,,,,,,,,,,,,,,,,,,,,,
0.105603448275862,0.2019875478927204,0.2252155172413793,0.0771072796934866,0.1071599616858237,0.1203304597701149,0.2455699233716475,0.1707375478927203,0.1533764367816092,0.136374521072797,0.0895593869731801,0.3140565134099617,0.0189328887036265,0.0662651104626927,0.1262192580241767,0.0094664443518132,0.0,0.0,0.0,0.0315548145060441,0.0252438516048353,0.0536431846602751,0.0315548145060441,0.0662651104626927,0.0485436893203883,0.1844660194174757,0.4077669902912621,0.0,0.0,0.0,0.0,0.0388349514563106,0.0485436893203883,0.1650485436893204,0.029126213592233,0.1941747572815534,0.40499306518724,0.4022191400832178,0.377253814147018,0.4174757281553398,0.5117891816920944,0.5395284327323163,0.5769764216366158,0.5728155339805825,0.5617198335644938,0.5561719833564495,0.5312066574202496,0.5339805825242719,32,,,,,,,,,,,,,,,,,,,,,,,,,,,,,,,,,,,,,,,,,,,,,,,,
0.0924329501915709,0.1540948275862069,0.2011494252873563,0.0694444444444444,0.0931513409961685,0.0870450191570881,0.087404214559387,0.1108716475095785,0.0484913793103448,0.1481082375478927,0.7051005747126439,0.2817289272030652,0.0220883701542309,0.1388411838265944,0.0,0.0094664443518132,0.0063109629012088,0.0,0.0,0.0063109629012088,0.0252438516048353,0.0978199249687369,0.0599541475614839,0.0347102959566486,0.1067961165048543,0.4563106796116505,0.0,0.0097087378640776,0.0194174757281553,0.0,0.0,0.0,0.058252427184466,0.145631067961165,0.058252427184466,0.0097087378640776,0.521497919556172,0.5228848821081832,0.5117891816920944,0.535367545076283,0.6130374479889044,0.6490984743411928,0.6823855755894592,0.665742024965326,0.6130374479889044,0.5755894590846048,0.5631067961165049,0.5880721220527046,32,,,,,,,,,,,,,,,,,,,,,,,,,,,,,,,,,,,,,,,,,,,,,,,,
0.2262931034482759,0.1534961685823755,0.1193726053639847,0.0538793103448276,0.0128113026819923,0.0112547892720306,0.0446599616858237,0.0111350574712643,0.0803400383141762,0.5190373563218391,0.0985392720306513,0.1215277777777778,0.0094664443518132,0.1009754064193414,0.0599541475614839,0.0094664443518132,0.0,0.0,0.015777407253022,0.0,0.0662651104626927,0.0410212588578574,0.0126219258024176,0.0094664443518132,0.058252427184466,0.2718446601941747,0.203883495145631,0.0,0.0,0.0,0.0194174757281553,0.0,0.087378640776699,0.0679611650485436,0.0097087378640776,0.0194174757281553,0.5742024965325937,0.5450762829403606,0.5395284327323163,0.5825242718446603,0.6171983356449376,0.6241331484049931,0.6213592233009709,0.6061026352288489,0.5825242718446603,0.5506241331484051,0.5506241331484051,0.5492371705963939,32,,,,,,,,,,,,,,,,,,,,,,,,,,,,,,,,,,,,,,,,,,,,,,,,
0.3405172413793104,0.2062978927203065,0.1878591954022988,0.1014128352490421,0.0204741379310344,0.0222701149425287,0.060823754789272,0.0847701149425287,0.1279932950191571,0.0154454022988505,0.0396312260536398,0.1827107279693487,0.0441767403084618,0.1104418507711546,0.075731554814506,0.0063109629012088,0.0,0.0,0.0126219258024176,0.0220883701542309,0.0094664443518132,0.0,0.0,0.0220883701542309,0.145631067961165,0.3300970873786408,0.2621359223300971,0.0,0.0,0.0,0.029126213592233,0.0194174757281553,0.0097087378640776,0.0,0.0,0.0679611650485436,0.5464632454923718,0.5298196948682387,0.5145631067961166,0.5173370319001387,0.5492371705963939,0.6019417475728157,0.579750346740638,0.5575589459084606,0.5506241331484051,0.5256588072122054,0.5256588072122054,0.5409153952843274,32,,,,,,,,,,,,,,,,,,,,,,,,,,,,,,,,,,,,,,,,,,,,,,,,
0.2095306513409962,0.20522030651341,0.2316810344827586,0.1363745210727969,0.0795019157088122,0.1227250957854406,0.1331417624521073,0.1573275862068965,0.1173371647509578,0.1107519157088122,0.0993773946360153,0.1661877394636015,0.0725760733639016,0.1325302209253855,0.0347102959566486,0.0,0.0,0.0,0.0189328887036265,0.0031554814506044,0.015777407253022,0.0063109629012088,0.0,0.015777407253022,0.1941747572815534,0.4466019417475728,0.0776699029126213,0.0,0.0,0.0,0.0194174757281553,0.0097087378640776,0.0194174757281553,0.0,0.0,0.029126213592233,0.5367545076282941,0.5256588072122054,0.5395284327323163,0.5339805825242719,0.5423023578363384,0.5714285714285715,0.5825242718446603,0.5908460471567268,0.6047156726768378,0.6171983356449376,0.5950069348127602,0.5714285714285715,32,,,,,,,,,,,,,,,,,,,,,,,,,,,,,,,,,,,,,,,,,,,,,,,,
0.2625718390804598,0.1774425287356322,0.4596503831417626,0.1261973180076628,0.0880028735632184,0.0915948275862069,0.1364942528735632,0.1788793103448276,0.1561302681992337,0.0966235632183908,0.0176005747126436,0.2628113026819924,0.0347102959566486,0.0725760733639016,0.0788870362651104,0.0094664443518132,0.0,0.0,0.0126219258024176,0.0189328887036265,0.037865777407253,0.0063109629012088,0.0,0.0410212588578574,0.029126213592233,0.1844660194174757,0.2718446601941747,0.0097087378640776,0.0,0.0,0.0194174757281553,0.0097087378640776,0.0970873786407767,0.0,0.0,0.0388349514563106,0.5367545076282941,0.5145631067961166,0.5131761442441054,0.5048543689320389,0.4993065187239945,0.5159500693481277,0.5533980582524273,0.6144244105409155,0.6116504854368932,0.5755894590846048,0.5367545076282941,0.4951456310679612,32,,,,,,,,,,,,,,,,,,,,,,,,,,,,,,,,,,,,,,,,,,,,,,,,
0.3775143678160921,0.1860632183908046,0.2681992337164752,0.1404454022988506,0.1412835249042146,0.1719348659003831,0.1572078544061303,0.161757662835249,0.1404454022988506,0.0253831417624521,0.0288553639846743,0.0438218390804597,0.0315548145060441,0.0504877032096707,0.0915089620675281,0.0094664443518132,0.0,0.0031554814506044,0.0094664443518132,0.0189328887036265,0.0315548145060441,0.0094664443518132,0.0031554814506044,0.0063109629012088,0.0970873786407767,0.1553398058252427,0.2815533980582524,0.0,0.0,0.0,0.0194174757281553,0.0097087378640776,0.1067961165048543,0.0,0.0,0.0194174757281553,0.4507628294036061,0.4410540915395284,0.4646324549237171,0.4840499306518725,0.5201109570041609,0.5575589459084606,0.5852981969486825,0.6047156726768378,0.5686546463245493,0.5436893203883496,0.5214979195561721,0.5020804438280168,32,,,,,,,,,,,,,,,,,,,,,,,,,,,,,,,,,,,,,,,,,,,,,,,,
0.220426245210728,0.5051484674329503,0.2777777777777778,0.0830938697318007,0.0172413793103448,0.0217911877394636,0.0422653256704981,0.0269396551724137,0.3057950191570882,0.3647030651340997,0.1785201149425287,0.1931273946360153,0.0694205919132972,0.0473322217590662,0.1009754064193414,0.0063109629012088,0.0,0.0,0.0126219258024176,0.0126219258024176,0.0694205919132972,0.015777407253022,0.037865777407253,0.0063109629012088,0.145631067961165,0.1262135922330097,0.3106796116504854,0.0,0.0,0.0,0.0194174757281553,0.0097087378640776,0.2135922330097087,0.0194174757281553,0.058252427184466,0.0,0.4895977808599168,0.49375866851595,0.492371705963939,0.5020804438280168,0.5436893203883496,0.5672676837725382,0.5672676837725382,0.5839112343966714,0.6047156726768377,0.5880721220527046,0.5631067961165049,0.5395284327323163,32,,,,,,,,,,,,,,,,,,,,,,,,,,,,,,,,,,,,,,,,,,,,,,,,
0.2739463601532568,0.1561302681992337,0.5168821839080461,0.1190134099616858,0.1239224137931034,0.1315852490421456,0.1283524904214559,0.1138649425287356,0.0923132183908046,0.0170019157088122,0.0893199233716475,0.0314894636015325,0.0567986661108795,0.1987953313880783,0.0094664443518132,0.0094664443518132,0.0,0.0,0.0,0.0220883701542309,0.015777407253022,0.0063109629012088,0.0536431846602751,0.0,0.087378640776699,0.4563106796116505,0.0194174757281553,0.0,0.0,0.0,0.0,0.029126213592233,0.029126213592233,0.0194174757281553,0.1553398058252427,0.0,0.5436893203883496,0.5242718446601942,0.5187239944521499,0.5325936199722608,0.5506241331484051,0.5575589459084606,0.5825242718446603,0.5922330097087379,0.6047156726768378,0.5922330097087379,0.5631067961165048,0.535367545076283,32,,,,,,,,,,,,,,,,,,,,,,,,,,,,,,,,,,,,,,,,,,,,,,,,
0.0213122605363984,0.1240421455938697,0.2310823754789272,0.171455938697318,0.0936302681992337,0.115301724137931,0.1107519157088122,0.1721743295019157,0.15625,0.4732998084291189,0.1726532567049808,0.1034482758620689,0.0,0.0978199249687369,0.0,0.015777407253022,0.0031554814506044,0.0,0.0031554814506044,0.015777407253022,0.0725760733639016,0.0441767403084618,0.0031554814506044,0.0094664443518132,0.0,0.3203883495145631,0.0,0.029126213592233,0.0,0.0,0.0,0.0194174757281553,0.1067961165048543,0.0776699029126213,0.0,0.0097087378640776,0.5062413314840499,0.4868238557558945,0.4687933425797503,0.4646324549237171,0.4743411927877948,0.5062413314840499,0.5922330097087379,0.6130374479889044,0.5936199722607489,0.5575589459084606,0.5242718446601942,0.4993065187239945,32,,,,,,,,,,,,,,,,,,,,,,,,,,,,,,,,,,,,,,,,,,,,,,,,
0.270234674329502,0.5306513409961687,0.978448275862069,0.1922892720306514,0.1271551724137931,0.132183908045977,0.1809147509578544,0.123323754789272,0.1217672413793103,0.0603448275862069,0.0096982758620689,0.1484674329501916,0.1483076281784076,0.1640850354314297,0.0978199249687369,0.0094664443518132,0.0,0.0031554814506044,0.0094664443518132,0.015777407253022,0.0063109629012088,0.0,0.0,0.015777407253022,0.3495145631067961,0.3592233009708738,0.3106796116504854,0.0,0.0,0.0,0.029126213592233,0.0194174757281553,0.0097087378640776,0.0,0.0,0.0194174757281553,0.4882108183079057,0.4965325936199722,0.4840499306518725,0.4812760055478502,0.5048543689320389,0.5603328710124827,0.5728155339805825,0.5603328710124827,0.5589459084604715,0.5478502080443829,0.5048543689320389,0.4438280166435506,32,,,,,,,,,,,,,,,,,,,,,,,,,,,,,,,,,,,,,,,,,,,,,,,,
0.0689655172413793,0.0723180076628352,0.1694204980842912,0.1399664750957854,0.1479885057471265,0.1503831417624521,0.1734913793103449,0.2455699233716475,0.1528975095785441,0.1005747126436781,0.125,0.084051724137931,0.0,0.0,0.037865777407253,0.0,0.0,0.0,0.0,0.0220883701542309,0.0063109629012088,0.0063109629012088,0.0063109629012088,0.0,0.0,0.0,0.1067961165048543,0.0,0.0,0.0,0.0,0.0485436893203883,0.0097087378640776,0.0,0.0,0.0,0.4216366158113731,0.4271844660194175,0.4313453536754508,0.449375866851595,0.4840499306518725,0.5339805825242719,0.5547850208044384,0.579750346740638,0.5742024965325937,0.5575589459084606,0.4826629680998613,0.4715672676837725,32,,,,,,,,,,,,,,,,,,,,,,,,,,,,,,,,,,,,,,,,,,,,,,,,
0.1124281609195402,0.1069204980842912,0.1653496168582376,0.1404454022988506,0.1422413793103448,0.1489463601532567,0.1467911877394636,0.1779214559386973,0.146551724137931,0.1520593869731801,0.0977011494252873,0.2258141762452107,0.0126219258024176,0.0473322217590662,0.0094664443518132,0.0,0.0,0.0,0.0,0.0094664443518132,0.0094664443518132,0.0094664443518132,0.0,0.0220883701542309,0.0388349514563106,0.1359223300970873,0.0,0.0,0.0,0.0,0.0,0.0097087378640776,0.0194174757281553,0.0,0.0,0.058252427184466,0.4576976421636616,0.4521497919556173,0.4410540915395284,0.4479889042995839,0.4590846047156727,0.4826629680998613,0.4826629680998613,0.4979195561719834,0.5312066574202496,0.5131761442441054,0.4868238557558945,0.4687933425797503,32,,,,,,,,,,,,,,,,,,,,,,,,,,,,,,,,,,,,,,,,,,,,,,,,
0.1198515325670498,0.1075191570881226,0.1695402298850575,0.0811781609195402,0.1478687739463602,0.1610392720306513,0.1684626436781609,0.1995929118773947,0.1427203065133995,0.0965038314176245,0.1012931034482758,0.0762691570881226,0.0126219258024176,0.0252438516048353,0.0094664443518132,0.0031554814506044,0.0,0.0031554814506044,0.0,0.0126219258024176,0.0126219258024176,0.0063109629012088,0.0094664443518132,0.0,0.0194174757281553,0.1067961165048543,0.0,0.0,0.0,0.0,0.0,0.0,0.0388349514563106,0.0194174757281553,0.0,0.0097087378640776,0.490984743411928,0.4882108183079057,0.4674063800277393,0.4715672676837725,0.4618585298196949,0.5270457697642164,0.5755894590846048,0.5922330097087379,0.565880721220527,0.5464632454923718,0.5228848821081832,0.5006934812760055,32,,,,,,,,,,,,,,,,,,,,,,,,,,,,,,,,,,,,,,,,,,,,,,,,
0.0957854406130268,0.0872844827586207,0.1404454022988506,0.0866858237547893,0.166786398467433,0.1654693486590038,0.1698994252873563,0.2015086206896552,0.0905172413793103,0.1812739463601533,0.0421455938697318,0.0299329501915709,0.0220883701542309,0.0283993330554397,0.0063109629012088,0.0031554814506044,0.0,0.0,0.0,0.0094664443518132,0.0063109629012088,0.0094664443518132,0.0063109629012088,0.0031554814506044,0.058252427184466,0.1067961165048543,0.0,0.0,0.0,0.0,0.0,0.029126213592233,0.0,0.0194174757281553,0.0,0.0,0.4798890429958392,0.4715672676837725,0.4299583911234397,0.4479889042995839,0.5145631067961165,0.5339805825242719,0.5908460471567267,0.6116504854368932,0.6033287101248267,0.579750346740638,0.5062413314840499,0.4604715672676838,32,,,,,,,,,,,,,,,,,,,,,,,,,,,,,,,,,,,,,,,,,,,,,,,,
0.1706178160919541,0.1181752873563218,0.1143438697318007,0.1391283524904214,0.1234434865900383,0.1768438697318008,0.1888170498084291,0.1761254789272031,0.0911159003831417,0.0830938697318007,0.0525622605363984,0.0545977011494253,0.0220883701542309,0.0094664443518132,0.0252438516048353,0.0031554814506044,0.0,0.0,0.0031554814506044,0.0063109629012088,0.0,0.0063109629012088,0.0063109629012088,0.0031554814506044,0.087378640776699,0.0194174757281553,0.087378640776699,0.0,0.0,0.0,0.0,0.0194174757281553,0.0,0.0097087378640776,0.0,0.0,0.4257975034674064,0.4022191400832178,0.3966712898751734,0.4618585298196949,0.5603328710124827,0.6033287101248267,0.6352288488210819,0.6546463245492372,0.6560332871012483,0.6116504854368933,0.5742024965325937,0.5547850208044384,32,,,,,,,,,,,,,,,,,,,,,,,,,,,,,,,,,,,,,,,,,,,,,,,,
0.0662116858237548,0.0678879310344827,0.0592672413793103,0.014367816091954,0.0314894636015325,0.1409243295019157,0.1293103448275862,0.1375718390804598,0.2619731800766284,0.01352969348659,0.1452346743295019,0.0435823754789272,0.0031554814506044,0.0126219258024176,0.037865777407253,0.0063109629012088,0.0,0.0,0.0,0.0189328887036265,0.0220883701542309,0.0,0.0063109629012088,0.0063109629012088,0.0,0.0388349514563106,0.116504854368932,0.0,0.0,0.0,0.0,0.029126213592233,0.0097087378640776,0.0,0.0097087378640776,0.0194174757281553,0.5020804438280168,0.4812760055478502,0.4757281553398058,0.5381414701803051,0.5880721220527046,0.6269070735090153,0.6601941747572816,0.7004160887656034,0.7156726768377254,0.6754507628294038,0.6393897364771151,0.6102635228848822,32,,,,,,,,,,,,,,,,,,,,,,,,,,,,,,,,,,,,,,,,,,,,,,,,
0.1639128352490422,0.0636973180076628,0.0676484674329502,0.0136494252873563,0.0147270114942528,0.0131704980842911,0.0101772030651341,0.1544540229885057,0.087404214559387,0.541786398467433,0.3425526819923372,0.1139846743295019,0.015777407253022,0.0126219258024176,0.0315548145060441,0.0063109629012088,0.0,0.0,0.0,0.0094664443518132,0.1924843684868695,0.0410212588578574,0.0126219258024176,0.0441767403084618,0.0485436893203883,0.0194174757281553,0.0970873786407767,0.0,0.0,0.0,0.0,0.0194174757281553,0.4271844660194174,0.0388349514563106,0.0194174757281553,0.1262135922330097,0.5603328710124827,0.5395284327323163,0.564493758668516,0.5686546463245493,0.6310679611650486,0.6560332871012483,0.7170596393897366,0.739251040221914,0.7184466019417476,0.6227461858529821,0.5922330097087379,0.565880721220527,32,,,,,,,,,,,,,,,,,,,,,,,,,,,,,,,,,,,,,,,,,,,,,,,,
0.4440852490421457,0.1878591954022988,0.0959051724137931,0.0164032567049808,0.0168821839080459,0.0180795019157088,0.0180795019157088,0.0853687739463601,0.0896791187739463,0.1342193486590038,0.0246647509578544,0.0263409961685823,0.0694205919132972,0.0567986661108795,0.0126219258024176,0.0,0.0,0.0,0.0031554814506044,0.0031554814506044,0.0283993330554397,0.0189328887036265,0.0031554814506044,0.0252438516048353,0.1650485436893204,0.174757281553398,0.0097087378640776,0.0,0.0,0.0,0.0,0.0,0.0485436893203883,0.0485436893203883,0.0,0.087378640776699,0.5312066574202496,0.4979195561719834,0.4785020804438281,0.4882108183079057,0.5131761442441054,0.5450762829403606,0.5631067961165049,0.5728155339805825,0.565880721220527,0.5298196948682387,0.5048543689320389,0.4937586685159501,32,,,,,,,,,,,,,,,,,,,,,,,,,,,,,,,,,,,,,,,,,,,,,,,,
0.1342193486590038,0.5542385057471266,0.3217193486590039,0.2271312260536399,0.1236829501915709,0.2118055555555556,0.1727729885057471,0.1843869731800766,0.1032088122605364,0.0786637931034482,0.038433908045977,0.0247844827586206,0.0820425177157148,0.1104418507711546,0.0851979991663193,0.0094664443518132,0.0,0.0,0.0126219258024176,0.0126219258024176,0.0063109629012088,0.015777407253022,0.0094664443518132,0.0126219258024176,0.1553398058252427,0.3203883495145631,0.2718446601941747,0.0,0.0,0.0,0.029126213592233,0.0194174757281553,0.058252427184466,0.0194174757281553,0.0679611650485436,0.0194174757281553,0.4743411927877948,0.4687933425797503,0.4549237170596394,0.4785020804438281,0.5104022191400832,0.5284327323162274,0.5533980582524273,0.5825242718446603,0.5811373092926492,0.5631067961165049,0.5242718446601942,0.4826629680998613,32,,,,,,,,,,,,,,,,,,,,,,,,,,,,,,,,,,,,,,,,,,,,,,,,
0.0767480842911877,0.4852729885057472,0.3894875478927204,0.141044061302682,0.1404454022988506,0.1646312260536398,0.1684626436781609,0.1913314176245211,0.0299329501915709,0.0168821839080459,0.0173611111111111,0.1048850574712643,0.0599541475614839,0.1703959983326386,0.0631096290120883,0.0126219258024176,0.0,0.0,0.0126219258024176,0.0283993330554397,0.0126219258024176,0.0,0.0,0.0189328887036265,0.1941747572815534,0.4466019417475728,0.2135922330097087,0.0097087378640776,0.0,0.0,0.0194174757281553,0.0485436893203883,0.0,0.0,0.0,0.0194174757281553,0.4299583911234397,0.4022191400832178,0.3952843273231623,0.4757281553398058,0.5381414701803051,0.5478502080443829,0.5755894590846048,0.6158113730929267,0.6393897364771152,0.6005547850208044,0.5423023578363385,0.507628294036061,32,,,,,,,,,,,,,,,,,,,,,,,,,,,,,,,,,,,,,,,,,,,,,,,,
0.2125239463601533,0.0592672413793103,0.1716954022988506,0.1337404214559387,0.0162835249042145,0.092911877394636,0.1643917624521073,0.0991379310344827,0.1090756704980843,0.0738745210727969,0.038433908045977,0.0264607279693486,0.0252438516048353,0.0031554814506044,0.1199082951229679,0.0883534806169237,0.0,0.0,0.0,0.0126219258024176,0.0189328887036265,0.0283993330554397,0.0315548145060441,0.0725760733639016,0.0388349514563106,0.0,0.2815533980582524,0.2815533980582524,0.0,0.0,0.0,0.0194174757281553,0.0194174757281553,0.0679611650485436,0.0388349514563106,0.029126213592233,0.4854368932038835,0.4521497919556173,0.4438280166435506,0.5506241331484051,0.6005547850208044,0.6255201109570041,0.6865464632454924,0.7198335644937586,0.7295423023578363,0.6879334257975035,0.6393897364771151,0.5936199722607489,32,,,,,,,,,,,,,,,,,,,,,,,,,,,,,,,,,,,,,,,,,,,,,,,,
0.0956657088122605,0.1546934865900383,0.2270114942528736,0.0723180076628352,0.0195162835249042,0.0149664750957854,0.0195162835249042,0.1282327586206897,0.0988984674329502,0.0308908045977011,0.019037356321839,0.0634578544061302,0.0220883701542309,0.0820425177157148,0.0567986661108795,0.0126219258024176,0.0,0.0,0.0,0.0347102959566486,0.0473322217590662,0.0063109629012088,0.0,0.0189328887036265,0.058252427184466,0.2621359223300971,0.1844660194174757,0.0,0.0,0.0,0.0,0.0679611650485436,0.0679611650485436,0.0,0.0,0.0388349514563106,0.5672676837725382,0.4965325936199722,0.5034674063800277,0.5852981969486825,0.6463245492371706,0.6865464632454924,0.7087378640776699,0.7281553398058253,0.737864077669903,0.7087378640776699,0.6574202496532595,0.650485436893204,32,,,,,,,,,,,,,,,,,,,,,,,,,,,,,,,,,,,,,,,,,,,,,,,,
0.1018917624521073,0.4069683908045978,0.1574473180076628,0.1251197318007663,0.0187978927203065,0.0211925287356321,0.0613026819923371,0.0476532567049808,0.0187978927203065,0.0177203065134099,0.0470545977011494,0.2539511494252874,0.1041308878699458,0.0094664443518132,0.0788870362651104,0.0126219258024176,0.0,0.0,0.015777407253022,0.015777407253022,0.015777407253022,0.0,0.0031554814506044,0.0220883701542309,0.203883495145631,0.029126213592233,0.2233009708737864,0.0,0.0,0.0,0.0194174757281553,0.0388349514563106,0.0485436893203883,0.0,0.0,0.0485436893203883,0.5908460471567267,0.5395284327323163,0.5617198335644938,0.6116504854368932,0.651872399445215,0.7004160887656034,0.7239944521497921,0.7475728155339805,0.7503467406380028,0.7018030513176144,0.6393897364771152,0.6185852981969486,32,,,,,,,,,,,,,,,,,,,,,,,,,,,,,,,,,,,,,,,,,,,,,,,,
0.1149425287356322,0.171455938697318,0.2194683908045977,0.0537595785440613,0.0353208812260536,0.0247844827586206,0.0506465517241379,0.0221503831417624,0.0962643678160919,0.0516044061302682,0.2106082375478928,0.1302681992337165,0.0536431846602751,0.0915089620675281,0.0536431846602751,0.0315548145060441,0.0,0.0,0.0094664443518132,0.0063109629012088,0.015777407253022,0.0031554814506044,0.0631096290120883,0.0063109629012088,0.145631067961165,0.2233009708737864,0.1067961165048543,0.0970873786407767,0.0,0.0,0.0194174757281553,0.0,0.0388349514563106,0.0,0.0485436893203883,0.0194174757281553,0.6185852981969487,0.5839112343966713,0.5603328710124827,0.5977808599167822,0.6282940360610264,0.6546463245492372,0.6699029126213593,0.6879334257975035,0.6990291262135924,0.6546463245492372,0.6490984743411928,0.6061026352288489,32,,,,,,,,,,,,,,,,,,,,,,,,,,,,,,,,,,,,,,,,,,,,,,,,
0.1506226053639847,0.1433189655172414,0.1701388888888889,0.3742816091954024,0.0238266283524904,0.0226293103448275,0.0548371647509578,0.0192768199233716,0.0790229885057471,0.0415469348659004,0.3799090038314177,0.291786398467433,0.0725760733639016,0.075731554814506,0.0788870362651104,0.0031554814506044,0.0031554814506044,0.0,0.0126219258024176,0.0063109629012088,0.0410212588578574,0.0441767403084618,0.0283993330554397,0.0473322217590662,0.2524271844660194,0.1941747572815534,0.2135922330097087,0.0,0.0,0.0,0.029126213592233,0.0,0.0679611650485436,0.0,0.0194174757281553,0.0388349514563106,0.5852981969486825,0.5547850208044384,0.5214979195561721,0.5603328710124827,0.5769764216366159,0.6047156726768378,0.6449375866851595,0.6449375866851595,0.653259361997226,0.6324549237170597,0.6061026352288489,0.5700416088765604,32,,,,,,,,,,,,,,,,,,,,,,,,,,,,,,,,,,,,,,,,,,,,,,,,
0.0816570881226053,0.0804597701149425,0.198036398467433,0.0652538314176245,0.0222701149425287,0.0164032567049808,0.0557950191570881,0.0123323754789272,0.1033285440613027,0.0195162835249042,0.0611829501915708,0.068007662835249,0.0820425177157148,0.113597332221759,0.0725760733639016,0.0094664443518132,0.0,0.0031554814506044,0.0189328887036265,0.0,0.0189328887036265,0.0220883701542309,0.0063109629012088,0.0347102959566486,0.2233009708737864,0.3203883495145631,0.2233009708737864,0.0,0.0,0.0,0.029126213592233,0.0,0.0388349514563106,0.0194174757281553,0.0097087378640776,0.0388349514563106,0.5214979195561721,0.4979195561719834,0.4785020804438281,0.5006934812760055,0.5339805825242719,0.5686546463245493,0.6088765603328712,0.6255201109570042,0.6324549237170597,0.6241331484049931,0.5714285714285715,0.5450762829403606,32,,,,,,,,,,,,,,,,,,,,,,,,,,,,,,,,,,,,,,,,,,,,,,,,
0.225933908045977,0.2054597701149426,0.2590996168582376,0.3494971264367816,0.0203544061302682,0.0195162835249042,0.0438218390804597,0.2804118773946361,0.1485871647509579,0.0721982758620689,0.0999760536398467,0.1760057471264368,0.1041308878699458,0.0315548145060441,0.1009754064193414,0.0094664443518132,0.0,0.0,0.0126219258024176,0.0031554814506044,0.0220883701542309,0.0189328887036265,0.0347102959566486,0.0536431846602751,0.1067961165048543,0.0970873786407767,0.2718446601941747,0.0097087378640776,0.0,0.0,0.0194174757281553,0.0,0.0388349514563106,0.0679611650485436,0.087378640776699,0.145631067961165,0.5062413314840499,0.4882108183079057,0.4479889042995839,0.5020804438280168,0.5228848821081832,0.564493758668516,0.6116504854368933,0.6324549237170596,0.6282940360610264,0.5963938973647712,0.5617198335644938,0.5381414701803051,32,,,,,,,,,,,,,,,,,,,,,,,,,,,,,,,,,,,,,,,,,,,,,,,,
0.1088362068965517,0.179477969348659,0.2480842911877395,0.1381704980842912,0.0504070881226053,0.0405890804597701,0.0419061302681992,0.1187739463601532,0.1141044061302682,0.0319683908045977,0.0383141762452107,0.1164990421455938,0.037865777407253,0.0788870362651104,0.0946644435181325,0.0189328887036265,0.0315548145060441,0.0,0.0126219258024176,0.0252438516048353,0.0220883701542309,0.0094664443518132,0.015777407253022,0.0978199249687369,0.0970873786407767,0.1844660194174757,0.2621359223300971,0.0194174757281553,0.0097087378640776,0.0,0.0194174757281553,0.058252427184466,0.0194174757281553,0.0097087378640776,0.0097087378640776,0.203883495145631,0.4965325936199722,0.4715672676837725,0.4535367545076283,0.5214979195561721,0.5755894590846048,0.6088765603328712,0.6324549237170597,0.6615811373092927,0.6962552011095702,0.6338418862690708,0.6227461858529821,0.6158113730929267,32,,,,,,,,,,,,,,,,,,,,,,,,,,,,,,,,,,,,,,,,,,,,,,,,
0.0755507662835249,0.2300047892720307,0.240301724137931,0.0348419540229885,0.0469348659003831,0.0228687739463601,0.0251436781609195,0.1732519157088123,0.1196120689655172,0.1861829501915709,0.1386494252873563,0.121647509578544,0.0126219258024176,0.1577740725302209,0.0189328887036265,0.0063109629012088,0.0126219258024176,0.0,0.0031554814506044,0.0599541475614839,0.0694205919132972,0.0220883701542309,0.0283993330554397,0.0283993330554397,0.0097087378640776,0.4466019417475728,0.0194174757281553,0.0,0.0194174757281553,0.0,0.0,0.0970873786407767,0.145631067961165,0.058252427184466,0.0679611650485436,0.0194174757281553,0.6088765603328712,0.5839112343966714,0.5728155339805825,0.6088765603328712,0.6435506241331486,0.6712898751733705,0.5908460471567268,0.564493758668516,0.5700416088765604,0.5672676837725382,0.5769764216366159,0.5825242718446603,32,,,,,,,,,,,,,,,,,,,,,,,,,,,,,,,,,,,,,,,,,,,,,,,,
0.1733716475095785,0.372844827586207,0.6375718390804599,0.1125478927203065,0.0284961685823754,0.0231082375478927,0.0307710727969348,0.1408045977011494,0.1527777777777778,0.1175766283524904,0.2777777777777778,0.3409961685823756,0.0504877032096707,0.2303501458941225,0.037865777407253,0.0189328887036265,0.0,0.0,0.0031554814506044,0.0441767403084618,0.0441767403084618,0.0315548145060441,0.037865777407253,0.0410212588578574,0.2135922330097087,0.6213592233009708,0.0388349514563106,0.0,0.0,0.0,0.0,0.0679611650485436,0.0776699029126213,0.087378640776699,0.029126213592233,0.1067961165048543,0.5714285714285715,0.5631067961165048,0.5561719833564495,0.5714285714285715,0.5769764216366158,0.6061026352288489,0.6088765603328712,0.6255201109570042,0.664355062413315,0.653259361997226,0.6116504854368932,0.5908460471567268,32,,,,,,,,,,,,,,,,,,,,,,,,,,,,,,,,,,,,,,,,,,,,,,,,
0.3488984674329503,0.3075909961685825,0.2599377394636016,0.0850095785440613,0.0306513409961685,0.0210727969348659,0.0755507662835249,0.0719588122605364,0.0793821839080459,0.0520833333333333,0.1156609195402299,0.1904932950191571,0.0567986661108795,0.113597332221759,0.075731554814506,0.0031554814506044,0.0,0.0,0.0252438516048353,0.015777407253022,0.037865777407253,0.037865777407253,0.0410212588578574,0.0315548145060441,0.145631067961165,0.3106796116504854,0.1941747572815534,0.0097087378640776,0.0,0.0,0.0388349514563106,0.0194174757281553,0.0970873786407767,0.0,0.1262135922330097,0.058252427184466,0.5755894590846048,0.5423023578363385,0.5187239944521499,0.5464632454923718,0.5866851595006934,0.6088765603328712,0.6199722607489598,0.6324549237170596,0.6255201109570041,0.5561719833564495,0.5436893203883496,0.4965325936199722,32,,,,,,,,,,,,,,,,,,,,,,,,,,,,,,,,,,,,,,,,,,,,,,,,
0.1950431034482758,0.2564655172413794,0.2470067049808429,0.0602250957854406,0.0275383141762452,0.0192768199233716,0.0687260536398467,0.3298611111111112,0.4365421455938698,0.2182710727969349,0.1023706896551724,0.208213601532567,0.0631096290120883,0.1230637765735723,0.037865777407253,0.015777407253022,0.0,0.0,0.0189328887036265,0.0851979991663193,0.0347102959566486,0.0347102959566486,0.0063109629012088,0.0283993330554397,0.1553398058252427,0.3398058252427184,0.1067961165048543,0.0194174757281553,0.0,0.0,0.0194174757281553,0.145631067961165,0.0194174757281553,0.0485436893203883,0.0097087378640776,0.058252427184466,0.4840499306518725,0.4993065187239945,0.5048543689320389,0.5339805825242719,0.5742024965325937,0.6158113730929267,0.651872399445215,0.6366158113730931,0.6490984743411928,0.5700416088765604,0.5436893203883496,0.5395284327323163,32,,,,,,,,,,,,,,,,,,,,,,,,,,,,,,,,,,,,,,,,,,,,,,,,
0.2497605363984675,0.1951628352490422,0.2254549808429119,0.0802203065134099,0.0490900383141762,0.040110153256705,0.0713601532567049,0.345426245210728,0.0451388888888888,0.0434626436781609,0.1148227969348659,0.0757902298850574,0.0347102959566486,0.0915089620675281,0.0725760733639016,0.015777407253022,0.0063109629012088,0.0,0.0441767403084618,0.0504877032096707,0.0410212588578574,0.0189328887036265,0.015777407253022,0.0315548145060441,0.145631067961165,0.2524271844660194,0.2135922330097087,0.0194174757281553,0.0,0.0,0.0970873786407767,0.0970873786407767,0.0388349514563106,0.029126213592233,0.0679611650485436,0.0388349514563106,0.5034674063800277,0.4757281553398058,0.4785020804438281,0.5242718446601942,0.5506241331484051,0.5991678224687934,0.6171983356449376,0.6407766990291263,0.6449375866851595,0.6213592233009709,0.5894590846047157,0.5742024965325937,32,,,,,,,,,,,,,,,,,,,,,,,,,,,,,,,,,,,,,,,,,,,,,,,,
0.2236590038314177,0.5416666666666667,0.5784243295019159,0.0458572796934865,0.037595785440613,0.0255028735632183,0.0584291187739463,0.1398467432950192,0.1094348659003831,0.1344588122605364,0.4163074712643679,0.1550526819923371,0.1104418507711546,0.1987953313880783,0.0126219258024176,0.0063109629012088,0.0031554814506044,0.0,0.015777407253022,0.0536431846602751,0.0347111296373488,0.0883534806169237,0.0063109629012088,0.0410212588578574,0.3495145631067961,0.3883495145631068,0.0097087378640776,0.0,0.0,0.0,0.029126213592233,0.1262135922330097,0.087378640776699,0.0970873786407767,0.0097087378640776,0.1067961165048543,0.5159500693481277,0.5076282940360611,0.5006934812760057,0.5672676837725382,0.6241331484049931,0.6782246879334259,0.7073509015256588,0.7683772538141471,0.7669902912621359,0.7295423023578363,0.6615811373092927,0.6629680998613038,32,,,,,,,,,,,,,,,,,,,,,,,,,,,,,,,,,,,,,,,,,,,,,,,,
0.1615181992337165,0.3835009578544062,0.265205938697318,0.0500478927203065,0.0313697318007662,0.0302921455938697,0.0520833333333333,0.1578065134099617,0.0730363984674329,0.2852011494252874,0.10727969348659,0.1957614942528736,0.0978199249687369,0.1199082951229679,0.0189328887036265,0.0,0.0,0.0,0.0189328887036265,0.037865777407253,0.0567986661108795,0.0063109629012088,0.0094664443518132,0.0883534806169237,0.2621359223300971,0.2815533980582524,0.0097087378640776,0.0,0.0,0.0,0.0388349514563106,0.0679611650485436,0.0388349514563106,0.0,0.0194174757281553,0.233009708737864,0.6144244105409155,0.5936199722607489,0.5325936199722608,0.650485436893204,0.6934812760055479,0.7239944521497921,0.7572815533980582,0.8085991678224688,0.8321775312066575,0.8280166435506242,0.7309292649098476,0.6338418862690708,32,,,,,,,,,,,,,,,,,,,,,,,,,,,,,,,,,,,,,,,,,,,,,,,,
0.0789032567049808,0.1534961685823755,0.217911877394636,0.0423850574712643,0.0602250957854406,0.0313697318007662,0.0280172413793103,0.1493055555555556,0.1458333333333333,0.1131465517241379,0.0792624521072797,0.1400862068965517,0.0063109629012088,0.0820425177157148,0.0347102959566486,0.0,0.0126219258024176,0.0,0.0031554814506044,0.0599541475614839,0.075731554814506,0.0126219258024176,0.0599541475614839,0.0315548145060441,0.0388349514563106,0.233009708737864,0.0388349514563106,0.0,0.029126213592233,0.0,0.0,0.1262135922330097,0.1941747572815534,0.0,0.0097087378640776,0.0970873786407767,0.578363384188627,0.5520110957004161,0.5464632454923718,0.578363384188627,0.6185852981969487,0.6768377253814147,0.7128987517337033,0.7337031900138697,0.7142857142857143,0.6879334257975035,0.6477115117891817,0.6352288488210819,32,,,,,,,,,,,,,,,,,,,,,,,,,,,,,,,,,,,,,,,,,,,,,,,,
0.5668103448275863,0.2405411877394636,0.2164750957854407,0.0405890804597701,0.0225095785440613,0.0307710727969348,0.1948036398467433,0.1149425287356322,0.0702825670498084,0.0886015325670498,0.1101532567049808,0.0592672413793103,0.0504877032096707,0.1262192580241767,0.0694205919132972,0.0,0.0,0.0126219258024176,0.0347102959566486,0.0063109629012088,0.0220883701542309,0.0189328887036265,0.0063109629012088,0.0126219258024176,0.0970873786407767,0.3883495145631068,0.145631067961165,0.0,0.0,0.0097087378640776,0.0485436893203883,0.0,0.0388349514563106,0.0097087378640776,0.0388349514563106,0.0194174757281553,0.6296809986130376,0.6116504854368933,0.5866851595006934,0.5769764216366159,0.6019417475728157,0.6393897364771152,0.6851595006934814,0.7115117891816921,0.6532593619972261,0.6116504854368933,0.5811373092926492,0.5561719833564495,32,,,,,,,,,,,,,,,,,,,,,,,,,,,,,,,,,,,,,,,,,,,,,,,,
0.1041666666666666,0.1700191570881226,0.1827107279693487,0.0094588122605364,0.005507662835249,0.0090996168582375,0.0416666666666666,0.0720785440613027,0.2806513409961687,0.0862068965517241,0.0772270114942529,0.173132183908046,0.0883534806169237,0.0599541475614839,0.0189328887036265,0.0031554814506044,0.0,0.0,0.0189328887036265,0.0126219258024176,0.015777407253022,0.0189328887036265,0.0252438516048353,0.0441767403084618,0.2233009708737864,0.1844660194174757,0.0194174757281553,0.0,0.0,0.0,0.0194174757281553,0.029126213592233,0.0194174757281553,0.0679611650485436,0.0194174757281553,0.1262135922330097,0.5062413314840499,0.5020804438280168,0.5006934812760055,0.5076282940360611,0.5270457697642164,0.5742024965325937,0.6185852981969487,0.6601941747572815,0.6546463245492372,0.6324549237170597,0.5894590846047157,0.5686546463245493,32,,,,,,,,,,,,,,,,,,,,,,,,,,,,,,,,,,,,,,,,,,,,,,,,
0.5320881226053641,0.3348898467432951,0.2654454022988506,0.0348419540229885,0.0077825670498084,0.0100574712643678,0.1041666666666666,0.0902777777777778,0.1378113026819924,0.0051484674329501,0.121647509578544,0.2556273946360154,0.0189328887036265,0.1388411838265944,0.0252438516048353,0.0,0.0,0.0,0.0189328887036265,0.0189328887036265,0.0031554814506044,0.0,0.0094664443518132,0.0126219258024176,0.029126213592233,0.4271844660194174,0.0097087378640776,0.0,0.0,0.0,0.0194174757281553,0.0194174757281553,0.029126213592233,0.0,0.0,0.0485436893203883,0.5589459084604715,0.5395284327323163,0.5256588072122054,0.5367545076282941,0.5575589459084606,0.6255201109570041,0.6269070735090153,0.6282940360610264,0.6102635228848822,0.579750346740638,0.564493758668516,0.5575589459084606,32,,,,,,,,,,,,,,,,,,,,,,,,,,,,,,,,,,,,,,,,,,,,,,,,
0.132183908045977,0.1924090038314176,0.1627155172413793,0.0692049808429118,0.0233477011494252,0.0277777777777777,0.0967432950191571,0.1521791187739463,0.0538793103448276,0.0542385057471264,0.0211925287356321,0.0778256704980843,0.015777407253022,0.1388411838265944,0.037865777407253,0.0063109629012088,0.0031554814506044,0.0,0.0094664443518132,0.0441767403084618,0.0094664443518132,0.0,0.0126219258024176,0.0347102959566486,0.0097087378640776,0.3592233009708738,0.116504854368932,0.0,0.0,0.0,0.0,0.0776699029126213,0.0097087378640776,0.0,0.0097087378640776,0.0194174757281553,0.5506241331484051,0.5520110957004161,0.5603328710124827,0.565880721220527,0.5866851595006934,0.6019417475728157,0.6199722607489598,0.6712898751733705,0.6754507628294038,0.667128987517337,0.6463245492371706,0.6324549237170596,32,,,,,,,,,,,,,,,,,,,,,,,,,,,,,,,,,,,,,,,,,,,,,,,,
0.3518917624521073,0.1993534482758621,0.2119252873563218,0.0714798850574712,0.0122126436781609,0.0059865900383141,0.0076628352490421,0.130507662835249,0.0670498084291187,0.0480124521072797,0.0380747126436781,0.0735153256704981,0.0694205919132972,0.1167528136723635,0.0094664443518132,0.0315548145060441,0.0,0.0,0.0,0.0283993330554397,0.037865777407253,0.0094664443518132,0.0252438516048353,0.0946644435181325,0.1650485436893204,0.3203883495145631,0.0097087378640776,0.0970873786407767,0.0,0.0,0.0,0.0485436893203883,0.087378640776699,0.0194174757281553,0.087378640776699,0.203883495145631,0.6158113730929267,0.5936199722607489,0.5922330097087379,0.6047156726768378,0.6449375866851595,0.6990291262135924,0.7447988904299585,0.7489597780859918,0.7350901525658807,0.6934812760055479,0.6366158113730931,0.5700416088765604,32,,,,,,,,,,,,,,,,,,,,,,,,,,,,,,,,,,,,,,,,,,,,,,,,
0.2540708812260537,0.7355124521072798,0.3154932950191572,0.213242337164751,0.1767241379310345,0.1974377394636015,0.180316091954023,0.2642480842911878,0.158764367816092,0.1042863984674329,0.0517241379310344,0.1793582375478928,0.0504877032096707,0.1262192580241767,0.0283993330554397,0.0094664443518132,0.0,0.0,0.0126219258024176,0.0189328887036265,0.0410212588578574,0.0504877032096707,0.0031554814506044,0.0220883701542309,0.203883495145631,0.4174757281553398,0.1067961165048543,0.0,0.0,0.0,0.029126213592233,0.029126213592233,0.1359223300970873,0.029126213592233,0.0,0.0388349514563106,0.4382801664355062,0.4438280166435506,0.4466019417475729,0.4479889042995839,0.4785020804438281,0.5062413314840499,0.5755894590846048,0.5963938973647712,0.579750346740638,0.549237170596394,0.5395284327323163,0.5090152565880722,32,,,,,,,,,,,,,,,,,,,,,,,,,,,,,,,,,,,,,,,,,,,,,,,,
0.1760057471264368,0.3376436781609196,0.255028735632184,0.2157567049808429,0.0900383141762452,0.1666666666666667,0.1546934865900383,0.1934865900383142,0.1476293103448276,0.1973180076628353,0.2210249042145594,0.4364224137931036,0.0441767403084618,0.0788870362651104,0.0504877032096707,0.0252438516048353,0.0,0.0,0.0094664443518132,0.0126219258024176,0.0094664443518132,0.0031554814506044,0.0031554814506044,0.0504877032096707,0.1262135922330097,0.2621359223300971,0.2135922330097087,0.029126213592233,0.0,0.0,0.0194174757281553,0.0194174757281553,0.0194174757281553,0.0,0.0,0.1844660194174757,0.5104022191400832,0.492371705963939,0.492371705963939,0.4993065187239945,0.40499306518724,0.4036061026352289,0.4133148404993065,0.4632454923717061,0.4466019417475729,0.4244105409153953,0.3744798890429959,0.3425797503467407,32,,,,,,,,,,,,,,,,,,,,,,,,,,,,,,,,,,,,,,,,,,,,,,,,
0.5167624521072798,0.2690373563218391,0.3090277777777778,0.2318007662835249,0.2264128352490421,0.2152777777777778,0.2869971264367817,0.2189894636015326,0.1228448275862068,0.1003352490421456,0.0445402298850574,0.1999521072796935,0.0725760733639016,0.1009754064193414,0.0031554814506044,0.0504877032096707,0.0031554814506044,0.0,0.0126219258024176,0.0031554814506044,0.0220883701542309,0.0536431846602751,0.0,0.0315548145060441,0.2135922330097087,0.3398058252427184,0.0,0.1359223300970873,0.0,0.0,0.0194174757281553,0.0,0.0679611650485436,0.029126213592233,0.0,0.087378640776699,0.3453536754507628,0.2940360610263523,0.2981969486823856,0.3453536754507628,0.4077669902912622,0.4438280166435506,0.4576976421636616,0.4646324549237171,0.4549237170596394,0.4299583911234397,0.4119278779472954,0.3717059639389737,32,,,,,,,,,,,,,,,,,,,,,,,,,,,,,,,,,,,,,,,,,,,,,,,,
0.3966714559386973,0.3449473180076629,0.5021551724137931,0.1645114942528736,0.1934865900383142,0.1936063218390805,0.2875957854406131,0.2861590038314177,0.1221264367816092,0.1672653256704981,0.102610153256705,0.1367337164750958,0.037865777407253,0.0694205919132972,0.0946644435181325,0.0126219258024176,0.0,0.0,0.0126219258024176,0.0063109629012088,0.0315548145060441,0.0126219258024176,0.0031554814506044,0.0410212588578574,0.0776699029126213,0.2233009708737864,0.3980582524271844,0.0,0.0,0.0,0.0194174757281553,0.0097087378640776,0.058252427184466,0.0,0.0,0.1067961165048543,0.3356449375866852,0.3370319001386962,0.3550624133148405,0.3841886269070735,0.4174757281553398,0.4410540915395284,0.4854368932038835,0.4826629680998613,0.4826629680998613,0.4549237170596394,0.4257975034674064,0.3744798890429959,32,,,,,,,,,,,,,,,,,,,,,,,,,,,,,,,,,,,,,,,,,,,,,,,,
0.0562739463601532,0.1933668582375479,0.5004789272030653,0.3718869731800767,0.1896551724137931,0.243654214559387,0.2219827586206897,0.2713122605363985,0.1087164750957854,0.0168821839080459,0.1455938697318008,0.0571120689655172,0.0504877032096707,0.1356857023759899,0.0126219258024176,0.0,0.0,0.0,0.0031554814506044,0.0220883701542309,0.0220883701542309,0.0031554814506044,0.0031554814506044,0.0567986661108795,0.233009708737864,0.3883495145631068,0.0,0.0,0.0,0.0,0.0,0.058252427184466,0.0485436893203883,0.0097087378640776,0.0,0.2135922330097087,0.3356449375866852,0.3217753120665743,0.3439667128987517,0.377253814147018,0.4119278779472954,0.4590846047156727,0.4785020804438281,0.5159500693481277,0.5187239944521499,0.4687933425797503,0.4327323162274619,0.3647711511789182,32,,,,,,,,,,,,,,,,,,,,,,,,,,,,,,,,,,,,,,,,,,,,,,,,
0.1008141762452107,0.2432950191570881,0.2564655172413794,0.3403975095785441,0.1965996168582375,0.2321599616858238,0.2145593869731801,0.2461685823754789,0.1772030651340996,0.0817768199233716,0.0049090038314176,0.0516044061302682,0.0883534806169237,0.0410212588578574,0.0410212588578574,0.0063109629012088,0.0,0.0,0.0,0.0315548145060441,0.0063109629012088,0.0,0.0031554814506044,0.0094664443518132,0.2427184466019417,0.1262135922330097,0.1650485436893204,0.0097087378640776,0.0,0.0,0.0,0.058252427184466,0.0,0.0,0.0,0.0097087378640776,0.3467406380027739,0.319001386962552,0.3079056865464633,0.3314840499306519,0.4396671289875174,0.4895977808599168,0.5228848821081832,0.535367545076283,0.5270457697642164,0.4979195561719834,0.4757281553398058,0.4271844660194175,32,,,,,,,,,,,,,,,,,,,,,,,,,,,,,,,,,,,,,,,,,,,,,,,,
0.0255028735632183,0.1203304597701149,0.2726293103448276,0.1943247126436782,0.1766044061302682,0.1928879310344828,0.2083333333333334,0.2253352490421456,0.0834530651340996,0.0284961685823754,0.008022030651341,0.0101772030651341,0.0189328887036265,0.1041308878699458,0.0031554814506044,0.0126219258024176,0.0,0.0031554814506044,0.0,0.0063109629012088,0.0473322217590662,0.0,0.0,0.0,0.0679611650485436,0.3980582524271844,0.0,0.0097087378640776,0.0,0.0,0.0,0.0,0.1553398058252427,0.0,0.0,0.0,0.4008321775312067,0.3647711511789182,0.3647711511789182,0.3938973647711511,0.5034674063800277,0.5450762829403606,0.5617198335644938,0.5617198335644938,0.5409153952843274,0.4937586685159501,0.4687933425797503,0.4715672676837725,32,,,,,,,,,,,,,,,,,,,,,,,,,,,,,,,,,,,,,,,,,,,,,,,,
0.0090996168582375,0.0851293103448276,0.2249760536398468,0.1944444444444445,0.1278735632183908,0.0827346743295019,0.1666666666666667,0.1458333333333333,0.1283524904214559,0.0165229885057471,0.0944683908045977,0.0921934865900383,0.0,0.0725760733639016,0.0631096290120883,0.0063109629012088,0.0,0.0,0.0,0.0063109629012088,0.0126219258024176,0.0189328887036265,0.0031554814506044,0.0473322217590662,0.0,0.1941747572815534,0.233009708737864,0.0,0.0,0.0,0.0,0.0,0.0485436893203883,0.0097087378640776,0.0485436893203883,0.087378640776699,0.4715672676837725,0.4660194174757282,0.420249653259362,0.4618585298196949,0.5492371705963939,0.5922330097087379,0.6005547850208044,0.6421636615811374,0.6449375866851595,0.5686546463245493,0.5256588072122054,0.5589459084604715,32,,,,,,,,,,,,,,,,,,,,,,,,,,,,,,,,,,,,,,,,,,,,,,,,
0.2898706896551725,0.2025862068965517,0.2222222222222223,0.0844109195402298,0.0095785440613026,0.0116139846743295,0.0938697318007663,0.1221264367816092,0.1579262452107279,0.2545498084291188,0.1572078544061303,0.1859434865900384,0.0283993330554397,0.0820425177157148,0.0662651104626927,0.0347102959566486,0.0,0.0,0.0031554814506044,0.037865777407253,0.0126219258024176,0.0504877032096707,0.0252438516048353,0.0283993330554397,0.0679611650485436,0.2621359223300971,0.2524271844660194,0.087378640776699,0.0,0.0,0.0,0.1067961165048543,0.0194174757281553,0.145631067961165,0.0097087378640776,0.0970873786407767,0.5284327323162274,0.4840499306518725,0.4687933425797503,0.492371705963939,0.5117891816920944,0.5520110957004161,0.6005547850208044,0.6782246879334259,0.6560332871012483,0.6324549237170597,0.6227461858529821,0.5617198335644938,22,,,,,,,,,,,,,,,,,,,,,,,,,,,,,,,,,,,,,,,,,,,,,,,,
0.2252155172413793,0.1962404214559387,0.1877394636015326,0.0907567049808429,0.0111350574712643,0.075191570881226,0.1778017241379311,0.102610153256705,0.0166427203065134,0.1047653256704981,0.0979406130268199,0.2362308429118775,0.1009754064193414,0.1072863693205502,0.0504877032096707,0.0126219258024176,0.0,0.0,0.015777407253022,0.015777407253022,0.0126219258024176,0.0063109629012088,0.0031554814506044,0.0599541475614839,0.3203883495145631,0.3300970873786408,0.1359223300970873,0.0097087378640776,0.0,0.0,0.029126213592233,0.0485436893203883,0.0097087378640776,0.0097087378640776,0.0,0.174757281553398,0.5284327323162274,0.5353675450762829,0.5187239944521499,0.5173370319001387,0.5423023578363385,0.5325936199722608,0.5104022191400832,0.492371705963939,0.5006934812760055,0.5048543689320389,0.490984743411928,0.4757281553398058,22,,,,,,,,,,,,,,,,,,,,,,,,,,,,,,,,,,,,,,,,,,,,,,,,
0.4621647509578545,0.1785201149425287,0.2808908045977012,0.5211925287356323,0.1530172413793104,0.0886015325670498,0.2076149425287356,0.0866858237547893,0.1181752873563218,0.011015325670498,0.0487308429118774,0.07602969348659,0.0631096290120883,0.1293747394747811,0.0473322217590662,0.0094664443518132,0.0,0.0,0.0189328887036265,0.0,0.0283993330554397,0.0031554814506044,0.0063109629012088,0.0126219258024176,0.2135922330097087,0.3106796116504854,0.1553398058252427,0.0,0.0,0.0,0.0388349514563106,0.0,0.0776699029126213,0.0,0.0194174757281553,0.0194174757281553,0.4590846047156727,0.4368932038834952,0.4590846047156727,0.4757281553398058,0.5104022191400832,0.5769764216366159,0.6019417475728157,0.5894590846047157,0.5312066574202496,0.5006934812760055,0.4868238557558946,0.4618585298196949,22,,,,,,,,,,,,,,,,,,,,,,,,,,,,,,,,,,,,,,,,,,,,,,,,
0.1163793103448276,0.3162116858237548,0.2546695402298851,0.0158045977011494,0.0111350574712643,0.1896551724137931,0.1746886973180077,0.1861829501915709,0.0414272030651341,0.0314894636015325,0.4394157088122606,0.0806992337164751,0.0347102959566486,0.1293747394747811,0.0315548145060441,0.0031554814506044,0.0,0.0031554814506044,0.0126219258024176,0.0063109629012088,0.0220883701542309,0.0441767403084618,0.015777407253022,0.015777407253022,0.145631067961165,0.4368932038834951,0.087378640776699,0.0,0.0,0.0,0.029126213592233,0.0,0.0679611650485436,0.029126213592233,0.0,0.029126213592233,0.4424410540915395,0.4216366158113732,0.418862690707351,0.4479889042995839,0.4687933425797503,0.5020804438280168,0.5409153952843274,0.5755894590846048,0.5866851595006934,0.5464632454923718,0.5201109570041609,0.5117891816920944,32,,,,,,,,,,,,,,,,,,,,,,,,,,,,,,,,,,,,,,,,,,,,,,,,
0.190852490421456,0.317528735632184,0.1940852490421456,0.101772030651341,0.1132662835249042,0.1940852490421456,0.1420019157088122,0.2232998084291188,0.1381704980842912,0.2423371647509579,0.2965756704980843,0.0391522988505747,0.0410212588578574,0.0788870362651104,0.0978199249687369,0.0126219258024176,0.0,0.0,0.0,0.0315548145060441,0.0063109629012088,0.0504877032096707,0.015777407253022,0.0063109629012088,0.174757281553398,0.1844660194174757,0.3398058252427184,0.0,0.0,0.0,0.0,0.0679611650485436,0.0097087378640776,0.0485436893203883,0.0097087378640776,0.0097087378640776,0.4826629680998613,0.4147018030513176,0.4355062413314841,0.4729542302357836,0.5006934812760057,0.5312066574202496,0.5575589459084606,0.6033287101248267,0.6116504854368933,0.5423023578363384,0.5201109570041609,0.5187239944521499,32,,,,,,,,,,,,,,,,,,,,,,,,,,,,,,,,,,,,,,,,,,,,,,,,
0.0811781609195402,0.1192528735632184,0.1424808429118774,0.0878831417624521,0.1737308429118774,0.1088362068965517,0.1495450191570881,0.1785201149425287,0.1922892720306514,0.522749042145594,0.4929358237547893,0.0876436781609195,0.0252438516048353,0.0,0.0694205919132972,0.0,0.0094664443518132,0.0,0.0,0.037865777407253,0.1009754064193414,0.0788870362651104,0.0631096290120883,0.0031554814506044,0.0679611650485436,0.0097087378640776,0.2135922330097087,0.0,0.0194174757281553,0.0,0.0,0.1359223300970873,0.2912621359223301,0.0485436893203883,0.174757281553398,0.0,0.4687933425797503,0.4674063800277393,0.4563106796116506,0.4632454923717061,0.5020804438280168,0.5631067961165049,0.6005547850208044,0.6033287101248267,0.6241331484049931,0.60748959778086,0.5395284327323163,0.5256588072122054,13,,,,,,,,,,,,,,,,,,,,,,,,,,,,,,,,,,,,,,,,,,,,,,,,
0.0132902298850574,0.202705938697318,0.1358955938697318,0.1356561302681992,0.0757902298850575,0.1302681992337165,0.2011494252873563,0.1255986590038314,0.1933668582375479,0.0463362068965517,0.1176963601532567,0.1029693486590038,0.0,0.0725760733639016,0.0473322217590662,0.0252438516048353,0.0,0.0,0.0189328887036265,0.0063109629012088,0.0189328887036265,0.0063109629012088,0.0063109629012088,0.0252438516048353,0.0,0.2233009708737864,0.174757281553398,0.029126213592233,0.0,0.0,0.0388349514563106,0.0,0.0388349514563106,0.0194174757281553,0.0097087378640776,0.0485436893203883,0.5104022191400832,0.4854368932038835,0.4618585298196949,0.4646324549237171,0.4687933425797503,0.5159500693481277,0.5977808599167822,0.6116504854368932,0.564493758668516,0.5214979195561721,0.490984743411928,0.4507628294036061,32,,,,,,,,,,,,,,,,,,,,,,,,,,,,,,,,,,,,,,,,,,,,,,,,
0.2001915708812261,0.1349377394636015,0.2238984674329502,0.1713362068965517,0.1762452107279693,0.1354166666666667,0.2367097701149426,0.2363505747126437,0.0972222222222222,0.1094348659003831,0.0957854406130268,0.2045019157088123,0.0694205919132972,0.1199082951229679,0.0031554814506044,0.0126219258024176,0.0,0.0,0.0189328887036265,0.0252438516048353,0.0063109629012088,0.0031554814506044,0.0126219258024176,0.0283993330554397,0.233009708737864,0.3689320388349514,0.0097087378640776,0.0194174757281553,0.0,0.0,0.029126213592233,0.0679611650485436,0.029126213592233,0.0194174757281553,0.0388349514563106,0.087378640776699,0.3703190013869625,0.3661581137309293,0.3592233009708738,0.4063800277392511,0.4563106796116506,0.4979195561719834,0.5173370319001387,0.490984743411928,0.4535367545076283,0.4327323162274619,0.4216366158113731,0.4188626907073509,32,,,,,,,,,,,,,,,,,,,,,,,,,,,,,,,,,,,,,,,,,,,,,,,,
0.2929837164750958,0.2601772030651341,0.4040948275862069,0.2092911877394636,0.1380507662835249,0.1817528735632184,0.2447318007662835,0.1902538314176245,0.1487068965517241,0.12080938697318,0.2198275862068966,0.3461446360153257,0.037865777407253,0.1514631096290121,0.015777407253022,0.0031554814506044,0.0,0.0031554814506044,0.015777407253022,0.0,0.0347102959566486,0.037865777407253,0.015777407253022,0.0441767403084618,0.1650485436893204,0.5145631067961165,0.029126213592233,0.0,0.0,0.0097087378640776,0.029126213592233,0.0,0.1067961165048543,0.1359223300970873,0.058252427184466,0.1262135922330097,0.420249653259362,0.4216366158113731,0.4160887656033287,0.4160887656033287,0.4382801664355062,0.5104022191400832,0.5575589459084606,0.5339805825242719,0.5589459084604715,0.5423023578363384,0.4674063800277393,0.4216366158113731,32,,,,,,,,,,,,,,,,,,,,,,,,,,,,,,,,,,,,,,,,,,,,,,,,
0.4448036398467433,0.1733716475095785,0.3649425287356322,0.2903496168582376,0.1603208812260536,0.1782806513409962,0.2180316091954023,0.1945641762452107,0.1995929118773947,0.0366379310344827,0.1484674329501916,0.1471503831417625,0.1041308878699458,0.0094664443518132,0.0536431846602751,0.0567986661108795,0.0,0.0,0.015777407253022,0.0094664443518132,0.0220883701542309,0.0063109629012088,0.0063109629012088,0.015777407253022,0.2718446601941747,0.0194174757281553,0.1359223300970873,0.1844660194174757,0.0,0.0,0.0194174757281553,0.0097087378640776,0.058252427184466,0.0097087378640776,0.0,0.029126213592233,0.3717059639389737,0.3786407766990292,0.4230235783633842,0.4549237170596394,0.5242718446601942,0.5575589459084606,0.5839112343966714,0.5742024965325937,0.5242718446601942,0.4715672676837725,0.449375866851595,0.4479889042995839,32,,,,,,,,,,,,,,,,,,,,,,,,,,,,,,,,,,,,,,,,,,,,,,,,
0.2461685823754789,0.2993295019157088,0.2693965517241379,0.1606800766283525,0.1102729885057471,0.1756465517241379,0.1439176245210728,0.1673850574712644,0.0531609195402299,0.0123323754789272,0.0409482758620689,0.100933908045977,0.0347102959566486,0.0536431846602751,0.0725760733639016,0.0063109629012088,0.0,0.0063109629012088,0.015777407253022,0.015777407253022,0.0126219258024176,0.0094664443518132,0.015777407253022,0.0126219258024176,0.1067961165048543,0.145631067961165,0.233009708737864,0.0,0.0,0.0,0.0388349514563106,0.0097087378640776,0.029126213592233,0.058252427184466,0.0,0.029126213592233,0.4895977808599168,0.4840499306518725,0.4410540915395284,0.4826629680998613,0.5284327323162274,0.5575589459084606,0.6005547850208044,0.6171983356449376,0.6047156726768377,0.5769764216366158,0.5228848821081832,0.4687933425797503,32,,,,,,,,,,,,,,,,,,,,,,,,,,,,,,,,,,,,,,,,,,,,,,,,
0.105603448275862,0.2019875478927204,0.2252155172413793,0.0771072796934866,0.1071599616858237,0.1203304597701149,0.2455699233716475,0.1707375478927203,0.1533764367816092,0.136374521072797,0.0895593869731801,0.3140565134099617,0.0189328887036265,0.0662651104626927,0.1262192580241767,0.0094664443518132,0.0,0.0,0.0,0.0315548145060441,0.0252438516048353,0.0536431846602751,0.0315548145060441,0.0662651104626927,0.0485436893203883,0.1844660194174757,0.4077669902912621,0.0,0.0,0.0,0.0,0.0388349514563106,0.0485436893203883,0.1650485436893204,0.029126213592233,0.1941747572815534,0.40499306518724,0.4022191400832178,0.377253814147018,0.4174757281553398,0.5117891816920944,0.5395284327323163,0.5769764216366158,0.5728155339805825,0.5617198335644938,0.5561719833564495,0.5312066574202496,0.5339805825242719,22,,,,,,,,,,,,,,,,,,,,,,,,,,,,,,,,,,,,,,,,,,,,,,,,
0.0924329501915709,0.1540948275862069,0.2011494252873563,0.0694444444444444,0.0931513409961685,0.0870450191570881,0.087404214559387,0.1108716475095785,0.0484913793103448,0.1481082375478927,0.7051005747126439,0.2817289272030652,0.0220883701542309,0.1388411838265944,0.0,0.0094664443518132,0.0063109629012088,0.0,0.0,0.0063109629012088,0.0252438516048353,0.0978199249687369,0.0599541475614839,0.0347102959566486,0.1067961165048543,0.4563106796116505,0.0,0.0097087378640776,0.0194174757281553,0.0,0.0,0.0,0.058252427184466,0.145631067961165,0.058252427184466,0.0097087378640776,0.521497919556172,0.5228848821081832,0.5117891816920944,0.535367545076283,0.6130374479889044,0.6490984743411928,0.6823855755894592,0.665742024965326,0.6130374479889044,0.5755894590846048,0.5631067961165049,0.5880721220527046,32,,,,,,,,,,,,,,,,,,,,,,,,,,,,,,,,,,,,,,,,,,,,,,,,
0.2262931034482759,0.1534961685823755,0.1193726053639847,0.0538793103448276,0.0128113026819923,0.0112547892720306,0.0446599616858237,0.0111350574712643,0.0803400383141762,0.5190373563218391,0.0985392720306513,0.1215277777777778,0.0094664443518132,0.1009754064193414,0.0599541475614839,0.0094664443518132,0.0,0.0,0.015777407253022,0.0,0.0662651104626927,0.0410212588578574,0.0126219258024176,0.0094664443518132,0.058252427184466,0.2718446601941747,0.203883495145631,0.0,0.0,0.0,0.0194174757281553,0.0,0.087378640776699,0.0679611650485436,0.0097087378640776,0.0194174757281553,0.5742024965325937,0.5450762829403606,0.5395284327323163,0.5825242718446603,0.6171983356449376,0.6241331484049931,0.6213592233009709,0.6061026352288489,0.5825242718446603,0.5506241331484051,0.5506241331484051,0.5492371705963939,32,,,,,,,,,,,,,,,,,,,,,,,,,,,,,,,,,,,,,,,,,,,,,,,,
0.3405172413793104,0.2062978927203065,0.1878591954022988,0.1014128352490421,0.0204741379310344,0.0222701149425287,0.060823754789272,0.0847701149425287,0.1279932950191571,0.0154454022988505,0.0396312260536398,0.1827107279693487,0.0441767403084618,0.1104418507711546,0.075731554814506,0.0063109629012088,0.0,0.0,0.0126219258024176,0.0220883701542309,0.0094664443518132,0.0,0.0,0.0220883701542309,0.145631067961165,0.3300970873786408,0.2621359223300971,0.0,0.0,0.0,0.029126213592233,0.0194174757281553,0.0097087378640776,0.0,0.0,0.0679611650485436,0.5464632454923718,0.5298196948682387,0.5145631067961166,0.5173370319001387,0.5492371705963939,0.6019417475728157,0.579750346740638,0.5575589459084606,0.5506241331484051,0.5256588072122054,0.5256588072122054,0.5409153952843274,22,,,,,,,,,,,,,,,,,,,,,,,,,,,,,,,,,,,,,,,,,,,,,,,,
0.2095306513409962,0.20522030651341,0.2316810344827586,0.1363745210727969,0.0795019157088122,0.1227250957854406,0.1331417624521073,0.1573275862068965,0.1173371647509578,0.1107519157088122,0.0993773946360153,0.1661877394636015,0.0725760733639016,0.1325302209253855,0.0347102959566486,0.0,0.0,0.0,0.0189328887036265,0.0031554814506044,0.015777407253022,0.0063109629012088,0.0,0.015777407253022,0.1941747572815534,0.4466019417475728,0.0776699029126213,0.0,0.0,0.0,0.0194174757281553,0.0097087378640776,0.0194174757281553,0.0,0.0,0.029126213592233,0.5367545076282941,0.5256588072122054,0.5395284327323163,0.5339805825242719,0.5423023578363384,0.5714285714285715,0.5825242718446603,0.5908460471567268,0.6047156726768378,0.6171983356449376,0.5950069348127602,0.5714285714285715,32,,,,,,,,,,,,,,,,,,,,,,,,,,,,,,,,,,,,,,,,,,,,,,,,
0.2625718390804598,0.1774425287356322,0.4596503831417626,0.1261973180076628,0.0880028735632184,0.0915948275862069,0.1364942528735632,0.1788793103448276,0.1561302681992337,0.0966235632183908,0.0176005747126436,0.2628113026819924,0.0347102959566486,0.0725760733639016,0.0788870362651104,0.0094664443518132,0.0,0.0,0.0126219258024176,0.0189328887036265,0.037865777407253,0.0063109629012088,0.0,0.0410212588578574,0.029126213592233,0.1844660194174757,0.2718446601941747,0.0097087378640776,0.0,0.0,0.0194174757281553,0.0097087378640776,0.0970873786407767,0.0,0.0,0.0388349514563106,0.5367545076282941,0.5145631067961166,0.5131761442441054,0.5048543689320389,0.4993065187239945,0.5159500693481277,0.5533980582524273,0.6144244105409155,0.6116504854368932,0.5755894590846048,0.5367545076282941,0.4951456310679612,22,,,,,,,,,,,,,,,,,,,,,,,,,,,,,,,,,,,,,,,,,,,,,,,,
0.3775143678160921,0.1860632183908046,0.2681992337164752,0.1404454022988506,0.1412835249042146,0.1719348659003831,0.1572078544061303,0.161757662835249,0.1404454022988506,0.0253831417624521,0.0288553639846743,0.0438218390804597,0.0315548145060441,0.0504877032096707,0.0915089620675281,0.0094664443518132,0.0,0.0031554814506044,0.0094664443518132,0.0189328887036265,0.0315548145060441,0.0094664443518132,0.0031554814506044,0.0063109629012088,0.0970873786407767,0.1553398058252427,0.2815533980582524,0.0,0.0,0.0,0.0194174757281553,0.0097087378640776,0.1067961165048543,0.0,0.0,0.0194174757281553,0.4507628294036061,0.4410540915395284,0.4646324549237171,0.4840499306518725,0.5201109570041609,0.5575589459084606,0.5852981969486825,0.6047156726768378,0.5686546463245493,0.5436893203883496,0.5214979195561721,0.5020804438280168,22,,,,,,,,,,,,,,,,,,,,,,,,,,,,,,,,,,,,,,,,,,,,,,,,
0.220426245210728,0.5051484674329503,0.2777777777777778,0.0830938697318007,0.0172413793103448,0.0217911877394636,0.0422653256704981,0.0269396551724137,0.3057950191570882,0.3647030651340997,0.1785201149425287,0.1931273946360153,0.0694205919132972,0.0473322217590662,0.1009754064193414,0.0063109629012088,0.0,0.0,0.0126219258024176,0.0126219258024176,0.0694205919132972,0.015777407253022,0.037865777407253,0.0063109629012088,0.145631067961165,0.1262135922330097,0.3106796116504854,0.0,0.0,0.0,0.0194174757281553,0.0097087378640776,0.2135922330097087,0.0194174757281553,0.058252427184466,0.0,0.4895977808599168,0.49375866851595,0.492371705963939,0.5020804438280168,0.5436893203883496,0.5672676837725382,0.5672676837725382,0.5839112343966714,0.6047156726768377,0.5880721220527046,0.5631067961165049,0.5395284327323163,32,,,,,,,,,,,,,,,,,,,,,,,,,,,,,,,,,,,,,,,,,,,,,,,,
0.2739463601532568,0.1561302681992337,0.5168821839080461,0.1190134099616858,0.1239224137931034,0.1315852490421456,0.1283524904214559,0.1138649425287356,0.0923132183908046,0.0170019157088122,0.0893199233716475,0.0314894636015325,0.0567986661108795,0.1987953313880783,0.0094664443518132,0.0094664443518132,0.0,0.0,0.0,0.0220883701542309,0.015777407253022,0.0063109629012088,0.0536431846602751,0.0,0.087378640776699,0.4563106796116505,0.0194174757281553,0.0,0.0,0.0,0.0,0.029126213592233,0.029126213592233,0.0194174757281553,0.1553398058252427,0.0,0.5436893203883496,0.5242718446601942,0.5187239944521499,0.5325936199722608,0.5506241331484051,0.5575589459084606,0.5825242718446603,0.5922330097087379,0.6047156726768378,0.5922330097087379,0.5631067961165048,0.535367545076283,32,,,,,,,,,,,,,,,,,,,,,,,,,,,,,,,,,,,,,,,,,,,,,,,,
0.0213122605363984,0.1240421455938697,0.2310823754789272,0.171455938697318,0.0936302681992337,0.115301724137931,0.1107519157088122,0.1721743295019157,0.15625,0.4732998084291189,0.1726532567049808,0.1034482758620689,0.0,0.0978199249687369,0.0,0.015777407253022,0.0031554814506044,0.0,0.0031554814506044,0.015777407253022,0.0725760733639016,0.0441767403084618,0.0031554814506044,0.0094664443518132,0.0,0.3203883495145631,0.0,0.029126213592233,0.0,0.0,0.0,0.0194174757281553,0.1067961165048543,0.0776699029126213,0.0,0.0097087378640776,0.5062413314840499,0.4868238557558945,0.4687933425797503,0.4646324549237171,0.4743411927877948,0.5062413314840499,0.5922330097087379,0.6130374479889044,0.5936199722607489,0.5575589459084606,0.5242718446601942,0.4993065187239945,32,,,,,,,,,,,,,,,,,,,,,,,,,,,,,,,,,,,,,,,,,,,,,,,,
0.270234674329502,0.5306513409961687,0.978448275862069,0.1922892720306514,0.1271551724137931,0.132183908045977,0.1809147509578544,0.123323754789272,0.1217672413793103,0.0603448275862069,0.0096982758620689,0.1484674329501916,0.1483076281784076,0.1640850354314297,0.0978199249687369,0.0094664443518132,0.0,0.0031554814506044,0.0094664443518132,0.015777407253022,0.0063109629012088,0.0,0.0,0.015777407253022,0.3495145631067961,0.3592233009708738,0.3106796116504854,0.0,0.0,0.0,0.029126213592233,0.0194174757281553,0.0097087378640776,0.0,0.0,0.0194174757281553,0.4882108183079057,0.4965325936199722,0.4840499306518725,0.4812760055478502,0.5048543689320389,0.5603328710124827,0.5728155339805825,0.5603328710124827,0.5589459084604715,0.5478502080443829,0.5048543689320389,0.4438280166435506,32,,,,,,,,,,,,,,,,,,,,,,,,,,,,,,,,,,,,,,,,,,,,,,,,
0.0689655172413793,0.0723180076628352,0.1694204980842912,0.1399664750957854,0.1479885057471265,0.1503831417624521,0.1734913793103449,0.2455699233716475,0.1528975095785441,0.1005747126436781,0.125,0.084051724137931,0.0,0.0,0.037865777407253,0.0,0.0,0.0,0.0,0.0220883701542309,0.0063109629012088,0.0063109629012088,0.0063109629012088,0.0,0.0,0.0,0.1067961165048543,0.0,0.0,0.0,0.0,0.0485436893203883,0.0097087378640776,0.0,0.0,0.0,0.4216366158113731,0.4271844660194175,0.4313453536754508,0.449375866851595,0.4840499306518725,0.5339805825242719,0.5547850208044384,0.579750346740638,0.5742024965325937,0.5575589459084606,0.4826629680998613,0.4715672676837725,32,,,,,,,,,,,,,,,,,,,,,,,,,,,,,,,,,,,,,,,,,,,,,,,,
0.1124281609195402,0.1069204980842912,0.1653496168582376,0.1404454022988506,0.1422413793103448,0.1489463601532567,0.1467911877394636,0.1779214559386973,0.146551724137931,0.1520593869731801,0.0977011494252873,0.2258141762452107,0.0126219258024176,0.0473322217590662,0.0094664443518132,0.0,0.0,0.0,0.0,0.0094664443518132,0.0094664443518132,0.0094664443518132,0.0,0.0220883701542309,0.0388349514563106,0.1359223300970873,0.0,0.0,0.0,0.0,0.0,0.0097087378640776,0.0194174757281553,0.0,0.0,0.058252427184466,0.4576976421636616,0.4521497919556173,0.4410540915395284,0.4479889042995839,0.4590846047156727,0.4826629680998613,0.4826629680998613,0.4979195561719834,0.5312066574202496,0.5131761442441054,0.4868238557558945,0.4687933425797503,32,,,,,,,,,,,,,,,,,,,,,,,,,,,,,,,,,,,,,,,,,,,,,,,,
0.1198515325670498,0.1075191570881226,0.1695402298850575,0.0811781609195402,0.1478687739463602,0.1610392720306513,0.1684626436781609,0.1995929118773947,0.1427203065133995,0.0965038314176245,0.1012931034482758,0.0762691570881226,0.0126219258024176,0.0252438516048353,0.0094664443518132,0.0031554814506044,0.0,0.0031554814506044,0.0,0.0126219258024176,0.0126219258024176,0.0063109629012088,0.0094664443518132,0.0,0.0194174757281553,0.1067961165048543,0.0,0.0,0.0,0.0,0.0,0.0,0.0388349514563106,0.0194174757281553,0.0,0.0097087378640776,0.490984743411928,0.4882108183079057,0.4674063800277393,0.4715672676837725,0.4618585298196949,0.5270457697642164,0.5755894590846048,0.5922330097087379,0.565880721220527,0.5464632454923718,0.5228848821081832,0.5006934812760055,32,,,,,,,,,,,,,,,,,,,,,,,,,,,,,,,,,,,,,,,,,,,,,,,,
0.0957854406130268,0.0872844827586207,0.1404454022988506,0.0866858237547893,0.166786398467433,0.1654693486590038,0.1698994252873563,0.2015086206896552,0.0905172413793103,0.1812739463601533,0.0421455938697318,0.0299329501915709,0.0220883701542309,0.0283993330554397,0.0063109629012088,0.0031554814506044,0.0,0.0,0.0,0.0094664443518132,0.0063109629012088,0.0094664443518132,0.0063109629012088,0.0031554814506044,0.058252427184466,0.1067961165048543,0.0,0.0,0.0,0.0,0.0,0.029126213592233,0.0,0.0194174757281553,0.0,0.0,0.4798890429958392,0.4715672676837725,0.4299583911234397,0.4479889042995839,0.5145631067961165,0.5339805825242719,0.5908460471567267,0.6116504854368932,0.6033287101248267,0.579750346740638,0.5062413314840499,0.4604715672676838,32,,,,,,,,,,,,,,,,,,,,,,,,,,,,,,,,,,,,,,,,,,,,,,,,
0.1706178160919541,0.1181752873563218,0.1143438697318007,0.1391283524904214,0.1234434865900383,0.1768438697318008,0.1888170498084291,0.1761254789272031,0.0911159003831417,0.0830938697318007,0.0525622605363984,0.0545977011494253,0.0220883701542309,0.0094664443518132,0.0252438516048353,0.0031554814506044,0.0,0.0,0.0031554814506044,0.0063109629012088,0.0,0.0063109629012088,0.0063109629012088,0.0031554814506044,0.087378640776699,0.0194174757281553,0.087378640776699,0.0,0.0,0.0,0.0,0.0194174757281553,0.0,0.0097087378640776,0.0,0.0,0.4257975034674064,0.4022191400832178,0.3966712898751734,0.4618585298196949,0.5603328710124827,0.6033287101248267,0.6352288488210819,0.6546463245492372,0.6560332871012483,0.6116504854368933,0.5742024965325937,0.5547850208044384,32,,,,,,,,,,,,,,,,,,,,,,,,,,,,,,,,,,,,,,,,,,,,,,,,
0.0662116858237548,0.0678879310344827,0.0592672413793103,0.014367816091954,0.0314894636015325,0.1409243295019157,0.1293103448275862,0.1375718390804598,0.2619731800766284,0.01352969348659,0.1452346743295019,0.0435823754789272,0.0031554814506044,0.0126219258024176,0.037865777407253,0.0063109629012088,0.0,0.0,0.0,0.0189328887036265,0.0220883701542309,0.0,0.0063109629012088,0.0063109629012088,0.0,0.0388349514563106,0.116504854368932,0.0,0.0,0.0,0.0,0.029126213592233,0.0097087378640776,0.0,0.0097087378640776,0.0194174757281553,0.5020804438280168,0.4812760055478502,0.4757281553398058,0.5381414701803051,0.5880721220527046,0.6269070735090153,0.6601941747572816,0.7004160887656034,0.7156726768377254,0.6754507628294038,0.6393897364771151,0.6102635228848822,32,,,,,,,,,,,,,,,,,,,,,,,,,,,,,,,,,,,,,,,,,,,,,,,,
0.1639128352490422,0.0636973180076628,0.0676484674329502,0.0136494252873563,0.0147270114942528,0.0131704980842911,0.0101772030651341,0.1544540229885057,0.087404214559387,0.541786398467433,0.3425526819923372,0.1139846743295019,0.015777407253022,0.0126219258024176,0.0315548145060441,0.0063109629012088,0.0,0.0,0.0,0.0094664443518132,0.1924843684868695,0.0410212588578574,0.0126219258024176,0.0441767403084618,0.0485436893203883,0.0194174757281553,0.0970873786407767,0.0,0.0,0.0,0.0,0.0194174757281553,0.4271844660194174,0.0388349514563106,0.0194174757281553,0.1262135922330097,0.5603328710124827,0.5395284327323163,0.564493758668516,0.5686546463245493,0.6310679611650486,0.6560332871012483,0.7170596393897366,0.739251040221914,0.7184466019417476,0.6227461858529821,0.5922330097087379,0.565880721220527,13,,,,,,,,,,,,,,,,,,,,,,,,,,,,,,,,,,,,,,,,,,,,,,,,
0.4440852490421457,0.1878591954022988,0.0959051724137931,0.0164032567049808,0.0168821839080459,0.0180795019157088,0.0180795019157088,0.0853687739463601,0.0896791187739463,0.1342193486590038,0.0246647509578544,0.0263409961685823,0.0694205919132972,0.0567986661108795,0.0126219258024176,0.0,0.0,0.0,0.0031554814506044,0.0031554814506044,0.0283993330554397,0.0189328887036265,0.0031554814506044,0.0252438516048353,0.1650485436893204,0.174757281553398,0.0097087378640776,0.0,0.0,0.0,0.0,0.0,0.0485436893203883,0.0485436893203883,0.0,0.087378640776699,0.5312066574202496,0.4979195561719834,0.4785020804438281,0.4882108183079057,0.5131761442441054,0.5450762829403606,0.5631067961165049,0.5728155339805825,0.565880721220527,0.5298196948682387,0.5048543689320389,0.4937586685159501,22,,,,,,,,,,,,,,,,,,,,,,,,,,,,,,,,,,,,,,,,,,,,,,,,
0.1342193486590038,0.5542385057471266,0.3217193486590039,0.2271312260536399,0.1236829501915709,0.2118055555555556,0.1727729885057471,0.1843869731800766,0.1032088122605364,0.0786637931034482,0.038433908045977,0.0247844827586206,0.0820425177157148,0.1104418507711546,0.0851979991663193,0.0094664443518132,0.0,0.0,0.0126219258024176,0.0126219258024176,0.0063109629012088,0.015777407253022,0.0094664443518132,0.0126219258024176,0.1553398058252427,0.3203883495145631,0.2718446601941747,0.0,0.0,0.0,0.029126213592233,0.0194174757281553,0.058252427184466,0.0194174757281553,0.0679611650485436,0.0194174757281553,0.4743411927877948,0.4687933425797503,0.4549237170596394,0.4785020804438281,0.5104022191400832,0.5284327323162274,0.5533980582524273,0.5825242718446603,0.5811373092926492,0.5631067961165049,0.5242718446601942,0.4826629680998613,32,,,,,,,,,,,,,,,,,,,,,,,,,,,,,,,,,,,,,,,,,,,,,,,,
0.0767480842911877,0.4852729885057472,0.3894875478927204,0.141044061302682,0.1404454022988506,0.1646312260536398,0.1684626436781609,0.1913314176245211,0.0299329501915709,0.0168821839080459,0.0173611111111111,0.1048850574712643,0.0599541475614839,0.1703959983326386,0.0631096290120883,0.0126219258024176,0.0,0.0,0.0126219258024176,0.0283993330554397,0.0126219258024176,0.0,0.0,0.0189328887036265,0.1941747572815534,0.4466019417475728,0.2135922330097087,0.0097087378640776,0.0,0.0,0.0194174757281553,0.0485436893203883,0.0,0.0,0.0,0.0194174757281553,0.4299583911234397,0.4022191400832178,0.3952843273231623,0.4757281553398058,0.5381414701803051,0.5478502080443829,0.5755894590846048,0.6158113730929267,0.6393897364771152,0.6005547850208044,0.5423023578363385,0.507628294036061,32,,,,,,,,,,,,,,,,,,,,,,,,,,,,,,,,,,,,,,,,,,,,,,,,
0.2125239463601533,0.0592672413793103,0.1716954022988506,0.1337404214559387,0.0162835249042145,0.092911877394636,0.1643917624521073,0.0991379310344827,0.1090756704980843,0.0738745210727969,0.038433908045977,0.0264607279693486,0.0252438516048353,0.0031554814506044,0.1199082951229679,0.0883534806169237,0.0,0.0,0.0,0.0126219258024176,0.0189328887036265,0.0283993330554397,0.0315548145060441,0.0725760733639016,0.0388349514563106,0.0,0.2815533980582524,0.2815533980582524,0.0,0.0,0.0,0.0194174757281553,0.0194174757281553,0.0679611650485436,0.0388349514563106,0.029126213592233,0.4854368932038835,0.4521497919556173,0.4438280166435506,0.5506241331484051,0.6005547850208044,0.6255201109570041,0.6865464632454924,0.7198335644937586,0.7295423023578363,0.6879334257975035,0.6393897364771151,0.5936199722607489,32,,,,,,,,,,,,,,,,,,,,,,,,,,,,,,,,,,,,,,,,,,,,,,,,
0.0956657088122605,0.1546934865900383,0.2270114942528736,0.0723180076628352,0.0195162835249042,0.0149664750957854,0.0195162835249042,0.1282327586206897,0.0988984674329502,0.0308908045977011,0.019037356321839,0.0634578544061302,0.0220883701542309,0.0820425177157148,0.0567986661108795,0.0126219258024176,0.0,0.0,0.0,0.0347102959566486,0.0473322217590662,0.0063109629012088,0.0,0.0189328887036265,0.058252427184466,0.2621359223300971,0.1844660194174757,0.0,0.0,0.0,0.0,0.0679611650485436,0.0679611650485436,0.0,0.0,0.0388349514563106,0.5672676837725382,0.4965325936199722,0.5034674063800277,0.5852981969486825,0.6463245492371706,0.6865464632454924,0.7087378640776699,0.7281553398058253,0.737864077669903,0.7087378640776699,0.6574202496532595,0.650485436893204,32,,,,,,,,,,,,,,,,,,,,,,,,,,,,,,,,,,,,,,,,,,,,,,,,
0.1018917624521073,0.4069683908045978,0.1574473180076628,0.1251197318007663,0.0187978927203065,0.0211925287356321,0.0613026819923371,0.0476532567049808,0.0187978927203065,0.0177203065134099,0.0470545977011494,0.2539511494252874,0.1041308878699458,0.0094664443518132,0.0788870362651104,0.0126219258024176,0.0,0.0,0.015777407253022,0.015777407253022,0.015777407253022,0.0,0.0031554814506044,0.0220883701542309,0.203883495145631,0.029126213592233,0.2233009708737864,0.0,0.0,0.0,0.0194174757281553,0.0388349514563106,0.0485436893203883,0.0,0.0,0.0485436893203883,0.5908460471567267,0.5395284327323163,0.5617198335644938,0.6116504854368932,0.651872399445215,0.7004160887656034,0.7239944521497921,0.7475728155339805,0.7503467406380028,0.7018030513176144,0.6393897364771152,0.6185852981969486,32,,,,,,,,,,,,,,,,,,,,,,,,,,,,,,,,,,,,,,,,,,,,,,,,
0.1149425287356322,0.171455938697318,0.2194683908045977,0.0537595785440613,0.0353208812260536,0.0247844827586206,0.0506465517241379,0.0221503831417624,0.0962643678160919,0.0516044061302682,0.2106082375478928,0.1302681992337165,0.0536431846602751,0.0915089620675281,0.0536431846602751,0.0315548145060441,0.0,0.0,0.0094664443518132,0.0063109629012088,0.015777407253022,0.0031554814506044,0.0631096290120883,0.0063109629012088,0.145631067961165,0.2233009708737864,0.1067961165048543,0.0970873786407767,0.0,0.0,0.0194174757281553,0.0,0.0388349514563106,0.0,0.0485436893203883,0.0194174757281553,0.6185852981969487,0.5839112343966713,0.5603328710124827,0.5977808599167822,0.6282940360610264,0.6546463245492372,0.6699029126213593,0.6879334257975035,0.6990291262135924,0.6546463245492372,0.6490984743411928,0.6061026352288489,32,,,,,,,,,,,,,,,,,,,,,,,,,,,,,,,,,,,,,,,,,,,,,,,,
0.1506226053639847,0.1433189655172414,0.1701388888888889,0.3742816091954024,0.0238266283524904,0.0226293103448275,0.0548371647509578,0.0192768199233716,0.0790229885057471,0.0415469348659004,0.3799090038314177,0.291786398467433,0.0725760733639016,0.075731554814506,0.0788870362651104,0.0031554814506044,0.0031554814506044,0.0,0.0126219258024176,0.0063109629012088,0.0410212588578574,0.0441767403084618,0.0283993330554397,0.0473322217590662,0.2524271844660194,0.1941747572815534,0.2135922330097087,0.0,0.0,0.0,0.029126213592233,0.0,0.0679611650485436,0.0,0.0194174757281553,0.0388349514563106,0.5852981969486825,0.5547850208044384,0.5214979195561721,0.5603328710124827,0.5769764216366159,0.6047156726768378,0.6449375866851595,0.6449375866851595,0.653259361997226,0.6324549237170597,0.6061026352288489,0.5700416088765604,32,,,,,,,,,,,,,,,,,,,,,,,,,,,,,,,,,,,,,,,,,,,,,,,,
0.0816570881226053,0.0804597701149425,0.198036398467433,0.0652538314176245,0.0222701149425287,0.0164032567049808,0.0557950191570881,0.0123323754789272,0.1033285440613027,0.0195162835249042,0.0611829501915708,0.068007662835249,0.0820425177157148,0.113597332221759,0.0725760733639016,0.0094664443518132,0.0,0.0031554814506044,0.0189328887036265,0.0,0.0189328887036265,0.0220883701542309,0.0063109629012088,0.0347102959566486,0.2233009708737864,0.3203883495145631,0.2233009708737864,0.0,0.0,0.0,0.029126213592233,0.0,0.0388349514563106,0.0194174757281553,0.0097087378640776,0.0388349514563106,0.5214979195561721,0.4979195561719834,0.4785020804438281,0.5006934812760055,0.5339805825242719,0.5686546463245493,0.6088765603328712,0.6255201109570042,0.6324549237170597,0.6241331484049931,0.5714285714285715,0.5450762829403606,22,,,,,,,,,,,,,,,,,,,,,,,,,,,,,,,,,,,,,,,,,,,,,,,,
0.225933908045977,0.2054597701149426,0.2590996168582376,0.3494971264367816,0.0203544061302682,0.0195162835249042,0.0438218390804597,0.2804118773946361,0.1485871647509579,0.0721982758620689,0.0999760536398467,0.1760057471264368,0.1041308878699458,0.0315548145060441,0.1009754064193414,0.0094664443518132,0.0,0.0,0.0126219258024176,0.0031554814506044,0.0220883701542309,0.0189328887036265,0.0347102959566486,0.0536431846602751,0.1067961165048543,0.0970873786407767,0.2718446601941747,0.0097087378640776,0.0,0.0,0.0194174757281553,0.0,0.0388349514563106,0.0679611650485436,0.087378640776699,0.145631067961165,0.5062413314840499,0.4882108183079057,0.4479889042995839,0.5020804438280168,0.5228848821081832,0.564493758668516,0.6116504854368933,0.6324549237170596,0.6282940360610264,0.5963938973647712,0.5617198335644938,0.5381414701803051,22,,,,,,,,,,,,,,,,,,,,,,,,,,,,,,,,,,,,,,,,,,,,,,,,
0.1088362068965517,0.179477969348659,0.2480842911877395,0.1381704980842912,0.0504070881226053,0.0405890804597701,0.0419061302681992,0.1187739463601532,0.1141044061302682,0.0319683908045977,0.0383141762452107,0.1164990421455938,0.037865777407253,0.0788870362651104,0.0946644435181325,0.0189328887036265,0.0315548145060441,0.0,0.0126219258024176,0.0252438516048353,0.0220883701542309,0.0094664443518132,0.015777407253022,0.0978199249687369,0.0970873786407767,0.1844660194174757,0.2621359223300971,0.0194174757281553,0.0097087378640776,0.0,0.0194174757281553,0.058252427184466,0.0194174757281553,0.0097087378640776,0.0097087378640776,0.203883495145631,0.4965325936199722,0.4715672676837725,0.4535367545076283,0.5214979195561721,0.5755894590846048,0.6088765603328712,0.6324549237170597,0.6615811373092927,0.6962552011095702,0.6338418862690708,0.6227461858529821,0.6158113730929267,32,,,,,,,,,,,,,,,,,,,,,,,,,,,,,,,,,,,,,,,,,,,,,,,,
0.0755507662835249,0.2300047892720307,0.240301724137931,0.0348419540229885,0.0469348659003831,0.0228687739463601,0.0251436781609195,0.1732519157088123,0.1196120689655172,0.1861829501915709,0.1386494252873563,0.121647509578544,0.0126219258024176,0.1577740725302209,0.0189328887036265,0.0063109629012088,0.0126219258024176,0.0,0.0031554814506044,0.0599541475614839,0.0694205919132972,0.0220883701542309,0.0283993330554397,0.0283993330554397,0.0097087378640776,0.4466019417475728,0.0194174757281553,0.0,0.0194174757281553,0.0,0.0,0.0970873786407767,0.145631067961165,0.058252427184466,0.0679611650485436,0.0194174757281553,0.6088765603328712,0.5839112343966714,0.5728155339805825,0.6088765603328712,0.6435506241331486,0.6712898751733705,0.5908460471567268,0.564493758668516,0.5700416088765604,0.5672676837725382,0.5769764216366159,0.5825242718446603,32,,,,,,,,,,,,,,,,,,,,,,,,,,,,,,,,,,,,,,,,,,,,,,,,
0.1733716475095785,0.372844827586207,0.6375718390804599,0.1125478927203065,0.0284961685823754,0.0231082375478927,0.0307710727969348,0.1408045977011494,0.1527777777777778,0.1175766283524904,0.2777777777777778,0.3409961685823756,0.0504877032096707,0.2303501458941225,0.037865777407253,0.0189328887036265,0.0,0.0,0.0031554814506044,0.0441767403084618,0.0441767403084618,0.0315548145060441,0.037865777407253,0.0410212588578574,0.2135922330097087,0.6213592233009708,0.0388349514563106,0.0,0.0,0.0,0.0,0.0679611650485436,0.0776699029126213,0.087378640776699,0.029126213592233,0.1067961165048543,0.5714285714285715,0.5631067961165048,0.5561719833564495,0.5714285714285715,0.5769764216366158,0.6061026352288489,0.6088765603328712,0.6255201109570042,0.664355062413315,0.653259361997226,0.6116504854368932,0.5908460471567268,32,,,,,,,,,,,,,,,,,,,,,,,,,,,,,,,,,,,,,,,,,,,,,,,,
0.3488984674329503,0.3075909961685825,0.2599377394636016,0.0850095785440613,0.0306513409961685,0.0210727969348659,0.0755507662835249,0.0719588122605364,0.0793821839080459,0.0520833333333333,0.1156609195402299,0.1904932950191571,0.0567986661108795,0.113597332221759,0.075731554814506,0.0031554814506044,0.0,0.0,0.0252438516048353,0.015777407253022,0.037865777407253,0.037865777407253,0.0410212588578574,0.0315548145060441,0.145631067961165,0.3106796116504854,0.1941747572815534,0.0097087378640776,0.0,0.0,0.0388349514563106,0.0194174757281553,0.0970873786407767,0.0,0.1262135922330097,0.058252427184466,0.5755894590846048,0.5423023578363385,0.5187239944521499,0.5464632454923718,0.5866851595006934,0.6088765603328712,0.6199722607489598,0.6324549237170596,0.6255201109570041,0.5561719833564495,0.5436893203883496,0.4965325936199722,22,,,,,,,,,,,,,,,,,,,,,,,,,,,,,,,,,,,,,,,,,,,,,,,,
0.1950431034482758,0.2564655172413794,0.2470067049808429,0.0602250957854406,0.0275383141762452,0.0192768199233716,0.0687260536398467,0.3298611111111112,0.4365421455938698,0.2182710727969349,0.1023706896551724,0.208213601532567,0.0631096290120883,0.1230637765735723,0.037865777407253,0.015777407253022,0.0,0.0,0.0189328887036265,0.0851979991663193,0.0347102959566486,0.0347102959566486,0.0063109629012088,0.0283993330554397,0.1553398058252427,0.3398058252427184,0.1067961165048543,0.0194174757281553,0.0,0.0,0.0194174757281553,0.145631067961165,0.0194174757281553,0.0485436893203883,0.0097087378640776,0.058252427184466,0.4840499306518725,0.4993065187239945,0.5048543689320389,0.5339805825242719,0.5742024965325937,0.6158113730929267,0.651872399445215,0.6366158113730931,0.6490984743411928,0.5700416088765604,0.5436893203883496,0.5395284327323163,32,,,,,,,,,,,,,,,,,,,,,,,,,,,,,,,,,,,,,,,,,,,,,,,,
0.2497605363984675,0.1951628352490422,0.2254549808429119,0.0802203065134099,0.0490900383141762,0.040110153256705,0.0713601532567049,0.345426245210728,0.0451388888888888,0.0434626436781609,0.1148227969348659,0.0757902298850574,0.0347102959566486,0.0915089620675281,0.0725760733639016,0.015777407253022,0.0063109629012088,0.0,0.0441767403084618,0.0504877032096707,0.0410212588578574,0.0189328887036265,0.015777407253022,0.0315548145060441,0.145631067961165,0.2524271844660194,0.2135922330097087,0.0194174757281553,0.0,0.0,0.0970873786407767,0.0970873786407767,0.0388349514563106,0.029126213592233,0.0679611650485436,0.0388349514563106,0.5034674063800277,0.4757281553398058,0.4785020804438281,0.5242718446601942,0.5506241331484051,0.5991678224687934,0.6171983356449376,0.6407766990291263,0.6449375866851595,0.6213592233009709,0.5894590846047157,0.5742024965325937,32,,,,,,,,,,,,,,,,,,,,,,,,,,,,,,,,,,,,,,,,,,,,,,,,
0.2236590038314177,0.5416666666666667,0.5784243295019159,0.0458572796934865,0.037595785440613,0.0255028735632183,0.0584291187739463,0.1398467432950192,0.1094348659003831,0.1344588122605364,0.4163074712643679,0.1550526819923371,0.1104418507711546,0.1987953313880783,0.0126219258024176,0.0063109629012088,0.0031554814506044,0.0,0.015777407253022,0.0536431846602751,0.0347111296373488,0.0883534806169237,0.0063109629012088,0.0410212588578574,0.3495145631067961,0.3883495145631068,0.0097087378640776,0.0,0.0,0.0,0.029126213592233,0.1262135922330097,0.087378640776699,0.0970873786407767,0.0097087378640776,0.1067961165048543,0.5159500693481277,0.5076282940360611,0.5006934812760057,0.5672676837725382,0.6241331484049931,0.6782246879334259,0.7073509015256588,0.7683772538141471,0.7669902912621359,0.7295423023578363,0.6615811373092927,0.6629680998613038,32,,,,,,,,,,,,,,,,,,,,,,,,,,,,,,,,,,,,,,,,,,,,,,,,
0.1615181992337165,0.3835009578544062,0.265205938697318,0.0500478927203065,0.0313697318007662,0.0302921455938697,0.0520833333333333,0.1578065134099617,0.0730363984674329,0.2852011494252874,0.10727969348659,0.1957614942528736,0.0978199249687369,0.1199082951229679,0.0189328887036265,0.0,0.0,0.0,0.0189328887036265,0.037865777407253,0.0567986661108795,0.0063109629012088,0.0094664443518132,0.0883534806169237,0.2621359223300971,0.2815533980582524,0.0097087378640776,0.0,0.0,0.0,0.0388349514563106,0.0679611650485436,0.0388349514563106,0.0,0.0194174757281553,0.233009708737864,0.6144244105409155,0.5936199722607489,0.5325936199722608,0.650485436893204,0.6934812760055479,0.7239944521497921,0.7572815533980582,0.8085991678224688,0.8321775312066575,0.8280166435506242,0.7309292649098476,0.6338418862690708,32,,,,,,,,,,,,,,,,,,,,,,,,,,,,,,,,,,,,,,,,,,,,,,,,
0.0789032567049808,0.1534961685823755,0.217911877394636,0.0423850574712643,0.0602250957854406,0.0313697318007662,0.0280172413793103,0.1493055555555556,0.1458333333333333,0.1131465517241379,0.0792624521072797,0.1400862068965517,0.0063109629012088,0.0820425177157148,0.0347102959566486,0.0,0.0126219258024176,0.0,0.0031554814506044,0.0599541475614839,0.075731554814506,0.0126219258024176,0.0599541475614839,0.0315548145060441,0.0388349514563106,0.233009708737864,0.0388349514563106,0.0,0.029126213592233,0.0,0.0,0.1262135922330097,0.1941747572815534,0.0,0.0097087378640776,0.0970873786407767,0.578363384188627,0.5520110957004161,0.5464632454923718,0.578363384188627,0.6185852981969487,0.6768377253814147,0.7128987517337033,0.7337031900138697,0.7142857142857143,0.6879334257975035,0.6477115117891817,0.6352288488210819,32,,,,,,,,,,,,,,,,,,,,,,,,,,,,,,,,,,,,,,,,,,,,,,,,
0.5668103448275863,0.2405411877394636,0.2164750957854407,0.0405890804597701,0.0225095785440613,0.0307710727969348,0.1948036398467433,0.1149425287356322,0.0702825670498084,0.0886015325670498,0.1101532567049808,0.0592672413793103,0.0504877032096707,0.1262192580241767,0.0694205919132972,0.0,0.0,0.0126219258024176,0.0347102959566486,0.0063109629012088,0.0220883701542309,0.0189328887036265,0.0063109629012088,0.0126219258024176,0.0970873786407767,0.3883495145631068,0.145631067961165,0.0,0.0,0.0097087378640776,0.0485436893203883,0.0,0.0388349514563106,0.0097087378640776,0.0388349514563106,0.0194174757281553,0.6296809986130376,0.6116504854368933,0.5866851595006934,0.5769764216366159,0.6019417475728157,0.6393897364771152,0.6851595006934814,0.7115117891816921,0.6532593619972261,0.6116504854368933,0.5811373092926492,0.5561719833564495,22,,,,,,,,,,,,,,,,,,,,,,,,,,,,,,,,,,,,,,,,,,,,,,,,
0.1041666666666666,0.1700191570881226,0.1827107279693487,0.0094588122605364,0.005507662835249,0.0090996168582375,0.0416666666666666,0.0720785440613027,0.2806513409961687,0.0862068965517241,0.0772270114942529,0.173132183908046,0.0883534806169237,0.0599541475614839,0.0189328887036265,0.0031554814506044,0.0,0.0,0.0189328887036265,0.0126219258024176,0.015777407253022,0.0189328887036265,0.0252438516048353,0.0441767403084618,0.2233009708737864,0.1844660194174757,0.0194174757281553,0.0,0.0,0.0,0.0194174757281553,0.029126213592233,0.0194174757281553,0.0679611650485436,0.0194174757281553,0.1262135922330097,0.5062413314840499,0.5020804438280168,0.5006934812760055,0.5076282940360611,0.5270457697642164,0.5742024965325937,0.6185852981969487,0.6601941747572815,0.6546463245492372,0.6324549237170597,0.5894590846047157,0.5686546463245493,32,,,,,,,,,,,,,,,,,,,,,,,,,,,,,,,,,,,,,,,,,,,,,,,,
0.5320881226053641,0.3348898467432951,0.2654454022988506,0.0348419540229885,0.0077825670498084,0.0100574712643678,0.1041666666666666,0.0902777777777778,0.1378113026819924,0.0051484674329501,0.121647509578544,0.2556273946360154,0.0189328887036265,0.1388411838265944,0.0252438516048353,0.0,0.0,0.0,0.0189328887036265,0.0189328887036265,0.0031554814506044,0.0,0.0094664443518132,0.0126219258024176,0.029126213592233,0.4271844660194174,0.0097087378640776,0.0,0.0,0.0,0.0194174757281553,0.0194174757281553,0.029126213592233,0.0,0.0,0.0485436893203883,0.5589459084604715,0.5395284327323163,0.5256588072122054,0.5367545076282941,0.5575589459084606,0.6255201109570041,0.6269070735090153,0.6282940360610264,0.6102635228848822,0.579750346740638,0.564493758668516,0.5575589459084606,22,,,,,,,,,,,,,,,,,,,,,,,,,,,,,,,,,,,,,,,,,,,,,,,,
0.132183908045977,0.1924090038314176,0.1627155172413793,0.0692049808429118,0.0233477011494252,0.0277777777777777,0.0967432950191571,0.1521791187739463,0.0538793103448276,0.0542385057471264,0.0211925287356321,0.0778256704980843,0.015777407253022,0.1388411838265944,0.037865777407253,0.0063109629012088,0.0031554814506044,0.0,0.0094664443518132,0.0441767403084618,0.0094664443518132,0.0,0.0126219258024176,0.0347102959566486,0.0097087378640776,0.3592233009708738,0.116504854368932,0.0,0.0,0.0,0.0,0.0776699029126213,0.0097087378640776,0.0,0.0097087378640776,0.0194174757281553,0.5506241331484051,0.5520110957004161,0.5603328710124827,0.565880721220527,0.5866851595006934,0.6019417475728157,0.6199722607489598,0.6712898751733705,0.6754507628294038,0.667128987517337,0.6463245492371706,0.6324549237170596,32,,,,,,,,,,,,,,,,,,,,,,,,,,,,,,,,,,,,,,,,,,,,,,,,
0.3518917624521073,0.1993534482758621,0.2119252873563218,0.0714798850574712,0.0122126436781609,0.0059865900383141,0.0076628352490421,0.130507662835249,0.0670498084291187,0.0480124521072797,0.0380747126436781,0.0735153256704981,0.0694205919132972,0.1167528136723635,0.0094664443518132,0.0315548145060441,0.0,0.0,0.0,0.0283993330554397,0.037865777407253,0.0094664443518132,0.0252438516048353,0.0946644435181325,0.1650485436893204,0.3203883495145631,0.0097087378640776,0.0970873786407767,0.0,0.0,0.0,0.0485436893203883,0.087378640776699,0.0194174757281553,0.087378640776699,0.203883495145631,0.6158113730929267,0.5936199722607489,0.5922330097087379,0.6047156726768378,0.6449375866851595,0.6990291262135924,0.7447988904299585,0.7489597780859918,0.7350901525658807,0.6934812760055479,0.6366158113730931,0.5700416088765604,32,,,,,,,,,,,,,,,,,,,,,,,,,,,,,,,,,,,,,,,,,,,,,,,,
0.2540708812260537,0.7355124521072798,0.3154932950191572,0.213242337164751,0.1767241379310345,0.1974377394636015,0.180316091954023,0.2642480842911878,0.158764367816092,0.1042863984674329,0.0517241379310344,0.1793582375478928,0.0504877032096707,0.1262192580241767,0.0283993330554397,0.0094664443518132,0.0,0.0,0.0126219258024176,0.0189328887036265,0.0410212588578574,0.0504877032096707,0.0031554814506044,0.0220883701542309,0.203883495145631,0.4174757281553398,0.1067961165048543,0.0,0.0,0.0,0.029126213592233,0.029126213592233,0.1359223300970873,0.029126213592233,0.0,0.0388349514563106,0.4382801664355062,0.4438280166435506,0.4466019417475729,0.4479889042995839,0.4785020804438281,0.5062413314840499,0.5755894590846048,0.5963938973647712,0.579750346740638,0.549237170596394,0.5395284327323163,0.5090152565880722,32,,,,,,,,,,,,,,,,,,,,,,,,,,,,,,,,,,,,,,,,,,,,,,,,
0.1760057471264368,0.3376436781609196,0.255028735632184,0.2157567049808429,0.0900383141762452,0.1666666666666667,0.1546934865900383,0.1934865900383142,0.1476293103448276,0.1973180076628353,0.2210249042145594,0.4364224137931036,0.0441767403084618,0.0788870362651104,0.0504877032096707,0.0252438516048353,0.0,0.0,0.0094664443518132,0.0126219258024176,0.0094664443518132,0.0031554814506044,0.0031554814506044,0.0504877032096707,0.1262135922330097,0.2621359223300971,0.2135922330097087,0.029126213592233,0.0,0.0,0.0194174757281553,0.0194174757281553,0.0194174757281553,0.0,0.0,0.1844660194174757,0.5104022191400832,0.492371705963939,0.492371705963939,0.4993065187239945,0.40499306518724,0.4036061026352289,0.4133148404993065,0.4632454923717061,0.4466019417475729,0.4244105409153953,0.3744798890429959,0.3425797503467407,32,,,,,,,,,,,,,,,,,,,,,,,,,,,,,,,,,,,,,,,,,,,,,,,,
0.5167624521072798,0.2690373563218391,0.3090277777777778,0.2318007662835249,0.2264128352490421,0.2152777777777778,0.2869971264367817,0.2189894636015326,0.1228448275862068,0.1003352490421456,0.0445402298850574,0.1999521072796935,0.0725760733639016,0.1009754064193414,0.0031554814506044,0.0504877032096707,0.0031554814506044,0.0,0.0126219258024176,0.0031554814506044,0.0220883701542309,0.0536431846602751,0.0,0.0315548145060441,0.2135922330097087,0.3398058252427184,0.0,0.1359223300970873,0.0,0.0,0.0194174757281553,0.0,0.0679611650485436,0.029126213592233,0.0,0.087378640776699,0.3453536754507628,0.2940360610263523,0.2981969486823856,0.3453536754507628,0.4077669902912622,0.4438280166435506,0.4576976421636616,0.4646324549237171,0.4549237170596394,0.4299583911234397,0.4119278779472954,0.3717059639389737,32,,,,,,,,,,,,,,,,,,,,,,,,,,,,,,,,,,,,,,,,,,,,,,,,
0.3966714559386973,0.3449473180076629,0.5021551724137931,0.1645114942528736,0.1934865900383142,0.1936063218390805,0.2875957854406131,0.2861590038314177,0.1221264367816092,0.1672653256704981,0.102610153256705,0.1367337164750958,0.037865777407253,0.0694205919132972,0.0946644435181325,0.0126219258024176,0.0,0.0,0.0126219258024176,0.0063109629012088,0.0315548145060441,0.0126219258024176,0.0031554814506044,0.0410212588578574,0.0776699029126213,0.2233009708737864,0.3980582524271844,0.0,0.0,0.0,0.0194174757281553,0.0097087378640776,0.058252427184466,0.0,0.0,0.1067961165048543,0.3356449375866852,0.3370319001386962,0.3550624133148405,0.3841886269070735,0.4174757281553398,0.4410540915395284,0.4854368932038835,0.4826629680998613,0.4826629680998613,0.4549237170596394,0.4257975034674064,0.3744798890429959,32,,,,,,,,,,,,,,,,,,,,,,,,,,,,,,,,,,,,,,,,,,,,,,,,
0.0562739463601532,0.1933668582375479,0.5004789272030653,0.3718869731800767,0.1896551724137931,0.243654214559387,0.2219827586206897,0.2713122605363985,0.1087164750957854,0.0168821839080459,0.1455938697318008,0.0571120689655172,0.0504877032096707,0.1356857023759899,0.0126219258024176,0.0,0.0,0.0,0.0031554814506044,0.0220883701542309,0.0220883701542309,0.0031554814506044,0.0031554814506044,0.0567986661108795,0.233009708737864,0.3883495145631068,0.0,0.0,0.0,0.0,0.0,0.058252427184466,0.0485436893203883,0.0097087378640776,0.0,0.2135922330097087,0.3356449375866852,0.3217753120665743,0.3439667128987517,0.377253814147018,0.4119278779472954,0.4590846047156727,0.4785020804438281,0.5159500693481277,0.5187239944521499,0.4687933425797503,0.4327323162274619,0.3647711511789182,32,,,,,,,,,,,,,,,,,,,,,,,,,,,,,,,,,,,,,,,,,,,,,,,,
0.1008141762452107,0.2432950191570881,0.2564655172413794,0.3403975095785441,0.1965996168582375,0.2321599616858238,0.2145593869731801,0.2461685823754789,0.1772030651340996,0.0817768199233716,0.0049090038314176,0.0516044061302682,0.0883534806169237,0.0410212588578574,0.0410212588578574,0.0063109629012088,0.0,0.0,0.0,0.0315548145060441,0.0063109629012088,0.0,0.0031554814506044,0.0094664443518132,0.2427184466019417,0.1262135922330097,0.1650485436893204,0.0097087378640776,0.0,0.0,0.0,0.058252427184466,0.0,0.0,0.0,0.0097087378640776,0.3467406380027739,0.319001386962552,0.3079056865464633,0.3314840499306519,0.4396671289875174,0.4895977808599168,0.5228848821081832,0.535367545076283,0.5270457697642164,0.4979195561719834,0.4757281553398058,0.4271844660194175,32,,,,,,,,,,,,,,,,,,,,,,,,,,,,,,,,,,,,,,,,,,,,,,,,
0.0255028735632183,0.1203304597701149,0.2726293103448276,0.1943247126436782,0.1766044061302682,0.1928879310344828,0.2083333333333334,0.2253352490421456,0.0834530651340996,0.0284961685823754,0.008022030651341,0.0101772030651341,0.0189328887036265,0.1041308878699458,0.0031554814506044,0.0126219258024176,0.0,0.0031554814506044,0.0,0.0063109629012088,0.0473322217590662,0.0,0.0,0.0,0.0679611650485436,0.3980582524271844,0.0,0.0097087378640776,0.0,0.0,0.0,0.0,0.1553398058252427,0.0,0.0,0.0,0.4008321775312067,0.3647711511789182,0.3647711511789182,0.3938973647711511,0.5034674063800277,0.5450762829403606,0.5617198335644938,0.5617198335644938,0.5409153952843274,0.4937586685159501,0.4687933425797503,0.4715672676837725,32,,,,,,,,,,,,,,,,,,,,,,,,,,,,,,,,,,,,,,,,,,,,,,,,
0.0090996168582375,0.0851293103448276,0.2249760536398468,0.1944444444444445,0.1278735632183908,0.0827346743295019,0.1666666666666667,0.1458333333333333,0.1283524904214559,0.0165229885057471,0.0944683908045977,0.0921934865900383,0.0,0.0725760733639016,0.0631096290120883,0.0063109629012088,0.0,0.0,0.0,0.0063109629012088,0.0126219258024176,0.0189328887036265,0.0031554814506044,0.0473322217590662,0.0,0.1941747572815534,0.233009708737864,0.0,0.0,0.0,0.0,0.0,0.0485436893203883,0.0097087378640776,0.0485436893203883,0.087378640776699,0.4715672676837725,0.4660194174757282,0.420249653259362,0.4618585298196949,0.5492371705963939,0.5922330097087379,0.6005547850208044,0.6421636615811374,0.6449375866851595,0.5686546463245493,0.5256588072122054,0.5589459084604715,32,,,,,,,,,,,,,,,,,,,,,,,,,,,,,,,,,,,,,,,,,,,,,,,,
0.2898706896551725,0.2025862068965517,0.2222222222222223,0.0844109195402298,0.0095785440613026,0.0116139846743295,0.0938697318007663,0.1221264367816092,0.1579262452107279,0.2545498084291188,0.1572078544061303,0.1859434865900384,0.0283993330554397,0.0820425177157148,0.0662651104626927,0.0347102959566486,0.0,0.0,0.0031554814506044,0.037865777407253,0.0126219258024176,0.0504877032096707,0.0252438516048353,0.0283993330554397,0.0679611650485436,0.2621359223300971,0.2524271844660194,0.087378640776699,0.0,0.0,0.0,0.1067961165048543,0.0194174757281553,0.145631067961165,0.0097087378640776,0.0970873786407767,0.5284327323162274,0.4840499306518725,0.4687933425797503,0.492371705963939,0.5117891816920944,0.5520110957004161,0.6005547850208044,0.6782246879334259,0.6560332871012483,0.6324549237170597,0.6227461858529821,0.5617198335644938,32,,,,,,,,,,,,,,,,,,,,,,,,,,,,,,,,,,,,,,,,,,,,,,,,
0.2252155172413793,0.1962404214559387,0.1877394636015326,0.0907567049808429,0.0111350574712643,0.075191570881226,0.1778017241379311,0.102610153256705,0.0166427203065134,0.1047653256704981,0.0979406130268199,0.2362308429118775,0.1009754064193414,0.1072863693205502,0.0504877032096707,0.0126219258024176,0.0,0.0,0.015777407253022,0.015777407253022,0.0126219258024176,0.0063109629012088,0.0031554814506044,0.0599541475614839,0.3203883495145631,0.3300970873786408,0.1359223300970873,0.0097087378640776,0.0,0.0,0.029126213592233,0.0485436893203883,0.0097087378640776,0.0097087378640776,0.0,0.174757281553398,0.5284327323162274,0.5353675450762829,0.5187239944521499,0.5173370319001387,0.5423023578363385,0.5325936199722608,0.5104022191400832,0.492371705963939,0.5006934812760055,0.5048543689320389,0.490984743411928,0.4757281553398058,32,,,,,,,,,,,,,,,,,,,,,,,,,,,,,,,,,,,,,,,,,,,,,,,,
0.4621647509578545,0.1785201149425287,0.2808908045977012,0.5211925287356323,0.1530172413793104,0.0886015325670498,0.2076149425287356,0.0866858237547893,0.1181752873563218,0.011015325670498,0.0487308429118774,0.07602969348659,0.0631096290120883,0.1293747394747811,0.0473322217590662,0.0094664443518132,0.0,0.0,0.0189328887036265,0.0,0.0283993330554397,0.0031554814506044,0.0063109629012088,0.0126219258024176,0.2135922330097087,0.3106796116504854,0.1553398058252427,0.0,0.0,0.0,0.0388349514563106,0.0,0.0776699029126213,0.0,0.0194174757281553,0.0194174757281553,0.4590846047156727,0.4368932038834952,0.4590846047156727,0.4757281553398058,0.5104022191400832,0.5769764216366159,0.6019417475728157,0.5894590846047157,0.5312066574202496,0.5006934812760055,0.4868238557558946,0.4618585298196949,32,,,,,,,,,,,,,,,,,,,,,,,,,,,,,,,,,,,,,,,,,,,,,,,,
0.1163793103448276,0.3162116858237548,0.2546695402298851,0.0158045977011494,0.0111350574712643,0.1896551724137931,0.1746886973180077,0.1861829501915709,0.0414272030651341,0.0314894636015325,0.4394157088122606,0.0806992337164751,0.0347102959566486,0.1293747394747811,0.0315548145060441,0.0031554814506044,0.0,0.0031554814506044,0.0126219258024176,0.0063109629012088,0.0220883701542309,0.0441767403084618,0.015777407253022,0.015777407253022,0.145631067961165,0.4368932038834951,0.087378640776699,0.0,0.0,0.0,0.029126213592233,0.0,0.0679611650485436,0.029126213592233,0.0,0.029126213592233,0.4424410540915395,0.4216366158113732,0.418862690707351,0.4479889042995839,0.4687933425797503,0.5020804438280168,0.5409153952843274,0.5755894590846048,0.5866851595006934,0.5464632454923718,0.5201109570041609,0.5117891816920944,32,,,,,,,,,,,,,,,,,,,,,,,,,,,,,,,,,,,,,,,,,,,,,,,,
0.190852490421456,0.317528735632184,0.1940852490421456,0.101772030651341,0.1132662835249042,0.1940852490421456,0.1420019157088122,0.2232998084291188,0.1381704980842912,0.2423371647509579,0.2965756704980843,0.0391522988505747,0.0410212588578574,0.0788870362651104,0.0978199249687369,0.0126219258024176,0.0,0.0,0.0,0.0315548145060441,0.0063109629012088,0.0504877032096707,0.015777407253022,0.0063109629012088,0.174757281553398,0.1844660194174757,0.3398058252427184,0.0,0.0,0.0,0.0,0.0679611650485436,0.0097087378640776,0.0485436893203883,0.0097087378640776,0.0097087378640776,0.4826629680998613,0.4147018030513176,0.4355062413314841,0.4729542302357836,0.5006934812760057,0.5312066574202496,0.5575589459084606,0.6033287101248267,0.6116504854368933,0.5423023578363384,0.5201109570041609,0.5187239944521499,32,,,,,,,,,,,,,,,,,,,,,,,,,,,,,,,,,,,,,,,,,,,,,,,,
0.0811781609195402,0.1192528735632184,0.1424808429118774,0.0878831417624521,0.1737308429118774,0.1088362068965517,0.1495450191570881,0.1785201149425287,0.1922892720306514,0.522749042145594,0.4929358237547893,0.0876436781609195,0.0252438516048353,0.0,0.0694205919132972,0.0,0.0094664443518132,0.0,0.0,0.037865777407253,0.1009754064193414,0.0788870362651104,0.0631096290120883,0.0031554814506044,0.0679611650485436,0.0097087378640776,0.2135922330097087,0.0,0.0194174757281553,0.0,0.0,0.1359223300970873,0.2912621359223301,0.0485436893203883,0.174757281553398,0.0,0.4687933425797503,0.4674063800277393,0.4563106796116506,0.4632454923717061,0.5020804438280168,0.5631067961165049,0.6005547850208044,0.6033287101248267,0.6241331484049931,0.60748959778086,0.5395284327323163,0.5256588072122054,13,,,,,,,,,,,,,,,,,,,,,,,,,,,,,,,,,,,,,,,,,,,,,,,,
0.0132902298850574,0.202705938697318,0.1358955938697318,0.1356561302681992,0.0757902298850575,0.1302681992337165,0.2011494252873563,0.1255986590038314,0.1933668582375479,0.0463362068965517,0.1176963601532567,0.1029693486590038,0.0,0.0725760733639016,0.0473322217590662,0.0252438516048353,0.0,0.0,0.0189328887036265,0.0063109629012088,0.0189328887036265,0.0063109629012088,0.0063109629012088,0.0252438516048353,0.0,0.2233009708737864,0.174757281553398,0.029126213592233,0.0,0.0,0.0388349514563106,0.0,0.0388349514563106,0.0194174757281553,0.0097087378640776,0.0485436893203883,0.5104022191400832,0.4854368932038835,0.4618585298196949,0.4646324549237171,0.4687933425797503,0.5159500693481277,0.5977808599167822,0.6116504854368932,0.564493758668516,0.5214979195561721,0.490984743411928,0.4507628294036061,32,,,,,,,,,,,,,,,,,,,,,,,,,,,,,,,,,,,,,,,,,,,,,,,,
0.2001915708812261,0.1349377394636015,0.2238984674329502,0.1713362068965517,0.1762452107279693,0.1354166666666667,0.2367097701149426,0.2363505747126437,0.0972222222222222,0.1094348659003831,0.0957854406130268,0.2045019157088123,0.0694205919132972,0.1199082951229679,0.0031554814506044,0.0126219258024176,0.0,0.0,0.0189328887036265,0.0252438516048353,0.0063109629012088,0.0031554814506044,0.0126219258024176,0.0283993330554397,0.233009708737864,0.3689320388349514,0.0097087378640776,0.0194174757281553,0.0,0.0,0.029126213592233,0.0679611650485436,0.029126213592233,0.0194174757281553,0.0388349514563106,0.087378640776699,0.3703190013869625,0.3661581137309293,0.3592233009708738,0.4063800277392511,0.4563106796116506,0.4979195561719834,0.5173370319001387,0.490984743411928,0.4535367545076283,0.4327323162274619,0.4216366158113731,0.4188626907073509,32,,,,,,,,,,,,,,,,,,,,,,,,,,,,,,,,,,,,,,,,,,,,,,,,
0.2929837164750958,0.2601772030651341,0.4040948275862069,0.2092911877394636,0.1380507662835249,0.1817528735632184,0.2447318007662835,0.1902538314176245,0.1487068965517241,0.12080938697318,0.2198275862068966,0.3461446360153257,0.037865777407253,0.1514631096290121,0.015777407253022,0.0031554814506044,0.0,0.0031554814506044,0.015777407253022,0.0,0.0347102959566486,0.037865777407253,0.015777407253022,0.0441767403084618,0.1650485436893204,0.5145631067961165,0.029126213592233,0.0,0.0,0.0097087378640776,0.029126213592233,0.0,0.1067961165048543,0.1359223300970873,0.058252427184466,0.1262135922330097,0.420249653259362,0.4216366158113731,0.4160887656033287,0.4160887656033287,0.4382801664355062,0.5104022191400832,0.5575589459084606,0.5339805825242719,0.5589459084604715,0.5423023578363384,0.4674063800277393,0.4216366158113731,32,,,,,,,,,,,,,,,,,,,,,,,,,,,,,,,,,,,,,,,,,,,,,,,,
0.4448036398467433,0.1733716475095785,0.3649425287356322,0.2903496168582376,0.1603208812260536,0.1782806513409962,0.2180316091954023,0.1945641762452107,0.1995929118773947,0.0366379310344827,0.1484674329501916,0.1471503831417625,0.1041308878699458,0.0094664443518132,0.0536431846602751,0.0567986661108795,0.0,0.0,0.015777407253022,0.0094664443518132,0.0220883701542309,0.0063109629012088,0.0063109629012088,0.015777407253022,0.2718446601941747,0.0194174757281553,0.1359223300970873,0.1844660194174757,0.0,0.0,0.0194174757281553,0.0097087378640776,0.058252427184466,0.0097087378640776,0.0,0.029126213592233,0.3717059639389737,0.3786407766990292,0.4230235783633842,0.4549237170596394,0.5242718446601942,0.5575589459084606,0.5839112343966714,0.5742024965325937,0.5242718446601942,0.4715672676837725,0.449375866851595,0.4479889042995839,32,,,,,,,,,,,,,,,,,,,,,,,,,,,,,,,,,,,,,,,,,,,,,,,,
0.2461685823754789,0.2993295019157088,0.2693965517241379,0.1606800766283525,0.1102729885057471,0.1756465517241379,0.1439176245210728,0.1673850574712644,0.0531609195402299,0.0123323754789272,0.0409482758620689,0.100933908045977,0.0347102959566486,0.0536431846602751,0.0725760733639016,0.0063109629012088,0.0,0.0063109629012088,0.015777407253022,0.015777407253022,0.0126219258024176,0.0094664443518132,0.015777407253022,0.0126219258024176,0.1067961165048543,0.145631067961165,0.233009708737864,0.0,0.0,0.0,0.0388349514563106,0.0097087378640776,0.029126213592233,0.058252427184466,0.0,0.029126213592233,0.4895977808599168,0.4840499306518725,0.4410540915395284,0.4826629680998613,0.5284327323162274,0.5575589459084606,0.6005547850208044,0.6171983356449376,0.6047156726768377,0.5769764216366158,0.5228848821081832,0.4687933425797503,32,,,,,,,,,,,,,,,,,,,,,,,,,,,,,,,,,,,,,,,,,,,,,,,,
0.105603448275862,0.2019875478927204,0.2252155172413793,0.0771072796934866,0.1071599616858237,0.1203304597701149,0.2455699233716475,0.1707375478927203,0.1533764367816092,0.136374521072797,0.0895593869731801,0.3140565134099617,0.0189328887036265,0.0662651104626927,0.1262192580241767,0.0094664443518132,0.0,0.0,0.0,0.0315548145060441,0.0252438516048353,0.0536431846602751,0.0315548145060441,0.0662651104626927,0.0485436893203883,0.1844660194174757,0.4077669902912621,0.0,0.0,0.0,0.0,0.0388349514563106,0.0485436893203883,0.1650485436893204,0.029126213592233,0.1941747572815534,0.40499306518724,0.4022191400832178,0.377253814147018,0.4174757281553398,0.5117891816920944,0.5395284327323163,0.5769764216366158,0.5728155339805825,0.5617198335644938,0.5561719833564495,0.5312066574202496,0.5339805825242719,32,,,,,,,,,,,,,,,,,,,,,,,,,,,,,,,,,,,,,,,,,,,,,,,,
0.0924329501915709,0.1540948275862069,0.2011494252873563,0.0694444444444444,0.0931513409961685,0.0870450191570881,0.087404214559387,0.1108716475095785,0.0484913793103448,0.1481082375478927,0.7051005747126439,0.2817289272030652,0.0220883701542309,0.1388411838265944,0.0,0.0094664443518132,0.0063109629012088,0.0,0.0,0.0063109629012088,0.0252438516048353,0.0978199249687369,0.0599541475614839,0.0347102959566486,0.1067961165048543,0.4563106796116505,0.0,0.0097087378640776,0.0194174757281553,0.0,0.0,0.0,0.058252427184466,0.145631067961165,0.058252427184466,0.0097087378640776,0.521497919556172,0.5228848821081832,0.5117891816920944,0.535367545076283,0.6130374479889044,0.6490984743411928,0.6823855755894592,0.665742024965326,0.6130374479889044,0.5755894590846048,0.5631067961165049,0.5880721220527046,32,,,,,,,,,,,,,,,,,,,,,,,,,,,,,,,,,,,,,,,,,,,,,,,,
0.2262931034482759,0.1534961685823755,0.1193726053639847,0.0538793103448276,0.0128113026819923,0.0112547892720306,0.0446599616858237,0.0111350574712643,0.0803400383141762,0.5190373563218391,0.0985392720306513,0.1215277777777778,0.0094664443518132,0.1009754064193414,0.0599541475614839,0.0094664443518132,0.0,0.0,0.015777407253022,0.0,0.0662651104626927,0.0410212588578574,0.0126219258024176,0.0094664443518132,0.058252427184466,0.2718446601941747,0.203883495145631,0.0,0.0,0.0,0.0194174757281553,0.0,0.087378640776699,0.0679611650485436,0.0097087378640776,0.0194174757281553,0.5742024965325937,0.5450762829403606,0.5395284327323163,0.5825242718446603,0.6171983356449376,0.6241331484049931,0.6213592233009709,0.6061026352288489,0.5825242718446603,0.5506241331484051,0.5506241331484051,0.5492371705963939,32,,,,,,,,,,,,,,,,,,,,,,,,,,,,,,,,,,,,,,,,,,,,,,,,
0.3405172413793104,0.2062978927203065,0.1878591954022988,0.1014128352490421,0.0204741379310344,0.0222701149425287,0.060823754789272,0.0847701149425287,0.1279932950191571,0.0154454022988505,0.0396312260536398,0.1827107279693487,0.0441767403084618,0.1104418507711546,0.075731554814506,0.0063109629012088,0.0,0.0,0.0126219258024176,0.0220883701542309,0.0094664443518132,0.0,0.0,0.0220883701542309,0.145631067961165,0.3300970873786408,0.2621359223300971,0.0,0.0,0.0,0.029126213592233,0.0194174757281553,0.0097087378640776,0.0,0.0,0.0679611650485436,0.5464632454923718,0.5298196948682387,0.5145631067961166,0.5173370319001387,0.5492371705963939,0.6019417475728157,0.579750346740638,0.5575589459084606,0.5506241331484051,0.5256588072122054,0.5256588072122054,0.5409153952843274,32,,,,,,,,,,,,,,,,,,,,,,,,,,,,,,,,,,,,,,,,,,,,,,,,
0.2095306513409962,0.20522030651341,0.2316810344827586,0.1363745210727969,0.0795019157088122,0.1227250957854406,0.1331417624521073,0.1573275862068965,0.1173371647509578,0.1107519157088122,0.0993773946360153,0.1661877394636015,0.0725760733639016,0.1325302209253855,0.0347102959566486,0.0,0.0,0.0,0.0189328887036265,0.0031554814506044,0.015777407253022,0.0063109629012088,0.0,0.015777407253022,0.1941747572815534,0.4466019417475728,0.0776699029126213,0.0,0.0,0.0,0.0194174757281553,0.0097087378640776,0.0194174757281553,0.0,0.0,0.029126213592233,0.5367545076282941,0.5256588072122054,0.5395284327323163,0.5339805825242719,0.5423023578363384,0.5714285714285715,0.5825242718446603,0.5908460471567268,0.6047156726768378,0.6171983356449376,0.5950069348127602,0.5714285714285715,32,,,,,,,,,,,,,,,,,,,,,,,,,,,,,,,,,,,,,,,,,,,,,,,,
0.2625718390804598,0.1774425287356322,0.4596503831417626,0.1261973180076628,0.0880028735632184,0.0915948275862069,0.1364942528735632,0.1788793103448276,0.1561302681992337,0.0966235632183908,0.0176005747126436,0.2628113026819924,0.0347102959566486,0.0725760733639016,0.0788870362651104,0.0094664443518132,0.0,0.0,0.0126219258024176,0.0189328887036265,0.037865777407253,0.0063109629012088,0.0,0.0410212588578574,0.029126213592233,0.1844660194174757,0.2718446601941747,0.0097087378640776,0.0,0.0,0.0194174757281553,0.0097087378640776,0.0970873786407767,0.0,0.0,0.0388349514563106,0.5367545076282941,0.5145631067961166,0.5131761442441054,0.5048543689320389,0.4993065187239945,0.5159500693481277,0.5533980582524273,0.6144244105409155,0.6116504854368932,0.5755894590846048,0.5367545076282941,0.4951456310679612,32,,,,,,,,,,,,,,,,,,,,,,,,,,,,,,,,,,,,,,,,,,,,,,,,
0.3775143678160921,0.1860632183908046,0.2681992337164752,0.1404454022988506,0.1412835249042146,0.1719348659003831,0.1572078544061303,0.161757662835249,0.1404454022988506,0.0253831417624521,0.0288553639846743,0.0438218390804597,0.0315548145060441,0.0504877032096707,0.0915089620675281,0.0094664443518132,0.0,0.0031554814506044,0.0094664443518132,0.0189328887036265,0.0315548145060441,0.0094664443518132,0.0031554814506044,0.0063109629012088,0.0970873786407767,0.1553398058252427,0.2815533980582524,0.0,0.0,0.0,0.0194174757281553,0.0097087378640776,0.1067961165048543,0.0,0.0,0.0194174757281553,0.4507628294036061,0.4410540915395284,0.4646324549237171,0.4840499306518725,0.5201109570041609,0.5575589459084606,0.5852981969486825,0.6047156726768378,0.5686546463245493,0.5436893203883496,0.5214979195561721,0.5020804438280168,32,,,,,,,,,,,,,,,,,,,,,,,,,,,,,,,,,,,,,,,,,,,,,,,,
0.220426245210728,0.5051484674329503,0.2777777777777778,0.0830938697318007,0.0172413793103448,0.0217911877394636,0.0422653256704981,0.0269396551724137,0.3057950191570882,0.3647030651340997,0.1785201149425287,0.1931273946360153,0.0694205919132972,0.0473322217590662,0.1009754064193414,0.0063109629012088,0.0,0.0,0.0126219258024176,0.0126219258024176,0.0694205919132972,0.015777407253022,0.037865777407253,0.0063109629012088,0.145631067961165,0.1262135922330097,0.3106796116504854,0.0,0.0,0.0,0.0194174757281553,0.0097087378640776,0.2135922330097087,0.0194174757281553,0.058252427184466,0.0,0.4895977808599168,0.49375866851595,0.492371705963939,0.5020804438280168,0.5436893203883496,0.5672676837725382,0.5672676837725382,0.5839112343966714,0.6047156726768377,0.5880721220527046,0.5631067961165049,0.5395284327323163,32,,,,,,,,,,,,,,,,,,,,,,,,,,,,,,,,,,,,,,,,,,,,,,,,
0.2739463601532568,0.1561302681992337,0.5168821839080461,0.1190134099616858,0.1239224137931034,0.1315852490421456,0.1283524904214559,0.1138649425287356,0.0923132183908046,0.0170019157088122,0.0893199233716475,0.0314894636015325,0.0567986661108795,0.1987953313880783,0.0094664443518132,0.0094664443518132,0.0,0.0,0.0,0.0220883701542309,0.015777407253022,0.0063109629012088,0.0536431846602751,0.0,0.087378640776699,0.4563106796116505,0.0194174757281553,0.0,0.0,0.0,0.0,0.029126213592233,0.029126213592233,0.0194174757281553,0.1553398058252427,0.0,0.5436893203883496,0.5242718446601942,0.5187239944521499,0.5325936199722608,0.5506241331484051,0.5575589459084606,0.5825242718446603,0.5922330097087379,0.6047156726768378,0.5922330097087379,0.5631067961165048,0.535367545076283,32,,,,,,,,,,,,,,,,,,,,,,,,,,,,,,,,,,,,,,,,,,,,,,,,
0.0213122605363984,0.1240421455938697,0.2310823754789272,0.171455938697318,0.0936302681992337,0.115301724137931,0.1107519157088122,0.1721743295019157,0.15625,0.4732998084291189,0.1726532567049808,0.1034482758620689,0.0,0.0978199249687369,0.0,0.015777407253022,0.0031554814506044,0.0,0.0031554814506044,0.015777407253022,0.0725760733639016,0.0441767403084618,0.0031554814506044,0.0094664443518132,0.0,0.3203883495145631,0.0,0.029126213592233,0.0,0.0,0.0,0.0194174757281553,0.1067961165048543,0.0776699029126213,0.0,0.0097087378640776,0.5062413314840499,0.4868238557558945,0.4687933425797503,0.4646324549237171,0.4743411927877948,0.5062413314840499,0.5922330097087379,0.6130374479889044,0.5936199722607489,0.5575589459084606,0.5242718446601942,0.4993065187239945,32,,,,,,,,,,,,,,,,,,,,,,,,,,,,,,,,,,,,,,,,,,,,,,,,
0.270234674329502,0.5306513409961687,0.978448275862069,0.1922892720306514,0.1271551724137931,0.132183908045977,0.1809147509578544,0.123323754789272,0.1217672413793103,0.0603448275862069,0.0096982758620689,0.1484674329501916,0.1483076281784076,0.1640850354314297,0.0978199249687369,0.0094664443518132,0.0,0.0031554814506044,0.0094664443518132,0.015777407253022,0.0063109629012088,0.0,0.0,0.015777407253022,0.3495145631067961,0.3592233009708738,0.3106796116504854,0.0,0.0,0.0,0.029126213592233,0.0194174757281553,0.0097087378640776,0.0,0.0,0.0194174757281553,0.4882108183079057,0.4965325936199722,0.4840499306518725,0.4812760055478502,0.5048543689320389,0.5603328710124827,0.5728155339805825,0.5603328710124827,0.5589459084604715,0.5478502080443829,0.5048543689320389,0.4438280166435506,32,,,,,,,,,,,,,,,,,,,,,,,,,,,,,,,,,,,,,,,,,,,,,,,,
0.0689655172413793,0.0723180076628352,0.1694204980842912,0.1399664750957854,0.1479885057471265,0.1503831417624521,0.1734913793103449,0.2455699233716475,0.1528975095785441,0.1005747126436781,0.125,0.084051724137931,0.0,0.0,0.037865777407253,0.0,0.0,0.0,0.0,0.0220883701542309,0.0063109629012088,0.0063109629012088,0.0063109629012088,0.0,0.0,0.0,0.1067961165048543,0.0,0.0,0.0,0.0,0.0485436893203883,0.0097087378640776,0.0,0.0,0.0,0.4216366158113731,0.4271844660194175,0.4313453536754508,0.449375866851595,0.4840499306518725,0.5339805825242719,0.5547850208044384,0.579750346740638,0.5742024965325937,0.5575589459084606,0.4826629680998613,0.4715672676837725,32,,,,,,,,,,,,,,,,,,,,,,,,,,,,,,,,,,,,,,,,,,,,,,,,
0.1124281609195402,0.1069204980842912,0.1653496168582376,0.1404454022988506,0.1422413793103448,0.1489463601532567,0.1467911877394636,0.1779214559386973,0.146551724137931,0.1520593869731801,0.0977011494252873,0.2258141762452107,0.0126219258024176,0.0473322217590662,0.0094664443518132,0.0,0.0,0.0,0.0,0.0094664443518132,0.0094664443518132,0.0094664443518132,0.0,0.0220883701542309,0.0388349514563106,0.1359223300970873,0.0,0.0,0.0,0.0,0.0,0.0097087378640776,0.0194174757281553,0.0,0.0,0.058252427184466,0.4576976421636616,0.4521497919556173,0.4410540915395284,0.4479889042995839,0.4590846047156727,0.4826629680998613,0.4826629680998613,0.4979195561719834,0.5312066574202496,0.5131761442441054,0.4868238557558945,0.4687933425797503,32,,,,,,,,,,,,,,,,,,,,,,,,,,,,,,,,,,,,,,,,,,,,,,,,
0.1198515325670498,0.1075191570881226,0.1695402298850575,0.0811781609195402,0.1478687739463602,0.1610392720306513,0.1684626436781609,0.1995929118773947,0.1427203065133995,0.0965038314176245,0.1012931034482758,0.0762691570881226,0.0126219258024176,0.0252438516048353,0.0094664443518132,0.0031554814506044,0.0,0.0031554814506044,0.0,0.0126219258024176,0.0126219258024176,0.0063109629012088,0.0094664443518132,0.0,0.0194174757281553,0.1067961165048543,0.0,0.0,0.0,0.0,0.0,0.0,0.0388349514563106,0.0194174757281553,0.0,0.0097087378640776,0.490984743411928,0.4882108183079057,0.4674063800277393,0.4715672676837725,0.4618585298196949,0.5270457697642164,0.5755894590846048,0.5922330097087379,0.565880721220527,0.5464632454923718,0.5228848821081832,0.5006934812760055,32,,,,,,,,,,,,,,,,,,,,,,,,,,,,,,,,,,,,,,,,,,,,,,,,
0.0957854406130268,0.0872844827586207,0.1404454022988506,0.0866858237547893,0.166786398467433,0.1654693486590038,0.1698994252873563,0.2015086206896552,0.0905172413793103,0.1812739463601533,0.0421455938697318,0.0299329501915709,0.0220883701542309,0.0283993330554397,0.0063109629012088,0.0031554814506044,0.0,0.0,0.0,0.0094664443518132,0.0063109629012088,0.0094664443518132,0.0063109629012088,0.0031554814506044,0.058252427184466,0.1067961165048543,0.0,0.0,0.0,0.0,0.0,0.029126213592233,0.0,0.0194174757281553,0.0,0.0,0.4798890429958392,0.4715672676837725,0.4299583911234397,0.4479889042995839,0.5145631067961165,0.5339805825242719,0.5908460471567267,0.6116504854368932,0.6033287101248267,0.579750346740638,0.5062413314840499,0.4604715672676838,32,,,,,,,,,,,,,,,,,,,,,,,,,,,,,,,,,,,,,,,,,,,,,,,,
0.1706178160919541,0.1181752873563218,0.1143438697318007,0.1391283524904214,0.1234434865900383,0.1768438697318008,0.1888170498084291,0.1761254789272031,0.0911159003831417,0.0830938697318007,0.0525622605363984,0.0545977011494253,0.0220883701542309,0.0094664443518132,0.0252438516048353,0.0031554814506044,0.0,0.0,0.0031554814506044,0.0063109629012088,0.0,0.0063109629012088,0.0063109629012088,0.0031554814506044,0.087378640776699,0.0194174757281553,0.087378640776699,0.0,0.0,0.0,0.0,0.0194174757281553,0.0,0.0097087378640776,0.0,0.0,0.4257975034674064,0.4022191400832178,0.3966712898751734,0.4618585298196949,0.5603328710124827,0.6033287101248267,0.6352288488210819,0.6546463245492372,0.6560332871012483,0.6116504854368933,0.5742024965325937,0.5547850208044384,32,,,,,,,,,,,,,,,,,,,,,,,,,,,,,,,,,,,,,,,,,,,,,,,,
0.0662116858237548,0.0678879310344827,0.0592672413793103,0.014367816091954,0.0314894636015325,0.1409243295019157,0.1293103448275862,0.1375718390804598,0.2619731800766284,0.01352969348659,0.1452346743295019,0.0435823754789272,0.0031554814506044,0.0126219258024176,0.037865777407253,0.0063109629012088,0.0,0.0,0.0,0.0189328887036265,0.0220883701542309,0.0,0.0063109629012088,0.0063109629012088,0.0,0.0388349514563106,0.116504854368932,0.0,0.0,0.0,0.0,0.029126213592233,0.0097087378640776,0.0,0.0097087378640776,0.0194174757281553,0.5020804438280168,0.4812760055478502,0.4757281553398058,0.5381414701803051,0.5880721220527046,0.6269070735090153,0.6601941747572816,0.7004160887656034,0.7156726768377254,0.6754507628294038,0.6393897364771151,0.6102635228848822,35,,,,,,,,,,,,,,,,,,,,,,,,,,,,,,,,,,,,,,,,,,,,,,,,
0.1639128352490422,0.0636973180076628,0.0676484674329502,0.0136494252873563,0.0147270114942528,0.0131704980842911,0.0101772030651341,0.1544540229885057,0.087404214559387,0.541786398467433,0.3425526819923372,0.1139846743295019,0.015777407253022,0.0126219258024176,0.0315548145060441,0.0063109629012088,0.0,0.0,0.0,0.0094664443518132,0.1924843684868695,0.0410212588578574,0.0126219258024176,0.0441767403084618,0.0485436893203883,0.0194174757281553,0.0970873786407767,0.0,0.0,0.0,0.0,0.0194174757281553,0.4271844660194174,0.0388349514563106,0.0194174757281553,0.1262135922330097,0.5603328710124827,0.5395284327323163,0.564493758668516,0.5686546463245493,0.6310679611650486,0.6560332871012483,0.7170596393897366,0.739251040221914,0.7184466019417476,0.6227461858529821,0.5922330097087379,0.565880721220527,13,,,,,,,,,,,,,,,,,,,,,,,,,,,,,,,,,,,,,,,,,,,,,,,,
0.4440852490421457,0.1878591954022988,0.0959051724137931,0.0164032567049808,0.0168821839080459,0.0180795019157088,0.0180795019157088,0.0853687739463601,0.0896791187739463,0.1342193486590038,0.0246647509578544,0.0263409961685823,0.0694205919132972,0.0567986661108795,0.0126219258024176,0.0,0.0,0.0,0.0031554814506044,0.0031554814506044,0.0283993330554397,0.0189328887036265,0.0031554814506044,0.0252438516048353,0.1650485436893204,0.174757281553398,0.0097087378640776,0.0,0.0,0.0,0.0,0.0,0.0485436893203883,0.0485436893203883,0.0,0.087378640776699,0.5312066574202496,0.4979195561719834,0.4785020804438281,0.4882108183079057,0.5131761442441054,0.5450762829403606,0.5631067961165049,0.5728155339805825,0.565880721220527,0.5298196948682387,0.5048543689320389,0.4937586685159501,32,,,,,,,,,,,,,,,,,,,,,,,,,,,,,,,,,,,,,,,,,,,,,,,,
0.1342193486590038,0.5542385057471266,0.3217193486590039,0.2271312260536399,0.1236829501915709,0.2118055555555556,0.1727729885057471,0.1843869731800766,0.1032088122605364,0.0786637931034482,0.038433908045977,0.0247844827586206,0.0820425177157148,0.1104418507711546,0.0851979991663193,0.0094664443518132,0.0,0.0,0.0126219258024176,0.0126219258024176,0.0063109629012088,0.015777407253022,0.0094664443518132,0.0126219258024176,0.1553398058252427,0.3203883495145631,0.2718446601941747,0.0,0.0,0.0,0.029126213592233,0.0194174757281553,0.058252427184466,0.0194174757281553,0.0679611650485436,0.0194174757281553,0.4743411927877948,0.4687933425797503,0.4549237170596394,0.4785020804438281,0.5104022191400832,0.5284327323162274,0.5533980582524273,0.5825242718446603,0.5811373092926492,0.5631067961165049,0.5242718446601942,0.4826629680998613,32,,,,,,,,,,,,,,,,,,,,,,,,,,,,,,,,,,,,,,,,,,,,,,,,
0.0767480842911877,0.4852729885057472,0.3894875478927204,0.141044061302682,0.1404454022988506,0.1646312260536398,0.1684626436781609,0.1913314176245211,0.0299329501915709,0.0168821839080459,0.0173611111111111,0.1048850574712643,0.0599541475614839,0.1703959983326386,0.0631096290120883,0.0126219258024176,0.0,0.0,0.0126219258024176,0.0283993330554397,0.0126219258024176,0.0,0.0,0.0189328887036265,0.1941747572815534,0.4466019417475728,0.2135922330097087,0.0097087378640776,0.0,0.0,0.0194174757281553,0.0485436893203883,0.0,0.0,0.0,0.0194174757281553,0.4299583911234397,0.4022191400832178,0.3952843273231623,0.4757281553398058,0.5381414701803051,0.5478502080443829,0.5755894590846048,0.6158113730929267,0.6393897364771152,0.6005547850208044,0.5423023578363385,0.507628294036061,32,,,,,,,,,,,,,,,,,,,,,,,,,,,,,,,,,,,,,,,,,,,,,,,,
0.2125239463601533,0.0592672413793103,0.1716954022988506,0.1337404214559387,0.0162835249042145,0.092911877394636,0.1643917624521073,0.0991379310344827,0.1090756704980843,0.0738745210727969,0.038433908045977,0.0264607279693486,0.0252438516048353,0.0031554814506044,0.1199082951229679,0.0883534806169237,0.0,0.0,0.0,0.0126219258024176,0.0189328887036265,0.0283993330554397,0.0315548145060441,0.0725760733639016,0.0388349514563106,0.0,0.2815533980582524,0.2815533980582524,0.0,0.0,0.0,0.0194174757281553,0.0194174757281553,0.0679611650485436,0.0388349514563106,0.029126213592233,0.4854368932038835,0.4521497919556173,0.4438280166435506,0.5506241331484051,0.6005547850208044,0.6255201109570041,0.6865464632454924,0.7198335644937586,0.7295423023578363,0.6879334257975035,0.6393897364771151,0.5936199722607489,32,,,,,,,,,,,,,,,,,,,,,,,,,,,,,,,,,,,,,,,,,,,,,,,,
0.0956657088122605,0.1546934865900383,0.2270114942528736,0.0723180076628352,0.0195162835249042,0.0149664750957854,0.0195162835249042,0.1282327586206897,0.0988984674329502,0.0308908045977011,0.019037356321839,0.0634578544061302,0.0220883701542309,0.0820425177157148,0.0567986661108795,0.0126219258024176,0.0,0.0,0.0,0.0347102959566486,0.0473322217590662,0.0063109629012088,0.0,0.0189328887036265,0.058252427184466,0.2621359223300971,0.1844660194174757,0.0,0.0,0.0,0.0,0.0679611650485436,0.0679611650485436,0.0,0.0,0.0388349514563106,0.5672676837725382,0.4965325936199722,0.5034674063800277,0.5852981969486825,0.6463245492371706,0.6865464632454924,0.7087378640776699,0.7281553398058253,0.737864077669903,0.7087378640776699,0.6574202496532595,0.650485436893204,32,,,,,,,,,,,,,,,,,,,,,,,,,,,,,,,,,,,,,,,,,,,,,,,,
0.1018917624521073,0.4069683908045978,0.1574473180076628,0.1251197318007663,0.0187978927203065,0.0211925287356321,0.0613026819923371,0.0476532567049808,0.0187978927203065,0.0177203065134099,0.0470545977011494,0.2539511494252874,0.1041308878699458,0.0094664443518132,0.0788870362651104,0.0126219258024176,0.0,0.0,0.015777407253022,0.015777407253022,0.015777407253022,0.0,0.0031554814506044,0.0220883701542309,0.203883495145631,0.029126213592233,0.2233009708737864,0.0,0.0,0.0,0.0194174757281553,0.0388349514563106,0.0485436893203883,0.0,0.0,0.0485436893203883,0.5908460471567267,0.5395284327323163,0.5617198335644938,0.6116504854368932,0.651872399445215,0.7004160887656034,0.7239944521497921,0.7475728155339805,0.7503467406380028,0.7018030513176144,0.6393897364771152,0.6185852981969486,32,,,,,,,,,,,,,,,,,,,,,,,,,,,,,,,,,,,,,,,,,,,,,,,,
0.1149425287356322,0.171455938697318,0.2194683908045977,0.0537595785440613,0.0353208812260536,0.0247844827586206,0.0506465517241379,0.0221503831417624,0.0962643678160919,0.0516044061302682,0.2106082375478928,0.1302681992337165,0.0536431846602751,0.0915089620675281,0.0536431846602751,0.0315548145060441,0.0,0.0,0.0094664443518132,0.0063109629012088,0.015777407253022,0.0031554814506044,0.0631096290120883,0.0063109629012088,0.145631067961165,0.2233009708737864,0.1067961165048543,0.0970873786407767,0.0,0.0,0.0194174757281553,0.0,0.0388349514563106,0.0,0.0485436893203883,0.0194174757281553,0.6185852981969487,0.5839112343966713,0.5603328710124827,0.5977808599167822,0.6282940360610264,0.6546463245492372,0.6699029126213593,0.6879334257975035,0.6990291262135924,0.6546463245492372,0.6490984743411928,0.6061026352288489,32,,,,,,,,,,,,,,,,,,,,,,,,,,,,,,,,,,,,,,,,,,,,,,,,
0.1506226053639847,0.1433189655172414,0.1701388888888889,0.3742816091954024,0.0238266283524904,0.0226293103448275,0.0548371647509578,0.0192768199233716,0.0790229885057471,0.0415469348659004,0.3799090038314177,0.291786398467433,0.0725760733639016,0.075731554814506,0.0788870362651104,0.0031554814506044,0.0031554814506044,0.0,0.0126219258024176,0.0063109629012088,0.0410212588578574,0.0441767403084618,0.0283993330554397,0.0473322217590662,0.2524271844660194,0.1941747572815534,0.2135922330097087,0.0,0.0,0.0,0.029126213592233,0.0,0.0679611650485436,0.0,0.0194174757281553,0.0388349514563106,0.5852981969486825,0.5547850208044384,0.5214979195561721,0.5603328710124827,0.5769764216366159,0.6047156726768378,0.6449375866851595,0.6449375866851595,0.653259361997226,0.6324549237170597,0.6061026352288489,0.5700416088765604,32,,,,,,,,,,,,,,,,,,,,,,,,,,,,,,,,,,,,,,,,,,,,,,,,
0.0816570881226053,0.0804597701149425,0.198036398467433,0.0652538314176245,0.0222701149425287,0.0164032567049808,0.0557950191570881,0.0123323754789272,0.1033285440613027,0.0195162835249042,0.0611829501915708,0.068007662835249,0.0820425177157148,0.113597332221759,0.0725760733639016,0.0094664443518132,0.0,0.0031554814506044,0.0189328887036265,0.0,0.0189328887036265,0.0220883701542309,0.0063109629012088,0.0347102959566486,0.2233009708737864,0.3203883495145631,0.2233009708737864,0.0,0.0,0.0,0.029126213592233,0.0,0.0388349514563106,0.0194174757281553,0.0097087378640776,0.0388349514563106,0.5214979195561721,0.4979195561719834,0.4785020804438281,0.5006934812760055,0.5339805825242719,0.5686546463245493,0.6088765603328712,0.6255201109570042,0.6324549237170597,0.6241331484049931,0.5714285714285715,0.5450762829403606,32,,,,,,,,,,,,,,,,,,,,,,,,,,,,,,,,,,,,,,,,,,,,,,,,
0.225933908045977,0.2054597701149426,0.2590996168582376,0.3494971264367816,0.0203544061302682,0.0195162835249042,0.0438218390804597,0.2804118773946361,0.1485871647509579,0.0721982758620689,0.0999760536398467,0.1760057471264368,0.1041308878699458,0.0315548145060441,0.1009754064193414,0.0094664443518132,0.0,0.0,0.0126219258024176,0.0031554814506044,0.0220883701542309,0.0189328887036265,0.0347102959566486,0.0536431846602751,0.1067961165048543,0.0970873786407767,0.2718446601941747,0.0097087378640776,0.0,0.0,0.0194174757281553,0.0,0.0388349514563106,0.0679611650485436,0.087378640776699,0.145631067961165,0.5062413314840499,0.4882108183079057,0.4479889042995839,0.5020804438280168,0.5228848821081832,0.564493758668516,0.6116504854368933,0.6324549237170596,0.6282940360610264,0.5963938973647712,0.5617198335644938,0.5381414701803051,32,,,,,,,,,,,,,,,,,,,,,,,,,,,,,,,,,,,,,,,,,,,,,,,,
0.1088362068965517,0.179477969348659,0.2480842911877395,0.1381704980842912,0.0504070881226053,0.0405890804597701,0.0419061302681992,0.1187739463601532,0.1141044061302682,0.0319683908045977,0.0383141762452107,0.1164990421455938,0.037865777407253,0.0788870362651104,0.0946644435181325,0.0189328887036265,0.0315548145060441,0.0,0.0126219258024176,0.0252438516048353,0.0220883701542309,0.0094664443518132,0.015777407253022,0.0978199249687369,0.0970873786407767,0.1844660194174757,0.2621359223300971,0.0194174757281553,0.0097087378640776,0.0,0.0194174757281553,0.058252427184466,0.0194174757281553,0.0097087378640776,0.0097087378640776,0.203883495145631,0.4965325936199722,0.4715672676837725,0.4535367545076283,0.5214979195561721,0.5755894590846048,0.6088765603328712,0.6324549237170597,0.6615811373092927,0.6962552011095702,0.6338418862690708,0.6227461858529821,0.6158113730929267,32,,,,,,,,,,,,,,,,,,,,,,,,,,,,,,,,,,,,,,,,,,,,,,,,
0.0755507662835249,0.2300047892720307,0.240301724137931,0.0348419540229885,0.0469348659003831,0.0228687739463601,0.0251436781609195,0.1732519157088123,0.1196120689655172,0.1861829501915709,0.1386494252873563,0.121647509578544,0.0126219258024176,0.1577740725302209,0.0189328887036265,0.0063109629012088,0.0126219258024176,0.0,0.0031554814506044,0.0599541475614839,0.0694205919132972,0.0220883701542309,0.0283993330554397,0.0283993330554397,0.0097087378640776,0.4466019417475728,0.0194174757281553,0.0,0.0194174757281553,0.0,0.0,0.0970873786407767,0.145631067961165,0.058252427184466,0.0679611650485436,0.0194174757281553,0.6088765603328712,0.5839112343966714,0.5728155339805825,0.6088765603328712,0.6435506241331486,0.6712898751733705,0.5908460471567268,0.564493758668516,0.5700416088765604,0.5672676837725382,0.5769764216366159,0.5825242718446603,32,,,,,,,,,,,,,,,,,,,,,,,,,,,,,,,,,,,,,,,,,,,,,,,,
0.1733716475095785,0.372844827586207,0.6375718390804599,0.1125478927203065,0.0284961685823754,0.0231082375478927,0.0307710727969348,0.1408045977011494,0.1527777777777778,0.1175766283524904,0.2777777777777778,0.3409961685823756,0.0504877032096707,0.2303501458941225,0.037865777407253,0.0189328887036265,0.0,0.0,0.0031554814506044,0.0441767403084618,0.0441767403084618,0.0315548145060441,0.037865777407253,0.0410212588578574,0.2135922330097087,0.6213592233009708,0.0388349514563106,0.0,0.0,0.0,0.0,0.0679611650485436,0.0776699029126213,0.087378640776699,0.029126213592233,0.1067961165048543,0.5714285714285715,0.5631067961165048,0.5561719833564495,0.5714285714285715,0.5769764216366158,0.6061026352288489,0.6088765603328712,0.6255201109570042,0.664355062413315,0.653259361997226,0.6116504854368932,0.5908460471567268,32,,,,,,,,,,,,,,,,,,,,,,,,,,,,,,,,,,,,,,,,,,,,,,,,
0.3488984674329503,0.3075909961685825,0.2599377394636016,0.0850095785440613,0.0306513409961685,0.0210727969348659,0.0755507662835249,0.0719588122605364,0.0793821839080459,0.0520833333333333,0.1156609195402299,0.1904932950191571,0.0567986661108795,0.113597332221759,0.075731554814506,0.0031554814506044,0.0,0.0,0.0252438516048353,0.015777407253022,0.037865777407253,0.037865777407253,0.0410212588578574,0.0315548145060441,0.145631067961165,0.3106796116504854,0.1941747572815534,0.0097087378640776,0.0,0.0,0.0388349514563106,0.0194174757281553,0.0970873786407767,0.0,0.1262135922330097,0.058252427184466,0.5755894590846048,0.5423023578363385,0.5187239944521499,0.5464632454923718,0.5866851595006934,0.6088765603328712,0.6199722607489598,0.6324549237170596,0.6255201109570041,0.5561719833564495,0.5436893203883496,0.4965325936199722,32,,,,,,,,,,,,,,,,,,,,,,,,,,,,,,,,,,,,,,,,,,,,,,,,
0.1950431034482758,0.2564655172413794,0.2470067049808429,0.0602250957854406,0.0275383141762452,0.0192768199233716,0.0687260536398467,0.3298611111111112,0.4365421455938698,0.2182710727969349,0.1023706896551724,0.208213601532567,0.0631096290120883,0.1230637765735723,0.037865777407253,0.015777407253022,0.0,0.0,0.0189328887036265,0.0851979991663193,0.0347102959566486,0.0347102959566486,0.0063109629012088,0.0283993330554397,0.1553398058252427,0.3398058252427184,0.1067961165048543,0.0194174757281553,0.0,0.0,0.0194174757281553,0.145631067961165,0.0194174757281553,0.0485436893203883,0.0097087378640776,0.058252427184466,0.4840499306518725,0.4993065187239945,0.5048543689320389,0.5339805825242719,0.5742024965325937,0.6158113730929267,0.651872399445215,0.6366158113730931,0.6490984743411928,0.5700416088765604,0.5436893203883496,0.5395284327323163,32,,,,,,,,,,,,,,,,,,,,,,,,,,,,,,,,,,,,,,,,,,,,,,,,
0.2497605363984675,0.1951628352490422,0.2254549808429119,0.0802203065134099,0.0490900383141762,0.040110153256705,0.0713601532567049,0.345426245210728,0.0451388888888888,0.0434626436781609,0.1148227969348659,0.0757902298850574,0.0347102959566486,0.0915089620675281,0.0725760733639016,0.015777407253022,0.0063109629012088,0.0,0.0441767403084618,0.0504877032096707,0.0410212588578574,0.0189328887036265,0.015777407253022,0.0315548145060441,0.145631067961165,0.2524271844660194,0.2135922330097087,0.0194174757281553,0.0,0.0,0.0970873786407767,0.0970873786407767,0.0388349514563106,0.029126213592233,0.0679611650485436,0.0388349514563106,0.5034674063800277,0.4757281553398058,0.4785020804438281,0.5242718446601942,0.5506241331484051,0.5991678224687934,0.6171983356449376,0.6407766990291263,0.6449375866851595,0.6213592233009709,0.5894590846047157,0.5742024965325937,32,,,,,,,,,,,,,,,,,,,,,,,,,,,,,,,,,,,,,,,,,,,,,,,,
0.2236590038314177,0.5416666666666667,0.5784243295019159,0.0458572796934865,0.037595785440613,0.0255028735632183,0.0584291187739463,0.1398467432950192,0.1094348659003831,0.1344588122605364,0.4163074712643679,0.1550526819923371,0.1104418507711546,0.1987953313880783,0.0126219258024176,0.0063109629012088,0.0031554814506044,0.0,0.015777407253022,0.0536431846602751,0.0347111296373488,0.0883534806169237,0.0063109629012088,0.0410212588578574,0.3495145631067961,0.3883495145631068,0.0097087378640776,0.0,0.0,0.0,0.029126213592233,0.1262135922330097,0.087378640776699,0.0970873786407767,0.0097087378640776,0.1067961165048543,0.5159500693481277,0.5076282940360611,0.5006934812760057,0.5672676837725382,0.6241331484049931,0.6782246879334259,0.7073509015256588,0.7683772538141471,0.7669902912621359,0.7295423023578363,0.6615811373092927,0.6629680998613038,32,,,,,,,,,,,,,,,,,,,,,,,,,,,,,,,,,,,,,,,,,,,,,,,,
0.1615181992337165,0.3835009578544062,0.265205938697318,0.0500478927203065,0.0313697318007662,0.0302921455938697,0.0520833333333333,0.1578065134099617,0.0730363984674329,0.2852011494252874,0.10727969348659,0.1957614942528736,0.0978199249687369,0.1199082951229679,0.0189328887036265,0.0,0.0,0.0,0.0189328887036265,0.037865777407253,0.0567986661108795,0.0063109629012088,0.0094664443518132,0.0883534806169237,0.2621359223300971,0.2815533980582524,0.0097087378640776,0.0,0.0,0.0,0.0388349514563106,0.0679611650485436,0.0388349514563106,0.0,0.0194174757281553,0.233009708737864,0.6144244105409155,0.5936199722607489,0.5325936199722608,0.650485436893204,0.6934812760055479,0.7239944521497921,0.7572815533980582,0.8085991678224688,0.8321775312066575,0.8280166435506242,0.7309292649098476,0.6338418862690708,32,,,,,,,,,,,,,,,,,,,,,,,,,,,,,,,,,,,,,,,,,,,,,,,,
0.0789032567049808,0.1534961685823755,0.217911877394636,0.0423850574712643,0.0602250957854406,0.0313697318007662,0.0280172413793103,0.1493055555555556,0.1458333333333333,0.1131465517241379,0.0792624521072797,0.1400862068965517,0.0063109629012088,0.0820425177157148,0.0347102959566486,0.0,0.0126219258024176,0.0,0.0031554814506044,0.0599541475614839,0.075731554814506,0.0126219258024176,0.0599541475614839,0.0315548145060441,0.0388349514563106,0.233009708737864,0.0388349514563106,0.0,0.029126213592233,0.0,0.0,0.1262135922330097,0.1941747572815534,0.0,0.0097087378640776,0.0970873786407767,0.578363384188627,0.5520110957004161,0.5464632454923718,0.578363384188627,0.6185852981969487,0.6768377253814147,0.7128987517337033,0.7337031900138697,0.7142857142857143,0.6879334257975035,0.6477115117891817,0.6352288488210819,32,,,,,,,,,,,,,,,,,,,,,,,,,,,,,,,,,,,,,,,,,,,,,,,,
0.5668103448275863,0.2405411877394636,0.2164750957854407,0.0405890804597701,0.0225095785440613,0.0307710727969348,0.1948036398467433,0.1149425287356322,0.0702825670498084,0.0886015325670498,0.1101532567049808,0.0592672413793103,0.0504877032096707,0.1262192580241767,0.0694205919132972,0.0,0.0,0.0126219258024176,0.0347102959566486,0.0063109629012088,0.0220883701542309,0.0189328887036265,0.0063109629012088,0.0126219258024176,0.0970873786407767,0.3883495145631068,0.145631067961165,0.0,0.0,0.0097087378640776,0.0485436893203883,0.0,0.0388349514563106,0.0097087378640776,0.0388349514563106,0.0194174757281553,0.6296809986130376,0.6116504854368933,0.5866851595006934,0.5769764216366159,0.6019417475728157,0.6393897364771152,0.6851595006934814,0.7115117891816921,0.6532593619972261,0.6116504854368933,0.5811373092926492,0.5561719833564495,32,,,,,,,,,,,,,,,,,,,,,,,,,,,,,,,,,,,,,,,,,,,,,,,,
0.1041666666666666,0.1700191570881226,0.1827107279693487,0.0094588122605364,0.005507662835249,0.0090996168582375,0.0416666666666666,0.0720785440613027,0.2806513409961687,0.0862068965517241,0.0772270114942529,0.173132183908046,0.0883534806169237,0.0599541475614839,0.0189328887036265,0.0031554814506044,0.0,0.0,0.0189328887036265,0.0126219258024176,0.015777407253022,0.0189328887036265,0.0252438516048353,0.0441767403084618,0.2233009708737864,0.1844660194174757,0.0194174757281553,0.0,0.0,0.0,0.0194174757281553,0.029126213592233,0.0194174757281553,0.0679611650485436,0.0194174757281553,0.1262135922330097,0.5062413314840499,0.5020804438280168,0.5006934812760055,0.5076282940360611,0.5270457697642164,0.5742024965325937,0.6185852981969487,0.6601941747572815,0.6546463245492372,0.6324549237170597,0.5894590846047157,0.5686546463245493,32,,,,,,,,,,,,,,,,,,,,,,,,,,,,,,,,,,,,,,,,,,,,,,,,
0.5320881226053641,0.3348898467432951,0.2654454022988506,0.0348419540229885,0.0077825670498084,0.0100574712643678,0.1041666666666666,0.0902777777777778,0.1378113026819924,0.0051484674329501,0.121647509578544,0.2556273946360154,0.0189328887036265,0.1388411838265944,0.0252438516048353,0.0,0.0,0.0,0.0189328887036265,0.0189328887036265,0.0031554814506044,0.0,0.0094664443518132,0.0126219258024176,0.029126213592233,0.4271844660194174,0.0097087378640776,0.0,0.0,0.0,0.0194174757281553,0.0194174757281553,0.029126213592233,0.0,0.0,0.0485436893203883,0.5589459084604715,0.5395284327323163,0.5256588072122054,0.5367545076282941,0.5575589459084606,0.6255201109570041,0.6269070735090153,0.6282940360610264,0.6102635228848822,0.579750346740638,0.564493758668516,0.5575589459084606,32,,,,,,,,,,,,,,,,,,,,,,,,,,,,,,,,,,,,,,,,,,,,,,,,
0.132183908045977,0.1924090038314176,0.1627155172413793,0.0692049808429118,0.0233477011494252,0.0277777777777777,0.0967432950191571,0.1521791187739463,0.0538793103448276,0.0542385057471264,0.0211925287356321,0.0778256704980843,0.015777407253022,0.1388411838265944,0.037865777407253,0.0063109629012088,0.0031554814506044,0.0,0.0094664443518132,0.0441767403084618,0.0094664443518132,0.0,0.0126219258024176,0.0347102959566486,0.0097087378640776,0.3592233009708738,0.116504854368932,0.0,0.0,0.0,0.0,0.0776699029126213,0.0097087378640776,0.0,0.0097087378640776,0.0194174757281553,0.5506241331484051,0.5520110957004161,0.5603328710124827,0.565880721220527,0.5866851595006934,0.6019417475728157,0.6199722607489598,0.6712898751733705,0.6754507628294038,0.667128987517337,0.6463245492371706,0.6324549237170596,32,,,,,,,,,,,,,,,,,,,,,,,,,,,,,,,,,,,,,,,,,,,,,,,,
0.3518917624521073,0.1993534482758621,0.2119252873563218,0.0714798850574712,0.0122126436781609,0.0059865900383141,0.0076628352490421,0.130507662835249,0.0670498084291187,0.0480124521072797,0.0380747126436781,0.0735153256704981,0.0694205919132972,0.1167528136723635,0.0094664443518132,0.0315548145060441,0.0,0.0,0.0,0.0283993330554397,0.037865777407253,0.0094664443518132,0.0252438516048353,0.0946644435181325,0.1650485436893204,0.3203883495145631,0.0097087378640776,0.0970873786407767,0.0,0.0,0.0,0.0485436893203883,0.087378640776699,0.0194174757281553,0.087378640776699,0.203883495145631,0.6158113730929267,0.5936199722607489,0.5922330097087379,0.6047156726768378,0.6449375866851595,0.6990291262135924,0.7447988904299585,0.7489597780859918,0.7350901525658807,0.6934812760055479,0.6366158113730931,0.5700416088765604,32,,,,,,,,,,,,,,,,,,,,,,,,,,,,,,,,,,,,,,,,,,,,,,,,
,,,,,,,,,,,,,,,,,,,,,,,,,,,,,,,,,,,,,,,,,,,,,,,,32,0.143558429118774,0.2648467432950192,0.333213601532567,0.0433429118773946,0.0361590038314176,0.0371168582375478,0.0727969348659004,0.0860871647509578,0.0927921455938697,0.0507662835249042,0.0288553639846743,0.0741139846743295,0.2296790329303876,0.1592330137557315,0.0679449770737807,0.0162567736556898,0.0,0.0079199666527719,0.0266777824093372,0.02334305960817,0.0716965402250938,0.0537724051688203,0.0,0.0137557315548145,0.2912621359223301,0.174757281553398,0.087378640776699,0.0,0.0,0.0,0.0194174757281553,0.0097087378640776,0.0194174757281553,0.0388349514563106,0.0,0.0097087378640776,0.6699029126213593,0.6241331484049931,0.6144244105409155,0.650485436893204,0.7018030513176144,0.7711511789181692,0.8321775312066575,0.8613037447988904,0.8571428571428572,0.8030513176144245,0.7170596393897366,0.7045769764216366
,,,,,,,,,,,,,,,,,,,,,,,,,,,,,,,,,,,,,,,,,,,,,,,,32,0.1291906130268199,0.475454980842912,0.2319204980842912,0.0486111111111111,0.0391522988505747,0.0377155172413793,0.0854885057471264,0.0559147509578544,0.0486111111111111,0.0854885057471264,0.3438697318007664,0.052801724137931,0.0996248436848687,0.1333889120466861,0.1600666944560233,0.0150062526052521,0.0,0.0100041684035014,0.027511463109629,0.0370987911629845,0.0379324718632763,0.055022926219258,0.0996248436848687,0.0254272613588995,0.1067961165048543,0.1650485436893204,0.203883495145631,0.0,0.0,0.0,0.0194174757281553,0.029126213592233,0.0194174757281553,0.029126213592233,0.0194174757281553,0.0097087378640776,0.6740638002773925,0.6435506241331486,0.6407766990291263,0.6421636615811374,0.6740638002773925,0.7447988904299585,0.8099861303744799,0.8363384188626908,0.8515950069348127,0.826629680998613,0.7406380027739252,0.6865464632454924
,,,,,,,,,,,,,,,,,,,,,,,,,,,,,,,,,,,,,,,,,,,,,,,,32,0.1015325670498084,0.4850335249042146,0.1738505747126437,0.1325431034482759,0.0308908045977011,0.0320881226053639,0.0324473180076628,0.2230603448275862,0.2504789272030652,0.1168582375478927,0.1534961685823755,0.1491858237547893,0.1479783243017924,0.0504376823676531,0.161317215506461,0.0525218841183826,0.0050020842017507,0.0029178824510212,0.015423092955398,0.1037932471863276,0.070862859524802,0.0712796998749479,1.0,0.1154647769904126,0.1650485436893204,0.0194174757281553,0.203883495145631,0.029126213592233,0.0,0.0,0.0097087378640776,0.058252427184466,0.0679611650485436,0.0679611650485436,0.0679611650485436,0.087378640776699,0.7045769764216366,0.6726768377253814,0.6449375866851595,0.7170596393897366,0.7753120665742026,0.8085991678224688,0.8446601941747572,0.8807212205270458,0.8710124826629682,0.840499306518724,0.8183079056865465,0.7891816920943135
,,,,,,,,,,,,,,,,,,,,,,,,,,,,,,,,,,,,,,,,,,,,,,,,32,0.0965038314176245,0.0529214559386973,0.173132183908046,0.043941570881226,0.0374760536398467,0.035919540229885,0.0331657088122605,0.0715996168582375,0.1718151340996169,0.2094109195402299,0.5179597701149427,0.2021072796934866,0.0504376823676531,0.1008753647353063,0.1304710295956648,0.0091704877032096,0.0,0.0,0.0,0.0879533138807836,0.031263026260942,0.0350145894122551,0.0537724051688203,0.0170904543559816,0.0485436893203883,0.116504854368932,0.1553398058252427,0.0,0.0,0.0,0.0,0.087378640776699,0.029126213592233,0.0194174757281553,0.0388349514563106,0.0,0.751733703190014,0.7447988904299585,0.7253814147018031,0.7725381414701804,0.8196948682385575,0.8696255201109571,0.9070735090152564,0.9570041608876562,0.9472954230235784,0.9153952843273232,0.839112343966713,0.7905686546463246
,,,,,,,,,,,,,,,,,,,,,,,,,,,,,,,,,,,,,,,,,,,,,,,,32,0.1227250957854406,0.4340277777777778,0.1855842911877395,0.0238266283524904,0.0280172413793103,0.0252634099616858,0.0397509578544061,0.0834530651340996,0.1311063218390805,0.4254070881226054,0.3918821839080461,0.3976293103448277,0.0,0.0758649437265527,0.1371404751979991,0.0141725719049604,0.0,0.0,0.0,0.031263026260942,0.0566902876198416,0.2346811171321383,0.0087536473530637,0.0133388912046686,0.0,0.087378640776699,0.174757281553398,0.0,0.0,0.0,0.0,0.0194174757281553,0.0970873786407767,0.1067961165048543,0.0,0.0097087378640776,0.8016643550624133,0.7725381414701804,0.7656033287101249,0.7947295423023578,0.8557558945908461,0.8862690707350903,0.9334257975034674,0.9889042995839112,0.9791955617198336,0.925104022191401,0.9098474341192788,0.8141470180305133
,,,,,,,,,,,,,,,,,,,,,,,,,,,,,,,,,,,,,,,,,,,,,,,,32,0.260536398467433,0.1210488505747126,0.1633141762452108,0.0226293103448275,0.027897509578544,0.0423850574712643,0.0307710727969348,0.0636973180076628,0.0665708812260536,0.0346024904214559,0.0426245210727969,0.1669061302681992,0.1946644435181325,0.1162984576907044,0.0817007086285952,0.0,0.0,0.0,0.0108378491037932,0.019591496456857,0.0175072947061275,0.0266777824093372,0.0083368070029178,0.1383909962484368,0.203883495145631,0.1067961165048543,0.087378640776699,0.0,0.0,0.0,0.0,0.0194174757281553,0.0,0.0,0.0388349514563106,0.0970873786407767,0.7947295423023578,0.7614424410540916,0.7142857142857143,0.7725381414701804,0.8599167822468794,0.9056865464632456,0.8918169209431346,0.8488210818307906,0.8543689320388349,0.823855755894591,0.7919556171983356,0.7656033287101249
,,,,,,,,,,,,,,,,,,,,,,,,,,,,,,,,,,,,,,,,,,,,,,,,32,0.3527298850574713,0.3028017241379311,0.3084291187739464,0.039272030651341,0.0330459770114942,0.0324473180076628,0.1132662835249042,0.0623802681992337,0.0482519157088122,0.0344827586206896,0.0522030651340996,0.1459530651340996,0.1204668611921634,0.2050854522717799,0.0120883701542309,0.0141725719049604,0.0,0.0050020842017507,0.0183409754064193,0.0379324718632763,0.0133388912046686,0.0229262192580241,0.0070862859524802,0.0333472280116715,0.0776699029126213,0.2427184466019417,0.0,0.0,0.0,0.0,0.0194174757281553,0.029126213592233,0.0,0.029126213592233,0.0,0.0194174757281553,0.737864077669903,0.7253814147018031,0.680998613037448,0.7239944521497921,0.7947295423023578,0.8557558945908461,0.8765603328710125,0.9070735090152564,0.8155339805825242,0.7558945908460473,0.7156726768377254,0.7045769764216366
,,,,,,,,,,,,,,,,,,,,,,,,,,,,,,,,,,,,,,,,,,,,,,,,32,0.1611590038314176,0.2866379310344828,0.34375,0.1494252873563218,0.0369971264367816,0.0334051724137931,0.092073754789272,0.1633141762452108,0.0458572796934866,0.0428639846743295,0.0580699233716475,0.0927921455938697,0.042934556065027,0.1558982909545644,0.1896623593163818,0.031263026260942,0.0,0.0,0.0400166736140058,0.0425177157148812,0.0179241350562734,0.019591496456857,0.0329303876615256,0.0992080033347228,0.058252427184466,0.145631067961165,0.1844660194174757,0.0,0.0,0.0,0.0097087378640776,0.058252427184466,0.0,0.0194174757281553,0.0097087378640776,0.1262135922330097,0.7045769764216366,0.7059639389736478,0.7031900138696257,0.694868238557559,0.6837725381414702,0.7142857142857143,0.7975034674063801,0.8529819694868239,0.839112343966713,0.812760055478502,0.7475728155339807,0.6893203883495147
,,,,,,,,,,,,,,,,,,,,,,,,,,,,,,,,,,,,,,,,,,,,,,,,32,0.0994971264367816,0.1446360153256705,0.2784961685823755,0.1282327586206897,0.04477969348659,0.0416666666666666,0.0826149425287356,0.0715996168582375,0.0574712643678161,0.0362787356321839,0.0708812260536398,0.2249760536398468,0.0996248436848687,0.1025427261358899,0.1079616506877865,0.0308461859107961,0.0,0.0,0.0379324718632763,0.027511463109629,0.003751563151313,0.0579408086702792,0.0954564401834097,0.0404335139641517,0.1067961165048543,0.1262135922330097,0.116504854368932,0.0,0.0,0.0,0.0097087378640776,0.029126213592233,0.0,0.0485436893203883,0.058252427184466,0.087378640776699,0.680998613037448,0.6407766990291263,0.6712898751733705,0.7156726768377254,0.7572815533980582,0.7947295423023578,0.839112343966713,0.8710124826629682,0.8793342579750346,0.8224687933425798,0.7891816920943135,0.7642163661581137
,,,,,,,,,,,,,,,,,,,,,,,,,,,,,,,,,,,,,,,,,,,,,,,,32,0.2498802681992337,0.3344109195402299,0.4643199233716476,0.0457375478927203,0.0414272030651341,0.0438218390804597,0.0896791187739463,0.0469348659003831,0.0656130268199233,0.0480124521072796,0.0308908045977011,0.1042863984674329,0.235931638182576,0.235931638182576,0.0566902876198416,0.0141725719049604,0.0,0.0050020842017507,0.035431429762401,0.0108378491037932,0.0183409754064193,0.0496040016673614,0.0083368070029178,0.1058774489370571,0.2233009708737864,0.2718446601941747,0.0485436893203883,0.0,0.0,0.0,0.0194174757281553,0.0388349514563106,0.029126213592233,0.058252427184466,0.0,0.0388349514563106,0.6879334257975035,0.680998613037448,0.6421636615811374,0.7045769764216366,0.7558945908460473,0.7933425797503468,0.8099861303744799,0.8196948682385575,0.8196948682385575,0.8002773925104023,0.7642163661581137,0.7142857142857143
,,,,,,,,,,,,,,,,,,,,,,,,,,,,,,,,,,,,,,,,,,,,,,,,32,0.2501197318007663,0.3148946360153257,0.1813936781609195,0.0962643678160919,0.0328065134099616,0.0393917624521072,0.0417863984674329,0.1212883141762452,0.1461925287356322,0.0605842911877394,0.0905172413793103,0.0951867816091954,0.0529387244685285,0.1413088786994581,0.1529804085035431,0.0433513964151729,0.0,0.0,0.0079199666527719,0.0741975823259691,0.0187578157565652,0.0150062526052521,0.0291788245102125,0.393497290537724,0.0485436893203883,0.1553398058252427,0.1650485436893204,0.0194174757281553,0.0,0.0,0.0097087378640776,0.0485436893203883,0.0097087378640776,0.0097087378640776,0.0097087378640776,0.087378640776699,0.7004160887656034,0.6671289875173371,0.6421636615811374,0.7059639389736476,0.7766990291262137,0.8155339805825242,0.8585298196948682,0.8696255201109571,0.8682385575589459,0.837725381414702,0.812760055478502,0.7766990291262137
,,,,,,,,,,,,,,,,,,,,,,,,,,,,,,,,,,,,,,,,,,,,,,,,32,0.2074952107279694,0.2071360153256705,0.3189655172413794,0.0677681992337164,0.0470545977011494,0.0335249042145593,0.035919540229885,0.1517001915708812,0.0886015325670498,0.1329022988505747,0.0700431034482758,0.2954980842911878,0.0329303876615256,0.2521884118382659,0.1183826594414339,0.0245935806586077,0.0100041684035014,0.0,0.0229262192580241,0.0946227594831179,0.0875364735306377,0.1629845769070446,0.0333472280116715,0.06294289287203,0.0388349514563106,0.2815533980582524,0.1359223300970873,0.0194174757281553,0.0,0.0,0.0097087378640776,0.087378640776699,0.0970873786407767,0.0679611650485436,0.029126213592233,0.0,0.737864077669903,0.7212205270457698,0.7031900138696257,0.7475728155339807,0.8016643550624133,0.8280166435506242,0.8599167822468794,0.8848821081830791,0.8710124826629682,0.8488210818307906,0.7919556171983356,0.7697642163661582
,,,,,,,,,,,,,,,,,,,,,,,,,,,,,,,,,,,,,,,,,,,,,,,,32,0.1728927203065134,0.2171934865900383,0.1861829501915709,0.0405890804597701,0.0377155172413793,0.0363984674329501,0.0803400383141762,0.1141044061302682,0.0354406130268199,0.020713601532567,0.0318486590038314,0.0931513409961685,0.133805752396832,0.2501042100875364,0.1133805752396832,0.0,0.0,0.0,0.0554397665694039,0.0408503543142976,0.0179241350562734,0.0,0.3213839099624844,0.3951646519383076,0.145631067961165,0.2912621359223301,0.116504854368932,0.0,0.0,0.0,0.0388349514563106,0.0388349514563106,0.0097087378640776,0.0,0.0194174757281553,0.2815533980582524,0.740638002773925,0.7128987517337033,0.6893203883495147,0.7239944521497921,0.7891816920943134,0.825242718446602,0.8335644937586685,0.8710124826629682,0.8668515950069349,0.8155339805825242,0.7739251040221914,0.7766990291262137
,,,,,,,,,,,,,,,,,,,,,,,,,,,,,,,,,,,,,,,,,,,,,,,,32,0.307830459770115,0.3011254789272031,0.2340756704980843,0.0486111111111111,0.0348419540229885,0.0329262452107279,0.0971024904214559,0.0677681992337164,0.0435823754789272,0.0330459770114942,0.1833093869731801,0.4546216475095785,0.0166736140058357,0.2771988328470195,0.0533555648186744,0.0,0.0,0.0050020842017507,0.042934556065027,0.0421008753647353,0.0300125052105043,0.0,0.0183409754064193,0.1421425593997499,0.0097087378640776,0.3300970873786408,0.0194174757281553,0.0,0.0,0.0,0.0388349514563106,0.058252427184466,0.0388349514563106,0.0,0.0,0.1359223300970873,0.7101248266296811,0.6601941747572816,0.6546463245492372,0.7031900138696257,0.7434119278779473,0.8196948682385575,0.8488210818307906,0.8668515950069349,0.8613037447988904,0.839112343966713,0.8085991678224688,0.7780859916782247
,,,,,,,,,,,,,,,,,,,,,,,,,,,,,,,,,,,,,,,,,,,,,,,,32,0.2956178160919541,0.1884578544061303,0.1897749042145594,0.0513649425287356,0.0307710727969348,0.0305316091954023,0.0779454022988505,0.4028975095785441,0.1255986590038314,0.2097701149425288,0.3710488505747127,0.5478927203065136,0.0125052105043768,0.2646936223426427,0.0933722384326802,0.0025010421008753,0.0050020842017507,0.0,0.0216756982075864,0.1404751979991663,0.0316798666110879,0.0104210087536473,0.0179241350562734,0.0887869945810754,0.0,0.3106796116504854,0.0485436893203883,0.0,0.0,0.0,0.0194174757281553,0.0776699029126213,0.029126213592233,0.0,0.0194174757281553,0.0194174757281553,0.7503467406380028,0.7350901525658807,0.7364771151178918,0.7614424410540916,0.8196948682385575,0.8821081830790568,0.9223300970873788,0.9597780859916784,0.9528432732316228,0.8807212205270458,0.8044382801664356,0.7794729542302359
,,,,,,,,,,,,,,,,,,,,,,,,,,,,,,,,,,,,,,,,,,,,,,,,32,0.491977969348659,0.7952586206896554,0.4609674329501916,0.0907567049808429,0.0711206896551724,0.0630986590038314,0.091235632183908,0.0605842911877394,0.0632183908045977,0.0670498084291187,0.3169300766283526,0.3947557471264368,0.1563151313047103,0.3905794080867028,0.1025427261358899,0.0054189245518966,0.0050020842017507,0.0016673614005835,0.0558566069195498,0.102125885785744,0.074614422676115,0.0650270946227594,0.0558566069195498,0.0575239683201333,0.2718446601941747,0.4271844660194174,0.0970873786407767,0.0,0.0,0.0,0.0388349514563106,0.1262135922330097,0.0194174757281553,0.058252427184466,0.029126213592233,0.0,0.7864077669902914,0.7018030513176144,0.7101248266296811,0.7697642163661582,0.840499306518724,0.8959778085991679,0.9597780859916784,0.984743411927878,0.9750346740638004,0.8834951456310681,0.8529819694868239,0.8099861303744801
,,,,,,,,,,,,,,,,,,,,,,,,,,,,,,,,,,,,,,,,,,,,,,,,32,0.4910201149425288,0.2631704980842912,0.1906130268199234,0.0523227969348659,0.0380747126436781,0.0311302681992337,0.0379549808429118,0.1138649425287356,0.0433429118773946,0.0810584291187739,0.2021072796934866,0.6744492337164752,0.0466861192163401,0.2901208837015423,0.0316798666110879,0.0070862859524802,0.0,0.0,0.02334305960817,0.0546060858691121,0.0287619841600666,0.3297207169654022,0.0291788245102125,0.0496040016673614,0.087378640776699,0.3883495145631068,0.0194174757281553,0.0,0.0,0.0,0.0194174757281553,0.0485436893203883,0.0097087378640776,0.0097087378640776,0.029126213592233,0.0097087378640776,0.7572815533980582,0.7226074895977809,0.7184466019417476,0.7877947295423023,0.9098474341192788,0.9403606102635228,0.972260748959778,1.0,0.998613037447989,0.9153952843273232,0.8779472954230236,0.8016643550624133
,,,,,,,,,,,,,,,,,,,,,,,,,,,,,,,,,,,,,,,,,,,,,,,,32,0.3836206896551724,0.3417145593869732,0.1931273946360153,0.0421455938697318,0.0347222222222222,0.034243295019157,0.0318486590038314,0.1058429118773946,0.0737547892720306,0.2708333333333333,0.4319923371647511,0.0890804597701149,0.0058357649020425,0.2909545644018341,0.0270946227594831,0.0,0.0,0.0050020842017507,0.0,0.1046269278866194,0.0200083368070029,0.0129220508545227,0.0975406419341392,0.0320967069612338,0.0,0.3495145631067961,0.0097087378640776,0.0,0.0,0.0,0.0,0.087378640776699,0.0194174757281553,0.0,0.145631067961165,0.0097087378640776,0.7656033287101249,0.7406380027739252,0.7212205270457698,0.7212205270457698,0.7905686546463246,0.8710124826629682,0.9070735090152569,0.8141470180305133,0.7822468793342581,0.7586685159500695,0.7461858529819695,0.739251040221914
,,,,,,,,,,,,,,,,,,,,,,,,,,,,,,,,,,,,,,,,,,,,,,,,32,0.0373563218390804,0.1836685823754789,0.1756465517241379,0.0504070881226053,0.0322078544061302,0.0331657088122605,0.0293342911877394,0.1179358237547893,0.0756704980842912,0.0419061302681992,0.1308668582375479,0.1787595785440613,0.0,0.2421842434347645,0.0425177157148812,0.0,0.0,0.0004168403501458,0.0045852438516048,0.1162984576907044,0.0345977490621092,0.0104210087536473,0.0454355981659024,0.0687786577740725,0.0,0.3009708737864077,0.0194174757281553,0.0,0.0,0.0,0.0,0.087378640776699,0.0194174757281553,0.0,0.0485436893203883,0.0388349514563106,0.7087378640776699,0.665742024965326,0.6712898751733705,0.7059639389736478,0.7198335644937586,0.7572815533980582,0.796116504854369,0.8446601941747575,0.8044382801664356,0.7794729542302359,0.7545076282940362,0.737864077669903
,,,,,,,,,,,,,,,,,,,,,,,,,,,,,,,,,,,,,,,,,,,,,,,,32,0.1390086206896552,0.3099856321839081,0.2616139846743295,0.05830938697318,0.046455938697318,0.0505268199233716,0.149066091954023,0.0670498084291187,0.0871647509578544,0.0845306513409961,0.0719588122605364,0.0801005747126436,0.1104626927886619,0.3951646519383076,0.0817007086285952,0.0066694456023343,0.0,0.0070862859524802,0.0650270946227594,0.0262609420591913,0.0704460191746561,0.0220925385577323,0.0191746561067111,0.0737807419758232,0.1262135922330097,0.4271844660194174,0.058252427184466,0.0,0.0,0.0194174757281553,0.029126213592233,0.0194174757281553,0.029126213592233,0.0679611650485436,0.0097087378640776,0.0194174757281553,0.7295423023578363,0.7142857142857143,0.694868238557559,0.7128987517337031,0.7489597780859918,0.8335644937586685,0.8488210818307906,0.91123439667129,0.8904299583911236,0.839112343966713,0.7628294036061027,0.6879334257975035
,,,,,,,,,,,,,,,,,,,,,,,,,,,,,,,,,,,,,,,,,,,,,,,,32,0.1329022988505747,0.4068486590038314,0.2852011494252874,0.0759099616858237,0.0445402298850574,0.0352011494252873,0.0601053639846743,0.0390325670498084,0.0365181992337164,0.0336446360153256,0.0762691570881226,0.1573275862068965,0.0646102542726135,0.3851604835348061,0.0079199666527719,0.0158399333055439,0.0,0.0,0.0287619841600666,0.0162567736556898,0.015423092955398,0.0446019174656106,0.0100041684035014,0.1121300541892455,0.1067961165048543,0.4466019417475728,0.0,0.0,0.0,0.0,0.0194174757281553,0.0097087378640776,0.029126213592233,0.058252427184466,0.029126213592233,0.087378640776699,0.6879334257975035,0.6851595006934812,0.6407766990291263,0.6699029126213593,0.7226074895977809,0.7461858529819695,0.8002773925104023,0.8113730929264911,0.8085991678224688,0.7475728155339807,0.726768377253814,0.6934812760055479
,,,,,,,,,,,,,,,,,,,,,,,,,,,,,,,,,,,,,,,,,,,,,,,,32,0.0666906130268199,0.1812739463601533,0.1833093869731801,0.0524425287356322,0.055316091954023,0.0393917624521072,0.067169540229885,0.0498084291187739,0.0930316091954023,0.0498084291187739,0.0440613026819923,0.0828544061302682,0.0250104210087536,0.0837849103793247,0.1292205085452271,0.0362651104626927,0.0600250104210087,0.0,0.0241767403084618,0.0504376823676531,0.0416840350145894,0.007503126302626,0.0133388912046686,0.0170904543559816,0.0097087378640776,0.0485436893203883,0.1553398058252427,0.029126213592233,0.0679611650485436,0.0,0.0097087378640776,0.0194174757281553,0.058252427184466,0.0388349514563106,0.0097087378640776,0.0097087378640776,0.6490984743411928,0.6144244105409155,0.6130374479889044,0.6296809986130376,0.694868238557559,0.7503467406380028,0.7947295423023578,0.823855755894591,0.8141470180305133,0.7739251040221914,0.6865464632454924,0.6726768377253814
,,,,,,,,,,,,,,,,,,,,,,,,,,,,,,,,,,,,,,,,,,,,,,,,32,0.100933908045977,0.2110871647509579,0.1846264367816092,0.0489703065134099,0.0322078544061302,0.0486111111111111,0.0682471264367816,0.0453783524904214,0.0666906130268199,0.0426245210727969,0.0465756704980843,0.1681034482758621,0.0566902876198416,0.271363067944977,0.0487703209670696,0.015423092955398,0.0,0.0,0.0187578157565652,0.0133388912046686,0.0341809087119633,0.0158399333055439,0.0170904543559816,0.06294289287203,0.0679611650485436,0.3203883495145631,0.0485436893203883,0.0,0.0,0.0,0.0194174757281553,0.0,0.0194174757281553,0.0,0.0,0.029126213592233,0.650485436893204,0.6102635228848822,0.6213592233009709,0.6310679611650486,0.667128987517337,0.7087378640776699,0.7434119278779473,0.7753120665742026,0.7628294036061027,0.7337031900138697,0.7267683772538143,0.7031900138696257
,,,,,,,,,,,,,,,,,,,,,,,,,,,,,,,,,,,,,,,,,,,,,,,,32,0.6393678160919541,0.466594827586207,0.3170498084291188,0.0818965517241379,0.0450191570881226,0.0326867816091954,0.0549568965517241,0.0320881226053639,0.0636973180076628,0.0324473180076628,0.0316091954022988,0.0654932950191571,0.1029595664860358,0.3430596081700708,0.0633597332221759,0.0671112963734889,0.0054189245518966,0.0,0.0254272613588995,0.0358482701125469,0.0295956648603584,0.0,0.0004168403501458,0.0658607753230512,0.145631067961165,0.3592233009708738,0.0388349514563106,0.0776699029126213,0.0,0.0,0.0194174757281553,0.0194174757281553,0.0388349514563106,0.0,0.0,0.0194174757281553,0.6851595006934812,0.5839112343966713,0.5700416088765603,0.6019417475728157,0.6865464632454924,0.7267683772538143,0.7503467406380028,0.7697642163661582,0.7711511789181692,0.7212205270457698,0.6574202496532595,0.6490984743411928
,,,,,,,,,,,,,,,,,,,,,,,,,,,,,,,,,,,,,,,,,,,,,,,,32,0.1333812260536398,0.1876197318007663,0.2040229885057471,0.141044061302682,0.0329262452107279,0.0323275862068965,0.0306513409961685,0.0609434865900383,0.2039032567049809,0.4165469348659004,0.2279693486590039,0.0457375478927203,0.1142142559399749,0.1025427261358899,0.0808670279283034,0.0971238015839933,0.0,0.0050020842017507,0.0,0.0596081700708628,0.0950395998332638,0.0612755314714464,0.0162567736556898,0.0291788245102125,0.0970873786407767,0.1067961165048543,0.0776699029126213,0.1067961165048543,0.0,0.0,0.0,0.0485436893203883,0.0485436893203883,0.0097087378640776,0.0,0.0194174757281553,0.6130374479889044,0.5908460471567267,0.5963938973647712,0.6477115117891817,0.7281553398058253,0.768377253814147,0.7988904299583911,0.8238557558945908,0.8280166435506242,0.7656033287101249,0.7239944521497921,0.7115117891816921
,,,,,,,,,,,,,,,,,,,,,,,,,,,,,,,,,,,,,,,,,,,,,,,,32,0.1754070881226054,0.306992337164751,0.2327586206896552,0.0747126436781609,0.0458572796934865,0.0513649425287356,0.0341235632183908,0.0886015325670498,0.1117097701149425,0.0499281609195402,0.0574712643678161,0.0829741379310344,0.1342225927469779,0.0487703209670696,0.1400583576490204,0.0150062526052521,0.0,0.0104210087536473,0.0,0.0546060858691121,0.0329303876615256,0.0366819508128386,0.0791996665277198,0.1029595664860358,0.174757281553398,0.0194174757281553,0.1553398058252427,0.0,0.0,0.0,0.0,0.029126213592233,0.0485436893203883,0.0194174757281553,0.029126213592233,0.1359223300970873,0.6269070735090153,0.6282940360610264,0.6241331484049931,0.6490984743411928,0.7739251040221914,0.8196948682385575,0.8751733703190013,0.8016643550624133,0.7572815533980582,0.7475728155339807,0.739251040221914,0.6934812760055479
,,,,,,,,,,,,,,,,,,,,,,,,,,,,,,,,,,,,,,,,,,,,,,,,32,0.5336446360153257,0.2139607279693487,0.2315613026819924,0.28125,0.0343630268199233,0.0326867816091954,0.0866858237547893,0.0352011494252873,0.0567528735632184,0.0810584291187739,0.0368773946360153,0.0859674329501916,0.133805752396832,0.3397248853689037,0.0304293455606502,0.0158399333055439,0.0,0.0,0.0254272613588995,0.0158399333055439,0.0500208420175073,0.0320967069612338,0.0308461859107961,0.1242184243434764,0.203883495145631,0.3689320388349514,0.0097087378640776,0.0,0.0,0.0,0.0194174757281553,0.0,0.058252427184466,0.058252427184466,0.0097087378640776,0.0970873786407767,0.6796116504854369,0.6435506241331486,0.6171983356449376,0.6352288488210819,0.7267683772538143,0.7877947295423023,0.8169209431345353,0.8418862690707352,0.8113730929264911,0.7725381414701804,0.6893203883495147,0.6837725381414702
,,,,,,,,,,,,,,,,,,,,,,,,,,,,,,,,,,,,,,,,,,,,,,,,32,0.2743055555555556,0.3472222222222223,0.3245929118773947,0.0468151340996168,0.0344827586206896,0.0493295019157088,0.0899185823754789,0.0410680076628352,0.0557950191570881,0.035081417624521,0.0571120689655172,0.1230842911877394,0.0858691121300541,0.2888703626511046,0.019591496456857,0.0095873280533555,0.0,0.0,0.0333472280116715,0.0150062526052521,0.0258441017090454,0.0,0.0112546894539391,0.0416840350145894,0.0679611650485436,0.3592233009708738,0.0097087378640776,0.0,0.0,0.0,0.0097087378640776,0.0097087378640776,0.0485436893203883,0.0,0.0,0.029126213592233,0.6629680998613038,0.6588072122052705,0.6421636615811374,0.650485436893204,0.6865464632454924,0.7406380027739252,0.7642163661581137,0.7850208044382802,0.7725381414701804,0.737864077669903,0.6907073509015257,0.6726768377253814
,,,,,,,,,,,,,,,,,,,,,,,,,,,,,,,,,,,,,,,,,,,,,,,,32,0.1283524904214559,0.3545258620689656,0.3417145593869732,0.0476532567049808,0.034243295019157,0.0340038314176245,0.0712404214559387,0.0318486590038314,0.0806992337164751,0.0808189655172413,0.3928400383141763,0.2150383141762452,0.0650270946227594,0.322634431012922,0.0504376823676531,0.0129220508545227,0.0,0.0,0.0345977490621092,0.0104210087536473,0.090454355981659,0.0441850771154647,0.0987911629845769,0.0450187578157565,0.0194174757281553,0.4271844660194174,0.0097087378640776,0.0,0.0,0.0,0.0194174757281553,0.0097087378640776,0.087378640776699,0.058252427184466,0.0097087378640776,0.0388349514563106,0.6615811373092927,0.6574202496532595,0.6449375866851595,0.6449375866851595,0.7267683772538143,0.7739251040221914,0.8058252427184466,0.8085991678224688,0.7725381414701804,0.7406380027739252,0.6920943134535367,0.6990291262135921
,,,,,,,,,,,,,,,,,,,,,,,,,,,,,,,,,,,,,,,,,,,,,,,,32,0.116977969348659,0.1096743295019157,0.2282088122605364,0.0592672413793103,0.0311302681992337,0.0341235632183908,0.0463362068965517,0.0670498084291187,0.1060823754789272,0.0437021072796935,0.0299329501915708,0.0328065134099616,0.0287619841600666,0.1463109629012088,0.1463109629012088,0.0170904543559816,0.0050020842017507,0.0,0.0100041684035014,0.015423092955398,0.0475197999166319,0.0095873280533555,0.0,0.0333472280116715,0.0194174757281553,0.174757281553398,0.1650485436893204,0.0,0.0,0.0,0.0,0.0194174757281553,0.0388349514563106,0.0,0.0,0.0388349514563106,0.664355062413315,0.6199722607489598,0.6102635228848822,0.6393897364771152,0.7239944521497921,0.7642163661581137,0.7725381414701804,0.7794729542302359,0.7697642163661582,0.7059639389736478,0.6560332871012483,0.6712898751733705
,,,,,,,,,,,,,,,,,,,,,,,,,,,,,,,,,,,,,,,,,,,,,,,,32,0.1109913793103448,0.1586446360153257,0.2118055555555556,0.0640565134099617,0.050287356321839,0.0331657088122605,0.0742337164750958,0.055316091954023,0.0498084291187739,0.1518199233716475,0.0434626436781609,0.1147030651340996,0.0967069612338474,0.1963318049187161,0.1896623593163818,0.0079199666527719,0.0,0.0054189245518966,0.0329303876615256,0.0141725719049604,0.0446019174656106,0.0625260525218841,0.0050020842017507,0.0900375156315131,0.0970873786407767,0.233009708737864,0.203883495145631,0.0,0.0,0.0,0.0097087378640776,0.029126213592233,0.0485436893203883,0.058252427184466,0.0,0.0776699029126213,0.6338418862690708,0.5894590846047157,0.5714285714285715,0.6033287101248267,0.6782246879334259,0.7128987517337033,0.7656033287101249,0.7794729542302359,0.7558945908460473,0.7156726768377254,0.7059639389736476,0.6144244105409155
,,,,,,,,,,,,,,,,,,,,,,,,,,,,,,,,,,,,,,,,,,,,,,,,32,0.1991139846743295,0.3260296934865901,0.3423132183908046,0.0507662835249042,0.0330459770114942,0.0302921455938697,0.0700431034482758,0.0597461685823754,0.0974616858237548,0.040110153256705,0.0445402298850574,0.0632183908045977,0.1037932471863276,0.0875364735306377,0.1579824927052938,0.035431429762401,0.0050020842017507,0.0,0.0166736140058357,0.0183409754064193,0.0358482701125469,0.0446019174656106,0.0,0.0225093789078782,0.058252427184466,0.087378640776699,0.1844660194174757,0.0,0.0,0.0,0.0097087378640776,0.0,0.058252427184466,0.058252427184466,0.0,0.0,0.5769764216366159,0.5450762829403606,0.5187239944521499,0.5589459084604715,0.6352288488210819,0.7128987517337033,0.7891816920943135,0.8335644937586685,0.7933425797503468,0.7184466019417476,0.6782246879334259,0.6671289875173371
,,,,,,,,,,,,,,,,,,,,,,,,,,,,,,,,,,,,,,,,,,,,,,,,32,0.16044061302682,0.1522988505747127,0.3204022988505748,0.2167145593869732,0.0629789272030651,0.0305316091954023,0.0305316091954023,0.053639846743295,0.0460967432950191,0.0693247126436781,0.516044061302682,0.2984913793103449,0.0483534806169237,0.1634014172571904,0.1371404751979991,0.0008336807002917,0.0054189245518966,0.0,0.0,0.0370987911629845,0.0179241350562734,0.1550646102542726,0.1087953313880783,0.1488120050020842,0.0388349514563106,0.145631067961165,0.1650485436893204,0.0,0.0,0.0,0.0,0.029126213592233,0.0097087378640776,0.1553398058252427,0.0485436893203883,0.116504854368932,0.5880721220527046,0.5811373092926492,0.5825242718446603,0.5672676837725382,0.6380027739251041,0.7142857142857143,0.7766990291262137,0.8196948682385575,0.7614424410540915,0.7115117891816921,0.6740638002773924,0.6407766990291263
,,,,,,,,,,,,,,,,,,,,,,,,,,,,,,,,,,,,,,,,,,,,,,,,32,0.0704022988505747,0.4013409961685825,0.2096503831417625,0.0414272030651341,0.0337643678160919,0.0348419540229885,0.0322078544061302,0.076867816091954,0.0477729885057471,0.0478927203065134,0.03125,0.0338840996168582,0.0721133805752396,0.1504793664026678,0.0183409754064193,0.0054189245518966,0.0,0.0029178824510212,0.0,0.0437682367653188,0.0850354314297624,0.0437682367653188,0.0,0.0,0.1553398058252427,0.1650485436893204,0.0,0.0,0.0,0.0,0.0,0.029126213592233,0.0194174757281553,0.0,0.0,0.0,0.6158113730929267,0.5866851595006934,0.579750346740638,0.5922330097087379,0.6920943134535367,0.7253814147018031,0.7600554785020804,0.7628294036061027,0.7656033287101249,0.7156726768377254,0.6934812760055479,0.6796116504854369
,,,,,,,,,,,,,,,,,,,,,,,,,,,,,,,,,,,,,,,,,,,,,,,,32,0.0307710727969348,0.1346982758620689,0.4427681992337166,0.3244731800766284,0.0306513409961685,0.0391522988505747,0.084889846743295,0.0906369731800766,0.0361590038314176,0.0779454022988505,0.0423850574712643,0.0604645593869731,0.0,0.0800333472280116,0.1979991663192997,0.0216756982075864,0.0,0.0058357649020425,0.0333472280116715,0.0225093789078782,0.0300125052105043,0.0170904543559816,0.0175072947061275,0.0554397665694039,0.0,0.0776699029126213,0.2621359223300971,0.0097087378640776,0.0,0.0,0.0194174757281553,0.0194174757281553,0.029126213592233,0.0485436893203883,0.0097087378640776,0.0194174757281553,0.653259361997226,0.6185852981969487,0.6019417475728157,0.6282940360610264,0.7018030513176144,0.7475728155339807,0.7697642163661582,0.7822468793342581,0.7656033287101249,0.7128987517337031,0.6879334257975035,0.6879334257975035
,,,,,,,,,,,,,,,,,,,,,,,,,,,,,,,,,,,,,,,,,,,,,,,,32,0.3388409961685824,0.3314176245210729,0.2545498084291188,0.2758620689655173,0.0332854406130268,0.030411877394636,0.0441810344827586,0.1646312260536398,0.0601053639846743,0.0959051724137931,0.0869252873563218,0.1621168582375479,0.1146310962901208,0.2767819924968737,0.0475197999166319,0.0158399333055439,0.0,0.0,0.0291788245102125,0.0345977490621092,0.0262609420591913,0.0812838682784493,0.0162567736556898,0.0387661525635681,0.087378640776699,0.2621359223300971,0.0485436893203883,0.0,0.0,0.0,0.0097087378640776,0.029126213592233,0.0097087378640776,0.0970873786407767,0.0097087378640776,0.029126213592233,0.650485436893204,0.6185852981969487,0.6033287101248267,0.6435506241331486,0.7115117891816921,0.7406380027739252,0.7420249653259362,0.7656033287101249,0.7614424410540916,0.7156726768377254,0.6851595006934814,0.6699029126213593
,,,,,,,,,,,,,,,,,,,,,,,,,,,,,,,,,,,,,,,,,,,,,,,,32,0.0996168582375479,0.1560105363984674,0.2334770114942529,0.0420258620689655,0.0348419540229885,0.035081417624521,0.0389128352490421,0.1360153256704981,0.0469348659003831,0.1198515325670498,0.0571120689655172,0.1537356321839081,0.110045852438516,0.3142976240100041,0.0295956648603584,0.0112546894539391,0.0,0.0,0.019591496456857,0.0337640683618174,0.0304293455606502,0.0646102542726135,0.0400166736140058,0.0741975823259691,0.1844660194174757,0.3883495145631068,0.0097087378640776,0.0,0.0,0.0,0.0097087378640776,0.0194174757281553,0.0097087378640776,0.0970873786407767,0.0485436893203883,0.087378640776699,0.6629680998613038,0.6435506241331486,0.6241331484049931,0.6338418862690708,0.6893203883495147,0.7323162274618585,0.7836338418862692,0.8155339805825242,0.8196948682385575,0.7475728155339805,0.7309292649098476,0.6907073509015257
,,,,,,,,,,,,,,,,,,,,,,,,,,,,,,,,,,,,,,,,,,,,,,,,32,0.226772030651341,0.4196599616858238,0.7540708812260538,0.0948275862068965,0.0417863984674329,0.0368773946360153,0.0448994252873563,0.1047653256704981,0.0443007662835249,0.0512452107279693,0.1182950191570881,0.1281130268199233,0.1975823259691538,0.2355147978324301,0.0483534806169237,0.0137557315548145,0.0,0.0,0.027511463109629,0.0487703209670696,0.0283451438099208,0.0041684035014589,0.0283451438099208,0.129637348895373,0.2621359223300971,0.1941747572815534,0.0097087378640776,0.0,0.0,0.0,0.0194174757281553,0.0388349514563106,0.0097087378640776,0.029126213592233,0.0194174757281553,0.1359223300970873,0.6699029126213593,0.6380027739251041,0.6144244105409155,0.6421636615811374,0.753120665742025,0.8113730929264911,0.8515950069348127,0.8613037447988904,0.8585298196948682,0.7836338418862692,0.7073509015256588,0.6879334257975035
,,,,,,,,,,,,,,,,,,,,,,,,,,,,,,,,,,,,,,,,,,,,,,,,32,0.1090756704980843,0.1145833333333333,0.2118055555555556,0.0429837164750958,0.0365181992337164,0.036757662835249,0.0354406130268199,0.0842911877394636,0.0517241379310344,0.0534003831417624,0.0361590038314176,0.0468151340996168,0.0383493122134222,0.2030012505210504,0.0162567736556898,0.0070862859524802,0.0,0.0,0.0083368070029178,0.0362651104626927,0.0475197999166319,0.0,0.0,0.0208420175072947,0.0388349514563106,0.2427184466019417,0.0,0.0,0.0,0.0,0.0,0.029126213592233,0.058252427184466,0.0,0.0,0.0,0.6768377253814147,0.6407766990291263,0.6310679611650486,0.6463245492371705,0.7711511789181692,0.8294036061026353,0.8474341192787794,0.8737864077669903,0.9001386962552013,0.8196948682385575,0.751733703190014,0.7323162274618585
,,,,,,,,,,,,,,,,,,,,,,,,,,,,,,,,,,,,,,,,,,,,,,,,32,0.2059386973180077,0.0851293103448276,0.0659722222222222,0.0405890804597701,0.0386733716475095,0.0403496168582375,0.0463362068965517,0.1606800766283525,0.0486111111111111,0.1433189655172414,0.2723898467432951,0.1301484674329502,0.1363067944977073,0.2009170487703209,0.0104210087536473,0.0,0.0,0.0,0.0104210087536473,0.1050437682367653,0.0341809087119633,0.0062526052521884,0.0287619841600666,0.1246352646936223,0.1844660194174757,0.2135922330097087,0.0,0.0,0.0,0.0,0.0,0.0485436893203883,0.0194174757281553,0.0,0.0194174757281553,0.1359223300970873,0.6768377253814147,0.6435506241331486,0.6393897364771152,0.6588072122052705,0.6865464632454924,0.7087378640776699,0.7226074895977809,0.7170596393897366,0.7101248266296811,0.6615811373092927,0.6421636615811374,0.6490984743411928
,,,,,,,,,,,,,,,,,,,,,,,,,,,,,,,,,,,,,,,,,,,,,,,,32,0.1188936781609195,0.119492337164751,0.1416427203065134,0.1101532567049808,0.0621408045977011,0.0307710727969348,0.0409482758620689,0.1099137931034483,0.0398706896551724,0.0328065134099616,0.0452586206896551,0.0472940613026819,0.0362651104626927,0.0237598999583159,0.2317632346811171,0.0029178824510212,0.0058357649020425,0.0,0.0258441017090454,0.0546060858691121,0.0133388912046686,0.0104210087536473,0.0025010421008753,0.0466861192163401,0.0097087378640776,0.0097087378640776,0.2718446601941747,0.0097087378640776,0.0,0.0,0.0097087378640776,0.0388349514563106,0.0097087378640776,0.0,0.0388349514563106,0.0388349514563106,0.6033287101248267,0.5977808599167823,0.5908460471567267,0.5880721220527046,0.6380027739251041,0.6685159500693483,0.7128987517337033,0.6823855755894592,0.6865464632454924,0.6421636615811374,0.6199722607489598,0.5880721220527046
,,,,,,,,,,,,,,,,,,,,,,,,,,,,,,,,,,,,,,,,,,,,,,,,32,0.1477490421455939,0.253352490421456,0.428999042145594,0.116139846743295,0.0349616858237547,0.0317289272030651,0.0397509578544061,0.100933908045977,0.0377155172413793,0.0844109195402298,0.045617816091954,0.0749521072796935,0.066694456023343,0.3192997082117549,0.1458941225510629,0.0,0.0,0.0,0.0216756982075864,0.0345977490621092,0.0220925385577323,0.0091704877032096,0.0,0.0537724051688203,0.0970873786407767,0.2427184466019417,0.174757281553398,0.0,0.0,0.0,0.0097087378640776,0.029126213592233,0.0097087378640776,0.0,0.0,0.0194174757281553,0.5839112343966714,0.564493758668516,0.5187239944521499,0.5104022191400832,0.6102635228848822,0.650485436893204,0.6740638002773925,0.6560332871012483,0.6629680998613038,0.6227461858529821,0.6005547850208044,0.549237170596394
,,,,,,,,,,,,,,,,,,,,,,,,,,,,,,,,,,,,,,,,,,,,,,,,32,0.4030172413793105,0.3633860153256705,0.2110871647509578,0.0923132183908046,0.0416666666666666,0.0407088122605364,0.0488505747126436,0.1048850574712643,0.0622605363984674,0.1685823754789272,0.0646551724137931,0.0909961685823755,0.1763234681117132,0.2117548978741142,0.0220925385577323,0.0579408086702792,0.0,0.0,0.0245935806586077,0.0337640683618174,0.0325135473113797,0.0341809087119633,0.003751563151313,0.0771154647769904,0.1941747572815534,0.2621359223300971,0.0,0.0679611650485436,0.0,0.0,0.0194174757281553,0.0485436893203883,0.029126213592233,0.0485436893203883,0.0,0.0776699029126213,0.5256588072122054,0.4798890429958392,0.4687933425797503,0.5062413314840499,0.6269070735090153,0.6865464632454924,0.7087378640776699,0.7267683772538143,0.7142857142857143,0.6601941747572815,0.6227461858529821,0.6047156726768378
,,,,,,,,,,,,,,,,,,,,,,,,,,,,,,,,,,,,,,,,,,,,,,,,32,0.0810584291187739,0.2355124521072797,0.1635536398467433,0.0443007662835249,0.0573515325670498,0.0448994252873563,0.0463362068965517,0.1217672413793103,0.0524425287356322,0.1118295019157088,0.0477729885057471,0.0712404214559387,0.0571071279699874,0.145477282200917,0.0329303876615256,0.0,0.0050020842017507,0.0054189245518966,0.0104210087536473,0.0504376823676531,0.0733639016256773,0.0996248436848687,0.0050020842017507,0.011671529804085,0.0485436893203883,0.1650485436893204,0.0194174757281553,0.0,0.0,0.0,0.0,0.0388349514563106,0.0776699029126213,0.145631067961165,0.0,0.0097087378640776,0.5825242718446603,0.5395284327323163,0.5381414701803051,0.535367545076283,0.6879334257975035,0.7447988904299585,0.7877947295423023,0.8085991678224688,0.7753120665742026,0.7031900138696257,0.651872399445215,0.6227461858529821
,,,,,,,,,,,,,,,,,,,,,,,,,,,,,,,,,,,,,,,,,,,,,,,,32,0.1360153256704981,0.2352729885057472,0.2684386973180077,0.043941570881226,0.0349616858237547,0.0341235632183908,0.0383141762452107,0.0956657088122605,0.0450191570881226,0.0841714559386973,0.0961446360153256,0.1406848659003832,0.0079199666527719,0.1629845769070446,0.1975823259691538,0.0158399333055439,0.0,0.0050020842017507,0.0108378491037932,0.0608586911213005,0.0108378491037932,0.0258441017090454,0.0483534806169237,0.0237598999583159,0.0097087378640776,0.203883495145631,0.2233009708737864,0.0,0.0,0.0,0.0,0.0485436893203883,0.0,0.0679611650485436,0.0388349514563106,0.0097087378640776,0.5769764216366158,0.5492371705963939,0.5533980582524273,0.5755894590846048,0.6796116504854369,0.726768377253814,0.7711511789181692,0.7739251040221914,0.753120665742025,0.7073509015256588,0.6796116504854369,0.6241331484049931
,,,,,,,,,,,,,,,,,,,,,,,,,,,,,,,,,,,,,,,,,,,,,,,,32,0.2194683908045977,0.4020593869731802,0.1709770114942529,0.0577107279693486,0.0366379310344827,0.0372365900383141,0.051125478927203,0.158764367816092,0.1713362068965517,0.4093630268199235,0.0811781609195402,0.0757902298850575,0.1721550646102542,0.1979991663192997,0.0725302209253855,0.0,0.0,0.0,0.0050020842017507,0.0583576490204251,0.0733639016256773,0.0421008753647353,0.0204251771571488,0.0395998332638599,0.2135922330097087,0.2233009708737864,0.0679611650485436,0.0,0.0,0.0,0.0,0.0388349514563106,0.0194174757281553,0.058252427184466,0.0,0.0097087378640776,0.5950069348127602,0.5880721220527046,0.5631067961165048,0.5908460471567268,0.6809986130374479,0.7253814147018031,0.7503467406380028,0.7461858529819695,0.7253814147018031,0.6809986130374479,0.651872399445215,0.6449375866851595
,,,,,,,,,,,,,,,,,,,,,,,,,,,,,,,,,,,,,,,,,,,,,,,,32,0.221264367816092,0.1824712643678161,0.2484434865900383,0.0404693486590038,0.0335249042145593,0.0403496168582375,0.040110153256705,0.1076388888888889,0.1276340996168582,0.1590038314176245,0.108117816091954,0.110632183908046,0.1000416840350146,0.0125052105043768,0.1954981242184243,0.0112546894539391,0.0,0.0062526052521884,0.0,0.0925385577323884,0.0141725719049604,0.035431429762401,0.0333472280116715,0.1579824927052938,0.116504854368932,0.0,0.2135922330097087,0.0,0.0,0.0,0.0,0.0970873786407767,0.0097087378640776,0.0388349514563106,0.0485436893203883,0.1553398058252427,0.6005547850208044,0.60748959778086,0.6005547850208044,0.6171983356449376,0.6740638002773924,0.7198335644937588,0.751733703190014,0.7766990291262137,0.7600554785020804,0.6865464632454924,0.6754507628294038,0.6685159500693483
,,,,,,,,,,,,,,,,,,,,,,,,,,,,,,,,,,,,,,,,,,,,,,,,32,0.4482758620689656,0.5152059386973181,0.2520354406130268,0.030411877394636,0.0292145593869731,0.0263409961685823,0.043941570881226,0.1040469348659004,0.0381944444444444,0.077705938697318,0.0541187739463601,0.1491858237547893,0.1996665277198832,0.2851187994997916,0.0975406419341392,0.0166736140058357,0.0,0.0050020842017507,0.011671529804085,0.0404335139641517,0.0183409754064193,0.0079199666527719,0.0004168403501458,0.031263026260942,0.1359223300970873,0.3106796116504854,0.0970873786407767,0.0,0.0,0.0,0.0,0.058252427184466,0.0,0.029126213592233,0.0,0.0194174757281553,0.6366158113730931,0.6033287101248267,0.5631067961165049,0.5908460471567267,0.6990291262135924,0.7739251040221914,0.8141470180305133,0.8238557558945908,0.7836338418862692,0.7059639389736478,0.6823855755894592,0.6477115117891817
,,,,,,,,,,,,,,,,,,,,,,,,,,,,,,,,,,,,,,,,,,,,,,,,32,0.1127873563218391,0.257183908045977,0.4148706896551725,0.0417863984674329,0.0286159003831417,0.0265804597701149,0.0328065134099616,0.1370929118773946,0.0258620689655172,0.0277777777777777,0.0534003831417624,0.0377155172413793,0.1646519383076281,0.3309712380158399,0.0404335139641517,0.0104210087536473,0.0,0.0,0.0158399333055439,0.0704460191746561,0.0291788245102125,0.0012505210504376,0.0658607753230512,0.0054189245518966,0.2427184466019417,0.3786407766990291,0.0194174757281553,0.0,0.0,0.0,0.0,0.0679611650485436,0.0,0.0097087378640776,0.0097087378640776,0.0097087378640776,0.6255201109570041,0.5936199722607489,0.5894590846047157,0.5950069348127602,0.7198335644937588,0.7656033287101249,0.8099861303744801,0.825242718446602,0.7933425797503468,0.7142857142857143,0.6601941747572815,0.6352288488210819
,,,,,,,,,,,,,,,,,,,,,,,,,,,,,,,,,,,,,,,,,,,,,,,,32,0.1024904214559387,0.1076388888888889,0.509219348659004,0.035081417624521,0.0293342911877394,0.0296934865900383,0.0337643678160919,0.1248802681992337,0.0432231800766283,0.0261015325670498,0.0426245210727969,0.2448515325670498,0.1175489787411421,0.1638182576073364,0.1438099208003334,0.0112546894539391,0.0,0.0,0.0104210087536473,0.0533555648186744,0.0054189245518966,0.0,0.015423092955398,0.2271779908295123,0.116504854368932,0.1844660194174757,0.145631067961165,0.0,0.0,0.0,0.0097087378640776,0.058252427184466,0.0,0.0,0.0194174757281553,0.233009708737864,0.6158113730929267,0.5700416088765604,0.565880721220527,0.5825242718446603,0.6768377253814147,0.7350901525658807,0.7711511789181692,0.7822468793342581,0.7766990291262137,0.7018030513176144,0.6712898751733705,0.6449375866851595
,,,,,,,,,,,,,,,,,,,,,,,,,,,,,,,,,,,,,,,,,,,,,,,,32,0.4303160919540231,0.2944204980842912,0.2770593869731801,0.036757662835249,0.0433429118773946,0.0343630268199233,0.0302921455938697,0.0963840996168582,0.0887212643678161,0.2913074712643678,0.1728927203065134,0.0522030651340996,0.0691954981242184,0.1979991663192997,0.0466861192163401,0.0129220508545227,0.0,0.0100041684035014,0.0104210087536473,0.0345977490621092,0.1125468945393914,0.0225093789078782,0.0050020842017507,0.0200083368070029,0.058252427184466,0.2524271844660194,0.0485436893203883,0.0,0.0,0.0,0.0,0.0388349514563106,0.029126213592233,0.0194174757281553,0.0,0.0097087378640776,0.6227461858529821,0.5936199722607489,0.5825242718446603,0.5977808599167823,0.6574202496532595,0.7239944521497921,0.7558945908460473,0.7822468793342581,0.7836338418862692,0.7350901525658807,0.6546463245492372,0.6102635228848822
,,,,,,,,,,,,,,,,,,,,,,,,,,,,,,,,,,,,,,,,,,,,,,,,32,0.1150622605363984,0.2183908045977012,0.1586446360153257,0.061661877394636,0.0334051724137931,0.0276580459770115,0.0317289272030651,0.1597222222222222,0.0460967432950191,0.051125478927203,0.0413074712643678,0.1970785440613027,0.0129220508545227,0.3047102959566486,0.0170904543559816,0.0621092121717382,0.0,0.0,0.0108378491037932,0.0637765735723218,0.0225093789078782,0.0025010421008753,0.0066694456023343,0.0400166736140058,0.0194174757281553,0.3689320388349514,0.0,0.0679611650485436,0.0,0.0,0.0,0.0485436893203883,0.0097087378640776,0.029126213592233,0.0,0.029126213592233,0.6171983356449376,0.5880721220527046,0.578363384188627,0.5908460471567267,0.6352288488210819,0.6560332871012483,0.6726768377253814,0.6837725381414702,0.6837725381414702,0.6615811373092927,0.6601941747572815,0.6532593619972261
,,,,,,,,,,,,,,,,,,,,,,,,,,,,,,,,,,,,,,,,,,,,,,,,32,0.2394636015325671,0.1897749042145594,0.2914272030651341,0.0319683908045977,0.0272988505747126,0.02705938697318,0.0462164750957854,0.0529214559386973,0.2059386973180077,0.1238026819923371,0.133022030651341,0.0959051724137931,0.1154647769904126,0.0696123384743643,0.1588161734055856,0.0050020842017507,0.0,0.0,0.0095873280533555,0.0212588578574406,0.0546060858691121,0.082534389328887,0.0220925385577323,0.0537724051688203,0.1844660194174757,0.058252427184466,0.174757281553398,0.0,0.0,0.0,0.0,0.0097087378640776,0.0485436893203883,0.0679611650485436,0.0097087378640776,0.0388349514563106,0.6421636615811374,0.6171983356449376,0.6158113730929267,0.6269070735090153,0.6407766990291263,0.6768377253814147,0.6726768377253814,0.7281553398058253,0.7128987517337033,0.651872399445215,0.60748959778086,0.6033287101248267
,,,,,,,,,,,,,,,,,,,,,,,,,,,,,,,,,,,,,,,,,,,,,,,,32,0.0328065134099616,0.2015086206896552,0.1108716475095785,0.0534003831417624,0.0300526819923371,0.0318486590038314,0.0250239463601532,0.0775862068965517,0.0604645593869731,0.0271791187739463,0.1052442528735632,0.0890804597701149,0.0,0.2805335556481867,0.0129220508545227,0.0079199666527719,0.0,0.0,0.0,0.0892038349312213,0.0558566069195498,0.0,0.1921634014172571,0.0846185910796165,0.0,0.3689320388349514,0.0,0.0,0.0,0.0,0.0,0.0776699029126213,0.029126213592233,0.0,0.2427184466019417,0.029126213592233,0.6019417475728157,0.6185852981969486,0.6269070735090153,0.6296809986130376,0.6421636615811374,0.6796116504854369,0.7087378640776699,0.7142857142857143,0.694868238557559,0.6685159500693483,0.6213592233009709,0.578363384188627
,,,,,,,,,,,,,,,,,,,,,,,,,,,,,,,,,,,,,,,,,,,,,,,,32,0.1755268199233717,0.497844827586207,0.2249760536398468,0.0487308429118773,0.0286159003831417,0.0272988505747126,0.029573754789272,0.1350574712643678,0.0514846743295019,0.038433908045977,0.0373563218390804,0.106441570881226,0.1463109629012088,0.2605252188411838,0.0300125052105043,0.0150062526052521,0.0,0.0,0.0091704877032096,0.0612755314714464,0.0008336807002917,0.0054189245518966,0.0108378491037932,0.0191746561067111,0.1941747572815534,0.2815533980582524,0.0,0.0097087378640776,0.0,0.0,0.0,0.0485436893203883,0.0,0.0,0.029126213592233,0.0097087378640776,0.5825242718446603,0.5617198335644938,0.535367545076283,0.5825242718446603,0.6324549237170596,0.680998613037448,0.6907073509015257,0.6865464632454924,0.6768377253814147,0.665742024965326,0.6380027739251041,0.6393897364771152
,,,,,,,,,,,,,,,,,,,,,,,,,,,,,,,,,,,,,,,,,,,,,,,,32,0.2911877394636016,0.2434147509578544,0.2283285440613027,0.0334051724137931,0.0268199233716475,0.0441810344827586,0.0470545977011494,0.1202107279693486,0.0269396551724137,0.0214319923371647,0.0282567049808429,0.0275383141762452,0.0992080033347228,0.2334305960817007,0.0229262192580241,0.0125052105043768,0.0,0.0066694456023343,0.0100041684035014,0.0458524385160483,0.0,0.0,0.0,0.011671529804085,0.1650485436893204,0.3106796116504854,0.0,0.0,0.0,0.0,0.0,0.0485436893203883,0.0,0.0,0.0,0.0097087378640776,0.6185852981969486,0.6130374479889044,0.6144244105409155,0.6130374479889044,0.6255201109570041,0.651872399445215,0.6851595006934812,0.7226074895977809,0.6809986130374479,0.6449375866851595,0.5977808599167822,0.5603328710124827
,,,,,,,,,,,,,,,,,,,,,,,,,,,,,,,,,,,,,,,,,,,,,,,,32,0.1253591954022989,0.2295258620689655,0.2167145593869732,0.3377634099616859,0.0271791187739463,0.0263409961685823,0.0267001915708812,0.1124281609195402,0.023227969348659,0.0221503831417624,0.0615421455938697,0.0372365900383141,0.1092121717382242,0.2238432680283451,0.0637765735723218,0.0796165068778657,0.0,0.0,0.011671529804085,0.047102959566486,0.0,0.0,0.0200083368070029,0.0054189245518966,0.1067961165048543,0.233009708737864,0.0679611650485436,0.087378640776699,0.0,0.0,0.0,0.058252427184466,0.0,0.0,0.0097087378640776,0.0,0.5381414701803051,0.5228848821081832,0.4993065187239945,0.5214979195561721,0.6158113730929267,0.6754507628294038,0.6615811373092927,0.6934812760055479,0.6920943134535369,0.6338418862690708,0.6061026352288489,0.5714285714285715
,,,,,,,,,,,,,,,,,,,,,,,,,,,,,,,,,,,,,,,,,,,,,,,,32,0.1430795019157088,0.1876197318007663,0.2405411877394636,0.0319683908045977,0.0246647509578544,0.0234674329501915,0.0274185823754789,0.1212883141762452,0.0352011494252873,0.1394875478927203,0.3782327586206897,0.1099137931034483,0.121717382242601,0.1884118382659441,0.0300125052105043,0.0062526052521884,0.0,0.0050020842017507,0.0095873280533555,0.0462692788661942,0.0170904543559816,0.0892038349312213,0.1025427261358899,0.0650270946227594,0.145631067961165,0.2427184466019417,0.0,0.0,0.0,0.0,0.0,0.0388349514563106,0.0097087378640776,0.0194174757281553,0.145631067961165,0.0776699029126213,0.5353675450762829,0.5145631067961165,0.5020804438280168,0.5131761442441054,0.6449375866851595,0.7115117891816921,0.7281553398058253,0.7364771151178918,0.7295423023578363,0.6380027739251041,0.6380027739251041,0.6310679611650486
,,,,,,,,,,,,,,,,,,,,,,,,,,,,,,,,,,,,,,,,,,,,,,,,32,0.1698994252873563,0.1742097701149425,0.2061781609195402,0.0690852490421456,0.0298132183908046,0.0274185823754789,0.0441810344827586,0.141882183908046,0.0560344827586207,0.067169540229885,0.0672892720306513,0.3963122605363986,0.1508962067528136,0.2330137557315548,0.0204251771571488,0.0625260525218841,0.0,0.0050020842017507,0.0129220508545227,0.0533555648186744,0.0583576490204251,0.0992080033347228,0.0237598999583159,0.0842017507294706,0.2427184466019417,0.2621359223300971,0.0,0.0776699029126213,0.0,0.0,0.0,0.058252427184466,0.0097087378640776,0.0776699029126213,0.0097087378640776,0.087378640776699,0.6171983356449376,0.6033287101248267,0.6047156726768377,0.6282940360610264,0.7073509015256588,0.7794729542302359,0.7808599167822469,0.7004160887656034,0.6920943134535369,0.6754507628294038,0.6588072122052705,0.653259361997226
,,,,,,,,,,,,,,,,,,,,,,,,,,,,,,,,,,,,,,,,,,,,,,,,32,0.1932471264367816,0.1764846743295019,0.3083093869731801,0.1834291187739464,0.0300526819923371,0.0282567049808429,0.0294540229885057,0.0887212643678161,0.2198275862068966,0.2555076628352491,0.161757662835249,0.201867816091954,0.0204251771571488,0.1300541892455189,0.1667361400583576,0.0079199666527719,0.0,0.0,0.0100041684035014,0.0450187578157565,0.0729470612755314,0.0771154647769904,0.106294289287203,0.0137557315548145,0.0194174757281553,0.087378640776699,0.1844660194174757,0.0,0.0,0.0,0.0,0.029126213592233,0.0388349514563106,0.029126213592233,0.1359223300970873,0.0097087378640776,0.6380027739251041,0.6185852981969487,0.5936199722607489,0.5950069348127602,0.6352288488210819,0.6463245492371706,0.680998613037448,0.667128987517337,0.653259361997226,0.6102635228848822,0.579750346740638,0.5367545076282941
,,,,,,,,,,,,,,,,,,,,,,,,,,,,,,,,,,,,,,,,,,,,,,,,32,0.0695641762452107,0.136853448275862,0.1463122605363984,0.0441810344827586,0.029573754789272,0.0283764367816092,0.0289750957854406,0.1530172413793104,0.1137452107279693,0.0835727969348659,0.6992337164750959,0.3292624521072797,0.0225093789078782,0.1813255523134639,0.110045852438516,0.0245935806586077,0.0,0.0,0.0062526052521884,0.0512713630679449,0.0225093789078782,0.0737807419758232,0.1083784910379324,0.0862859524802,0.0,0.1941747572815534,0.145631067961165,0.0194174757281553,0.0,0.0,0.0,0.0388349514563106,0.0194174757281553,0.0388349514563106,0.1359223300970873,0.0485436893203883,0.5117891816920944,0.4743411927877948,0.4757281553398058,0.4812760055478502,0.5950069348127602,0.6601941747572816,0.6907073509015257,0.6754507628294038,0.6435506241331486,0.6061026352288489,0.6061026352288489,0.6158113730929267
,,,,,,,,,,,,,,,,,,,,,,,,,,,,,,,,,,,,,,,,,,,,,,,,32,0.2793342911877395,0.1166187739463601,0.2205459770114943,0.059147509578544,0.0275383141762452,0.0415469348659004,0.0282567049808429,0.2314415708812261,0.0379549808429118,0.0380747126436781,0.0554358237547892,0.1736111111111111,0.0250104210087536,0.2325969153814089,0.1504793664026678,0.0200083368070029,0.0050020842017507,0.0054189245518966,0.0112546894539391,0.050854522717799,0.0179241350562734,0.0129220508545227,0.0158399333055439,0.0212588578574406,0.0097087378640776,0.3009708737864077,0.1650485436893204,0.0,0.0,0.0,0.0,0.3106796116504854,0.0,0.0194174757281553,0.0097087378640776,0.0194174757281553,0.5603328710124827,0.5506241331484051,0.5436893203883496,0.5284327323162276,0.6241331484049931,0.7059639389736476,0.7309292649098476,0.7766990291262137,0.7794729542302359,0.6490984743411928,0.6310679611650486,0.6130374479889044
,,,,,,,,,,,,,,,,,,,,,,,,,,,,,,,,,,,,,,,,,,,,,,,,32,0.1466714559386973,0.3724856321839081,0.1681034482758621,0.2618534482758621,0.0446599616858237,0.2016283524904215,0.039272030651341,0.3087883141762453,0.2461685823754789,0.1756465517241379,0.3125,0.3879310344827587,0.0370987911629845,0.0633597332221759,0.1525635681533972,0.0162567736556898,0.0229262192580241,0.0,0.0,0.0216756982075864,0.0362651104626927,0.0441850771154647,0.0412671946644435,0.1250521050437682,0.029126213592233,0.0776699029126213,0.2815533980582524,0.0,0.0194174757281553,0.0,0.0,0.0097087378640776,0.029126213592233,0.1262135922330097,0.0485436893203883,0.203883495145631,0.4687933425797503,0.4618585298196949,0.4785020804438281,0.4785020804438281,0.4812760055478502,0.4798890429958392,0.4895977808599168,0.4812760055478502,0.4840499306518725,0.4549237170596394,0.4618585298196949,0.449375866851595
,,,,,,,,,,,,,,,,,,,,,,,,,,,,,,,,,,,,,,,,,,,,,,,,32,0.4194204980842912,0.2638888888888889,0.2155172413793104,0.1525383141762452,0.2153975095785441,0.0648946360153256,0.1940852490421456,0.2288074712643678,0.2673611111111111,0.2504789272030652,0.154573754789272,0.791307471264368,0.0696123384743643,0.0846185910796165,0.157148812005002,0.0358482701125469,0.019591496456857,0.0,0.0,0.0,0.0579408086702792,0.0241767403084618,0.1817423926636098,0.055022926219258,0.1844660194174757,0.1067961165048543,0.2621359223300971,0.0388349514563106,0.0194174757281553,0.0,0.0,0.0,0.058252427184466,0.029126213592233,0.1262135922330097,0.029126213592233,0.4382801664355062,0.4368932038834952,0.4230235783633842,0.4396671289875174,0.4452149791955618,0.4660194174757282,0.4895977808599168,0.492371705963939,0.492371705963939,0.4812760055478502,0.4701803051317615,0.4743411927877948
,,,,,,,,,,,,,,,,,,,,,,,,,,,,,,,,,,,,,,,,,,,,,,,,32,0.4736590038314177,0.3218390804597701,0.4394157088122606,0.1993534482758621,0.0290948275862069,0.1937260536398468,0.1969588122605364,0.3136973180076629,0.2386254789272031,0.2004310344827586,0.613984674329502,0.4922174329501916,0.0646102542726135,0.2325969153814089,0.0787828261775739,0.0345977490621092,0.0,0.0,0.0050020842017507,0.0446019174656106,0.0516882034180908,0.157148812005002,0.1208837015423092,0.0383493122134222,0.203883495145631,0.3883495145631068,0.145631067961165,0.0097087378640776,0.0,0.0,0.0,0.0485436893203883,0.029126213592233,0.1262135922330097,0.029126213592233,0.029126213592233,0.4604715672676838,0.4452149791955618,0.4257975034674064,0.4257975034674064,0.4147018030513176,0.4729542302357837,0.4757281553398058,0.477115117891817,0.4604715672676838,0.4466019417475729,0.4327323162274619,0.4396671289875174
,,,,,,,,,,,,,,,,,,,,,,,,,,,,,,,,,,,,,,,,,,,,,,,,32,0.9858716475095788,0.6150622605363987,0.2194683908045977,0.2855603448275863,0.0604645593869731,0.1654693486590038,0.1975574712643678,0.2658045977011495,0.2265325670498084,0.2144396551724138,0.1348180076628352,0.3363266283524905,0.2630262609420591,0.0871196331804918,0.153397248853689,0.0358482701125469,0.0,0.0,0.0,0.0529387244685285,0.0337640683618174,0.007503126302626,0.0658607753230512,0.0183409754064193,0.3786407766990291,0.1650485436893204,0.2621359223300971,0.0194174757281553,0.0,0.0,0.0,0.029126213592233,0.029126213592233,0.0194174757281553,0.058252427184466,0.0194174757281553,0.4438280166435506,0.4396671289875174,0.4382801664355062,0.4687933425797503,0.5048543689320389,0.5520110957004161,0.5395284327323163,0.5034674063800277,0.4729542302357837,0.4715672676837725,0.4438280166435506,0.4216366158113731
,,,,,,,,,,,,,,,,,,,,,,,,,,,,,,,,,,,,,,,,,,,,,,,,32,0.3059147509578545,0.2410201149425288,0.3566810344827587,0.1880986590038314,0.1590038314176245,0.1354166666666666,0.2210249042145594,0.2834051724137931,0.2667624521072798,0.2313218390804598,0.3590756704980843,0.2333572796934866,0.0650270946227594,0.1196331804918716,0.1104626927886619,0.1071279699874947,0.011671529804085,0.0050020842017507,0.0,0.027511463109629,0.0266777824093372,0.0208420175072947,0.1175489787411421,0.0287619841600666,0.116504854368932,0.203883495145631,0.1844660194174757,0.1650485436893204,0.0,0.0,0.0,0.029126213592233,0.058252427184466,0.0194174757281553,0.203883495145631,0.0194174757281553,0.4174757281553398,0.3966712898751734,0.3952843273231623,0.3925104022191401,0.4008321775312067,0.4271844660194175,0.434119278779473,0.4424410540915395,0.4230235783633842,0.4244105409153953,0.4299583911234397,0.418862690707351
,,,,,,,,,,,,,,,,,,,,,,,,,,,,,,,,,,,,,,,,,,,,,,,,32,0.3001676245210729,0.3038793103448277,0.3651819923371648,0.1575670498084291,0.1426005747126437,0.1706178160919541,0.2337164750957854,0.3025622605363985,0.2886733716475096,0.2552681992337165,0.2177921455938697,0.331058429118774,0.055022926219258,0.0237598999583159,0.0525218841183826,0.1225510629428928,0.0,0.0,0.0062526052521884,0.0433513964151729,0.0491871613172155,0.0104210087536473,0.0016673614005835,0.0262609420591913,0.087378640776699,0.0679611650485436,0.0776699029126213,0.1941747572815534,0.0,0.0,0.0097087378640776,0.029126213592233,0.087378640776699,0.0,0.0,0.029126213592233,0.4091539528432732,0.4036061026352289,0.4022191400832178,0.4077669902912622,0.4133148404993065,0.4105409153952843,0.4244105409153953,0.418862690707351,0.3786407766990292,0.3495145631067962,0.3106796116504854,0.3536754507628294
,,,,,,,,,,,,,,,,,,,,,,,,,,,,,,,,,,,,,,,,,,,,,,,,32,0.3317768199233717,0.4072078544061303,0.3869731800766284,0.2146791187739464,0.2147988505747126,0.1791187739463602,0.2429358237547893,0.2941810344827587,0.2776580459770115,0.1875,0.217911877394636,0.2023467432950192,0.0308461859107961,0.2175906627761567,0.2250937890787828,0.0362651104626927,0.0,0.0054189245518966,0.0,0.0450187578157565,0.0295956648603584,0.0308461859107961,0.0041684035014589,0.0062526052521884,0.0679611650485436,0.3592233009708738,0.3883495145631068,0.0097087378640776,0.0,0.0,0.0,0.058252427184466,0.0485436893203883,0.0097087378640776,0.0,0.0097087378640776,0.3689320388349515,0.3869625520110957,0.375866851595007,0.3439667128987517,0.375866851595007,0.4133148404993065,0.3647711511789182,0.3938973647711511,0.3744798890429959,0.3675450762829403,0.3536754507628294,0.3522884882108183
,,,,,,,,,,,,,,,,,,,,,,,,,,,,,,,,,,,,,,,,,,,,,,,,32,0.4743773946360153,0.4734195402298851,0.5528017241379312,0.2467672413793104,0.0314894636015325,0.0335249042145593,0.0289750957854406,0.0330459770114942,0.2503591954022989,0.5736350574712645,0.480124521072797,0.5159243295019158,0.1221342225927469,0.0441850771154647,0.2092538557732388,0.0758649437265527,0.0,0.0,0.0,0.0079199666527719,0.1596498541058774,0.0871196331804918,0.1467278032513547,0.0204251771571488,0.174757281553398,0.1067961165048543,0.3980582524271844,0.0776699029126213,0.1553398058252427,0.3592233009708738,0.1844660194174757,0.3786407766990291,0.3689320388349514,0.233009708737864,0.1941747572815534,0.0194174757281553,0.2981969486823856,0.2496532593619972,0.246879334257975,0.2538141470180305,0.2593619972260749,0.3162274618585298,0.361997226074896,0.361997226074896,0.3411927877947296,0.3148404993065188,0.3009708737864078,0.30374479889043
,,,,,,,,,,,,,,,,,,,,,,,,,,,,,,,,,,,,,,,,,,,,,,,,32,0.5000000000000001,0.5222701149425288,0.4493534482758621,0.2452107279693487,0.0469348659003831,0.1985153256704981,0.1597222222222222,0.0301724137931034,0.1306273946360153,0.1168582375478927,0.1306273946360153,0.1703783524904215,0.0350145894122551,0.0575239683201333,0.0558566069195498,0.1154647769904126,0.0108378491037932,0.0050020842017507,0.0050020842017507,0.0,0.0758649437265527,0.0633597332221759,0.0279283034597749,0.0937890787828261,0.058252427184466,0.0679611650485436,0.0776699029126213,0.3300970873786408,0.0,0.0,0.116504854368932,0.203883495145631,0.4077669902912621,0.3009708737864077,0.174757281553398,0.3592233009708738,0.3023578363384189,0.3065187239944522,0.3079056865464633,0.3120665742024965,0.3023578363384189,0.3106796116504854,0.3287101248266297,0.3356449375866852,0.3384188626907073,0.3411927877947296,0.3522884882108183,0.3592233009708738
,,,,,,,,,,,,,,,,,,,,,,,,,,,,,,,,,,,,,,,,,,,,,,,,32,0.2587404214559387,0.1631944444444444,0.1684626436781609,0.131345785440613,0.0239463601532567,0.0308908045977011,0.0306513409961686,0.077705938697318,0.1314655172413793,0.0458572796934866,0.0475335249042145,0.1973180076628353,0.1183826594414339,0.0900375156315131,0.1267194664443518,0.0400166736140058,0.0,0.0050020842017507,0.0,0.0350145894122551,0.0283451438099208,0.0137557315548145,0.0125052105043768,0.0320967069612338,0.3689320388349514,0.2718446601941747,0.3786407766990291,0.145631067961165,0.0,0.1650485436893204,0.2912621359223301,0.2718446601941747,0.2135922330097087,0.1941747572815534,0.2718446601941747,0.0679611650485436,0.3661581137309292,0.3633841886269071,0.361997226074896,0.3633841886269071,0.361997226074896,0.3744798890429959,0.3828016643550624,0.391123439667129,0.3869625520110957,0.3869625520110957,0.3869625520110957,0.3952843273231623
,,,,,,,,,,,,,,,,,,,,,,,,,,,,,,,,,,,,,,,,,,,,,,,,32,0.297294061302682,0.3661398467432951,0.4064894636015327,0.270234674329502,0.0290948275862069,0.1981561302681993,0.2240181992337165,0.3466235632183909,0.1791187739463602,0.0841714559386973,0.1070402298850574,0.1082375478927203,0.0662776156731971,0.1350562734472697,0.1884118382659441,0.0333472280116715,0.0050020842017507,0.0,0.0062526052521884,0.055022926219258,0.0546060858691121,0.1025427261358899,0.0220925385577323,0.0191746561067111,0.1941747572815534,0.3689320388349514,0.4174757281553398,0.0097087378640776,0.0,0.0,0.0097087378640776,0.058252427184466,0.1067961165048543,0.4174757281553398,0.203883495145631,0.3009708737864077,0.420249653259362,0.4216366158113731,0.4285714285714286,0.4105409153952843,0.4091539528432732,0.4119278779472955,0.3966712898751734,0.3925104022191401,0.3730929264909848,0.3744798890429959,0.375866851595007,0.375866851595007
,,,,,,,,,,,,,,,,,,,,,,,,,,,,,,,,,,,,,,,,,,,,,,,,32,0.4783285440613027,0.2945402298850575,0.2430555555555556,0.1340996168582376,0.020713601532567,0.1057231800766283,0.0736350574712643,0.1135057471264368,0.2106082375478927,0.1845067049808429,0.3002873563218391,0.1769636015325671,0.055022926219258,0.0887869945810754,0.110045852438516,0.1242184243434764,0.0,0.0,0.0,0.0250104210087536,0.1158816173405585,0.0191746561067111,0.0029178824510212,0.0395998332638599,0.2233009708737864,0.1359223300970873,0.4757281553398058,0.1650485436893204,0.029126213592233,0.116504854368932,0.1844660194174757,0.2815533980582524,0.2135922330097087,0.0097087378640776,0.0097087378640776,0.0485436893203883,0.3772538141470181,0.3661581137309292,0.3675450762829403,0.3592233009708738,0.3522884882108183,0.3814147018030513,0.3994452149791956,0.4008321775312067,0.3966712898751734,0.3730929264909847,0.3231622746185853,0.3522884882108184
,,,,,,,,,,,,,,,,,,,,,,,,,,,,,,,,,,,,,,,,,,,,,,,,32,0.5247844827586208,0.5833333333333334,0.6974377394636017,0.1306273946360153,0.0426245210727969,0.0208333333333333,0.0219109195402298,0.1798371647509579,0.0809386973180076,0.0726772030651341,0.2871168582375479,0.2059386973180077,0.1046269278866194,0.1471446436015006,0.1904960400166736,0.0379324718632763,0.0104210087536473,0.0054189245518966,0.0,0.0837849103793247,0.0254272613588995,0.0691954981242184,0.098374322634431,0.1050437682367653,0.203883495145631,0.1844660194174757,0.3495145631067961,0.0097087378640776,0.0,0.1359223300970873,0.1553398058252427,0.2815533980582524,0.174757281553398,0.2912621359223301,0.1941747572815534,0.2427184466019417,0.3717059639389737,0.3550624133148405,0.3633841886269071,0.3633841886269071,0.3633841886269071,0.3786407766990292,0.3938973647711512,0.3883495145631068,0.3592233009708738,0.3522884882108183,0.3106796116504854,0.3106796116504854
,,,,,,,,,,,,,,,,,,,,,,,,,,,,,,,,,,,,,,,,,,,,,,,,32,0.6180555555555557,0.3048371647509579,0.2828065134099617,0.149904214559387,0.0240660919540229,0.0227490421455938,0.03125,0.1568486590038314,0.1397270114942529,0.0623802681992337,0.0587883141762452,0.1227250957854406,0.0700291788245102,0.172988745310546,0.2334305960817007,0.0350145894122551,0.0062526052521884,0.0050020842017507,0.0,0.0821175489787411,0.1421425593997499,0.0104210087536473,0.0283451438099208,0.0,0.116504854368932,0.4951456310679611,0.5922330097087378,0.0776699029126213,0.1553398058252427,0.1650485436893204,0.3203883495145631,0.3689320388349514,0.3786407766990291,0.1650485436893204,0.1941747572815534,0.1844660194174757,0.3065187239944522,0.3148404993065188,0.3176144244105409,0.3300970873786408,0.3217753120665743,0.3647711511789182,0.375866851595007,0.3883495145631068,0.3814147018030513,0.3398058252427184,0.3384188626907073,0.3411927877947296
,,,,,,,,,,,,,,,,,,,,,,,,,,,,,,,,,,,,,,,,,,,,,,,,32,0.0656130268199233,0.1648706896551724,0.2039032567049809,0.1204501915708812,0.0221503831417624,0.0243055555555555,0.0233477011494252,0.0263409961685823,0.0783045977011494,0.121647509578544,0.0706417624521072,0.0476532567049808,0.0050020842017507,0.0416840350145894,0.1137974155898291,0.0962901208837015,0.0066694456023343,0.0,0.0025010421008753,0.0,0.0558566069195498,0.011671529804085,0.0608586911213005,0.0158399333055439,0.3592233009708738,0.2718446601941747,0.3592233009708738,0.2815533980582524,0.0097087378640776,0.145631067961165,0.174757281553398,0.3398058252427184,0.2912621359223301,0.203883495145631,0.1844660194174757,0.3495145631067961,0.3411927877947296,0.3439667128987517,0.3314840499306519,0.3287101248266297,0.2884882108183079,0.2787794729542303,0.2968099861303744,0.3106796116504854,0.3106796116504854,0.3453536754507629,0.3647711511789182,0.3592233009708738
,,,,,,,,,,,,,,,,,,,,,,,,,,,,,,,,,,,,,,,,,,,,,,,,32,0.3233955938697319,0.2869971264367817,0.2686781609195403,0.3171695402298851,0.0733955938697318,0.0274185823754789,0.0308908045977011,0.030411877394636,0.1696599616858238,0.1303879310344828,0.1362547892720306,0.133860153256705,0.0512713630679449,0.1363067944977073,0.2171738224260108,0.1042100875364735,0.007503126302626,0.0,0.0,0.0,0.0704460191746561,0.0137557315548145,0.0295956648603584,0.0362651104626927,0.3883495145631068,0.4368932038834951,0.5436893203883495,0.2524271844660194,0.174757281553398,0.1650485436893204,0.3495145631067961,0.1941747572815534,0.3009708737864077,0.3495145631067961,0.1941747572815534,0.1941747572815534,0.3606102635228849,0.3495145631067962,0.3148404993065188,0.2676837725381415,0.2773925104022192,0.3841886269070735,0.3786407766990292,0.3717059639389737,0.3384188626907073,0.3092926490984743,0.3120665742024965,0.30374479889043
,,,,,,,,,,,,,,,,,,,,,,,,,,,,,,,,,,,,,,,,,,,,,,,,32,0.1853448275862069,0.3121408045977012,0.2446120689655173,0.1362547892720306,0.0283764367816092,0.0241858237547892,0.046455938697318,0.1434386973180076,0.1266762452107279,0.337404214559387,0.2502394636015326,0.0987787356321839,0.0775323051271363,0.2096706961233847,0.1246352646936223,0.0337640683618174,0.0,0.0,0.0,0.0416840350145894,0.0262609420591913,0.0762817840766986,0.1529804085035431,0.0150062526052521,0.3203883495145631,0.5145631067961165,0.3980582524271844,0.1844660194174757,0.1650485436893204,0.1650485436893204,0.3009708737864077,0.2815533980582524,0.1359223300970873,0.058252427184466,0.3106796116504854,0.116504854368932,0.3176144244105409,0.3314840499306519,0.3120665742024965,0.3287101248266297,0.3675450762829403,0.3828016643550624,0.3717059639389737,0.361997226074896,0.3592233009708738,0.3287101248266297,0.3287101248266297,0.3314840499306519
,,,,,,,,,,,,,,,,,,,,,,,,,,,,,,,,,,,,,,,,,,,,,,,,32,0.7656848659003833,0.1107519157088122,0.312021072796935,0.6898946360153259,0.0741139846743295,0.0349616858237547,0.0284961685823754,0.0243055555555555,0.1113505747126437,0.212404214559387,0.3979885057471264,0.2863984674329503,0.1233847436431846,0.0108378491037932,0.2642767819924969,0.1250521050437682,0.0062526052521884,0.0,0.0,0.0,0.0704460191746561,0.1208837015423092,0.1183826594414339,0.0591913297207169,0.1650485436893204,0.2427184466019417,0.5922330097087378,0.3786407766990291,0.1650485436893204,0.3398058252427184,0.1844660194174757,0.3592233009708738,0.3203883495145631,0.2912621359223301,0.3980582524271844,0.2621359223300971,0.2815533980582524,0.2565880721220527,0.2912621359223301,0.2704576976421637,0.2676837725381415,0.3176144244105409,0.3675450762829403,0.3661581137309292,0.3176144244105409,0.2718446601941748,0.3079056865464633,0.3356449375866852
,,,,,,,,,,,,,,,,,,,,,,,,,,,,,,,,,,,,,,,,,,,,,,,,32,0.2203065134099617,0.143558429118774,0.2039032567049809,0.1536159003831417,0.0613026819923371,0.0276580459770115,0.0280172413793103,0.0272988505747126,0.1168582375478927,0.1062021072796935,0.2039032567049809,0.2787356321839081,0.0850354314297624,0.0912880366819508,0.0170904543559816,0.1734055856606919,0.0150062526052521,0.0,0.0,0.0050020842017507,0.0541892455189662,0.0358482701125469,0.0854522717799083,0.169237182159233,0.3495145631067961,0.5339805825242718,0.2815533980582524,0.3106796116504854,0.1553398058252427,0.3009708737864077,0.2135922330097087,0.3592233009708738,0.3203883495145631,0.3203883495145631,0.3689320388349514,0.3203883495145631,0.3259361997226075,0.289875173370319,0.2510402219140084,0.2510402219140084,0.2538141470180305,0.2510402219140084,0.2565880721220527,0.3217753120665743,0.3647711511789182,0.3800277392510402,0.3689320388349515,0.375866851595007
,,,,,,,,,,,,,,,,,,,,,,,,,,,,,,,,,,,,,,,,,,,,,,,,32,0.6387691570881228,0.5017959770114944,0.2622126436781609,0.192169540229885,0.0662116858237548,0.0468151340996168,0.0255028735632183,0.0926724137931034,0.2125239463601533,0.4510296934865901,0.3099856321839081,0.799329501915709,0.0491871613172155,0.1450604418507711,0.1450604418507711,0.0229262192580241,0.0083368070029178,0.0,0.0,0.0245935806586077,0.0791996665277198,0.1146310962901208,0.0925385577323884,0.0395998332638599,0.1650485436893204,0.4174757281553398,0.5145631067961165,0.145631067961165,0.1262135922330097,0.1941747572815534,0.174757281553398,0.3592233009708738,0.2912621359223301,0.2233009708737864,0.203883495145631,0.0,0.3717059639389737,0.3176144244105409,0.3162274618585298,0.3300970873786408,0.3425797503467407,0.3730929264909847,0.3814147018030513,0.391123439667129,0.3966712898751734,0.3800277392510402,0.3509015256588072,0.3259361997226075
,,,,,,,,,,,,,,,,,,,,,,,,,,,,,,,,,,,,,,,,,,,,,,,,32,0.5941091954022989,0.6188936781609197,0.2800526819923372,0.1766044061302682,0.0520833333333333,0.0301724137931034,0.0292145593869731,0.0314894636015325,0.1842672413793104,0.0942289272030651,0.0718390804597701,0.1763649425287357,0.2284285118799499,0.1483951646519383,0.2009170487703209,0.0320967069612338,0.0129220508545227,0.0,0.0050020842017507,0.0050020842017507,0.0879533138807836,0.019591496456857,0.047102959566486,0.1083784910379324,0.4271844660194174,0.1553398058252427,0.5728155339805825,0.174757281553398,0.1553398058252427,0.1650485436893204,0.174757281553398,0.3883495145631068,0.2815533980582524,0.203883495145631,0.3106796116504854,0.4077669902912621,0.319001386962552,0.2815533980582524,0.2968099861303744,0.2981969486823856,0.3148404993065188,0.3439667128987517,0.3231622746185853,0.3148404993065188,0.3217753120665743,0.319001386962552,0.2857142857142857,0.2912621359223301
,,,,,,,,,,,,,,,,,,,,,,,,,,,,,,,,,,,,,,,,,,,,,,,,32,0.2569444444444445,0.5075431034482759,0.2280890804597702,0.3384818007662836,0.0306513409961685,0.0253831417624521,0.0239463601532567,0.0839319923371647,0.0286159003831417,0.0870450191570881,0.039272030651341,0.1050047892720306,0.0900375156315131,0.0525218841183826,0.0654439349729053,0.1763234681117132,0.0058357649020425,0.0,0.0,0.0366819508128386,0.0216756982075864,0.0220925385577323,0.0,0.0087536473530637,0.3009708737864077,0.2718446601941747,0.2718446601941747,0.3398058252427184,0.2912621359223301,0.1844660194174757,0.2135922330097087,0.3689320388349514,0.3398058252427184,0.2135922330097087,0.2135922330097087,0.2524271844660194,0.3009708737864078,0.3106796116504854,0.3259361997226075,0.3203883495145631,0.3536754507628294,0.3730929264909847,0.3356449375866852,0.3439667128987517,0.3800277392510403,0.3800277392510403,0.4036061026352289,0.4036061026352289
,,,,,,,,,,,,,,,,,,,,,,,,,,,,,,,,,,,,,,,,,,,,,,,,32,0.2501197318007663,0.2594588122605364,0.3732040229885058,0.1904932950191571,0.1999521072796935,0.0577107279693486,0.1809147509578544,0.2153975095785441,0.2085727969348659,0.342432950191571,0.258022030651341,0.2741858237547893,0.0229262192580241,0.1208837015423092,0.0946227594831179,0.0266777824093372,0.0,0.0,0.0050020842017507,0.0,0.0612755314714464,0.0791996665277198,0.0141725719049604,0.0062526052521884,0.0388349514563106,0.2233009708737864,0.174757281553398,0.0097087378640776,0.0,0.145631067961165,0.029126213592233,0.1844660194174757,0.087378640776699,0.1262135922330097,0.0194174757281553,0.0097087378640776,0.4147018030513176,0.3980582524271845,0.3828016643550624,0.3744798890429959,0.3717059639389737,0.3869625520110957,0.4133148404993065,0.3925104022191401,0.391123439667129,0.3786407766990292,0.3509015256588072,0.3647711511789182
,,,,,,,,,,,,,,,,,,,,,,,,,,,,,,,,,,,,,,,,,,,,,,,,32,0.3414750957854407,0.2632902298850575,0.1679837164750958,0.16044061302682,0.0259818007662835,0.0221503831417624,0.0244252873563218,0.0276580459770115,0.0420258620689655,0.0387931034482758,0.0210727969348659,0.2456896551724138,0.0650270946227594,0.1154647769904126,0.172988745310546,0.0150062526052521,0.0,0.0,0.0,0.0029178824510212,0.0208420175072947,0.0270946227594831,0.0004168403501458,0.0179241350562734,0.1067961165048543,0.3106796116504854,0.5145631067961165,0.145631067961165,0.1650485436893204,0.174757281553398,0.174757281553398,0.3592233009708738,0.1553398058252427,0.3009708737864077,0.1650485436893204,0.058252427184466,0.3647711511789182,0.332871012482663,0.3633841886269071,0.3606102635228849,0.3592233009708738,0.3592233009708738,0.3717059639389737,0.3772538141470181,0.3592233009708738,0.3495145631067962,0.3300970873786408,0.3342579750346741
,,,,,,,,,,,,,,,,,,,,,,,,,,,,,,,,,,,,,,,,,,,,,,,,32,0.1150622605363984,0.068845785440613,0.1307471264367816,0.1175766283524904,0.0264607279693486,0.0298132183908046,0.0259818007662835,0.0252634099616858,0.1202107279693486,0.0901580459770115,0.2835249042145595,0.3657806513409962,0.0,0.0254272613588995,0.1083784910379324,0.0591913297207169,0.0050020842017507,0.0054189245518966,0.0,0.0,0.066694456023343,0.0967069612338474,0.1121300541892455,0.0287619841600666,0.1941747572815534,0.233009708737864,0.3106796116504854,0.2233009708737864,0.1941747572815534,0.3106796116504854,0.174757281553398,0.3689320388349514,0.2427184466019417,0.5339805825242718,0.2718446601941747,0.1650485436893204,0.3300970873786408,0.3134535367545076,0.3134535367545076,0.3203883495145631,0.3300970873786408,0.3495145631067962,0.3342579750346741,0.3009708737864078,0.3231622746185853,0.3300970873786408,0.3384188626907073,0.3439667128987517
,,,,,,,,,,,,,,,,,,,,,,,,,,,,,,,,,,,,,,,,,,,,,,,,32,0.4240900383141763,0.3427921455938698,0.1708572796934866,0.1320641762452107,0.03125,0.02705938697318,0.0229885057471264,0.0281369731800766,0.0700431034482758,0.0300526819923371,0.2126436781609196,0.2327586206896552,0.0504376823676531,0.1759066277615673,0.0166736140058357,0.1162984576907044,0.0050020842017507,0.0,0.0,0.0,0.0441850771154647,0.0204251771571488,0.0,0.0450187578157565,0.2427184466019417,0.3980582524271844,0.233009708737864,0.3883495145631068,0.0776699029126213,0.233009708737864,0.174757281553398,0.3398058252427184,0.2718446601941747,0.1650485436893204,0.0,0.0,0.3453536754507628,0.3384188626907073,0.3439667128987517,0.3495145631067962,0.3509015256588072,0.361997226074896,0.3828016643550624,0.3786407766990292,0.3828016643550624,0.3828016643550624,0.3772538141470181,0.3730929264909847
,,,,,,,,,,,,,,,,,,,,,,,,,,,,,,,,,,,,,,,,,,,,,,,,32,0.403256704980843,0.3698515325670499,0.2761015325670499,0.227610153256705,0.0451388888888889,0.0272988505747126,0.0268199233716475,0.0251436781609195,0.0731561302681992,0.2254549808429119,0.4930555555555557,0.3402777777777778,0.0725302209253855,0.1667361400583576,0.1700708628595248,0.0137557315548145,0.0,0.0050020842017507,0.0,0.0,0.058774489370571,0.1171321383909962,0.1725719049604001,0.0375156315131304,0.1941747572815534,0.2912621359223301,0.3398058252427184,0.0,0.145631067961165,0.1650485436893204,0.174757281553398,0.3398058252427184,0.2718446601941747,0.2233009708737864,0.2718446601941747,0.116504854368932,0.3661581137309293,0.3578363384188627,0.3398058252427184,0.3300970873786408,0.3481276005547851,0.3606102635228849,0.3730929264909848,0.3786407766990292,0.3703190013869625,0.3633841886269071,0.3661581137309293,0.375866851595007
,,,,,,,,,,,,,,,,,,,,,,,,,,,,,,,,,,,,,,,,,,,,,,,,32,0.8558429118773948,0.1797174329501916,0.1518199233716475,0.1574473180076628,0.0283764367816092,0.043941570881226,0.0314894636015325,0.0305316091954023,0.0739942528735632,0.2016283524904215,0.2600574712643679,0.241139846743295,0.1004585243851604,0.0133388912046686,0.1175489787411421,0.0525218841183826,0.0,0.0,0.0050020842017507,0.0,0.0291788245102125,0.0187578157565652,0.02334305960817,0.0050020842017507,0.1553398058252427,0.3106796116504854,0.3980582524271844,0.0679611650485436,0.1553398058252427,0.2524271844660194,0.203883495145631,0.3398058252427184,0.174757281553398,0.029126213592233,0.0097087378640776,0.0,0.3689320388349515,0.3606102635228849,0.3606102635228849,0.3536754507628294,0.3509015256588072,0.3855755894590846,0.40499306518724,0.4063800277392511,0.3925104022191401,0.3897364771151179,0.3814147018030513,0.3689320388349515
,,,,,,,,,,,,,,,,,,,,,,,,,,,,,,,,,,,,,,,,,,,,,,,,32,0.3059147509578545,0.4865900383141763,0.456058429118774,0.3754789272030652,0.0336446360153256,0.0372365900383141,0.0319683908045977,0.0387931034482758,0.035919540229885,0.1032088122605364,0.1660680076628352,0.2477250957854406,0.066694456023343,0.1617340558566069,0.1550646102542726,0.0345977490621092,0.0004168403501458,0.0,0.0,0.0133388912046686,0.0179241350562734,0.1242184243434764,0.1229679032930387,0.0250104210087536,0.0097087378640776,0.2718446601941747,0.3106796116504854,0.0194174757281553,0.1553398058252427,0.1553398058252427,0.1844660194174757,0.1941747572815534,0.2718446601941747,0.3495145631067961,0.3106796116504854,0.0097087378640776,0.3661581137309293,0.361997226074896,0.3578363384188627,0.3536754507628294,0.3564493758668516,0.3661581137309293,0.3730929264909847,0.375866851595007,0.3717059639389737,0.3592233009708738,0.319001386962552,0.2884882108183079
,,,,,,,,,,,,,,,,,,,,,,,,,,,,,,,,,,,,,,,,,,,,,,,,32,0.296455938697318,0.3299808429118774,0.2261733716475096,0.2667624521072798,0.0487308429118773,0.0330459770114942,0.0324473180076628,0.0352011494252873,0.16977969348659,0.1101532567049808,0.1028496168582375,0.1503831417624521,0.0675281367236348,0.12588578574406,0.1854939558149229,0.0329303876615256,0.0083368070029178,0.0,0.0,0.0,0.0491871613172155,0.039182992913714,0.0208420175072947,0.039182992913714,0.116504854368932,0.1941747572815534,0.5145631067961165,0.1844660194174757,0.1359223300970873,0.1359223300970873,0.174757281553398,0.3495145631067961,0.2524271844660194,0.1067961165048543,0.2135922330097087,0.1844660194174757,0.2579750346740638,0.2649098474341193,0.2732316227461858,0.2496532593619972,0.2371705963938974,0.274618585298197,0.3467406380027739,0.3606102635228849,0.3120665742024965,0.2773925104022192,0.2482662968099862,0.2690707350901525
,,,,,,,,,,,,,,,,,,,,,,,,,,,,,,,,,,,,,,,,,,,,,,,,32,0.3480603448275863,0.2629310344827587,0.2867576628352491,0.148227969348659,0.0314894636015325,0.0259818007662835,0.02705938697318,0.0310105363984674,0.1999521072796935,0.0573515325670498,0.1211685823754789,0.2000718390804598,0.0441850771154647,0.1679866611087953,0.220091704877032,0.0216756982075864,0.0050020842017507,0.0,0.0,0.0,0.047102959566486,0.0245935806586077,0.1083784910379324,0.1004585243851604,0.174757281553398,0.3786407766990291,0.5825242718446602,0.0388349514563106,0.3203883495145631,0.1844660194174757,0.233009708737864,0.3592233009708738,0.3398058252427184,0.1941747572815534,0.3495145631067961,0.3786407766990291,0.2690707350901526,0.2413314840499307,0.2496532593619972,0.2621359223300971,0.2857142857142857,0.30374479889043,0.3273231622746186,0.3342579750346741,0.30374479889043,0.2718446601941748,0.2635228848821082,0.2288488210818308
,,,,,,,,,,,,,,,,,,,,,,,,,,,,,,,,,,,,,,,,,,,,,,,,32,0.4736590038314177,0.5399904214559388,0.1877394636015326,0.2082136015325671,0.0397509578544061,0.115301724137931,0.0362787356321839,0.0334051724137931,0.0664511494252873,0.1024904214559387,0.1014128352490421,0.121647509578544,0.094205919132972,0.3163818257607336,0.0066694456023343,0.0262609420591913,0.0,0.0212588578574406,0.0,0.0,0.050854522717799,0.1225510629428928,0.0366819508128386,0.0191746561067111,0.1941747572815534,0.6504854368932039,0.1359223300970873,0.145631067961165,0.2135922330097087,0.2912621359223301,0.2621359223300971,0.2427184466019417,0.2912621359223301,0.3883495145631068,0.2427184466019417,0.3203883495145631,0.2399445214979196,0.2524271844660194,0.246879334257975,0.2219140083217753,0.2122052704576976,0.2191400832177531,0.2510402219140084,0.2662968099861303,0.2454923717059639,0.2330097087378641,0.1983356449375867,0.1858529819694868
,,,,,,,,,,,,,,,,,,,,,,,,,,,,,,,,,,,,,,,,,,,,,,,,32,0.3535680076628353,0.4305555555555556,0.182830459770115,0.2392241379310345,0.0271791187739463,0.029573754789272,0.0299329501915709,0.0286159003831417,0.091235632183908,0.0478927203065134,0.1277538314176245,0.4786877394636016,0.0483534806169237,0.1396415172988745,0.3105460608586911,0.0237598999583159,0.0,0.0050020842017507,0.0025010421008753,0.0,0.0533555648186744,0.0279283034597749,0.0925385577323884,0.055022926219258,0.2621359223300971,0.3106796116504854,0.7475728155339806,0.0776699029126213,0.1553398058252427,0.3300970873786408,0.1844660194174757,0.3786407766990291,0.3300970873786408,0.1650485436893204,0.087378640776699,0.058252427184466,0.1747572815533981,0.1858529819694868,0.1816920943134535,0.1830790568654646,0.1816920943134535,0.2704576976421637,0.3703190013869626,0.3744798890429959,0.3314840499306519,0.2884882108183079,0.2552011095700416,0.2233009708737864
,,,,,,,,,,,,,,,,,,,,,,,,,,,,,,,,,,,,,,,,,,,,,,,,32,0.3995450191570882,0.6247605363984675,0.3550047892720308,0.0999760536398467,0.0310105363984674,0.0320881226053639,0.0269396551724137,0.0322078544061302,0.1397270114942529,0.136374521072797,0.0331657088122605,0.2553879310344828,0.1921634014172571,0.047102959566486,0.1508962067528136,0.1371404751979991,0.0,0.0050020842017507,0.0,0.0,0.0937890787828261,0.0375156315131304,0.0,0.0,0.4563106796116505,0.116504854368932,0.2427184466019417,0.3009708737864077,0.2718446601941747,0.2135922330097087,0.3009708737864077,0.3786407766990291,0.4660194174757281,0.2524271844660194,0.0194174757281553,0.0,0.20249653259362,0.1747572815533981,0.159500693481276,0.2094313453536755,0.2191400832177531,0.3009708737864078,0.3647711511789182,0.3786407766990292,0.3411927877947296,0.3051317614424411,0.3134535367545076,0.3134535367545076
,,,,,,,,,,,,,,,,,,,,,,,,,,,,,,,,,,,,,,,,,,,,,,,,32,0.3723659003831419,0.3503352490421457,0.2792145593869732,0.2696360153256705,0.3224377394636016,0.0331657088122605,0.0346024904214559,0.0896791187739463,0.1762452107279693,0.1942049808429119,0.4452825670498085,0.33022030651341,0.0571071279699874,0.1342225927469779,0.1779908295122967,0.1429762401000416,0.0237598999583159,0.0,0.0,0.0237598999583159,0.0208420175072947,0.0458524385160483,0.1108795331388078,0.0133388912046686,0.2815533980582524,0.3300970873786408,0.4854368932038835,0.3009708737864077,0.145631067961165,0.1359223300970873,0.1650485436893204,0.3689320388349514,0.0776699029126213,0.3398058252427184,0.203883495145631,0.029126213592233,0.3231622746185853,0.3300970873786408,0.3370319001386962,0.3439667128987517,0.3481276005547851,0.3689320388349515,0.391123439667129,0.4008321775312067,0.3925104022191401,0.3925104022191401,0.3855755894590846,0.3689320388349515
,,,,,,,,,,,,,,,,,,,,,,,,,,,,,,,,,,,,,,,,,,,,,,,,32,0.2920258620689656,0.5951867816091955,0.2848419540229885,0.3263888888888889,0.0548371647509578,0.1792385057471265,0.1825909961685824,0.3060344827586208,0.3359674329501916,0.2529932950191571,0.2865181992337166,0.2612547892720306,0.0771154647769904,0.1196331804918716,0.1554814506044185,0.1008753647353063,0.0087536473530637,0.0,0.0,0.0145894122551062,0.1346394330971238,0.0491871613172155,0.019591496456857,0.0320967069612338,0.174757281553398,0.1941747572815534,0.3009708737864077,0.1553398058252427,0.0097087378640776,0.0,0.0,0.0,0.2135922330097087,0.0679611650485436,0.029126213592233,0.0097087378640776,0.3578363384188627,0.3564493758668516,0.3647711511789182,0.3675450762829403,0.3814147018030513,0.3841886269070735,0.3952843273231623,0.4147018030513176,0.4022191400832178,0.40499306518724,0.3855755894590846,0.3453536754507629
,,,,,,,,,,,,,,,,,,,,,,,,,,,,,,,,,,,,,,,,,,,,,,,,32,0.4202586206896552,0.2416187739463602,0.3212404214559388,0.5170019157088124,0.0307710727969348,0.029573754789272,0.0332854406130268,0.2186302681992337,0.3080699233716475,0.322198275862069,0.2558668582375479,0.2198275862068966,0.1183826594414339,0.0454355981659024,0.1804918716131721,0.0408503543142976,0.0016673614005835,0.0,0.0,0.0062526052521884,0.0650270946227594,0.0170904543559816,0.02334305960817,0.0120883701542309,0.2815533980582524,0.0388349514563106,0.3398058252427184,0.0194174757281553,0.0388349514563106,0.203883495145631,0.233009708737864,0.0,0.0970873786407767,0.0097087378640776,0.0097087378640776,0.0097087378640776,0.3467406380027739,0.3467406380027739,0.3495145631067962,0.3966712898751734,0.3980582524271845,0.4008321775312067,0.4022191400832178,0.3980582524271845,0.391123439667129,0.3814147018030513,0.3772538141470181,0.3592233009708738
,,,,,,,,,,,,,,,,,,,,,,,,,,,,,,,,,,,,,,,,,,,,,,,,32,0.2705938697318008,0.5936302681992338,0.2614942528735632,0.1854645593869732,0.0282567049808429,0.0460967432950191,0.0320881226053639,0.0693247126436781,0.0773467432950191,0.100933908045977,0.1014128352490421,0.16044061302682,0.1817423926636098,0.165068778657774,0.161317215506461,0.0279283034597749,0.0,0.0,0.0,0.0279283034597749,0.0191746561067111,0.0137557315548145,0.02334305960817,0.0266777824093372,0.3980582524271844,0.2135922330097087,0.5533980582524272,0.0776699029126213,0.1553398058252427,0.1650485436893204,0.2815533980582524,0.3495145631067961,0.233009708737864,0.1359223300970873,0.3106796116504854,0.058252427184466,0.3370319001386962,0.332871012482663,0.3162274618585298,0.319001386962552,0.3411927877947296,0.3675450762829403,0.391123439667129,0.4147018030513176,0.3952843273231623,0.3925104022191401,0.3841886269070735,0.3411927877947296
,,,,,,,,,,,,,,,,,,,,,,,,,,,,,,,,,,,,,,,,,,,,,,,,32,0.5032327586206897,0.3643438697318008,0.3755986590038315,0.2761015325670499,0.0288553639846743,0.0280172413793103,0.0331657088122605,0.1825909961685824,0.1300287356321839,0.0773467432950191,0.1373323754789272,0.1455938697318008,0.153397248853689,0.1279699874947895,0.2292621925802417,0.0475197999166319,0.0,0.0,0.0,0.0683618174239266,0.0308461859107961,0.0058357649020425,0.06294289287203,0.0,0.3203883495145631,0.233009708737864,0.4077669902912621,0.0388349514563106,0.145631067961165,0.1650485436893204,0.2718446601941747,0.2524271844660194,0.145631067961165,0.233009708737864,0.233009708737864,0.3203883495145631,0.3259361997226075,0.3425797503467406,0.3453536754507628,0.3425797503467407,0.3675450762829403,0.3592233009708738,0.3495145631067962,0.3259361997226075,0.3411927877947296,0.3564493758668516,0.3772538141470181,0.4757281553398058
,,,,,,,,,,,,,,,,,,,,,,,,,,,,,,,,,,,,,,,,,,,,,,,,32,0.483955938697318,0.2937021072796936,0.4261254789272031,0.5897988505747128,0.1952825670498084,0.1096743295019157,0.1521791187739463,0.401580459770115,0.2379070881226054,0.2001915708812261,0.580579501915709,0.2966954022988506,0.1367236348478532,0.2972071696540225,0.0087536473530637,0.1283868278449353,0.0,0.0,0.0,0.0700291788245102,0.1058774489370571,0.0062526052521884,0.0058357649020425,0.0141725719049604,0.2912621359223301,0.6504854368932039,0.0,0.1941747572815534,0.0,0.0,0.0,0.087378640776699,0.0388349514563106,0.0194174757281553,0.0194174757281553,0.0097087378640776,0.4507628294036061,0.4410540915395284,0.4299583911234397,0.4063800277392511,0.3633841886269071,0.420249653259362,0.4410540915395284,0.4271844660194175,0.4160887656033287,0.391123439667129,0.3425797503467407,0.2954230235783634
,,,,,,,,,,,,,,,,,,,,,,,,,,,,,,,,,,,,,,,,,,,,,,,,32,0.2680795019157089,0.5099377394636017,0.2229406130268199,0.2667624521072798,0.0352011494252873,0.0283764367816092,0.0450191570881226,0.1360153256704981,0.1366139846743295,0.1267959770114942,0.0806992337164751,0.0626197318007663,0.1392246769487286,0.1317215506461025,0.1688203418090871,0.1292205085452271,0.0025010421008753,0.0,0.0,0.0433513964151729,0.0395998332638599,0.0283451438099208,0.0050020842017507,0.0050020842017507,0.2621359223300971,0.1844660194174757,0.4757281553398058,0.233009708737864,0.174757281553398,0.203883495145631,0.3009708737864077,0.233009708737864,0.2912621359223301,0.2233009708737864,0.0776699029126213,0.2233009708737864,0.3217753120665743,0.3536754507628294,0.3495145631067962,0.3092926490984743,0.3134535367545076,0.3273231622746186,0.3703190013869626,0.3675450762829403,0.3176144244105409,0.2912621359223301,0.2593619972260749,0.2135922330097087
,,,,,,,,,,,,,,,,,,,,,,,,,,,,,,,,,,,,,,,,,,,,,,,,32,0.2200670498084291,0.5708812260536399,0.2703544061302682,0.3138170498084291,0.0469348659003831,0.0469348659003831,0.0343630268199233,0.1931273946360153,0.092911877394636,0.0909961685823755,0.0723180076628352,0.1196120689655172,0.0883701542309295,0.1558982909545644,0.1313047102959566,0.090454355981659,0.003751563151313,0.0,0.0,0.0696123384743643,0.0370987911629845,0.0162567736556898,0.0100041684035014,0.0104210087536473,0.2621359223300971,0.3203883495145631,0.4271844660194174,0.2815533980582524,0.3495145631067961,0.1941747572815534,0.3786407766990291,0.4174757281553398,0.2233009708737864,0.1844660194174757,0.1262135922330097,0.1941747572815534,0.2108183079056866,0.2038834951456311,0.1511789181692094,0.1622746185852982,0.1927877947295423,0.2843273231622746,0.3051317614424411,0.3148404993065188,0.289875173370319,0.246879334257975,0.2066574202496532,0.1747572815533981
,,,,,,,,,,,,,,,,,,,,,,,,,,,,,,,,,,,,,,,,,,,,,,,,32,0.1557710727969349,0.1057231800766283,0.2598180076628353,0.1839080459770115,0.0353208812260536,0.0403496168582375,0.0354406130268199,0.0518438697318007,0.0700431034482758,0.1182950191570881,0.0603448275862068,0.1766044061302682,0.0525218841183826,0.1079616506877865,0.1792413505627344,0.0316798666110879,0.0,0.0,0.0,0.0162567736556898,0.0400166736140058,0.0283451438099208,0.1404751979991663,0.0583576490204251,0.1941747572815534,0.5145631067961165,0.5436893203883495,0.1844660194174757,0.3300970873786408,0.2233009708737864,0.3495145631067961,0.3883495145631068,0.3883495145631068,0.2233009708737864,0.2912621359223301,0.3495145631067961,0.159500693481276,0.1664355062413315,0.1581137309292649,0.1414701803051317,0.1345353675450763,0.2454923717059639,0.2718446601941748,0.2857142857142857,0.2510402219140084,0.2205270457697642,0.1803051317614424,0.1470180305131761
,,,,,,,,,,,,,,,,,,,,,,,,,,,,,,,,,,,,,,,,,,,,,,,,32,0.2585009578544062,0.3696120689655173,0.1980363984674329,0.2456896551724138,0.0799808429118774,0.0340038314176245,0.0288553639846743,0.036757662835249,0.1404454022988506,0.1145833333333333,0.1044061302681992,0.2230603448275862,0.0400166736140058,0.0917048770320967,0.1204668611921634,0.1204668611921634,0.0254272613588995,0.0,0.0,0.0,0.0625260525218841,0.0158399333055439,0.0350145894122551,0.0812838682784493,0.3592233009708738,0.3106796116504854,0.4174757281553398,0.4077669902912621,0.3203883495145631,0.3592233009708738,0.2524271844660194,0.5339805825242718,0.2621359223300971,0.3398058252427184,0.203883495145631,0.4466019417475728,0.1373092926490985,0.1262135922330097,0.1331484049930652,0.0998613037447989,0.1095700416088765,0.1927877947295423,0.2260748959778086,0.2454923717059639,0.2357836338418862,0.2260748959778086,0.1900138696255201,0.2149791955617198
,,,,,,,,,,,,,,,,,,,,,,,,,,,,,,,,,,,,,,,,,,,,,,,,32,0.2885536398467433,0.7703544061302684,0.5834530651340998,0.140205938697318,0.0325670498084291,0.0307710727969348,0.0307710727969348,0.1853448275862069,0.1312260536398467,0.1433189655172414,0.0881226053639847,0.1567289272030652,0.1204668611921634,0.2659441433930804,0.1133805752396832,0.0300125052105043,0.0062526052521884,0.0,0.0,0.0691954981242184,0.003751563151313,0.0050020842017507,0.0262609420591913,0.0204251771571488,0.3495145631067961,0.4660194174757281,0.3495145631067961,0.1941747572815534,0.3495145631067961,0.174757281553398,0.3786407766990291,0.3203883495145631,0.3009708737864077,0.3106796116504854,0.3980582524271844,0.203883495145631,0.2302357836338419,0.2357836338418862,0.2274618585298197,0.2302357836338419,0.2385575589459084,0.2427184466019417,0.2524271844660194,0.260748959778086,0.2621359223300971,0.2649098474341193,0.2690707350901526,0.2635228848821082
,,,,,,,,,,,,,,,,,,,,,,,,,,,,,,,,,,,,,,,,,,,,,,,,32,0.405771072796935,0.3878113026819924,0.2873563218390805,0.1549329501915709,0.0296934865900383,0.0316091954022988,0.0283764367816092,0.2270114942528736,0.5153256704980844,0.1590038314176245,0.477610153256705,0.124161877394636,0.1313047102959566,0.129637348895373,0.2100875364735306,0.0145894122551062,0.0,0.0,0.0029178824510212,0.1004585243851604,0.1283868278449353,0.0404335139641517,0.0345977490621092,0.0166736140058357,0.4951456310679611,0.3980582524271844,0.7087378640776699,0.0970873786407767,0.087378640776699,0.233009708737864,0.174757281553398,0.5048543689320388,0.1553398058252427,0.1941747572815534,0.233009708737864,0.2621359223300971,0.2662968099861303,0.2732316227461859,0.2649098474341193,0.2718446601941748,0.2732316227461858,0.3148404993065188,0.3439667128987517,0.3522884882108183,0.3314840499306519,0.3092926490984743,0.260748959778086,0.2482662968099862
,,,,,,,,,,,,,,,,,,,,,,,,,,,,,,,,,,,,,,,,,,,,,,,,32,0.2351532567049808,0.3368055555555556,0.255028735632184,0.2161159003831418,0.0255028735632183,0.0305316091954023,0.0298132183908046,0.2061781609195402,0.1491858237547893,0.1320641762452107,0.0457375478927203,0.1121886973180076,0.0846185910796165,0.4693622342642767,0.0962901208837015,0.0337640683618174,0.0,0.0,0.0025010421008753,0.06294289287203,0.0245935806586077,0.0104210087536473,0.0,0.0262609420591913,0.4466019417475728,0.9223300970873788,0.4368932038834951,0.1553398058252427,0.0,0.145631067961165,0.3300970873786408,0.2233009708737864,0.3009708737864077,0.2427184466019417,0.1844660194174757,0.174757281553398,0.246879334257975,0.2621359223300971,0.2760055478502081,0.2787794729542303,0.2815533980582524,0.3065187239944522,0.3314840499306519,0.332871012482663,0.3065187239944522,0.2787794729542303,0.2538141470180305,0.2108183079056866
,,,,,,,,,,,,,,,,,,,,,,,,,,,,,,,,,,,,,,,,,,,,,,,,32,0.2173132183908046,0.4691091954022989,0.2656848659003832,0.4664750957854406,0.0334051724137931,0.0299329501915709,0.0328065134099616,0.1896551724137931,0.1073994252873563,0.0554358237547892,0.0835727969348659,0.2781369731800767,0.0946227594831179,0.0571071279699874,0.1567319716548562,0.1167152980408503,0.0,0.0,0.0100041684035014,0.0320967069612338,0.0283451438099208,0.0070862859524802,0.0083368070029178,0.0100041684035014,0.2815533980582524,0.2135922330097087,0.6601941747572816,0.2524271844660194,0.3203883495145631,0.1844660194174757,0.3592233009708738,0.3592233009708738,0.2718446601941747,0.1650485436893204,0.029126213592233,0.0,0.1858529819694868,0.1803051317614424,0.1816920943134535,0.1747572815533981,0.1941747572815534,0.2995839112343967,0.3647711511789182,0.3689320388349515,0.332871012482663,0.2884882108183079,0.246879334257975,0.2246879334257975
,,,,,,,,,,,,,,,,,,,,,,,,,,,,,,,,,,,,,,,,,,,,,,,,32,0.3177681992337166,0.2752634099616858,0.226772030651341,0.1748084291187739,0.0525622605363984,0.0326867816091954,0.0317289272030651,0.1892959770114942,0.1366139846743295,0.0919540229885057,0.1257183908045977,0.1398467432950192,0.0375156315131304,0.0775323051271363,0.0871196331804918,0.1859107961650687,0.0095873280533555,0.0,0.0,0.0654439349729053,0.0320967069612338,0.011671529804085,0.0291788245102125,0.0029178824510212,0.1553398058252427,0.2718446601941747,0.3203883495145631,0.4951456310679611,0.1650485436893204,0.3106796116504854,0.2912621359223301,0.4077669902912621,0.2621359223300971,0.3592233009708738,0.0388349514563106,0.116504854368932,0.2260748959778086,0.2011095700416089,0.1927877947295423,0.2066574202496532,0.2676837725381415,0.3370319001386962,0.3717059639389737,0.3730929264909848,0.3314840499306519,0.2871012482662968,0.2760055478502081,0.2135922330097087
,,,,,,,,,,,,,,,,,,,,,,,,,,,,,,,,,,,,,,,,,,,,,,,,32,0.1430795019157088,0.1807950191570881,0.3224377394636016,0.3168103448275863,0.0452586206896551,0.0332854406130268,0.0314894636015325,0.0445402298850574,0.1934865900383142,0.3253113026819924,0.3170498084291188,0.2058189655172414,0.0108378491037932,0.2025844101709045,0.1892455189662359,0.1238015839933305,0.0,0.0,0.0,0.019591496456857,0.1004585243851604,0.0483534806169237,0.0333472280116715,0.0262609420591913,0.1553398058252427,0.6893203883495146,0.4854368932038835,0.3106796116504854,0.1553398058252427,0.2815533980582524,0.2233009708737864,0.3592233009708738,0.2912621359223301,0.3689320388349514,0.203883495145631,0.1941747572815534,0.2246879334257975,0.2163661581137309,0.2094313453536755,0.2219140083217753,0.231622746185853,0.2690707350901526,0.3439667128987517,0.3606102635228849,0.3287101248266297,0.3106796116504854,0.3162274618585298,0.2635228848821082
,,,,,,,,,,,,,,,,,,,,,,,,,,,,,,,,,,,,,,,,,,,,,,,,32,0.3312978927203066,0.411278735632184,0.2952586206896552,0.2304837164750958,0.0725574712643678,0.0348419540229885,0.0296934865900383,0.0386733716475095,0.123323754789272,0.5488505747126438,0.3010057471264368,0.1927681992337165,0.0496040016673614,0.1396415172988745,0.1704877032096707,0.1008753647353063,0.0087536473530637,0.0,0.0,0.0125052105043768,0.1279699874947895,0.0854522717799083,0.0216756982075864,0.0162567736556898,0.203883495145631,0.233009708737864,0.6019417475728155,0.1941747572815534,0.1553398058252427,0.3106796116504854,0.2427184466019417,0.4466019417475728,0.1844660194174757,0.4271844660194174,0.1359223300970873,0.2815533980582524,0.2413314840499307,0.2122052704576976,0.274618585298197,0.2912621359223301,0.2954230235783634,0.3203883495145631,0.3259361997226075,0.3300970873786408,0.3314840499306519,0.2995839112343967,0.3148404993065188,0.3217753120665743
,,,,,,,,,,,,,,,,,,,,,,,,,,,,,,,,,,,,,,,,,,,,,,,,32,0.0729166666666666,0.2211446360153257,0.5466954022988506,0.2655651340996169,0.0286159003831417,0.0284961685823754,0.0318486590038314,0.1949233716475096,0.1239224137931034,0.1534961685823755,0.3376436781609196,0.0797413793103448,0.0220925385577323,0.0837849103793247,0.2142559399749895,0.0295956648603584,0.0,0.0,0.0058357649020425,0.0571071279699874,0.0258441017090454,0.082534389328887,0.0771154647769904,0.0150062526052521,0.174757281553398,0.2718446601941747,0.5242718446601942,0.1650485436893204,0.1359223300970873,0.1941747572815534,0.2912621359223301,0.3592233009708738,0.233009708737864,0.2621359223300971,0.2621359223300971,0.233009708737864,0.3023578363384189,0.2787794729542303,0.2732316227461859,0.2676837725381415,0.2538141470180305,0.2565880721220527,0.274618585298197,0.2815533980582524,0.260748959778086,0.2565880721220527,0.2441054091539528,0.246879334257975
,,,,,,,,,,,,,,,,,,,,,,,,,,,,,,,,,,,,,,,,,,,,,,,,32,0.3000478927203066,0.4698275862068967,0.5064655172413794,0.210727969348659,0.0566331417624521,0.0334051724137931,0.0288553639846743,0.1821120689655172,0.1471503831417625,0.1440373563218391,0.1222461685823754,0.1557710727969349,0.1313047102959566,0.0554397665694039,0.2050854522717799,0.1187994997915798,0.011671529804085,0.0,0.0,0.0754481033764068,0.0262609420591913,0.0237598999583159,0.0079199666527719,0.0054189245518966,0.4077669902912621,0.2621359223300971,0.6213592233009708,0.3495145631067961,0.1844660194174757,0.2427184466019417,0.3203883495145631,0.3883495145631068,0.1844660194174757,0.3203883495145631,0.116504854368932,0.1359223300970873,0.2274618585298197,0.2163661581137309,0.2080443828016643,0.1955617198335645,0.1816920943134535,0.2441054091539528,0.2912621359223301,0.3217753120665743,0.3079056865464633,0.3065187239944522,0.3148404993065188,0.3120665742024965
,,,,,,,,,,,,,,,,,,,,,,,,,,,,,,,,,,,,,,,,,,,,,,,,32,0.309506704980843,0.403256704980843,0.2861590038314177,0.2387452107279694,0.0420258620689655,0.028735632183908,0.0265804597701149,0.185823754789272,0.2831657088122606,0.3105842911877395,0.2616139846743295,0.2731082375478927,0.204668611921634,0.153397248853689,0.0987911629845769,0.153397248853689,0.0,0.0,0.0,0.0716965402250938,0.0112546894539391,0.0029178824510212,0.0204251771571488,0.0316798666110879,0.6699029126213593,0.3980582524271844,0.4563106796116505,0.3009708737864077,0.1262135922330097,0.1359223300970873,0.1553398058252427,0.4271844660194174,0.0194174757281553,0.0,0.0485436893203883,0.0388349514563106,0.3273231622746186,0.3287101248266297,0.3245492371705964,0.3314840499306519,0.3425797503467407,0.3495145631067961,0.4008321775312066,0.4022191400832178,0.4022191400832178,0.3980582524271845,0.3717059639389737,0.3592233009708738
,,,,,,,,,,,,,,,,,,,,,,,,,,,,,,,,,,,,,,,,,,,,,,,,32,0.2333572796934866,0.4428879310344828,0.5601053639846744,0.3208812260536399,0.1324233716475095,0.14272030651341,0.1572078544061303,0.3554837164750958,0.2698754789272031,0.2780172413793104,0.2120450191570881,0.1939655172413793,0.0179241350562734,0.165068778657774,0.1842434347644852,0.0262609420591913,0.0066694456023343,0.0,0.0025010421008753,0.0525218841183826,0.0416840350145894,0.0100041684035014,0.0425177157148812,0.0087536473530637,0.0194174757281553,0.2233009708737864,0.3203883495145631,0.0097087378640776,0.0,0.0,0.0,0.0776699029126213,0.0970873786407767,0.0097087378640776,0.0679611650485436,0.087378640776699,0.3578363384188627,0.3536754507628294,0.3606102635228849,0.3536754507628294,0.3467406380027739,0.3994452149791956,0.4257975034674064,0.4174757281553398,0.3814147018030513,0.3564493758668516,0.3467406380027739,0.3633841886269071
,,,,,,,,,,,,,,,,,,,,,,,,,,,,,,,,,,,,,,,,,,,,,,,,32,0.468271072796935,0.3063936781609196,0.259698275862069,0.5797413793103449,0.0360392720306513,0.0302921455938697,0.0373563218390804,0.2401819923371648,0.3449473180076629,0.3007662835249042,0.1283524904214559,0.2258141762452107,0.1884118382659441,0.0137557315548145,0.2830345977490621,0.0375156315131304,0.0,0.0,0.0,0.0725302209253855,0.0145894122551062,0.0462692788661942,0.0070862859524802,0.1871613172155064,0.2135922330097087,0.145631067961165,0.7378640776699029,0.0194174757281553,0.1553398058252427,0.174757281553398,0.2912621359223301,0.145631067961165,0.0,0.116504854368932,0.0,0.2621359223300971,0.3744798890429959,0.3814147018030513,0.377253814147018,0.3425797503467407,0.3786407766990292,0.4285714285714286,0.4687933425797503,0.5062413314840499,0.4452149791955618,0.3744798890429959,0.3980582524271845,0.3869625520110957
,,,,,,,,,,,,,,,,,,,,,,,,,,,,,,,,,,,,,,,,,,,,,,,,32,0.3057950191570882,0.2466475095785441,0.2680795019157089,0.3200431034482759,0.122485632183908,0.1464319923371647,0.1764846743295019,0.2557471264367816,0.203544061302682,0.2198275862068966,0.1919300766283525,0.3013649425287357,0.0295956648603584,0.153397248853689,0.2680283451438099,0.090454355981659,0.0012505210504376,0.0045852438516048,0.0066694456023343,0.0345977490621092,0.0283451438099208,0.0133388912046686,0.0079199666527719,0.0683618174239266,0.1262135922330097,0.1553398058252427,0.5436893203883495,0.1359223300970873,0.0,0.0,0.0,0.2233009708737864,0.0485436893203883,0.029126213592233,0.0097087378640776,0.0970873786407767,0.3883495145631068,0.3883495145631068,0.3800277392510402,0.3786407766990292,0.3689320388349515,0.3744798890429959,0.3925104022191401,0.3883495145631068,0.3841886269070735,0.3536754507628294,0.3564493758668516,0.3564493758668516
,,,,,,,,,,,,,,,,,,,,,,,,,,,,,,,,,,,,,,,,,,,,,,,,32,0.2684386973180077,0.2430555555555556,0.1264367816091954,0.1448754789272031,0.0264607279693486,0.0325670498084291,0.0292145593869731,0.0332854406130268,0.1176963601532567,0.1369731800766284,0.2714319923371648,0.3754789272030652,0.0491871613172155,0.145477282200917,0.1254689453939141,0.0254272613588995,0.0,0.0,0.0,0.0050020842017507,0.1171321383909962,0.0004168403501458,0.0721133805752396,0.0250104210087536,0.087378640776699,0.4174757281553398,0.4660194174757281,0.1359223300970873,0.0,0.1650485436893204,0.3203883495145631,0.2815533980582524,0.2233009708737864,0.2912621359223301,0.2718446601941747,0.1941747572815534,0.3481276005547851,0.3439667128987517,0.3481276005547851,0.332871012482663,0.3287101248266297,0.3661581137309293,0.3883495145631068,0.40499306518724,0.3994452149791956,0.3509015256588072,0.3467406380027739,0.3314840499306519
,,,,,,,,,,,,,,,,,,,,,,,,,,,,,,,,,,,,,,,,,,,,,,,,32,0.2933429118773947,0.5183189655172414,0.4080459770114943,0.2796934865900384,0.0320881226053639,0.0284961685823754,0.0286159003831417,0.1657088122605364,0.2913074712643679,0.2804118773946361,0.1411637931034483,0.1567289272030652,0.3009587328053356,0.1488120050020842,0.1354731137974155,0.0270946227594831,0.0,0.0,0.0087536473530637,0.0325135473113797,0.0316798666110879,0.0145894122551062,0.0133388912046686,0.0120883701542309,0.5631067961165048,0.3009708737864077,0.3883495145631068,0.145631067961165,0.1553398058252427,0.1553398058252427,0.1650485436893204,0.2135922330097087,0.087378640776699,0.0097087378640776,0.145631067961165,0.1650485436893204,0.3411927877947296,0.3675450762829403,0.375866851595007,0.3800277392510403,0.3828016643550624,0.3814147018030513,0.3800277392510402,0.3730929264909847,0.3606102635228849,0.3522884882108184,0.3730929264909848,0.3717059639389737
,,,,,,,,,,,,,,,,,,,,,,,,,,,,,,,,,,,,,,,,,,,,,,,,32,0.3742816091954024,0.3430316091954024,0.3894875478927204,0.2746647509578545,0.0579501915708812,0.1861829501915709,0.1710967432950192,0.3298611111111111,0.1242816091954022,0.2910680076628353,0.2278496168582376,0.179477969348659,0.1684035014589412,0.0812838682784493,0.1550646102542726,0.0762817840766986,0.0025010421008753,0.0,0.0,0.0525218841183826,0.0254272613588995,0.0066694456023343,0.0112546894539391,0.0100041684035014,0.5339805825242718,0.2524271844660194,0.4466019417475728,0.1359223300970873,0.0,0.0,0.0,0.203883495145631,0.145631067961165,0.0,0.0679611650485436,0.0194174757281553,0.3703190013869626,0.3814147018030513,0.3855755894590846,0.3855755894590846,0.3841886269070735,0.391123439667129,0.4105409153952843,0.4147018030513176,0.4008321775312067,0.3883495145631068,0.3800277392510402,0.375866851595007
,,,,,,,,,,,,,,,,,,,,,,,,,,,,,,,,,,,,,,,,,,,,,,,,32,0.3570402298850575,0.2881944444444445,0.235632183908046,0.0956657088122605,0.0645354406130268,0.0227490421455938,0.0237068965517241,0.2563457854406131,0.2131226053639847,0.2289272030651341,0.1107519157088122,0.2359913793103449,0.0541892455189662,0.1950812838682784,0.0179241350562734,0.1117132138390996,0.011671529804085,0.0,0.0,0.0537724051688203,0.0279283034597749,0.0041684035014589,0.0062526052521884,0.019591496456857,0.1067961165048543,0.4757281553398058,0.1650485436893204,0.3009708737864077,0.1553398058252427,0.1650485436893204,0.1553398058252427,0.2718446601941747,0.0097087378640776,0.0776699029126213,0.0,0.0194174757281553,0.375866851595007,0.3786407766990292,0.3814147018030513,0.3869625520110957,0.3772538141470181,0.4091539528432732,0.4077669902912621,0.4091539528432732,0.4008321775312067,0.3966712898751734,0.3966712898751734,0.3980582524271845
,,,,,,,,,,,,,,,,,,,,,,,,,,,,,,,,,,,,,,,,,,,,,,,,32,0.3558429118773947,0.5026340996168583,0.5629789272030652,0.211566091954023,0.1610392720306513,0.1392480842911878,0.165948275862069,0.4143917624521074,0.202705938697318,0.2620929118773947,0.6841475095785442,0.2619731800766284,0.106294289287203,0.2580241767403085,0.2100875364735306,0.0166736140058357,0.0,0.0,0.0,0.0621092121717382,0.0070862859524802,0.0912880366819508,0.0416840350145894,0.0054189245518966,0.1067961165048543,0.4368932038834951,0.3883495145631068,0.0097087378640776,0.0,0.0,0.0,0.087378640776699,0.0,0.0485436893203883,0.0097087378640776,0.0,0.3966712898751734,0.4008321775312066,0.4036061026352289,0.4036061026352289,0.4160887656033287,0.4466019417475729,0.4715672676837725,0.490984743411928,0.4826629680998613,0.449375866851595,0.4507628294036061,0.4368932038834952
,,,,,,,,,,,,,,,,,,,,,,,,,,,,,,,,,,,,,,,,,,,,,,,,32,0.2726293103448276,0.4140325670498085,0.4063697318007663,0.433668582375479,0.0454980842911877,0.0598659003831417,0.141044061302682,0.4172653256704982,0.2017480842911878,0.1855842911877395,0.1346982758620689,0.5239463601532568,0.110045852438516,0.1317215506461025,0.1104626927886619,0.1054606085869112,0.0100041684035014,0.0,0.0058357649020425,0.0716965402250938,0.0187578157565652,0.0937890787828261,0.0150062526052521,0.0062526052521884,0.1844660194174757,0.2524271844660194,0.1553398058252427,0.174757281553398,0.0,0.0,0.0,0.0970873786407767,0.0097087378640776,0.0388349514563106,0.0,0.0,0.4271844660194175,0.4160887656033287,0.4119278779472954,0.4147018030513176,0.420249653259362,0.4438280166435506,0.4798890429958392,0.4854368932038835,0.4271844660194175,0.3883495145631068,0.377253814147018,0.3661581137309293
,,,,,,,,,,,,,,,,,,,,,,,,,,,,,,,,,,,,,,,,,,,,,,,,32,0.2714319923371648,0.4188218390804599,0.2671216475095786,0.0876436781609195,0.0261015325670498,0.0261015325670498,0.0305316091954023,0.0853687739463601,0.0897988505747126,0.133022030651341,0.2466475095785441,0.2163553639846743,0.1567319716548562,0.1838265944143393,0.0937890787828261,0.0145894122551062,0.0,0.0050020842017507,0.0100041684035014,0.058774489370571,0.0416840350145894,0.0512713630679449,0.0033347228011671,0.0200083368070029,0.203883495145631,0.2621359223300971,0.1359223300970873,0.0,0.0,0.0,0.0,0.0679611650485436,0.058252427184466,0.0,0.0,0.0097087378640776,0.579750346740638,0.578363384188627,0.5686546463245493,0.5852981969486825,0.6158113730929267,0.6477115117891817,0.6893203883495147,0.6976421636615812,0.7170596393897366,0.6449375866851595,0.6158113730929267,0.6116504854368933
,,,,,,,,,,,,,,,,,,,,,,,,,,,,,,,,,,,,,,,,,,,,,,,,32,0.1289511494252873,0.1514607279693487,0.1967193486590039,0.0745929118773946,0.0281369731800766,0.0305316091954023,0.0274185823754789,0.0468151340996168,0.1477490421455939,0.1175766283524904,0.3295019157088123,0.1612787356321839,0.0308461859107961,0.3355564818674447,0.007503126302626,0.0200083368070029,0.0029178824510212,0.0,0.0,0.066694456023343,0.1242184243434764,0.0287619841600666,0.0383493122134222,0.1037932471863276,0.0776699029126213,0.4854368932038835,0.0,0.0097087378640776,0.0,0.0,0.0,0.0388349514563106,0.1262135922330097,0.0,0.0097087378640776,0.1359223300970873,0.6047156726768377,0.5825242718446603,0.578363384188627,0.5963938973647712,0.6380027739251041,0.6574202496532595,0.6879334257975035,0.7128987517337033,0.7073509015256588,0.7115117891816921,0.6920943134535369,0.6393897364771152
,,,,,,,,,,,,,,,,,,,,,,,,,,,,,,,,,,,,,,,,,,,,,,,,32,0.1220067049808429,0.1422413793103448,0.3093869731800767,0.0759099616858237,0.0284961685823754,0.0472940613026819,0.0532806513409961,0.0700431034482758,0.059147509578544,0.158764367816092,0.130507662835249,0.1863026819923372,0.3488953730721134,0.2075864943726552,0.1346394330971238,0.0183409754064193,0.0,0.0,0.0496040016673614,0.0504376823676531,0.0295956648603584,0.066694456023343,0.1025427261358899,0.0937890787828261,0.2135922330097087,0.3009708737864077,0.203883495145631,0.0,0.0,0.0,0.058252427184466,0.0679611650485436,0.0,0.116504854368932,0.1553398058252427,0.1262135922330097,0.5894590846047157,0.5589459084604715,0.5575589459084606,0.6102635228848822,0.6560332871012483,0.6699029126213593,0.6976421636615812,0.7128987517337033,0.7239944521497921,0.7115117891816921,0.6726768377253814,0.651872399445215
,,,,,,,,,,,,,,,,,,,,,,,,,,,,,,,,,,,,,,,,,,,,,,,,32,0.1936063218390805,0.2409003831417625,0.3032806513409962,0.0641762452107279,0.0368773946360153,0.0317289272030651,0.0704022988505747,0.16977969348659,0.0737547892720306,0.0731561302681992,0.0774664750957854,0.0897988505747126,0.1046269278866194,0.1867444768653605,0.0375156315131304,0.015423092955398,0.0,0.0,0.0366819508128386,0.055022926219258,0.0300125052105043,0.0112546894539391,0.0100041684035014,0.0125052105043768,0.1262135922330097,0.2233009708737864,0.0194174757281553,0.0,0.0,0.0,0.029126213592233,0.0388349514563106,0.0097087378640776,0.0388349514563106,0.0,0.0194174757281553,0.6047156726768378,0.5839112343966713,0.578363384188627,0.6421636615811374,0.7031900138696257,0.7489597780859918,0.7586685159500695,0.7850208044382802,0.7933425797503468,0.7864077669902914,0.7503467406380028,0.6907073509015257
,,,,,,,,,,,,,,,,,,,,,,,,,,,,,,,,,,,,,,,,,,,,,,,,32,0.1348180076628352,0.1730124521072797,0.2483237547892721,0.0757902298850574,0.0331657088122605,0.0306513409961686,0.0882423371647509,0.100933908045977,0.1057231800766283,0.0711206896551724,0.0779454022988505,0.2333572796934866,0.0529387244685285,0.12588578574406,0.1238015839933305,0.0650270946227594,0.0058357649020425,0.0,0.0387661525635681,0.0362651104626927,0.0104210087536473,0.0100041684035014,0.0166736140058357,0.1471446436015006,0.0485436893203883,0.174757281553398,0.1553398058252427,0.0776699029126213,0.0,0.0,0.029126213592233,0.0485436893203883,0.0,0.0,0.0097087378640776,0.1359223300970873,0.6685159500693483,0.6712898751733705,0.6629680998613038,0.6823855755894592,0.7156726768377254,0.7503467406380028,0.7683772538141471,0.7725381414701804,0.7753120665742026,0.751733703190014,0.7198335644937588,0.6601941747572815
,,,,,,,,,,,,,,,,,,,,,,,,,,,,,,,,,,,,,,,,,,,,,,,,32,0.2983716475095786,0.0428639846743295,0.2298850574712644,0.0738745210727969,0.0313697318007662,0.0334051724137931,0.0781848659003831,0.0968630268199234,0.1071599616858237,0.0935105363984674,0.1088362068965517,0.0925526819923371,0.0462692788661942,0.1054606085869112,0.1117132138390996,0.0133388912046686,0.0,0.0120883701542309,0.0404335139641517,0.0446019174656106,0.0162567736556898,0.0108378491037932,0.007503126302626,0.1750729470612755,0.0776699029126213,0.1359223300970873,0.145631067961165,0.0,0.0,0.0,0.0388349514563106,0.058252427184466,0.0,0.0097087378640776,0.0,0.1941747572815534,0.6130374479889044,0.6047156726768378,0.6102635228848822,0.6685159500693483,0.7295423023578363,0.739251040221914,0.782246879334258,0.8183079056865465,0.812760055478502,0.7836338418862692,0.7447988904299585,0.6879334257975035
,,,,,,,,,,,,,,,,,,,,,,,,,,,,,,,,,,,,,,,,,,,,,,,,32,0.1411637931034483,0.0669300766283525,0.1864224137931034,0.0957854406130268,0.0329262452107279,0.0332854406130268,0.1113505747126437,0.0921934865900383,0.0557950191570881,0.0573515325670498,0.0666906130268199,0.1352969348659004,0.1763234681117132,0.1187994997915798,0.2300958732805335,0.0166736140058357,0.0,0.0,0.055022926219258,0.035431429762401,0.011671529804085,0.0087536473530637,0.003751563151313,0.0220925385577323,0.1067961165048543,0.087378640776699,0.3300970873786408,0.0,0.0,0.0,0.0388349514563106,0.0097087378640776,0.0,0.0388349514563106,0.0,0.0097087378640776,0.6532593619972261,0.6282940360610264,0.6227461858529821,0.6227461858529821,0.5908460471567268,0.6546463245492372,0.737864077669903,0.7725381414701804,0.7753120665742026,0.7323162274618585,0.6699029126213593,0.6116504854368933
,,,,,,,,,,,,,,,,,,,,,,,,,,,,,,,,,,,,,,,,,,,,,,,,32,0.1603208812260536,0.7865181992337166,0.5670498084291189,0.0393917624521072,0.043103448275862,0.0460967432950191,0.0332854406130268,0.0391522988505747,0.141882183908046,0.1635536398467433,0.1342193486590038,0.1426005747126437,0.2567736556898707,0.2430179241350562,0.1142142559399749,0.0120883701542309,0.0095873280533555,0.0,0.0183409754064193,0.0133388912046686,0.1283868278449353,0.1458941225510629,0.039182992913714,0.0329303876615256,0.1650485436893204,0.2135922330097087,0.1650485436893204,0.0,0.0,0.0,0.0,0.0,0.1844660194174757,0.174757281553398,0.0679611650485436,0.0097087378640776,0.5686546463245493,0.5478502080443829,0.5478502080443829,0.5755894590846048,0.5963938973647712,0.6435506241331486,0.6976421636615812,0.7184466019417476,0.6629680998613038,0.6754507628294038,0.6144244105409155,0.6241331484049931
,,,,,,,,,,,,,,,,,,,,,,,,,,,,,,,,,,,,,,,,,,,,,,,,32,0.2246168582375479,0.1926484674329502,0.2012691570881226,0.2358716475095786,0.0386733716475095,0.0399904214559387,0.0378352490421455,0.0522030651340996,0.1618773946360154,0.1356561302681992,0.4777298850574714,0.1075191570881226,0.0583576490204251,0.1829929137140475,0.153397248853689,0.0245935806586077,0.0,0.0,0.0,0.0158399333055439,0.1333889120466861,0.0437682367653188,0.0441850771154647,0.1067111296373489,0.058252427184466,0.1941747572815534,0.2233009708737864,0.0,0.0,0.0,0.0,0.0,0.1262135922330097,0.0,0.0485436893203883,0.145631067961165,0.5922330097087379,0.5922330097087379,0.5742024965325937,0.6380027739251041,0.6449375866851595,0.6768377253814147,0.7059639389736476,0.7323162274618585,0.7045769764216366,0.7045769764216366,0.6754507628294038,0.6047156726768378
,,,,,,,,,,,,,,,,,,,,,,,,,,,,,,,,,,,,,,,,,,,,,,,,32,0.1461925287356322,0.1204501915708812,0.1859434865900383,0.0422653256704981,0.0489703065134099,0.026221264367816,0.0749521072796935,0.1203304597701149,0.09375,0.1060823754789272,0.3172892720306514,0.1032088122605364,0.0062526052521884,0.240100041684035,0.1425593997498958,0.0158399333055439,0.0,0.0,0.0383493122134222,0.1079616506877865,0.0133388912046686,0.0087536473530637,0.011671529804085,0.0395998332638599,0.0097087378640776,0.116504854368932,0.1941747572815534,0.0,0.0,0.0,0.029126213592233,0.0388349514563106,0.0,0.0388349514563106,0.0,0.0388349514563106,0.5436893203883496,0.5062413314840499,0.5228848821081832,0.6061026352288489,0.6393897364771152,0.6865464632454924,0.7323162274618585,0.7420249653259362,0.753120665742025,0.7503467406380028,0.6865464632454924,0.60748959778086
,,,,,,,,,,,,,,,,,,,,,,,,,,,,,,,,,,,,,,,,,,,,,,,,32,0.1423611111111111,0.0652538314176245,0.1673850574712644,0.053639846743295,0.0293342911877394,0.0320881226053639,0.0803400383141762,0.1257183908045977,0.0550766283524904,0.0672892720306513,0.0678879310344827,0.2078544061302682,0.0621092121717382,0.0758649437265527,0.2142559399749895,0.0158399333055439,0.0,0.0,0.0425177157148812,0.0421008753647353,0.0,0.0083368070029178,0.0,0.0867027928303459,0.0970873786407767,0.0970873786407767,0.2815533980582524,0.0,0.0,0.0,0.029126213592233,0.0485436893203883,0.0,0.0,0.0,0.029126213592233,0.5852981969486825,0.579750346740638,0.5977808599167822,0.5977808599167822,0.6393897364771151,0.6768377253814147,0.7004160887656034,0.753120665742025,0.7226074895977809,0.6865464632454924,0.6352288488210819,0.6171983356449376
,,,,,,,,,,,,,,,,,,,,,,,,,,,,,,,,,,,,,,,,,,,,,,,,32,0.470426245210728,0.2895114942528736,0.1979166666666667,0.0363984674329501,0.04477969348659,0.0308908045977011,0.0801005747126436,0.0924329501915708,0.0275383141762452,0.0311302681992337,0.0441810344827586,0.2165948275862069,0.1446436015006252,0.2892872030012505,0.0304293455606502,0.0054189245518966,0.0,0.0,0.0325135473113797,0.0412671946644435,0.0,0.0004168403501458,0.0033347228011671,0.0454355981659024,0.2524271844660194,0.3980582524271844,0.0097087378640776,0.0,0.0,0.0,0.0194174757281553,0.0485436893203883,0.0,0.0,0.0,0.0485436893203883,0.5811373092926492,0.5533980582524273,0.5520110957004161,0.5755894590846048,0.5672676837725382,0.6199722607489598,0.6463245492371706,0.7142857142857143,0.7170596393897366,0.6712898751733705,0.5769764216366159,0.5547850208044384
,,,,,,,,,,,,,,,,,,,,,,,,,,,,,,,,,,,,,,,,,,,,,,,,32,0.1399664750957854,0.1928879310344828,0.2939415708812261,0.0636973180076628,0.03125,0.0282567049808429,0.0676484674329502,0.1063218390804597,0.1054837164750958,0.052801724137931,0.1163793103448276,0.149066091954023,0.1229679032930387,0.1350562734472697,0.2184243434764485,0.0108378491037932,0.0050020842017507,0.0,0.0362651104626927,0.0200083368070029,0.0333472280116715,0.0087536473530637,0.0104210087536473,0.0204251771571488,0.1359223300970873,0.1650485436893204,0.3300970873786408,0.0,0.0,0.0,0.029126213592233,0.0485436893203883,0.0,0.0,0.0,0.0194174757281553,0.5325936199722608,0.5062413314840499,0.5048543689320389,0.5922330097087379,0.6366158113730931,0.6768377253814147,0.6962552011095702,0.7461858529819695,0.7669902912621359,0.7295423023578363,0.6782246879334259,0.6685159500693483
,,,,,,,,,,,,,,,,,,,,,,,,,,,,,,,,,,,,,,,,,,,,,,,,32,0.1424808429118774,0.1537356321839081,0.1672653256704981,0.0729166666666666,0.0298132183908046,0.0277777777777777,0.0732758620689655,0.1087164750957854,0.1151819923371647,0.0930316091954023,0.1114703065134099,0.1084770114942529,0.0625260525218841,0.2096706961233847,0.1142142559399749,0.015423092955398,0.0,0.0,0.0320967069612338,0.0395998332638599,0.0033347228011671,0.0208420175072947,0.011671529804085,0.0358482701125469,0.087378640776699,0.2718446601941747,0.1553398058252427,0.0,0.0,0.0,0.0194174757281553,0.0388349514563106,0.0,0.0388349514563106,0.0,0.029126213592233,0.6366158113730931,0.5922330097087379,0.5866851595006934,0.5825242718446603,0.5866851595006934,0.6199722607489598,0.6463245492371706,0.7059639389736476,0.7212205270457698,0.7045769764216366,0.6213592233009709,0.5839112343966713
,,,,,,,,,,,,,,,,,,,,,,,,,,,,,,,,,,,,,,,,,,,,,,,,32,0.1068007662835249,0.2228208812260537,0.735991379310345,0.0806992337164751,0.03125,0.0293342911877394,0.0264607279693486,0.0523227969348659,0.155411877394636,0.1718151340996169,0.1145833333333333,0.3447078544061303,0.1467278032513547,0.1742392663609837,0.1421425593997499,0.0291788245102125,0.0058357649020425,0.0,0.015423092955398,0.0070862859524802,0.0546060858691121,0.0566902876198416,0.0754481033764068,0.1242184243434764,0.1650485436893204,0.1844660194174757,0.1844660194174757,0.0194174757281553,0.0,0.0,0.0,0.0,0.0776699029126213,0.0388349514563106,0.0485436893203883,0.1262135922330097,0.5436893203883496,0.5090152565880722,0.5006934812760057,0.6102635228848822,0.6754507628294038,0.7170596393897366,0.751733703190014,0.7656033287101249,0.7586685159500695,0.7253814147018031,0.6629680998613038,0.6574202496532595
,,,,,,,,,,,,,,,,,,,,,,,,,,,,,,,,,,,,,,,,,,,,,,,,32,0.2461685823754789,0.1481082375478927,0.2819683908045977,0.0901580459770115,0.0478927203065134,0.0437021072796935,0.0613026819923371,0.0979406130268199,0.1053639846743295,0.1133860153256705,0.4954501915708813,0.407926245210728,0.2367653188828678,0.2767819924968737,0.0191746561067111,0.0295956648603584,0.0,0.0,0.0,0.1229679032930387,0.0441850771154647,0.0387661525635681,0.1367236348478532,0.0525218841183826,0.0776699029126213,0.3592233009708738,0.0,0.0194174757281553,0.0097087378640776,0.0,0.0,0.0679611650485436,0.0194174757281553,0.0194174757281553,0.029126213592233,0.0679611650485436,0.6532593619972261,0.6282940360610264,0.6296809986130376,0.6920943134535369,0.7572815533980582,0.8058252427184466,0.8169209431345353,0.8280166435506242,0.826629680998613,0.7850208044382802,0.739251040221914,0.7073509015256588
,,,,,,,,,,,,,,,,,,,,,,,,,,,,,,,,,,,,,,,,,,,,,,,,32,0.3705699233716476,0.1763649425287357,0.2929837164750958,0.0938697318007662,0.0417863984674329,0.0407088122605364,0.0804597701149425,0.1387691570881226,0.1119492337165622,0.2872365900383142,0.0798611111111111,0.1051245210727969,0.0992080033347228,0.2000833680700292,0.0095873280533555,0.0120883701542309,0.0,0.0,0.0370987911629845,0.0237598999583159,0.0320967069612338,0.0646102542726135,0.0041684035014589,0.0137557315548145,0.2233009708737864,0.2815533980582524,0.0,0.0,0.0,0.0,0.029126213592233,0.0097087378640776,0.0194174757281553,0.0,0.0,0.0097087378640776,0.7018030513176144,0.6546463245492372,0.6393897364771151,0.6699029126213593,0.7309292649098476,0.7808599167822469,0.8280166435506242,0.8030513176144245,0.8557558945908461,0.7711511789181692,0.7045769764216366,0.6782246879334259
,,,,,,,,,,,,,,,,,,,,,,,,,,,,,,,,,,,,,,,,,,,,,,,,32,0.0926724137931034,0.1065613026819923,0.572557471264368,0.0774664750957854,0.0403496168582375,0.0356800766283524,0.0816570881226053,0.1172174329501915,0.0799808429118774,0.2167145593869732,0.0824952107279693,0.1035680076628352,0.06294289287203,0.248020008336807,0.1463109629012088,0.0216756982075864,0.0,0.0,0.0425177157148812,0.0804501875781575,0.0554397665694039,0.0108378491037932,0.0145894122551062,0.0237598999583159,0.0097087378640776,0.2427184466019417,0.1553398058252427,0.0,0.0,0.0,0.0194174757281553,0.087378640776699,0.0,0.0097087378640776,0.0,0.0194174757281553,0.6629680998613038,0.6393897364771151,0.6324549237170596,0.680998613037448,0.6768377253814147,0.7198335644937586,0.751733703190014,0.7697642163661582,0.7683772538141471,0.7281553398058253,0.650485436893204,0.6171983356449376
,,,,,,,,,,,,,,,,,,,,,,,,,,,,,,,,,,,,,,,,,,,,,,,,32,0.1306273946360153,0.1378113026819923,0.3744013409961687,0.0793821839080459,0.0458572796934865,0.0478927203065134,0.0966235632183908,0.102610153256705,0.0775862068965517,0.0555555555555555,0.0725574712643678,0.1154214559386973,0.0387661525635681,0.2175906627761567,0.2280116715298041,0.0145894122551062,0.0,0.0062526052521884,0.0329303876615256,0.050854522717799,0.0362651104626927,0.027511463109629,0.0158399333055439,0.0362651104626927,0.0485436893203883,0.2815533980582524,0.3009708737864077,0.0,0.0,0.0,0.029126213592233,0.029126213592233,0.0097087378640776,0.0679611650485436,0.0,0.0388349514563106,0.653259361997226,0.6296809986130376,0.651872399445215,0.6685159500693483,0.6920943134535367,0.7073509015256588,0.7281553398058253,0.751733703190014,0.7337031900138697,0.7212205270457698,0.6823855755894592,0.6629680998613038
,,,,,,,,,,,,,,,,,,,,,,,,,,,,,,,,,,,,,,,,,,,,,,,,32,0.139367816091954,0.1270354406130268,0.3085488505747127,0.1023706896551724,0.0568726053639846,0.0390325670498084,0.0803400383141762,0.1210488505747126,0.061661877394636,0.0372365900383141,0.0604645593869731,0.4301963601532568,0.1354731137974155,0.1817423926636098,0.0212588578574406,0.0992080033347228,0.0,0.0,0.0329303876615256,0.0533555648186744,0.0083368070029178,0.0129220508545227,0.0504376823676531,0.137557315548145,0.1553398058252427,0.2718446601941747,0.0097087378640776,0.1067961165048543,0.0,0.0,0.029126213592233,0.058252427184466,0.0097087378640776,0.0,0.0388349514563106,0.0679611650485436,0.653259361997226,0.6712898751733705,0.6601941747572816,0.6338418862690708,0.6324549237170596,0.6227461858529821,0.6241331484049931,0.6338418862690708,0.6185852981969487,0.60748959778086,0.5963938973647712,0.5852981969486825
,,,,,,,,,,,,,,,,,,,,,,,,,,,,,,,,,,,,,,,,,,,,,,,,32,0.5307710727969349,0.2910680076628353,0.2824473180076629,0.2721503831417625,0.0354406130268199,0.040110153256705,0.0762691570881226,0.0615421455938697,0.1232040229885057,0.0852490421455939,0.0650143678160919,0.0656130268199233,0.1108795331388078,0.263859941642351,0.0791996665277198,0.0245935806586077,0.0,0.0,0.0241767403084618,0.0141725719049604,0.0546060858691121,0.0191746561067111,0.0700291788245102,0.039182992913714,0.1262135922330097,0.3495145631067961,0.0970873786407767,0.0,0.0,0.0,0.029126213592233,0.0097087378640776,0.0679611650485436,0.0,0.087378640776699,0.029126213592233,0.579750346740638,0.5714285714285715,0.5714285714285715,0.5894590846047157,0.6324549237170596,0.6865464632454924,0.7170596393897366,0.7337031900138697,0.7489597780859918,0.7295423023578363,0.6726768377253814,0.650485436893204
,,,,,,,,,,,,,,,,,,,,,,,,,,,,,,,,,,,,,,,,,,,,,,,,32,0.4263649425287357,0.2947796934865901,0.2697557471264368,0.1180555555555556,0.0444204980842912,0.0356800766283524,0.0415469348659004,0.038433908045977,0.1239224137931034,0.1156609195402299,0.0876436781609195,0.1160201149425287,0.1796581909128803,0.1154647769904126,0.1196331804918716,0.0450187578157565,0.0208420175072947,0.0,0.0162567736556898,0.0062526052521884,0.1121300541892455,0.0329303876615256,0.0596081700708628,0.0850354314297624,0.174757281553398,0.1067961165048543,0.1359223300970873,0.0194174757281553,0.0097087378640776,0.0,0.0,0.0,0.1359223300970873,0.029126213592233,0.0194174757281553,0.087378640776699,0.6574202496532595,0.6546463245492372,0.6421636615811374,0.6490984743411928,0.6865464632454924,0.7461858529819695,0.796116504854369,0.7822468793342581,0.8196948682385575,0.8210818307905687,0.6920943134535367,0.680998613037448
,,,,,,,,,,,,,,,,,,,,,,,,,,,,,,,,,,,,,,,,,,,,,,,,32,0.0761494252873563,0.0880028735632184,0.2005507662835249,0.1458333333333333,0.0489703065134099,0.0469348659003831,0.0531609195402299,0.0634578544061302,0.2713122605363985,0.2266522988505747,0.1246408045977011,0.2616139846743295,0.0500208420175073,0.1033764068361817,0.0641934139224676,0.0345977490621092,0.007503126302626,0.0,0.0112546894539391,0.0125052105043768,0.0446019174656106,0.165068778657774,0.0716965402250938,0.1208837015423092,0.0776699029126213,0.145631067961165,0.087378640776699,0.0194174757281553,0.0,0.0,0.0,0.0,0.0679611650485436,0.203883495145631,0.029126213592233,0.1262135922330097,0.6352288488210819,0.6061026352288489,0.5936199722607489,0.7018030513176144,0.7281553398058253,0.7337031900138697,0.7239944521497921,0.7226074895977809,0.751733703190014,0.739251040221914,0.6893203883495147,0.6823855755894592
,,,,,,,,,,,,,,,,,,,,,,,,,,,,,,,,,,,,,,,,,,,,,,,,32,0.340756704980843,0.4103208812260537,0.308668582375479,0.2025862068965517,0.0487308429118773,0.0465756704980843,0.0477729885057471,0.0572318007662835,0.1174568965517241,0.143558429118774,0.1342193486590038,0.3350095785440614,0.0679449770737807,0.177157148812005,0.0971238015839933,0.0250104210087536,0.0,0.0025010421008753,0.0004168403501458,0.0208420175072947,0.0691954981242184,0.0295956648603584,0.1463109629012088,0.0521050437682367,0.0388349514563106,0.2621359223300971,0.1359223300970873,0.0097087378640776,0.0,0.0,0.0,0.0,0.0776699029126213,0.0388349514563106,0.116504854368932,0.0679611650485436,0.6893203883495147,0.6823855755894592,0.6823855755894592,0.6754507628294038,0.665742024965326,0.6726768377253814,0.650485436893204,0.7128987517337033,0.7045769764216366,0.6865464632454924,0.6879334257975035,0.6685159500693483
,,,,,,,,,,,,,,,,,,,,,,,,,,,,,,,,,,,,,,,,,,,,,,,,32,0.4413314176245211,0.16977969348659,0.2535919540229885,0.0689655172413793,0.0365181992337164,0.037595785440613,0.0755507662835249,0.0917145593869732,0.0750718390804597,0.0701628352490421,0.0814176245210728,0.1877394636015326,0.0575239683201333,0.1859107961650687,0.0145894122551062,0.0691954981242184,0.0,0.0,0.027511463109629,0.0416840350145894,0.0679449770737807,0.0170904543559816,0.0108378491037932,0.0404335139641517,0.058252427184466,0.2427184466019417,0.0,0.087378640776699,0.0,0.0,0.0194174757281553,0.0388349514563106,0.029126213592233,0.0097087378640776,0.0097087378640776,0.0485436893203883,0.651872399445215,0.6269070735090153,0.6241331484049931,0.6296809986130376,0.6615811373092927,0.6796116504854369,0.7447988904299585,0.7545076282940362,0.753120665742025,0.7184466019417476,0.7364771151178918,0.6851595006934814
,,,,,,,,,,,,,,,,,,,,,,,,,,,,,,,,,,,,,,,,,,,,,,,,32,0.2016283524904215,0.4548611111111112,0.1684626436781609,0.1004549808429119,0.0319683908045977,0.0330459770114942,0.077705938697318,0.0909961685823754,0.04477969348659,0.0888409961685824,0.1041666666666666,0.2304837164750958,0.0183409754064193,0.117965819091288,0.141725719049604,0.0975406419341392,0.0,0.0,0.0266777824093372,0.039182992913714,0.0616923718215923,0.0641934139224676,0.0658607753230512,0.0954564401834097,0.0,0.145631067961165,0.203883495145631,0.087378640776699,0.0,0.0,0.0194174757281553,0.029126213592233,0.0776699029126213,0.116504854368932,0.087378640776699,0.0388349514563106,0.6712898751733705,0.667128987517337,0.6338418862690708,0.6463245492371705,0.6726768377253814,0.7031900138696257,0.7475728155339805,0.7766990291262137,0.7642163661581137,0.7309292649098476,0.7184466019417476,0.7156726768377254
,,,,,,,,,,,,,,,,,,,,,,,,,,,,,,,,,,,,,,,,,,,,,,,,32,0.374521072796935,0.078544061302682,0.2738266283524905,0.0613026819923371,0.0460967432950191,0.0347222222222222,0.0639367816091954,0.0416666666666666,0.0990181992337165,0.1619971264367816,0.0298132183908046,0.1011733716475096,0.0404335139641517,0.1192163401417257,0.1984160066694456,0.0158399333055439,0.0,0.0025010421008753,0.0258441017090454,0.0091704877032096,0.0721133805752396,0.0395998332638599,0.0,0.0608586911213005,0.0388349514563106,0.1262135922330097,0.2621359223300971,0.0,0.0,0.0,0.0194174757281553,0.0,0.1067961165048543,0.0194174757281553,0.0,0.0485436893203883,0.694868238557559,0.7031900138696257,0.6837725381414702,0.6699029126213593,0.7101248266296811,0.7503467406380028,0.7725381414701804,0.7545076282940362,0.7808599167822469,0.7808599167822469,0.751733703190014,0.737864077669903
,,,,,,,,,,,,,,,,,,,,,,,,,,,,,,,,,,,,,,,,,,,,,,,,32,0.3378831417624521,0.1958812260536399,0.1863026819923372,0.1299090038314176,0.0386733716475095,0.0374760536398467,0.0866858237547893,0.060823754789272,0.0634578544061302,0.0562739463601532,0.4395354406130269,0.0814176245210728,0.0862859524802,0.165068778657774,0.1383909962484368,0.0050020842017507,0.0,0.0033347228011671,0.0187578157565652,0.0166736140058357,0.0229262192580241,0.1696540225093789,0.1000416840350146,0.0266777824093372,0.0970873786407767,0.2135922330097087,0.1650485436893204,0.0,0.0,0.0,0.0194174757281553,0.0,0.029126213592233,0.1359223300970873,0.029126213592233,0.0097087378640776,0.7115117891816921,0.6893203883495147,0.665742024965326,0.7253814147018031,0.7420249653259362,0.753120665742025,0.7697642163661582,0.7780859916782247,0.7822468793342581,0.7503467406380028,0.7309292649098476,0.7212205270457698
,,,,,,,,,,,,,,,,,,,,,,,,,,,,,,,,,,,,,,,,,,,,,,,,32,0.3450670498084291,0.6452346743295021,0.3760775862068966,0.0980603448275862,0.038433908045977,0.036757662835249,0.039272030651341,0.059985632183908,0.0926724137931034,0.1301484674329502,0.124161877394636,0.1373323754789272,0.1413088786994581,0.1263026260942059,0.082534389328887,0.0500208420175073,0.0,0.0,0.0170904543559816,0.0516882034180908,0.0458524385160483,0.0245935806586077,0.0179241350562734,0.1975823259691538,0.1067961165048543,0.1359223300970873,0.1067961165048543,0.0485436893203883,0.0,0.0,0.0,0.0679611650485436,0.0388349514563106,0.029126213592233,0.0097087378640776,0.145631067961165,0.7087378640776699,0.7184466019417476,0.7170596393897366,0.7628294036061027,0.812760055478502,0.8363384188626908,0.825242718446602,0.8640776699029127,0.8848821081830791,0.8613037447988904,0.7753120665742026,0.7669902912621359
,,,,,,,,,,,,,,,,,,,,,,,,,,,,,,,,,,,,,,,,,,,,,,,,32,0.5271791187739465,0.1397270114942529,0.2446120689655173,0.2054597701149426,0.0396312260536398,0.035919540229885,0.0529214559386973,0.0762691570881226,0.1484674329501916,0.1434386973180076,0.2612547892720307,0.4054118773946361,0.0729470612755314,0.1083784910379324,0.0045852438516048,0.1346394330971238,0.0,0.0,0.0,0.0304293455606502,0.129637348895373,0.0996248436848687,0.5744060025010421,0.039182992913714,0.1262135922330097,0.0776699029126213,0.0,0.1650485436893204,0.0,0.0,0.0,0.0194174757281553,0.145631067961165,0.0485436893203883,0.0194174757281553,0.0097087378640776,0.7739251040221914,0.7018030513176144,0.6782246879334259,0.7753120665742025,0.812760055478502,0.8613037447988904,0.9015256588072122,0.9583911234396671,0.9223300970873788,0.9042995839112346,0.8058252427184466,0.7891816920943134
,,,,,,,,,,,,,,,,,,,,,,,,,,,,,,,,,,,,,,,,,,,,,,,,32,0.5739942528735634,0.1910919540229885,0.1830699233716475,0.122485632183908,0.0332854406130268,0.0390325670498084,0.0344827586206896,0.0749521072796935,0.1200909961685824,0.109794061302682,0.4455220306513411,0.7472461685823757,0.1029595664860358,0.1137974155898291,0.1042100875364735,0.0300125052105043,0.0,0.0,0.0,0.0320967069612338,0.0683618174239266,0.0183409754064193,0.6352646936223426,0.0975406419341392,0.1262135922330097,0.145631067961165,0.116504854368932,0.0097087378640776,0.0,0.0,0.0,0.0194174757281553,0.0776699029126213,0.0194174757281553,0.0097087378640776,0.0,0.7711511789181692,0.754507628294036,0.7350901525658807,0.7933425797503468,0.8460471567267684,0.8613037447988904,0.8918169209431346,0.9528432732316228,0.9459084604715674,0.969486823855756,0.839112343966713,0.7669902912621359
,,,,,,,,,,,,,,,,,,,,,,,,,,,,,,,,,,,,,,,,,,,,,,,,32,0.2659243295019157,0.6954022988505748,0.5542385057471266,0.0611829501915708,0.0371168582375478,0.0353208812260536,0.095426245210728,0.0973419540229885,0.0850095785440613,0.0651340996168582,0.1982758620689655,0.2332375478927203,0.2113380575239683,0.1517298874531054,0.047102959566486,0.1075448103376406,0.0029178824510212,0.0,0.0379324718632763,0.0454355981659024,0.0875364735306377,0.0104210087536473,0.0050020842017507,0.1763234681117132,0.2233009708737864,0.116504854368932,0.029126213592233,0.1359223300970873,0.0,0.0,0.0194174757281553,0.029126213592233,0.0194174757281553,0.0194174757281553,0.0485436893203883,0.029126213592233,0.737864077669903,0.7059639389736476,0.6823855755894592,0.7101248266296811,0.7808599167822469,0.8224687933425798,0.8280166435506242,0.8502080443828017,0.926490984743412,0.9167822468793344,0.8085991678224688,0.7198335644937586
,,,,,,,,,,,,,,,,,,,,,,,,,,,,,,,,,,,,,,,,,,,,,,,,32,0.2483237547892721,0.3421934865900384,0.2534722222222222,0.1145833333333333,0.0518438697318007,0.043941570881226,0.0906369731800766,0.1132662835249042,0.063338122605364,0.0726772030651341,0.0948275862068965,0.1429597701149425,0.2613588995414756,0.350145894122551,0.137557315548145,0.0170904543559816,0.0,0.0045852438516048,0.0283451438099208,0.0462692788661942,0.0112546894539391,0.1096290120883701,0.0137557315548145,0.0641934139224676,0.116504854368932,0.4854368932038835,0.1553398058252427,0.0,0.0,0.0,0.0194174757281553,0.029126213592233,0.0097087378640776,0.0485436893203883,0.0,0.058252427184466,0.6934812760055479,0.7212205270457698,0.6823855755894592,0.7142857142857143,0.782246879334258,0.7933425797503468,0.825242718446602,0.8224687933425798,0.825242718446602,0.8058252427184466,0.7711511789181692,0.6934812760055479
,,,,,,,,,,,,,,,,,,,,,,,,,,,,,,,,,,,,,,,,,,,,,,,,32,0.1254789272030651,0.1683429118773946,0.294300766283525,0.0720785440613027,0.0343630268199233,0.0357998084291187,0.0739942528735632,0.0878831417624521,0.0923132183908046,0.0816570881226053,0.0538793103448276,0.1420019157088122,0.0450187578157565,0.0829512296790329,0.2188411838265944,0.0108378491037932,0.0,0.0025010421008753,0.0191746561067111,0.0462692788661942,0.0220925385577323,0.0204251771571488,0.0129220508545227,0.0329303876615256,0.0679611650485436,0.0970873786407767,0.2815533980582524,0.0097087378640776,0.0,0.0,0.0194174757281553,0.0388349514563106,0.0,0.0194174757281553,0.0,0.0485436893203883,0.650485436893204,0.6185852981969487,0.6102635228848822,0.6712898751733705,0.7073509015256588,0.7350901525658807,0.7628294036061027,0.7766990291262137,0.8002773925104023,0.7864077669902914,0.7226074895977809,0.6893203883495147
,,,,,,,,,,,,,,,,,,,,,,,,,,,,,,,,,,,,,,,,,,,,,,,,32,0.1364942528735632,0.0852490421455939,0.5149664750957855,0.116977969348659,0.0348419540229885,0.0355603448275862,0.0786637931034482,0.1100335249042145,0.2679597701149426,0.1123084291187739,0.3946360153256706,0.2247365900383142,0.0512713630679449,0.1367236348478532,0.169237182159233,0.1079616506877865,0.0050020842017507,0.0,0.027511463109629,0.0704460191746561,0.0541892455189662,0.0912880366819508,0.172988745310546,0.050854522717799,0.029126213592233,0.1067961165048543,0.1941747572815534,0.145631067961165,0.0,0.0,0.0194174757281553,0.0679611650485436,0.0485436893203883,0.058252427184466,0.2135922330097087,0.0194174757281553,0.6574202496532595,0.6435506241331486,0.6185852981969487,0.6851595006934814,0.7350901525658807,0.7766990291262137,0.8002773925104023,0.8183079056865465,0.8044382801664356,0.7919556171983356,0.7406380027739252,0.7226074895977809
,,,,,,,,,,,,,,,,,,,,,,,,,,,,,,,,,,,,,,,,,,,,,,,,32,0.0979406130268199,0.1534961685823755,0.2122844827586207,0.0695641762452107,0.0411877394636015,0.0415469348659004,0.043941570881226,0.0791427203065134,0.1481082375478927,0.1185344827586207,0.1575670498084291,0.1126676245210728,0.0854522717799083,0.1096290120883701,0.1037932471863276,0.0958732805335556,0.0,0.0079199666527719,0.027511463109629,0.0596081700708628,0.0287619841600666,0.0404335139641517,0.1075448103376406,0.0458524385160483,0.116504854368932,0.145631067961165,0.116504854368932,0.1262135922330097,0.0,0.0,0.0097087378640776,0.0485436893203883,0.029126213592233,0.0097087378640776,0.1359223300970873,0.0388349514563106,0.6768377253814147,0.650485436893204,0.6588072122052705,0.7059639389736476,0.7434119278779473,0.7725381414701804,0.812760055478502,0.8363384188626908,0.839112343966713,0.8072122052704578,0.7447988904299585,0.7447988904299585
,,,,,,,,,,,,,,,,,,,,,,,,,,,,,,,,,,,,,,,,,,,,,,,,32,0.0772270114942528,0.059147509578544,0.173132183908046,0.1824712643678161,0.0452586206896551,0.0566331417624521,0.0566331417624521,0.1264367816091954,0.1267959770114942,0.1584051724137931,0.1172174329501915,0.1343390804597701,0.0141725719049604,0.2225927469779074,0.0912880366819508,0.1663192997082117,0.0,0.0,0.055022926219258,0.0817007086285952,0.0917048770320967,0.0404335139641517,0.0083368070029178,0.1008753647353063,0.0097087378640776,0.0097087378640776,0.116504854368932,0.233009708737864,0.0,0.0,0.0679611650485436,0.0679611650485436,0.1067961165048543,0.029126213592233,0.0,0.0970873786407767,0.6976421636615812,0.6671289875173371,0.6768377253814147,0.7101248266296811,0.751733703190014,0.7697642163661582,0.8099861303744801,0.8058252427184466,0.8002773925104023,0.7725381414701804,0.739251040221914,0.694868238557559
,,,,,,,,,,,,,,,,,,,,,,,,,,,,,,,,,,,,,,,,,,,,,,,,32,0.1198515325670498,0.2285680076628353,0.3682950191570882,0.0684865900383141,0.0474137931034482,0.046455938697318,0.0812978927203065,0.1987547892720307,0.1380507662835249,0.0450191570881226,0.1109913793103448,0.2636494252873563,0.7674030846185911,0.1696540225093789,0.1892455189662359,0.0108378491037932,0.0,0.0,0.0362651104626927,0.1171321383909962,0.0125052105043768,0.0170904543559816,0.9824927052938724,0.1596498541058774,0.1359223300970873,0.1941747572815534,0.2135922330097087,0.0097087378640776,0.0,0.0,0.0097087378640776,0.1067961165048543,0.0,0.029126213592233,0.0388349514563106,0.0970873786407767,0.6865464632454924,0.6685159500693483,0.6629680998613038,0.7059639389736476,0.7350901525658807,0.7614424410540916,0.8113730929264911,0.812760055478502,0.8044382801664356,0.7988904299583911,0.7558945908460473,0.7309292649098476
,,,,,,,,,,,,,,,,,,,,,,,,,,,,,,,,,,,,,,,,,,,,,,,,32,0.2941810344827587,0.2420977011494253,0.2608955938697319,0.0573515325670498,0.0426245210727969,0.0435823754789272,0.1053639846743295,0.1137452107279693,0.0648946360153256,0.0668103448275862,0.0634578544061302,0.1509818007662835,0.0496040016673614,0.3047102959566486,0.216340141725719,0.0137557315548145,0.0058357649020425,0.0045852438516048,0.0900375156315131,0.0712796998749479,0.0229262192580241,0.0129220508545227,0.0254272613588995,0.1513130471029595,0.087378640776699,0.4271844660194174,0.2524271844660194,0.0,0.0,0.0,0.0776699029126213,0.0388349514563106,0.0097087378640776,0.0,0.0097087378640776,0.029126213592233,0.7031900138696257,0.6851595006934814,0.664355062413315,0.7350901525658807,0.7808599167822469,0.8155339805825242,0.8751733703190013,0.8765603328710125,0.8862690707350903,0.8682385575589459,0.8169209431345353,0.737864077669903
,,,,,,,,,,,,,,,,,,,,,,,,,,,,,,,,,,,,,,,,,,,,,,,,32,0.1789990421455939,0.1336206896551724,0.1969588122605364,0.0589080459770115,0.0469348659003831,0.0593869731800766,0.1142241379310345,0.1094348659003831,0.0771072796934866,0.4213362068965518,0.060823754789272,0.1362547892720306,0.0191746561067111,0.444768653605669,0.1492288453522301,0.011671529804085,0.0,0.0,0.0558566069195498,0.0842017507294706,0.0929553980825343,0.1012922050854522,0.0100041684035014,0.0579408086702792,0.0194174757281553,0.203883495145631,0.1553398058252427,0.0,0.0,0.0,0.0485436893203883,0.0485436893203883,0.0194174757281553,0.0388349514563106,0.0097087378640776,0.0194174757281553,0.6796116504854369,0.6421636615811374,0.6449375866851595,0.6796116504854369,0.7184466019417476,0.7656033287101249,0.8169209431345353,0.8682385575589459,0.8557558945908461,0.7961165048543689,0.7073509015256588,0.651872399445215
,,,,,,,,,,,,,,,,,,,,,,,,,,,,,,,,,,,,,,,,,,,,,,,,32,0.3168103448275862,0.5081417624521073,0.2001915708812261,0.0627394636015325,0.0385536398467432,0.0347222222222222,0.0346024904214559,0.1580459770114943,0.1179358237547893,0.0907567049808429,0.1050047892720306,0.0767480842911877,0.0879533138807836,0.3776573572321801,0.0504376823676531,0.0104210087536473,0.0,0.0,0.0283451438099208,0.0975406419341392,0.1104626927886619,0.0379324718632763,0.0091704877032096,0.0437682367653188,0.058252427184466,0.4174757281553398,0.0194174757281553,0.0,0.0,0.0,0.0097087378640776,0.145631067961165,0.087378640776699,0.0485436893203883,0.0194174757281553,0.0194174757281553,0.6282940360610264,0.6269070735090153,0.6116504854368933,0.6393897364771152,0.7073509015256588,0.739251040221914,0.7586685159500695,0.7766990291262137,0.7753120665742025,0.7572815533980582,0.6893203883495147,0.6255201109570042
,,,,,,,,,,,,,,,,,,,,,,,,,,,,,,,,,,,,,,,,,,,,,,,,32,0.0628591954022988,0.0998563218390804,0.1539750957854406,0.043941570881226,0.0357998084291187,0.0299329501915709,0.0379549808429118,0.1412835249042146,0.0501676245210728,0.04477969348659,0.1247605363984674,0.1567289272030652,0.0741975823259691,0.133805752396832,0.1446436015006252,0.0041684035014589,0.0,0.0050020842017507,0.0541892455189662,0.0821175489787411,0.0521050437682367,0.0091704877032096,0.3968320133388912,0.1363067944977073,0.1067961165048543,0.1553398058252427,0.174757281553398,0.0,0.0,0.0,0.058252427184466,0.058252427184466,0.0679611650485436,0.0097087378640776,0.0970873786407767,0.0970873786407767,0.6144244105409155,0.579750346740638,0.564493758668516,0.6199722607489598,0.7004160887656034,0.7323162274618585,0.7558945908460473,0.7794729542302359,0.8016643550624133,0.7739251040221914,0.7087378640776699,0.6477115117891817
,,,,,,,,,,,,,,,,,,,,,,,,,,,,,,,,,,,,,,,,,,,,,,,,32,0.2344348659003832,0.1560105363984674,0.245330459770115,0.0775862068965517,0.0308908045977011,0.0335249042145593,0.0328065134099616,0.1558908045977012,0.1524185823754789,0.1107519157088122,0.5045498084291189,0.1550526819923371,0.0300125052105043,0.1992496873697374,0.0350145894122551,0.0133388912046686,0.0,0.0,0.0308461859107961,0.082534389328887,0.1342225927469779,0.0608586911213005,0.1275531471446436,0.0733639016256773,0.0097087378640776,0.233009708737864,0.0097087378640776,0.0097087378640776,0.0,0.0,0.0097087378640776,0.087378640776699,0.1262135922330097,0.0194174757281553,0.0970873786407767,0.233009708737864,0.6269070735090153,0.5880721220527046,0.578363384188627,0.6324549237170596,0.694868238557559,0.726768377253814,0.7489597780859918,0.7766990291262137,0.8085991678224688,0.7905686546463246,0.7045769764216366,0.6990291262135921
,,,,,,,,,,,,,,,,,,,,,,,,,,,,,,,,,,,,,,,,,,,,,,,,32,0.2792145593869732,0.1875,0.173132183908046,0.087404214559387,0.0775862068965517,0.0307710727969348,0.0365181992337164,0.1827107279693487,0.1350574712643678,0.1184147509578544,0.045617816091954,0.2265325670498085,0.06294289287203,0.3880783659858274,0.0687786577740725,0.0491871613172155,0.007503126302626,0.0,0.0120883701542309,0.1017090454355981,0.0804501875781575,0.0521050437682367,0.0095873280533555,0.1333889120466861,0.0970873786407767,0.4660194174757281,0.0776699029126213,0.0485436893203883,0.0,0.0,0.0097087378640776,0.087378640776699,0.0776699029126213,0.0776699029126213,0.0097087378640776,0.1067961165048543,0.6588072122052705,0.6324549237170596,0.6047156726768377,0.6879334257975035,0.7656033287101249,0.7753120665742026,0.7947295423023578,0.8418862690707352,0.8363384188626908,0.7961165048543689,0.7669902912621359,0.7364771151178918
,,,,,,,,,,,,,,,,,,,,,,,,,,,,,,,,,,,,,,,,,,,,,,,,32,0.1537356321839081,0.1991139846743295,0.228448275862069,0.0506465517241379,0.0349616858237547,0.0389128352490421,0.0860871647509578,0.0999760536398467,0.1266762452107279,0.0899185823754789,0.155411877394636,0.190852490421456,0.0917048770320967,0.1596498541058774,0.0404335139641517,0.0070862859524802,0.0,0.0129220508545227,0.0425177157148812,0.0646102542726135,0.0091704877032096,0.0808670279283034,0.0370987911629845,0.1300541892455189,0.1067961165048543,0.1941747572815534,0.0194174757281553,0.0,0.0,0.0194174757281553,0.029126213592233,0.029126213592233,0.0,0.087378640776699,0.0388349514563106,0.1067961165048543,0.7198335644937588,0.6934812760055479,0.6796116504854369,0.7142857142857143,0.7545076282940362,0.7877947295423023,0.8224687933425798,0.8488210818307906,0.8834951456310681,0.8238557558945908,0.7572815533980582,0.7198335644937588
,,,,,,,,,,,,,,,,,,,,,,,,,,,,,,,,,,,,,,,,,,,,,,,,32,0.3093869731800767,0.386374521072797,0.4194204980842912,0.0386733716475095,0.0306513409961686,0.0361590038314176,0.0897988505747126,0.0950670498084291,0.0554358237547892,0.1088362068965517,0.5641762452107281,0.1494252873563218,0.2488536890370987,0.2346811171321383,0.1263026260942059,0.0216756982075864,0.0,0.0062526052521884,0.0316798666110879,0.047102959566486,0.0362651104626927,0.019591496456857,0.0850354314297624,0.0362651104626927,0.1262135922330097,0.2524271844660194,0.145631067961165,0.0,0.0,0.0,0.029126213592233,0.0097087378640776,0.0097087378640776,0.0097087378640776,0.116504854368932,0.029126213592233,0.6477115117891817,0.7073509015256588,0.7045769764216366,0.737864077669903,0.7753120665742025,0.8169209431345356,0.8765603328710125,0.8640776699029127,0.840499306518724,0.8058252427184466,0.8002773925104023,0.754507628294036
,,,,,,,,,,,,,,,,,,,,,,,,,,,,,,,,,,,,,,,,,,,,,,,,32,0.1148227969348659,0.1532567049808429,0.2261733716475096,0.038433908045977,0.0329262452107279,0.0298132183908046,0.10727969348659,0.1045258620689655,0.0557950191570881,0.0522030651340996,0.0609434865900383,0.3979885057471264,0.0329303876615256,0.1900791996665277,0.1738224260108378,0.0179241350562734,0.0,0.0,0.0304293455606502,0.050854522717799,0.0225093789078782,0.0166736140058357,0.0170904543559816,0.0225093789078782,0.029126213592233,0.2524271844660194,0.1844660194174757,0.0097087378640776,0.0,0.0,0.0097087378640776,0.029126213592233,0.0,0.0097087378640776,0.0,0.0097087378640776,0.7420249653259362,0.7600554785020804,0.7489597780859918,0.7947295423023578,0.839112343966713,0.8446601941747572,0.8710124826629682,0.8876560332871013,0.8737864077669903,0.8294036061026353,0.7545076282940362,0.7115117891816921
,,,,,,,,,,,,,,,,,,,,,,,,,,,,,,,,,,,,,,,,,,,,,,,,32,0.119492337164751,0.1721743295019157,0.2543103448275862,0.0681273946360153,0.0438218390804597,0.0380747126436781,0.0806992337164751,0.0959051724137931,0.0796216475095785,0.063338122605364,0.3688936781609196,0.1533764367816092,0.1075448103376406,0.2371821592330137,0.0804501875781575,0.0133388912046686,0.0,0.0,0.031263026260942,0.0558566069195498,0.1133805752396832,0.0083368070029178,0.0079199666527719,0.0433513964151729,0.116504854368932,0.2718446601941747,0.0970873786407767,0.0,0.0,0.0,0.0097087378640776,0.058252427184466,0.0194174757281553,0.0097087378640776,0.0,0.0485436893203883,0.6962552011095702,0.6685159500693483,0.6546463245492372,0.7087378640776699,0.7739251040221914,0.8030513176144245,0.7988904299583911,0.8460471567267684,0.823855755894591,0.8446601941747575,0.7877947295423023,0.740638002773925
,,,,,,,,,,,,,,,,,,,,,,,,,,,,,,,,,,,,,,,,,,,,,,,,32,0.2030651340996169,0.1269157088122605,0.1603208812260536,0.0710009578544061,0.0380747126436781,0.0340038314176245,0.0744731800766283,0.1367337164750958,0.1046455938697318,0.4778496168582377,0.0977011494252873,0.2398227969348659,0.1008753647353063,0.5523134639433097,0.1308878699458107,0.0145894122551062,0.0,0.0,0.0283451438099208,0.035431429762401,0.1913297207169654,0.0191746561067111,0.8461859107961651,0.2734472696957065,0.1067961165048543,0.1262135922330097,0.145631067961165,0.0,0.0,0.0,0.0097087378640776,0.029126213592233,0.145631067961165,0.0097087378640776,0.0,0.0388349514563106,0.7087378640776699,0.6726768377253814,0.650485436893204,0.6823855755894592,0.7420249653259362,0.7794729542302359,0.7850208044382802,0.8058252427184466,0.840499306518724,0.8155339805825242,0.7739251040221914,0.7253814147018031
,,,,,,,,,,,,,,,,,,,,,,,,,,,,,,,,,,,,,,,,,,,,,,,,32,0.2810105363984674,0.2482040229885057,0.1422413793103448,0.0658524904214559,0.0341235632183908,0.0352011494252873,0.0331657088122605,0.0607040229885057,0.1062021072796935,0.0817768199233716,0.0812978927203065,0.5334051724137933,0.0375156315131304,0.2180075031263026,0.0837849103793247,0.0137557315548145,0.0,0.0,0.0183409754064193,0.0187578157565652,0.0441850771154647,0.0170904543559816,0.0400166736140058,0.3905794080867028,0.0679611650485436,0.2427184466019417,0.087378640776699,0.0,0.0,0.0,0.0,0.0194174757281553,0.0388349514563106,0.0,0.0097087378640776,0.0194174757281553,0.6851595006934812,0.6449375866851595,0.6352288488210819,0.6449375866851595,0.6837725381414702,0.7739251040221914,0.839112343966713,0.8585298196948684,0.840499306518724,0.837725381414702,0.7309292649098476,0.6851595006934814
,,,,,,,,,,,,,,,,,,,,,,,,,,,,,,,,,,,,,,,,,,,,,,,,32,0.614822796934866,0.1271551724137931,0.1549329501915709,0.0656130268199233,0.0411877394636015,0.0531609195402299,0.0411877394636015,0.1103927203065134,0.1323036398467433,0.2310823754789272,0.1379310344827586,0.3394396551724138,0.5452271779908295,0.1621508962067528,0.2017507294706127,0.0091704877032096,0.0,0.0,0.0,0.066694456023343,0.117965819091288,0.2980408503543143,0.0766986244268445,0.1604835348061692,0.0388349514563106,0.233009708737864,0.233009708737864,0.0,0.0,0.0,0.0,0.0485436893203883,0.0970873786407767,0.2621359223300971,0.116504854368932,0.0970873786407767,0.6421636615811374,0.6158113730929267,0.6047156726768377,0.651872399445215,0.7004160887656034,0.8002773925104023,0.7877947295423023,0.7864077669902914,0.8183079056865465,0.8099861303744801,0.7503467406380028,0.6907073509015257
,,,,,,,,,,,,,,,,,,,,,,,,,,,,,,,,,,,,,,,,,,,,,,,,32,0.5513649425287358,0.1307471264367816,0.1261973180076628,0.0474137931034482,0.0477729885057471,0.0438218390804597,0.0814176245210728,0.0877634099616858,0.0657327586206896,0.0499281609195402,0.0504070881226053,0.1574473180076628,0.0383493122134222,0.1012922050854522,0.1333889120466861,0.0,0.0,0.0,0.0375156315131304,0.0283451438099208,0.0437682367653188,0.0045852438516048,0.0454355981659024,0.4747811588161734,0.0485436893203883,0.116504854368932,0.116504854368932,0.0,0.0,0.0,0.0194174757281553,0.0194174757281553,0.029126213592233,0.0,0.0097087378640776,0.0679611650485436,0.6726768377253814,0.6449375866851595,0.6227461858529821,0.651872399445215,0.7142857142857143,0.8072122052704578,0.8432732316227463,0.8446601941747575,0.823855755894591,0.8141470180305133,0.753120665742025,0.7337031900138695
,,,,,,,,,,,,,,,,,,,,,,,,,,,,,,,,,,,,,,,,,,,,,,,,32,0.448036398467433,0.136853448275862,0.2073754789272031,0.0615421455938697,0.0385536398467432,0.0355603448275862,0.0644157088122605,0.1265565134099617,0.0578304597701149,0.068845785440613,0.0505268199233716,0.1301484674329502,0.1017090454355981,0.1575656523551479,0.1037932471863276,0.074614422676115,0.0,0.0,0.031263026260942,0.0500208420175073,0.0066694456023343,0.0058357649020425,0.0120883701542309,0.0333472280116715,0.087378640776699,0.1553398058252427,0.1262135922330097,0.0485436893203883,0.0,0.0,0.0194174757281553,0.0388349514563106,0.0,0.0,0.0,0.0194174757281553,0.6851595006934814,0.6629680998613038,0.6477115117891817,0.7142857142857143,0.7822468793342581,0.8294036061026353,0.8626907073509016,0.8696255201109571,0.8765603328710125,0.8543689320388349,0.8002773925104023,0.7350901525658807
,,,,,,,,,,,,,,,,,,,,,,,,,,,,,,,,,,,,,,,,,,,,,,,,32,0.1319444444444444,0.1301484674329502,0.1740900383141763,0.0747126436781609,0.0531609195402299,0.0501676245210728,0.0795019157088122,0.1254789272030651,0.0320881226053639,0.0398706896551724,0.0507662835249042,0.1129070881226053,0.106294289287203,0.0796165068778657,0.1329720716965402,0.0041684035014589,0.0,0.0025010421008753,0.0158399333055439,0.0475197999166319,0.0,0.0145894122551062,0.0279283034597749,0.0287619841600666,0.116504854368932,0.0679611650485436,0.1553398058252427,0.0,0.0,0.0,0.0097087378640776,0.0388349514563106,0.0,0.0,0.0,0.0097087378640776,0.6879334257975035,0.6546463245492372,0.6324549237170596,0.7059639389736476,0.7877947295423023,0.8196948682385575,0.8529819694868239,0.8779472954230236,0.840499306518724,0.8474341192787794,0.7836338418862692,0.7239944521497921
,,,,,,,,,,,,,,,,,,,,,,,,,,,,,,,,,,,,,,,,,,,,,,,,32,0.2996886973180077,0.1493055555555556,0.3984674329501916,0.0684865900383141,0.0343630268199233,0.0414272030651341,0.0669300766283525,0.0811781609195402,0.0411877394636015,0.0405890804597701,0.1830699233716475,0.3330938697318008,0.1104626927886619,0.1121300541892455,0.1413088786994581,0.0158399333055439,0.0,0.0041684035014589,0.0166736140058357,0.035431429762401,0.0054189245518966,0.0025010421008753,0.0366819508128386,0.0337640683618174,0.0776699029126213,0.1359223300970873,0.1553398058252427,0.0,0.0,0.0,0.0097087378640776,0.0194174757281553,0.0,0.0097087378640776,0.0097087378640776,0.0097087378640776,0.6699029126213593,0.6269070735090153,0.6130374479889044,0.667128987517337,0.7586685159500695,0.8099861303744799,0.8557558945908461,0.8654646324549237,0.8682385575589459,0.8349514563106797,0.7836338418862692,0.7503467406380028
,,,,,,,,,,,,,,,,,,,,,,,,,,,,,,,,,,,,,,,,,,,,,,,,32,0.1251197318007663,0.105603448275862,0.189176245210728,0.114463601532567,0.0432231800766283,0.0404693486590038,0.0971024904214559,0.1139846743295019,0.1445162835249042,0.1364942528735632,0.051963601532567,0.4903017241379311,0.0341809087119633,0.1642350979574822,0.1046269278866194,0.0812838682784493,0.0,0.0,0.0187578157565652,0.0679449770737807,0.1513130471029595,0.0025010421008753,0.0245935806586077,0.1946644435181325,0.058252427184466,0.1844660194174757,0.1067961165048543,0.087378640776699,0.0,0.0,0.0097087378640776,0.058252427184466,0.058252427184466,0.0,0.0194174757281553,0.0970873786407767,0.6879334257975035,0.664355062413315,0.6477115117891817,0.7364771151178918,0.7725381414701804,0.7975034674063801,0.8085991678224688,0.8418862690707352,0.840499306518724,0.8183079056865465,0.7753120665742025,0.7558945908460473
,,,,,,,,,,,,,,,,,,,,,,,,,,,,,,,,,,,,,,,,,,,,,,,,32,0.1011733716475096,0.0602250957854406,0.2199473180076629,0.119492337164751,0.0302921455938697,0.0341235632183908,0.0326867816091954,0.055316091954023,0.087404214559387,0.0308908045977011,0.0574712643678161,0.0526819923371647,0.110045852438516,0.1292205085452271,0.0,0.074614422676115,0.0,0.0,0.015423092955398,0.0329303876615256,0.0575239683201333,0.0033347228011671,0.0083368070029178,0.0166736140058357,0.087378640776699,0.1262135922330097,0.0,0.0776699029126213,0.0,0.0,0.0,0.0097087378640776,0.058252427184466,0.0,0.0,0.0,0.7212205270457698,0.6962552011095702,0.6754507628294038,0.694868238557559,0.7323162274618585,0.7656033287101249,0.7877947295423023,0.8099861303744801,0.8113730929264911,0.8099861303744799,0.768377253814147,0.7059639389736478
,,,,,,,,,,,,,,,,,,,,,,,,,,,,,,,,,,,,,,,,,,,,,,,,32,0.0426245210727969,0.0731561302681992,0.3909243295019157,0.1760057471264368,0.0323275862068965,0.0352011494252873,0.0322078544061302,0.0545977011494253,0.0366379310344827,0.0676484674329502,0.2725095785440614,0.2823275862068966,0.0187578157565652,0.172988745310546,0.2088370154230929,0.011671529804085,0.0,0.0,0.0,0.0200083368070029,0.0279283034597749,0.0791996665277198,0.1192163401417257,0.1317215506461025,0.0194174757281553,0.0679611650485436,0.1941747572815534,0.0,0.0,0.0,0.0,0.0097087378640776,0.0194174757281553,0.0776699029126213,0.0485436893203883,0.0679611650485436,0.7031900138696257,0.6421636615811374,0.6282940360610264,0.7018030513176144,0.7545076282940362,0.7725381414701804,0.7975034674063801,0.7988904299583911,0.8058252427184466,0.8072122052704578,0.7572815533980582,0.7101248266296811
,,,,,,,,,,,,,,,,,,,,,,,,,,,,,,,,,,,,,,,,,,,,,,,,32,0.5456178160919541,0.5305316091954024,0.2558668582375479,0.0919540229885057,0.034243295019157,0.0368773946360153,0.0323275862068965,0.1252394636015325,0.1755268199233717,0.1799568965517241,0.0932710727969348,0.1901340996168583,0.1629845769070446,0.1704877032096707,0.0862859524802,0.0091704877032096,0.0029178824510212,0.0,0.0,0.0571071279699874,0.1500625260525218,0.2350979574822843,0.015423092955398,0.1542309295539808,0.145631067961165,0.1941747572815534,0.0970873786407767,0.0,0.0,0.0,0.0,0.0485436893203883,0.0485436893203883,0.058252427184466,0.0194174757281553,0.116504854368932,0.6920943134535367,0.6629680998613038,0.6463245492371706,0.6851595006934814,0.7447988904299585,0.7572815533980582,0.7961165048543689,0.825242718446602,0.8474341192787794,0.8335644937586685,0.751733703190014,0.7170596393897366
,,,,,,,,,,,,,,,,,,,,,,,,,,,,,,,,,,,,,,,,,,,,,,,,32,0.1818726053639847,0.2102490421455939,0.1884578544061303,0.0555555555555555,0.0450191570881226,0.0389128352490421,0.0682471264367816,0.0950670498084291,0.0749521072796935,0.0611829501915708,0.0460967432950191,0.1003352490421456,0.0441850771154647,0.1946644435181325,0.082534389328887,0.0137557315548145,0.0029178824510212,0.0,0.027511463109629,0.0408503543142976,0.0921217173822426,0.0191746561067111,0.0258441017090454,0.0337640683618174,0.0970873786407767,0.203883495145631,0.087378640776699,0.0,0.0,0.0,0.0194174757281553,0.0194174757281553,0.0194174757281553,0.029126213592233,0.0097087378640776,0.029126213592233,0.7226074895977809,0.6560332871012483,0.6546463245492372,0.7059639389736478,0.7794729542302359,0.8141470180305133,0.8155339805825242,0.8474341192787794,0.8418862690707352,0.8280166435506242,0.7337031900138697,0.7156726768377254
,,,,,,,,,,,,,,,,,,,,,,,,,,,,,,,,,,,,,,,,,,,,,,,,32,0.136374521072797,0.2711925287356322,0.2755028735632184,0.0619013409961686,0.0377155172413793,0.0361590038314176,0.0781848659003831,0.0883620689655172,0.0257423371647509,0.0208333333333333,0.0398706896551724,0.0871647509578544,0.1625677365568987,0.4001667361400584,0.1242184243434764,0.0137557315548145,0.0,0.0,0.0241767403084618,0.0583576490204251,0.0,0.0,0.0,0.0129220508545227,0.1650485436893204,0.1941747572815534,0.1262135922330097,0.0,0.0,0.0,0.0194174757281553,0.029126213592233,0.0,0.0,0.0,0.0097087378640776,0.7004160887656034,0.6796116504854369,0.650485436893204,0.7059639389736478,0.7739251040221914,0.8016643550624133,0.7988904299583911,0.839112343966713,0.8737864077669903,0.8030513176144245,0.7766990291262137,0.7656033287101249
,,,,,,,,,,,,,,,,,,,,,,,,,,,,,,,,,,,,,,,,,,,,,,,,32,0.0858477011494253,0.0440613026819923,0.3844588122605365,0.0714798850574712,0.0253831417624521,0.0231082375478927,0.0844109195402298,0.0281369731800766,0.0251436781609195,0.023227969348659,0.0222701149425287,0.0378352490421455,0.0287619841600666,0.0571071279699874,0.0729470612755314,0.0066694456023343,0.0,0.0,0.0179241350562734,0.0,0.0,0.0,0.0,0.015423092955398,0.0194174757281553,0.0679611650485436,0.0194174757281553,0.0097087378640776,0.0,0.0,0.0097087378640776,0.0,0.0,0.0,0.0,0.0097087378640776,0.754507628294036,0.7253814147018031,0.6629680998613038,0.6671289875173371,0.7267683772538143,0.782246879334258,0.8155339805825242,0.8196948682385575,0.7947295423023578,0.7447988904299585,0.7170596393897366,0.7045769764216366
,,,,,,,,,,,,,,,,,,,,,,,,,,,,,,,,,,,,,,,,,,,,,,,,32,0.2775383141762452,0.3162116858237548,0.213242337164751,0.0298132183908046,0.0337643678160919,0.0296934865900383,0.1270354406130268,0.4349856321839081,0.2598180076628353,0.0841714559386973,0.3797892720306514,0.2671216475095786,0.1313047102959566,0.1617340558566069,0.1517298874531054,0.0,0.0,0.0,0.031263026260942,0.0533555648186744,0.031263026260942,0.0892038349312213,0.0158399333055439,0.0616923718215923,0.1553398058252427,0.2427184466019417,0.1844660194174757,0.0388349514563106,0.029126213592233,0.029126213592233,0.058252427184466,0.087378640776699,0.029126213592233,0.0776699029126213,0.029126213592233,0.0776699029126213,0.5242718446601942,0.5159500693481277,0.5034674063800277,0.4965325936199722,0.4965325936199722,0.5464632454923718,0.6019417475728157,0.5617198335644938,0.5145631067961165,0.5006934812760057,0.479889042995839,0.479889042995839
,,,,,,,,,,,,,,,,,,,,,,,,,,,,,,,,,,,,,,,,,,,,,,,,32,0.1520593869731801,0.2397030651340997,0.2504789272030652,0.0711206896551724,0.0288553639846743,0.0281369731800766,0.0887212643678161,0.4161877394636016,0.1466714559386973,0.172294061302682,0.1579262452107279,0.2879549808429119,0.0237598999583159,0.0883701542309295,0.2017507294706127,0.0137557315548145,0.0,0.0,0.031263026260942,0.0475197999166319,0.0158399333055439,0.0,0.0200083368070029,0.0379324718632763,0.0776699029126213,0.145631067961165,0.2815533980582524,0.0388349514563106,0.029126213592233,0.029126213592233,0.058252427184466,0.0776699029126213,0.0388349514563106,0.029126213592233,0.0970873786407767,0.058252427184466,0.4826629680998613,0.4715672676837725,0.4715672676837725,0.4757281553398058,0.4826629680998613,0.4854368932038835,0.4882108183079057,0.492371705963939,0.5159500693481277,0.5076282940360611,0.4826629680998613,0.4521497919556173
,,,,,,,,,,,,,,,,,,,,,,,,,,,,,,,,,,,,,,,,,,,,,,,,32,0.1967193486590039,0.1537356321839081,0.4055316091954024,0.0505268199233716,0.0356800766283524,0.0283764367816092,0.0859674329501916,0.2144396551724138,0.2222222222222223,0.1265565134099617,0.0549568965517241,0.0923132183908046,0.0070862859524802,0.2471863276365152,0.0204251771571488,0.0141725719049604,0.0,0.0,0.0300125052105043,0.1037932471863276,0.0379324718632763,0.0150062526052521,0.0150062526052521,0.0562734472696957,0.0388349514563106,0.3689320388349514,0.0388349514563106,0.029126213592233,0.0388349514563106,0.029126213592233,0.0970873786407767,0.4174757281553398,0.0776699029126213,0.058252427184466,0.029126213592233,0.087378640776699,0.4174757281553398,0.3883495145631068,0.3703190013869625,0.3786407766990292,0.4895977808599168,0.549237170596394,0.5561719833564494,0.5561719833564495,0.5409153952843274,0.5117891816920944,0.4840499306518725,0.4396671289875173
,,,,,,,,,,,,,,,,,,,,,,,,,,,,,,,,,,,,,,,,,,,,,,,,32,0.2672413793103449,0.2951388888888889,0.2323994252873564,0.0585488505747126,0.0281369731800766,0.0225095785440613,0.1612787356321839,0.1487068965517241,0.0596264367816092,0.029573754789272,0.0263409961685823,0.0622605363984674,0.1521467278032513,0.1133805752396832,0.1175489787411421,0.0108378491037932,0.0,0.0,0.027511463109629,0.0625260525218841,0.0166736140058357,0.0120883701542309,0.0316798666110879,0.070862859524802,0.2233009708737864,0.1553398058252427,0.1650485436893204,0.029126213592233,0.029126213592233,0.0388349514563106,0.087378640776699,0.3689320388349514,0.058252427184466,0.0776699029126213,0.0679611650485436,0.1262135922330097,0.4396671289875173,0.4257975034674064,0.4188626907073509,0.4216366158113732,0.4868238557558946,0.5742024965325937,0.6005547850208044,0.5700416088765604,0.5575589459084606,0.5520110957004161,0.5589459084604715,0.5478502080443829
,,,,,,,,,,,,,,,,,,,,,,,,,,,,,,,,,,,,,,,,,,,,,,,,32,0.3273467432950192,0.2507183908045978,0.3253113026819924,0.0284961685823754,0.0228687739463601,0.0256226053639846,0.0256226053639846,0.1087164750957854,0.6398467432950193,0.10727969348659,0.3896072796934867,0.05830938697318,0.1775739891621509,0.1583993330554397,0.0441850771154647,0.0058357649020425,0.0,0.0,0.0166736140058357,0.0829512296790329,0.0958732805335556,0.0837849103793247,0.0712796998749479,0.0287619841600666,0.2718446601941747,0.2135922330097087,0.087378640776699,0.029126213592233,0.0388349514563106,0.029126213592233,0.029126213592233,0.0679611650485436,0.1067961165048543,0.0679611650485436,0.1262135922330097,0.058252427184466,0.5714285714285715,0.5769764216366158,0.5700416088765604,0.5742024965325937,0.6005547850208044,0.6380027739251041,0.6768377253814147,0.6907073509015257,0.664355062413315,0.6185852981969486,0.5852981969486825,0.5450762829403606
,,,,,,,,,,,,,,,,,,,,,,,,,,,,,,,,,,,,,,,,,,,,,,,,32,0.2693965517241379,0.314176245210728,0.2946599616858238,0.1041666666666666,0.0318486590038314,0.0296934865900383,0.0302921455938697,0.0852490421455939,0.1561302681992337,0.0669300766283525,0.2502394636015326,0.1989942528735632,0.2109212171738224,0.0783659858274281,0.1709045435598166,0.0571071279699874,0.0,0.0058357649020425,0.0,0.0425177157148812,0.1192163401417257,0.0200083368070029,0.0379324718632763,0.110045852438516,0.3592233009708738,0.145631067961165,0.2621359223300971,0.0776699029126213,0.0388349514563106,0.029126213592233,0.029126213592233,0.087378640776699,0.1067961165048543,0.0388349514563106,0.0485436893203883,0.1262135922330097,0.5367545076282941,0.4993065187239945,0.4993065187239945,0.5006934812760057,0.6144244105409155,0.6380027739251041,0.7753120665742025,0.6879334257975035,0.7434119278779473,0.651872399445215,0.6532593619972261,0.6158113730929267
,,,,,,,,,,,,,,,,,,,,,,,,,,,,,,,,,,,,,,,,,,,,,,,,32,0.3401580459770116,0.3362068965517242,0.3329741379310345,0.060823754789272,0.0387931034482758,0.0480124521072796,0.0977011494252873,0.1546934865900383,0.0638170498084291,0.0458572796934865,0.1567289272030652,0.1058429118773946,0.0975406419341392,0.1508962067528136,0.1175489787411421,0.015423092955398,0.0,0.0,0.0316798666110879,0.0337640683618174,0.0316798666110879,0.0125052105043768,0.0050020842017507,0.0729470612755314,0.203883495145631,0.2233009708737864,0.1941747572815534,0.029126213592233,0.029126213592233,0.0388349514563106,0.0485436893203883,0.087378640776699,0.0388349514563106,0.0388349514563106,0.0388349514563106,0.0485436893203883,0.579750346740638,0.5825242718446603,0.5714285714285715,0.5779010633379567,0.5843735552473417,0.5908460471567268,0.597318539066112,0.603791030975497,0.6102635228848822,0.5950069348127602,0.578363384188627,0.5520110957004161
,,,,,,,,,,,,,,,,,,,,,,,,,,,,,,,,,,,,,,,,,,,,,,,,32,0.3875718390804598,0.4458812260536399,0.2338362068965518,0.0496886973180076,0.0421455938697318,0.0250239463601532,0.1117097701149425,0.2158764367816092,0.0738745210727969,0.1320641762452107,0.0862068965517241,0.2080938697318008,0.1959149645685702,0.1750729470612755,0.0479366402667778,0.0104210087536473,0.0025010421008753,0.0,0.0300125052105043,0.0775323051271363,0.0612755314714464,0.0070862859524802,0.0400166736140058,0.0358482701125469,0.3009708737864077,0.2718446601941747,0.087378640776699,0.0388349514563106,0.029126213592233,0.029126213592233,0.0485436893203883,0.1359223300970873,0.1262135922330097,0.087378640776699,0.058252427184466,0.0485436893203883,0.5381414701803051,0.5256588072122054,0.5228848821081832,0.5298196948682387,0.5506241331484051,0.5991678224687934,0.6005547850208044,0.6061026352288489,0.5825242718446603,0.5325936199722608,0.507628294036061,0.4576976421636616
,,,,,,,,,,,,,,,,,,,,,,,,,,,,,,,,,,,,,,,,,,,,,,,,32,0.270234674329502,0.3521312260536399,0.1962404214559387,0.0630986590038314,0.0265804597701149,0.0275383141762452,0.1147030651340996,0.1273946360153257,0.0723180076628352,0.0404693486590038,0.106441570881226,0.1755268199233717,0.0516882034180908,0.1583993330554397,0.1271363067944977,0.0070862859524802,0.0,0.0,0.0366819508128386,0.0329303876615256,0.0045852438516048,0.0179241350562734,0.0091704877032096,0.0412671946644435,0.087378640776699,0.233009708737864,0.203883495145631,0.029126213592233,0.029126213592233,0.0388349514563106,0.087378640776699,0.2233009708737864,0.029126213592233,0.058252427184466,0.0388349514563106,0.058252427184466,0.4271844660194175,0.3897364771151179,0.3883495145631068,0.420249653259362,0.4826629680998613,0.5603328710124827,0.6033287101248267,0.6185852981969487,0.5700416088765603,0.5395284327323163,0.5395284327323163,0.5284327323162276
,,,,,,,,,,,,,,,,,,,,,,,,,,,,,,,,,,,,,,,,,,,,,,,,32,0.3875718390804598,0.1927681992337165,0.2544300766283525,0.0665708812260536,0.0257423371647509,0.0271791187739463,0.0567528735632184,0.2479645593869732,0.1381704980842912,0.0452586206896551,0.0510057471264367,0.0435823754789272,0.1204668611921634,0.2130054189245519,0.0962901208837015,0.0166736140058357,0.0,0.0,0.0150062526052521,0.0341809087119633,0.070862859524802,0.0,0.0129220508545227,0.0062526052521884,0.1844660194174757,0.3009708737864077,0.1650485436893204,0.0388349514563106,0.029126213592233,0.0388349514563106,0.029126213592233,0.0970873786407767,0.1067961165048543,0.029126213592233,0.029126213592233,0.0388349514563106,0.4798890429958392,0.5062413314840499,0.5090152565880722,0.490984743411928,0.5436893203883496,0.5672676837725382,0.5977808599167823,0.579750346740638,0.5603328710124827,0.4979195561719834,0.4674063800277393,0.4410540915395284
,,,,,,,,,,,,,,,,,,,,,,,,,,,,,,,,,,,,,,,,,,,,,,,,32,0.2413793103448276,0.3759578544061303,0.4204980842911878,0.0767480842911877,0.0261015325670498,0.0250239463601532,0.0664511494252873,0.3468630268199235,0.2053400383141763,0.2916666666666667,0.2119252873563218,0.0259818007662835,0.0375156315131304,0.1442267611504793,0.1859107961650687,0.0175072947061275,0.0,0.0050020842017507,0.011671529804085,0.1029595664860358,0.0975406419341392,0.0533555648186744,0.0925385577323884,0.0158399333055439,0.1067961165048543,0.1359223300970873,0.2912621359223301,0.029126213592233,0.0388349514563106,0.029126213592233,0.0388349514563106,0.1553398058252427,0.0679611650485436,0.1067961165048543,0.1262135922330097,0.0388349514563106,0.4271844660194175,0.4105409153952843,0.3814147018030513,0.4133148404993065,0.4951456310679612,0.5270457697642164,0.5284327323162276,0.5353675450762829,0.5298196948682387,0.5104022191400832,0.4937586685159501,0.4687933425797503
,,,,,,,,,,,,,,,,,,,,,,,,,,,,,,,,,,,,,,,,,,,,,,,,32,0.0545977011494253,0.2629310344827587,0.1647509578544062,0.0432231800766283,0.0417863984674329,0.0238266283524904,0.023227969348659,0.3529693486590038,0.055316091954023,0.0379549808429118,0.0796216475095785,0.3450670498084291,0.0375156315131304,0.0787828261775739,0.1567319716548562,0.0120883701542309,0.0,0.0,0.011671529804085,0.0129220508545227,0.0375156315131304,0.0191746561067111,0.1137974155898291,0.0333472280116715,0.0679611650485436,0.203883495145631,0.2524271844660194,0.0388349514563106,0.029126213592233,0.029126213592233,0.0388349514563106,0.029126213592233,0.0776699029126213,0.0485436893203883,0.1941747572815534,0.0679611650485436,0.4757281553398058,0.4674063800277393,0.4452149791955618,0.4160887656033287,0.5117891816920944,0.5561719833564495,0.5755894590846048,0.5631067961165048,0.5478502080443829,0.5312066574202496,0.477115117891817,0.4299583911234397
,,,,,,,,,,,,,,,,,,,,,,,,,,,,,,,,,,,,,,,,,,,,,,,,32,0.1400862068965517,0.2600574712643679,0.1876197318007663,0.0779454022988505,0.0250239463601532,0.0283764367816092,0.0205938697318007,0.0466954022988505,0.2893917624521073,0.0306513409961686,0.0377155172413793,0.0714798850574712,0.0250104210087536,0.1575656523551479,0.0950395998332638,0.0166736140058357,0.0,0.0029178824510212,0.0,0.0320967069612338,0.0858691121300541,0.0,0.0329303876615256,0.0133388912046686,0.087378640776699,0.1844660194174757,0.174757281553398,0.029126213592233,0.0388349514563106,0.029126213592233,0.0485436893203883,0.4757281553398058,0.1359223300970873,0.029126213592233,0.0388349514563106,0.0679611650485436,0.4119278779472954,0.3689320388349515,0.3689320388349515,0.4036061026352289,0.4812760055478502,0.5506241331484051,0.5714285714285715,0.5728155339805825,0.5450762829403606,0.4826629680998613,0.4549237170596394,0.4313453536754508
,,,,,,,,,,,,,,,,,,,,,,,,,,,,,,,,,,,,,,,,,,,,,,,,32,0.1764846743295019,0.1198515325670498,0.1509818007662835,0.0466954022988505,0.0365181992337164,0.0235871647509578,0.0234674329501915,0.0601053639846743,0.0505268199233716,0.0395114942528735,0.043941570881226,0.2904693486590039,0.0433513964151729,0.2380158399333055,0.0054189245518966,0.0083368070029178,0.0,0.0050020842017507,0.0,0.0350145894122551,0.1233847436431846,0.0170904543559816,0.035431429762401,0.0200083368070029,0.087378640776699,0.4077669902912621,0.029126213592233,0.0388349514563106,0.029126213592233,0.029126213592233,0.0388349514563106,0.4466019417475728,0.087378640776699,0.0388349514563106,0.058252427184466,0.0485436893203883,0.4022191400832178,0.3883495145631068,0.3800277392510403,0.377253814147018,0.4840499306518725,0.5492371705963939,0.5672676837725382,0.5769764216366158,0.5533980582524273,0.4993065187239945,0.4660194174757281,0.4549237170596394
,,,,,,,,,,,,,,,,,,,,,,,,,,,,,,,,,,,,,,,,,,,,,,,,32,0.2538314176245211,0.5478927203065136,0.6454741379310346,0.0393917624521072,0.0348419540229885,0.0267001915708812,0.1149425287356322,0.3129789272030652,0.0636973180076628,0.0644157088122605,0.0435823754789272,0.0973419540229885,0.0987911629845769,0.2997082117548978,0.1012922050854522,0.0095873280533555,0.0,0.0,0.0304293455606502,0.0437682367653188,0.0041684035014589,0.015423092955398,0.0158399333055439,0.0600250104210087,0.1359223300970873,0.3300970873786408,0.1650485436893204,0.029126213592233,0.0388349514563106,0.029126213592233,0.0485436893203883,0.0485436893203883,0.0388349514563106,0.0679611650485436,0.0388349514563106,0.1067961165048543,0.4244105409153953,0.4396671289875174,0.4216366158113731,0.4216366158113731,0.4576976421636616,0.5048543689320389,0.5436893203883496,0.5547850208044384,0.5367545076282941,0.5214979195561721,0.479889042995839,0.4327323162274619
,,,,,,,,,,,,,,,,,,,,,,,,,,,,,,,,,,,,,,,,,,,,,,,,32,0.2978927203065135,0.3920019157088123,0.2650862068965517,0.0459770114942528,0.0371168582375478,0.0310105363984674,0.122485632183908,0.290948275862069,0.0475335249042145,0.0562739463601532,0.0886015325670498,0.2286877394636016,0.0800333472280116,0.2013338891204668,0.1117132138390996,0.0095873280533555,0.0,0.0,0.0416840350145894,0.0416840350145894,0.0041684035014589,0.0079199666527719,0.0358482701125469,0.0383493122134222,0.1359223300970873,0.3106796116504854,0.1941747572815534,0.029126213592233,0.0388349514563106,0.029126213592233,0.0485436893203883,0.058252427184466,0.029126213592233,0.087378640776699,0.058252427184466,0.0679611650485436,0.3925104022191401,0.4535367545076283,0.4895977808599168,0.4840499306518725,0.5242718446601942,0.5589459084604715,0.5728155339805825,0.5742024965325937,0.5520110957004161,0.5270457697642164,0.5062413314840499,0.4604715672676838
,,,,,,,,,,,,,,,,,,,,,,,,,,,,,,,,,,,,,,,,,,,,,,,,32,0.1126676245210728,0.2156369731800766,0.2288074712643678,0.0529214559386973,0.0677681992337164,0.0463362068965517,0.1030890804597701,0.1744492337164751,0.4360632183908047,0.2737068965517242,0.0381944444444444,0.0765086206896551,0.0208420175072947,0.3393080450187578,0.0258441017090454,0.0112546894539391,0.0,0.0,0.0325135473113797,0.0533555648186744,0.2234264276781992,0.0404335139641517,0.0125052105043768,0.011671529804085,0.0485436893203883,0.5145631067961165,0.0485436893203883,0.0388349514563106,0.029126213592233,0.029126213592233,0.0970873786407767,0.3980582524271844,0.2524271844660194,0.0388349514563106,0.029126213592233,0.0485436893203883,0.4285714285714286,0.4119278779472954,0.3828016643550624,0.4008321775312066,0.4549237170596394,0.4965325936199722,0.5381414701803051,0.5090152565880722,0.4979195561719834,0.492371705963939,0.4826629680998613,0.4729542302357837
,,,,,,,,,,,,,,,,,,,,,,,,,,,,,,,,,,,,,,,,,,,,,,,,32,0.1985153256704981,0.4566570881226054,0.2832854406130269,0.0487308429118773,0.0409482758620689,0.0283764367816092,0.119492337164751,0.3122605363984675,0.0189176245210728,0.0353208812260536,0.0505268199233716,0.1148227969348659,0.0750312630262609,0.2038349312213422,0.2117548978741142,0.0220925385577323,0.0,0.0,0.0362651104626927,0.0375156315131304,0.0,0.011671529804085,0.0108378491037932,0.0996248436848687,0.1650485436893204,0.3495145631067961,0.3203883495145631,0.029126213592233,0.029126213592233,0.0388349514563106,0.0485436893203883,0.087378640776699,0.029126213592233,0.0388349514563106,0.029126213592233,0.087378640776699,0.449375866851595,0.4466019417475729,0.4230235783633842,0.4160887656033287,0.4271844660194175,0.4452149791955618,0.4729542302357837,0.479889042995839,0.4729542302357837,0.4674063800277393,0.4618585298196949,0.4590846047156727
,,,,,,,,,,,,,,,,,,,,,,,,,,,,,,,,,,,,,,,,,,,,,,,,32,0.503352490421456,0.3392001915708813,0.1877394636015326,0.0858477011494253,0.0362787356321839,0.027897509578544,0.0288553639846743,0.2898706896551725,0.1515804597701149,0.2171934865900383,0.2480842911877395,0.3271072796934867,0.0170904543559816,0.055022926219258,0.1142142559399749,0.0804501875781575,0.0,0.0062526052521884,0.011671529804085,0.0083368070029178,0.0458524385160483,0.0120883701542309,0.0496040016673614,0.0316798666110879,0.0485436893203883,0.0970873786407767,0.174757281553398,0.1262135922330097,0.029126213592233,0.0388349514563106,0.029126213592233,0.0388349514563106,0.0970873786407767,0.029126213592233,0.1359223300970873,0.0388349514563106,0.4493758668515951,0.4424410540915396,0.4424410540915396,0.449375866851595,0.4604715672676838,0.4840499306518725,0.5201109570041609,0.5104022191400832,0.5048543689320389,0.5048543689320389,0.4979195561719834,0.4993065187239945
,,,,,,,,,,,,,,,,,,,,,,,,,,,,,,,,,,,,,,,,,,,,,,,,32,0.2502394636015326,0.3463840996168583,0.2666427203065135,0.095426245210728,0.0250239463601532,0.0288553639846743,0.0256226053639846,0.2608955938697319,0.1296695402298851,0.1906130268199234,0.401580459770115,0.2114463601532567,0.0266777824093372,0.2542726135889954,0.0975406419341392,0.0212588578574406,0.0025010421008753,0.0,0.0,0.0583576490204251,0.0500208420175073,0.2701125468945394,0.0295956648603584,0.1233847436431846,0.1067961165048543,0.3689320388349514,0.174757281553398,0.0388349514563106,0.029126213592233,0.0388349514563106,0.029126213592233,0.0679611650485436,0.087378640776699,0.3106796116504854,0.0485436893203883,0.116504854368932,0.4965325936199722,0.492371705963939,0.4882108183079057,0.4895977808599168,0.4965325936199722,0.5104022191400832,0.5173370319001387,0.5090152565880722,0.492371705963939,0.4757281553398058,0.4757281553398058,0.479889042995839
,,,,,,,,,,,,,,,,,,,,,,,,,,,,,,,,,,,,,,,,,,,,,,,,32,0.3896072796934867,0.3761973180076629,0.3455459770114943,0.1502634099616858,0.0301724137931034,0.02705938697318,0.0662116858237548,0.3716475095785441,0.1139846743295019,0.2200670498084291,0.1630747126436782,0.1464319923371648,0.1200500208420175,0.172988745310546,0.1046269278866194,0.0362651104626927,0.0,0.0079199666527719,0.0145894122551062,0.0541892455189662,0.0070862859524802,0.042934556065027,0.0133388912046686,0.0179241350562734,0.233009708737864,0.2427184466019417,0.1844660194174757,0.058252427184466,0.029126213592233,0.0388349514563106,0.029126213592233,0.0776699029126213,0.029126213592233,0.058252427184466,0.0388349514563106,0.029126213592233,0.4715672676837725,0.4687933425797503,0.4798890429958392,0.4785020804438281,0.4757281553398058,0.4895977808599168,0.4979195561719834,0.492371705963939,0.4701803051317615,0.4604715672676838,0.4590846047156727,0.449375866851595
,,,,,,,,,,,,,,,,,,,,,,,,,,,,,,,,,,,,,,,,,,,,,,,,32,0.3591954022988506,0.270234674329502,0.2273706896551724,0.0593869731800766,0.0282567049808429,0.0277777777777777,0.0750718390804597,0.2788553639846744,0.1933668582375479,0.0759099616858237,0.0517241379310344,0.3296216475095786,0.1283868278449353,0.1792413505627344,0.0050020842017507,0.0771154647769904,0.0,0.0050020842017507,0.0204251771571488,0.0366819508128386,0.0025010421008753,0.0862859524802,0.0220925385577323,0.0120883701542309,0.233009708737864,0.2718446601941747,0.0388349514563106,0.116504854368932,0.029126213592233,0.029126213592233,0.058252427184466,0.0485436893203883,0.0485436893203883,0.087378640776699,0.0485436893203883,0.0485436893203883,0.4563106796116505,0.4521497919556173,0.4535367545076283,0.4479889042995839,0.4576976421636616,0.4785020804438281,0.4840499306518725,0.4895977808599168,0.4743411927877948,0.4646324549237171,0.4549237170596394,0.4327323162274619
,,,,,,,,,,,,,,,,,,,,,,,,,,,,,,,,,,,,,,,,,,,,,,,,32,0.2228208812260537,0.2333572796934866,0.2198275862068966,0.0543582375478927,0.02705938697318,0.0231082375478927,0.1557710727969349,0.1437978927203065,0.1325431034482759,0.0780651340996168,0.0352011494252873,0.1150622605363984,0.0504376823676531,0.3076281784076698,0.015423092955398,0.0120883701542309,0.0,0.0,0.0733639016256773,0.0254272613588995,0.0100041684035014,0.0062526052521884,0.0187578157565652,0.0350145894122551,0.0970873786407767,0.4854368932038835,0.0485436893203883,0.0388349514563106,0.029126213592233,0.0388349514563106,0.4757281553398058,0.1067961165048543,0.0388349514563106,0.0388349514563106,0.058252427184466,0.058252427184466,0.4063800277392511,0.40499306518724,0.3952843273231623,0.4133148404993065,0.4368932038834952,0.4785020804438281,0.5034674063800277,0.507628294036061,0.4826629680998613,0.4701803051317615,0.4618585298196949,0.4632454923717061
,,,,,,,,,,,,,,,,,,,,,,,,,,,,,,,,,,,,,,,,,,,,,,,,32,0.2278496168582376,0.1637931034482759,0.2108477011494253,0.0361590038314176,0.0322078544061302,0.0281369731800766,0.1132662835249042,0.332734674329502,0.0668103448275862,0.0356800766283524,0.0651340996168582,0.1246408045977011,0.0591913297207169,0.4164235097957482,0.0291788245102125,0.0158399333055439,0.0,0.0,0.0316798666110879,0.0441850771154647,0.0079199666527719,0.0108378491037932,0.0041684035014589,0.0516882034180908,0.087378640776699,0.6893203883495146,0.0776699029126213,0.029126213592233,0.0388349514563106,0.029126213592233,0.0485436893203883,0.0776699029126213,0.0388349514563106,0.029126213592233,0.0388349514563106,0.0485436893203883,0.4160887656033287,0.3938973647711512,0.3786407766990292,0.3689320388349515,0.4257975034674064,0.4687933425797503,0.4993065187239945,0.490984743411928,0.4674063800277393,0.4424410540915396,0.4299583911234397,0.4244105409153953
,,,,,,,,,,,,,,,,,,,,,,,,,,,,,,,,,,,,,,,,,,,,,,,,32,0.3013649425287357,0.3060344827586208,0.233117816091954,0.036757662835249,0.027897509578544,0.0234674329501915,0.106441570881226,0.3500957854406131,0.2094109195402299,0.1384099616858237,0.2194683908045977,0.1415229885057471,0.0496040016673614,0.153397248853689,0.1363067944977073,0.011671529804085,0.0,0.0050020842017507,0.0333472280116715,0.047102959566486,0.0341809087119633,0.0283451438099208,0.0137557315548145,0.0758649437265527,0.116504854368932,0.2233009708737864,0.233009708737864,0.029126213592233,0.0388349514563106,0.029126213592233,0.058252427184466,0.0776699029126213,0.087378640776699,0.0679611650485436,0.029126213592233,0.0679611650485436,0.4535367545076283,0.4535367545076283,0.4507628294036061,0.4590846047156727,0.4798890429958392,0.5131761442441054,0.5159500693481277,0.5145631067961166,0.5145631067961165,0.521497919556172,0.5187239944521499,0.5145631067961166
,,,,,,,,,,,,,,,,,,,,,,,,,,,,,,,,,,,,,,,,,,,,,,,,32,0.7098898467432951,0.4600095785440614,0.2406609195402299,0.0568726053639846,0.0229885057471264,0.0253831417624521,0.0681273946360153,0.2758620689655173,0.2940613026819924,0.108117816091954,0.0692049808429118,0.5596264367816094,0.1058774489370571,0.145477282200917,0.1000416840350146,0.0150062526052521,0.0,0.0,0.0170904543559816,0.0300125052105043,0.1592330137557315,0.0954564401834097,0.0150062526052521,0.0100041684035014,0.1262135922330097,0.203883495145631,0.1941747572815534,0.029126213592233,0.0388349514563106,0.029126213592233,0.029126213592233,0.0679611650485436,0.1553398058252427,0.1844660194174757,0.0388349514563106,0.029126213592233,0.5104022191400832,0.5201109570041609,0.4701803051317615,0.4979195561719834,0.5117891816920944,0.5547850208044384,0.5672676837725382,0.5755894590846048,0.5173370319001387,0.5201109570041609,0.5159500693481277,0.5104022191400832
,,,,,,,,,,,,,,,,,,,,,,,,,,,,,,,,,,,,,,,,,,,,,,,,32,0.230962643678161,0.2424568965517242,0.197198275862069,0.1295498084291187,0.0328065134099616,0.0247844827586206,0.02705938697318,0.2664032567049809,0.324712643678161,0.1283524904214559,0.0801005747126436,0.5093390804597703,0.06294289287203,0.1112963734889537,0.177157148812005,0.0762817840766986,0.0087536473530637,0.0,0.0,0.0204251771571488,0.0491871613172155,0.2155064610254272,0.0716965402250938,0.031263026260942,0.116504854368932,0.1650485436893204,0.2524271844660194,0.0388349514563106,0.0388349514563106,0.029126213592233,0.0388349514563106,0.029126213592233,0.087378640776699,0.203883495145631,0.087378640776699,0.0388349514563106,0.5159500693481277,0.5117891816920944,0.5117891816920944,0.4854368932038835,0.5367545076282941,0.5714285714285715,0.6047156726768378,0.6296809986130376,0.5839112343966714,0.4937586685159501,0.5298196948682387,0.4993065187239945
,,,,,,,,,,,,,,,,,,,,,,,,,,,,,,,,,,,,,,,,,,,,,,,,32,0.2867576628352491,0.2041427203065134,0.1658285440613027,0.0517241379310344,0.0267001915708812,0.0264607279693486,0.1141044061302682,0.3041187739463602,0.2070162835249042,0.1362547892720306,0.078544061302682,0.5495689655172414,0.0600250104210087,0.263859941642351,0.0179241350562734,0.0100041684035014,0.0,0.0,0.0341809087119633,0.0729470612755314,0.0208420175072947,0.0100041684035014,0.0379324718632763,0.1563151313047103,0.1262135922330097,0.4271844660194174,0.029126213592233,0.029126213592233,0.0388349514563106,0.029126213592233,0.0485436893203883,0.1359223300970873,0.029126213592233,0.0485436893203883,0.0485436893203883,0.1650485436893204,0.5173370319001387,0.4549237170596394,0.4119278779472955,0.4327323162274619,0.4965325936199722,0.5686546463245493,0.5839112343966714,0.5866851595006934,0.5298196948682387,0.479889042995839,0.4105409153952843,0.377253814147018
,,,,,,,,,,,,,,,,,,,,,,,,,,,,,,,,,,,,,,,,,,,,,,,,32,0.6047653256704982,0.2262931034482759,0.1793582375478928,0.0665708812260536,0.0404693486590038,0.0328065134099616,0.1024904214559387,0.1495450191570881,0.2009099616858237,0.1995929118773947,0.3172892720306514,0.1988745210727969,0.0616923718215923,0.0512713630679449,0.0437682367653188,0.0387661525635681,0.0,0.0,0.035431429762401,0.0458524385160483,0.0971238015839933,0.0129220508545227,0.0879533138807836,0.0741975823259691,0.1359223300970873,0.0679611650485436,0.0776699029126213,0.0776699029126213,0.029126213592233,0.0388349514563106,0.1650485436893204,0.2912621359223301,0.0679611650485436,0.0776699029126213,0.058252427184466,0.116504854368932,0.3550624133148405,0.3079056865464633,0.2940360610263523,0.3092926490984743,0.4036061026352289,0.5145631067961166,0.579750346740638,0.5839112343966713,0.5256588072122054,0.4327323162274619,0.4160887656033287,0.4022191400832178
,,,,,,,,,,,,,,,,,,,,,,,,,,,,,,,,,,,,,,,,,,,,,,,,32,0.5719588122605365,0.2722701149425288,0.1981561302681993,0.0498084291187739,0.0320881226053639,0.035081417624521,0.1807950191570881,0.3287835249042146,0.1956417624521073,0.1763649425287357,0.0566331417624521,0.1695402298850575,0.1292205085452271,0.2275948311796582,0.0466861192163401,0.0133388912046686,0.0,0.0,0.0341809087119633,0.0487703209670696,0.0216756982075864,0.0029178824510212,0.0045852438516048,0.0375156315131304,0.2233009708737864,0.3592233009708738,0.1067961165048543,0.029126213592233,0.0388349514563106,0.1941747572815534,0.058252427184466,0.0970873786407767,0.0485436893203883,0.0388349514563106,0.0485436893203883,0.0679611650485436,0.3370319001386962,0.361997226074896,0.3855755894590846,0.4091539528432732,0.4604715672676838,0.5284327323162276,0.5423023578363384,0.5395284327323163,0.5006934812760057,0.4812760055478502,0.4757281553398058,0.4826629680998613
,,,,,,,,,,,,,,,,,,,,,,,,,,,,,,,,,,,,,,,,,,,,,,,,32,0.1713362068965517,0.2076149425287356,0.428999042145594,0.0806992337164751,0.0330459770114942,0.0335249042145593,0.1239224137931034,0.5111350574712644,0.1931273946360153,0.1582854406130268,0.4719827586206898,0.2213840996168583,0.0287619841600666,0.1550646102542726,0.1154647769904126,0.0083368070029178,0.0,0.0,0.0345977490621092,0.0383493122134222,0.1784076698624427,0.1167152980408503,0.019591496456857,0.0912880366819508,0.0485436893203883,0.233009708737864,0.2233009708737864,0.029126213592233,0.029126213592233,0.0388349514563106,0.0485436893203883,0.0970873786407767,0.233009708737864,0.1650485436893204,0.0485436893203883,0.087378640776699,0.4826629680998613,0.477115117891817,0.479889042995839,0.4840499306518725,0.4965325936199722,0.5062413314840499,0.5214979195561721,0.5298196948682387,0.5228848821081832,0.5214979195561721,0.521497919556172,0.5173370319001387
,,,,,,,,,,,,,,,,,,,,,,,,,,,,,,,,,,,,,,,,,,,,,,,,32,0.7101293103448277,0.4066091954022989,0.1879789272030652,0.0614224137931034,0.0362787356321839,0.0360392720306513,0.1555316091954023,0.255028735632184,0.1944444444444445,0.0847701149425287,0.0743534482758621,0.2921455938697318,0.0512713630679449,0.090454355981659,0.2063359733222176,0.0104210087536473,0.0,0.0,0.031263026260942,0.0070862859524802,0.0375156315131304,0.0141725719049604,0.0008336807002917,0.137557315548145,0.1359223300970873,0.1650485436893204,0.3300970873786408,0.0388349514563106,0.029126213592233,0.029126213592233,0.0485436893203883,0.0388349514563106,0.0776699029126213,0.0388349514563106,0.029126213592233,0.145631067961165,0.5159500693481277,0.5145631067961166,0.5145631067961166,0.5187239944521499,0.5325936199722608,0.5533980582524273,0.564493758668516,0.5520110957004161,0.5436893203883496,0.5353675450762829,0.5228848821081832,0.5284327323162276
,,,,,,,,,,,,,,,,,,,,,,,,,,,,,,,,,,,,,,,,,,,,,,,,32,0.3301005747126437,0.1138649425287356,0.2526340996168583,0.0695641762452107,0.038433908045977,0.0365181992337164,0.0396312260536398,0.3787116858237548,0.1466714559386973,0.2878352490421457,0.2988505747126437,0.2377873563218391,0.0529387244685285,0.1625677365568987,0.0162567736556898,0.0100041684035014,0.0,0.0,0.0145894122551062,0.0062526052521884,0.0562734472696957,0.0937890787828261,0.0262609420591913,0.0337640683618174,0.0970873786407767,0.2621359223300971,0.0388349514563106,0.0388349514563106,0.029126213592233,0.029126213592233,0.0388349514563106,0.029126213592233,0.145631067961165,0.1262135922330097,0.0679611650485436,0.058252427184466,0.5256588072122054,0.5117891816920944,0.507628294036061,0.4826629680998613,0.4479889042995839,0.4535367545076283,0.4590846047156727,0.4466019417475729,0.4382801664355062,0.4244105409153953,0.420249653259362,0.3925104022191401
,,,,,,,,,,,,,,,,,,,,,,,,,,,,,,,,,,,,,,,,,,,,,,,,32,0.3042385057471264,0.1223659003831417,0.1606800766283525,0.0687260536398467,0.0255028735632183,0.0628591954022988,0.0311302681992337,0.036757662835249,0.3297413793103448,0.3244731800766284,0.1182950191570881,0.1294300766283525,0.2009170487703209,0.0971238015839933,0.0079199666527719,0.0250104210087536,0.0,0.0,0.0050020842017507,0.011671529804085,0.1229679032930387,0.1108795331388078,0.0166736140058357,0.0612755314714464,0.3009708737864077,0.2912621359223301,0.1067961165048543,0.0485436893203883,0.029126213592233,0.1941747572815534,0.1941747572815534,0.3980582524271844,0.3203883495145631,0.1650485436893204,0.0679611650485436,0.116504854368932,0.3439667128987517,0.3509015256588072,0.3467406380027739,0.3079056865464633,0.3522884882108183,0.4327323162274619,0.4660194174757281,0.4687933425797503,0.4355062413314841,0.3897364771151179,0.3342579750346741,0.3273231622746186
,,,,,,,,,,,,,,,,,,,,,,,,,,,,,,,,,,,,,,,,,,,,,,,,32,0.2176724137931034,0.1922892720306514,0.1254789272030651,0.1331417624521073,0.0381944444444444,0.0261015325670498,0.0296934865900383,0.1065613026819923,0.1149425287356322,0.1082375478927203,0.2306034482758621,0.5369971264367818,0.0362651104626927,0.0967069612338474,0.1713213839099625,0.0604418507711546,0.0,0.0054189245518966,0.0,0.0308461859107961,0.0466861192163401,0.0487703209670696,0.141725719049604,0.0562734472696957,0.116504854368932,0.1650485436893204,0.4660194174757281,0.233009708737864,0.0388349514563106,0.029126213592233,0.2912621359223301,0.4757281553398058,0.2135922330097087,0.0679611650485436,0.174757281553398,0.145631067961165,0.2926490984743412,0.2593619972260749,0.2760055478502081,0.2454923717059639,0.3176144244105409,0.4133148404993065,0.4355062413314841,0.4368932038834952,0.4257975034674064,0.4077669902912621,0.4244105409153953,0.4077669902912622
,,,,,,,,,,,,,,,,,,,,,,,,,,,,,,,,,,,,,,,,,,,,,,,,32,0.6117097701149427,0.2096503831417625,0.2889128352490422,0.0882423371647509,0.0277777777777777,0.0294540229885057,0.028735632183908,0.1635536398467433,0.1635536398467433,0.1797174329501916,0.2268917624521073,0.4343869731800767,0.1204668611921634,0.2313463943309712,0.0562734472696957,0.0270946227594831,0.0,0.0025010421008753,0.0,0.0408503543142976,0.035431429762401,0.0600250104210087,0.0250104210087536,0.0387661525635681,0.1941747572815534,0.3592233009708738,0.0970873786407767,0.0388349514563106,0.029126213592233,0.1844660194174757,0.1844660194174757,0.3203883495145631,0.0485436893203883,0.145631067961165,0.0388349514563106,0.1067961165048543,0.4105409153952843,0.3828016643550624,0.3744798890429959,0.3675450762829403,0.3689320388349515,0.4008321775312066,0.4133148404993065,0.4105409153952843,0.4271844660194175,0.4299583911234397,0.4216366158113731,0.3786407766990292
,,,,,,,,,,,,,,,,,,,,,,,,,,,,,,,,,,,,,,,,,,,,,,,,32,0.3637452107279694,0.2039032567049809,0.4436063218390805,0.1605603448275862,0.0283764367816092,0.0290948275862069,0.0263409961685823,0.1375718390804598,0.1834291187739464,0.1635536398467433,0.1039272030651341,0.2648467432950192,0.0950395998332638,0.1638182576073364,0.0912880366819508,0.0266777824093372,0.0,0.0,0.0,0.0370987911629845,0.0846185910796165,0.003751563151313,0.0120883701542309,0.0291788245102125,0.1650485436893204,0.2718446601941747,0.1941747572815534,0.2135922330097087,0.029126213592233,0.0388349514563106,0.029126213592233,0.3300970873786408,0.116504854368932,0.058252427184466,0.058252427184466,0.0388349514563106,0.4133148404993065,0.4147018030513176,0.418862690707351,0.418862690707351,0.4327323162274619,0.4549237170596394,0.4882108183079057,0.5062413314840499,0.4743411927877948,0.4590846047156727,0.4687933425797503,0.4466019417475729
,,,,,,,,,,,,,,,,,,,,,,,,,,,,,,,,,,,,,,,,,,,,,,,,32,0.3444683908045978,0.5811781609195403,0.2592193486590038,0.4347461685823756,0.0316091954022988,0.0221503831417624,0.0208333333333333,0.283764367816092,0.2011494252873563,0.2045019157088123,0.1164990421455938,0.2710727969348659,0.0687786577740725,0.1634014172571904,0.1358899541475614,0.0229262192580241,0.0058357649020425,0.0,0.0,0.02334305960817,0.0908711963318049,0.0375156315131304,0.0220925385577323,0.0133388912046686,0.1553398058252427,0.2427184466019417,0.2427184466019417,0.0485436893203883,0.029126213592233,0.029126213592233,0.0388349514563106,0.0388349514563106,0.1359223300970873,0.0776699029126213,0.0679611650485436,0.0679611650485436,0.4382801664355062,0.4216366158113731,0.4230235783633842,0.4424410540915395,0.4563106796116505,0.4854368932038835,0.5090152565880722,0.5131761442441054,0.5048543689320389,0.4993065187239945,0.4743411927877948,0.4798890429958392
,,,,,,,,,,,,,,,,,,,,,,,,,,,,,,,,,,,,,,,,,,,,,,,,32,0.2112068965517242,0.2183908045977012,0.2298850574712644,0.2006704980842912,0.0237068965517241,0.019037356321839,0.0216714559386973,0.4825191570881227,0.0761494252873563,0.3243534482758621,0.0210727969348659,0.0710009578544061,0.0454355981659024,0.0450187578157565,0.1467278032513547,0.0862859524802,0.0025010421008753,0.0,0.0,0.0421008753647353,0.0366819508128386,0.0104210087536473,0.0012505210504376,0.0170904543559816,0.116504854368932,0.0776699029126213,0.2621359223300971,0.1262135922330097,0.029126213592233,0.0388349514563106,0.029126213592233,0.0776699029126213,0.0776699029126213,0.029126213592233,0.0388349514563106,0.029126213592233,0.4715672676837725,0.4660194174757281,0.4701803051317615,0.4743411927877948,0.49375866851595,0.5228848821081832,0.521497919556172,0.535367545076283,0.5034674063800277,0.4479889042995839,0.4674063800277393,0.4660194174757281
,,,,,,,,,,,,,,,,,,,,,,,,,,,,,,,,,,,,,,,,,,,,,,,,32,0.3499760536398468,0.4153496168582377,0.1594827586206897,0.2159961685823755,0.0226293103448275,0.0214319923371647,0.0210727969348659,0.4667145593869732,0.163433908045977,0.0939894636015325,0.0948275862068965,0.1779214559386973,0.1396415172988745,0.0562734472696957,0.2280116715298041,0.0308461859107961,0.0,0.0,0.0,0.0967069612338474,0.0087536473530637,0.0191746561067111,0.0112546894539391,0.027511463109629,0.1844660194174757,0.1262135922330097,0.3980582524271844,0.0388349514563106,0.029126213592233,0.029126213592233,0.0388349514563106,0.145631067961165,0.0388349514563106,0.0679611650485436,0.0388349514563106,0.058252427184466,0.4563106796116506,0.4396671289875173,0.4285714285714286,0.4368932038834952,0.4327323162274619,0.479889042995839,0.4743411927877948,0.4895977808599168,0.477115117891817,0.477115117891817,0.4590846047156727,0.4424410540915396
,,,,,,,,,,,,,,,,,,,,,,,,,,,,,,,,,,,,,,,,,,,,,,,,32,0.257183908045977,0.2860392720306514,0.4829980842911878,0.2820881226053641,0.0322078544061302,0.0235871647509578,0.020713601532567,0.0444204980842912,0.2920258620689656,0.1428400383141762,0.3275862068965518,0.5892001915708813,0.2296790329303876,0.0850354314297624,0.2446852855356398,0.0120883701542309,0.0,0.0,0.0,0.0079199666527719,0.0187578157565652,0.02334305960817,0.1154647769904126,0.0846185910796165,0.3883495145631068,0.058252427184466,0.4174757281553398,0.0388349514563106,0.029126213592233,0.029126213592233,0.1844660194174757,0.3883495145631068,0.203883495145631,0.058252427184466,0.1067961165048543,0.058252427184466,0.4271844660194175,0.3952843273231623,0.3689320388349515,0.3730929264909847,0.4036061026352289,0.4563106796116506,0.4757281553398058,0.4646324549237171,0.4618585298196949,0.4590846047156727,0.4590846047156727,0.4590846047156727
,,,,,,,,,,,,,,,,,,,,,,,,,,,,,,,,,,,,,,,,,,,,,,,,32,0.4899425287356323,0.213242337164751,0.1884578544061303,0.2363505747126437,0.0226293103448275,0.0184386973180076,0.0314894636015325,0.2696360153256705,0.1762452107279693,0.0568726053639846,0.0209530651340996,0.1737308429118774,0.0179241350562734,0.0779491454772822,0.0791996665277198,0.0946227594831179,0.0,0.0033347228011671,0.0,0.0112546894539391,0.0,0.0387661525635681,0.0054189245518966,0.0758649437265527,0.087378640776699,0.2233009708737864,0.145631067961165,0.1844660194174757,0.029126213592233,0.0388349514563106,0.029126213592233,0.029126213592233,0.0388349514563106,0.0970873786407767,0.029126213592233,0.087378640776699,0.4563106796116505,0.4299583911234397,0.4410540915395284,0.4535367545076283,0.4549237170596394,0.4965325936199722,0.5270457697642164,0.535367545076283,0.507628294036061,0.4632454923717061,0.4576976421636616,0.4757281553398058
,,,,,,,,,,,,,,,,,,,,,,,,,,,,,,,,,,,,,,,,,,,,,,,,32,0.4012212643678161,0.6970785440613028,0.3091475095785441,0.1303879310344828,0.0259818007662835,0.0251436781609195,0.1568486590038314,0.3746408045977012,0.1190134099616858,0.1261973180076628,0.230124521072797,0.1799568965517241,0.1379741558982909,0.1238015839933305,0.2121717382242601,0.0320967069612338,0.0,0.0,0.0,0.06294289287203,0.0112546894539391,0.0054189245518966,0.0058357649020425,0.0179241350562734,0.1262135922330097,0.1844660194174757,0.3592233009708738,0.029126213592233,0.0388349514563106,0.029126213592233,0.029126213592233,0.087378640776699,0.0776699029126213,0.0388349514563106,0.0388349514563106,0.0388349514563106,0.4757281553398058,0.492371705963939,0.4993065187239945,0.5284327323162276,0.5242718446601942,0.5825242718446603,0.6158113730929267,0.5866851595006934,0.565880721220527,0.5353675450762829,0.5228848821081832,0.5117891816920944
,,,,,,,,,,,,,,,,,,,,,,,,,,,,,,,,,,,,,,,,,,,,,,,,32,0.2387452107279694,0.3808668582375479,0.1769636015325671,0.1763649425287357,0.0221503831417624,0.0261015325670498,0.0316091954022988,0.3670977011494253,0.0997365900383142,0.0532806513409961,0.1940852490421456,0.1602011494252874,0.0783659858274281,0.0975406419341392,0.094205919132972,0.0896206752813672,0.0,0.0,0.0,0.0646102542726135,0.06294289287203,0.0,0.0125052105043768,0.1092121717382242,0.1262135922330097,0.1650485436893204,0.1553398058252427,0.145631067961165,0.029126213592233,0.0388349514563106,0.029126213592233,0.087378640776699,0.058252427184466,0.029126213592233,0.058252427184466,0.203883495145631,0.5284327323162276,0.5256588072122054,0.5242718446601942,0.4895977808599168,0.4951456310679612,0.578363384188627,0.6102635228848822,0.60748959778086,0.565880721220527,0.5409153952843274,0.5173370319001387,0.5006934812760055
,,,,,,,,,,,,,,,,,,,,,,,,,,,,,,,,,,,,,,,,,,,,,,,,32,0.2772988505747127,0.1681034482758621,0.2699952107279694,0.4124760536398468,0.037595785440613,0.0238266283524904,0.0313697318007663,0.3675766283524905,0.131345785440613,0.119492337164751,0.0876436781609195,0.0707614942528735,0.0996248436848687,0.2225927469779074,0.2167569820758649,0.0304293455606502,0.0070862859524802,0.0,0.0025010421008753,0.0479366402667778,0.0095873280533555,0.0179241350562734,0.0104210087536473,0.0287619841600666,0.203883495145631,0.3300970873786408,0.2815533980582524,0.029126213592233,0.0388349514563106,0.029126213592233,0.029126213592233,0.0679611650485436,0.058252427184466,0.1359223300970873,0.1067961165048543,0.0485436893203883,0.4937586685159501,0.4812760055478502,0.4826629680998613,0.4576976421636616,0.4826629680998613,0.5090152565880722,0.5228848821081832,0.5062413314840499,0.477115117891817,0.4715672676837725,0.4757281553398058,0.4590846047156727
,,,,,,,,,,,,,,,,,,,,,,,,,,,,,,,,,,,,,,,,,,,,,,,,32,0.3013649425287357,0.2642480842911878,0.284602490421456,0.194683908045977,0.0231082375478927,0.0217911877394636,0.188338122605364,0.1791187739463602,0.2665229885057472,0.1746886973180077,0.1833093869731801,0.2843630268199234,0.058774489370571,0.0675281367236348,0.1300541892455189,0.1267194664443518,0.0,0.0,0.0,0.0516882034180908,0.02334305960817,0.0045852438516048,0.0066694456023343,0.0458524385160483,0.1941747572815534,0.1067961165048543,0.2427184466019417,0.1941747572815534,0.0388349514563106,0.029126213592233,0.0388349514563106,0.4368932038834951,0.0388349514563106,0.0388349514563106,0.029126213592233,0.0485436893203883,0.4535367545076283,0.4576976421636616,0.4521497919556173,0.4174757281553398,0.418862690707351,0.4257975034674064,0.4438280166435506,0.420249653259362,0.434119278779473,0.4674063800277393,0.4271844660194175,0.4285714285714286
,,,,,,,,,,,,,,,,,,,,,,,,,,,,,,,,,,,,,,,,,,,,,,,,32,0.5124521072796936,0.586925287356322,0.3837404214559388,0.2801724137931035,0.0805795019157088,0.0257423371647509,0.0373563218390804,0.0626197318007663,0.1538553639846743,0.2071360153256705,0.2080938697318008,0.3649425287356322,0.1467278032513547,0.082534389328887,0.0929553980825343,0.0871196331804918,0.0033347228011671,0.0,0.0,0.0216756982075864,0.0316798666110879,0.0821175489787411,0.0,0.1213005418924551,0.1553398058252427,0.145631067961165,0.145631067961165,0.1359223300970873,0.0388349514563106,0.1844660194174757,0.2233009708737864,0.3980582524271844,0.2621359223300971,0.2135922330097087,0.0388349514563106,0.1553398058252427,0.4244105409153953,0.3980582524271845,0.3966712898751734,0.3217753120665743,0.3245492371705964,0.4091539528432732,0.4368932038834952,0.4424410540915395,0.4313453536754508,0.4174757281553398,0.4230235783633842,0.3883495145631068
,,,,,,,,,,,,,,,,,,,,,,,,,,,,,,,,,,,,,,,,,,,,,,,,32,0.360632183908046,0.6556513409961687,0.3484195402298851,0.1703783524904215,0.0213122605363984,0.0438218390804597,0.0274185823754789,0.0272988505747126,0.0827346743295019,0.2405411877394636,0.1111111111111111,0.2277298850574713,0.0421008753647353,0.0308461859107961,0.2651104626927886,0.0208420175072947,0.0,0.0,0.0,0.0,0.0437682367653188,0.2067528136723634,0.0337640683618174,0.0733639016256773,0.0970873786407767,0.0679611650485436,0.4466019417475728,0.029126213592233,0.0388349514563106,0.1553398058252427,0.174757281553398,0.2912621359223301,0.3009708737864077,0.3980582524271844,0.0485436893203883,0.1262135922330097,0.361997226074896,0.3231622746185853,0.3522884882108183,0.3800277392510402,0.434119278779473,0.4965325936199722,0.5048543689320389,0.5284327323162274,0.4937586685159501,0.4757281553398058,0.4549237170596394,0.4576976421636616
,,,,,,,,,,,,,,,,,,,,,,,,,,,,,,,,,,,,,,,,,,,,,,,,32,0.263050766283525,0.2849616858237548,0.2048611111111112,0.1710967432950192,0.0373563218390804,0.0272988505747126,0.1655890804597701,0.3776340996168583,0.3256704980842912,0.2644875478927204,0.2152777777777778,0.6204501915708813,0.0458524385160483,0.1600666944560233,0.1463109629012088,0.0225093789078782,0.0,0.0,0.0,0.0462692788661942,0.02334305960817,0.0416840350145894,0.0412671946644435,0.1333889120466861,0.1359223300970873,0.3106796116504854,0.2621359223300971,0.0388349514563106,0.029126213592233,0.0388349514563106,0.029126213592233,0.0679611650485436,0.0388349514563106,0.087378640776699,0.0970873786407767,0.1262135922330097,0.4618585298196949,0.4660194174757281,0.4466019417475729,0.4424410540915396,0.4479889042995839,0.4604715672676838,0.4604715672676838,0.4452149791955618,0.4257975034674064,0.4147018030513176,0.4091539528432732,0.4091539528432732
,,,,,,,,,,,,,,,,,,,,,,,,,,,,,,,,,,,,,,,,,,,,,,,,32,0.4772509578544062,0.3801484674329502,0.3553639846743295,0.2076149425287356,0.0613026819923371,0.1743295019157088,0.1876197318007663,0.4034961685823756,0.1430795019157088,0.1919300766283525,0.0664511494252873,0.0682471264367816,0.1367236348478532,0.1046269278866194,0.0733639016256773,0.074614422676115,0.0,0.0,0.0,0.0700291788245102,0.0108378491037932,0.0054189245518966,0.0104210087536473,0.0404335139641517,0.203883495145631,0.1941747572815534,0.1067961165048543,0.1359223300970873,0.029126213592233,0.0388349514563106,0.029126213592233,0.0970873786407767,0.0388349514563106,0.0388349514563106,0.0679611650485436,0.0485436893203883,0.4077669902912621,0.4216366158113731,0.4216366158113732,0.4174757281553398,0.4036061026352289,0.4063800277392511,0.3994452149791956,0.3800277392510402,0.3522884882108183,0.3356449375866852,0.3273231622746186,0.2343966712898752
,,,,,,,,,,,,,,,,,,,,,,,,,,,,,,,,,,,,,,,,,,,,,,,,32,0.4002634099616859,0.3886494252873564,0.20522030651341,0.1779214559386973,0.0243055555555555,0.0292145593869731,0.0277777777777777,0.1631944444444444,0.0881226053639847,0.054477969348659,0.0344827586206896,0.2818486590038315,0.0408503543142976,0.1817423926636098,0.1884118382659441,0.0679449770737807,0.0,0.0,0.0,0.0558566069195498,0.0200083368070029,0.0029178824510212,0.0054189245518966,0.0175072947061275,0.5145631067961165,0.6019417475728155,0.6213592233009708,0.1359223300970873,0.029126213592233,0.2135922330097087,0.2135922330097087,0.5533980582524272,0.2524271844660194,0.0388349514563106,0.1067961165048543,0.0485436893203883,0.2205270457697642,0.1997226074895978,0.2122052704576976,0.1969486823855756,0.217753120665742,0.2995839112343967,0.3453536754507628,0.3370319001386962,0.3148404993065188,0.2579750346740638,0.2454923717059639,0.2191400832177531
,,,,,,,,,,,,,,,,,,,,,,,,,,,,,,,,,,,,,,,,,,,,,,,,32,0.2938218390804598,0.3339319923371648,0.252514367816092,0.1232040229885057,0.0296934865900383,0.0300526819923371,0.0306513409961686,0.1781609195402299,0.0790229885057471,0.0585488505747126,0.2186302681992337,0.0827346743295019,0.0446019174656106,0.1667361400583576,0.2180075031263026,0.007503126302626,0.0,0.0,0.0,0.0558566069195498,0.0183409754064193,0.0029178824510212,0.0025010421008753,0.0170904543559816,0.3009708737864077,0.4757281553398058,0.5533980582524272,0.2427184466019417,0.0388349514563106,0.1941747572815534,0.2621359223300971,0.5825242718446602,0.2621359223300971,0.0388349514563106,0.029126213592233,0.2427184466019417,0.1983356449375867,0.1692094313453537,0.1664355062413315,0.1511789181692094,0.1927877947295423,0.2538141470180305,0.3217753120665743,0.3356449375866852,0.2829403606102635,0.2510402219140084,0.2343966712898752,0.2274618585298197
,,,,,,,,,,,,,,,,,,,,,,,,,,,,,,,,,,,,,,,,,,,,,,,,32,0.4043342911877395,0.3921216475095787,0.1599616858237548,0.1294300766283525,0.0360392720306513,0.0334051724137931,0.0319683908045977,0.1391283524904214,0.1044061302681992,0.1167385057471264,0.2731082375478927,0.2241379310344828,0.1242184243434764,0.1067111296373489,0.0395998332638599,0.1425593997498958,0.0062526052521884,0.0054189245518966,0.0,0.0466861192163401,0.0425177157148812,0.007503126302626,0.027511463109629,0.0070862859524802,0.2233009708737864,0.2815533980582524,0.203883495145631,0.3398058252427184,0.1844660194174757,0.203883495145631,0.2815533980582524,0.5339805825242718,0.2621359223300971,0.1941747572815534,0.0970873786407767,0.0388349514563106,0.2135922330097087,0.1927877947295423,0.1678224687933426,0.1747572815533981,0.2094313453536755,0.3411927877947296,0.3980582524271845,0.391123439667129,0.3453536754507628,0.3023578363384189,0.2912621359223301,0.2815533980582524
,,,,,,,,,,,,,,,,,,,,,,,,,,,,,,,,,,,,,,,,,,,,,,,,32,0.393558429118774,0.2873563218390805,0.1641522988505747,0.1563697318007663,0.0294540229885057,0.0322078544061302,0.0292145593869731,0.0368773946360153,0.1503831417624521,0.356800766283525,0.5305316091954024,0.2365900383141762,0.0283451438099208,0.2092538557732388,0.2555231346394331,0.0216756982075864,0.011671529804085,0.0058357649020425,0.0058357649020425,0.0108378491037932,0.0625260525218841,0.2317632346811171,0.0129220508545227,0.0120883701542309,0.0485436893203883,0.4951456310679611,0.6019417475728155,0.1941747572815534,0.029126213592233,0.203883495145631,0.203883495145631,0.3980582524271844,0.3009708737864077,0.233009708737864,0.058252427184466,0.029126213592233,0.2496532593619972,0.2357836338418862,0.2246879334257975,0.2191400832177531,0.246879334257975,0.3592233009708738,0.391123439667129,0.4063800277392511,0.3495145631067962,0.3592233009708738,0.3092926490984743,0.2593619972260749
,,,,,,,,,,,,,,,,,,,,,,,,,,,,,,,,,,,,,,,,,,,,,,,,32,0.8575191570881228,0.7893917624521074,0.3187260536398468,0.1924090038314176,0.0255028735632183,0.0240660919540229,0.0249042145593869,0.037595785440613,0.2573036398467433,0.3271072796934867,0.4718630268199234,0.2581417624521073,0.0817007086285952,0.0716965402250938,0.2513547311379741,0.0225093789078782,0.0062526052521884,0.0054189245518966,0.0,0.0083368070029178,0.1358899541475614,0.094205919132972,0.0325135473113797,0.0562734472696957,0.0776699029126213,0.174757281553398,0.5728155339805825,0.116504854368932,0.0388349514563106,0.1067961165048543,0.2718446601941747,0.3980582524271844,0.3398058252427184,0.0388349514563106,0.0679611650485436,0.1359223300970873,0.2524271844660194,0.2801664355062414,0.2343966712898752,0.2260748959778086,0.2649098474341193,0.3647711511789182,0.4355062413314841,0.4299583911234397,0.3980582524271845,0.375866851595007,0.3453536754507628,0.3398058252427184
,,,,,,,,,,,,,,,,,,,,,,,,,,,,,,,,,,,,,,,,,,,,,,,,32,0.2412595785440613,0.3050766283524905,0.2116858237547893,0.1944444444444445,0.0219109195402298,0.0252634099616858,0.0216714559386973,0.1845067049808429,0.2260536398467433,0.082375478927203,0.1279932950191571,0.136374521072797,0.0187578157565652,0.0125052105043768,0.2501042100875364,0.0200083368070029,0.0054189245518966,0.0,0.007503126302626,0.0487703209670696,0.0291788245102125,0.0029178824510212,0.0208420175072947,0.0958732805335556,0.0388349514563106,0.058252427184466,0.4368932038834951,0.029126213592233,0.029126213592233,0.1844660194174757,0.1650485436893204,0.4174757281553398,0.0776699029126213,0.029126213592233,0.0679611650485436,0.058252427184466,0.3356449375866852,0.3342579750346741,0.3273231622746186,0.2773925104022192,0.3051317614424411,0.4355062413314841,0.4618585298196949,0.449375866851595,0.3841886269070735,0.3675450762829403,0.3425797503467407,0.3106796116504854
,,,,,,,,,,,,,,,,,,,,,,,,,,,,,,,,,,,,,,,,,,,,,,,,32,0.8384818007662836,0.3353687739463602,0.2242576628352491,0.2800526819923372,0.0238266283524904,0.0245450191570881,0.0239463601532567,0.1550526819923371,0.0827346743295019,0.2108477011494253,0.0692049808429118,0.1709770114942529,0.0591913297207169,0.2246769487286369,0.2346811171321383,0.0108378491037932,0.0,0.0,0.0,0.0583576490204251,0.0137557315548145,0.0008336807002917,0.0137557315548145,0.0245935806586077,0.2135922330097087,0.3883495145631068,0.4174757281553398,0.029126213592233,0.0388349514563106,0.0679611650485436,0.3106796116504854,0.3786407766990291,0.1844660194174757,0.029126213592233,0.058252427184466,0.058252427184466,0.3051317614424411,0.2787794729542303,0.2787794729542303,0.2579750346740638,0.2773925104022192,0.3800277392510403,0.4285714285714286,0.4174757281553398,0.4063800277392511,0.3925104022191401,0.3952843273231623,0.3938973647711511
,,,,,,,,,,,,,,,,,,,,,,,,,,,,,,,,,,,,,,,,,,,,,,,,32,0.2957375478927204,0.2590996168582376,0.2290469348659004,0.2048611111111112,0.0268199233716475,0.0201149425287356,0.1453544061302682,0.5226293103448277,0.2274904214559387,0.0468151340996168,0.1041666666666666,0.3071120689655173,0.0325135473113797,0.0637765735723218,0.1879949979157982,0.1158816173405585,0.0,0.0,0.0058357649020425,0.0487703209670696,0.0329303876615256,0.019591496456857,0.0370987911629845,0.027511463109629,0.0679611650485436,0.116504854368932,0.3592233009708738,0.1844660194174757,0.029126213592233,0.0388349514563106,0.029126213592233,0.0776699029126213,0.058252427184466,0.058252427184466,0.0970873786407767,0.0388349514563106,0.3675450762829403,0.3730929264909848,0.3647711511789182,0.3453536754507629,0.420249653259362,0.4798890429958392,0.4882108183079057,0.4826629680998613,0.449375866851595,0.434119278779473,0.4022191400832178,0.3675450762829403
,,,,,,,,,,,,,,,,,,,,,,,,,,,,,,,,,,,,,,,,,,,,,,,,32,0.3050766283524905,0.2590996168582376,0.1713362068965517,0.1548132183908046,0.0354406130268199,0.157088122605364,0.0767480842911877,0.1622365900383142,0.2937021072796936,0.1904932950191571,0.184985632183908,0.0960249042145593,0.0637765735723218,0.0641934139224676,0.287203001250521,0.0500208420175073,0.0100041684035014,0.0,0.007503126302626,0.0554397665694039,0.0200083368070029,0.0041684035014589,0.0095873280533555,0.0304293455606502,0.1844660194174757,0.1262135922330097,0.4854368932038835,0.0776699029126213,0.029126213592233,0.029126213592233,0.174757281553398,0.4757281553398058,0.1941747572815534,0.029126213592233,0.0388349514563106,0.0485436893203883,0.3356449375866852,0.332871012482663,0.3314840499306519,0.3273231622746186,0.3300970873786408,0.4660194174757282,0.5062413314840499,0.4729542302357836,0.4507628294036061,0.4368932038834952,0.4479889042995839,0.4355062413314841
,,,,,,,,,,,,,,,,,,,,,,,,,,,,,,,,,,,,,,,,,,,,,,,,32,0.6392480842911878,0.4782088122605364,0.4136733716475096,0.2304837164750958,0.0233477011494252,0.0257423371647509,0.019875478927203,0.1877394636015326,0.2414990421455939,0.1531369731800766,0.1283524904214559,0.2452107279693487,0.1233847436431846,0.1079616506877865,0.1688203418090871,0.0170904543559816,0.0,0.0,0.0,0.0262609420591913,0.0350145894122551,0.1279699874947895,0.0029178824510212,0.0546060858691121,0.145631067961165,0.1941747572815534,0.2815533980582524,0.029126213592233,0.0388349514563106,0.029126213592233,0.029126213592233,0.0485436893203883,0.0970873786407767,0.2135922330097087,0.0388349514563106,0.1067961165048543,0.4535367545076283,0.4466019417475729,0.4438280166435506,0.4493758668515951,0.4590846047156727,0.4646324549237171,0.4604715672676838,0.4687933425797503,0.4410540915395284,0.4521497919556173,0.4590846047156727,0.4535367545076283
,,,,,,,,,,,,,,,,,,,,,,,,,,,,,,,,,,,,,,,,,,,,,,,,32,0.2868773946360154,0.3706896551724138,0.3099856321839081,0.2171934865900383,0.0259818007662835,0.0216714559386973,0.022389846743295,0.2590996168582376,0.2456896551724138,0.2441331417624521,0.2483237547892721,0.4267241379310346,0.0512713630679449,0.2751146310962901,0.1479783243017924,0.0329303876615256,0.0,0.0,0.0,0.0183409754064193,0.0400166736140058,0.0170904543559816,0.0416840350145894,0.0245935806586077,0.116504854368932,0.5339805825242718,0.2718446601941747,0.0388349514563106,0.029126213592233,0.029126213592233,0.0388349514563106,0.029126213592233,0.0970873786407767,0.0485436893203883,0.0679611650485436,0.0776699029126213,0.4466019417475729,0.4424410540915395,0.4368932038834952,0.4244105409153953,0.4285714285714286,0.4438280166435506,0.4452149791955618,0.4479889042995839,0.4452149791955618,0.4521497919556173,0.4590846047156727,0.4535367545076283
,,,,,,,,,,,,,,,,,,,,,,,,,,,,,,,,,,,,,,,,,,,,,,,,32,0.1742097701149425,0.3081896551724138,0.3090277777777778,0.1606800766283525,0.0329262452107279,0.0195162835249042,0.1479885057471265,0.1763649425287357,0.2365900383141762,0.3415948275862069,0.0626197318007663,0.2053400383141763,0.0579408086702792,0.031263026260942,0.1921634014172571,0.0558566069195498,0.0250104210087536,0.0,0.0,0.0062526052521884,0.0300125052105043,0.066694456023343,0.011671529804085,0.0133388912046686,0.1262135922330097,0.0776699029126213,0.3689320388349514,0.087378640776699,0.0679611650485436,0.029126213592233,0.0388349514563106,0.029126213592233,0.0679611650485436,0.0776699029126213,0.0388349514563106,0.0388349514563106,0.4743411927877948,0.4757281553398058,0.479889042995839,0.4798890429958392,0.4868238557558946,0.4993065187239945,0.5201109570041609,0.5090152565880722,0.4479889042995839,0.4327323162274619,0.4285714285714286,0.391123439667129
