x,y,cluster,is_included,target,segment,stream
0.6839115353098769,0.5435036726527372,12,True,1,0,-1
0.6857011238531137,0.5511360485409973,12,True,1,0,-1
0.6128098875297734,0.5702447166538899,12,True,1,0,-1
0.6355533713470528,0.5440473666182779,12,True,1,0,-1
0.6536933880753538,0.6055935235174825,12,True,1,0,-1
0.6031794386253923,0.5507261032909796,12,True,1,0,-1
0.5967205736873167,0.5383331430404454,12,True,1,0,-1
0.6207759978601362,0.5691997368521207,12,True,1,0,-1
0.5861210296821199,0.5080189422977595,12,True,1,0,-1
0.6208386228447452,0.5692149602831558,12,True,1,0,-1
0.5921701786191934,0.5833238186889363,12,True,1,0,-1
0.617947259148555,0.5693574081021274,12,True,1,0,-1
0.6454969451744795,0.5692519314728126,12,True,1,0,-1
0.6235261899808516,0.5282965524365645,12,True,1,0,-1
0.6191488097007163,0.5694367874210964,12,True,1,0,-1
0.6921483129466011,0.5661376524381956,12,True,1,0,-1
0.6287431696309159,0.5646501057484763,12,True,1,0,-1
0.6158445456822726,0.5699967922056033,12,True,1,0,-1
0.6454375045111218,0.590202634740957,12,True,1,0,-1
0.6178984328893682,0.6016593539828301,12,True,1,0,-1
0.607160901629948,0.5631908311449652,12,True,1,0,-1
0.617343299551223,0.5671510979899634,12,True,1,0,-1
0.6473544659044109,0.5512871954634175,12,True,1,0,-1
0.6810148644116011,0.6007231129741691,12,True,1,0,-1
0.6132111120074386,0.5498007361616294,12,True,1,0,-1
0.6170652021619418,0.5779064520162891,12,True,1,0,-1
0.5762230977926285,0.5648708454984858,12,True,1,0,-1
0.6212313557990736,0.5570775361964257,12,True,1,0,-1
0.6234678107579109,0.5697347317142127,12,True,1,0,-1
0.5827191131453027,0.5644435020415708,12,True,1,0,-1
0.6290626631964641,0.5076883763667107,12,True,1,0,-1
0.6043937264625587,0.5683298265072556,12,True,1,0,-1
0.6429611640180191,0.5436537321872265,12,True,1,0,-1
0.5736045242836338,0.4882730648572531,12,True,1,0,-1
0.6436457930870508,0.5638824098691329,12,True,1,0,-1
0.6271319030777527,0.5443246505407037,12,True,1,0,-1
0.6130805548361349,0.5641575190156964,12,True,1,0,-1
0.6164283379116796,0.5963387648360491,12,True,1,0,-1
0.6202346632474133,0.5479152054891343,12,True,1,0,-1
0.6305338196145698,0.5429349687647816,12,True,1,0,-1
0.6341841132089892,0.5445899731958875,12,True,1,0,-1
0.6431193186401675,0.5745094521195909,12,True,1,0,-1
0.6224976542166782,0.5606430812224416,12,True,1,0,-1
0.6567386606320241,0.5520516291789678,12,True,1,0,-1
0.5968914655944704,0.6298825077340466,12,True,1,0,-1
0.55642935689448,0.5726891647229607,12,True,1,0,-1
0.6490304803230176,0.5733035389040217,12,True,1,0,-1
0.5750236701213014,0.6204918255612281,12,True,1,0,-1
0.6210891227831817,0.5694128648866126,12,True,1,0,-1
0.621419230752901,0.5491450412391873,12,True,1,0,-1
0.6348209774592513,0.5884639014391579,12,True,1,0,-1
0.5690053029563239,0.6407759600276196,12,True,1,0,-1
0.537857333916418,0.4983455392628597,12,True,1,0,-1
0.6198960637543572,0.5668281437744322,12,True,1,0,-1
0.6143606519791618,0.6184834200525209,12,True,1,0,-1
0.6193759579499765,0.5851680286200504,12,True,1,0,-1
0.6767956387536143,0.5617804889983526,12,True,1,0,-1
0.630966887304748,0.596029946663622,12,True,1,0,-1
0.592985364859529,0.6310253524496131,12,True,1,0,-1
0.6637569046699132,0.5916347246461912,12,True,1,0,-1
0.709233257900301,0.5245711613846797,12,True,1,0,-1
0.6757575500256868,0.5674925378003229,12,True,1,0,-1
0.5521549363348038,0.5575766472567921,12,True,1,0,-1
0.6130699404319638,0.5298199829280095,12,True,1,0,-1
0.6301877900385939,0.5693693693693693,12,True,1,0,-1
0.646269673798131,0.5342619626264768,12,True,1,0,-1
0.6202229874028251,0.5687800051107232,12,True,1,0,-1
0.6191286423327913,0.4859166952105999,12,True,1,0,-1
0.6220200060289816,0.5243264991001865,12,True,1,0,-1
0.6117548157551724,0.5202444448069071,12,True,1,0,-1
0.6267752590976058,0.545332659152816,12,True,1,0,-1
0.6138830037914652,0.52232896747079,12,True,1,0,-1
0.6375042988336893,0.5008215215819319,12,True,1,0,-1
0.6160249905531803,0.6208528383543471,12,True,1,0,-1
0.6190171910889954,0.5729120792488324,12,True,1,0,-1
0.5262377456703845,0.532300314798806,12,True,1,0,-1
0.6227608914401199,0.5689811718779734,12,True,1,0,-1
0.6089006024735808,0.621973935311292,12,True,1,0,-1
0.6233298235036875,0.5919511545341358,12,True,1,0,-1
0.5985388211218151,0.5567698054119298,12,True,1,0,-1
0.632840329640936,0.5248669309019339,12,True,1,0,-1
0.6417649206679432,0.5801225486198329,12,True,1,0,-1
0.6205212521600313,0.5692965143779869,12,True,1,0,-1
0.6430991512722425,0.6622453473388898,12,True,1,0,-1
0.6172711216028599,0.5749128730420221,12,True,1,0,-1
0.5788172581720298,0.5504183725064835,12,True,1,0,-1
0.6576504379503161,0.5293208718676431,12,True,1,0,-1
0.6293959554874347,0.5288793923676242,12,True,1,0,-1
0.5984592130905324,0.6535864772436891,12,True,1,0,-1
0.6156067830288414,0.5930211442583199,12,True,1,0,-1
0.6213831417787193,0.5677806956020595,12,True,1,0,-1
0.6229625651193695,0.5983188982585482,12,True,1,0,-1
0.6275331275554178,0.5661952839985429,12,True,1,0,-1
0.5897416029448603,0.5626036416621812,12,True,1,0,-1
0.6331428401598105,0.5202009492896639,12,True,1,0,-1
0.6221017369410985,0.5669771159209904,12,True,1,0,-1
0.6256671153021496,0.5824713065509686,12,True,1,0,-1
0.6660740291004504,0.5742158573781989,12,True,1,0,-1
0.6231653002390364,0.5657668531536969,12,True,1,0,-1
0.5764523689227229,0.5525039825582976,12,True,1,0,-1
0.7011047471861215,0.619474030457736,12,True,1,0,-1
0.7294908482607237,0.5984352487671739,12,True,1,0,-1
0.6203684047399683,0.5689724727745247,12,True,1,0,-1
0.6316440862908601,0.5978730692068048,12,True,1,0,-1
0.6280256359089539,0.4916069962539486,12,True,1,0,-1
0.6198323773293309,0.5690877358952193,12,True,1,0,-1
0.5645854650595044,0.5846308589820962,12,True,1,0,-1
0.5585257017182598,0.5646892517139952,12,True,1,0,-1
0.5831150304208823,0.5525953231445084,12,True,1,0,-1
0.7099730818710223,0.562867876929434,12,True,1,0,-1
0.6201274577652858,0.5686712663176151,12,True,1,0,-1
0.6230379273889839,0.5665073643347632,12,True,1,0,-1
0.6037069745126927,0.6214106683629919,12,True,1,0,-1
0.6305009149616395,0.5252583905571232,12,True,1,0,-1
0.5906151684081365,0.5394727255922187,12,True,1,0,-1
0.6127079892497315,0.5622611144638906,12,True,1,0,-1
0.6172318483074271,0.5659723694726713,12,True,1,0,-1
0.6221908979361352,0.5635986016191207,12,True,1,0,-1
0.6088029499552072,0.5530922594290126,12,True,1,0,-1
0.6085566957784392,0.6215552909578257,12,True,1,0,-1
0.6262084499148725,0.5239698358587918,12,True,1,0,-1
0.7353797196948146,0.6050443926122864,12,True,1,0,-1
0.5999399224723919,0.4936480234005883,12,True,1,0,-1
0.5372289611894926,0.5595328581448075,12,True,1,0,-1
0.6798440956315358,0.5815133177836859,12,True,1,0,-1
0.6238817725205813,0.5685190320072637,12,True,1,0,-1
0.620057402697757,0.5681232228003501,12,True,1,0,-1
0.6067713529968709,0.5654047529726468,12,True,1,0,-1
0.6305306352933184,0.5806303587836479,12,True,1,0,-1
0.6640679067121246,0.6626074475199399,12,True,1,0,-1
0.5506073562066667,0.6562690632696667,12,True,1,0,-1
0.5685011187581996,0.6017931026983532,12,True,1,0,-1
0.6132843513962187,0.5818667188612874,12,True,1,0,-1
0.6010533734699336,0.5614444861276485,12,True,1,0,-1
0.5576807951462452,0.5314075693073883,12,True,1,0,-1
0.6679145667837082,0.5704567573004508,12,True,1,0,-1
0.6148796963431254,0.61530498512997,12,True,1,0,-1
0.5773471631943412,0.5527551691703774,12,True,1,0,-1
0.6346161194587503,0.6120015005953449,12,True,1,0,-1
0.6358388988192537,0.5720987130763836,12,True,1,0,-1
0.5809825966229212,0.5533967280497154,12,True,1,0,-1
0.6546890191865969,0.5243254117122554,12,True,1,0,-1
0.5737372043357718,0.5619544710673257,12,True,1,0,-1
0.6105182376692466,0.6325585694324378,12,True,1,0,-1
0.6220476034798262,0.5431709319458263,12,True,1,0,-1
0.6204299682841603,0.5679470659555149,12,True,1,0,-1
0.6165312976321388,0.59634963871536,12,True,1,0,-1
0.6125105613321502,0.5745268503264882,12,True,1,0,-1
0.6316716837417048,0.5326624149798561,12,True,1,0,-1
0.6204968390304378,0.5657451053950752,12,True,1,0,-1
0.6197357862513746,0.5681210480244879,12,True,1,0,-1
0.6775853504239393,0.5628559156621921,12,True,1,0,-1
0.6144933320312997,0.5782957368956162,12,True,1,0,-1
0.6914583766754837,0.5862510669994073,12,True,1,0,-1
0.6087169732814218,0.5251692247467745,12,True,1,0,-1
0.6773582021746791,0.437438766467131,12,True,1,0,-1
0.624893325238081,0.586272814758029,12,True,1,0,-1
0.6402279549439772,0.4968590799610715,12,True,1,0,-1
0.6178273163814223,0.5635605430415328,12,True,1,0,-1
0.6593625413431042,0.5893131514133325,12,True,1,0,-1
0.6048331627952397,0.6408814366569345,12,True,1,0,-1
0.5813827596601693,0.5685201193951949,12,True,1,0,-1
0.5723743148402107,0.5643184524294965,12,True,1,0,-1
0.6576642366757385,0.5839642901803432,12,True,1,0,-1
0.5803680226214182,0.5289826942210768,12,True,1,0,-1
0.5824495072793584,0.5743735286282058,12,True,1,0,-1
0.6801869408862603,0.6131965399316033,12,True,1,0,-1
0.6876053479613975,0.56548848184334,12,True,1,0,-1
0.6124097244925253,0.5206543900569247,12,True,1,0,-1
0.6222970419778456,0.6162499252420798,12,True,1,0,-1
0.6328573126876096,0.5868175961115007,12,True,1,0,-1
0.618860097907264,0.5184045844275175,12,True,1,0,-1
0.5853833285922329,0.5904777438875206,12,True,1,0,-1
0.618110720972789,0.5358625976610285,12,True,1,0,-1
0.6212239257161538,0.5678187541796473,12,True,1,0,-1
0.5591721189322758,0.5533956406617843,12,True,1,0,-1
0.6000959542137062,0.5479239045925829,12,True,1,0,-1
0.670729506769867,0.5853985548614395,12,True,1,0,-1
0.6042536163275011,0.527874645919305,12,True,1,0,-1
0.596765154184835,0.5349981242558188,12,True,1,0,-1
0.7123676914520081,0.5489471366357305,12,True,1,0,-1
0.6253953865553711,0.5451238806700485,12,True,1,0,-1
0.6499093529883794,0.5331376035057387,12,True,1,0,-1
0.6194672418258473,0.6301162961392291,12,True,1,0,-1
0.6458111315379422,0.614475308138555,12,True,1,0,-1
0.591654318576481,0.5686516933348557,12,True,1,0,-1
0.6201518708948792,0.5689985700848706,12,True,1,0,-1
0.6242076347286322,0.5713516775677306,12,True,1,0,-1
0.6165164374662992,0.6391329168637557,12,True,1,0,-1
0.6159347681177265,0.5305996400745948,12,True,1,0,-1
0.6489084146750507,0.5592925454120384,12,True,1,0,-1
0.7173331097232188,0.6536397592523121,12,True,1,0,-1
0.6364502884995054,0.5614945059724782,12,True,1,0,-1
0.6298120401309393,0.5663344696537214,12,True,1,0,-1
0.581237342323026,0.5751020785420302,12,True,1,0,-1
0.6058149951810605,0.6221957624492326,12,True,1,0,-1
0.6224859783720901,0.6732257906669494,12,True,1,0,-1
0.6000747254053641,0.5687169366107205,12,True,1,0,-1
0.6529259666537879,0.5740310014299151,12,True,1,0,-1
0.6313235312848948,0.5690475025417693,12,True,1,0,-1
0.6084452445346433,0.5742136826023369,12,True,1,0,-1
0.6231695460007048,0.5711918315418617,12,True,1,0,-1
0.6228022876163869,0.5684342157486394,12,True,1,0,-1
0.6095310980813403,0.6288831982253829,12,True,1,0,-1
0.7046499581792476,0.5767451217058942,12,True,1,0,-1
0.6174345834270939,0.5720334698005187,12,True,1,0,-1
0.619053280063177,0.5857726163097315,12,True,1,0,-1
0.6333890943365785,0.6175123826300651,12,True,1,0,-1
0.6237321094217697,0.4631881126751374,12,True,1,0,-1
0.6281031210594025,0.5670825925503052,12,True,1,0,-1
0.594276076406727,0.5624329217570014,12,True,1,0,-1
0.6188749580731036,0.5916738706117101,12,True,1,0,-1
0.6158519757651923,0.5502378661099241,12,True,1,0,-1
0.6220868767752591,0.5745812197230423,12,True,1,0,-1
0.5943408242721703,0.5628069832052934,12,True,1,0,-1
0.6225231287866887,0.5363388735748422,12,True,1,0,-1
0.6221346415940288,0.5682765444986326,12,True,1,0,-1
0.62233206951161,0.5697423434297303,12,True,1,0,-1
0.6874280874117412,0.5648436608002088,12,True,1,0,-1
0.5946327203868738,0.5587956091275343,12,True,1,0,-1
0.6134775335521316,0.5708699647142617,12,True,1,0,-1
0.6267041425896599,0.569031191722803,12,True,1,0,-1
0.6199024323968598,0.5698554317745628,12,True,1,0,-1
0.6416768211133236,0.5230683912639253,12,True,1,0,-1
0.6156725923347018,0.5871775215166887,12,True,1,0,-1
0.5915747105451983,0.6154332969058376,12,True,1,0,-1
0.6778018842690284,0.6091666802590158,12,True,1,0,-1
0.5770255467479588,0.466965698347714,12,True,1,0,-1
0.6274651953687231,0.512918712315212,12,True,1,0,-1
0.5833538545147307,0.5618196349638716,12,True,1,0,-1
0.6452411380339576,0.5737232706454191,12,True,1,0,-1
0.6081724543474477,0.5800322954215531,12,True,1,0,-1
0.5529552624092999,0.6256569182338645,12,True,1,0,-1
0.607131181298269,0.6393569187775585,12,True,1,0,-1
0.655426720276484,0.5420041646957761,12,True,1,0,-1
0.6562281077913973,0.6288364405443464,12,True,1,0,-1
0.6278207779084529,0.5541720356445764,12,True,1,0,-1
0.6658076075557575,0.5684124679900178,12,True,1,0,-1
0.5340722373890264,0.5920392329565534,12,True,1,0,-1
0.6170705093640274,0.5227117280225306,12,True,1,0,-1
0.5455421625362482,0.5581083799550909,12,True,1,0,-1
0.6678572490011846,0.5194365155741136,12,True,1,0,-1
0.6380742923376739,0.5580724961533652,12,True,1,0,-1
0.6395942750149664,0.5785675838783866,12,True,1,0,-1
0.6126538557884592,0.6435129154501514,12,True,1,0,-1
0.5641088783122248,0.5715310965763591,12,True,1,0,-1
0.62511728916609,0.6082891581986332,12,True,1,0,-1
0.7197882214079795,0.6128300901988288,12,True,1,0,-1
0.6776723885381418,0.5775584878783431,12,True,1,0,-1
0.559163627408939,0.5959788394308612,12,True,1,0,-1
0.69283400345605,0.5582073322568193,12,True,1,0,-1
0.6545531548132077,0.583144399680308,12,True,1,0,-1
0.7178617070509364,0.541066836299184,12,True,1,0,-1
0.5452789253128065,0.5775400022835147,12,True,1,0,-1
0.5381152639377741,0.5441321828769022,12,True,1,0,-1
0.5659632147209048,0.603823255965682,12,True,1,0,-1
0.7183467853215527,0.6007850940862407,12,True,1,0,-1
0.6040965231457698,0.5940552501807782,12,True,1,0,-1
0.7390852081909234,0.62046355347502,12,True,1,0,-1
0.6248636049064021,0.5819591468354293,12,True,1,0,-1
0.5705698661311346,0.560996482300043,12,True,1,0,-1
0.6051898067753865,0.6086860547934778,12,True,1,0,-1
0.6044998705042691,0.5567404459377905,12,True,1,0,-1
0.6417256473725104,0.505407036487302,12,True,1,0,-1
0.5791728407117595,0.5441191342217293,12,True,1,0,-1
0.599777522088575,0.5692965143779869,12,True,1,0,-1
0.5975293912851496,0.534504450135108,12,True,1,0,-1
0.6576249633803056,0.5715387082918767,12,True,1,0,-1
0.6246184121700512,0.5682982922572543,12,True,1,0,-1
0.6832948384275397,0.5819091269905995,12,True,1,0,-1
0.6456158265011952,0.5565958233429568,12,True,1,0,-1
0.6130731247532151,0.547658581937399,12,True,1,0,-1
0.6107082355039082,0.5712994829470388,12,True,1,0,-1
0.6774834521438974,0.5666693851364943,12,True,1,0,-1
0.6789970661786872,0.4864462531330364,12,True,1,0,-1
0.6226197198646451,0.5766037612748536,12,True,1,0,-1
0.6603656025372672,0.572305316783289,12,True,1,0,-1
0.6025064854009485,0.5587347154033937,12,True,1,0,-1
0.6043257942758641,0.5915151119737722,12,True,1,0,-1
0.6178113947751657,0.5675751792830851,12,True,1,0,-1
0.595177239320848,0.519548516531015,12,True,1,0,-1
0.6388714340909187,0.5729251279040054,12,True,1,0,-1
0.5720972788913468,0.5710243738004752,12,True,1,0,-1
0.637265474739841,0.5690812115676328,12,True,1,0,-1
0.6094525514904746,0.5643260641450141,12,True,1,0,-1
0.5542215608269045,0.5018491031768039,12,True,1,0,-1
0.609272106619567,0.5736667264730029,12,True,1,0,-1
0.6186414411813407,0.5705915934039049,12,True,1,0,-1
0.649188634945166,0.5546059034290779,12,True,1,0,-1
0.6120753707611377,0.5614488356793728,12,True,1,0,-1
0.6278239622297042,0.5768190640852077,12,True,1,0,-1
0.5824240327093478,0.5586890451102883,12,True,1,0,-1
0.6092986426299946,0.5674707900417013,12,True,1,0,-1
0.6126443028247053,0.5702990860504439,12,True,1,0,-1
0.5933122885079969,0.5681177858606947,12,True,1,0,-1
0.6940918103503178,0.5904081510599314,12,True,1,0,-1
0.6080769247099084,0.5467788851011542,12,True,1,0,-1
0.6094727188583996,0.582383228128551,12,True,1,0,-1
0.6885213710413579,0.5576299292654151,12,True,1,0,-1
0.6471580994272468,0.5289283248245228,12,True,1,0,-1
0.8297322198115731,0.2907251246418416,12,True,2,0,-1
0.8298680841849624,0.2907903679177064,12,True,2,0,-1
0.843006593667871,0.3065096478494185,12,True,2,0,-1
0.8286070929694432,0.2941590957281965,12,True,2,0,-1
0.7829556020702334,0.1890478287581486,12,True,2,0,-1
0.8753709734257777,0.4061665769571623,12,True,2,0,-1
0.8250257930021356,0.2880284025727598,12,True,2,0,-1
0.8068231512892255,0.2396385522517085,12,True,2,0,-1
0.825131937043846,0.2851098533657375,12,True,2,0,-1
0.8295029486814787,0.2882872009003572,12,True,2,0,-1
0.8107610952366799,0.23028810343234,12,True,2,0,-1
0.834606354206913,0.2844943917967454,12,True,2,0,-1
0.8606403033172136,0.3453250474372984,12,True,2,0,-1
0.8307331581249018,0.3089791058409042,12,True,2,0,-1
0.8301260142063186,0.2982846455387191,12,True,2,0,-1
0.8366559956523401,0.3112310862461737,12,True,2,0,-1
0.817306998288958,0.2754364503308378,12,True,2,0,-1
0.8319230328324749,0.3002647789612183,12,True,2,0,-1
0.8290168089704453,0.284729267589859,12,True,2,0,-1
0.8304731052227114,0.2907729697108092,12,True,2,0,-1
0.8323009056209639,0.2871269579778934,12,True,2,0,-1
0.8282292201809544,0.2840159411070696,12,True,2,0,-1
0.8078538099342332,0.2543791830454474,12,True,2,0,-1
0.8251712103392788,0.2973647153490243,12,True,2,0,-1
0.8297449570965784,0.2929673185557313,12,True,2,0,-1
0.8378448089194961,0.2914134412022161,12,True,2,0,-1
0.8301483044550777,0.2893332680900575,12,True,2,0,-1
0.9032497059810044,0.462367134787171,12,True,2,0,-1
0.849674562368116,0.3279344522555144,12,True,2,0,-1
0.8292588173855449,0.2896670961848994,12,True,2,0,-1
0.8265309155135886,0.2972690252110891,12,True,2,0,-1
0.8336574264740223,0.2909132427539186,12,True,2,0,-1
0.8316810244173753,0.2832634686587613,12,True,2,0,-1
0.8296281986506969,0.2965209023145052,12,True,2,0,-1
0.8252465726088932,0.2896866691676589,12,True,2,0,-1
0.8155948948961699,0.2727103687876168,12,True,2,0,-1
0.8179035278033703,0.270654118209942,12,True,2,0,-1
0.8462864445567213,0.3249158633588326,12,True,2,0,-1
0.8257496953666003,0.2722264811582856,12,True,2,0,-1
0.8330131321408404,0.3057865348752494,12,True,2,0,-1
0.8373438090426232,0.3036617788579164,12,True,2,0,-1
0.8303393637301564,0.2932641754609165,12,True,2,0,-1
0.82425094149765,0.281026711684527,12,True,2,0,-1
0.8490812171749551,0.3212959489362627,12,True,2,0,-1
0.8436010003014491,0.3297623513676622,12,True,2,0,-1
0.8286983768453141,0.2916842007970553,12,True,2,0,-1
0.83031601204098,0.2852599129002267,12,True,2,0,-1
0.8433844664563599,0.3154653748498045,12,True,2,0,-1
0.8244993185552523,0.2920397766505189,12,True,2,0,-1
0.8027631416938041,0.2145894838713185,12,True,2,0,-1
0.8317754926144976,0.3022633979785458,12,True,2,0,-1
0.8309072343533068,0.2900857405383658,12,True,2,0,-1
0.8382354189929903,0.3003843916336373,12,True,2,0,-1
0.8231332447384399,0.2827828431932234,12,True,2,0,-1
0.860419523710456,0.3718594877315456,12,True,2,0,-1
0.8051864101660517,0.2279252094581002,12,True,2,0,-1
0.8281421820667518,0.2905609290642483,12,True,2,0,-1
0.8310855563433802,0.2925171399522637,12,True,2,0,-1
0.8310048868716804,0.2839311248484453,12,True,2,0,-1
0.8534808877038497,0.3461351514459541,12,True,2,0,-1
0.8316927002619635,0.2912688186073823,12,True,2,0,-1
0.8417583397373571,0.3209208001000397,12,True,2,0,-1
0.826935324312505,0.2971820341766026,12,True,2,0,-1
0.828573126876096,0.3050362372028032,12,True,2,0,-1
0.8360021483554042,0.316901814306763,12,True,2,0,-1
0.8326108462227582,0.303201813763069,12,True,2,0,-1
0.8255448373660993,0.2729213220462466,12,True,2,0,-1
0.8317585095678239,0.2867181001158068,12,True,2,0,-1
0.7914810915004097,0.2057544569312825,12,True,2,0,-1
0.8233508400239461,0.2874934077106678,12,True,2,0,-1
0.8224093423739752,0.285304495805401,12,True,2,0,-1
0.8373512391255429,0.3094912655564436,12,True,2,0,-1
0.818473521307355,0.2763074480636339,12,True,2,0,-1
0.8459860569186809,0.3282215226693199,12,True,2,0,-1
0.8559381222694445,0.3539850049204304,12,True,2,0,-1
0.8231088316088465,0.2837158220380912,12,True,2,0,-1
0.8373183344726127,0.3056516987717953,12,True,2,0,-1
0.8382821223713428,0.3194212921430785,12,True,2,0,-1
0.8273291187072505,0.2968427691421053,12,True,2,0,-1
0.9110863205804806,0.4743958200807929,12,True,2,0,-1
0.8264767820523162,0.2947876059523615,12,True,2,0,-1
0.8544457370429969,0.3435819645837751,12,True,2,0,-1
0.7715971281668075,0.1675284216020486,12,True,2,0,-1
0.7821393543894807,0.1697434308176613,12,True,2,0,-1
0.8233105052880961,0.2567953590283101,12,True,2,0,-1
0.8286113387311117,0.2931510871160841,12,True,2,0,-1
0.8105753431636868,0.2576108999766212,12,True,2,0,-1
0.8250862951059105,0.2772991458567801,12,True,2,0,-1
0.8283873748031028,0.2882110837451815,12,True,2,0,-1
0.8353451167372171,0.2973951622110946,12,True,2,0,-1
0.8311269525196473,0.2868714218140893,12,True,2,0,-1
0.828952061105002,0.2886949713745127,12,True,2,0,-1
0.8420810176241567,0.3301918696004393,12,True,2,0,-1
0.8297842303920112,0.2921735253660419,12,True,2,0,-1
0.8253389179251812,0.2877848276761976,12,True,2,0,-1
0.8534034025534011,0.3450162292648714,12,True,2,0,-1
0.840189530800878,0.3182947582464782,12,True,2,0,-1
0.8292184826496949,0.2943689615988952,12,True,2,0,-1
0.8323847594139151,0.2778287037792167,12,True,2,0,-1
0.8321109077863024,0.3080787486339689,12,True,2,0,-1
0.8643712663833328,0.3643162776536343,12,True,2,0,-1
0.8310537131308671,0.285691605908866,12,True,2,0,-1
0.8358397479715873,0.3222311025569927,12,True,2,0,-1
0.8462694615100476,0.3101360865995748,12,True,2,0,-1
0.8139125118350606,0.2373017555878147,12,True,2,0,-1
0.8542355718404103,0.3594850130758398,12,True,2,0,-1
0.8253548395314377,0.29220179745225,12,True,2,0,-1
0.8289180950116546,0.2978377290990447,12,True,2,0,-1
0.8351317672133792,0.2912514204004849,12,True,2,0,-1
0.8289955801621032,0.2835005192277371,12,True,2,0,-1
0.7956037260804402,0.2270150657597851,12,True,2,0,-1
0.8252030535517919,0.296973255693835,12,True,2,0,-1
0.8359628750599714,0.2983846852283786,12,True,2,0,-1
0.8236788251128311,0.2617875570199046,12,True,2,0,-1
0.8263165045493336,0.2920115045643108,12,True,2,0,-1
0.8338007209303313,0.2851957570122929,12,True,2,0,-1
0.8182676018664369,0.2793575712103171,12,True,2,0,-1
0.8288066437678587,0.2880207908572422,12,True,2,0,-1
0.8230090562096387,0.2884970667710559,12,True,2,0,-1
0.8377089445461069,0.3201487546689719,12,True,2,0,-1
0.8370699574150104,0.2925030039091596,12,True,2,0,-1
0.8067605263046164,0.2484148602434661,12,True,2,0,-1
0.8096741802495658,0.2437782381053352,12,True,2,0,-1
0.8255183013556717,0.2943319904092384,12,True,2,0,-1
0.829957245179999,0.2903206163314793,12,True,2,0,-1
0.8149835052159182,0.2681433394770751,12,True,2,0,-1
0.8359543835366345,0.2865147585726946,12,True,2,0,-1
0.8288172581720298,0.2822152266931989,12,True,2,0,-1
0.8285168705339895,0.2722297433220789,12,True,2,0,-1
0.8233975434022986,0.2816030272880001,12,True,2,0,-1
0.8431265364350038,0.3093151087116084,12,True,2,0,-1
0.8407436026986062,0.2979116714783583,12,True,2,0,-1
0.8355096400018681,0.288765651590033,12,True,2,0,-1
0.8022037625939905,0.2428833178380553,12,True,2,0,-1
0.8282398345851254,0.3000755734612101,12,True,2,0,-1
0.8350097015654123,0.285678557253693,12,True,2,0,-1
0.832127890832976,0.2868224893571906,12,True,2,0,-1
0.8302342811288631,0.290543530857351,12,True,2,0,-1
0.8565335903434397,0.3550919658342712,12,True,2,0,-1
0.8430734644141485,0.3185774791085594,12,True,2,0,-1
0.8327201745857198,0.2811441495810838,12,True,2,0,-1
0.8355467904164667,0.3037194104182638,12,True,2,0,-1
0.8321045391437997,0.3084212758322595,12,True,2,0,-1
0.8465783406714248,0.3216743599362791,12,True,2,0,-1
0.8726027368179715,0.3782228819042337,12,True,2,0,-1
0.8452356185437887,0.3239448259363769,12,True,2,0,-1
0.8478648064569544,0.347563979187395,12,True,2,0,-1
0.8134985500723902,0.2623116780026858,12,True,2,0,-1
0.8112896925643975,0.2550805482609948,12,True,2,0,-1
0.8338198268578392,0.2920234658315527,12,True,2,0,-1
0.8183058137214526,0.2745882877445943,12,True,2,0,-1
0.8315770032564992,0.2918592702539594,12,True,2,0,-1
0.8633193789299831,0.357308062437815,12,True,2,0,-1
0.7994641848774461,0.2182441947076829,12,True,2,0,-1
0.8298065206407703,0.2928096473057245,12,True,2,0,-1
0.8057712638358758,0.2513703806401453,12,True,2,0,-1
0.8432953054613233,0.3066336100735617,12,True,2,0,-1
0.8334907803285371,0.2964078139696727,12,True,2,0,-1
0.8292450186601226,0.2902542856676833,12,True,2,0,-1
0.82780570545453,0.2911622545901363,12,True,2,0,-1
0.8260384071600525,0.2881491026331099,12,True,2,0,-1
0.8346541190256827,0.2927030832884786,12,True,2,0,-1
0.7961238318848209,0.2245978023889913,12,True,2,0,-1
0.8553946647758874,0.3501139038857808,12,True,2,0,-1
0.8195890951857309,0.2690676192184943,12,True,2,0,-1
0.8295698194277562,0.2853566904260929,12,True,2,0,-1
0.8332689392813624,0.2899846134607752,12,True,2,0,-1
0.8396715478773314,0.3064302685304496,12,True,2,0,-1
0.868726356414709,0.3746616864299423,12,True,2,0,-1
0.8392894293271741,0.3154066559015261,12,True,2,0,-1
0.8047236221441946,0.2188890157508141,12,True,2,0,-1
0.8496013229793359,0.3262642243933734,12,True,2,0,-1
0.8302183595226066,0.2917070359436081,12,True,2,0,-1
0.8062722637127487,0.2510104552349573,12,True,2,0,-1
0.8389816116062141,0.2965872329783012,12,True,2,0,-1
0.8226067702915565,0.2810549837707351,12,True,2,0,-1
0.8432560321658904,0.3187155773758067,12,True,2,0,-1
0.8627557540685011,0.3505173248082119,12,True,2,0,-1
0.8218807450462575,0.2779178695895654,12,True,2,0,-1
0.8302650629009591,0.2918364351074067,12,True,2,0,-1
0.8325460983573149,0.2931434754005665,12,True,2,0,-1
0.8270191781054562,0.2985543177456273,12,True,2,0,-1
0.8710466651664975,0.3824745687147618,12,True,2,0,-1
0.8280052562529455,0.2960326651334496,12,True,2,0,-1
0.8324707360877005,0.3016664220043821,12,True,2,0,-1
0.8327244203473883,0.2932478646419503,12,True,2,0,-1
0.8313434863647364,0.304377280116568,12,True,2,0,-1
0.8313158889138917,0.2986945907887368,12,True,2,0,-1
0.8112758938389752,0.2529688408988348,12,True,2,0,-1
0.8285699425548446,0.2831297199432383,12,True,2,0,-1
0.8302257896055263,0.2899530792107738,12,True,2,0,-1
0.8317818612570002,0.2913634213573863,12,True,2,0,-1
0.8400685265933282,0.3093140213236773,12,True,2,0,-1
0.8316353824794399,0.287469485176184,12,True,2,0,-1
0.8281379363050835,0.2901607703056104,12,True,2,0,-1
0.842360176453855,0.3363562717817395,12,True,2,0,-1
0.8288353026591205,0.2888841768745209,12,True,2,0,-1
0.8685703246733948,0.3837294143872297,12,True,2,0,-1
0.7909450640897724,0.2156899204575728,12,True,2,0,-1
0.8284340781814553,0.2833493723053167,12,True,2,0,-1
0.8353674069859762,0.2929640563919381,12,True,2,0,-1
0.8338962505678706,0.2900194098745698,12,True,2,0,-1
0.8263027058239113,0.2845335377622643,12,True,2,0,-1
0.8309167873170608,0.2883122108227721,12,True,2,0,-1
0.8296441202569534,0.2924627705557096,12,True,2,0,-1
0.8294880885156393,0.2904326172883807,12,True,2,0,-1
0.8714967159033494,0.3770702506972875,12,True,2,0,-1
0.8594419370863036,0.3521897274462151,12,True,2,0,-1
0.8607963350585278,0.3476161738080869,12,True,2,0,-1
0.8333835748464096,0.3077525322546445,12,True,2,0,-1
0.8323582234034874,0.2881164809951774,12,True,2,0,-1
0.8371092307104433,0.2891364508745317,12,True,2,0,-1
0.7963753932636746,0.2071408765434112,12,True,2,0,-1
0.8326968228965436,0.2912949159177282,12,True,2,0,-1
0.8638278088897757,0.3682026021193191,12,True,2,0,-1
0.8257995830662042,0.2677236077356777,12,True,2,0,-1
0.8227447575457799,0.2814801524517879,12,True,2,0,-1
0.8294063576035223,0.2783245526757898,12,True,2,0,-1
0.8382375418738245,0.3165788600912319,12,True,2,0,-1
0.8223828063635475,0.2767521897274462,12,True,2,0,-1
0.8379265398316131,0.3202498817465625,12,True,2,0,-1
0.8403073506871765,0.3314554143763558,12,True,2,0,-1
0.8294795969923024,0.2889972652193533,12,True,2,0,-1
0.8316757172152899,0.2904695884780375,12,True,2,0,-1
0.8330895558508719,0.287896828633099,12,True,2,0,-1
0.8249238947220937,0.2632272586406563,12,True,2,0,-1
0.8427369878019267,0.3082614298063906,12,True,2,0,-1
0.8418602380173992,0.3034932337285988,12,True,2,0,-1
0.8557470629943659,0.3513513513513513,12,True,2,0,-1
0.829116584369653,0.2948865582540899,12,True,2,0,-1
0.8317128676298885,0.2894572303142007,12,True,2,0,-1
0.8304911497098022,0.2931075915988408,12,True,2,0,-1
0.810177303007273,0.2332599346479853,12,True,2,0,-1
0.8266476739594699,0.2894398321073034,12,True,2,0,-1
0.8296717177077982,0.3006877728664089,12,True,2,0,-1
0.8266253837107108,0.2993394118318681,12,True,2,0,-1
0.8270382840329641,0.2728180201927939,12,True,2,0,-1
0.8307915373478425,0.2842171078743197,12,True,2,0,-1
0.8278800062837273,0.2870258309003028,12,True,2,0,-1
0.8216153849419817,0.2857894708226633,12,True,2,0,-1
0.8330778800062837,0.3064976865821766,12,True,2,0,-1
0.8215761116465489,0.269024123701251,12,True,2,0,-1
0.8248633926183188,0.2908893202194348,12,True,2,0,-1
0.8287939064828534,0.2926226165815785,12,True,2,0,-1
0.8299880269520951,0.2912796924866931,12,True,2,0,-1
0.834442892382679,0.2932511268057435,12,True,2,0,-1
0.824825180763303,0.2959989561075861,12,True,2,0,-1
0.8502870134887848,0.3269144823761601,12,True,2,0,-1
0.8370200697154065,0.2911154969090998,12,True,2,0,-1
0.791248636049064,0.2156703474748133,12,True,2,0,-1
0.8537982583885636,0.3399772735922404,12,True,2,0,-1
0.827017055224622,0.2826893278311504,12,True,2,0,-1
0.8251032781525842,0.2819792635121543,12,True,2,0,-1
0.828716421332405,0.2890918679693574,12,True,2,0,-1
0.8321735327709114,0.2818857481500813,12,True,2,0,-1
0.8241532889792764,0.2875716996417057,12,True,2,0,-1
0.8293140122872342,0.2897671358745589,12,True,2,0,-1
0.8298627769828768,0.2906609687539078,12,True,2,0,-1
0.8299901498329293,0.2905065596676942,12,True,2,0,-1
0.8316831472982096,0.291518917831531,12,True,2,0,-1
0.8322722467297021,0.2910502536332349,12,True,2,0,-1
0.8346711020723563,0.3117845667030942,12,True,2,0,-1
0.8170416381846821,0.2572531493472954,12,True,2,0,-1
0.829782107511177,0.2912307600297944,12,True,2,0,-1
0.8326108462227582,0.3046676126941667,12,True,2,0,-1
0.8277452033507551,0.2889287597796952,12,True,2,0,-1
0.7854170823974967,0.1935496147928254,12,True,2,0,-1
0.8270595128413062,0.2993394118318681,12,True,2,0,-1
0.8213946053352241,0.2837473562880925,12,True,2,0,-1
0.8348069664457455,0.287201987745138,12,True,2,0,-1
0.8134868742278021,0.2358055097946468,12,True,2,0,-1
0.8505491892718094,0.3429882507734046,12,True,2,0,-1
0.8301185841233988,0.2845400620898509,12,True,2,0,-1
0.8095298243528398,0.2488041451227932,12,True,2,0,-1
0.8319485074024855,0.291639617891881,12,True,2,0,-1
0.8227819079603785,0.2610764053129774,12,True,2,0,-1
0.822438001265237,0.2870138696330609,12,True,2,0,-1
0.8273461017539241,0.2896573096935197,12,True,2,0,-1
0.8262337121967995,0.2968993133145215,12,True,2,0,-1
0.8327774923682434,0.3116040603065346,12,True,2,0,-1
0.8473309019271512,0.323557715832912,12,True,2,0,-1
0.8392459102700729,0.3099577549788775,12,True,2,0,-1
0.8212629867235033,0.2547434580023596,12,True,2,0,-1
0.82950613300273,0.2877859150641287,12,True,2,0,-1
0.8372737539750944,0.2992480712456572,12,True,2,0,-1
0.8425820175010296,0.3019067347371511,12,True,2,0,-1
0.8291240144525727,0.2892930347366074,12,True,2,0,-1
0.8250321616446382,0.2736520467359333,12,True,2,0,-1
0.8306790246636295,0.2946027500040777,12,True,2,0,-1
0.8398392554632338,0.307158818444274,12,True,2,0,-1
0.8140016728300974,0.2525382352781266,12,True,2,0,-1
0.8004534473461866,0.2052205494571215,12,True,2,0,-1
0.8320270539933511,0.2943493886161357,12,True,2,0,-1
0.8101709343647704,0.2595421009422216,12,True,2,0,-1
0.82834810150767,0.2887352047279627,12,True,2,0,-1
0.8359756123449766,0.2896866691676589,12,True,2,0,-1
0.8259195258333368,0.2920865343315554,12,True,2,0,-1
0.8334430155097674,0.2896236006676562,12,True,2,0,-1
0.8293363025359934,0.294874596986848,12,True,2,0,-1
0.8776605004054703,0.410934773034954,12,True,2,0,-1
0.8296833935523863,0.294821314978225,12,True,2,0,-1
0.8345596508285604,0.2995916858318789,12,True,2,0,-1
0.839410433534724,0.3026711684527013,12,True,2,0,-1
0.8294923342773077,0.2712869779858313,12,True,2,0,-1
0.828512624772321,0.2814453560379933,12,True,2,0,-1
0.8298330566511979,0.2912503330125539,12,True,2,0,-1
0.8272463263547164,0.2860852403399174,12,True,2,0,-1
0.8230610667900768,0.2668091144856383,12,True,2,0,-1
0.8362675084596801,0.2929716681074557,12,True,2,0,-1
0.8285879870419354,0.299792852599129,12,True,2,0,-1
0.8293447940593303,0.2928564049867611,12,True,2,0,-1
0.8384806117293412,0.2998831057974087,12,True,2,0,-1
0.8563170564983505,0.3434112446785953,12,True,2,0,-1
0.8327997826170026,0.2838550076932696,12,True,2,0,-1
0.8153666852064926,0.262220337416475,12,True,2,0,-1
0.8293543470230842,0.2882339188917342,12,True,2,0,-1
0.3804616416662067,0.8320909926220729,12,True,3,0,-1
0.410138454288007,0.8285363214753679,12,True,3,0,-1
0.4050913051046793,0.7984135010085524,12,True,3,0,-1
0.4551626339007086,0.866510082804591,12,True,3,0,-1
0.440078504133249,0.8391861988723787,12,True,3,0,-1
0.3708290698809913,0.743527595187221,12,True,3,0,-1
0.4175770287310692,0.7834347322579067,12,True,3,0,-1
0.371061525332337,0.7418954259026679,12,True,3,0,-1
0.3807683979467496,0.8030892691122021,12,True,3,0,-1
0.4291987398579368,0.7926307719910617,12,True,3,0,-1
0.4204981127589384,0.7889543133960756,12,True,3,0,-1
0.4261863719541967,0.8133726967764385,12,True,3,0,-1
0.4381848944291361,0.7966802046464087,12,True,3,0,-1
0.3855119751707858,0.801282030370745,12,True,3,0,-1
0.4187828250448989,0.7830682825251323,12,True,3,0,-1
0.4303344811042377,0.7856812757235208,12,True,3,0,-1
0.4769094251663277,0.826251719432166,12,True,3,0,-1
0.4491421438548968,0.8176102475438625,12,True,3,0,-1
0.3473500078546591,0.8182170100094059,12,True,3,0,-1
0.4171057491858752,0.8177798800611112,12,True,3,0,-1
0.3535010550717746,0.8229688952682315,12,True,3,0,-1
0.448406565645844,0.7656004828002414,12,True,3,0,-1
0.420965146542464,0.7992714500861755,12,True,3,0,-1
0.4244328723851415,0.8071963333278964,12,True,3,0,-1
0.4278942295853165,0.8378041288119743,12,True,3,0,-1
0.4035309876915369,0.802846781603571,12,True,3,0,-1
0.4349262723486279,0.7878125560684403,12,True,3,0,-1
0.4646200680171019,0.8015397413104112,12,True,3,0,-1
0.4198867230786867,0.7989104372930564,12,True,3,0,-1
0.3924325666903014,0.7607137614379618,12,True,3,0,-1
0.4200788437941825,0.7996411619827432,12,True,3,0,-1
0.4496388979701013,0.796898769620556,12,True,3,0,-1
0.4086089186469607,0.7590935534206505,12,True,3,0,-1
0.3922627362235648,0.7390399451956483,12,True,3,0,-1
0.48152244521906,0.865535783218342,12,True,3,0,-1
0.5007652985407317,0.7914835777237709,12,True,3,0,-1
0.4433084673224953,0.7981525279050928,12,True,3,0,-1
0.4593224188953377,0.8666547053994248,12,True,3,0,-1
0.4217760870211312,0.7906636872237355,12,True,3,0,-1
0.4098762785049824,0.8006633066379596,12,True,3,0,-1
0.4433986897579491,0.8081488851555236,12,True,3,0,-1
0.4250899040033287,0.8081597590348345,12,True,3,0,-1
0.4236505907977361,0.7562500339808729,12,True,3,0,-1
0.477209812804368,0.8389176140534016,12,True,3,0,-1
0.4010684459238565,0.7739820689730165,12,True,3,0,-1
0.4227865782982138,0.8035524963708428,12,True,3,0,-1
0.4112593353684684,0.8130932380781506,12,True,3,0,-1
0.3614034789771111,0.7911312640341005,12,True,3,0,-1
0.4818557375100306,0.8090666405693563,12,True,3,0,-1
0.4514985415808669,0.7749944271368532,12,True,3,0,-1
0.4529187488589515,0.8457735949588695,12,True,3,0,-1
0.4141570677071613,0.7411451282302218,12,True,3,0,-1
0.3998499123250215,0.831650600509985,12,True,3,0,-1
0.4116892187373954,0.7257999097468018,12,True,3,0,-1
0.4216635743369181,0.8062155094140611,12,True,3,0,-1
0.4483789681949993,0.7643565110070843,12,True,3,0,-1
0.4157566584157365,0.7976392808016224,12,True,3,0,-1
0.4118165915874478,0.7771507174041875,12,True,3,0,-1
0.3971772053547546,0.8185780228025249,12,True,3,0,-1
0.4896403415290686,0.7941107069652634,12,True,3,0,-1
0.3994019844690038,0.8084653150434683,12,True,3,0,-1
0.4656570953046122,0.7998303674827513,12,True,3,0,-1
0.4244551626339007,0.8031479880604805,12,True,3,0,-1
0.4295023118172285,0.7942618538876837,12,True,3,0,-1
0.3798736036751313,0.7353221658592811,12,True,3,0,-1
0.454828280169321,0.8028446068277089,12,True,3,0,-1
0.4165007281481261,0.8006752679052015,12,True,3,0,-1
0.4128047926157713,0.8413935963724739,12,True,3,0,-1
0.4215839663056354,0.786994840344267,12,True,3,0,-1
0.3985061287569683,0.7998575521810284,12,True,3,0,-1
0.4168340204390967,0.8215226693198933,12,True,3,0,-1
0.4163754781789079,0.7446421678165794,12,True,3,0,-1
0.4109769922175189,0.8006045876896812,12,True,3,0,-1
0.3787484768330014,0.831650600509985,12,True,3,0,-1
0.3998584038483583,0.7973456860602304,12,True,3,0,-1
0.5187259318385422,0.8477156698037809,12,True,3,0,-1
0.4183975221734903,0.8322203917858716,12,True,3,0,-1
0.4468101592585202,0.7951785219135853,12,True,3,0,-1
0.4427437810205962,0.8300412663719845,12,True,3,0,-1
0.3968969850846393,0.7609888705845254,12,True,3,0,-1
0.4230636142470778,0.8098952301728403,12,True,3,0,-1
0.4311103940491404,0.8002174775862163,12,True,3,0,-1
0.4189791915220631,0.8005719660517487,12,True,3,0,-1
0.4127697650820069,0.8186574021214938,12,True,3,0,-1
0.3800200824526916,0.8271422901477217,12,True,3,0,-1
0.4217463666894522,0.8059719345174988,12,True,3,0,-1
0.4676027155891631,0.793236447068674,12,True,3,0,-1
0.391711848647088,0.7565914737912324,12,True,3,0,-1
0.3988956773900454,0.8236419883975707,12,True,3,0,-1
0.3891251183506065,0.8049574015777999,12,True,3,0,-1
0.4466880936105533,0.7803530748612221,12,True,3,0,-1
0.4443210814804121,0.7385310476439022,12,True,3,0,-1
0.3725698321650412,0.7359039184024097,12,True,3,0,-1
0.4278475262069639,0.7937834031980079,12,True,3,0,-1
0.3945586318457599,0.8024466228449331,12,True,3,0,-1
0.4063522963201983,0.8296106607512763,12,True,3,0,-1
0.4824596971073626,0.8274130497425609,12,True,3,0,-1
0.4100779521842321,0.7717616228177483,12,True,3,0,-1
0.4712084286860641,0.8068777286640896,12,True,3,0,-1
0.4526746175630177,0.8105411386039026,12,True,3,0,-1
0.4059733620912923,0.8000478450689675,12,True,3,0,-1
0.4183253442251273,0.8001544090862136,12,True,3,0,-1
0.4301147629378972,0.804063568698451,12,True,3,0,-1
0.4214884366680961,0.7981340423102644,12,True,3,0,-1
0.4290214793082805,0.7463091335149271,12,True,3,0,-1
0.4220414471254071,0.7957874591549908,12,True,3,0,-1
0.4201573903850481,0.801081950991426,12,True,3,0,-1
0.4205257102097831,0.8007970553534827,12,True,3,0,-1
0.4221136250737701,0.8008905707155556,12,True,3,0,-1
0.4663916120732478,0.8183670695438952,12,True,3,0,-1
0.4542943756395178,0.8352890005273832,12,True,3,0,-1
0.422839650319069,0.8702561342271662,12,True,3,0,-1
0.4219841293428835,0.7833716637579039,12,True,3,0,-1
0.4474820510425468,0.7927993171203793,12,True,3,0,-1
0.4031340089755402,0.7620621224725027,12,True,3,0,-1
0.3752457234565595,0.7971760535429817,12,True,3,0,-1
0.4239308110678515,0.7917206282927466,12,True,3,0,-1
0.4403725231287866,0.8232657521734166,12,True,3,0,-1
0.4010482785559315,0.8058599335605974,12,True,3,0,-1
0.4162895015051225,0.7854996819390302,12,True,3,0,-1
0.4114875450581457,0.8179788720524991,12,True,3,0,-1
0.3665281133108874,0.8040189857932767,12,True,3,0,-1
0.466495633234124,0.8208039058974484,12,True,3,0,-1
0.4348052681410781,0.8804949789862282,12,True,3,0,-1
0.4885735939098795,0.7986418524740794,12,True,3,0,-1
0.3450530507920468,0.7082973136081163,12,True,3,0,-1
0.4151654361034098,0.7821907604647496,12,True,3,0,-1
0.4114408416797931,0.8049747997846972,12,True,3,0,-1
0.4252565501488139,0.7604908469120901,12,True,3,0,-1
0.4011310709084656,0.8058479722933555,12,True,3,0,-1
0.4124683160035494,0.7836826567061932,12,True,3,0,-1
0.4011936958930747,0.7594730518085979,12,True,3,0,-1
0.4311624046295785,0.8415599667259293,12,True,3,0,-1
0.411552292923589,0.777571536533516,12,True,3,0,-1
0.4187191386198727,0.8456550696743816,12,True,3,0,-1
0.4147843789936695,0.7763841089127752,12,True,3,0,-1
0.4166716200552798,0.79699337237056,12,True,3,0,-1
0.4102488440913858,0.7603364378258766,12,True,3,0,-1
0.4273189288792463,0.7643543362312222,12,True,3,0,-1
0.4205469390181252,0.7388507396956401,12,True,3,0,-1
0.4189261195012079,0.8077606876641276,12,True,3,0,-1
0.4019069838533683,0.8385674751395934,12,True,3,0,-1
0.429395106335101,0.7293621926090242,12,True,3,0,-1
0.4076514993907332,0.8060795859226758,12,True,3,0,-1
0.4044799154244275,0.7848755212665894,12,True,3,0,-1
0.4060349256354844,0.7958331294480963,12,True,3,0,-1
0.4809195470621452,0.8473383461916956,12,True,3,0,-1
0.4232875781750867,0.8583209642956173,12,True,3,0,-1
0.3281623494346768,0.7356875282041244,12,True,3,0,-1
0.4232843938538354,0.8269552594235756,12,True,3,0,-1
0.4304363793842796,0.7550278099463374,12,True,3,0,-1
0.4788019734300234,0.7824278110337254,12,True,3,0,-1
0.404157237537628,0.8044300184312254,12,True,3,0,-1
0.4171630669683988,0.7871220647322036,12,True,3,0,-1
0.5016155123148317,0.8465684755364901,12,True,3,0,-1
0.4036063499611513,0.7595361203086007,12,True,3,0,-1
0.4222813326596725,0.7990604968275458,12,True,3,0,-1
0.4297613032790017,0.7800214215422423,12,True,3,0,-1
0.3891028281018473,0.815892174612754,12,True,3,0,-1
0.4318512794602788,0.801884443284564,12,True,3,0,-1
0.4361586046728853,0.7885084843443323,12,True,3,0,-1
0.4095875667115302,0.7943347088790661,12,True,3,0,-1
0.4345377851559681,0.8005643543362312,12,True,3,0,-1
0.4330836117845361,0.7732198100333284,12,True,3,0,-1
0.4396963855830916,0.7982982378878577,12,True,3,0,-1
0.4815532269911561,0.8021214938535397,12,True,3,0,-1
0.4166694971744456,0.7896513290598988,12,True,3,0,-1
0.4360938568074419,0.8627172737009792,12,True,3,0,-1
0.4132261844613614,0.8272912622942798,12,True,3,0,-1
0.4270843505470664,0.732286178755702,12,True,3,0,-1
0.3952273393085352,0.7205489134276098,12,True,3,0,-1
0.4169783763358227,0.800132661327592,12,True,3,0,-1
0.4026192103732449,0.7973326374050574,12,True,3,0,-1
0.3851521468693876,0.7596046257482588,12,True,3,0,-1
0.538872070955169,0.8485507837348514,12,True,3,0,-1
0.4550225237656509,0.8199970640525861,12,True,3,0,-1
0.4361925707662326,0.7818580197578388,12,True,3,0,-1
0.4179113824624568,0.7687386843693422,12,True,3,0,-1
0.3951795744897656,0.7816177070250697,12,True,3,0,-1
0.4214130743984817,0.8078226687761992,12,True,3,0,-1
0.3926034585974551,0.784681966214857,12,True,3,0,-1
0.4019282126617104,0.7890075954046986,12,True,3,0,-1
0.4817793137999991,0.8221990246130259,12,True,3,0,-1
0.3922818421510727,0.8015517025776531,12,True,3,0,-1
0.3793534978707505,0.8036155648708455,12,True,3,0,-1
0.4200427548200009,0.7974283275429926,12,True,3,0,-1
0.4638112504192689,0.8632283460285874,12,True,3,0,-1
0.4505825185009064,0.8361360757256955,12,True,3,0,-1
0.4081493149463548,0.7968357011205532,12,True,3,0,-1
0.4599423000989262,0.7883138419046687,12,True,3,0,-1
0.4300786739637157,0.770366504102171,12,True,3,0,-1
0.4203940915980622,0.7879995867925862,12,True,3,0,-1
0.4248394040648922,0.8010721645000463,12,True,3,0,-1
0.516684781916452,0.8783245526757899,12,True,3,0,-1
0.4424221645742138,0.879167278322378,12,True,3,0,-1
0.4072608893172391,0.7984809190602794,12,True,3,0,-1
0.4050159428350649,0.7704437086452778,12,True,3,0,-1
0.4076111646548833,0.8061372174830231,12,True,3,0,-1
0.3689174156897876,0.707492646539116,12,True,3,0,-1
0.4167406136823915,0.7974163662757507,12,True,3,0,-1
0.3845481872720557,0.7993834510430768,12,True,3,0,-1
0.4214438561705777,0.8000173982068973,12,True,3,0,-1
0.4553897821499688,0.8543172019333758,12,True,3,0,-1
0.3863494516598805,0.8233483936561788,12,True,3,0,-1
0.4186469606715096,0.8106139935952851,12,True,3,0,-1
0.4643833668040878,0.8033959125087671,12,True,3,0,-1
0.3995696920549061,0.7990974680172025,12,True,3,0,-1
0.393207418194787,0.8030055402415088,12,True,3,0,-1
0.4135180805760649,0.7687854420503787,12,True,3,0,-1
0.4009336429908843,0.8308992154496078,12,True,3,0,-1
0.4004835922540324,0.7518482876358555,12,True,3,0,-1
0.4065911204140466,0.8163988973886379,12,True,3,0,-1
0.3878736800988413,0.8051672674484985,12,True,3,0,-1
0.4137420445040738,0.8512301075970358,12,True,3,0,-1
0.3708821419018465,0.8111337650263419,12,True,3,0,-1
0.4682087980673293,0.791566219206533,12,True,3,0,-1
0.4280905960624806,0.7464374452907947,12,True,3,0,-1
0.4252915776825783,0.8020671244569857,12,True,3,0,-1
0.4276554054914681,0.8043245418019105,12,True,3,0,-1
0.4051061652705187,0.8038134694743023,12,True,3,0,-1
0.3971729595930862,0.8137848168023183,12,True,3,0,-1
0.3877494915700402,0.8102127474487161,12,True,3,0,-1
0.4356236387026651,0.7936833635083484,12,True,3,0,-1
0.4213281591651134,0.8217444964578338,12,True,3,0,-1
0.4309034131678052,0.8095461786469632,12,True,3,0,-1
0.4157163236798865,0.8553328222610057,12,True,3,0,-1
0.4395997945051352,0.776636382912786,12,True,3,0,-1
0.42029962340094,0.7964823000429518,12,True,3,0,-1
0.4215913963885551,0.782998689697543,12,True,3,0,-1
0.4197306913373724,0.7877951578615429,12,True,3,0,-1
0.3941425472022553,0.8273456316908339,12,True,3,0,-1
0.4092012023997045,0.7733731317316109,12,True,3,0,-1
0.4192955007663599,0.7859639965856019,12,True,3,0,-1
0.3735675861571186,0.8303228998461346,12,True,3,0,-1
0.4201138713279468,0.8197697999749901,12,True,3,0,-1
0.3907332005825185,0.8288005567426208,12,True,3,0,-1
0.4806796615278798,0.8172340113197084,12,True,3,0,-1
0.4798719053704639,0.8622170752526818,12,True,3,0,-1
0.4384353943675725,0.830875292915124,12,True,3,0,-1
0.3681277040194626,0.8166109380351988,12,True,3,0,-1
0.4159636392970717,0.7250180778243542,12,True,3,0,-1
0.4312420126608613,0.83004670331164,12,True,3,0,-1
0.3780447418364617,0.8215215819319621,12,True,3,0,-1
0.3881963579856408,0.7255084897812719,12,True,3,0,-1
0.3775946910996098,0.824379237414844,12,True,3,0,-1
0.4438126515206195,0.797794777275767,12,True,3,0,-1
0.3651588551728237,0.7970172949050438,12,True,3,0,-1
0.4355121874588691,0.8345408776307992,12,True,3,0,-1
0.4407631332022808,0.8051487818536702,12,True,3,0,-1
0.4184208738626666,0.7514590027565284,12,True,3,0,-1
0.4307070466906411,0.8071669738537572,12,True,3,0,-1
0.4457603946860047,0.7499192614461172,12,True,3,0,-1
0.4747525782387731,0.8338014538376639,12,True,3,0,-1
0.3903935396490453,0.7593175553344533,12,True,3,0,-1
0.435366770121726,0.7771365813610834,12,True,3,0,-1
0.3867782735883904,0.7973380743447128,12,True,3,0,-1
0.4217219535598588,0.8389567600189205,12,True,3,0,-1
0.4325751818247434,0.8354357978980791,12,True,3,0,-1
0.4030841212759363,0.806121994051988,12,True,3,0,-1
0.4827569004241516,0.7912802361806587,12,True,3,0,-1
0.3458777899961363,0.8014799349742017,12,True,3,0,-1
0.4136221017369411,0.7666389382744241,12,True,3,0,-1
0.4775919313545253,0.7931744659566023,12,True,3,0,-1
0.4759435143867634,0.8447525376915842,12,True,3,0,-1
0.4193920918443164,0.8718828665720639,12,True,3,0,-1
0.4138195296545224,0.7607583443431362,12,True,3,0,-1
0.44897974347108,0.809944162629739,12,True,3,0,-1
0.4667376416492236,0.8344158280187248,12,True,3,0,-1
0.4282657337313027,0.8285461079667477,12,True,3,0,-1
0.4843448152881386,0.7840175721889663,12,True,3,0,-1
0.3950054982613606,0.8028130725777075,12,True,3,0,-1
0.4551605110198744,0.8294203678633371,12,True,3,0,-1
0.5061192040046024,0.832572705475542,12,True,3,0,-1
0.4144935443193832,0.7793689887835935,12,True,3,0,-1
0.4355429692309652,0.8268160737683973,12,True,3,0,-1
0.3583762509075315,0.8116361382505015,12,True,3,0,-1
0.4080017747283774,0.7988789030430551,12,True,3,0,-1
0.452739365428461,0.7744594322747612,12,True,3,0,-1
0.4454642528096328,0.7688920060676246,12,True,3,0,-1
0.4291509750391671,0.7528117133427936,12,True,3,0,-1
0.4778891346713144,0.7830095635768538,12,True,3,0,-1
0.4260112342853746,0.7922762835255291,12,True,3,0,-1
0.3999316432371385,0.8154517825006661,12,True,3,0,-1
0.3979053534808877,0.7480576533081059,12,True,3,0,-1
0.3981218873259768,0.7664192859123456,12,True,3,0,-1
0.4310668749920392,0.8015212557155829,12,True,3,0,-1
0.4123144071430694,0.8210213834836647,12,True,3,0,-1
0.4242418131100628,0.7906506385685625,12,True,3,0,-1
0.4480499216656972,0.7990267878016822,12,True,3,0,-1
0.4139394724216551,0.8535582051574809,12,True,3,0,-1
0.3990824909034556,0.802206310112164,12,True,3,0,-1
0.4276978631081523,0.823377753130318,12,True,3,0,-1
0.3652671220953683,0.8258830949235294,12,True,3,0,-1
0.4278751236578086,0.8189466473111615,12,True,3,0,-1
0.4116170407890323,0.783118302369962,12,True,3,0,-1
0.3482564779708655,0.8112207560608284,12,True,3,0,-1
0.4646126379341822,0.8098212877935268,12,True,3,0,-1
0.3974446883398647,0.8550207419247854,12,True,3,0,-1
0.4520027257789911,0.7801258107836261,12,True,3,0,-1
0.4208865999515983,0.7993040717241079,12,True,3,0,-1
0.4242046626954642,0.8195186133629103,12,True,3,0,-1
0.3782347396711233,0.8094711488797186,12,True,3,0,-1
0.3497902593735803,0.8198872378715468,12,True,3,0,-1
0.4635639348020838,0.7523539230238083,12,True,3,0,-1
0.4931154974546659,0.8248054934838278,12,True,3,0,-1
0.407056031316738,0.725014815660561,12,True,3,0,-1
0.3958748179629685,0.8335622284928259,12,True,3,0,-1
0.3744613189883199,0.7841556704562136,12,True,3,0,-1
0.4690675033647661,0.8331087877255651,12,True,3,0,-1
0.4981838754463357,0.785978132628706,12,True,3,0,-1
0.4325932263118342,0.8309133514927117,12,True,3,0,-1
0.4227929469407164,0.8354412348377346,12,True,3,0,-1
0.4428329420156329,0.7659397478347388,12,True,3,0,-1
0.4209768223870521,0.7965149216808842,12,True,3,0,-1
0.8045463615945383,0.76110413370522,12,True,4,0,-1
0.853545635569293,0.7327950763074481,12,True,4,0,-1
0.7747326231589315,0.7944836810256243,12,True,4,0,-1
0.9078765247591593,0.7043838044441545,12,True,4,0,-1
0.8580249141294702,0.7513339531444541,12,True,4,0,-1
0.8290677581104662,0.7592262147482425,12,True,4,0,-1
0.8611784536086852,0.7962528611894937,12,True,4,0,-1
0.8206887474578503,0.7761100871541426,12,True,4,0,-1
0.8392087598554743,0.7126131563065782,12,True,4,0,-1
0.8318561620861975,0.7651633528519467,12,True,4,0,-1
0.8755047149183328,0.6564713174248479,12,True,4,0,-1
0.8323040899422152,0.7395401436439457,12,True,4,0,-1
0.8525807862301458,0.742324944135445,12,True,4,0,-1
0.8516159368909986,0.7407014739543406,12,True,4,0,-1
0.8401874079200439,0.7312651214884166,12,True,4,0,-1
0.8068019224808834,0.7864815932407966,12,True,4,0,-1
0.8862326932139991,0.7207424684793423,12,True,4,0,-1
0.8317680625315779,0.7445714876010591,12,True,4,0,-1
0.8182400044155921,0.755476901161874,12,True,4,0,-1
0.8447123284181566,0.7419378340319801,12,True,4,0,-1
0.8719244763914422,0.7071860031425511,12,True,4,0,-1
0.8621220741394903,0.761398815834543,12,True,4,0,-1
0.8132724632635472,0.7071348959097903,12,True,4,0,-1
0.8544595357684192,0.7110168708237508,12,True,4,0,-1
0.8630051925665204,0.7938856176635295,12,True,4,0,-1
0.8472714612637934,0.8121037150608665,12,True,4,0,-1
0.8892588598431616,0.7157894164532668,12,True,4,0,-1
0.8584441830942262,0.6538561494505972,12,True,4,0,-1
0.8670821852086155,0.7466842823511501,12,True,4,0,-1
0.8026240929991636,0.7929515514307307,12,True,4,0,-1
0.8536772541810138,0.7208522946603816,12,True,4,0,-1
0.8605606952859308,0.7175335866947212,12,True,4,0,-1
0.894108581108908,0.7443855442648442,12,True,4,0,-1
0.8441593179608455,0.7104525164875195,12,True,4,0,-1
0.8583263632079277,0.6570911285455643,12,True,4,0,-1
0.8120051034055255,0.7833303430165228,12,True,4,0,-1
0.9133981378089322,0.7125022427376079,12,True,4,0,-1
0.7935827435262749,0.7353961082385947,12,True,4,0,-1
0.8547089742664385,0.7427881713940857,12,True,4,0,-1
0.8427263733977557,0.7472779961615206,12,True,4,0,-1
0.8714723027737561,0.7468734878511584,12,True,4,0,-1
0.8715572180071244,0.7486557166702007,12,True,4,0,-1
0.8581119522436728,0.7730240802057338,12,True,4,0,-1
0.8523876040742329,0.7363714952127747,12,True,4,0,-1
0.8863568817428003,0.7810435661974587,12,True,4,0,-1
0.8595417124855114,0.740706910893996,12,True,4,0,-1
0.8657033741067979,0.7394977355146335,12,True,4,0,-1
0.8475633573784969,0.8153354319920403,12,True,4,0,-1
0.8529544132569662,0.7072392851511741,12,True,4,0,-1
0.8409972869582939,0.6946081869437332,12,True,4,0,-1
0.8599089708698292,0.7051101795821169,12,True,4,0,-1
0.8934441194078011,0.6638731670717186,12,True,4,0,-1
0.8460953852816426,0.7573743931016109,12,True,4,0,-1
0.8010595298243528,0.7677111027744703,12,True,4,0,-1
0.8318954353816302,0.7188830351171932,12,True,4,0,-1
0.8260352228388012,0.7212198317810871,12,True,4,0,-1
0.9149128132841392,0.7355700903075677,12,True,4,0,-1
0.8905824760432898,0.7057865348752494,12,True,4,0,-1
0.8652448318466092,0.7365922349627841,12,True,4,0,-1
0.8696232735671616,0.7450107923252159,12,True,4,0,-1
0.871665484929669,0.7471475096097908,12,True,4,0,-1
0.8706624237355061,0.7369423738765923,12,True,4,0,-1
0.9072226774622232,0.690464151538382,12,True,4,0,-1
0.8942624899693881,0.7575255400240313,12,True,4,0,-1
0.8495960157772504,0.721486241824202,12,True,4,0,-1
0.8470581117399556,0.7406492793336487,12,True,4,0,-1
0.8755758314262787,0.6870769381330637,12,True,4,0,-1
0.8774386593582956,0.7266350236778722,12,True,4,0,-1
0.8213786837289676,0.7322383336867344,12,True,4,0,-1
0.8513505767867227,0.7413017120922974,12,True,4,0,-1
0.8561896836482981,0.6479298852262039,12,False,4,1,-1
0.8496989754977095,0.7580137772050868,12,False,4,1,-1
0.8435320066743374,0.7134417459100622,12,False,4,1,-1
0.8686701000726025,0.7777640041973174,12,False,4,1,-1
0.9018379902262568,0.7553496767739375,12,False,4,1,-1
0.8451390274658322,0.7416659870492097,12,False,4,1,-1
0.8293479783805816,0.7464124353683799,12,False,4,1,-1
0.8798789108772168,0.7588434541965019,12,False,4,1,-1
0.8430702800928973,0.7308703996694341,12,False,4,1,-1
0.8684716107146041,0.7595306833689452,12,False,4,1,-1
0.8708428686064137,0.7332637405057442,12,False,4,1,-1
0.81706074411219,0.7208696928672789,12,False,4,1,-1
0.8561896836482981,0.6479298852262039,12,False,4,1,-1
0.8496989754977095,0.7580137772050868,12,False,4,1,-1
0.8435320066743374,0.7134417459100622,12,False,4,1,-1
0.8686701000726025,0.7777640041973174,12,False,4,1,-1
0.9018379902262568,0.7553496767739375,12,False,4,1,-1
0.8451390274658322,0.7416659870492097,12,False,4,1,-1
0.8293479783805816,0.7464124353683799,12,False,4,1,-1
0.8798789108772168,0.7588434541965019,12,False,4,1,-1
0.8430702800928973,0.7308703996694341,12,False,4,1,-1
0.8684716107146041,0.7595306833689452,12,False,4,1,-1
0.8708428686064137,0.7332637405057442,12,False,4,1,-1
0.81706074411219,0.7208696928672789,12,False,4,1,-1
0.8561896836482981,0.6479298852262039,12,False,4,1,-1
0.8496989754977095,0.7580137772050868,12,False,4,1,-1
0.8435320066743374,0.7134417459100622,12,False,4,1,-1
0.8686701000726025,0.7777640041973174,12,False,4,1,-1
0.9018379902262568,0.7553496767739375,12,False,4,1,-1
0.8451390274658322,0.7416659870492097,12,False,4,1,-1
0.8293479783805816,0.7464124353683799,12,False,4,1,-1
0.8798789108772168,0.7588434541965019,12,False,4,1,-1
0.8430702800928973,0.7308703996694341,12,False,4,1,-1
0.8684716107146041,0.7595306833689452,12,False,4,1,-1
0.8708428686064137,0.7332637405057442,12,False,4,1,-1
0.81706074411219,0.7208696928672789,12,False,4,1,-1
0.8561896836482981,0.6479298852262039,12,False,4,1,-1
0.8496989754977095,0.7580137772050868,12,False,4,1,-1
0.8435320066743374,0.7134417459100622,12,False,4,1,-1
0.8686701000726025,0.7777640041973174,12,False,4,1,-1
0.9018379902262568,0.7553496767739375,12,False,4,1,-1
0.8451390274658322,0.7416659870492097,12,False,4,1,-1
0.8293479783805816,0.7464124353683799,12,False,4,1,-1
0.8798789108772168,0.7588434541965019,12,False,4,1,-1
0.8430702800928973,0.7308703996694341,12,False,4,1,-1
0.8684716107146041,0.7595306833689452,12,False,4,1,-1
0.8708428686064137,0.7332637405057442,12,False,4,1,-1
0.81706074411219,0.7208696928672789,12,False,4,1,-1
0.8561896836482981,0.6479298852262039,12,False,4,1,-1
0.8496989754977095,0.7580137772050868,12,False,4,1,-1
0.8435320066743374,0.7134417459100622,12,False,4,1,-1
0.8686701000726025,0.7777640041973174,12,False,4,1,-1
0.9018379902262568,0.7553496767739375,12,False,4,1,-1
0.8451390274658322,0.7416659870492097,12,False,4,1,-1
0.8293479783805816,0.7464124353683799,12,False,4,1,-1
0.8798789108772168,0.7588434541965019,12,False,4,1,-1
0.8430702800928973,0.7308703996694341,12,False,4,1,-1
0.8684716107146041,0.7595306833689452,12,False,4,1,-1
0.8708428686064137,0.7332637405057442,12,False,4,1,-1
0.81706074411219,0.7208696928672789,12,False,4,1,-1
0.8561896836482981,0.6479298852262039,12,False,4,1,-1
0.8496989754977095,0.7580137772050868,12,False,4,1,-1
0.8435320066743374,0.7134417459100622,12,False,4,1,-1
0.8686701000726025,0.7777640041973174,12,False,4,1,-1
0.9018379902262568,0.7553496767739375,12,False,4,1,-1
0.8451390274658322,0.7416659870492097,12,False,4,1,-1
0.8293479783805816,0.7464124353683799,12,False,4,1,-1
0.8798789108772168,0.7588434541965019,12,False,4,1,-1
0.8430702800928973,0.7308703996694341,12,False,4,1,-1
0.8684716107146041,0.7595306833689452,12,False,4,1,-1
0.8708428686064137,0.7332637405057442,12,False,4,1,-1
0.81706074411219,0.7208696928672789,12,False,4,1,-1
0.8561896836482981,0.6479298852262039,12,False,4,1,-1
0.8496989754977095,0.7580137772050868,12,False,4,1,-1
0.8435320066743374,0.7134417459100622,12,False,4,1,-1
0.8686701000726025,0.7777640041973174,12,False,4,1,-1
0.9018379902262568,0.7553496767739375,12,False,4,1,-1
0.8451390274658322,0.7416659870492097,12,False,4,1,-1
0.8293479783805816,0.7464124353683799,12,False,4,1,-1
0.8798789108772168,0.7588434541965019,12,False,4,1,-1
0.8430702800928973,0.7308703996694341,12,False,4,1,-1
0.8684716107146041,0.7595306833689452,12,False,4,1,-1
0.8708428686064137,0.7332637405057442,12,False,4,1,-1
0.81706074411219,0.7208696928672789,12,False,4,1,-1
0.8561896836482981,0.6479298852262039,12,False,4,1,-1
0.8496989754977095,0.7580137772050868,12,False,4,1,-1
0.8435320066743374,0.7134417459100622,12,False,4,1,-1
0.8686701000726025,0.7777640041973174,12,False,4,1,-1
0.9018379902262568,0.7553496767739375,12,False,4,1,-1
0.8451390274658322,0.7416659870492097,12,False,4,1,-1
0.8293479783805816,0.7464124353683799,12,False,4,1,-1
0.8798789108772168,0.7588434541965019,12,False,4,1,-1
0.8430702800928973,0.7308703996694341,12,False,4,1,-1
0.8684716107146041,0.7595306833689452,12,False,4,1,-1
0.8708428686064137,0.7332637405057442,12,False,4,1,-1
0.81706074411219,0.7208696928672789,12,False,4,1,-1
0.8561896836482981,0.6479298852262039,12,False,4,1,-1
0.8496989754977095,0.7580137772050868,12,False,4,1,-1
0.8435320066743374,0.7134417459100622,12,False,4,1,-1
0.8686701000726025,0.7777640041973174,12,False,4,1,-1
0.9018379902262568,0.7553496767739375,12,False,4,1,-1
0.8451390274658322,0.7416659870492097,12,False,4,1,-1
0.8293479783805816,0.7464124353683799,12,False,4,1,-1
0.8798789108772168,0.7588434541965019,12,False,4,1,-1
0.8430702800928973,0.7308703996694341,12,False,4,1,-1
0.8684716107146041,0.7595306833689452,12,False,4,1,-1
0.8708428686064137,0.7332637405057442,12,False,4,1,-1
0.81706074411219,0.7208696928672789,12,False,4,1,-1
0.8561896836482981,0.6479298852262039,12,False,4,1,-1
0.8496989754977095,0.7580137772050868,12,False,4,1,-1
0.8435320066743374,0.7134417459100622,12,False,4,1,-1
0.8686701000726025,0.7777640041973174,12,False,4,1,-1
0.9018379902262568,0.7553496767739375,12,False,4,1,-1
0.8451390274658322,0.7416659870492097,12,False,4,1,-1
0.8293479783805816,0.7464124353683799,12,False,4,1,-1
0.8798789108772168,0.7588434541965019,12,False,4,1,-1
0.8430702800928973,0.7308703996694341,12,False,4,1,-1
0.8684716107146041,0.7595306833689452,12,False,4,1,-1
0.8708428686064137,0.7332637405057442,12,False,4,1,-1
0.81706074411219,0.7208696928672789,12,False,4,1,-1
0.8561896836482981,0.6479298852262039,12,False,4,1,-1
0.8496989754977095,0.7580137772050868,12,False,4,1,-1
0.8435320066743374,0.7134417459100622,12,False,4,1,-1
0.8686701000726025,0.7777640041973174,12,False,4,1,-1
0.9018379902262568,0.7553496767739375,12,False,4,1,-1
0.8451390274658322,0.7416659870492097,12,False,4,1,-1
0.8293479783805816,0.7464124353683799,12,False,4,1,-1
0.8798789108772168,0.7588434541965019,12,False,4,1,-1
0.8430702800928973,0.7308703996694341,12,False,4,1,-1
0.8684716107146041,0.7595306833689452,12,False,4,1,-1
0.8708428686064137,0.7332637405057442,12,False,4,1,-1
0.81706074411219,0.7208696928672789,12,False,4,1,-1
0.8561896836482981,0.6479298852262039,12,False,4,1,-1
0.8496989754977095,0.7580137772050868,12,False,4,1,-1
0.8435320066743374,0.7134417459100622,12,False,4,1,-1
0.8686701000726025,0.7777640041973174,12,False,4,1,-1
0.9018379902262568,0.7553496767739375,12,False,4,1,-1
0.8451390274658322,0.7416659870492097,12,False,4,1,-1
0.8293479783805816,0.7464124353683799,12,False,4,1,-1
0.8798789108772168,0.7588434541965019,12,False,4,1,-1
0.8430702800928973,0.7308703996694341,12,False,4,1,-1
0.8684716107146041,0.7595306833689452,12,False,4,1,-1
0.8708428686064137,0.7332637405057442,12,False,4,1,-1
0.81706074411219,0.7208696928672789,12,False,4,1,-1
0.8561896836482981,0.6479298852262039,12,False,4,1,-1
0.8496989754977095,0.7580137772050868,12,False,4,1,-1
0.8435320066743374,0.7134417459100622,12,False,4,1,-1
0.8686701000726025,0.7777640041973174,12,False,4,1,-1
0.9018379902262568,0.7553496767739375,12,False,4,1,-1
0.8451390274658322,0.7416659870492097,12,False,4,1,-1
0.8293479783805816,0.7464124353683799,12,False,4,1,-1
0.8798789108772168,0.7588434541965019,12,False,4,1,-1
0.8430702800928973,0.7308703996694341,12,False,4,1,-1
0.8684716107146041,0.7595306833689452,12,False,4,1,-1
0.8708428686064137,0.7332637405057442,12,False,4,1,-1
0.81706074411219,0.7208696928672789,12,False,4,1,-1
0.8561896836482981,0.6479298852262039,12,False,4,1,-1
0.8496989754977095,0.7580137772050868,12,False,4,1,-1
0.8435320066743374,0.7134417459100622,12,False,4,1,-1
0.8686701000726025,0.7777640041973174,12,False,4,1,-1
0.9018379902262568,0.7553496767739375,12,False,4,1,-1
0.8451390274658322,0.7416659870492097,12,False,4,1,-1
0.8293479783805816,0.7464124353683799,12,False,4,1,-1
0.8798789108772168,0.7588434541965019,12,False,4,1,-1
0.8430702800928973,0.7308703996694341,12,False,4,1,-1
0.8684716107146041,0.7595306833689452,12,False,4,1,-1
0.8708428686064137,0.7332637405057442,12,False,4,1,-1
0.81706074411219,0.7208696928672789,12,False,4,1,-1
0.8561896836482981,0.6479298852262039,12,False,4,1,-1
0.8496989754977095,0.7580137772050868,12,False,4,1,-1
0.8435320066743374,0.7134417459100622,12,False,4,1,-1
0.8686701000726025,0.7777640041973174,12,False,4,1,-1
0.9018379902262568,0.7553496767739375,12,False,4,1,-1
0.8451390274658322,0.7416659870492097,12,False,4,1,-1
0.8293479783805816,0.7464124353683799,12,False,4,1,-1
0.8798789108772168,0.7588434541965019,12,False,4,1,-1
0.8430702800928973,0.7308703996694341,12,False,4,1,-1
0.8684716107146041,0.7595306833689452,12,False,4,1,-1
0.8708428686064137,0.7332637405057442,12,False,4,1,-1
0.81706074411219,0.7208696928672789,12,False,4,1,-1
0.8561896836482981,0.6479298852262039,12,False,4,1,-1
0.8496989754977095,0.7580137772050868,12,False,4,1,-1
0.8435320066743374,0.7134417459100622,12,False,4,1,-1
0.8686701000726025,0.7777640041973174,12,False,4,1,-1
0.9018379902262568,0.7553496767739375,12,False,4,1,-1
0.8451390274658322,0.7416659870492097,12,False,4,1,-1
0.8293479783805816,0.7464124353683799,12,False,4,1,-1
0.8798789108772168,0.7588434541965019,12,False,4,1,-1
0.8430702800928973,0.7308703996694341,12,False,4,1,-1
0.8684716107146041,0.7595306833689452,12,False,4,1,-1
0.8708428686064137,0.7332637405057442,12,False,4,1,-1
0.81706074411219,0.7208696928672789,12,False,4,1,-1
0.8561896836482981,0.6479298852262039,12,False,4,1,-1
0.8496989754977095,0.7580137772050868,12,False,4,1,-1
0.8435320066743374,0.7134417459100622,12,False,4,1,-1
0.8686701000726025,0.7777640041973174,12,False,4,1,-1
0.9018379902262568,0.7553496767739375,12,False,4,1,-1
0.8451390274658322,0.7416659870492097,12,False,4,1,-1
0.8293479783805816,0.7464124353683799,12,False,4,1,-1
0.8798789108772168,0.7588434541965019,12,False,4,1,-1
0.8430702800928973,0.7308703996694341,12,False,4,1,-1
0.8684716107146041,0.7595306833689452,12,False,4,1,-1
0.8708428686064137,0.7332637405057442,12,False,4,1,-1
0.81706074411219,0.7208696928672789,12,False,4,1,-1
0.8561896836482981,0.6479298852262039,12,False,4,1,-1
0.8496989754977095,0.7580137772050868,12,False,4,1,-1
0.8435320066743374,0.7134417459100622,12,False,4,1,-1
0.8686701000726025,0.7777640041973174,12,False,4,1,-1
0.9018379902262568,0.7553496767739375,12,False,4,1,-1
0.8451390274658322,0.7416659870492097,12,False,4,1,-1
0.8293479783805816,0.7464124353683799,12,False,4,1,-1
0.8798789108772168,0.7588434541965019,12,False,4,1,-1
0.8430702800928973,0.7308703996694341,12,False,4,1,-1
0.8684716107146041,0.7595306833689452,12,False,4,1,-1
0.8708428686064137,0.7332637405057442,12,False,4,1,-1
0.81706074411219,0.7208696928672789,12,False,4,1,-1
0.8561896836482981,0.6479298852262039,12,False,4,1,-1
0.8496989754977095,0.7580137772050868,12,False,4,1,-1
0.8435320066743374,0.7134417459100622,12,False,4,1,-1
0.8686701000726025,0.7777640041973174,12,False,4,1,-1
0.9018379902262568,0.7553496767739375,12,False,4,1,-1
0.8451390274658322,0.7416659870492097,12,False,4,1,-1
0.8293479783805816,0.7464124353683799,12,False,4,1,-1
0.8798789108772168,0.7588434541965019,12,False,4,1,-1
0.8430702800928973,0.7308703996694341,12,False,4,1,-1
0.8684716107146041,0.7595306833689452,12,False,4,1,-1
0.8708428686064137,0.7332637405057442,12,False,4,1,-1
0.81706074411219,0.7208696928672789,12,False,4,1,-1
0.8561896836482981,0.6479298852262039,12,False,4,1,-1
0.8496989754977095,0.7580137772050868,12,False,4,1,-1
0.8435320066743374,0.7134417459100622,12,False,4,1,-1
0.8686701000726025,0.7777640041973174,12,False,4,1,-1
0.9018379902262568,0.7553496767739375,12,False,4,1,-1
0.8451390274658322,0.7416659870492097,12,False,4,1,-1
0.8293479783805816,0.7464124353683799,12,False,4,1,-1
0.8798789108772168,0.7588434541965019,12,False,4,1,-1
0.8430702800928973,0.7308703996694341,12,False,4,1,-1
0.8684716107146041,0.7595306833689452,12,False,4,1,-1
0.8708428686064137,0.7332637405057442,12,False,4,1,-1
0.81706074411219,0.7208696928672789,12,False,4,1,-1
0.8561896836482981,0.6479298852262039,12,False,4,1,-1
0.8496989754977095,0.7580137772050868,12,False,4,1,-1
0.8435320066743374,0.7134417459100622,12,False,4,1,-1
0.8686701000726025,0.7777640041973174,12,False,4,1,-1
0.9018379902262568,0.7553496767739375,12,False,4,1,-1
0.8451390274658322,0.7416659870492097,12,False,4,1,-1
0.8293479783805816,0.7464124353683799,12,False,4,1,-1
0.8798789108772168,0.7588434541965019,12,False,4,1,-1
0.8430702800928973,0.7308703996694341,12,False,4,1,-1
0.8684716107146041,0.7595306833689452,12,False,4,1,-1
0.8708428686064137,0.7332637405057442,12,False,4,1,-1
0.81706074411219,0.7208696928672789,12,False,4,1,-1
0.8561896836482981,0.6479298852262039,12,True,4,1,-1
0.8496989754977095,0.7580137772050868,12,True,4,1,-1
0.8435320066743374,0.7134417459100622,12,True,4,1,-1
0.8686701000726025,0.7777640041973174,12,True,4,1,-1
0.9018379902262568,0.7553496767739375,12,True,4,1,-1
0.8451390274658322,0.7416659870492097,12,True,4,1,-1
0.8293479783805816,0.7464124353683799,12,True,4,1,-1
0.8798789108772168,0.7588434541965019,12,True,4,1,-1
0.8430702800928973,0.7308703996694341,12,True,4,1,-1
0.8684716107146041,0.7595306833689452,12,True,4,1,-1
0.8708428686064137,0.7332637405057442,12,True,4,1,-1
0.81706074411219,0.7208696928672789,12,True,4,1,-1
0.8561896836482981,0.6479298852262039,12,False,4,1,-1
0.8496989754977095,0.7580137772050868,12,False,4,1,-1
0.8435320066743374,0.7134417459100622,12,False,4,1,-1
0.8686701000726025,0.7777640041973174,12,False,4,1,-1
0.9018379902262568,0.7553496767739375,12,False,4,1,-1
0.8451390274658322,0.7416659870492097,12,False,4,1,-1
0.8293479783805816,0.7464124353683799,12,False,4,1,-1
0.8798789108772168,0.7588434541965019,12,False,4,1,-1
0.8430702800928973,0.7308703996694341,12,False,4,1,-1
0.8684716107146041,0.7595306833689452,12,False,4,1,-1
0.8708428686064137,0.7332637405057442,12,False,4,1,-1
0.81706074411219,0.7208696928672789,12,False,4,1,-1
0.8561896836482981,0.6479298852262039,12,False,4,1,-1
0.8496989754977095,0.7580137772050868,12,False,4,1,-1
0.8435320066743374,0.7134417459100622,12,False,4,1,-1
0.8686701000726025,0.7777640041973174,12,False,4,1,-1
0.9018379902262568,0.7553496767739375,12,False,4,1,-1
0.8451390274658322,0.7416659870492097,12,False,4,1,-1
0.8293479783805816,0.7464124353683799,12,False,4,1,-1
0.8798789108772168,0.7588434541965019,12,False,4,1,-1
0.8430702800928973,0.7308703996694341,12,False,4,1,-1
0.8684716107146041,0.7595306833689452,12,False,4,1,-1
0.8708428686064137,0.7332637405057442,12,False,4,1,-1
0.81706074411219,0.7208696928672789,12,False,4,1,-1
0.8561896836482981,0.6479298852262039,12,False,4,1,-1
0.8496989754977095,0.7580137772050868,12,False,4,1,-1
0.8435320066743374,0.7134417459100622,12,False,4,1,-1
0.8686701000726025,0.7777640041973174,12,False,4,1,-1
0.9018379902262568,0.7553496767739375,12,False,4,1,-1
0.8451390274658322,0.7416659870492097,12,False,4,1,-1
0.8293479783805816,0.7464124353683799,12,False,4,1,-1
0.8798789108772168,0.7588434541965019,12,False,4,1,-1
0.8430702800928973,0.7308703996694341,12,False,4,1,-1
0.8684716107146041,0.7595306833689452,12,False,4,1,-1
0.8708428686064137,0.7332637405057442,12,False,4,1,-1
0.81706074411219,0.7208696928672789,12,False,4,1,-1
0.8561896836482981,0.6479298852262039,12,False,4,1,-1
0.8496989754977095,0.7580137772050868,12,False,4,1,-1
0.8435320066743374,0.7134417459100622,12,False,4,1,-1
0.8686701000726025,0.7777640041973174,12,False,4,1,-1
0.9018379902262568,0.7553496767739375,12,False,4,1,-1
0.8451390274658322,0.7416659870492097,12,False,4,1,-1
0.8293479783805816,0.7464124353683799,12,False,4,1,-1
0.8798789108772168,0.7588434541965019,12,False,4,1,-1
0.8430702800928973,0.7308703996694341,12,False,4,1,-1
0.8684716107146041,0.7595306833689452,12,False,4,1,-1
0.8708428686064137,0.7332637405057442,12,False,4,1,-1
0.81706074411219,0.7208696928672789,12,False,4,1,-1
0.8561896836482981,0.6479298852262039,12,False,4,1,-1
0.8496989754977095,0.7580137772050868,12,False,4,1,-1
0.8435320066743374,0.7134417459100622,12,False,4,1,-1
0.8686701000726025,0.7777640041973174,12,False,4,1,-1
0.9018379902262568,0.7553496767739375,12,False,4,1,-1
0.8451390274658322,0.7416659870492097,12,False,4,1,-1
0.8293479783805816,0.7464124353683799,12,False,4,1,-1
0.8798789108772168,0.7588434541965019,12,False,4,1,-1
0.8430702800928973,0.7308703996694341,12,False,4,1,-1
0.8684716107146041,0.7595306833689452,12,False,4,1,-1
0.8708428686064137,0.7332637405057442,12,False,4,1,-1
0.81706074411219,0.7208696928672789,12,False,4,1,-1
0.8561896836482981,0.6479298852262039,12,False,4,1,-1
0.8496989754977095,0.7580137772050868,12,False,4,1,-1
0.8435320066743374,0.7134417459100622,12,False,4,1,-1
0.8686701000726025,0.7777640041973174,12,False,4,1,-1
0.9018379902262568,0.7553496767739375,12,False,4,1,-1
0.8451390274658322,0.7416659870492097,12,False,4,1,-1
0.8293479783805816,0.7464124353683799,12,False,4,1,-1
0.8798789108772168,0.7588434541965019,12,False,4,1,-1
0.8430702800928973,0.7308703996694341,12,False,4,1,-1
0.8684716107146041,0.7595306833689452,12,False,4,1,-1
0.8708428686064137,0.7332637405057442,12,False,4,1,-1
0.81706074411219,0.7208696928672789,12,False,4,1,-1
0.8561896836482981,0.6479298852262039,12,False,4,1,-1
0.8496989754977095,0.7580137772050868,12,False,4,1,-1
0.8435320066743374,0.7134417459100622,12,False,4,1,-1
0.8686701000726025,0.7777640041973174,12,False,4,1,-1
0.9018379902262568,0.7553496767739375,12,False,4,1,-1
0.8451390274658322,0.7416659870492097,12,False,4,1,-1
0.8293479783805816,0.7464124353683799,12,False,4,1,-1
0.8798789108772168,0.7588434541965019,12,False,4,1,-1
0.8430702800928973,0.7308703996694341,12,False,4,1,-1
0.8684716107146041,0.7595306833689452,12,False,4,1,-1
0.8708428686064137,0.7332637405057442,12,False,4,1,-1
0.81706074411219,0.7208696928672789,12,False,4,1,-1
0.8561896836482981,0.6479298852262039,12,False,4,1,-1
0.8496989754977095,0.7580137772050868,12,False,4,1,-1
0.8435320066743374,0.7134417459100622,12,False,4,1,-1
0.8686701000726025,0.7777640041973174,12,False,4,1,-1
0.9018379902262568,0.7553496767739375,12,False,4,1,-1
0.8451390274658322,0.7416659870492097,12,False,4,1,-1
0.8293479783805816,0.7464124353683799,12,False,4,1,-1
0.8798789108772168,0.7588434541965019,12,False,4,1,-1
0.8430702800928973,0.7308703996694341,12,False,4,1,-1
0.8684716107146041,0.7595306833689452,12,False,4,1,-1
0.8708428686064137,0.7332637405057442,12,False,4,1,-1
0.81706074411219,0.7208696928672789,12,False,4,1,-1
0.8561896836482981,0.6479298852262039,12,False,4,1,-1
0.8496989754977095,0.7580137772050868,12,False,4,1,-1
0.8435320066743374,0.7134417459100622,12,False,4,1,-1
0.8686701000726025,0.7777640041973174,12,False,4,1,-1
0.9018379902262568,0.7553496767739375,12,False,4,1,-1
0.8451390274658322,0.7416659870492097,12,False,4,1,-1
0.8293479783805816,0.7464124353683799,12,False,4,1,-1
0.8798789108772168,0.7588434541965019,12,False,4,1,-1
0.8430702800928973,0.7308703996694341,12,False,4,1,-1
0.8684716107146041,0.7595306833689452,12,False,4,1,-1
0.8708428686064137,0.7332637405057442,12,False,4,1,-1
0.81706074411219,0.7208696928672789,12,False,4,1,-1
0.8561896836482981,0.6479298852262039,12,False,4,1,-1
0.8496989754977095,0.7580137772050868,12,False,4,1,-1
0.8435320066743374,0.7134417459100622,12,False,4,1,-1
0.8686701000726025,0.7777640041973174,12,False,4,1,-1
0.9018379902262568,0.7553496767739375,12,False,4,1,-1
0.8451390274658322,0.7416659870492097,12,False,4,1,-1
0.8293479783805816,0.7464124353683799,12,False,4,1,-1
0.8798789108772168,0.7588434541965019,12,False,4,1,-1
0.8430702800928973,0.7308703996694341,12,False,4,1,-1
0.8684716107146041,0.7595306833689452,12,False,4,1,-1
0.8708428686064137,0.7332637405057442,12,False,4,1,-1
0.81706074411219,0.7208696928672789,12,False,4,1,-1
0.8561896836482981,0.6479298852262039,12,False,4,1,-1
0.8496989754977095,0.7580137772050868,12,False,4,1,-1
0.8435320066743374,0.7134417459100622,12,False,4,1,-1
0.8686701000726025,0.7777640041973174,12,False,4,1,-1
0.9018379902262568,0.7553496767739375,12,False,4,1,-1
0.8451390274658322,0.7416659870492097,12,False,4,1,-1
0.8293479783805816,0.7464124353683799,12,False,4,1,-1
0.8798789108772168,0.7588434541965019,12,False,4,1,-1
0.8430702800928973,0.7308703996694341,12,False,4,1,-1
0.8684716107146041,0.7595306833689452,12,False,4,1,-1
0.8708428686064137,0.7332637405057442,12,False,4,1,-1
0.81706074411219,0.7208696928672789,12,False,4,1,-1
0.8561896836482981,0.6479298852262039,12,False,4,1,-1
0.8496989754977095,0.7580137772050868,12,False,4,1,-1
0.8435320066743374,0.7134417459100622,12,False,4,1,-1
0.8686701000726025,0.7777640041973174,12,False,4,1,-1
0.9018379902262568,0.7553496767739375,12,False,4,1,-1
0.8451390274658322,0.7416659870492097,12,False,4,1,-1
0.8293479783805816,0.7464124353683799,12,False,4,1,-1
0.8798789108772168,0.7588434541965019,12,False,4,1,-1
0.8430702800928973,0.7308703996694341,12,False,4,1,-1
0.8684716107146041,0.7595306833689452,12,False,4,1,-1
0.8708428686064137,0.7332637405057442,12,False,4,1,-1
0.81706074411219,0.7208696928672789,12,False,4,1,-1
0.8561896836482981,0.6479298852262039,12,False,4,1,-1
0.8496989754977095,0.7580137772050868,12,False,4,1,-1
0.8435320066743374,0.7134417459100622,12,False,4,1,-1
0.8686701000726025,0.7777640041973174,12,False,4,1,-1
0.9018379902262568,0.7553496767739375,12,False,4,1,-1
0.8451390274658322,0.7416659870492097,12,False,4,1,-1
0.8293479783805816,0.7464124353683799,12,False,4,1,-1
0.8798789108772168,0.7588434541965019,12,False,4,1,-1
0.8430702800928973,0.7308703996694341,12,False,4,1,-1
0.8684716107146041,0.7595306833689452,12,False,4,1,-1
0.8708428686064137,0.7332637405057442,12,False,4,1,-1
0.81706074411219,0.7208696928672789,12,False,4,1,-1
0.8561896836482981,0.6479298852262039,12,False,4,1,-1
0.8496989754977095,0.7580137772050868,12,False,4,1,-1
0.8435320066743374,0.7134417459100622,12,False,4,1,-1
0.8686701000726025,0.7777640041973174,12,False,4,1,-1
0.9018379902262568,0.7553496767739375,12,False,4,1,-1
0.8451390274658322,0.7416659870492097,12,False,4,1,-1
0.8293479783805816,0.7464124353683799,12,False,4,1,-1
0.8798789108772168,0.7588434541965019,12,False,4,1,-1
0.8430702800928973,0.7308703996694341,12,False,4,1,-1
0.8684716107146041,0.7595306833689452,12,False,4,1,-1
0.8708428686064137,0.7332637405057442,12,False,4,1,-1
0.81706074411219,0.7208696928672789,12,False,4,1,-1
0.8561896836482981,0.6479298852262039,12,False,4,1,-1
0.8496989754977095,0.7580137772050868,12,False,4,1,-1
0.8435320066743374,0.7134417459100622,12,False,4,1,-1
0.8686701000726025,0.7777640041973174,12,False,4,1,-1
0.9018379902262568,0.7553496767739375,12,False,4,1,-1
0.8451390274658322,0.7416659870492097,12,False,4,1,-1
0.8293479783805816,0.7464124353683799,12,False,4,1,-1
0.8798789108772168,0.7588434541965019,12,False,4,1,-1
0.8430702800928973,0.7308703996694341,12,False,4,1,-1
0.8684716107146041,0.7595306833689452,12,False,4,1,-1
0.8708428686064137,0.7332637405057442,12,False,4,1,-1
0.81706074411219,0.7208696928672789,12,False,4,1,-1
0.8561896836482981,0.6479298852262039,12,False,4,1,-1
0.8496989754977095,0.7580137772050868,12,False,4,1,-1
0.8435320066743374,0.7134417459100622,12,False,4,1,-1
0.8686701000726025,0.7777640041973174,12,False,4,1,-1
0.9018379902262568,0.7553496767739375,12,False,4,1,-1
0.8451390274658322,0.7416659870492097,12,False,4,1,-1
0.8293479783805816,0.7464124353683799,12,False,4,1,-1
0.8798789108772168,0.7588434541965019,12,False,4,1,-1
0.8430702800928973,0.7308703996694341,12,False,4,1,-1
0.8684716107146041,0.7595306833689452,12,False,4,1,-1
0.8708428686064137,0.7332637405057442,12,False,4,1,-1
0.81706074411219,0.7208696928672789,12,False,4,1,-1
0.8561896836482981,0.6479298852262039,12,False,4,1,-1
0.8496989754977095,0.7580137772050868,12,False,4,1,-1
0.8435320066743374,0.7134417459100622,12,False,4,1,-1
0.8686701000726025,0.7777640041973174,12,False,4,1,-1
0.9018379902262568,0.7553496767739375,12,False,4,1,-1
0.8451390274658322,0.7416659870492097,12,False,4,1,-1
0.8293479783805816,0.7464124353683799,12,False,4,1,-1
0.8798789108772168,0.7588434541965019,12,False,4,1,-1
0.8430702800928973,0.7308703996694341,12,False,4,1,-1
0.8684716107146041,0.7595306833689452,12,False,4,1,-1
0.8708428686064137,0.7332637405057442,12,False,4,1,-1
0.81706074411219,0.7208696928672789,12,False,4,1,-1
0.8561896836482981,0.6479298852262039,12,False,4,1,-1
0.8496989754977095,0.7580137772050868,12,False,4,1,-1
0.8435320066743374,0.7134417459100622,12,False,4,1,-1
0.8686701000726025,0.7777640041973174,12,False,4,1,-1
0.9018379902262568,0.7553496767739375,12,False,4,1,-1
0.8451390274658322,0.7416659870492097,12,False,4,1,-1
0.8293479783805816,0.7464124353683799,12,False,4,1,-1
0.8798789108772168,0.7588434541965019,12,False,4,1,-1
0.8430702800928973,0.7308703996694341,12,False,4,1,-1
0.8684716107146041,0.7595306833689452,12,False,4,1,-1
0.8708428686064137,0.7332637405057442,12,False,4,1,-1
0.81706074411219,0.7208696928672789,12,False,4,1,-1
0.8561896836482981,0.6479298852262039,12,False,4,1,-1
0.8496989754977095,0.7580137772050868,12,False,4,1,-1
0.8435320066743374,0.7134417459100622,12,False,4,1,-1
0.8686701000726025,0.7777640041973174,12,False,4,1,-1
0.9018379902262568,0.7553496767739375,12,False,4,1,-1
0.8451390274658322,0.7416659870492097,12,False,4,1,-1
0.8293479783805816,0.7464124353683799,12,False,4,1,-1
0.8798789108772168,0.7588434541965019,12,False,4,1,-1
0.8430702800928973,0.7308703996694341,12,False,4,1,-1
0.8684716107146041,0.7595306833689452,12,False,4,1,-1
0.8708428686064137,0.7332637405057442,12,False,4,1,-1
0.81706074411219,0.7208696928672789,12,False,4,1,-1
0.8561896836482981,0.6479298852262039,12,False,4,1,-1
0.8496989754977095,0.7580137772050868,12,False,4,1,-1
0.8435320066743374,0.7134417459100622,12,False,4,1,-1
0.8686701000726025,0.7777640041973174,12,False,4,1,-1
0.9018379902262568,0.7553496767739375,12,False,4,1,-1
0.8451390274658322,0.7416659870492097,12,False,4,1,-1
0.8293479783805816,0.7464124353683799,12,False,4,1,-1
0.8798789108772168,0.7588434541965019,12,False,4,1,-1
0.8430702800928973,0.7308703996694341,12,False,4,1,-1
0.8684716107146041,0.7595306833689452,12,False,4,1,-1
0.8708428686064137,0.7332637405057442,12,False,4,1,-1
0.81706074411219,0.7208696928672789,12,False,4,1,-1
0.8561896836482981,0.6479298852262039,12,False,4,1,-1
0.8496989754977095,0.7580137772050868,12,False,4,1,-1
0.8435320066743374,0.7134417459100622,12,False,4,1,-1
0.8686701000726025,0.7777640041973174,12,False,4,1,-1
0.9018379902262568,0.7553496767739375,12,False,4,1,-1
0.8451390274658322,0.7416659870492097,12,False,4,1,-1
0.8293479783805816,0.7464124353683799,12,False,4,1,-1
0.8798789108772168,0.7588434541965019,12,False,4,1,-1
0.8430702800928973,0.7308703996694341,12,False,4,1,-1
0.8684716107146041,0.7595306833689452,12,False,4,1,-1
0.8708428686064137,0.7332637405057442,12,False,4,1,-1
0.81706074411219,0.7208696928672789,12,False,4,1,-1
0.8561896836482981,0.6479298852262039,12,False,4,1,-1
0.8496989754977095,0.7580137772050868,12,False,4,1,-1
0.8435320066743374,0.7134417459100622,12,False,4,1,-1
0.8686701000726025,0.7777640041973174,12,False,4,1,-1
0.9018379902262568,0.7553496767739375,12,False,4,1,-1
0.8451390274658322,0.7416659870492097,12,False,4,1,-1
0.8293479783805816,0.7464124353683799,12,False,4,1,-1
0.8798789108772168,0.7588434541965019,12,False,4,1,-1
0.8430702800928973,0.7308703996694341,12,False,4,1,-1
0.8684716107146041,0.7595306833689452,12,False,4,1,-1
0.8708428686064137,0.7332637405057442,12,False,4,1,-1
0.81706074411219,0.7208696928672789,12,False,4,1,-1
0.8561896836482981,0.6479298852262039,12,False,4,1,-1
0.8496989754977095,0.7580137772050868,12,False,4,1,-1
0.8435320066743374,0.7134417459100622,12,False,4,1,-1
0.8686701000726025,0.7777640041973174,12,False,4,1,-1
0.9018379902262568,0.7553496767739375,12,False,4,1,-1
0.8451390274658322,0.7416659870492097,12,False,4,1,-1
0.8293479783805816,0.7464124353683799,12,False,4,1,-1
0.8798789108772168,0.7588434541965019,12,False,4,1,-1
0.8430702800928973,0.7308703996694341,12,False,4,1,-1
0.8684716107146041,0.7595306833689452,12,False,4,1,-1
0.8708428686064137,0.7332637405057442,12,False,4,1,-1
0.81706074411219,0.7208696928672789,12,False,4,1,-1
0.8561896836482981,0.6479298852262039,12,False,4,1,-1
0.8496989754977095,0.7580137772050868,12,False,4,1,-1
0.8435320066743374,0.7134417459100622,12,False,4,1,-1
0.8686701000726025,0.7777640041973174,12,False,4,1,-1
0.9018379902262568,0.7553496767739375,12,False,4,1,-1
0.8451390274658322,0.7416659870492097,12,False,4,1,-1
0.8293479783805816,0.7464124353683799,12,False,4,1,-1
0.8798789108772168,0.7588434541965019,12,False,4,1,-1
0.8430702800928973,0.7308703996694341,12,False,4,1,-1
0.8684716107146041,0.7595306833689452,12,False,4,1,-1
0.8708428686064137,0.7332637405057442,12,False,4,1,-1
0.81706074411219,0.7208696928672789,12,False,4,1,-1
0.8561896836482981,0.6479298852262039,12,False,4,1,-1
0.8496989754977095,0.7580137772050868,12,False,4,1,-1
0.8435320066743374,0.7134417459100622,12,False,4,1,-1
0.8686701000726025,0.7777640041973174,12,False,4,1,-1
0.9018379902262568,0.7553496767739375,12,False,4,1,-1
0.8451390274658322,0.7416659870492097,12,False,4,1,-1
0.8293479783805816,0.7464124353683799,12,False,4,1,-1
0.8798789108772168,0.7588434541965019,12,False,4,1,-1
0.8430702800928973,0.7308703996694341,12,False,4,1,-1
0.8684716107146041,0.7595306833689452,12,False,4,1,-1
0.8708428686064137,0.7332637405057442,12,False,4,1,-1
0.81706074411219,0.7208696928672789,12,False,4,1,-1
0.8561896836482981,0.6479298852262039,12,True,4,1,-1
0.8496989754977095,0.7580137772050868,12,True,4,1,-1
0.8435320066743374,0.7134417459100622,12,True,4,1,-1
0.8686701000726025,0.7777640041973174,12,True,4,1,-1
0.9018379902262568,0.7553496767739375,12,True,4,1,-1
0.8451390274658322,0.7416659870492097,12,True,4,1,-1
0.8293479783805816,0.7464124353683799,12,True,4,1,-1
0.8798789108772168,0.7588434541965019,12,True,4,1,-1
0.8430702800928973,0.7308703996694341,12,True,4,1,-1
0.8684716107146041,0.7595306833689452,12,True,4,1,-1
0.8708428686064137,0.7332637405057442,12,True,4,1,-1
0.81706074411219,0.7208696928672789,12,True,4,1,-1
0.8561896836482981,0.6479298852262039,-1,False,4,1,-1
0.8496989754977095,0.7580137772050868,-1,False,4,1,-1
0.8435320066743374,0.7134417459100622,-1,False,4,1,-1
0.8686701000726025,0.7777640041973174,-1,False,4,1,-1
0.9018379902262568,0.7553496767739375,-1,False,4,1,-1
0.8451390274658322,0.7416659870492097,-1,False,4,1,-1
0.8293479783805816,0.7464124353683799,-1,False,4,1,-1
0.8798789108772168,0.7588434541965019,-1,False,4,1,-1
0.8430702800928973,0.7308703996694341,-1,False,4,1,-1
0.8684716107146041,0.7595306833689452,-1,False,4,1,-1
0.8708428686064137,0.7332637405057442,-1,False,4,1,-1
0.81706074411219,0.7208696928672789,-1,False,4,1,-1
0.8561896836482981,0.6479298852262039,-1,False,4,1,-1
0.8496989754977095,0.7580137772050868,-1,False,4,1,-1
0.8435320066743374,0.7134417459100622,-1,False,4,1,-1
0.8686701000726025,0.7777640041973174,-1,False,4,1,-1
0.9018379902262568,0.7553496767739375,-1,False,4,1,-1
0.8451390274658322,0.7416659870492097,-1,False,4,1,-1
0.8293479783805816,0.7464124353683799,-1,False,4,1,-1
0.8798789108772168,0.7588434541965019,-1,False,4,1,-1
0.8430702800928973,0.7308703996694341,-1,False,4,1,-1
0.8684716107146041,0.7595306833689452,-1,False,4,1,-1
0.8708428686064137,0.7332637405057442,-1,False,4,1,-1
0.81706074411219,0.7208696928672789,-1,False,4,1,-1
0.8561896836482981,0.6479298852262039,-1,False,4,1,-1
0.8496989754977095,0.7580137772050868,-1,False,4,1,-1
0.8435320066743374,0.7134417459100622,-1,False,4,1,-1
0.8686701000726025,0.7777640041973174,-1,False,4,1,-1
0.9018379902262568,0.7553496767739375,-1,False,4,1,-1
0.8451390274658322,0.7416659870492097,-1,False,4,1,-1
0.8293479783805816,0.7464124353683799,-1,False,4,1,-1
0.8798789108772168,0.7588434541965019,-1,False,4,1,-1
0.8430702800928973,0.7308703996694341,-1,False,4,1,-1
0.8684716107146041,0.7595306833689452,-1,False,4,1,-1
0.8708428686064137,0.7332637405057442,-1,False,4,1,-1
0.81706074411219,0.7208696928672789,-1,False,4,1,-1
0.8561896836482981,0.6479298852262039,-1,False,4,1,-1
0.8496989754977095,0.7580137772050868,-1,False,4,1,-1
0.8435320066743374,0.7134417459100622,-1,False,4,1,-1
0.8686701000726025,0.7777640041973174,-1,False,4,1,-1
0.9018379902262568,0.7553496767739375,-1,False,4,1,-1
0.8451390274658322,0.7416659870492097,-1,False,4,1,-1
0.8293479783805816,0.7464124353683799,-1,False,4,1,-1
0.8798789108772168,0.7588434541965019,-1,False,4,1,-1
0.8430702800928973,0.7308703996694341,-1,False,4,1,-1
0.8684716107146041,0.7595306833689452,-1,False,4,1,-1
0.8708428686064137,0.7332637405057442,-1,False,4,1,-1
0.81706074411219,0.7208696928672789,-1,False,4,1,-1
0.8561896836482981,0.6479298852262039,-1,False,4,1,-1
0.8496989754977095,0.7580137772050868,-1,False,4,1,-1
0.8435320066743374,0.7134417459100622,-1,False,4,1,-1
0.8686701000726025,0.7777640041973174,-1,False,4,1,-1
0.9018379902262568,0.7553496767739375,-1,False,4,1,-1
0.8451390274658322,0.7416659870492097,-1,False,4,1,-1
0.8293479783805816,0.7464124353683799,-1,False,4,1,-1
0.8798789108772168,0.7588434541965019,-1,False,4,1,-1
0.8430702800928973,0.7308703996694341,-1,False,4,1,-1
0.8684716107146041,0.7595306833689452,-1,False,4,1,-1
0.8708428686064137,0.7332637405057442,-1,False,4,1,-1
0.81706074411219,0.7208696928672789,-1,False,4,1,-1
0.8561896836482981,0.6479298852262039,-1,False,4,1,-1
0.8496989754977095,0.7580137772050868,-1,False,4,1,-1
0.8435320066743374,0.7134417459100622,-1,False,4,1,-1
0.8686701000726025,0.7777640041973174,-1,False,4,1,-1
0.9018379902262568,0.7553496767739375,-1,False,4,1,-1
0.8451390274658322,0.7416659870492097,-1,False,4,1,-1
0.8293479783805816,0.7464124353683799,-1,False,4,1,-1
0.8798789108772168,0.7588434541965019,-1,False,4,1,-1
0.8430702800928973,0.7308703996694341,-1,False,4,1,-1
0.8684716107146041,0.7595306833689452,-1,False,4,1,-1
0.8708428686064137,0.7332637405057442,-1,False,4,1,-1
0.81706074411219,0.7208696928672789,-1,False,4,1,-1
0.8561896836482981,0.6479298852262039,-1,False,4,1,-1
0.8496989754977095,0.7580137772050868,-1,False,4,1,-1
0.8435320066743374,0.7134417459100622,-1,False,4,1,-1
0.8686701000726025,0.7777640041973174,-1,False,4,1,-1
0.9018379902262568,0.7553496767739375,-1,False,4,1,-1
0.8451390274658322,0.7416659870492097,-1,False,4,1,-1
0.8293479783805816,0.7464124353683799,-1,False,4,1,-1
0.8798789108772168,0.7588434541965019,-1,False,4,1,-1
0.8430702800928973,0.7308703996694341,-1,False,4,1,-1
0.8684716107146041,0.7595306833689452,-1,False,4,1,-1
0.8708428686064137,0.7332637405057442,-1,False,4,1,-1
0.81706074411219,0.7208696928672789,-1,False,4,1,-1
0.8561896836482981,0.6479298852262039,-1,False,4,1,-1
0.8496989754977095,0.7580137772050868,-1,False,4,1,-1
0.8435320066743374,0.7134417459100622,-1,False,4,1,-1
0.8686701000726025,0.7777640041973174,-1,False,4,1,-1
0.9018379902262568,0.7553496767739375,-1,False,4,1,-1
0.8451390274658322,0.7416659870492097,-1,False,4,1,-1
0.8293479783805816,0.7464124353683799,-1,False,4,1,-1
0.8798789108772168,0.7588434541965019,-1,False,4,1,-1
0.8430702800928973,0.7308703996694341,-1,False,4,1,-1
0.8684716107146041,0.7595306833689452,-1,False,4,1,-1
0.8708428686064137,0.7332637405057442,-1,False,4,1,-1
0.81706074411219,0.7208696928672789,-1,False,4,1,-1
0.8561896836482981,0.6479298852262039,-1,False,4,1,-1
0.8496989754977095,0.7580137772050868,-1,False,4,1,-1
0.8435320066743374,0.7134417459100622,-1,False,4,1,-1
0.8686701000726025,0.7777640041973174,-1,False,4,1,-1
0.9018379902262568,0.7553496767739375,-1,False,4,1,-1
0.8451390274658322,0.7416659870492097,-1,False,4,1,-1
0.8293479783805816,0.7464124353683799,-1,False,4,1,-1
0.8798789108772168,0.7588434541965019,-1,False,4,1,-1
0.8430702800928973,0.7308703996694341,-1,False,4,1,-1
0.8684716107146041,0.7595306833689452,-1,False,4,1,-1
0.8708428686064137,0.7332637405057442,-1,False,4,1,-1
0.81706074411219,0.7208696928672789,-1,False,4,1,-1
0.8561896836482981,0.6479298852262039,-1,False,4,1,-1
0.8496989754977095,0.7580137772050868,-1,False,4,1,-1
0.8435320066743374,0.7134417459100622,-1,False,4,1,-1
0.8686701000726025,0.7777640041973174,-1,False,4,1,-1
0.9018379902262568,0.7553496767739375,-1,False,4,1,-1
0.8451390274658322,0.7416659870492097,-1,False,4,1,-1
0.8293479783805816,0.7464124353683799,-1,False,4,1,-1
0.8798789108772168,0.7588434541965019,-1,False,4,1,-1
0.8430702800928973,0.7308703996694341,-1,False,4,1,-1
0.8684716107146041,0.7595306833689452,-1,False,4,1,-1
0.8708428686064137,0.7332637405057442,-1,False,4,1,-1
0.81706074411219,0.7208696928672789,-1,False,4,1,-1
0.8561896836482981,0.6479298852262039,-1,False,4,1,-1
0.8496989754977095,0.7580137772050868,-1,False,4,1,-1
0.8435320066743374,0.7134417459100622,-1,False,4,1,-1
0.8686701000726025,0.7777640041973174,-1,False,4,1,-1
0.9018379902262568,0.7553496767739375,-1,False,4,1,-1
0.8451390274658322,0.7416659870492097,-1,False,4,1,-1
0.8293479783805816,0.7464124353683799,-1,False,4,1,-1
0.8798789108772168,0.7588434541965019,-1,False,4,1,-1
0.8430702800928973,0.7308703996694341,-1,False,4,1,-1
0.8684716107146041,0.7595306833689452,-1,False,4,1,-1
0.8708428686064137,0.7332637405057442,-1,False,4,1,-1
0.81706074411219,0.7208696928672789,-1,False,4,1,-1
0.8561896836482981,0.6479298852262039,-1,False,4,1,-1
0.8496989754977095,0.7580137772050868,-1,False,4,1,-1
0.8435320066743374,0.7134417459100622,-1,False,4,1,-1
0.8686701000726025,0.7777640041973174,-1,False,4,1,-1
0.9018379902262568,0.7553496767739375,-1,False,4,1,-1
0.8451390274658322,0.7416659870492097,-1,False,4,1,-1
0.8293479783805816,0.7464124353683799,-1,False,4,1,-1
0.8798789108772168,0.7588434541965019,-1,False,4,1,-1
0.8430702800928973,0.7308703996694341,-1,False,4,1,-1
0.8684716107146041,0.7595306833689452,-1,False,4,1,-1
0.8708428686064137,0.7332637405057442,-1,False,4,1,-1
0.81706074411219,0.7208696928672789,-1,False,4,1,-1
0.8561896836482981,0.6479298852262039,-1,False,4,1,-1
0.8496989754977095,0.7580137772050868,-1,False,4,1,-1
0.8435320066743374,0.7134417459100622,-1,False,4,1,-1
0.8686701000726025,0.7777640041973174,-1,False,4,1,-1
0.9018379902262568,0.7553496767739375,-1,False,4,1,-1
0.8451390274658322,0.7416659870492097,-1,False,4,1,-1
0.8293479783805816,0.7464124353683799,-1,False,4,1,-1
0.8798789108772168,0.7588434541965019,-1,False,4,1,-1
0.8430702800928973,0.7308703996694341,-1,False,4,1,-1
0.8684716107146041,0.7595306833689452,-1,False,4,1,-1
0.8708428686064137,0.7332637405057442,-1,False,4,1,-1
0.81706074411219,0.7208696928672789,-1,False,4,1,-1
0.8561896836482981,0.6479298852262039,-1,False,4,1,-1
0.8496989754977095,0.7580137772050868,-1,False,4,1,-1
0.8435320066743374,0.7134417459100622,-1,False,4,1,-1
0.8686701000726025,0.7777640041973174,-1,False,4,1,-1
0.9018379902262568,0.7553496767739375,-1,False,4,1,-1
0.8451390274658322,0.7416659870492097,-1,False,4,1,-1
0.8293479783805816,0.7464124353683799,-1,False,4,1,-1
0.8798789108772168,0.7588434541965019,-1,False,4,1,-1
0.8430702800928973,0.7308703996694341,-1,False,4,1,-1
0.8684716107146041,0.7595306833689452,-1,False,4,1,-1
0.8708428686064137,0.7332637405057442,-1,False,4,1,-1
0.81706074411219,0.7208696928672789,-1,False,4,1,-1
0.8561896836482981,0.6479298852262039,-1,False,4,1,-1
0.8496989754977095,0.7580137772050868,-1,False,4,1,-1
0.8435320066743374,0.7134417459100622,-1,False,4,1,-1
0.8686701000726025,0.7777640041973174,-1,False,4,1,-1
0.9018379902262568,0.7553496767739375,-1,False,4,1,-1
0.8451390274658322,0.7416659870492097,-1,False,4,1,-1
0.8293479783805816,0.7464124353683799,-1,False,4,1,-1
0.8798789108772168,0.7588434541965019,-1,False,4,1,-1
0.8430702800928973,0.7308703996694341,-1,False,4,1,-1
0.8684716107146041,0.7595306833689452,-1,False,4,1,-1
0.8708428686064137,0.7332637405057442,-1,False,4,1,-1
0.81706074411219,0.7208696928672789,-1,False,4,1,-1
0.8561896836482981,0.6479298852262039,-1,False,4,1,-1
0.8496989754977095,0.7580137772050868,-1,False,4,1,-1
0.8435320066743374,0.7134417459100622,-1,False,4,1,-1
0.8686701000726025,0.7777640041973174,-1,False,4,1,-1
0.9018379902262568,0.7553496767739375,-1,False,4,1,-1
0.8451390274658322,0.7416659870492097,-1,False,4,1,-1
0.8293479783805816,0.7464124353683799,-1,False,4,1,-1
0.8798789108772168,0.7588434541965019,-1,False,4,1,-1
0.8430702800928973,0.7308703996694341,-1,False,4,1,-1
0.8684716107146041,0.7595306833689452,-1,False,4,1,-1
0.8708428686064137,0.7332637405057442,-1,False,4,1,-1
0.81706074411219,0.7208696928672789,-1,False,4,1,-1
0.8561896836482981,0.6479298852262039,-1,False,4,1,-1
0.8496989754977095,0.7580137772050868,-1,False,4,1,-1
0.8435320066743374,0.7134417459100622,-1,False,4,1,-1
0.8686701000726025,0.7777640041973174,-1,False,4,1,-1
0.9018379902262568,0.7553496767739375,-1,False,4,1,-1
0.8451390274658322,0.7416659870492097,-1,False,4,1,-1
0.8293479783805816,0.7464124353683799,-1,False,4,1,-1
0.8798789108772168,0.7588434541965019,-1,False,4,1,-1
0.8430702800928973,0.7308703996694341,-1,False,4,1,-1
0.8684716107146041,0.7595306833689452,-1,False,4,1,-1
0.8708428686064137,0.7332637405057442,-1,False,4,1,-1
0.81706074411219,0.7208696928672789,-1,False,4,1,-1
0.8561896836482981,0.6479298852262039,-1,False,4,1,-1
0.8496989754977095,0.7580137772050868,-1,False,4,1,-1
0.8435320066743374,0.7134417459100622,-1,False,4,1,-1
0.8686701000726025,0.7777640041973174,-1,False,4,1,-1
0.9018379902262568,0.7553496767739375,-1,False,4,1,-1
0.8451390274658322,0.7416659870492097,-1,False,4,1,-1
0.8293479783805816,0.7464124353683799,-1,False,4,1,-1
0.8798789108772168,0.7588434541965019,-1,False,4,1,-1
0.8430702800928973,0.7308703996694341,-1,False,4,1,-1
0.8684716107146041,0.7595306833689452,-1,False,4,1,-1
0.8708428686064137,0.7332637405057442,-1,False,4,1,-1
0.81706074411219,0.7208696928672789,-1,False,4,1,-1
0.8561896836482981,0.6479298852262039,-1,False,4,1,-1
0.8496989754977095,0.7580137772050868,-1,False,4,1,-1
0.8435320066743374,0.7134417459100622,-1,False,4,1,-1
0.8686701000726025,0.7777640041973174,-1,False,4,1,-1
0.9018379902262568,0.7553496767739375,-1,False,4,1,-1
0.8451390274658322,0.7416659870492097,-1,False,4,1,-1
0.8293479783805816,0.7464124353683799,-1,False,4,1,-1
0.8798789108772168,0.7588434541965019,-1,False,4,1,-1
0.8430702800928973,0.7308703996694341,-1,False,4,1,-1
0.8684716107146041,0.7595306833689452,-1,False,4,1,-1
0.8708428686064137,0.7332637405057442,-1,False,4,1,-1
0.81706074411219,0.7208696928672789,-1,False,4,1,-1
0.8561896836482981,0.6479298852262039,-1,False,4,1,-1
0.8496989754977095,0.7580137772050868,-1,False,4,1,-1
0.8435320066743374,0.7134417459100622,-1,False,4,1,-1
0.8686701000726025,0.7777640041973174,-1,False,4,1,-1
0.9018379902262568,0.7553496767739375,-1,False,4,1,-1
0.8451390274658322,0.7416659870492097,-1,False,4,1,-1
0.8293479783805816,0.7464124353683799,-1,False,4,1,-1
0.8798789108772168,0.7588434541965019,-1,False,4,1,-1
0.8430702800928973,0.7308703996694341,-1,False,4,1,-1
0.8684716107146041,0.7595306833689452,-1,False,4,1,-1
0.8708428686064137,0.7332637405057442,-1,False,4,1,-1
0.81706074411219,0.7208696928672789,-1,False,4,1,-1
0.8561896836482981,0.6479298852262039,-1,False,4,1,-1
0.8496989754977095,0.7580137772050868,-1,False,4,1,-1
0.8435320066743374,0.7134417459100622,-1,False,4,1,-1
0.8686701000726025,0.7777640041973174,-1,False,4,1,-1
0.9018379902262568,0.7553496767739375,-1,False,4,1,-1
0.8451390274658322,0.7416659870492097,-1,False,4,1,-1
0.8293479783805816,0.7464124353683799,-1,False,4,1,-1
0.8798789108772168,0.7588434541965019,-1,False,4,1,-1
0.8430702800928973,0.7308703996694341,-1,False,4,1,-1
0.8684716107146041,0.7595306833689452,-1,False,4,1,-1
0.8708428686064137,0.7332637405057442,-1,False,4,1,-1
0.81706074411219,0.7208696928672789,-1,False,4,1,-1
0.8561896836482981,0.6479298852262039,-1,False,4,1,-1
0.8496989754977095,0.7580137772050868,-1,False,4,1,-1
0.8435320066743374,0.7134417459100622,-1,False,4,1,-1
0.8686701000726025,0.7777640041973174,-1,False,4,1,-1
0.9018379902262568,0.7553496767739375,-1,False,4,1,-1
0.8451390274658322,0.7416659870492097,-1,False,4,1,-1
0.8293479783805816,0.7464124353683799,-1,False,4,1,-1
0.8798789108772168,0.7588434541965019,-1,False,4,1,-1
0.8430702800928973,0.7308703996694341,-1,False,4,1,-1
0.8684716107146041,0.7595306833689452,-1,False,4,1,-1
0.8708428686064137,0.7332637405057442,-1,False,4,1,-1
0.81706074411219,0.7208696928672789,-1,False,4,1,-1
0.8561896836482981,0.6479298852262039,-1,False,4,1,-1
0.8496989754977095,0.7580137772050868,-1,False,4,1,-1
0.8435320066743374,0.7134417459100622,-1,False,4,1,-1
0.8686701000726025,0.7777640041973174,-1,False,4,1,-1
0.9018379902262568,0.7553496767739375,-1,False,4,1,-1
0.8451390274658322,0.7416659870492097,-1,False,4,1,-1
0.8293479783805816,0.7464124353683799,-1,False,4,1,-1
0.8798789108772168,0.7588434541965019,-1,False,4,1,-1
0.8430702800928973,0.7308703996694341,-1,False,4,1,-1
0.8684716107146041,0.7595306833689452,-1,False,4,1,-1
0.8708428686064137,0.7332637405057442,-1,False,4,1,-1
0.81706074411219,0.7208696928672789,-1,False,4,1,-1
0.8561896836482981,0.6479298852262039,-1,False,4,1,-1
0.8496989754977095,0.7580137772050868,-1,False,4,1,-1
0.8435320066743374,0.7134417459100622,-1,False,4,1,-1
0.8686701000726025,0.7777640041973174,-1,False,4,1,-1
0.9018379902262568,0.7553496767739375,-1,False,4,1,-1
0.8451390274658322,0.7416659870492097,-1,False,4,1,-1
0.8293479783805816,0.7464124353683799,-1,False,4,1,-1
0.8798789108772168,0.7588434541965019,-1,False,4,1,-1
0.8430702800928973,0.7308703996694341,-1,False,4,1,-1
0.8684716107146041,0.7595306833689452,-1,False,4,1,-1
0.8708428686064137,0.7332637405057442,-1,False,4,1,-1
0.81706074411219,0.7208696928672789,-1,False,4,1,-1
0.8561896836482981,0.6479298852262039,-1,False,4,1,-1
0.8496989754977095,0.7580137772050868,-1,False,4,1,-1
0.8435320066743374,0.7134417459100622,-1,False,4,1,-1
0.8686701000726025,0.7777640041973174,-1,False,4,1,-1
0.9018379902262568,0.7553496767739375,-1,False,4,1,-1
0.8451390274658322,0.7416659870492097,-1,False,4,1,-1
0.8293479783805816,0.7464124353683799,-1,False,4,1,-1
0.8798789108772168,0.7588434541965019,-1,False,4,1,-1
0.8430702800928973,0.7308703996694341,-1,False,4,1,-1
0.8684716107146041,0.7595306833689452,-1,False,4,1,-1
0.8708428686064137,0.7332637405057442,-1,False,4,1,-1
0.81706074411219,0.7208696928672789,-1,False,4,1,-1
0.8561896836482981,0.6479298852262039,-1,False,4,1,-1
0.8496989754977095,0.7580137772050868,-1,False,4,1,-1
0.8435320066743374,0.7134417459100622,-1,False,4,1,-1
0.8686701000726025,0.7777640041973174,-1,False,4,1,-1
0.9018379902262568,0.7553496767739375,-1,False,4,1,-1
0.8451390274658322,0.7416659870492097,-1,False,4,1,-1
0.8293479783805816,0.7464124353683799,-1,False,4,1,-1
0.8798789108772168,0.7588434541965019,-1,False,4,1,-1
0.8430702800928973,0.7308703996694341,-1,False,4,1,-1
0.8684716107146041,0.7595306833689452,-1,False,4,1,-1
0.8708428686064137,0.7332637405057442,-1,False,4,1,-1
0.81706074411219,0.7208696928672789,-1,False,4,1,-1
0.8561896836482981,0.6479298852262039,-1,False,4,1,-1
0.8496989754977095,0.7580137772050868,-1,False,4,1,-1
0.8435320066743374,0.7134417459100622,-1,False,4,1,-1
0.8686701000726025,0.7777640041973174,-1,False,4,1,-1
0.9018379902262568,0.7553496767739375,-1,False,4,1,-1
0.8451390274658322,0.7416659870492097,-1,False,4,1,-1
0.8293479783805816,0.7464124353683799,-1,False,4,1,-1
0.8798789108772168,0.7588434541965019,-1,False,4,1,-1
0.8430702800928973,0.7308703996694341,-1,False,4,1,-1
0.8684716107146041,0.7595306833689452,-1,False,4,1,-1
0.8708428686064137,0.7332637405057442,-1,False,4,1,-1
0.81706074411219,0.7208696928672789,-1,False,4,1,-1
0.8561896836482981,0.6479298852262039,-1,False,4,1,-1
0.8496989754977095,0.7580137772050868,-1,False,4,1,-1
0.8435320066743374,0.7134417459100622,-1,False,4,1,-1
0.8686701000726025,0.7777640041973174,-1,False,4,1,-1
0.9018379902262568,0.7553496767739375,-1,False,4,1,-1
0.8451390274658322,0.7416659870492097,-1,False,4,1,-1
0.8293479783805816,0.7464124353683799,-1,False,4,1,-1
0.8798789108772168,0.7588434541965019,-1,False,4,1,-1
0.8430702800928973,0.7308703996694341,-1,False,4,1,-1
0.8684716107146041,0.7595306833689452,-1,False,4,1,-1
0.8708428686064137,0.7332637405057442,-1,False,4,1,-1
0.81706074411219,0.7208696928672789,-1,False,4,1,-1
0.8561896836482981,0.6479298852262039,-1,False,4,1,-1
0.8496989754977095,0.7580137772050868,-1,False,4,1,-1
0.8435320066743374,0.7134417459100622,-1,False,4,1,-1
0.8686701000726025,0.7777640041973174,-1,False,4,1,-1
0.9018379902262568,0.7553496767739375,-1,False,4,1,-1
0.8451390274658322,0.7416659870492097,-1,False,4,1,-1
0.8293479783805816,0.7464124353683799,-1,False,4,1,-1
0.8798789108772168,0.7588434541965019,-1,False,4,1,-1
0.8430702800928973,0.7308703996694341,-1,False,4,1,-1
0.8684716107146041,0.7595306833689452,-1,False,4,1,-1
0.8708428686064137,0.7332637405057442,-1,False,4,1,-1
0.81706074411219,0.7208696928672789,-1,False,4,1,-1
0.8561896836482981,0.6479298852262039,-1,False,4,1,-1
0.8496989754977095,0.7580137772050868,-1,False,4,1,-1
0.8435320066743374,0.7134417459100622,-1,False,4,1,-1
0.8686701000726025,0.7777640041973174,-1,False,4,1,-1
0.9018379902262568,0.7553496767739375,-1,False,4,1,-1
0.8451390274658322,0.7416659870492097,-1,False,4,1,-1
0.8293479783805816,0.7464124353683799,-1,False,4,1,-1
0.8798789108772168,0.7588434541965019,-1,False,4,1,-1
0.8430702800928973,0.7308703996694341,-1,False,4,1,-1
0.8684716107146041,0.7595306833689452,-1,False,4,1,-1
0.8708428686064137,0.7332637405057442,-1,False,4,1,-1
0.81706074411219,0.7208696928672789,-1,False,4,1,-1
0.8561896836482981,0.6479298852262039,-1,False,4,1,-1
0.8496989754977095,0.7580137772050868,-1,False,4,1,-1
0.8435320066743374,0.7134417459100622,-1,False,4,1,-1
0.8686701000726025,0.7777640041973174,-1,False,4,1,-1
0.9018379902262568,0.7553496767739375,-1,False,4,1,-1
0.8451390274658322,0.7416659870492097,-1,False,4,1,-1
0.8293479783805816,0.7464124353683799,-1,False,4,1,-1
0.8798789108772168,0.7588434541965019,-1,False,4,1,-1
0.8430702800928973,0.7308703996694341,-1,False,4,1,-1
0.8684716107146041,0.7595306833689452,-1,False,4,1,-1
0.8708428686064137,0.7332637405057442,-1,False,4,1,-1
0.81706074411219,0.7208696928672789,-1,False,4,1,-1
0.8561896836482981,0.6479298852262039,-1,False,4,1,-1
0.8496989754977095,0.7580137772050868,-1,False,4,1,-1
0.8435320066743374,0.7134417459100622,-1,False,4,1,-1
0.8686701000726025,0.7777640041973174,-1,False,4,1,-1
0.9018379902262568,0.7553496767739375,-1,False,4,1,-1
0.8451390274658322,0.7416659870492097,-1,False,4,1,-1
0.8293479783805816,0.7464124353683799,-1,False,4,1,-1
0.8798789108772168,0.7588434541965019,-1,False,4,1,-1
0.8430702800928973,0.7308703996694341,-1,False,4,1,-1
0.8684716107146041,0.7595306833689452,-1,False,4,1,-1
0.8708428686064137,0.7332637405057442,-1,False,4,1,-1
0.81706074411219,0.7208696928672789,-1,False,4,1,-1
0.8561896836482981,0.6479298852262039,-1,False,4,1,-1
0.8496989754977095,0.7580137772050868,-1,False,4,1,-1
0.8435320066743374,0.7134417459100622,-1,False,4,1,-1
0.8686701000726025,0.7777640041973174,-1,False,4,1,-1
0.9018379902262568,0.7553496767739375,-1,False,4,1,-1
0.8451390274658322,0.7416659870492097,-1,False,4,1,-1
0.8293479783805816,0.7464124353683799,-1,False,4,1,-1
0.8798789108772168,0.7588434541965019,-1,False,4,1,-1
0.8430702800928973,0.7308703996694341,-1,False,4,1,-1
0.8684716107146041,0.7595306833689452,-1,False,4,1,-1
0.8708428686064137,0.7332637405057442,-1,False,4,1,-1
0.81706074411219,0.7208696928672789,-1,False,4,1,-1
0.8561896836482981,0.6479298852262039,-1,False,4,1,-1
0.8496989754977095,0.7580137772050868,-1,False,4,1,-1
0.8435320066743374,0.7134417459100622,-1,False,4,1,-1
0.8686701000726025,0.7777640041973174,-1,False,4,1,-1
0.9018379902262568,0.7553496767739375,-1,False,4,1,-1
0.8451390274658322,0.7416659870492097,-1,False,4,1,-1
0.8293479783805816,0.7464124353683799,-1,False,4,1,-1
0.8798789108772168,0.7588434541965019,-1,False,4,1,-1
0.8430702800928973,0.7308703996694341,-1,False,4,1,-1
0.8684716107146041,0.7595306833689452,-1,False,4,1,-1
0.8708428686064137,0.7332637405057442,-1,False,4,1,-1
0.81706074411219,0.7208696928672789,-1,False,4,1,-1
0.8561896836482981,0.6479298852262039,-1,False,4,1,-1
0.8496989754977095,0.7580137772050868,-1,False,4,1,-1
0.8435320066743374,0.7134417459100622,-1,False,4,1,-1
0.8686701000726025,0.7777640041973174,-1,False,4,1,-1
0.9018379902262568,0.7553496767739375,-1,False,4,1,-1
0.8451390274658322,0.7416659870492097,-1,False,4,1,-1
0.8293479783805816,0.7464124353683799,-1,False,4,1,-1
0.8798789108772168,0.7588434541965019,-1,False,4,1,-1
0.8430702800928973,0.7308703996694341,-1,False,4,1,-1
0.8684716107146041,0.7595306833689452,-1,False,4,1,-1
0.8708428686064137,0.7332637405057442,-1,False,4,1,-1
0.81706074411219,0.7208696928672789,-1,False,4,1,-1
0.8561896836482981,0.6479298852262039,-1,False,4,1,-1
0.8496989754977095,0.7580137772050868,-1,False,4,1,-1
0.8435320066743374,0.7134417459100622,-1,False,4,1,-1
0.8686701000726025,0.7777640041973174,-1,False,4,1,-1
0.9018379902262568,0.7553496767739375,-1,False,4,1,-1
0.8451390274658322,0.7416659870492097,-1,False,4,1,-1
0.8293479783805816,0.7464124353683799,-1,False,4,1,-1
0.8798789108772168,0.7588434541965019,-1,False,4,1,-1
0.8430702800928973,0.7308703996694341,-1,False,4,1,-1
0.8684716107146041,0.7595306833689452,-1,False,4,1,-1
0.8708428686064137,0.7332637405057442,-1,False,4,1,-1
0.81706074411219,0.7208696928672789,-1,False,4,1,-1
0.1571037961355077,0.3156556677377438,-1,False,7,2,-1
0.1725902118210496,0.3418606294888733,-1,False,7,2,-1
0.1209617499331292,0.3364345637127773,-1,False,7,2,-1
0.1589963443992035,0.3413114985836772,-1,False,7,2,-1
0.1564849763723363,0.3788524795163298,-1,False,7,2,-1
0.1675940117777428,0.3279192288244792,-1,False,7,2,-1
0.1176585473551027,0.3393552876956618,-1,False,7,2,-1
0.189320635675437,0.3194876228068745,-1,False,7,2,-1
0.1888302502027351,0.3309530411521962,-1,False,7,2,-1
0.1615353098769153,0.3172584775481576,-1,False,7,2,-1
0.1759082745649155,0.3171508261429806,-1,False,7,2,-1
0.1933689694262702,0.3112452222892778,-1,False,7,2,-1
0.1571037961355077,0.3156556677377438,-1,False,7,2,-1
0.1725902118210496,0.3418606294888733,-1,False,7,2,-1
0.1209617499331292,0.3364345637127773,-1,False,7,2,-1
0.1589963443992035,0.3413114985836772,-1,False,7,2,-1
0.1564849763723363,0.3788524795163298,-1,False,7,2,-1
0.1675940117777428,0.3279192288244792,-1,False,7,2,-1
0.1176585473551027,0.3393552876956618,-1,False,7,2,-1
0.189320635675437,0.3194876228068745,-1,False,7,2,-1
0.1888302502027351,0.3309530411521962,-1,False,7,2,-1
0.1615353098769153,0.3172584775481576,-1,False,7,2,-1
0.1759082745649155,0.3171508261429806,-1,False,7,2,-1
0.1933689694262702,0.3112452222892778,-1,False,7,2,-1
0.1571037961355077,0.3156556677377438,-1,False,7,2,-1
0.1725902118210496,0.3418606294888733,-1,False,7,2,-1
0.1209617499331292,0.3364345637127773,-1,False,7,2,-1
0.1589963443992035,0.3413114985836772,-1,False,7,2,-1
0.1564849763723363,0.3788524795163298,-1,False,7,2,-1
0.1675940117777428,0.3279192288244792,-1,False,7,2,-1
0.1176585473551027,0.3393552876956618,-1,False,7,2,-1
0.189320635675437,0.3194876228068745,-1,False,7,2,-1
0.1888302502027351,0.3309530411521962,-1,False,7,2,-1
0.1615353098769153,0.3172584775481576,-1,False,7,2,-1
0.1759082745649155,0.3171508261429806,-1,False,7,2,-1
0.1933689694262702,0.3112452222892778,-1,False,7,2,-1
0.1571037961355077,0.3156556677377438,-1,False,7,2,-1
0.1725902118210496,0.3418606294888733,-1,False,7,2,-1
0.1209617499331292,0.3364345637127773,-1,False,7,2,-1
0.1589963443992035,0.3413114985836772,-1,False,7,2,-1
0.1564849763723363,0.3788524795163298,-1,False,7,2,-1
0.1675940117777428,0.3279192288244792,-1,False,7,2,-1
0.1176585473551027,0.3393552876956618,-1,False,7,2,-1
0.189320635675437,0.3194876228068745,-1,False,7,2,-1
0.1888302502027351,0.3309530411521962,-1,False,7,2,-1
0.1615353098769153,0.3172584775481576,-1,False,7,2,-1
0.1759082745649155,0.3171508261429806,-1,False,7,2,-1
0.1933689694262702,0.3112452222892778,-1,False,7,2,-1
0.1571037961355077,0.3156556677377438,-1,False,7,2,-1
0.1725902118210496,0.3418606294888733,-1,False,7,2,-1
0.1209617499331292,0.3364345637127773,-1,False,7,2,-1
0.1589963443992035,0.3413114985836772,-1,False,7,2,-1
0.1564849763723363,0.3788524795163298,-1,False,7,2,-1
0.1675940117777428,0.3279192288244792,-1,False,7,2,-1
0.1176585473551027,0.3393552876956618,-1,False,7,2,-1
0.189320635675437,0.3194876228068745,-1,False,7,2,-1
0.1888302502027351,0.3309530411521962,-1,False,7,2,-1
0.1615353098769153,0.3172584775481576,-1,False,7,2,-1
0.1759082745649155,0.3171508261429806,-1,False,7,2,-1
0.1933689694262702,0.3112452222892778,-1,False,7,2,-1
0.1571037961355077,0.3156556677377438,-1,False,7,2,-1
0.1725902118210496,0.3418606294888733,-1,False,7,2,-1
0.1209617499331292,0.3364345637127773,-1,False,7,2,-1
0.1589963443992035,0.3413114985836772,-1,False,7,2,-1
0.1564849763723363,0.3788524795163298,-1,False,7,2,-1
0.1675940117777428,0.3279192288244792,-1,False,7,2,-1
0.1176585473551027,0.3393552876956618,-1,False,7,2,-1
0.189320635675437,0.3194876228068745,-1,False,7,2,-1
0.1888302502027351,0.3309530411521962,-1,False,7,2,-1
0.1615353098769153,0.3172584775481576,-1,False,7,2,-1
0.1759082745649155,0.3171508261429806,-1,False,7,2,-1
0.1933689694262702,0.3112452222892778,-1,False,7,2,-1
0.1571037961355077,0.3156556677377438,-1,False,7,2,-1
0.1725902118210496,0.3418606294888733,-1,False,7,2,-1
0.1209617499331292,0.3364345637127773,-1,False,7,2,-1
0.1589963443992035,0.3413114985836772,-1,False,7,2,-1
0.1564849763723363,0.3788524795163298,-1,False,7,2,-1
0.1675940117777428,0.3279192288244792,-1,False,7,2,-1
0.1176585473551027,0.3393552876956618,-1,False,7,2,-1
0.189320635675437,0.3194876228068745,-1,False,7,2,-1
0.1888302502027351,0.3309530411521962,-1,False,7,2,-1
0.1615353098769153,0.3172584775481576,-1,False,7,2,-1
0.1759082745649155,0.3171508261429806,-1,False,7,2,-1
0.1933689694262702,0.3112452222892778,-1,False,7,2,-1
0.1571037961355077,0.3156556677377438,-1,False,7,2,-1
0.1725902118210496,0.3418606294888733,-1,False,7,2,-1
0.1209617499331292,0.3364345637127773,-1,False,7,2,-1
0.1589963443992035,0.3413114985836772,-1,False,7,2,-1
0.1564849763723363,0.3788524795163298,-1,False,7,2,-1
0.1675940117777428,0.3279192288244792,-1,False,7,2,-1
0.1176585473551027,0.3393552876956618,-1,False,7,2,-1
0.189320635675437,0.3194876228068745,-1,False,7,2,-1
0.1888302502027351,0.3309530411521962,-1,False,7,2,-1
0.1615353098769153,0.3172584775481576,-1,False,7,2,-1
0.1759082745649155,0.3171508261429806,-1,False,7,2,-1
0.1933689694262702,0.3112452222892778,-1,False,7,2,-1
0.1571037961355077,0.3156556677377438,-1,False,7,2,-1
0.1725902118210496,0.3418606294888733,-1,False,7,2,-1
0.1209617499331292,0.3364345637127773,-1,False,7,2,-1
0.1589963443992035,0.3413114985836772,-1,False,7,2,-1
0.1564849763723363,0.3788524795163298,-1,False,7,2,-1
0.1675940117777428,0.3279192288244792,-1,False,7,2,-1
0.1176585473551027,0.3393552876956618,-1,False,7,2,-1
0.189320635675437,0.3194876228068745,-1,False,7,2,-1
0.1888302502027351,0.3309530411521962,-1,False,7,2,-1
0.1615353098769153,0.3172584775481576,-1,False,7,2,-1
0.1759082745649155,0.3171508261429806,-1,False,7,2,-1
0.1933689694262702,0.3112452222892778,-1,False,7,2,-1
0.1571037961355077,0.3156556677377438,-1,False,7,2,-1
0.1725902118210496,0.3418606294888733,-1,False,7,2,-1
0.1209617499331292,0.3364345637127773,-1,False,7,2,-1
0.1589963443992035,0.3413114985836772,-1,False,7,2,-1
0.1564849763723363,0.3788524795163298,-1,False,7,2,-1
0.1675940117777428,0.3279192288244792,-1,False,7,2,-1
0.1176585473551027,0.3393552876956618,-1,False,7,2,-1
0.189320635675437,0.3194876228068745,-1,False,7,2,-1
0.1888302502027351,0.3309530411521962,-1,False,7,2,-1
0.1615353098769153,0.3172584775481576,-1,False,7,2,-1
0.1759082745649155,0.3171508261429806,-1,False,7,2,-1
0.1933689694262702,0.3112452222892778,-1,False,7,2,-1
0.1571037961355077,0.3156556677377438,-1,False,7,2,-1
0.1725902118210496,0.3418606294888733,-1,False,7,2,-1
0.1209617499331292,0.3364345637127773,-1,False,7,2,-1
0.1589963443992035,0.3413114985836772,-1,False,7,2,-1
0.1564849763723363,0.3788524795163298,-1,False,7,2,-1
0.1675940117777428,0.3279192288244792,-1,False,7,2,-1
0.1176585473551027,0.3393552876956618,-1,False,7,2,-1
0.189320635675437,0.3194876228068745,-1,False,7,2,-1
0.1888302502027351,0.3309530411521962,-1,False,7,2,-1
0.1615353098769153,0.3172584775481576,-1,False,7,2,-1
0.1759082745649155,0.3171508261429806,-1,False,7,2,-1
0.1933689694262702,0.3112452222892778,-1,False,7,2,-1
0.1571037961355077,0.3156556677377438,-1,False,7,2,-1
0.1725902118210496,0.3418606294888733,-1,False,7,2,-1
0.1209617499331292,0.3364345637127773,-1,False,7,2,-1
0.1589963443992035,0.3413114985836772,-1,False,7,2,-1
0.1564849763723363,0.3788524795163298,-1,False,7,2,-1
0.1675940117777428,0.3279192288244792,-1,False,7,2,-1
0.1176585473551027,0.3393552876956618,-1,False,7,2,-1
0.189320635675437,0.3194876228068745,-1,False,7,2,-1
0.1888302502027351,0.3309530411521962,-1,False,7,2,-1
0.1615353098769153,0.3172584775481576,-1,False,7,2,-1
0.1759082745649155,0.3171508261429806,-1,False,7,2,-1
0.1933689694262702,0.3112452222892778,-1,False,7,2,-1
0.1571037961355077,0.3156556677377438,-1,False,7,2,-1
0.1725902118210496,0.3418606294888733,-1,False,7,2,-1
0.1209617499331292,0.3364345637127773,-1,False,7,2,-1
0.1589963443992035,0.3413114985836772,-1,False,7,2,-1
0.1564849763723363,0.3788524795163298,-1,False,7,2,-1
0.1675940117777428,0.3279192288244792,-1,False,7,2,-1
0.1176585473551027,0.3393552876956618,-1,False,7,2,-1
0.189320635675437,0.3194876228068745,-1,False,7,2,-1
0.1888302502027351,0.3309530411521962,-1,False,7,2,-1
0.1615353098769153,0.3172584775481576,-1,False,7,2,-1
0.1759082745649155,0.3171508261429806,-1,False,7,2,-1
0.1933689694262702,0.3112452222892778,-1,False,7,2,-1
0.1571037961355077,0.3156556677377438,-1,False,7,2,-1
0.1725902118210496,0.3418606294888733,-1,False,7,2,-1
0.1209617499331292,0.3364345637127773,-1,False,7,2,-1
0.1589963443992035,0.3413114985836772,-1,False,7,2,-1
0.1564849763723363,0.3788524795163298,-1,False,7,2,-1
0.1675940117777428,0.3279192288244792,-1,False,7,2,-1
0.1176585473551027,0.3393552876956618,-1,False,7,2,-1
0.189320635675437,0.3194876228068745,-1,False,7,2,-1
0.1888302502027351,0.3309530411521962,-1,False,7,2,-1
0.1615353098769153,0.3172584775481576,-1,False,7,2,-1
0.1759082745649155,0.3171508261429806,-1,False,7,2,-1
0.1933689694262702,0.3112452222892778,-1,False,7,2,-1
0.1571037961355077,0.3156556677377438,-1,False,7,2,-1
0.1725902118210496,0.3418606294888733,-1,False,7,2,-1
0.1209617499331292,0.3364345637127773,-1,False,7,2,-1
0.1589963443992035,0.3413114985836772,-1,False,7,2,-1
0.1564849763723363,0.3788524795163298,-1,False,7,2,-1
0.1675940117777428,0.3279192288244792,-1,False,7,2,-1
0.1176585473551027,0.3393552876956618,-1,False,7,2,-1
0.189320635675437,0.3194876228068745,-1,False,7,2,-1
0.1888302502027351,0.3309530411521962,-1,False,7,2,-1
0.1615353098769153,0.3172584775481576,-1,False,7,2,-1
0.1759082745649155,0.3171508261429806,-1,False,7,2,-1
0.1933689694262702,0.3112452222892778,-1,False,7,2,-1
0.1571037961355077,0.3156556677377438,-1,False,7,2,-1
0.1725902118210496,0.3418606294888733,-1,False,7,2,-1
0.1209617499331292,0.3364345637127773,-1,False,7,2,-1
0.1589963443992035,0.3413114985836772,-1,False,7,2,-1
0.1564849763723363,0.3788524795163298,-1,False,7,2,-1
0.1675940117777428,0.3279192288244792,-1,False,7,2,-1
0.1176585473551027,0.3393552876956618,-1,False,7,2,-1
0.189320635675437,0.3194876228068745,-1,False,7,2,-1
0.1888302502027351,0.3309530411521962,-1,False,7,2,-1
0.1615353098769153,0.3172584775481576,-1,False,7,2,-1
0.1759082745649155,0.3171508261429806,-1,False,7,2,-1
0.1933689694262702,0.3112452222892778,-1,False,7,2,-1
0.1571037961355077,0.3156556677377438,-1,False,7,2,-1
0.1725902118210496,0.3418606294888733,-1,False,7,2,-1
0.1209617499331292,0.3364345637127773,-1,False,7,2,-1
0.1589963443992035,0.3413114985836772,-1,False,7,2,-1
0.1564849763723363,0.3788524795163298,-1,False,7,2,-1
0.1675940117777428,0.3279192288244792,-1,False,7,2,-1
0.1176585473551027,0.3393552876956618,-1,False,7,2,-1
0.189320635675437,0.3194876228068745,-1,False,7,2,-1
0.1888302502027351,0.3309530411521962,-1,False,7,2,-1
0.1615353098769153,0.3172584775481576,-1,False,7,2,-1
0.1759082745649155,0.3171508261429806,-1,False,7,2,-1
0.1933689694262702,0.3112452222892778,-1,False,7,2,-1
0.1571037961355077,0.3156556677377438,-1,False,7,2,-1
0.1725902118210496,0.3418606294888733,-1,False,7,2,-1
0.1209617499331292,0.3364345637127773,-1,False,7,2,-1
0.1589963443992035,0.3413114985836772,-1,False,7,2,-1
0.1564849763723363,0.3788524795163298,-1,False,7,2,-1
0.1675940117777428,0.3279192288244792,-1,False,7,2,-1
0.1176585473551027,0.3393552876956618,-1,False,7,2,-1
0.189320635675437,0.3194876228068745,-1,False,7,2,-1
0.1888302502027351,0.3309530411521962,-1,False,7,2,-1
0.1615353098769153,0.3172584775481576,-1,False,7,2,-1
0.1759082745649155,0.3171508261429806,-1,False,7,2,-1
0.1933689694262702,0.3112452222892778,-1,False,7,2,-1
0.1571037961355077,0.3156556677377438,-1,False,7,2,-1
0.1725902118210496,0.3418606294888733,-1,False,7,2,-1
0.1209617499331292,0.3364345637127773,-1,False,7,2,-1
0.1589963443992035,0.3413114985836772,-1,False,7,2,-1
0.1564849763723363,0.3788524795163298,-1,False,7,2,-1
0.1675940117777428,0.3279192288244792,-1,False,7,2,-1
0.1176585473551027,0.3393552876956618,-1,False,7,2,-1
0.189320635675437,0.3194876228068745,-1,False,7,2,-1
0.1888302502027351,0.3309530411521962,-1,False,7,2,-1
0.1615353098769153,0.3172584775481576,-1,False,7,2,-1
0.1759082745649155,0.3171508261429806,-1,False,7,2,-1
0.1933689694262702,0.3112452222892778,-1,False,7,2,-1
0.1571037961355077,0.3156556677377438,12,True,7,2,-1
0.1725902118210496,0.3418606294888733,12,True,7,2,-1
0.1209617499331292,0.3364345637127773,12,True,7,2,-1
0.1589963443992035,0.3413114985836772,12,True,7,2,-1
0.1564849763723363,0.3788524795163298,12,True,7,2,-1
0.1675940117777428,0.3279192288244792,12,True,7,2,-1
0.1176585473551027,0.3393552876956618,12,True,7,2,-1
0.189320635675437,0.3194876228068745,12,True,7,2,-1
0.1888302502027351,0.3309530411521962,12,True,7,2,-1
0.1615353098769153,0.3172584775481576,12,True,7,2,-1
0.1759082745649155,0.3171508261429806,12,True,7,2,-1
0.1933689694262702,0.3112452222892778,12,True,7,2,-1
0.1571037961355077,0.3156556677377438,12,True,7,2,-1
0.1725902118210496,0.3418606294888733,12,True,7,2,-1
0.1209617499331292,0.3364345637127773,12,True,7,2,-1
0.1589963443992035,0.3413114985836772,12,True,7,2,-1
0.1564849763723363,0.3788524795163298,12,True,7,2,-1
0.1675940117777428,0.3279192288244792,12,True,7,2,-1
0.1176585473551027,0.3393552876956618,12,True,7,2,-1
0.189320635675437,0.3194876228068745,12,True,7,2,-1
0.1888302502027351,0.3309530411521962,12,True,7,2,-1
0.1615353098769153,0.3172584775481576,12,True,7,2,-1
0.1759082745649155,0.3171508261429806,12,True,7,2,-1
0.1933689694262702,0.3112452222892778,12,True,7,2,-1
0.1571037961355077,0.3156556677377438,12,False,7,2,-1
0.1725902118210496,0.3418606294888733,12,False,7,2,-1
0.1209617499331292,0.3364345637127773,12,False,7,2,-1
0.1589963443992035,0.3413114985836772,12,False,7,2,-1
0.1564849763723363,0.3788524795163298,12,False,7,2,-1
0.1675940117777428,0.3279192288244792,12,False,7,2,-1
0.1176585473551027,0.3393552876956618,12,False,7,2,-1
0.189320635675437,0.3194876228068745,12,False,7,2,-1
0.1888302502027351,0.3309530411521962,12,False,7,2,-1
0.1615353098769153,0.3172584775481576,12,False,7,2,-1
0.1759082745649155,0.3171508261429806,12,False,7,2,-1
0.1933689694262702,0.3112452222892778,12,False,7,2,-1
0.1571037961355077,0.3156556677377438,12,False,7,2,-1
0.1725902118210496,0.3418606294888733,12,False,7,2,-1
0.1209617499331292,0.3364345637127773,12,False,7,2,-1
0.1589963443992035,0.3413114985836772,12,False,7,2,-1
0.1564849763723363,0.3788524795163298,12,False,7,2,-1
0.1675940117777428,0.3279192288244792,12,False,7,2,-1
0.1176585473551027,0.3393552876956618,12,False,7,2,-1
0.189320635675437,0.3194876228068745,12,False,7,2,-1
0.1888302502027351,0.3309530411521962,12,False,7,2,-1
0.1615353098769153,0.3172584775481576,12,False,7,2,-1
0.1759082745649155,0.3171508261429806,12,False,7,2,-1
0.1933689694262702,0.3112452222892778,12,False,7,2,-1
0.1571037961355077,0.3156556677377438,12,False,7,2,-1
0.1725902118210496,0.3418606294888733,12,False,7,2,-1
0.1209617499331292,0.3364345637127773,12,False,7,2,-1
0.1589963443992035,0.3413114985836772,12,False,7,2,-1
0.1564849763723363,0.3788524795163298,12,False,7,2,-1
0.1675940117777428,0.3279192288244792,12,False,7,2,-1
0.1176585473551027,0.3393552876956618,12,False,7,2,-1
0.189320635675437,0.3194876228068745,12,False,7,2,-1
0.1888302502027351,0.3309530411521962,12,False,7,2,-1
0.1615353098769153,0.3172584775481576,12,False,7,2,-1
0.1759082745649155,0.3171508261429806,12,False,7,2,-1
0.1933689694262702,0.3112452222892778,12,False,7,2,-1
0.1571037961355077,0.3156556677377438,12,False,7,2,-1
0.1725902118210496,0.3418606294888733,12,False,7,2,-1
0.1209617499331292,0.3364345637127773,12,False,7,2,-1
0.1589963443992035,0.3413114985836772,12,False,7,2,-1
0.1564849763723363,0.3788524795163298,12,False,7,2,-1
0.1675940117777428,0.3279192288244792,12,False,7,2,-1
0.1176585473551027,0.3393552876956618,12,False,7,2,-1
0.189320635675437,0.3194876228068745,12,False,7,2,-1
0.1888302502027351,0.3309530411521962,12,False,7,2,-1
0.1615353098769153,0.3172584775481576,12,False,7,2,-1
0.1759082745649155,0.3171508261429806,12,False,7,2,-1
0.1933689694262702,0.3112452222892778,12,False,7,2,-1
0.1571037961355077,0.3156556677377438,12,False,7,2,-1
0.1725902118210496,0.3418606294888733,12,False,7,2,-1
0.1209617499331292,0.3364345637127773,12,False,7,2,-1
0.1589963443992035,0.3413114985836772,12,False,7,2,-1
0.1564849763723363,0.3788524795163298,12,False,7,2,-1
0.1675940117777428,0.3279192288244792,12,False,7,2,-1
0.1176585473551027,0.3393552876956618,12,False,7,2,-1
0.189320635675437,0.3194876228068745,12,False,7,2,-1
0.1888302502027351,0.3309530411521962,12,False,7,2,-1
0.1615353098769153,0.3172584775481576,12,False,7,2,-1
0.1759082745649155,0.3171508261429806,12,False,7,2,-1
0.1933689694262702,0.3112452222892778,12,False,7,2,-1
0.1571037961355077,0.3156556677377438,12,False,7,2,-1
0.1725902118210496,0.3418606294888733,12,False,7,2,-1
0.1209617499331292,0.3364345637127773,12,False,7,2,-1
0.1589963443992035,0.3413114985836772,12,False,7,2,-1
0.1564849763723363,0.3788524795163298,12,False,7,2,-1
0.1675940117777428,0.3279192288244792,12,False,7,2,-1
0.1176585473551027,0.3393552876956618,12,False,7,2,-1
0.189320635675437,0.3194876228068745,12,False,7,2,-1
0.1888302502027351,0.3309530411521962,12,False,7,2,-1
0.1615353098769153,0.3172584775481576,12,False,7,2,-1
0.1759082745649155,0.3171508261429806,12,False,7,2,-1
0.1933689694262702,0.3112452222892778,12,False,7,2,-1
0.1571037961355077,0.3156556677377438,12,False,7,2,-1
0.1725902118210496,0.3418606294888733,12,False,7,2,-1
0.1209617499331292,0.3364345637127773,12,False,7,2,-1
0.1589963443992035,0.3413114985836772,12,False,7,2,-1
0.1564849763723363,0.3788524795163298,12,False,7,2,-1
0.1675940117777428,0.3279192288244792,12,False,7,2,-1
0.1176585473551027,0.3393552876956618,12,False,7,2,-1
0.189320635675437,0.3194876228068745,12,False,7,2,-1
0.1888302502027351,0.3309530411521962,12,False,7,2,-1
0.1615353098769153,0.3172584775481576,12,False,7,2,-1
0.1759082745649155,0.3171508261429806,12,False,7,2,-1
0.1933689694262702,0.3112452222892778,12,False,7,2,-1
0.1571037961355077,0.3156556677377438,12,False,7,2,-1
0.1725902118210496,0.3418606294888733,12,False,7,2,-1
0.1209617499331292,0.3364345637127773,12,False,7,2,-1
0.1589963443992035,0.3413114985836772,12,False,7,2,-1
0.1564849763723363,0.3788524795163298,12,False,7,2,-1
0.1675940117777428,0.3279192288244792,12,False,7,2,-1
0.1176585473551027,0.3393552876956618,12,False,7,2,-1
0.189320635675437,0.3194876228068745,12,False,7,2,-1
0.1888302502027351,0.3309530411521962,12,False,7,2,-1
0.1615353098769153,0.3172584775481576,12,False,7,2,-1
0.1759082745649155,0.3171508261429806,12,False,7,2,-1
0.1933689694262702,0.3112452222892778,12,False,7,2,-1
0.1571037961355077,0.3156556677377438,12,False,7,2,-1
0.1725902118210496,0.3418606294888733,12,False,7,2,-1
0.1209617499331292,0.3364345637127773,12,False,7,2,-1
0.1589963443992035,0.3413114985836772,12,False,7,2,-1
0.1564849763723363,0.3788524795163298,12,False,7,2,-1
0.1675940117777428,0.3279192288244792,12,False,7,2,-1
0.1176585473551027,0.3393552876956618,12,False,7,2,-1
0.189320635675437,0.3194876228068745,12,False,7,2,-1
0.1888302502027351,0.3309530411521962,12,False,7,2,-1
0.1615353098769153,0.3172584775481576,12,False,7,2,-1
0.1759082745649155,0.3171508261429806,12,False,7,2,-1
0.1933689694262702,0.3112452222892778,12,False,7,2,-1
0.1571037961355077,0.3156556677377438,12,False,7,2,-1
0.1725902118210496,0.3418606294888733,12,False,7,2,-1
0.1209617499331292,0.3364345637127773,12,False,7,2,-1
0.1589963443992035,0.3413114985836772,12,False,7,2,-1
0.1564849763723363,0.3788524795163298,12,False,7,2,-1
0.1675940117777428,0.3279192288244792,12,False,7,2,-1
0.1176585473551027,0.3393552876956618,12,False,7,2,-1
0.189320635675437,0.3194876228068745,12,False,7,2,-1
0.1888302502027351,0.3309530411521962,12,False,7,2,-1
0.1615353098769153,0.3172584775481576,12,False,7,2,-1
0.1759082745649155,0.3171508261429806,12,False,7,2,-1
0.1933689694262702,0.3112452222892778,12,False,7,2,-1
0.1571037961355077,0.3156556677377438,12,False,7,2,-1
0.1725902118210496,0.3418606294888733,12,False,7,2,-1
0.1209617499331292,0.3364345637127773,12,False,7,2,-1
0.1589963443992035,0.3413114985836772,12,False,7,2,-1
0.1564849763723363,0.3788524795163298,12,False,7,2,-1
0.1675940117777428,0.3279192288244792,12,False,7,2,-1
0.1176585473551027,0.3393552876956618,12,False,7,2,-1
0.189320635675437,0.3194876228068745,12,False,7,2,-1
0.1888302502027351,0.3309530411521962,12,False,7,2,-1
0.1615353098769153,0.3172584775481576,12,False,7,2,-1
0.1759082745649155,0.3171508261429806,12,False,7,2,-1
0.1933689694262702,0.3112452222892778,12,False,7,2,-1
0.1571037961355077,0.3156556677377438,12,False,7,2,-1
0.1725902118210496,0.3418606294888733,12,False,7,2,-1
0.1209617499331292,0.3364345637127773,12,False,7,2,-1
0.1589963443992035,0.3413114985836772,12,False,7,2,-1
0.1564849763723363,0.3788524795163298,12,False,7,2,-1
0.1675940117777428,0.3279192288244792,12,False,7,2,-1
0.1176585473551027,0.3393552876956618,12,False,7,2,-1
0.189320635675437,0.3194876228068745,12,False,7,2,-1
0.1888302502027351,0.3309530411521962,12,False,7,2,-1
0.1615353098769153,0.3172584775481576,12,False,7,2,-1
0.1759082745649155,0.3171508261429806,12,False,7,2,-1
0.1933689694262702,0.3112452222892778,12,False,7,2,-1
0.1571037961355077,0.3156556677377438,12,False,7,2,-1
0.1725902118210496,0.3418606294888733,12,False,7,2,-1
0.1209617499331292,0.3364345637127773,12,False,7,2,-1
0.1589963443992035,0.3413114985836772,12,False,7,2,-1
0.1564849763723363,0.3788524795163298,12,False,7,2,-1
0.1675940117777428,0.3279192288244792,12,False,7,2,-1
0.1176585473551027,0.3393552876956618,12,False,7,2,-1
0.189320635675437,0.3194876228068745,12,False,7,2,-1
0.1888302502027351,0.3309530411521962,12,False,7,2,-1
0.1615353098769153,0.3172584775481576,12,False,7,2,-1
0.1759082745649155,0.3171508261429806,12,False,7,2,-1
0.1933689694262702,0.3112452222892778,12,False,7,2,-1
0.1571037961355077,0.3156556677377438,12,False,7,2,-1
0.1725902118210496,0.3418606294888733,12,False,7,2,-1
0.1209617499331292,0.3364345637127773,12,False,7,2,-1
0.1589963443992035,0.3413114985836772,12,False,7,2,-1
0.1564849763723363,0.3788524795163298,12,False,7,2,-1
0.1675940117777428,0.3279192288244792,12,False,7,2,-1
0.1176585473551027,0.3393552876956618,12,False,7,2,-1
0.189320635675437,0.3194876228068745,12,False,7,2,-1
0.1888302502027351,0.3309530411521962,12,False,7,2,-1
0.1615353098769153,0.3172584775481576,12,False,7,2,-1
0.1759082745649155,0.3171508261429806,12,False,7,2,-1
0.1933689694262702,0.3112452222892778,12,False,7,2,-1
0.1571037961355077,0.3156556677377438,12,False,7,2,-1
0.1725902118210496,0.3418606294888733,12,False,7,2,-1
0.1209617499331292,0.3364345637127773,12,False,7,2,-1
0.1589963443992035,0.3413114985836772,12,False,7,2,-1
0.1564849763723363,0.3788524795163298,12,False,7,2,-1
0.1675940117777428,0.3279192288244792,12,False,7,2,-1
0.1176585473551027,0.3393552876956618,12,False,7,2,-1
0.189320635675437,0.3194876228068745,12,False,7,2,-1
0.1888302502027351,0.3309530411521962,12,False,7,2,-1
0.1615353098769153,0.3172584775481576,12,False,7,2,-1
0.1759082745649155,0.3171508261429806,12,False,7,2,-1
0.1933689694262702,0.3112452222892778,12,False,7,2,-1
0.1571037961355077,0.3156556677377438,12,False,7,2,-1
0.1725902118210496,0.3418606294888733,12,False,7,2,-1
0.1209617499331292,0.3364345637127773,12,False,7,2,-1
0.1589963443992035,0.3413114985836772,12,False,7,2,-1
0.1564849763723363,0.3788524795163298,12,False,7,2,-1
0.1675940117777428,0.3279192288244792,12,False,7,2,-1
0.1176585473551027,0.3393552876956618,12,False,7,2,-1
0.189320635675437,0.3194876228068745,12,False,7,2,-1
0.1888302502027351,0.3309530411521962,12,False,7,2,-1
0.1615353098769153,0.3172584775481576,12,False,7,2,-1
0.1759082745649155,0.3171508261429806,12,False,7,2,-1
0.1933689694262702,0.3112452222892778,12,False,7,2,-1
0.1571037961355077,0.3156556677377438,12,False,7,2,-1
0.1725902118210496,0.3418606294888733,12,False,7,2,-1
0.1209617499331292,0.3364345637127773,12,False,7,2,-1
0.1589963443992035,0.3413114985836772,12,False,7,2,-1
0.1564849763723363,0.3788524795163298,12,False,7,2,-1
0.1675940117777428,0.3279192288244792,12,False,7,2,-1
0.1176585473551027,0.3393552876956618,12,False,7,2,-1
0.189320635675437,0.3194876228068745,12,False,7,2,-1
0.1888302502027351,0.3309530411521962,12,False,7,2,-1
0.1615353098769153,0.3172584775481576,12,False,7,2,-1
0.1759082745649155,0.3171508261429806,12,False,7,2,-1
0.1933689694262702,0.3112452222892778,12,False,7,2,-1
0.1571037961355077,0.3156556677377438,12,False,7,2,-1
0.1725902118210496,0.3418606294888733,12,False,7,2,-1
0.1209617499331292,0.3364345637127773,12,False,7,2,-1
0.1589963443992035,0.3413114985836772,12,False,7,2,-1
0.1564849763723363,0.3788524795163298,12,False,7,2,-1
0.1675940117777428,0.3279192288244792,12,False,7,2,-1
0.1176585473551027,0.3393552876956618,12,False,7,2,-1
0.189320635675437,0.3194876228068745,12,False,7,2,-1
0.1888302502027351,0.3309530411521962,12,False,7,2,-1
0.1615353098769153,0.3172584775481576,12,False,7,2,-1
0.1759082745649155,0.3171508261429806,12,False,7,2,-1
0.1933689694262702,0.3112452222892778,12,False,7,2,-1
0.1571037961355077,0.3156556677377438,12,False,7,2,-1
0.1725902118210496,0.3418606294888733,12,False,7,2,-1
0.1209617499331292,0.3364345637127773,12,False,7,2,-1
0.1589963443992035,0.3413114985836772,12,False,7,2,-1
0.1564849763723363,0.3788524795163298,12,False,7,2,-1
0.1675940117777428,0.3279192288244792,12,False,7,2,-1
0.1176585473551027,0.3393552876956618,12,False,7,2,-1
0.189320635675437,0.3194876228068745,12,False,7,2,-1
0.1888302502027351,0.3309530411521962,12,False,7,2,-1
0.1615353098769153,0.3172584775481576,12,False,7,2,-1
0.1759082745649155,0.3171508261429806,12,False,7,2,-1
0.1933689694262702,0.3112452222892778,12,False,7,2,-1
0.1571037961355077,0.3156556677377438,12,False,7,2,-1
0.1725902118210496,0.3418606294888733,12,False,7,2,-1
0.1209617499331292,0.3364345637127773,12,False,7,2,-1
0.1589963443992035,0.3413114985836772,12,False,7,2,-1
0.1564849763723363,0.3788524795163298,12,False,7,2,-1
0.1675940117777428,0.3279192288244792,12,False,7,2,-1
0.1176585473551027,0.3393552876956618,12,False,7,2,-1
0.189320635675437,0.3194876228068745,12,False,7,2,-1
0.1888302502027351,0.3309530411521962,12,False,7,2,-1
0.1615353098769153,0.3172584775481576,12,False,7,2,-1
0.1759082745649155,0.3171508261429806,12,False,7,2,-1
0.1933689694262702,0.3112452222892778,12,False,7,2,-1
0.1571037961355077,0.3156556677377438,12,False,7,2,-1
0.1725902118210496,0.3418606294888733,12,False,7,2,-1
0.1209617499331292,0.3364345637127773,12,False,7,2,-1
0.1589963443992035,0.3413114985836772,12,False,7,2,-1
0.1564849763723363,0.3788524795163298,12,False,7,2,-1
0.1675940117777428,0.3279192288244792,12,False,7,2,-1
0.1176585473551027,0.3393552876956618,12,False,7,2,-1
0.189320635675437,0.3194876228068745,12,False,7,2,-1
0.1888302502027351,0.3309530411521962,12,False,7,2,-1
0.1615353098769153,0.3172584775481576,12,False,7,2,-1
0.1759082745649155,0.3171508261429806,12,False,7,2,-1
0.1933689694262702,0.3112452222892778,12,False,7,2,-1
0.1571037961355077,0.3156556677377438,12,False,7,2,-1
0.1725902118210496,0.3418606294888733,12,False,7,2,-1
0.1209617499331292,0.3364345637127773,12,False,7,2,-1
0.1589963443992035,0.3413114985836772,12,False,7,2,-1
0.1564849763723363,0.3788524795163298,12,False,7,2,-1
0.1675940117777428,0.3279192288244792,12,False,7,2,-1
0.1176585473551027,0.3393552876956618,12,False,7,2,-1
0.189320635675437,0.3194876228068745,12,False,7,2,-1
0.1888302502027351,0.3309530411521962,12,False,7,2,-1
0.1615353098769153,0.3172584775481576,12,False,7,2,-1
0.1759082745649155,0.3171508261429806,12,False,7,2,-1
0.1933689694262702,0.3112452222892778,12,False,7,2,-1
0.1571037961355077,0.3156556677377438,12,False,7,2,-1
0.1725902118210496,0.3418606294888733,12,False,7,2,-1
0.1209617499331292,0.3364345637127773,12,False,7,2,-1
0.1589963443992035,0.3413114985836772,12,False,7,2,-1
0.1564849763723363,0.3788524795163298,12,False,7,2,-1
0.1675940117777428,0.3279192288244792,12,False,7,2,-1
0.1176585473551027,0.3393552876956618,12,False,7,2,-1
0.189320635675437,0.3194876228068745,12,False,7,2,-1
0.1888302502027351,0.3309530411521962,12,False,7,2,-1
0.1615353098769153,0.3172584775481576,12,False,7,2,-1
0.1759082745649155,0.3171508261429806,12,False,7,2,-1
0.1933689694262702,0.3112452222892778,12,False,7,2,-1
0.1571037961355077,0.3156556677377438,12,False,7,2,-1
0.1725902118210496,0.3418606294888733,12,False,7,2,-1
0.1209617499331292,0.3364345637127773,12,False,7,2,-1
0.1589963443992035,0.3413114985836772,12,False,7,2,-1
0.1564849763723363,0.3788524795163298,12,False,7,2,-1
0.1675940117777428,0.3279192288244792,12,False,7,2,-1
0.1176585473551027,0.3393552876956618,12,False,7,2,-1
0.189320635675437,0.3194876228068745,12,False,7,2,-1
0.1888302502027351,0.3309530411521962,12,False,7,2,-1
0.1615353098769153,0.3172584775481576,12,False,7,2,-1
0.1759082745649155,0.3171508261429806,12,False,7,2,-1
0.1933689694262702,0.3112452222892778,12,False,7,2,-1
0.1571037961355077,0.3156556677377438,12,False,7,2,-1
0.1725902118210496,0.3418606294888733,12,False,7,2,-1
0.1209617499331292,0.3364345637127773,12,False,7,2,-1
0.1589963443992035,0.3413114985836772,12,False,7,2,-1
0.1564849763723363,0.3788524795163298,12,False,7,2,-1
0.1675940117777428,0.3279192288244792,12,False,7,2,-1
0.1176585473551027,0.3393552876956618,12,False,7,2,-1
0.189320635675437,0.3194876228068745,12,False,7,2,-1
0.1888302502027351,0.3309530411521962,12,False,7,2,-1
0.1615353098769153,0.3172584775481576,12,False,7,2,-1
0.1759082745649155,0.3171508261429806,12,False,7,2,-1
0.1933689694262702,0.3112452222892778,12,False,7,2,-1
0.1571037961355077,0.3156556677377438,12,False,7,2,-1
0.1725902118210496,0.3418606294888733,12,False,7,2,-1
0.1209617499331292,0.3364345637127773,12,False,7,2,-1
0.1589963443992035,0.3413114985836772,12,False,7,2,-1
0.1564849763723363,0.3788524795163298,12,False,7,2,-1
0.1675940117777428,0.3279192288244792,12,False,7,2,-1
0.1176585473551027,0.3393552876956618,12,False,7,2,-1
0.189320635675437,0.3194876228068745,12,False,7,2,-1
0.1888302502027351,0.3309530411521962,12,False,7,2,-1
0.1615353098769153,0.3172584775481576,12,False,7,2,-1
0.1759082745649155,0.3171508261429806,12,False,7,2,-1
0.1933689694262702,0.3112452222892778,12,False,7,2,-1
0.1571037961355077,0.3156556677377438,12,True,7,2,-1
0.1725902118210496,0.3418606294888733,12,True,7,2,-1
0.1209617499331292,0.3364345637127773,12,True,7,2,-1
0.1589963443992035,0.3413114985836772,12,True,7,2,-1
0.1564849763723363,0.3788524795163298,12,True,7,2,-1
0.1675940117777428,0.3279192288244792,12,True,7,2,-1
0.1176585473551027,0.3393552876956618,12,True,7,2,-1
0.189320635675437,0.3194876228068745,12,True,7,2,-1
0.1888302502027351,0.3309530411521962,12,True,7,2,-1
0.1615353098769153,0.3172584775481576,12,True,7,2,-1
0.1759082745649155,0.3171508261429806,12,True,7,2,-1
0.1933689694262702,0.3112452222892778,12,True,7,2,-1
0.1571037961355077,0.3156556677377438,-1,False,7,2,-1
0.1725902118210496,0.3418606294888733,-1,False,7,2,-1
0.1209617499331292,0.3364345637127773,-1,False,7,2,-1
0.1589963443992035,0.3413114985836772,-1,False,7,2,-1
0.1564849763723363,0.3788524795163298,-1,False,7,2,-1
0.1675940117777428,0.3279192288244792,-1,False,7,2,-1
0.1176585473551027,0.3393552876956618,-1,False,7,2,-1
0.189320635675437,0.3194876228068745,-1,False,7,2,-1
0.1888302502027351,0.3309530411521962,-1,False,7,2,-1
0.1615353098769153,0.3172584775481576,-1,False,7,2,-1
0.1759082745649155,0.3171508261429806,-1,False,7,2,-1
0.1933689694262702,0.3112452222892778,-1,False,7,2,-1
0.1571037961355077,0.3156556677377438,-1,False,7,2,-1
0.1725902118210496,0.3418606294888733,-1,False,7,2,-1
0.1209617499331292,0.3364345637127773,-1,False,7,2,-1
0.1589963443992035,0.3413114985836772,-1,False,7,2,-1
0.1564849763723363,0.3788524795163298,-1,False,7,2,-1
0.1675940117777428,0.3279192288244792,-1,False,7,2,-1
0.1176585473551027,0.3393552876956618,-1,False,7,2,-1
0.189320635675437,0.3194876228068745,-1,False,7,2,-1
0.1888302502027351,0.3309530411521962,-1,False,7,2,-1
0.1615353098769153,0.3172584775481576,-1,False,7,2,-1
0.1759082745649155,0.3171508261429806,-1,False,7,2,-1
0.1933689694262702,0.3112452222892778,-1,False,7,2,-1
0.1571037961355077,0.3156556677377438,-1,False,7,2,-1
0.1725902118210496,0.3418606294888733,-1,False,7,2,-1
0.1209617499331292,0.3364345637127773,-1,False,7,2,-1
0.1589963443992035,0.3413114985836772,-1,False,7,2,-1
0.1564849763723363,0.3788524795163298,-1,False,7,2,-1
0.1675940117777428,0.3279192288244792,-1,False,7,2,-1
0.1176585473551027,0.3393552876956618,-1,False,7,2,-1
0.189320635675437,0.3194876228068745,-1,False,7,2,-1
0.1888302502027351,0.3309530411521962,-1,False,7,2,-1
0.1615353098769153,0.3172584775481576,-1,False,7,2,-1
0.1759082745649155,0.3171508261429806,-1,False,7,2,-1
0.1933689694262702,0.3112452222892778,-1,False,7,2,-1
0.1571037961355077,0.3156556677377438,-1,False,7,2,-1
0.1725902118210496,0.3418606294888733,-1,False,7,2,-1
0.1209617499331292,0.3364345637127773,-1,False,7,2,-1
0.1589963443992035,0.3413114985836772,-1,False,7,2,-1
0.1564849763723363,0.3788524795163298,-1,False,7,2,-1
0.1675940117777428,0.3279192288244792,-1,False,7,2,-1
0.1176585473551027,0.3393552876956618,-1,False,7,2,-1
0.189320635675437,0.3194876228068745,-1,False,7,2,-1
0.1888302502027351,0.3309530411521962,-1,False,7,2,-1
0.1615353098769153,0.3172584775481576,-1,False,7,2,-1
0.1759082745649155,0.3171508261429806,-1,False,7,2,-1
0.1933689694262702,0.3112452222892778,-1,False,7,2,-1
0.1571037961355077,0.3156556677377438,-1,False,7,2,-1
0.1725902118210496,0.3418606294888733,-1,False,7,2,-1
0.1209617499331292,0.3364345637127773,-1,False,7,2,-1
0.1589963443992035,0.3413114985836772,-1,False,7,2,-1
0.1564849763723363,0.3788524795163298,-1,False,7,2,-1
0.1675940117777428,0.3279192288244792,-1,False,7,2,-1
0.1176585473551027,0.3393552876956618,-1,False,7,2,-1
0.189320635675437,0.3194876228068745,-1,False,7,2,-1
0.1888302502027351,0.3309530411521962,-1,False,7,2,-1
0.1615353098769153,0.3172584775481576,-1,False,7,2,-1
0.1759082745649155,0.3171508261429806,-1,False,7,2,-1
0.1933689694262702,0.3112452222892778,-1,False,7,2,-1
0.1571037961355077,0.3156556677377438,-1,False,7,2,-1
0.1725902118210496,0.3418606294888733,-1,False,7,2,-1
0.1209617499331292,0.3364345637127773,-1,False,7,2,-1
0.1589963443992035,0.3413114985836772,-1,False,7,2,-1
0.1564849763723363,0.3788524795163298,-1,False,7,2,-1
0.1675940117777428,0.3279192288244792,-1,False,7,2,-1
0.1176585473551027,0.3393552876956618,-1,False,7,2,-1
0.189320635675437,0.3194876228068745,-1,False,7,2,-1
0.1888302502027351,0.3309530411521962,-1,False,7,2,-1
0.1615353098769153,0.3172584775481576,-1,False,7,2,-1
0.1759082745649155,0.3171508261429806,-1,False,7,2,-1
0.1933689694262702,0.3112452222892778,-1,False,7,2,-1
0.1571037961355077,0.3156556677377438,-1,False,7,2,-1
0.1725902118210496,0.3418606294888733,-1,False,7,2,-1
0.1209617499331292,0.3364345637127773,-1,False,7,2,-1
0.1589963443992035,0.3413114985836772,-1,False,7,2,-1
0.1564849763723363,0.3788524795163298,-1,False,7,2,-1
0.1675940117777428,0.3279192288244792,-1,False,7,2,-1
0.1176585473551027,0.3393552876956618,-1,False,7,2,-1
0.189320635675437,0.3194876228068745,-1,False,7,2,-1
0.1888302502027351,0.3309530411521962,-1,False,7,2,-1
0.1615353098769153,0.3172584775481576,-1,False,7,2,-1
0.1759082745649155,0.3171508261429806,-1,False,7,2,-1
0.1933689694262702,0.3112452222892778,-1,False,7,2,-1
0.1571037961355077,0.3156556677377438,-1,False,7,2,-1
0.1725902118210496,0.3418606294888733,-1,False,7,2,-1
0.1209617499331292,0.3364345637127773,-1,False,7,2,-1
0.1589963443992035,0.3413114985836772,-1,False,7,2,-1
0.1564849763723363,0.3788524795163298,-1,False,7,2,-1
0.1675940117777428,0.3279192288244792,-1,False,7,2,-1
0.1176585473551027,0.3393552876956618,-1,False,7,2,-1
0.189320635675437,0.3194876228068745,-1,False,7,2,-1
0.1888302502027351,0.3309530411521962,-1,False,7,2,-1
0.1615353098769153,0.3172584775481576,-1,False,7,2,-1
0.1759082745649155,0.3171508261429806,-1,False,7,2,-1
0.1933689694262702,0.3112452222892778,-1,False,7,2,-1
0.1571037961355077,0.3156556677377438,-1,False,7,2,-1
0.1725902118210496,0.3418606294888733,-1,False,7,2,-1
0.1209617499331292,0.3364345637127773,-1,False,7,2,-1
0.1589963443992035,0.3413114985836772,-1,False,7,2,-1
0.1564849763723363,0.3788524795163298,-1,False,7,2,-1
0.1675940117777428,0.3279192288244792,-1,False,7,2,-1
0.1176585473551027,0.3393552876956618,-1,False,7,2,-1
0.189320635675437,0.3194876228068745,-1,False,7,2,-1
0.1888302502027351,0.3309530411521962,-1,False,7,2,-1
0.1615353098769153,0.3172584775481576,-1,False,7,2,-1
0.1759082745649155,0.3171508261429806,-1,False,7,2,-1
0.1933689694262702,0.3112452222892778,-1,False,7,2,-1
0.1571037961355077,0.3156556677377438,-1,False,7,2,-1
0.1725902118210496,0.3418606294888733,-1,False,7,2,-1
0.1209617499331292,0.3364345637127773,-1,False,7,2,-1
0.1589963443992035,0.3413114985836772,-1,False,7,2,-1
0.1564849763723363,0.3788524795163298,-1,False,7,2,-1
0.1675940117777428,0.3279192288244792,-1,False,7,2,-1
0.1176585473551027,0.3393552876956618,-1,False,7,2,-1
0.189320635675437,0.3194876228068745,-1,False,7,2,-1
0.1888302502027351,0.3309530411521962,-1,False,7,2,-1
0.1615353098769153,0.3172584775481576,-1,False,7,2,-1
0.1759082745649155,0.3171508261429806,-1,False,7,2,-1
0.1933689694262702,0.3112452222892778,-1,False,7,2,-1
0.1571037961355077,0.3156556677377438,-1,False,7,2,-1
0.1725902118210496,0.3418606294888733,-1,False,7,2,-1
0.1209617499331292,0.3364345637127773,-1,False,7,2,-1
0.1589963443992035,0.3413114985836772,-1,False,7,2,-1
0.1564849763723363,0.3788524795163298,-1,False,7,2,-1
0.1675940117777428,0.3279192288244792,-1,False,7,2,-1
0.1176585473551027,0.3393552876956618,-1,False,7,2,-1
0.189320635675437,0.3194876228068745,-1,False,7,2,-1
0.1888302502027351,0.3309530411521962,-1,False,7,2,-1
0.1615353098769153,0.3172584775481576,-1,False,7,2,-1
0.1759082745649155,0.3171508261429806,-1,False,7,2,-1
0.1933689694262702,0.3112452222892778,-1,False,7,2,-1
0.1571037961355077,0.3156556677377438,-1,False,7,2,-1
0.1725902118210496,0.3418606294888733,-1,False,7,2,-1
0.1209617499331292,0.3364345637127773,-1,False,7,2,-1
0.1589963443992035,0.3413114985836772,-1,False,7,2,-1
0.1564849763723363,0.3788524795163298,-1,False,7,2,-1
0.1675940117777428,0.3279192288244792,-1,False,7,2,-1
0.1176585473551027,0.3393552876956618,-1,False,7,2,-1
0.189320635675437,0.3194876228068745,-1,False,7,2,-1
0.1888302502027351,0.3309530411521962,-1,False,7,2,-1
0.1615353098769153,0.3172584775481576,-1,False,7,2,-1
0.1759082745649155,0.3171508261429806,-1,False,7,2,-1
0.1933689694262702,0.3112452222892778,-1,False,7,2,-1
0.1571037961355077,0.3156556677377438,-1,False,7,2,-1
0.1725902118210496,0.3418606294888733,-1,False,7,2,-1
0.1209617499331292,0.3364345637127773,-1,False,7,2,-1
0.1589963443992035,0.3413114985836772,-1,False,7,2,-1
0.1564849763723363,0.3788524795163298,-1,False,7,2,-1
0.1675940117777428,0.3279192288244792,-1,False,7,2,-1
0.1176585473551027,0.3393552876956618,-1,False,7,2,-1
0.189320635675437,0.3194876228068745,-1,False,7,2,-1
0.1888302502027351,0.3309530411521962,-1,False,7,2,-1
0.1615353098769153,0.3172584775481576,-1,False,7,2,-1
0.1759082745649155,0.3171508261429806,-1,False,7,2,-1
0.1933689694262702,0.3112452222892778,-1,False,7,2,-1
0.1571037961355077,0.3156556677377438,-1,False,7,2,-1
0.1725902118210496,0.3418606294888733,-1,False,7,2,-1
0.1209617499331292,0.3364345637127773,-1,False,7,2,-1
0.1589963443992035,0.3413114985836772,-1,False,7,2,-1
0.1564849763723363,0.3788524795163298,-1,False,7,2,-1
0.1675940117777428,0.3279192288244792,-1,False,7,2,-1
0.1176585473551027,0.3393552876956618,-1,False,7,2,-1
0.189320635675437,0.3194876228068745,-1,False,7,2,-1
0.1888302502027351,0.3309530411521962,-1,False,7,2,-1
0.1615353098769153,0.3172584775481576,-1,False,7,2,-1
0.1759082745649155,0.3171508261429806,-1,False,7,2,-1
0.1933689694262702,0.3112452222892778,-1,False,7,2,-1
0.1571037961355077,0.3156556677377438,-1,False,7,2,-1
0.1725902118210496,0.3418606294888733,-1,False,7,2,-1
0.1209617499331292,0.3364345637127773,-1,False,7,2,-1
0.1589963443992035,0.3413114985836772,-1,False,7,2,-1
0.1564849763723363,0.3788524795163298,-1,False,7,2,-1
0.1675940117777428,0.3279192288244792,-1,False,7,2,-1
0.1176585473551027,0.3393552876956618,-1,False,7,2,-1
0.189320635675437,0.3194876228068745,-1,False,7,2,-1
0.1888302502027351,0.3309530411521962,-1,False,7,2,-1
0.1615353098769153,0.3172584775481576,-1,False,7,2,-1
0.1759082745649155,0.3171508261429806,-1,False,7,2,-1
0.1933689694262702,0.3112452222892778,-1,False,7,2,-1
0.1571037961355077,0.3156556677377438,-1,False,7,2,-1
0.1725902118210496,0.3418606294888733,-1,False,7,2,-1
0.1209617499331292,0.3364345637127773,-1,False,7,2,-1
0.1589963443992035,0.3413114985836772,-1,False,7,2,-1
0.1564849763723363,0.3788524795163298,-1,False,7,2,-1
0.1675940117777428,0.3279192288244792,-1,False,7,2,-1
0.1176585473551027,0.3393552876956618,-1,False,7,2,-1
0.189320635675437,0.3194876228068745,-1,False,7,2,-1
0.1888302502027351,0.3309530411521962,-1,False,7,2,-1
0.1615353098769153,0.3172584775481576,-1,False,7,2,-1
0.1759082745649155,0.3171508261429806,-1,False,7,2,-1
0.1933689694262702,0.3112452222892778,-1,False,7,2,-1
0.1571037961355077,0.3156556677377438,-1,False,7,2,-1
0.1725902118210496,0.3418606294888733,-1,False,7,2,-1
0.1209617499331292,0.3364345637127773,-1,False,7,2,-1
0.1589963443992035,0.3413114985836772,-1,False,7,2,-1
0.1564849763723363,0.3788524795163298,-1,False,7,2,-1
0.1675940117777428,0.3279192288244792,-1,False,7,2,-1
0.1176585473551027,0.3393552876956618,-1,False,7,2,-1
0.189320635675437,0.3194876228068745,-1,False,7,2,-1
0.1888302502027351,0.3309530411521962,-1,False,7,2,-1
0.1615353098769153,0.3172584775481576,-1,False,7,2,-1
0.1759082745649155,0.3171508261429806,-1,False,7,2,-1
0.1933689694262702,0.3112452222892778,-1,False,7,2,-1
0.1571037961355077,0.3156556677377438,-1,False,7,2,-1
0.1725902118210496,0.3418606294888733,-1,False,7,2,-1
0.1209617499331292,0.3364345637127773,-1,False,7,2,-1
0.1589963443992035,0.3413114985836772,-1,False,7,2,-1
0.1564849763723363,0.3788524795163298,-1,False,7,2,-1
0.1675940117777428,0.3279192288244792,-1,False,7,2,-1
0.1176585473551027,0.3393552876956618,-1,False,7,2,-1
0.189320635675437,0.3194876228068745,-1,False,7,2,-1
0.1888302502027351,0.3309530411521962,-1,False,7,2,-1
0.1615353098769153,0.3172584775481576,-1,False,7,2,-1
0.1759082745649155,0.3171508261429806,-1,False,7,2,-1
0.1933689694262702,0.3112452222892778,-1,False,7,2,-1
0.1571037961355077,0.3156556677377438,-1,False,7,2,-1
0.1725902118210496,0.3418606294888733,-1,False,7,2,-1
0.1209617499331292,0.3364345637127773,-1,False,7,2,-1
0.1589963443992035,0.3413114985836772,-1,False,7,2,-1
0.1564849763723363,0.3788524795163298,-1,False,7,2,-1
0.1675940117777428,0.3279192288244792,-1,False,7,2,-1
0.1176585473551027,0.3393552876956618,-1,False,7,2,-1
0.189320635675437,0.3194876228068745,-1,False,7,2,-1
0.1888302502027351,0.3309530411521962,-1,False,7,2,-1
0.1615353098769153,0.3172584775481576,-1,False,7,2,-1
0.1759082745649155,0.3171508261429806,-1,False,7,2,-1
0.1933689694262702,0.3112452222892778,-1,False,7,2,-1
0.1571037961355077,0.3156556677377438,-1,False,7,2,-1
0.1725902118210496,0.3418606294888733,-1,False,7,2,-1
0.1209617499331292,0.3364345637127773,-1,False,7,2,-1
0.1589963443992035,0.3413114985836772,-1,False,7,2,-1
0.1564849763723363,0.3788524795163298,-1,False,7,2,-1
0.1675940117777428,0.3279192288244792,-1,False,7,2,-1
0.1176585473551027,0.3393552876956618,-1,False,7,2,-1
0.189320635675437,0.3194876228068745,-1,False,7,2,-1
0.1888302502027351,0.3309530411521962,-1,False,7,2,-1
0.1615353098769153,0.3172584775481576,-1,False,7,2,-1
0.1759082745649155,0.3171508261429806,-1,False,7,2,-1
0.1933689694262702,0.3112452222892778,-1,False,7,2,-1
0.1571037961355077,0.3156556677377438,-1,False,7,2,-1
0.1725902118210496,0.3418606294888733,-1,False,7,2,-1
0.1209617499331292,0.3364345637127773,-1,False,7,2,-1
0.1589963443992035,0.3413114985836772,-1,False,7,2,-1
0.1564849763723363,0.3788524795163298,-1,False,7,2,-1
0.1675940117777428,0.3279192288244792,-1,False,7,2,-1
0.1176585473551027,0.3393552876956618,-1,False,7,2,-1
0.189320635675437,0.3194876228068745,-1,False,7,2,-1
0.1888302502027351,0.3309530411521962,-1,False,7,2,-1
0.1615353098769153,0.3172584775481576,-1,False,7,2,-1
0.1759082745649155,0.3171508261429806,-1,False,7,2,-1
0.1933689694262702,0.3112452222892778,-1,False,7,2,-1
0.1571037961355077,0.3156556677377438,-1,False,7,2,-1
0.1725902118210496,0.3418606294888733,-1,False,7,2,-1
0.1209617499331292,0.3364345637127773,-1,False,7,2,-1
0.1589963443992035,0.3413114985836772,-1,False,7,2,-1
0.1564849763723363,0.3788524795163298,-1,False,7,2,-1
0.1675940117777428,0.3279192288244792,-1,False,7,2,-1
0.1176585473551027,0.3393552876956618,-1,False,7,2,-1
0.189320635675437,0.3194876228068745,-1,False,7,2,-1
0.1888302502027351,0.3309530411521962,-1,False,7,2,-1
0.1615353098769153,0.3172584775481576,-1,False,7,2,-1
0.1759082745649155,0.3171508261429806,-1,False,7,2,-1
0.1933689694262702,0.3112452222892778,-1,False,7,2,-1
0.1571037961355077,0.3156556677377438,-1,False,7,2,-1
0.1725902118210496,0.3418606294888733,-1,False,7,2,-1
0.1209617499331292,0.3364345637127773,-1,False,7,2,-1
0.1589963443992035,0.3413114985836772,-1,False,7,2,-1
0.1564849763723363,0.3788524795163298,-1,False,7,2,-1
0.1675940117777428,0.3279192288244792,-1,False,7,2,-1
0.1176585473551027,0.3393552876956618,-1,False,7,2,-1
0.189320635675437,0.3194876228068745,-1,False,7,2,-1
0.1888302502027351,0.3309530411521962,-1,False,7,2,-1
0.1615353098769153,0.3172584775481576,-1,False,7,2,-1
0.1759082745649155,0.3171508261429806,-1,False,7,2,-1
0.1933689694262702,0.3112452222892778,-1,False,7,2,-1
0.1571037961355077,0.3156556677377438,-1,False,7,2,-1
0.1725902118210496,0.3418606294888733,-1,False,7,2,-1
0.1209617499331292,0.3364345637127773,-1,False,7,2,-1
0.1589963443992035,0.3413114985836772,-1,False,7,2,-1
0.1564849763723363,0.3788524795163298,-1,False,7,2,-1
0.1675940117777428,0.3279192288244792,-1,False,7,2,-1
0.1176585473551027,0.3393552876956618,-1,False,7,2,-1
0.189320635675437,0.3194876228068745,-1,False,7,2,-1
0.1888302502027351,0.3309530411521962,-1,False,7,2,-1
0.1615353098769153,0.3172584775481576,-1,False,7,2,-1
0.1759082745649155,0.3171508261429806,-1,False,7,2,-1
0.1933689694262702,0.3112452222892778,-1,False,7,2,-1
0.1571037961355077,0.3156556677377438,-1,False,7,2,-1
0.1725902118210496,0.3418606294888733,-1,False,7,2,-1
0.1209617499331292,0.3364345637127773,-1,False,7,2,-1
0.1589963443992035,0.3413114985836772,-1,False,7,2,-1
0.1564849763723363,0.3788524795163298,-1,False,7,2,-1
0.1675940117777428,0.3279192288244792,-1,False,7,2,-1
0.1176585473551027,0.3393552876956618,-1,False,7,2,-1
0.189320635675437,0.3194876228068745,-1,False,7,2,-1
0.1888302502027351,0.3309530411521962,-1,False,7,2,-1
0.1615353098769153,0.3172584775481576,-1,False,7,2,-1
0.1759082745649155,0.3171508261429806,-1,False,7,2,-1
0.1933689694262702,0.3112452222892778,-1,False,7,2,-1
0.1571037961355077,0.3156556677377438,-1,False,7,2,-1
0.1725902118210496,0.3418606294888733,-1,False,7,2,-1
0.1209617499331292,0.3364345637127773,-1,False,7,2,-1
0.1589963443992035,0.3413114985836772,-1,False,7,2,-1
0.1564849763723363,0.3788524795163298,-1,False,7,2,-1
0.1675940117777428,0.3279192288244792,-1,False,7,2,-1
0.1176585473551027,0.3393552876956618,-1,False,7,2,-1
0.189320635675437,0.3194876228068745,-1,False,7,2,-1
0.1888302502027351,0.3309530411521962,-1,False,7,2,-1
0.1615353098769153,0.3172584775481576,-1,False,7,2,-1
0.1759082745649155,0.3171508261429806,-1,False,7,2,-1
0.1933689694262702,0.3112452222892778,-1,False,7,2,-1
0.1571037961355077,0.3156556677377438,-1,False,7,2,-1
0.1725902118210496,0.3418606294888733,-1,False,7,2,-1
0.1209617499331292,0.3364345637127773,-1,False,7,2,-1
0.1589963443992035,0.3413114985836772,-1,False,7,2,-1
0.1564849763723363,0.3788524795163298,-1,False,7,2,-1
0.1675940117777428,0.3279192288244792,-1,False,7,2,-1
0.1176585473551027,0.3393552876956618,-1,False,7,2,-1
0.189320635675437,0.3194876228068745,-1,False,7,2,-1
0.1888302502027351,0.3309530411521962,-1,False,7,2,-1
0.1615353098769153,0.3172584775481576,-1,False,7,2,-1
0.1759082745649155,0.3171508261429806,-1,False,7,2,-1
0.1933689694262702,0.3112452222892778,-1,False,7,2,-1
0.1571037961355077,0.3156556677377438,-1,False,7,2,-1
0.1725902118210496,0.3418606294888733,-1,False,7,2,-1
0.1209617499331292,0.3364345637127773,-1,False,7,2,-1
0.1589963443992035,0.3413114985836772,-1,False,7,2,-1
0.1564849763723363,0.3788524795163298,-1,False,7,2,-1
0.1675940117777428,0.3279192288244792,-1,False,7,2,-1
0.1176585473551027,0.3393552876956618,-1,False,7,2,-1
0.189320635675437,0.3194876228068745,-1,False,7,2,-1
0.1888302502027351,0.3309530411521962,-1,False,7,2,-1
0.1615353098769153,0.3172584775481576,-1,False,7,2,-1
0.1759082745649155,0.3171508261429806,-1,False,7,2,-1
0.1933689694262702,0.3112452222892778,-1,False,7,2,-1
0.1571037961355077,0.3156556677377438,12,True,7,2,-1
0.1725902118210496,0.3418606294888733,12,True,7,2,-1
0.1209617499331292,0.3364345637127773,12,True,7,2,-1
0.1589963443992035,0.3413114985836772,12,True,7,2,-1
0.1564849763723363,0.3788524795163298,12,True,7,2,-1
0.1675940117777428,0.3279192288244792,12,True,7,2,-1
0.1176585473551027,0.3393552876956618,12,True,7,2,-1
0.189320635675437,0.3194876228068745,12,True,7,2,-1
0.1888302502027351,0.3309530411521962,12,True,7,2,-1
0.1615353098769153,0.3172584775481576,12,True,7,2,-1
0.1759082745649155,0.3171508261429806,12,True,7,2,-1
0.1933689694262702,0.3112452222892778,12,True,7,2,-1
0.1571037961355077,0.3156556677377438,12,False,7,2,-1
0.1725902118210496,0.3418606294888733,12,False,7,2,-1
0.1209617499331292,0.3364345637127773,12,False,7,2,-1
0.1589963443992035,0.3413114985836772,12,False,7,2,-1
0.1564849763723363,0.3788524795163298,12,False,7,2,-1
0.1675940117777428,0.3279192288244792,12,False,7,2,-1
0.1176585473551027,0.3393552876956618,12,False,7,2,-1
0.189320635675437,0.3194876228068745,12,False,7,2,-1
0.1888302502027351,0.3309530411521962,12,False,7,2,-1
0.1615353098769153,0.3172584775481576,12,False,7,2,-1
0.1759082745649155,0.3171508261429806,12,False,7,2,-1
0.1933689694262702,0.3112452222892778,12,False,7,2,-1
0.1571037961355077,0.3156556677377438,12,False,7,2,-1
0.1725902118210496,0.3418606294888733,12,False,7,2,-1
0.1209617499331292,0.3364345637127773,12,False,7,2,-1
0.1589963443992035,0.3413114985836772,12,False,7,2,-1
0.1564849763723363,0.3788524795163298,12,False,7,2,-1
0.1675940117777428,0.3279192288244792,12,False,7,2,-1
0.1176585473551027,0.3393552876956618,12,False,7,2,-1
0.189320635675437,0.3194876228068745,12,False,7,2,-1
0.1888302502027351,0.3309530411521962,12,False,7,2,-1
0.1615353098769153,0.3172584775481576,12,False,7,2,-1
0.1759082745649155,0.3171508261429806,12,False,7,2,-1
0.1933689694262702,0.3112452222892778,12,False,7,2,-1
0.1571037961355077,0.3156556677377438,12,False,7,2,-1
0.1725902118210496,0.3418606294888733,12,False,7,2,-1
0.1209617499331292,0.3364345637127773,12,False,7,2,-1
0.1589963443992035,0.3413114985836772,12,False,7,2,-1
0.1564849763723363,0.3788524795163298,12,False,7,2,-1
0.1675940117777428,0.3279192288244792,12,False,7,2,-1
0.1176585473551027,0.3393552876956618,12,False,7,2,-1
0.189320635675437,0.3194876228068745,12,False,7,2,-1
0.1888302502027351,0.3309530411521962,12,False,7,2,-1
0.1615353098769153,0.3172584775481576,12,False,7,2,-1
0.1759082745649155,0.3171508261429806,12,False,7,2,-1
0.1933689694262702,0.3112452222892778,12,False,7,2,-1
0.1571037961355077,0.3156556677377438,12,True,7,2,-1
0.1725902118210496,0.3418606294888733,12,True,7,2,-1
0.1209617499331292,0.3364345637127773,12,True,7,2,-1
0.1589963443992035,0.3413114985836772,12,True,7,2,-1
0.1564849763723363,0.3788524795163298,12,True,7,2,-1
0.1675940117777428,0.3279192288244792,12,True,7,2,-1
0.1176585473551027,0.3393552876956618,12,True,7,2,-1
0.189320635675437,0.3194876228068745,12,True,7,2,-1
0.1888302502027351,0.3309530411521962,12,True,7,2,-1
0.1615353098769153,0.3172584775481576,12,True,7,2,-1
0.1759082745649155,0.3171508261429806,12,True,7,2,-1
0.1933689694262702,0.3112452222892778,12,True,7,2,-1
0.1571037961355077,0.3156556677377438,-1,False,7,2,-1
0.1725902118210496,0.3418606294888733,-1,False,7,2,-1
0.1209617499331292,0.3364345637127773,-1,False,7,2,-1
0.1589963443992035,0.3413114985836772,-1,False,7,2,-1
0.1564849763723363,0.3788524795163298,-1,False,7,2,-1
0.1675940117777428,0.3279192288244792,-1,False,7,2,-1
0.1176585473551027,0.3393552876956618,-1,False,7,2,-1
0.189320635675437,0.3194876228068745,-1,False,7,2,-1
0.1888302502027351,0.3309530411521962,-1,False,7,2,-1
0.1615353098769153,0.3172584775481576,-1,False,7,2,-1
0.1759082745649155,0.3171508261429806,-1,False,7,2,-1
0.1933689694262702,0.3112452222892778,-1,False,7,2,-1
0.1571037961355077,0.3156556677377438,-1,False,7,2,-1
0.1725902118210496,0.3418606294888733,-1,False,7,2,-1
0.1209617499331292,0.3364345637127773,-1,False,7,2,-1
0.1589963443992035,0.3413114985836772,-1,False,7,2,-1
0.1564849763723363,0.3788524795163298,-1,False,7,2,-1
0.1675940117777428,0.3279192288244792,-1,False,7,2,-1
0.1176585473551027,0.3393552876956618,-1,False,7,2,-1
0.189320635675437,0.3194876228068745,-1,False,7,2,-1
0.1888302502027351,0.3309530411521962,-1,False,7,2,-1
0.1615353098769153,0.3172584775481576,-1,False,7,2,-1
0.1759082745649155,0.3171508261429806,-1,False,7,2,-1
0.1933689694262702,0.3112452222892778,-1,False,7,2,-1
0.1571037961355077,0.3156556677377438,-1,False,7,2,-1
0.1725902118210496,0.3418606294888733,-1,False,7,2,-1
0.1209617499331292,0.3364345637127773,-1,False,7,2,-1
0.1589963443992035,0.3413114985836772,-1,False,7,2,-1
0.1564849763723363,0.3788524795163298,-1,False,7,2,-1
0.1675940117777428,0.3279192288244792,-1,False,7,2,-1
0.1176585473551027,0.3393552876956618,-1,False,7,2,-1
0.189320635675437,0.3194876228068745,-1,False,7,2,-1
0.1888302502027351,0.3309530411521962,-1,False,7,2,-1
0.1615353098769153,0.3172584775481576,-1,False,7,2,-1
0.1759082745649155,0.3171508261429806,-1,False,7,2,-1
0.1933689694262702,0.3112452222892778,-1,False,7,2,-1
0.3172677249935252,0.1424619550147613,-1,False,10,3,-1
0.3469657664236675,0.1381624231352656,-1,False,10,3,-1
0.3099236187475852,0.0973788513921284,-1,False,10,3,-1
0.3313785138985008,0.1159199030049965,-1,False,10,3,-1
0.2994832908049539,0.1329494853936616,-1,False,10,3,-1
0.3202588640889232,0.1220386348931913,-1,False,10,3,-1
0.3141810562605878,0.0561701109679383,-1,False,10,3,-1
0.3104076355777845,0.1022710096940634,-1,False,10,3,-1
0.3248283650845543,0.1652144600847075,-1,False,10,3,-1
0.3618110720972789,0.1086061317805433,-1,False,10,3,-1
0.3461792390745938,0.1057071555562804,-1,False,10,3,-1
0.3188301652875017,0.1526018474720949,-1,False,10,3,-1
0.3172677249935252,0.1424619550147613,-1,False,10,3,-1
0.3469657664236675,0.1381624231352656,-1,False,10,3,-1
0.3099236187475852,0.0973788513921284,-1,False,10,3,-1
0.3313785138985008,0.1159199030049965,-1,False,10,3,-1
0.2994832908049539,0.1329494853936616,-1,False,10,3,-1
0.3202588640889232,0.1220386348931913,-1,False,10,3,-1
0.3141810562605878,0.0561701109679383,-1,False,10,3,-1
0.3104076355777845,0.1022710096940634,-1,False,10,3,-1
0.3248283650845543,0.1652144600847075,-1,False,10,3,-1
0.3618110720972789,0.1086061317805433,-1,False,10,3,-1
0.3461792390745938,0.1057071555562804,-1,False,10,3,-1
0.3188301652875017,0.1526018474720949,-1,False,10,3,-1
0.3172677249935252,0.1424619550147613,-1,False,10,3,-1
0.3469657664236675,0.1381624231352656,-1,False,10,3,-1
0.3099236187475852,0.0973788513921284,-1,False,10,3,-1
0.3313785138985008,0.1159199030049965,-1,False,10,3,-1
0.2994832908049539,0.1329494853936616,-1,False,10,3,-1
0.3202588640889232,0.1220386348931913,-1,False,10,3,-1
0.3141810562605878,0.0561701109679383,-1,False,10,3,-1
0.3104076355777845,0.1022710096940634,-1,False,10,3,-1
0.3248283650845543,0.1652144600847075,-1,False,10,3,-1
0.3618110720972789,0.1086061317805433,-1,False,10,3,-1
0.3461792390745938,0.1057071555562804,-1,False,10,3,-1
0.3188301652875017,0.1526018474720949,-1,False,10,3,-1
0.3172677249935252,0.1424619550147613,-1,False,10,3,-1
0.3469657664236675,0.1381624231352656,-1,False,10,3,-1
0.3099236187475852,0.0973788513921284,-1,False,10,3,-1
0.3313785138985008,0.1159199030049965,-1,False,10,3,-1
0.2994832908049539,0.1329494853936616,-1,False,10,3,-1
0.3202588640889232,0.1220386348931913,-1,False,10,3,-1
0.3141810562605878,0.0561701109679383,-1,False,10,3,-1
0.3104076355777845,0.1022710096940634,-1,False,10,3,-1
0.3248283650845543,0.1652144600847075,-1,False,10,3,-1
0.3618110720972789,0.1086061317805433,-1,False,10,3,-1
0.3461792390745938,0.1057071555562804,-1,False,10,3,-1
0.3188301652875017,0.1526018474720949,-1,False,10,3,-1
0.3172677249935252,0.1424619550147613,-1,False,10,3,-1
0.3469657664236675,0.1381624231352656,-1,False,10,3,-1
0.3099236187475852,0.0973788513921284,-1,False,10,3,-1
0.3313785138985008,0.1159199030049965,-1,False,10,3,-1
0.2994832908049539,0.1329494853936616,-1,False,10,3,-1
0.3202588640889232,0.1220386348931913,-1,False,10,3,-1
0.3141810562605878,0.0561701109679383,-1,False,10,3,-1
0.3104076355777845,0.1022710096940634,-1,False,10,3,-1
0.3248283650845543,0.1652144600847075,-1,False,10,3,-1
0.3618110720972789,0.1086061317805433,-1,False,10,3,-1
0.3461792390745938,0.1057071555562804,-1,False,10,3,-1
0.3188301652875017,0.1526018474720949,-1,False,10,3,-1
0.3172677249935252,0.1424619550147613,-1,False,10,3,-1
0.3469657664236675,0.1381624231352656,-1,False,10,3,-1
0.3099236187475852,0.0973788513921284,-1,False,10,3,-1
0.3313785138985008,0.1159199030049965,-1,False,10,3,-1
0.2994832908049539,0.1329494853936616,-1,False,10,3,-1
0.3202588640889232,0.1220386348931913,-1,False,10,3,-1
0.3141810562605878,0.0561701109679383,-1,False,10,3,-1
0.3104076355777845,0.1022710096940634,-1,False,10,3,-1
0.3248283650845543,0.1652144600847075,-1,False,10,3,-1
0.3618110720972789,0.1086061317805433,-1,False,10,3,-1
0.3461792390745938,0.1057071555562804,-1,False,10,3,-1
0.3188301652875017,0.1526018474720949,-1,False,10,3,-1
0.3172677249935252,0.1424619550147613,-1,False,10,3,-1
0.3469657664236675,0.1381624231352656,-1,False,10,3,-1
0.3099236187475852,0.0973788513921284,-1,False,10,3,-1
0.3313785138985008,0.1159199030049965,-1,False,10,3,-1
0.2994832908049539,0.1329494853936616,-1,False,10,3,-1
0.3202588640889232,0.1220386348931913,-1,False,10,3,-1
0.3141810562605878,0.0561701109679383,-1,False,10,3,-1
0.3104076355777845,0.1022710096940634,-1,False,10,3,-1
0.3248283650845543,0.1652144600847075,-1,False,10,3,-1
0.3618110720972789,0.1086061317805433,-1,False,10,3,-1
0.3461792390745938,0.1057071555562804,-1,False,10,3,-1
0.3188301652875017,0.1526018474720949,-1,False,10,3,-1
0.3172677249935252,0.1424619550147613,-1,False,10,3,-1
0.3469657664236675,0.1381624231352656,-1,False,10,3,-1
0.3099236187475852,0.0973788513921284,-1,False,10,3,-1
0.3313785138985008,0.1159199030049965,-1,False,10,3,-1
0.2994832908049539,0.1329494853936616,-1,False,10,3,-1
0.3202588640889232,0.1220386348931913,-1,False,10,3,-1
0.3141810562605878,0.0561701109679383,-1,False,10,3,-1
0.3104076355777845,0.1022710096940634,-1,False,10,3,-1
0.3248283650845543,0.1652144600847075,-1,False,10,3,-1
0.3618110720972789,0.1086061317805433,-1,False,10,3,-1
0.3461792390745938,0.1057071555562804,-1,False,10,3,-1
0.3188301652875017,0.1526018474720949,-1,False,10,3,-1
0.3172677249935252,0.1424619550147613,-1,False,10,3,-1
0.3469657664236675,0.1381624231352656,-1,False,10,3,-1
0.3099236187475852,0.0973788513921284,-1,False,10,3,-1
0.3313785138985008,0.1159199030049965,-1,False,10,3,-1
0.2994832908049539,0.1329494853936616,-1,False,10,3,-1
0.3202588640889232,0.1220386348931913,-1,False,10,3,-1
0.3141810562605878,0.0561701109679383,-1,False,10,3,-1
0.3104076355777845,0.1022710096940634,-1,False,10,3,-1
0.3248283650845543,0.1652144600847075,-1,False,10,3,-1
0.3618110720972789,0.1086061317805433,-1,False,10,3,-1
0.3461792390745938,0.1057071555562804,-1,False,10,3,-1
0.3188301652875017,0.1526018474720949,-1,False,10,3,-1
0.3172677249935252,0.1424619550147613,-1,False,10,3,-1
0.3469657664236675,0.1381624231352656,-1,False,10,3,-1
0.3099236187475852,0.0973788513921284,-1,False,10,3,-1
0.3313785138985008,0.1159199030049965,-1,False,10,3,-1
0.2994832908049539,0.1329494853936616,-1,False,10,3,-1
0.3202588640889232,0.1220386348931913,-1,False,10,3,-1
0.3141810562605878,0.0561701109679383,-1,False,10,3,-1
0.3104076355777845,0.1022710096940634,-1,False,10,3,-1
0.3248283650845543,0.1652144600847075,-1,False,10,3,-1
0.3618110720972789,0.1086061317805433,-1,False,10,3,-1
0.3461792390745938,0.1057071555562804,-1,False,10,3,-1
0.3188301652875017,0.1526018474720949,-1,False,10,3,-1
0.3172677249935252,0.1424619550147613,-1,False,10,3,-1
0.3469657664236675,0.1381624231352656,-1,False,10,3,-1
0.3099236187475852,0.0973788513921284,-1,False,10,3,-1
0.3313785138985008,0.1159199030049965,-1,False,10,3,-1
0.2994832908049539,0.1329494853936616,-1,False,10,3,-1
0.3202588640889232,0.1220386348931913,-1,False,10,3,-1
0.3141810562605878,0.0561701109679383,-1,False,10,3,-1
0.3104076355777845,0.1022710096940634,-1,False,10,3,-1
0.3248283650845543,0.1652144600847075,-1,False,10,3,-1
0.3618110720972789,0.1086061317805433,-1,False,10,3,-1
0.3461792390745938,0.1057071555562804,-1,False,10,3,-1
0.3188301652875017,0.1526018474720949,-1,False,10,3,-1
0.3172677249935252,0.1424619550147613,-1,False,10,3,-1
0.3469657664236675,0.1381624231352656,-1,False,10,3,-1
0.3099236187475852,0.0973788513921284,-1,False,10,3,-1
0.3313785138985008,0.1159199030049965,-1,False,10,3,-1
0.2994832908049539,0.1329494853936616,-1,False,10,3,-1
0.3202588640889232,0.1220386348931913,-1,False,10,3,-1
0.3141810562605878,0.0561701109679383,-1,False,10,3,-1
0.3104076355777845,0.1022710096940634,-1,False,10,3,-1
0.3248283650845543,0.1652144600847075,-1,False,10,3,-1
0.3618110720972789,0.1086061317805433,-1,False,10,3,-1
0.3461792390745938,0.1057071555562804,-1,False,10,3,-1
0.3188301652875017,0.1526018474720949,-1,False,10,3,-1
0.3172677249935252,0.1424619550147613,-1,False,10,3,-1
0.3469657664236675,0.1381624231352656,-1,False,10,3,-1
0.3099236187475852,0.0973788513921284,-1,False,10,3,-1
0.3313785138985008,0.1159199030049965,-1,False,10,3,-1
0.2994832908049539,0.1329494853936616,-1,False,10,3,-1
0.3202588640889232,0.1220386348931913,-1,False,10,3,-1
0.3141810562605878,0.0561701109679383,-1,False,10,3,-1
0.3104076355777845,0.1022710096940634,-1,False,10,3,-1
0.3248283650845543,0.1652144600847075,-1,False,10,3,-1
0.3618110720972789,0.1086061317805433,-1,False,10,3,-1
0.3461792390745938,0.1057071555562804,-1,False,10,3,-1
0.3188301652875017,0.1526018474720949,-1,False,10,3,-1
0.3172677249935252,0.1424619550147613,-1,False,10,3,-1
0.3469657664236675,0.1381624231352656,-1,False,10,3,-1
0.3099236187475852,0.0973788513921284,-1,False,10,3,-1
0.3313785138985008,0.1159199030049965,-1,False,10,3,-1
0.2994832908049539,0.1329494853936616,-1,False,10,3,-1
0.3202588640889232,0.1220386348931913,-1,False,10,3,-1
0.3141810562605878,0.0561701109679383,-1,False,10,3,-1
0.3104076355777845,0.1022710096940634,-1,False,10,3,-1
0.3248283650845543,0.1652144600847075,-1,False,10,3,-1
0.3618110720972789,0.1086061317805433,-1,False,10,3,-1
0.3461792390745938,0.1057071555562804,-1,False,10,3,-1
0.3188301652875017,0.1526018474720949,-1,False,10,3,-1
0.3172677249935252,0.1424619550147613,-1,False,10,3,-1
0.3469657664236675,0.1381624231352656,-1,False,10,3,-1
0.3099236187475852,0.0973788513921284,-1,False,10,3,-1
0.3313785138985008,0.1159199030049965,-1,False,10,3,-1
0.2994832908049539,0.1329494853936616,-1,False,10,3,-1
0.3202588640889232,0.1220386348931913,-1,False,10,3,-1
0.3141810562605878,0.0561701109679383,-1,False,10,3,-1
0.3104076355777845,0.1022710096940634,-1,False,10,3,-1
0.3248283650845543,0.1652144600847075,-1,False,10,3,-1
0.3618110720972789,0.1086061317805433,-1,False,10,3,-1
0.3461792390745938,0.1057071555562804,-1,False,10,3,-1
0.3188301652875017,0.1526018474720949,-1,False,10,3,-1
0.3172677249935252,0.1424619550147613,-1,False,10,3,-1
0.3469657664236675,0.1381624231352656,-1,False,10,3,-1
0.3099236187475852,0.0973788513921284,-1,False,10,3,-1
0.3313785138985008,0.1159199030049965,-1,False,10,3,-1
0.2994832908049539,0.1329494853936616,-1,False,10,3,-1
0.3202588640889232,0.1220386348931913,-1,False,10,3,-1
0.3141810562605878,0.0561701109679383,-1,False,10,3,-1
0.3104076355777845,0.1022710096940634,-1,False,10,3,-1
0.3248283650845543,0.1652144600847075,-1,False,10,3,-1
0.3618110720972789,0.1086061317805433,-1,False,10,3,-1
0.3461792390745938,0.1057071555562804,-1,False,10,3,-1
0.3188301652875017,0.1526018474720949,-1,False,10,3,-1
0.3172677249935252,0.1424619550147613,-1,False,10,3,-1
0.3469657664236675,0.1381624231352656,-1,False,10,3,-1
0.3099236187475852,0.0973788513921284,-1,False,10,3,-1
0.3313785138985008,0.1159199030049965,-1,False,10,3,-1
0.2994832908049539,0.1329494853936616,-1,False,10,3,-1
0.3202588640889232,0.1220386348931913,-1,False,10,3,-1
0.3141810562605878,0.0561701109679383,-1,False,10,3,-1
0.3104076355777845,0.1022710096940634,-1,False,10,3,-1
0.3248283650845543,0.1652144600847075,-1,False,10,3,-1
0.3618110720972789,0.1086061317805433,-1,False,10,3,-1
0.3461792390745938,0.1057071555562804,-1,False,10,3,-1
0.3188301652875017,0.1526018474720949,-1,False,10,3,-1
0.3172677249935252,0.1424619550147613,-1,False,10,3,-1
0.3469657664236675,0.1381624231352656,-1,False,10,3,-1
0.3099236187475852,0.0973788513921284,-1,False,10,3,-1
0.3313785138985008,0.1159199030049965,-1,False,10,3,-1
0.2994832908049539,0.1329494853936616,-1,False,10,3,-1
0.3202588640889232,0.1220386348931913,-1,False,10,3,-1
0.3141810562605878,0.0561701109679383,-1,False,10,3,-1
0.3104076355777845,0.1022710096940634,-1,False,10,3,-1
0.3248283650845543,0.1652144600847075,-1,False,10,3,-1
0.3618110720972789,0.1086061317805433,-1,False,10,3,-1
0.3461792390745938,0.1057071555562804,-1,False,10,3,-1
0.3188301652875017,0.1526018474720949,-1,False,10,3,-1
0.3172677249935252,0.1424619550147613,-1,False,10,3,-1
0.3469657664236675,0.1381624231352656,-1,False,10,3,-1
0.3099236187475852,0.0973788513921284,-1,False,10,3,-1
0.3313785138985008,0.1159199030049965,-1,False,10,3,-1
0.2994832908049539,0.1329494853936616,-1,False,10,3,-1
0.3202588640889232,0.1220386348931913,-1,False,10,3,-1
0.3141810562605878,0.0561701109679383,-1,False,10,3,-1
0.3104076355777845,0.1022710096940634,-1,False,10,3,-1
0.3248283650845543,0.1652144600847075,-1,False,10,3,-1
0.3618110720972789,0.1086061317805433,-1,False,10,3,-1
0.3461792390745938,0.1057071555562804,-1,False,10,3,-1
0.3188301652875017,0.1526018474720949,-1,False,10,3,-1
0.3172677249935252,0.1424619550147613,-1,False,10,3,-1
0.3469657664236675,0.1381624231352656,-1,False,10,3,-1
0.3099236187475852,0.0973788513921284,-1,False,10,3,-1
0.3313785138985008,0.1159199030049965,-1,False,10,3,-1
0.2994832908049539,0.1329494853936616,-1,False,10,3,-1
0.3202588640889232,0.1220386348931913,-1,False,10,3,-1
0.3141810562605878,0.0561701109679383,-1,False,10,3,-1
0.3104076355777845,0.1022710096940634,-1,False,10,3,-1
0.3248283650845543,0.1652144600847075,-1,False,10,3,-1
0.3618110720972789,0.1086061317805433,-1,False,10,3,-1
0.3461792390745938,0.1057071555562804,-1,False,10,3,-1
0.3188301652875017,0.1526018474720949,-1,False,10,3,-1
0.3172677249935252,0.1424619550147613,-1,False,10,3,-1
0.3469657664236675,0.1381624231352656,-1,False,10,3,-1
0.3099236187475852,0.0973788513921284,-1,False,10,3,-1
0.3313785138985008,0.1159199030049965,-1,False,10,3,-1
0.2994832908049539,0.1329494853936616,-1,False,10,3,-1
0.3202588640889232,0.1220386348931913,-1,False,10,3,-1
0.3141810562605878,0.0561701109679383,-1,False,10,3,-1
0.3104076355777845,0.1022710096940634,-1,False,10,3,-1
0.3248283650845543,0.1652144600847075,-1,False,10,3,-1
0.3618110720972789,0.1086061317805433,-1,False,10,3,-1
0.3461792390745938,0.1057071555562804,-1,False,10,3,-1
0.3188301652875017,0.1526018474720949,-1,False,10,3,-1
0.3172677249935252,0.1424619550147613,-1,False,10,3,-1
0.3469657664236675,0.1381624231352656,-1,False,10,3,-1
0.3099236187475852,0.0973788513921284,-1,False,10,3,-1
0.3313785138985008,0.1159199030049965,-1,False,10,3,-1
0.2994832908049539,0.1329494853936616,-1,False,10,3,-1
0.3202588640889232,0.1220386348931913,-1,False,10,3,-1
0.3141810562605878,0.0561701109679383,-1,False,10,3,-1
0.3104076355777845,0.1022710096940634,-1,False,10,3,-1
0.3248283650845543,0.1652144600847075,-1,False,10,3,-1
0.3618110720972789,0.1086061317805433,-1,False,10,3,-1
0.3461792390745938,0.1057071555562804,-1,False,10,3,-1
0.3188301652875017,0.1526018474720949,-1,False,10,3,-1
0.3172677249935252,0.1424619550147613,-1,False,10,3,-1
0.3469657664236675,0.1381624231352656,-1,False,10,3,-1
0.3099236187475852,0.0973788513921284,-1,False,10,3,-1
0.3313785138985008,0.1159199030049965,-1,False,10,3,-1
0.2994832908049539,0.1329494853936616,-1,False,10,3,-1
0.3202588640889232,0.1220386348931913,-1,False,10,3,-1
0.3141810562605878,0.0561701109679383,-1,False,10,3,-1
0.3104076355777845,0.1022710096940634,-1,False,10,3,-1
0.3248283650845543,0.1652144600847075,-1,False,10,3,-1
0.3618110720972789,0.1086061317805433,-1,False,10,3,-1
0.3461792390745938,0.1057071555562804,-1,False,10,3,-1
0.3188301652875017,0.1526018474720949,-1,False,10,3,-1
0.3172677249935252,0.1424619550147613,-1,False,10,3,-1
0.3469657664236675,0.1381624231352656,-1,False,10,3,-1
0.3099236187475852,0.0973788513921284,-1,False,10,3,-1
0.3313785138985008,0.1159199030049965,-1,False,10,3,-1
0.2994832908049539,0.1329494853936616,-1,False,10,3,-1
0.3202588640889232,0.1220386348931913,-1,False,10,3,-1
0.3141810562605878,0.0561701109679383,-1,False,10,3,-1
0.3104076355777845,0.1022710096940634,-1,False,10,3,-1
0.3248283650845543,0.1652144600847075,-1,False,10,3,-1
0.3618110720972789,0.1086061317805433,-1,False,10,3,-1
0.3461792390745938,0.1057071555562804,-1,False,10,3,-1
0.3188301652875017,0.1526018474720949,-1,False,10,3,-1
0.3172677249935252,0.1424619550147613,-1,False,10,3,-1
0.3469657664236675,0.1381624231352656,-1,False,10,3,-1
0.3099236187475852,0.0973788513921284,-1,False,10,3,-1
0.3313785138985008,0.1159199030049965,-1,False,10,3,-1
0.2994832908049539,0.1329494853936616,-1,False,10,3,-1
0.3202588640889232,0.1220386348931913,-1,False,10,3,-1
0.3141810562605878,0.0561701109679383,-1,False,10,3,-1
0.3104076355777845,0.1022710096940634,-1,False,10,3,-1
0.3248283650845543,0.1652144600847075,-1,False,10,3,-1
0.3618110720972789,0.1086061317805433,-1,False,10,3,-1
0.3461792390745938,0.1057071555562804,-1,False,10,3,-1
0.3188301652875017,0.1526018474720949,-1,False,10,3,-1
0.3172677249935252,0.1424619550147613,-1,False,10,3,-1
0.3469657664236675,0.1381624231352656,-1,False,10,3,-1
0.3099236187475852,0.0973788513921284,-1,False,10,3,-1
0.3313785138985008,0.1159199030049965,-1,False,10,3,-1
0.2994832908049539,0.1329494853936616,-1,False,10,3,-1
0.3202588640889232,0.1220386348931913,-1,False,10,3,-1
0.3141810562605878,0.0561701109679383,-1,False,10,3,-1
0.3104076355777845,0.1022710096940634,-1,False,10,3,-1
0.3248283650845543,0.1652144600847075,-1,False,10,3,-1
0.3618110720972789,0.1086061317805433,-1,False,10,3,-1
0.3461792390745938,0.1057071555562804,-1,False,10,3,-1
0.3188301652875017,0.1526018474720949,-1,False,10,3,-1
0.3172677249935252,0.1424619550147613,-1,False,10,3,-1
0.3469657664236675,0.1381624231352656,-1,False,10,3,-1
0.3099236187475852,0.0973788513921284,-1,False,10,3,-1
0.3313785138985008,0.1159199030049965,-1,False,10,3,-1
0.2994832908049539,0.1329494853936616,-1,False,10,3,-1
0.3202588640889232,0.1220386348931913,-1,False,10,3,-1
0.3141810562605878,0.0561701109679383,-1,False,10,3,-1
0.3104076355777845,0.1022710096940634,-1,False,10,3,-1
0.3248283650845543,0.1652144600847075,-1,False,10,3,-1
0.3618110720972789,0.1086061317805433,-1,False,10,3,-1
0.3461792390745938,0.1057071555562804,-1,False,10,3,-1
0.3188301652875017,0.1526018474720949,-1,False,10,3,-1
0.3172677249935252,0.1424619550147613,-1,False,10,3,-1
0.3469657664236675,0.1381624231352656,-1,False,10,3,-1
0.3099236187475852,0.0973788513921284,-1,False,10,3,-1
0.3313785138985008,0.1159199030049965,-1,False,10,3,-1
0.2994832908049539,0.1329494853936616,-1,False,10,3,-1
0.3202588640889232,0.1220386348931913,-1,False,10,3,-1
0.3141810562605878,0.0561701109679383,-1,False,10,3,-1
0.3104076355777845,0.1022710096940634,-1,False,10,3,-1
0.3248283650845543,0.1652144600847075,-1,False,10,3,-1
0.3618110720972789,0.1086061317805433,-1,False,10,3,-1
0.3461792390745938,0.1057071555562804,-1,False,10,3,-1
0.3188301652875017,0.1526018474720949,-1,False,10,3,-1
0.3172677249935252,0.1424619550147613,-1,False,10,3,-1
0.3469657664236675,0.1381624231352656,-1,False,10,3,-1
0.3099236187475852,0.0973788513921284,-1,False,10,3,-1
0.3313785138985008,0.1159199030049965,-1,False,10,3,-1
0.2994832908049539,0.1329494853936616,-1,False,10,3,-1
0.3202588640889232,0.1220386348931913,-1,False,10,3,-1
0.3141810562605878,0.0561701109679383,-1,False,10,3,-1
0.3104076355777845,0.1022710096940634,-1,False,10,3,-1
0.3248283650845543,0.1652144600847075,-1,False,10,3,-1
0.3618110720972789,0.1086061317805433,-1,False,10,3,-1
0.3461792390745938,0.1057071555562804,-1,False,10,3,-1
0.3188301652875017,0.1526018474720949,-1,False,10,3,-1
0.3172677249935252,0.1424619550147613,-1,False,10,3,-1
0.3469657664236675,0.1381624231352656,-1,False,10,3,-1
0.3099236187475852,0.0973788513921284,-1,False,10,3,-1
0.3313785138985008,0.1159199030049965,-1,False,10,3,-1
0.2994832908049539,0.1329494853936616,-1,False,10,3,-1
0.3202588640889232,0.1220386348931913,-1,False,10,3,-1
0.3141810562605878,0.0561701109679383,-1,False,10,3,-1
0.3104076355777845,0.1022710096940634,-1,False,10,3,-1
0.3248283650845543,0.1652144600847075,-1,False,10,3,-1
0.3618110720972789,0.1086061317805433,-1,False,10,3,-1
0.3461792390745938,0.1057071555562804,-1,False,10,3,-1
0.3188301652875017,0.1526018474720949,-1,False,10,3,-1
0.3172677249935252,0.1424619550147613,-1,False,10,3,-1
0.3469657664236675,0.1381624231352656,-1,False,10,3,-1
0.3099236187475852,0.0973788513921284,-1,False,10,3,-1
0.3313785138985008,0.1159199030049965,-1,False,10,3,-1
0.2994832908049539,0.1329494853936616,-1,False,10,3,-1
0.3202588640889232,0.1220386348931913,-1,False,10,3,-1
0.3141810562605878,0.0561701109679383,-1,False,10,3,-1
0.3104076355777845,0.1022710096940634,-1,False,10,3,-1
0.3248283650845543,0.1652144600847075,-1,False,10,3,-1
0.3618110720972789,0.1086061317805433,-1,False,10,3,-1
0.3461792390745938,0.1057071555562804,-1,False,10,3,-1
0.3188301652875017,0.1526018474720949,-1,False,10,3,-1
0.3172677249935252,0.1424619550147613,-1,False,10,3,-1
0.3469657664236675,0.1381624231352656,-1,False,10,3,-1
0.3099236187475852,0.0973788513921284,-1,False,10,3,-1
0.3313785138985008,0.1159199030049965,-1,False,10,3,-1
0.2994832908049539,0.1329494853936616,-1,False,10,3,-1
0.3202588640889232,0.1220386348931913,-1,False,10,3,-1
0.3141810562605878,0.0561701109679383,-1,False,10,3,-1
0.3104076355777845,0.1022710096940634,-1,False,10,3,-1
0.3248283650845543,0.1652144600847075,-1,False,10,3,-1
0.3618110720972789,0.1086061317805433,-1,False,10,3,-1
0.3461792390745938,0.1057071555562804,-1,False,10,3,-1
0.3188301652875017,0.1526018474720949,-1,False,10,3,-1
0.3172677249935252,0.1424619550147613,-1,False,10,3,-1
0.3469657664236675,0.1381624231352656,-1,False,10,3,-1
0.3099236187475852,0.0973788513921284,-1,False,10,3,-1
0.3313785138985008,0.1159199030049965,-1,False,10,3,-1
0.2994832908049539,0.1329494853936616,-1,False,10,3,-1
0.3202588640889232,0.1220386348931913,-1,False,10,3,-1
0.3141810562605878,0.0561701109679383,-1,False,10,3,-1
0.3104076355777845,0.1022710096940634,-1,False,10,3,-1
0.3248283650845543,0.1652144600847075,-1,False,10,3,-1
0.3618110720972789,0.1086061317805433,-1,False,10,3,-1
0.3461792390745938,0.1057071555562804,-1,False,10,3,-1
0.3188301652875017,0.1526018474720949,-1,False,10,3,-1
0.3172677249935252,0.1424619550147613,-1,False,10,3,-1
0.3469657664236675,0.1381624231352656,-1,False,10,3,-1
0.3099236187475852,0.0973788513921284,-1,False,10,3,-1
0.3313785138985008,0.1159199030049965,-1,False,10,3,-1
0.2994832908049539,0.1329494853936616,-1,False,10,3,-1
0.3202588640889232,0.1220386348931913,-1,False,10,3,-1
0.3141810562605878,0.0561701109679383,-1,False,10,3,-1
0.3104076355777845,0.1022710096940634,-1,False,10,3,-1
0.3248283650845543,0.1652144600847075,-1,False,10,3,-1
0.3618110720972789,0.1086061317805433,-1,False,10,3,-1
0.3461792390745938,0.1057071555562804,-1,False,10,3,-1
0.3188301652875017,0.1526018474720949,-1,False,10,3,-1
0.3172677249935252,0.1424619550147613,-1,False,10,3,-1
0.3469657664236675,0.1381624231352656,-1,False,10,3,-1
0.3099236187475852,0.0973788513921284,-1,False,10,3,-1
0.3313785138985008,0.1159199030049965,-1,False,10,3,-1
0.2994832908049539,0.1329494853936616,-1,False,10,3,-1
0.3202588640889232,0.1220386348931913,-1,False,10,3,-1
0.3141810562605878,0.0561701109679383,-1,False,10,3,-1
0.3104076355777845,0.1022710096940634,-1,False,10,3,-1
0.3248283650845543,0.1652144600847075,-1,False,10,3,-1
0.3618110720972789,0.1086061317805433,-1,False,10,3,-1
0.3461792390745938,0.1057071555562804,-1,False,10,3,-1
0.3188301652875017,0.1526018474720949,-1,False,10,3,-1
0.3172677249935252,0.1424619550147613,-1,False,10,3,-1
0.3469657664236675,0.1381624231352656,-1,False,10,3,-1
0.3099236187475852,0.0973788513921284,-1,False,10,3,-1
0.3313785138985008,0.1159199030049965,-1,False,10,3,-1
0.2994832908049539,0.1329494853936616,-1,False,10,3,-1
0.3202588640889232,0.1220386348931913,-1,False,10,3,-1
0.3141810562605878,0.0561701109679383,-1,False,10,3,-1
0.3104076355777845,0.1022710096940634,-1,False,10,3,-1
0.3248283650845543,0.1652144600847075,-1,False,10,3,-1
0.3618110720972789,0.1086061317805433,-1,False,10,3,-1
0.3461792390745938,0.1057071555562804,-1,False,10,3,-1
0.3188301652875017,0.1526018474720949,-1,False,10,3,-1
0.3172677249935252,0.1424619550147613,-1,False,10,3,-1
0.3469657664236675,0.1381624231352656,-1,False,10,3,-1
0.3099236187475852,0.0973788513921284,-1,False,10,3,-1
0.3313785138985008,0.1159199030049965,-1,False,10,3,-1
0.2994832908049539,0.1329494853936616,-1,False,10,3,-1
0.3202588640889232,0.1220386348931913,-1,False,10,3,-1
0.3141810562605878,0.0561701109679383,-1,False,10,3,-1
0.3104076355777845,0.1022710096940634,-1,False,10,3,-1
0.3248283650845543,0.1652144600847075,-1,False,10,3,-1
0.3618110720972789,0.1086061317805433,-1,False,10,3,-1
0.3461792390745938,0.1057071555562804,-1,False,10,3,-1
0.3188301652875017,0.1526018474720949,-1,False,10,3,-1
0.3172677249935252,0.1424619550147613,-1,False,10,3,-1
0.3469657664236675,0.1381624231352656,-1,False,10,3,-1
0.3099236187475852,0.0973788513921284,-1,False,10,3,-1
0.3313785138985008,0.1159199030049965,-1,False,10,3,-1
0.2994832908049539,0.1329494853936616,-1,False,10,3,-1
0.3202588640889232,0.1220386348931913,-1,False,10,3,-1
0.3141810562605878,0.0561701109679383,-1,False,10,3,-1
0.3104076355777845,0.1022710096940634,-1,False,10,3,-1
0.3248283650845543,0.1652144600847075,-1,False,10,3,-1
0.3618110720972789,0.1086061317805433,-1,False,10,3,-1
0.3461792390745938,0.1057071555562804,-1,False,10,3,-1
0.3188301652875017,0.1526018474720949,-1,False,10,3,-1
0.3172677249935252,0.1424619550147613,-1,False,10,3,-1
0.3469657664236675,0.1381624231352656,-1,False,10,3,-1
0.3099236187475852,0.0973788513921284,-1,False,10,3,-1
0.3313785138985008,0.1159199030049965,-1,False,10,3,-1
0.2994832908049539,0.1329494853936616,-1,False,10,3,-1
0.3202588640889232,0.1220386348931913,-1,False,10,3,-1
0.3141810562605878,0.0561701109679383,-1,False,10,3,-1
0.3104076355777845,0.1022710096940634,-1,False,10,3,-1
0.3248283650845543,0.1652144600847075,-1,False,10,3,-1
0.3618110720972789,0.1086061317805433,-1,False,10,3,-1
0.3461792390745938,0.1057071555562804,-1,False,10,3,-1
0.3188301652875017,0.1526018474720949,-1,False,10,3,-1
0.3172677249935252,0.1424619550147613,-1,False,10,3,-1
0.3469657664236675,0.1381624231352656,-1,False,10,3,-1
0.3099236187475852,0.0973788513921284,-1,False,10,3,-1
0.3313785138985008,0.1159199030049965,-1,False,10,3,-1
0.2994832908049539,0.1329494853936616,-1,False,10,3,-1
0.3202588640889232,0.1220386348931913,-1,False,10,3,-1
0.3141810562605878,0.0561701109679383,-1,False,10,3,-1
0.3104076355777845,0.1022710096940634,-1,False,10,3,-1
0.3248283650845543,0.1652144600847075,-1,False,10,3,-1
0.3618110720972789,0.1086061317805433,-1,False,10,3,-1
0.3461792390745938,0.1057071555562804,-1,False,10,3,-1
0.3188301652875017,0.1526018474720949,-1,False,10,3,-1
0.3172677249935252,0.1424619550147613,-1,False,10,3,-1
0.3469657664236675,0.1381624231352656,-1,False,10,3,-1
0.3099236187475852,0.0973788513921284,-1,False,10,3,-1
0.3313785138985008,0.1159199030049965,-1,False,10,3,-1
0.2994832908049539,0.1329494853936616,-1,False,10,3,-1
0.3202588640889232,0.1220386348931913,-1,False,10,3,-1
0.3141810562605878,0.0561701109679383,-1,False,10,3,-1
0.3104076355777845,0.1022710096940634,-1,False,10,3,-1
0.3248283650845543,0.1652144600847075,-1,False,10,3,-1
0.3618110720972789,0.1086061317805433,-1,False,10,3,-1
0.3461792390745938,0.1057071555562804,-1,False,10,3,-1
0.3188301652875017,0.1526018474720949,-1,False,10,3,-1
0.3172677249935252,0.1424619550147613,-1,False,10,3,-1
0.3469657664236675,0.1381624231352656,-1,False,10,3,-1
0.3099236187475852,0.0973788513921284,-1,False,10,3,-1
0.3313785138985008,0.1159199030049965,-1,False,10,3,-1
0.2994832908049539,0.1329494853936616,-1,False,10,3,-1
0.3202588640889232,0.1220386348931913,-1,False,10,3,-1
0.3141810562605878,0.0561701109679383,-1,False,10,3,-1
0.3104076355777845,0.1022710096940634,-1,False,10,3,-1
0.3248283650845543,0.1652144600847075,-1,False,10,3,-1
0.3618110720972789,0.1086061317805433,-1,False,10,3,-1
0.3461792390745938,0.1057071555562804,-1,False,10,3,-1
0.3188301652875017,0.1526018474720949,-1,False,10,3,-1
0.3172677249935252,0.1424619550147613,-1,False,10,3,-1
0.3469657664236675,0.1381624231352656,-1,False,10,3,-1
0.3099236187475852,0.0973788513921284,-1,False,10,3,-1
0.3313785138985008,0.1159199030049965,-1,False,10,3,-1
0.2994832908049539,0.1329494853936616,-1,False,10,3,-1
0.3202588640889232,0.1220386348931913,-1,False,10,3,-1
0.3141810562605878,0.0561701109679383,-1,False,10,3,-1
0.3104076355777845,0.1022710096940634,-1,False,10,3,-1
0.3248283650845543,0.1652144600847075,-1,False,10,3,-1
0.3618110720972789,0.1086061317805433,-1,False,10,3,-1
0.3461792390745938,0.1057071555562804,-1,False,10,3,-1
0.3188301652875017,0.1526018474720949,-1,False,10,3,-1
0.3172677249935252,0.1424619550147613,-1,False,10,3,-1
0.3469657664236675,0.1381624231352656,-1,False,10,3,-1
0.3099236187475852,0.0973788513921284,-1,False,10,3,-1
0.3313785138985008,0.1159199030049965,-1,False,10,3,-1
0.2994832908049539,0.1329494853936616,-1,False,10,3,-1
0.3202588640889232,0.1220386348931913,-1,False,10,3,-1
0.3141810562605878,0.0561701109679383,-1,False,10,3,-1
0.3104076355777845,0.1022710096940634,-1,False,10,3,-1
0.3248283650845543,0.1652144600847075,-1,False,10,3,-1
0.3618110720972789,0.1086061317805433,-1,False,10,3,-1
0.3461792390745938,0.1057071555562804,-1,False,10,3,-1
0.3188301652875017,0.1526018474720949,-1,False,10,3,-1
0.3172677249935252,0.1424619550147613,-1,False,10,3,-1
0.3469657664236675,0.1381624231352656,-1,False,10,3,-1
0.3099236187475852,0.0973788513921284,-1,False,10,3,-1
0.3313785138985008,0.1159199030049965,-1,False,10,3,-1
0.2994832908049539,0.1329494853936616,-1,False,10,3,-1
0.3202588640889232,0.1220386348931913,-1,False,10,3,-1
0.3141810562605878,0.0561701109679383,-1,False,10,3,-1
0.3104076355777845,0.1022710096940634,-1,False,10,3,-1
0.3248283650845543,0.1652144600847075,-1,False,10,3,-1
0.3618110720972789,0.1086061317805433,-1,False,10,3,-1
0.3461792390745938,0.1057071555562804,-1,False,10,3,-1
0.3188301652875017,0.1526018474720949,-1,False,10,3,-1
0.3172677249935252,0.1424619550147613,-1,False,10,3,-1
0.3469657664236675,0.1381624231352656,-1,False,10,3,-1
0.3099236187475852,0.0973788513921284,-1,False,10,3,-1
0.3313785138985008,0.1159199030049965,-1,False,10,3,-1
0.2994832908049539,0.1329494853936616,-1,False,10,3,-1
0.3202588640889232,0.1220386348931913,-1,False,10,3,-1
0.3141810562605878,0.0561701109679383,-1,False,10,3,-1
0.3104076355777845,0.1022710096940634,-1,False,10,3,-1
0.3248283650845543,0.1652144600847075,-1,False,10,3,-1
0.3618110720972789,0.1086061317805433,-1,False,10,3,-1
0.3461792390745938,0.1057071555562804,-1,False,10,3,-1
0.3188301652875017,0.1526018474720949,-1,False,10,3,-1
0.3172677249935252,0.1424619550147613,-1,False,10,3,-1
0.3469657664236675,0.1381624231352656,-1,False,10,3,-1
0.3099236187475852,0.0973788513921284,-1,False,10,3,-1
0.3313785138985008,0.1159199030049965,-1,False,10,3,-1
0.2994832908049539,0.1329494853936616,-1,False,10,3,-1
0.3202588640889232,0.1220386348931913,-1,False,10,3,-1
0.3141810562605878,0.0561701109679383,-1,False,10,3,-1
0.3104076355777845,0.1022710096940634,-1,False,10,3,-1
0.3248283650845543,0.1652144600847075,-1,False,10,3,-1
0.3618110720972789,0.1086061317805433,-1,False,10,3,-1
0.3461792390745938,0.1057071555562804,-1,False,10,3,-1
0.3188301652875017,0.1526018474720949,-1,False,10,3,-1
0.3172677249935252,0.1424619550147613,-1,False,10,3,-1
0.3469657664236675,0.1381624231352656,-1,False,10,3,-1
0.3099236187475852,0.0973788513921284,-1,False,10,3,-1
0.3313785138985008,0.1159199030049965,-1,False,10,3,-1
0.2994832908049539,0.1329494853936616,-1,False,10,3,-1
0.3202588640889232,0.1220386348931913,-1,False,10,3,-1
0.3141810562605878,0.0561701109679383,-1,False,10,3,-1
0.3104076355777845,0.1022710096940634,-1,False,10,3,-1
0.3248283650845543,0.1652144600847075,-1,False,10,3,-1
0.3618110720972789,0.1086061317805433,-1,False,10,3,-1
0.3461792390745938,0.1057071555562804,-1,False,10,3,-1
0.3188301652875017,0.1526018474720949,-1,False,10,3,-1
0.3172677249935252,0.1424619550147613,-1,False,10,3,-1
0.3469657664236675,0.1381624231352656,-1,False,10,3,-1
0.3099236187475852,0.0973788513921284,-1,False,10,3,-1
0.3313785138985008,0.1159199030049965,-1,False,10,3,-1
0.2994832908049539,0.1329494853936616,-1,False,10,3,-1
0.3202588640889232,0.1220386348931913,-1,False,10,3,-1
0.3141810562605878,0.0561701109679383,-1,False,10,3,-1
0.3104076355777845,0.1022710096940634,-1,False,10,3,-1
0.3248283650845543,0.1652144600847075,-1,False,10,3,-1
0.3618110720972789,0.1086061317805433,-1,False,10,3,-1
0.3461792390745938,0.1057071555562804,-1,False,10,3,-1
0.3188301652875017,0.1526018474720949,-1,False,10,3,-1
0.3172677249935252,0.1424619550147613,-1,False,10,3,-1
0.3469657664236675,0.1381624231352656,-1,False,10,3,-1
0.3099236187475852,0.0973788513921284,-1,False,10,3,-1
0.3313785138985008,0.1159199030049965,-1,False,10,3,-1
0.2994832908049539,0.1329494853936616,-1,False,10,3,-1
0.3202588640889232,0.1220386348931913,-1,False,10,3,-1
0.3141810562605878,0.0561701109679383,-1,False,10,3,-1
0.3104076355777845,0.1022710096940634,-1,False,10,3,-1
0.3248283650845543,0.1652144600847075,-1,False,10,3,-1
0.3618110720972789,0.1086061317805433,-1,False,10,3,-1
0.3461792390745938,0.1057071555562804,-1,False,10,3,-1
0.3188301652875017,0.1526018474720949,-1,False,10,3,-1
0.3172677249935252,0.1424619550147613,12,True,10,3,-1
0.3469657664236675,0.1381624231352656,12,True,10,3,-1
0.3099236187475852,0.0973788513921284,12,True,10,3,-1
0.3313785138985008,0.1159199030049965,12,True,10,3,-1
0.2994832908049539,0.1329494853936616,12,True,10,3,-1
0.3202588640889232,0.1220386348931913,12,True,10,3,-1
0.3141810562605878,0.0561701109679383,12,True,10,3,-1
0.3104076355777845,0.1022710096940634,12,True,10,3,-1
0.3248283650845543,0.1652144600847075,12,True,10,3,-1
0.3618110720972789,0.1086061317805433,12,True,10,3,-1
0.3461792390745938,0.1057071555562804,12,True,10,3,-1
0.3188301652875017,0.1526018474720949,12,True,10,3,-1
0.3172677249935252,0.1424619550147613,12,True,10,3,-1
0.3469657664236675,0.1381624231352656,12,True,10,3,-1
0.3099236187475852,0.0973788513921284,12,True,10,3,-1
0.3313785138985008,0.1159199030049965,12,True,10,3,-1
0.2994832908049539,0.1329494853936616,12,True,10,3,-1
0.3202588640889232,0.1220386348931913,12,True,10,3,-1
0.3141810562605878,0.0561701109679383,12,True,10,3,-1
0.3104076355777845,0.1022710096940634,12,True,10,3,-1
0.3248283650845543,0.1652144600847075,12,True,10,3,-1
0.3618110720972789,0.1086061317805433,12,True,10,3,-1
0.3461792390745938,0.1057071555562804,12,True,10,3,-1
0.3188301652875017,0.1526018474720949,12,True,10,3,-1
0.3172677249935252,0.1424619550147613,-1,False,10,3,-1
0.3469657664236675,0.1381624231352656,-1,False,10,3,-1
0.3099236187475852,0.0973788513921284,-1,False,10,3,-1
0.3313785138985008,0.1159199030049965,-1,False,10,3,-1
0.2994832908049539,0.1329494853936616,-1,False,10,3,-1
0.3202588640889232,0.1220386348931913,-1,False,10,3,-1
0.3141810562605878,0.0561701109679383,-1,False,10,3,-1
0.3104076355777845,0.1022710096940634,-1,False,10,3,-1
0.3248283650845543,0.1652144600847075,-1,False,10,3,-1
0.3618110720972789,0.1086061317805433,-1,False,10,3,-1
0.3461792390745938,0.1057071555562804,-1,False,10,3,-1
0.3188301652875017,0.1526018474720949,-1,False,10,3,-1
0.3172677249935252,0.1424619550147613,-1,False,10,3,-1
0.3469657664236675,0.1381624231352656,-1,False,10,3,-1
0.3099236187475852,0.0973788513921284,-1,False,10,3,-1
0.3313785138985008,0.1159199030049965,-1,False,10,3,-1
0.2994832908049539,0.1329494853936616,-1,False,10,3,-1
0.3202588640889232,0.1220386348931913,-1,False,10,3,-1
0.3141810562605878,0.0561701109679383,-1,False,10,3,-1
0.3104076355777845,0.1022710096940634,-1,False,10,3,-1
0.3248283650845543,0.1652144600847075,-1,False,10,3,-1
0.3618110720972789,0.1086061317805433,-1,False,10,3,-1
0.3461792390745938,0.1057071555562804,-1,False,10,3,-1
0.3188301652875017,0.1526018474720949,-1,False,10,3,-1
0.3172677249935252,0.1424619550147613,-1,False,10,3,-1
0.3469657664236675,0.1381624231352656,-1,False,10,3,-1
0.3099236187475852,0.0973788513921284,-1,False,10,3,-1
0.3313785138985008,0.1159199030049965,-1,False,10,3,-1
0.2994832908049539,0.1329494853936616,-1,False,10,3,-1
0.3202588640889232,0.1220386348931913,-1,False,10,3,-1
0.3141810562605878,0.0561701109679383,-1,False,10,3,-1
0.3104076355777845,0.1022710096940634,-1,False,10,3,-1
0.3248283650845543,0.1652144600847075,-1,False,10,3,-1
0.3618110720972789,0.1086061317805433,-1,False,10,3,-1
0.3461792390745938,0.1057071555562804,-1,False,10,3,-1
0.3188301652875017,0.1526018474720949,-1,False,10,3,-1
0.3172677249935252,0.1424619550147613,-1,False,10,3,-1
0.3469657664236675,0.1381624231352656,-1,False,10,3,-1
0.3099236187475852,0.0973788513921284,-1,False,10,3,-1
0.3313785138985008,0.1159199030049965,-1,False,10,3,-1
0.2994832908049539,0.1329494853936616,-1,False,10,3,-1
0.3202588640889232,0.1220386348931913,-1,False,10,3,-1
0.3141810562605878,0.0561701109679383,-1,False,10,3,-1
0.3104076355777845,0.1022710096940634,-1,False,10,3,-1
0.3248283650845543,0.1652144600847075,-1,False,10,3,-1
0.3618110720972789,0.1086061317805433,-1,False,10,3,-1
0.3461792390745938,0.1057071555562804,-1,False,10,3,-1
0.3188301652875017,0.1526018474720949,-1,False,10,3,-1
0.3172677249935252,0.1424619550147613,-1,False,10,3,-1
0.3469657664236675,0.1381624231352656,-1,False,10,3,-1
0.3099236187475852,0.0973788513921284,-1,False,10,3,-1
0.3313785138985008,0.1159199030049965,-1,False,10,3,-1
0.2994832908049539,0.1329494853936616,-1,False,10,3,-1
0.3202588640889232,0.1220386348931913,-1,False,10,3,-1
0.3141810562605878,0.0561701109679383,-1,False,10,3,-1
0.3104076355777845,0.1022710096940634,-1,False,10,3,-1
0.3248283650845543,0.1652144600847075,-1,False,10,3,-1
0.3618110720972789,0.1086061317805433,-1,False,10,3,-1
0.3461792390745938,0.1057071555562804,-1,False,10,3,-1
0.3188301652875017,0.1526018474720949,-1,False,10,3,-1
0.3172677249935252,0.1424619550147613,-1,False,10,3,-1
0.3469657664236675,0.1381624231352656,-1,False,10,3,-1
0.3099236187475852,0.0973788513921284,-1,False,10,3,-1
0.3313785138985008,0.1159199030049965,-1,False,10,3,-1
0.2994832908049539,0.1329494853936616,-1,False,10,3,-1
0.3202588640889232,0.1220386348931913,-1,False,10,3,-1
0.3141810562605878,0.0561701109679383,-1,False,10,3,-1
0.3104076355777845,0.1022710096940634,-1,False,10,3,-1
0.3248283650845543,0.1652144600847075,-1,False,10,3,-1
0.3618110720972789,0.1086061317805433,-1,False,10,3,-1
0.3461792390745938,0.1057071555562804,-1,False,10,3,-1
0.3188301652875017,0.1526018474720949,-1,False,10,3,-1
0.3172677249935252,0.1424619550147613,-1,False,10,3,-1
0.3469657664236675,0.1381624231352656,-1,False,10,3,-1
0.3099236187475852,0.0973788513921284,-1,False,10,3,-1
0.3313785138985008,0.1159199030049965,-1,False,10,3,-1
0.2994832908049539,0.1329494853936616,-1,False,10,3,-1
0.3202588640889232,0.1220386348931913,-1,False,10,3,-1
0.3141810562605878,0.0561701109679383,-1,False,10,3,-1
0.3104076355777845,0.1022710096940634,-1,False,10,3,-1
0.3248283650845543,0.1652144600847075,-1,False,10,3,-1
0.3618110720972789,0.1086061317805433,-1,False,10,3,-1
0.3461792390745938,0.1057071555562804,-1,False,10,3,-1
0.3188301652875017,0.1526018474720949,-1,False,10,3,-1
0.3172677249935252,0.1424619550147613,-1,False,10,3,-1
0.3469657664236675,0.1381624231352656,-1,False,10,3,-1
0.3099236187475852,0.0973788513921284,-1,False,10,3,-1
0.3313785138985008,0.1159199030049965,-1,False,10,3,-1
0.2994832908049539,0.1329494853936616,-1,False,10,3,-1
0.3202588640889232,0.1220386348931913,-1,False,10,3,-1
0.3141810562605878,0.0561701109679383,-1,False,10,3,-1
0.3104076355777845,0.1022710096940634,-1,False,10,3,-1
0.3248283650845543,0.1652144600847075,-1,False,10,3,-1
0.3618110720972789,0.1086061317805433,-1,False,10,3,-1
0.3461792390745938,0.1057071555562804,-1,False,10,3,-1
0.3188301652875017,0.1526018474720949,-1,False,10,3,-1
0.3172677249935252,0.1424619550147613,-1,False,10,3,-1
0.3469657664236675,0.1381624231352656,-1,False,10,3,-1
0.3099236187475852,0.0973788513921284,-1,False,10,3,-1
0.3313785138985008,0.1159199030049965,-1,False,10,3,-1
0.2994832908049539,0.1329494853936616,-1,False,10,3,-1
0.3202588640889232,0.1220386348931913,-1,False,10,3,-1
0.3141810562605878,0.0561701109679383,-1,False,10,3,-1
0.3104076355777845,0.1022710096940634,-1,False,10,3,-1
0.3248283650845543,0.1652144600847075,-1,False,10,3,-1
0.3618110720972789,0.1086061317805433,-1,False,10,3,-1
0.3461792390745938,0.1057071555562804,-1,False,10,3,-1
0.3188301652875017,0.1526018474720949,-1,False,10,3,-1
0.3172677249935252,0.1424619550147613,-1,False,10,3,-1
0.3469657664236675,0.1381624231352656,-1,False,10,3,-1
0.3099236187475852,0.0973788513921284,-1,False,10,3,-1
0.3313785138985008,0.1159199030049965,-1,False,10,3,-1
0.2994832908049539,0.1329494853936616,-1,False,10,3,-1
0.3202588640889232,0.1220386348931913,-1,False,10,3,-1
0.3141810562605878,0.0561701109679383,-1,False,10,3,-1
0.3104076355777845,0.1022710096940634,-1,False,10,3,-1
0.3248283650845543,0.1652144600847075,-1,False,10,3,-1
0.3618110720972789,0.1086061317805433,-1,False,10,3,-1
0.3461792390745938,0.1057071555562804,-1,False,10,3,-1
0.3188301652875017,0.1526018474720949,-1,False,10,3,-1
0.3172677249935252,0.1424619550147613,-1,False,10,3,-1
0.3469657664236675,0.1381624231352656,-1,False,10,3,-1
0.3099236187475852,0.0973788513921284,-1,False,10,3,-1
0.3313785138985008,0.1159199030049965,-1,False,10,3,-1
0.2994832908049539,0.1329494853936616,-1,False,10,3,-1
0.3202588640889232,0.1220386348931913,-1,False,10,3,-1
0.3141810562605878,0.0561701109679383,-1,False,10,3,-1
0.3104076355777845,0.1022710096940634,-1,False,10,3,-1
0.3248283650845543,0.1652144600847075,-1,False,10,3,-1
0.3618110720972789,0.1086061317805433,-1,False,10,3,-1
0.3461792390745938,0.1057071555562804,-1,False,10,3,-1
0.3188301652875017,0.1526018474720949,-1,False,10,3,-1
0.3172677249935252,0.1424619550147613,-1,False,10,3,-1
0.3469657664236675,0.1381624231352656,-1,False,10,3,-1
0.3099236187475852,0.0973788513921284,-1,False,10,3,-1
0.3313785138985008,0.1159199030049965,-1,False,10,3,-1
0.2994832908049539,0.1329494853936616,-1,False,10,3,-1
0.3202588640889232,0.1220386348931913,-1,False,10,3,-1
0.3141810562605878,0.0561701109679383,-1,False,10,3,-1
0.3104076355777845,0.1022710096940634,-1,False,10,3,-1
0.3248283650845543,0.1652144600847075,-1,False,10,3,-1
0.3618110720972789,0.1086061317805433,-1,False,10,3,-1
0.3461792390745938,0.1057071555562804,-1,False,10,3,-1
0.3188301652875017,0.1526018474720949,-1,False,10,3,-1
0.3172677249935252,0.1424619550147613,-1,False,10,3,-1
0.3469657664236675,0.1381624231352656,-1,False,10,3,-1
0.3099236187475852,0.0973788513921284,-1,False,10,3,-1
0.3313785138985008,0.1159199030049965,-1,False,10,3,-1
0.2994832908049539,0.1329494853936616,-1,False,10,3,-1
0.3202588640889232,0.1220386348931913,-1,False,10,3,-1
0.3141810562605878,0.0561701109679383,-1,False,10,3,-1
0.3104076355777845,0.1022710096940634,-1,False,10,3,-1
0.3248283650845543,0.1652144600847075,-1,False,10,3,-1
0.3618110720972789,0.1086061317805433,-1,False,10,3,-1
0.3461792390745938,0.1057071555562804,-1,False,10,3,-1
0.3188301652875017,0.1526018474720949,-1,False,10,3,-1
0.3172677249935252,0.1424619550147613,-1,False,10,3,-1
0.3469657664236675,0.1381624231352656,-1,False,10,3,-1
0.3099236187475852,0.0973788513921284,-1,False,10,3,-1
0.3313785138985008,0.1159199030049965,-1,False,10,3,-1
0.2994832908049539,0.1329494853936616,-1,False,10,3,-1
0.3202588640889232,0.1220386348931913,-1,False,10,3,-1
0.3141810562605878,0.0561701109679383,-1,False,10,3,-1
0.3104076355777845,0.1022710096940634,-1,False,10,3,-1
0.3248283650845543,0.1652144600847075,-1,False,10,3,-1
0.3618110720972789,0.1086061317805433,-1,False,10,3,-1
0.3461792390745938,0.1057071555562804,-1,False,10,3,-1
0.3188301652875017,0.1526018474720949,-1,False,10,3,-1
0.3172677249935252,0.1424619550147613,-1,False,10,3,-1
0.3469657664236675,0.1381624231352656,-1,False,10,3,-1
0.3099236187475852,0.0973788513921284,-1,False,10,3,-1
0.3313785138985008,0.1159199030049965,-1,False,10,3,-1
0.2994832908049539,0.1329494853936616,-1,False,10,3,-1
0.3202588640889232,0.1220386348931913,-1,False,10,3,-1
0.3141810562605878,0.0561701109679383,-1,False,10,3,-1
0.3104076355777845,0.1022710096940634,-1,False,10,3,-1
0.3248283650845543,0.1652144600847075,-1,False,10,3,-1
0.3618110720972789,0.1086061317805433,-1,False,10,3,-1
0.3461792390745938,0.1057071555562804,-1,False,10,3,-1
0.3188301652875017,0.1526018474720949,-1,False,10,3,-1
0.3172677249935252,0.1424619550147613,-1,False,10,3,-1
0.3469657664236675,0.1381624231352656,-1,False,10,3,-1
0.3099236187475852,0.0973788513921284,-1,False,10,3,-1
0.3313785138985008,0.1159199030049965,-1,False,10,3,-1
0.2994832908049539,0.1329494853936616,-1,False,10,3,-1
0.3202588640889232,0.1220386348931913,-1,False,10,3,-1
0.3141810562605878,0.0561701109679383,-1,False,10,3,-1
0.3104076355777845,0.1022710096940634,-1,False,10,3,-1
0.3248283650845543,0.1652144600847075,-1,False,10,3,-1
0.3618110720972789,0.1086061317805433,-1,False,10,3,-1
0.3461792390745938,0.1057071555562804,-1,False,10,3,-1
0.3188301652875017,0.1526018474720949,-1,False,10,3,-1
0.3172677249935252,0.1424619550147613,-1,False,10,3,-1
0.3469657664236675,0.1381624231352656,-1,False,10,3,-1
0.3099236187475852,0.0973788513921284,-1,False,10,3,-1
0.3313785138985008,0.1159199030049965,-1,False,10,3,-1
0.2994832908049539,0.1329494853936616,-1,False,10,3,-1
0.3202588640889232,0.1220386348931913,-1,False,10,3,-1
0.3141810562605878,0.0561701109679383,-1,False,10,3,-1
0.3104076355777845,0.1022710096940634,-1,False,10,3,-1
0.3248283650845543,0.1652144600847075,-1,False,10,3,-1
0.3618110720972789,0.1086061317805433,-1,False,10,3,-1
0.3461792390745938,0.1057071555562804,-1,False,10,3,-1
0.3188301652875017,0.1526018474720949,-1,False,10,3,-1
0.3172677249935252,0.1424619550147613,-1,False,10,3,-1
0.3469657664236675,0.1381624231352656,-1,False,10,3,-1
0.3099236187475852,0.0973788513921284,-1,False,10,3,-1
0.3313785138985008,0.1159199030049965,-1,False,10,3,-1
0.2994832908049539,0.1329494853936616,-1,False,10,3,-1
0.3202588640889232,0.1220386348931913,-1,False,10,3,-1
0.3141810562605878,0.0561701109679383,-1,False,10,3,-1
0.3104076355777845,0.1022710096940634,-1,False,10,3,-1
0.3248283650845543,0.1652144600847075,-1,False,10,3,-1
0.3618110720972789,0.1086061317805433,-1,False,10,3,-1
0.3461792390745938,0.1057071555562804,-1,False,10,3,-1
0.3188301652875017,0.1526018474720949,-1,False,10,3,-1
0.3172677249935252,0.1424619550147613,-1,False,10,3,-1
0.3469657664236675,0.1381624231352656,-1,False,10,3,-1
0.3099236187475852,0.0973788513921284,-1,False,10,3,-1
0.3313785138985008,0.1159199030049965,-1,False,10,3,-1
0.2994832908049539,0.1329494853936616,-1,False,10,3,-1
0.3202588640889232,0.1220386348931913,-1,False,10,3,-1
0.3141810562605878,0.0561701109679383,-1,False,10,3,-1
0.3104076355777845,0.1022710096940634,-1,False,10,3,-1
0.3248283650845543,0.1652144600847075,-1,False,10,3,-1
0.3618110720972789,0.1086061317805433,-1,False,10,3,-1
0.3461792390745938,0.1057071555562804,-1,False,10,3,-1
0.3188301652875017,0.1526018474720949,-1,False,10,3,-1
0.3172677249935252,0.1424619550147613,-1,False,10,3,-1
0.3469657664236675,0.1381624231352656,-1,False,10,3,-1
0.3099236187475852,0.0973788513921284,-1,False,10,3,-1
0.3313785138985008,0.1159199030049965,-1,False,10,3,-1
0.2994832908049539,0.1329494853936616,-1,False,10,3,-1
0.3202588640889232,0.1220386348931913,-1,False,10,3,-1
0.3141810562605878,0.0561701109679383,-1,False,10,3,-1
0.3104076355777845,0.1022710096940634,-1,False,10,3,-1
0.3248283650845543,0.1652144600847075,-1,False,10,3,-1
0.3618110720972789,0.1086061317805433,-1,False,10,3,-1
0.3461792390745938,0.1057071555562804,-1,False,10,3,-1
0.3188301652875017,0.1526018474720949,-1,False,10,3,-1
0.3172677249935252,0.1424619550147613,-1,False,10,3,-1
0.3469657664236675,0.1381624231352656,-1,False,10,3,-1
0.3099236187475852,0.0973788513921284,-1,False,10,3,-1
0.3313785138985008,0.1159199030049965,-1,False,10,3,-1
0.2994832908049539,0.1329494853936616,-1,False,10,3,-1
0.3202588640889232,0.1220386348931913,-1,False,10,3,-1
0.3141810562605878,0.0561701109679383,-1,False,10,3,-1
0.3104076355777845,0.1022710096940634,-1,False,10,3,-1
0.3248283650845543,0.1652144600847075,-1,False,10,3,-1
0.3618110720972789,0.1086061317805433,-1,False,10,3,-1
0.3461792390745938,0.1057071555562804,-1,False,10,3,-1
0.3188301652875017,0.1526018474720949,-1,False,10,3,-1
0.3172677249935252,0.1424619550147613,-1,False,10,3,-1
0.3469657664236675,0.1381624231352656,-1,False,10,3,-1
0.3099236187475852,0.0973788513921284,-1,False,10,3,-1
0.3313785138985008,0.1159199030049965,-1,False,10,3,-1
0.2994832908049539,0.1329494853936616,-1,False,10,3,-1
0.3202588640889232,0.1220386348931913,-1,False,10,3,-1
0.3141810562605878,0.0561701109679383,-1,False,10,3,-1
0.3104076355777845,0.1022710096940634,-1,False,10,3,-1
0.3248283650845543,0.1652144600847075,-1,False,10,3,-1
0.3618110720972789,0.1086061317805433,-1,False,10,3,-1
0.3461792390745938,0.1057071555562804,-1,False,10,3,-1
0.3188301652875017,0.1526018474720949,-1,False,10,3,-1
0.3172677249935252,0.1424619550147613,-1,False,10,3,-1
0.3469657664236675,0.1381624231352656,-1,False,10,3,-1
0.3099236187475852,0.0973788513921284,-1,False,10,3,-1
0.3313785138985008,0.1159199030049965,-1,False,10,3,-1
0.2994832908049539,0.1329494853936616,-1,False,10,3,-1
0.3202588640889232,0.1220386348931913,-1,False,10,3,-1
0.3141810562605878,0.0561701109679383,-1,False,10,3,-1
0.3104076355777845,0.1022710096940634,-1,False,10,3,-1
0.3248283650845543,0.1652144600847075,-1,False,10,3,-1
0.3618110720972789,0.1086061317805433,-1,False,10,3,-1
0.3461792390745938,0.1057071555562804,-1,False,10,3,-1
0.3188301652875017,0.1526018474720949,-1,False,10,3,-1
0.3172677249935252,0.1424619550147613,-1,False,10,3,-1
0.3469657664236675,0.1381624231352656,-1,False,10,3,-1
0.3099236187475852,0.0973788513921284,-1,False,10,3,-1
0.3313785138985008,0.1159199030049965,-1,False,10,3,-1
0.2994832908049539,0.1329494853936616,-1,False,10,3,-1
0.3202588640889232,0.1220386348931913,-1,False,10,3,-1
0.3141810562605878,0.0561701109679383,-1,False,10,3,-1
0.3104076355777845,0.1022710096940634,-1,False,10,3,-1
0.3248283650845543,0.1652144600847075,-1,False,10,3,-1
0.3618110720972789,0.1086061317805433,-1,False,10,3,-1
0.3461792390745938,0.1057071555562804,-1,False,10,3,-1
0.3188301652875017,0.1526018474720949,-1,False,10,3,-1
0.3172677249935252,0.1424619550147613,-1,False,10,3,-1
0.3469657664236675,0.1381624231352656,-1,False,10,3,-1
0.3099236187475852,0.0973788513921284,-1,False,10,3,-1
0.3313785138985008,0.1159199030049965,-1,False,10,3,-1
0.2994832908049539,0.1329494853936616,-1,False,10,3,-1
0.3202588640889232,0.1220386348931913,-1,False,10,3,-1
0.3141810562605878,0.0561701109679383,-1,False,10,3,-1
0.3104076355777845,0.1022710096940634,-1,False,10,3,-1
0.3248283650845543,0.1652144600847075,-1,False,10,3,-1
0.3618110720972789,0.1086061317805433,-1,False,10,3,-1
0.3461792390745938,0.1057071555562804,-1,False,10,3,-1
0.3188301652875017,0.1526018474720949,-1,False,10,3,-1
0.3172677249935252,0.1424619550147613,-1,False,10,3,-1
0.3469657664236675,0.1381624231352656,-1,False,10,3,-1
0.3099236187475852,0.0973788513921284,-1,False,10,3,-1
0.3313785138985008,0.1159199030049965,-1,False,10,3,-1
0.2994832908049539,0.1329494853936616,-1,False,10,3,-1
0.3202588640889232,0.1220386348931913,-1,False,10,3,-1
0.3141810562605878,0.0561701109679383,-1,False,10,3,-1
0.3104076355777845,0.1022710096940634,-1,False,10,3,-1
0.3248283650845543,0.1652144600847075,-1,False,10,3,-1
0.3618110720972789,0.1086061317805433,-1,False,10,3,-1
0.3461792390745938,0.1057071555562804,-1,False,10,3,-1
0.3188301652875017,0.1526018474720949,-1,False,10,3,-1
0.3172677249935252,0.1424619550147613,-1,False,10,3,-1
0.3469657664236675,0.1381624231352656,-1,False,10,3,-1
0.3099236187475852,0.0973788513921284,-1,False,10,3,-1
0.3313785138985008,0.1159199030049965,-1,False,10,3,-1
0.2994832908049539,0.1329494853936616,-1,False,10,3,-1
0.3202588640889232,0.1220386348931913,-1,False,10,3,-1
0.3141810562605878,0.0561701109679383,-1,False,10,3,-1
0.3104076355777845,0.1022710096940634,-1,False,10,3,-1
0.3248283650845543,0.1652144600847075,-1,False,10,3,-1
0.3618110720972789,0.1086061317805433,-1,False,10,3,-1
0.3461792390745938,0.1057071555562804,-1,False,10,3,-1
0.3188301652875017,0.1526018474720949,-1,False,10,3,-1
0.3172677249935252,0.1424619550147613,12,True,10,3,-1
0.3469657664236675,0.1381624231352656,12,True,10,3,-1
0.3099236187475852,0.0973788513921284,12,True,10,3,-1
0.3313785138985008,0.1159199030049965,12,True,10,3,-1
0.2994832908049539,0.1329494853936616,12,True,10,3,-1
0.3202588640889232,0.1220386348931913,12,True,10,3,-1
0.3141810562605878,0.0561701109679383,12,True,10,3,-1
0.3104076355777845,0.1022710096940634,12,True,10,3,-1
0.3248283650845543,0.1652144600847075,12,True,10,3,-1
0.3618110720972789,0.1086061317805433,12,True,10,3,-1
0.3461792390745938,0.1057071555562804,12,True,10,3,-1
0.3188301652875017,0.1526018474720949,12,True,10,3,-1
0.3172677249935252,0.1424619550147613,12,True,10,3,-1
0.3469657664236675,0.1381624231352656,12,True,10,3,-1
0.3099236187475852,0.0973788513921284,12,True,10,3,-1
0.3313785138985008,0.1159199030049965,12,True,10,3,-1
0.2994832908049539,0.1329494853936616,12,True,10,3,-1
0.3202588640889232,0.1220386348931913,12,True,10,3,-1
0.3141810562605878,0.0561701109679383,12,True,10,3,-1
0.3104076355777845,0.1022710096940634,12,True,10,3,-1
0.3248283650845543,0.1652144600847075,12,True,10,3,-1
0.3618110720972789,0.1086061317805433,12,True,10,3,-1
0.3461792390745938,0.1057071555562804,12,True,10,3,-1
0.3188301652875017,0.1526018474720949,12,True,10,3,-1
0.3172677249935252,0.1424619550147613,-1,False,10,3,-1
0.3469657664236675,0.1381624231352656,-1,False,10,3,-1
0.3099236187475852,0.0973788513921284,-1,False,10,3,-1
0.3313785138985008,0.1159199030049965,-1,False,10,3,-1
0.2994832908049539,0.1329494853936616,-1,False,10,3,-1
0.3202588640889232,0.1220386348931913,-1,False,10,3,-1
0.3141810562605878,0.0561701109679383,-1,False,10,3,-1
0.3104076355777845,0.1022710096940634,-1,False,10,3,-1
0.3248283650845543,0.1652144600847075,-1,False,10,3,-1
0.3618110720972789,0.1086061317805433,-1,False,10,3,-1
0.3461792390745938,0.1057071555562804,-1,False,10,3,-1
0.3188301652875017,0.1526018474720949,-1,False,10,3,-1
0.3172677249935252,0.1424619550147613,-1,False,10,3,-1
0.3469657664236675,0.1381624231352656,-1,False,10,3,-1
0.3099236187475852,0.0973788513921284,-1,False,10,3,-1
0.3313785138985008,0.1159199030049965,-1,False,10,3,-1
0.2994832908049539,0.1329494853936616,-1,False,10,3,-1
0.3202588640889232,0.1220386348931913,-1,False,10,3,-1
0.3141810562605878,0.0561701109679383,-1,False,10,3,-1
0.3104076355777845,0.1022710096940634,-1,False,10,3,-1
0.3248283650845543,0.1652144600847075,-1,False,10,3,-1
0.3618110720972789,0.1086061317805433,-1,False,10,3,-1
0.3461792390745938,0.1057071555562804,-1,False,10,3,-1
0.3188301652875017,0.1526018474720949,-1,False,10,3,-1
0.3172677249935252,0.1424619550147613,-1,False,10,3,-1
0.3469657664236675,0.1381624231352656,-1,False,10,3,-1
0.3099236187475852,0.0973788513921284,-1,False,10,3,-1
0.3313785138985008,0.1159199030049965,-1,False,10,3,-1
0.2994832908049539,0.1329494853936616,-1,False,10,3,-1
0.3202588640889232,0.1220386348931913,-1,False,10,3,-1
0.3141810562605878,0.0561701109679383,-1,False,10,3,-1
0.3104076355777845,0.1022710096940634,-1,False,10,3,-1
0.3248283650845543,0.1652144600847075,-1,False,10,3,-1
0.3618110720972789,0.1086061317805433,-1,False,10,3,-1
0.3461792390745938,0.1057071555562804,-1,False,10,3,-1
0.3188301652875017,0.1526018474720949,-1,False,10,3,-1
0.4179039523795371,0.3886280970167512,-1,False,13,4,-1
0.3417201278823414,0.4067211448020138,-1,False,13,4,-1
0.4298578943569581,0.3938290734911133,-1,False,13,4,-1
0.4063639721647865,0.3930842127583226,-1,False,13,4,-1
0.4238151140623872,0.402914199655298,-1,False,13,4,-1
0.3553341626721125,0.3345229357299363,-1,False,13,4,-1
0.414860802703701,0.324266692763977,-1,False,13,4,-1
0.4024822845594385,0.3837620360251622,-1,False,13,4,-1
0.3953048244589838,0.385323525094195,-1,False,13,4,-1
0.3546336119968242,0.3793309302060056,-1,False,13,4,-1
0.4156982791927958,0.4302826664926846,-1,False,13,4,-1
0.4005058825027915,0.3471388105063422,-1,False,13,4,-1
0.4179039523795371,0.3886280970167512,-1,False,13,4,-1
0.3417201278823414,0.4067211448020138,-1,False,13,4,-1
0.4298578943569581,0.3938290734911133,-1,False,13,4,-1
0.4063639721647865,0.3930842127583226,-1,False,13,4,-1
0.4238151140623872,0.402914199655298,-1,False,13,4,-1
0.3553341626721125,0.3345229357299363,-1,False,13,4,-1
0.414860802703701,0.324266692763977,-1,False,13,4,-1
0.4024822845594385,0.3837620360251622,-1,False,13,4,-1
0.3953048244589838,0.385323525094195,-1,False,13,4,-1
0.3546336119968242,0.3793309302060056,-1,False,13,4,-1
0.4156982791927958,0.4302826664926846,-1,False,13,4,-1
0.4005058825027915,0.3471388105063422,-1,False,13,4,-1
0.4179039523795371,0.3886280970167512,-1,False,13,4,-1
0.3417201278823414,0.4067211448020138,-1,False,13,4,-1
0.4298578943569581,0.3938290734911133,-1,False,13,4,-1
0.4063639721647865,0.3930842127583226,-1,False,13,4,-1
0.4238151140623872,0.402914199655298,-1,False,13,4,-1
0.3553341626721125,0.3345229357299363,-1,False,13,4,-1
0.414860802703701,0.324266692763977,-1,False,13,4,-1
0.4024822845594385,0.3837620360251622,-1,False,13,4,-1
0.3953048244589838,0.385323525094195,-1,False,13,4,-1
0.3546336119968242,0.3793309302060056,-1,False,13,4,-1
0.4156982791927958,0.4302826664926846,-1,False,13,4,-1
0.4005058825027915,0.3471388105063422,-1,False,13,4,-1
0.4179039523795371,0.3886280970167512,12,True,13,4,-1
0.3417201278823414,0.4067211448020138,12,True,13,4,-1
0.4298578943569581,0.3938290734911133,12,True,13,4,-1
0.4063639721647865,0.3930842127583226,12,True,13,4,-1
0.4238151140623872,0.402914199655298,12,True,13,4,-1
0.3553341626721125,0.3345229357299363,12,True,13,4,-1
0.414860802703701,0.324266692763977,12,True,13,4,-1
0.4024822845594385,0.3837620360251622,12,True,13,4,-1
0.3953048244589838,0.385323525094195,12,True,13,4,-1
0.3546336119968242,0.3793309302060056,12,True,13,4,-1
0.4156982791927958,0.4302826664926846,12,True,13,4,-1
0.4005058825027915,0.3471388105063422,12,True,13,4,-1
0.4179039523795371,0.3886280970167512,12,False,13,4,-1
0.3417201278823414,0.4067211448020138,12,False,13,4,-1
0.4298578943569581,0.3938290734911133,12,False,13,4,-1
0.4063639721647865,0.3930842127583226,12,False,13,4,-1
0.4238151140623872,0.402914199655298,12,False,13,4,-1
0.3553341626721125,0.3345229357299363,12,False,13,4,-1
0.414860802703701,0.324266692763977,12,False,13,4,-1
0.4024822845594385,0.3837620360251622,12,False,13,4,-1
0.3953048244589838,0.385323525094195,12,False,13,4,-1
0.3546336119968242,0.3793309302060056,12,False,13,4,-1
0.4156982791927958,0.4302826664926846,12,False,13,4,-1
0.4005058825027915,0.3471388105063422,12,False,13,4,-1
0.4179039523795371,0.3886280970167512,12,False,13,4,-1
0.3417201278823414,0.4067211448020138,12,False,13,4,-1
0.4298578943569581,0.3938290734911133,12,False,13,4,-1
0.4063639721647865,0.3930842127583226,12,False,13,4,-1
0.4238151140623872,0.402914199655298,12,False,13,4,-1
0.3553341626721125,0.3345229357299363,12,False,13,4,-1
0.414860802703701,0.324266692763977,12,False,13,4,-1
0.4024822845594385,0.3837620360251622,12,False,13,4,-1
0.3953048244589838,0.385323525094195,12,False,13,4,-1
0.3546336119968242,0.3793309302060056,12,False,13,4,-1
0.4156982791927958,0.4302826664926846,12,False,13,4,-1
0.4005058825027915,0.3471388105063422,12,False,13,4,-1
0.4179039523795371,0.3886280970167512,12,False,13,4,-1
0.3417201278823414,0.4067211448020138,12,False,13,4,-1
0.4298578943569581,0.3938290734911133,12,False,13,4,-1
0.4063639721647865,0.3930842127583226,12,False,13,4,-1
0.4238151140623872,0.402914199655298,12,False,13,4,-1
0.3553341626721125,0.3345229357299363,12,False,13,4,-1
0.414860802703701,0.324266692763977,12,False,13,4,-1
0.4024822845594385,0.3837620360251622,12,False,13,4,-1
0.3953048244589838,0.385323525094195,12,False,13,4,-1
0.3546336119968242,0.3793309302060056,12,False,13,4,-1
0.4156982791927958,0.4302826664926846,12,False,13,4,-1
0.4005058825027915,0.3471388105063422,12,False,13,4,-1
0.4179039523795371,0.3886280970167512,12,False,13,4,-1
0.3417201278823414,0.4067211448020138,12,False,13,4,-1
0.4298578943569581,0.3938290734911133,12,False,13,4,-1
0.4063639721647865,0.3930842127583226,12,False,13,4,-1
0.4238151140623872,0.402914199655298,12,False,13,4,-1
0.3553341626721125,0.3345229357299363,12,False,13,4,-1
0.414860802703701,0.324266692763977,12,False,13,4,-1
0.4024822845594385,0.3837620360251622,12,False,13,4,-1
0.3953048244589838,0.385323525094195,12,False,13,4,-1
0.3546336119968242,0.3793309302060056,12,False,13,4,-1
0.4156982791927958,0.4302826664926846,12,False,13,4,-1
0.4005058825027915,0.3471388105063422,12,False,13,4,-1
0.4179039523795371,0.3886280970167512,12,False,13,4,-1
0.3417201278823414,0.4067211448020138,12,False,13,4,-1
0.4298578943569581,0.3938290734911133,12,False,13,4,-1
0.4063639721647865,0.3930842127583226,12,False,13,4,-1
0.4238151140623872,0.402914199655298,12,False,13,4,-1
0.3553341626721125,0.3345229357299363,12,False,13,4,-1
0.414860802703701,0.324266692763977,12,False,13,4,-1
0.4024822845594385,0.3837620360251622,12,False,13,4,-1
0.3953048244589838,0.385323525094195,12,False,13,4,-1
0.3546336119968242,0.3793309302060056,12,False,13,4,-1
0.4156982791927958,0.4302826664926846,12,False,13,4,-1
0.4005058825027915,0.3471388105063422,12,False,13,4,-1
0.4179039523795371,0.3886280970167512,12,False,13,4,-1
0.3417201278823414,0.4067211448020138,12,False,13,4,-1
0.4298578943569581,0.3938290734911133,12,False,13,4,-1
0.4063639721647865,0.3930842127583226,12,False,13,4,-1
0.4238151140623872,0.402914199655298,12,False,13,4,-1
0.3553341626721125,0.3345229357299363,12,False,13,4,-1
0.414860802703701,0.324266692763977,12,False,13,4,-1
0.4024822845594385,0.3837620360251622,12,False,13,4,-1
0.3953048244589838,0.385323525094195,12,False,13,4,-1
0.3546336119968242,0.3793309302060056,12,False,13,4,-1
0.4156982791927958,0.4302826664926846,12,False,13,4,-1
0.4005058825027915,0.3471388105063422,12,False,13,4,-1
0.4179039523795371,0.3886280970167512,12,False,13,4,-1
0.3417201278823414,0.4067211448020138,12,False,13,4,-1
0.4298578943569581,0.3938290734911133,12,False,13,4,-1
0.4063639721647865,0.3930842127583226,12,False,13,4,-1
0.4238151140623872,0.402914199655298,12,False,13,4,-1
0.3553341626721125,0.3345229357299363,12,False,13,4,-1
0.414860802703701,0.324266692763977,12,False,13,4,-1
0.4024822845594385,0.3837620360251622,12,False,13,4,-1
0.3953048244589838,0.385323525094195,12,False,13,4,-1
0.3546336119968242,0.3793309302060056,12,False,13,4,-1
0.4156982791927958,0.4302826664926846,12,False,13,4,-1
0.4005058825027915,0.3471388105063422,12,False,13,4,-1
0.4179039523795371,0.3886280970167512,12,False,13,4,-1
0.3417201278823414,0.4067211448020138,12,False,13,4,-1
0.4298578943569581,0.3938290734911133,12,False,13,4,-1
0.4063639721647865,0.3930842127583226,12,False,13,4,-1
0.4238151140623872,0.402914199655298,12,False,13,4,-1
0.3553341626721125,0.3345229357299363,12,False,13,4,-1
0.414860802703701,0.324266692763977,12,False,13,4,-1
0.4024822845594385,0.3837620360251622,12,False,13,4,-1
0.3953048244589838,0.385323525094195,12,False,13,4,-1
0.3546336119968242,0.3793309302060056,12,False,13,4,-1
0.4156982791927958,0.4302826664926846,12,False,13,4,-1
0.4005058825027915,0.3471388105063422,12,False,13,4,-1
0.4179039523795371,0.3886280970167512,12,False,13,4,-1
0.3417201278823414,0.4067211448020138,12,False,13,4,-1
0.4298578943569581,0.3938290734911133,12,False,13,4,-1
0.4063639721647865,0.3930842127583226,12,False,13,4,-1
0.4238151140623872,0.402914199655298,12,False,13,4,-1
0.3553341626721125,0.3345229357299363,12,False,13,4,-1
0.414860802703701,0.324266692763977,12,False,13,4,-1
0.4024822845594385,0.3837620360251622,12,False,13,4,-1
0.3953048244589838,0.385323525094195,12,False,13,4,-1
0.3546336119968242,0.3793309302060056,12,False,13,4,-1
0.4156982791927958,0.4302826664926846,12,False,13,4,-1
0.4005058825027915,0.3471388105063422,12,False,13,4,-1
0.4179039523795371,0.3886280970167512,12,False,13,4,-1
0.3417201278823414,0.4067211448020138,12,False,13,4,-1
0.4298578943569581,0.3938290734911133,12,False,13,4,-1
0.4063639721647865,0.3930842127583226,12,False,13,4,-1
0.4238151140623872,0.402914199655298,12,False,13,4,-1
0.3553341626721125,0.3345229357299363,12,False,13,4,-1
0.414860802703701,0.324266692763977,12,False,13,4,-1
0.4024822845594385,0.3837620360251622,12,False,13,4,-1
0.3953048244589838,0.385323525094195,12,False,13,4,-1
0.3546336119968242,0.3793309302060056,12,False,13,4,-1
0.4156982791927958,0.4302826664926846,12,False,13,4,-1
0.4005058825027915,0.3471388105063422,12,False,13,4,-1
0.4179039523795371,0.3886280970167512,12,False,13,4,-1
0.3417201278823414,0.4067211448020138,12,False,13,4,-1
0.4298578943569581,0.3938290734911133,12,False,13,4,-1
0.4063639721647865,0.3930842127583226,12,False,13,4,-1
0.4238151140623872,0.402914199655298,12,False,13,4,-1
0.3553341626721125,0.3345229357299363,12,False,13,4,-1
0.414860802703701,0.324266692763977,12,False,13,4,-1
0.4024822845594385,0.3837620360251622,12,False,13,4,-1
0.3953048244589838,0.385323525094195,12,False,13,4,-1
0.3546336119968242,0.3793309302060056,12,False,13,4,-1
0.4156982791927958,0.4302826664926846,12,False,13,4,-1
0.4005058825027915,0.3471388105063422,12,False,13,4,-1
0.4179039523795371,0.3886280970167512,12,False,13,4,-1
0.3417201278823414,0.4067211448020138,12,False,13,4,-1
0.4298578943569581,0.3938290734911133,12,False,13,4,-1
0.4063639721647865,0.3930842127583226,12,False,13,4,-1
0.4238151140623872,0.402914199655298,12,False,13,4,-1
0.3553341626721125,0.3345229357299363,12,False,13,4,-1
0.414860802703701,0.324266692763977,12,False,13,4,-1
0.4024822845594385,0.3837620360251622,12,False,13,4,-1
0.3953048244589838,0.385323525094195,12,False,13,4,-1
0.3546336119968242,0.3793309302060056,12,False,13,4,-1
0.4156982791927958,0.4302826664926846,12,False,13,4,-1
0.4005058825027915,0.3471388105063422,12,False,13,4,-1
0.4179039523795371,0.3886280970167512,12,False,13,4,-1
0.3417201278823414,0.4067211448020138,12,False,13,4,-1
0.4298578943569581,0.3938290734911133,12,False,13,4,-1
0.4063639721647865,0.3930842127583226,12,False,13,4,-1
0.4238151140623872,0.402914199655298,12,False,13,4,-1
0.3553341626721125,0.3345229357299363,12,False,13,4,-1
0.414860802703701,0.324266692763977,12,False,13,4,-1
0.4024822845594385,0.3837620360251622,12,False,13,4,-1
0.3953048244589838,0.385323525094195,12,False,13,4,-1
0.3546336119968242,0.3793309302060056,12,False,13,4,-1
0.4156982791927958,0.4302826664926846,12,False,13,4,-1
0.4005058825027915,0.3471388105063422,12,False,13,4,-1
0.4179039523795371,0.3886280970167512,12,True,13,4,-1
0.3417201278823414,0.4067211448020138,12,True,13,4,-1
0.4298578943569581,0.3938290734911133,12,True,13,4,-1
0.4063639721647865,0.3930842127583226,12,True,13,4,-1
0.4238151140623872,0.402914199655298,12,True,13,4,-1
0.3553341626721125,0.3345229357299363,12,True,13,4,-1
0.414860802703701,0.324266692763977,12,True,13,4,-1
0.4024822845594385,0.3837620360251622,12,True,13,4,-1
0.3953048244589838,0.385323525094195,12,True,13,4,-1
0.3546336119968242,0.3793309302060056,12,True,13,4,-1
0.4156982791927958,0.4302826664926846,12,True,13,4,-1
0.4005058825027915,0.3471388105063422,12,True,13,4,-1
0.4179039523795371,0.3886280970167512,12,True,13,4,-1
0.3417201278823414,0.4067211448020138,12,True,13,4,-1
0.4298578943569581,0.3938290734911133,12,True,13,4,-1
0.4063639721647865,0.3930842127583226,12,True,13,4,-1
0.4238151140623872,0.402914199655298,12,True,13,4,-1
0.3553341626721125,0.3345229357299363,12,True,13,4,-1
0.414860802703701,0.324266692763977,12,True,13,4,-1
0.4024822845594385,0.3837620360251622,12,True,13,4,-1
0.3953048244589838,0.385323525094195,12,True,13,4,-1
0.3546336119968242,0.3793309302060056,12,True,13,4,-1
0.4156982791927958,0.4302826664926846,12,True,13,4,-1
0.4005058825027915,0.3471388105063422,12,True,13,4,-1
0.4179039523795371,0.3886280970167512,12,False,13,4,-1
0.3417201278823414,0.4067211448020138,12,False,13,4,-1
0.4298578943569581,0.3938290734911133,12,False,13,4,-1
0.4063639721647865,0.3930842127583226,12,False,13,4,-1
0.4238151140623872,0.402914199655298,12,False,13,4,-1
0.3553341626721125,0.3345229357299363,12,False,13,4,-1
0.414860802703701,0.324266692763977,12,False,13,4,-1
0.4024822845594385,0.3837620360251622,12,False,13,4,-1
0.3953048244589838,0.385323525094195,12,False,13,4,-1
0.3546336119968242,0.3793309302060056,12,False,13,4,-1
0.4156982791927958,0.4302826664926846,12,False,13,4,-1
0.4005058825027915,0.3471388105063422,12,False,13,4,-1
0.4179039523795371,0.3886280970167512,12,False,13,4,-1
0.3417201278823414,0.4067211448020138,12,False,13,4,-1
0.4298578943569581,0.3938290734911133,12,False,13,4,-1
0.4063639721647865,0.3930842127583226,12,False,13,4,-1
0.4238151140623872,0.402914199655298,12,False,13,4,-1
0.3553341626721125,0.3345229357299363,12,False,13,4,-1
0.414860802703701,0.324266692763977,12,False,13,4,-1
0.4024822845594385,0.3837620360251622,12,False,13,4,-1
0.3953048244589838,0.385323525094195,12,False,13,4,-1
0.3546336119968242,0.3793309302060056,12,False,13,4,-1
0.4156982791927958,0.4302826664926846,12,False,13,4,-1
0.4005058825027915,0.3471388105063422,12,False,13,4,-1
0.4179039523795371,0.3886280970167512,12,True,13,4,-1
0.3417201278823414,0.4067211448020138,12,True,13,4,-1
0.4298578943569581,0.3938290734911133,12,True,13,4,-1
0.4063639721647865,0.3930842127583226,12,True,13,4,-1
0.4238151140623872,0.402914199655298,12,True,13,4,-1
0.3553341626721125,0.3345229357299363,12,True,13,4,-1
0.414860802703701,0.324266692763977,12,True,13,4,-1
0.4024822845594385,0.3837620360251622,12,True,13,4,-1
0.3953048244589838,0.385323525094195,12,True,13,4,-1
0.3546336119968242,0.3793309302060056,12,True,13,4,-1
0.4156982791927958,0.4302826664926846,12,True,13,4,-1
0.4005058825027915,0.3471388105063422,12,True,13,4,-1
0.4179039523795371,0.3886280970167512,12,True,13,4,-1
0.3417201278823414,0.4067211448020138,12,True,13,4,-1
0.4298578943569581,0.3938290734911133,12,True,13,4,-1
0.4063639721647865,0.3930842127583226,12,True,13,4,-1
0.4238151140623872,0.402914199655298,12,True,13,4,-1
0.3553341626721125,0.3345229357299363,12,True,13,4,-1
0.414860802703701,0.324266692763977,12,True,13,4,-1
0.4024822845594385,0.3837620360251622,12,True,13,4,-1
0.3953048244589838,0.385323525094195,12,True,13,4,-1
0.3546336119968242,0.3793309302060056,12,True,13,4,-1
0.4156982791927958,0.4302826664926846,12,True,13,4,-1
0.4005058825027915,0.3471388105063422,12,True,13,4,-1
0.4179039523795371,0.3886280970167512,12,True,13,4,-1
0.3417201278823414,0.4067211448020138,12,True,13,4,-1
0.4298578943569581,0.3938290734911133,12,True,13,4,-1
0.4063639721647865,0.3930842127583226,12,True,13,4,-1
0.4238151140623872,0.402914199655298,12,True,13,4,-1
0.3553341626721125,0.3345229357299363,12,True,13,4,-1
0.414860802703701,0.324266692763977,12,True,13,4,-1
0.4024822845594385,0.3837620360251622,12,True,13,4,-1
0.3953048244589838,0.385323525094195,12,True,13,4,-1
0.3546336119968242,0.3793309302060056,12,True,13,4,-1
0.4156982791927958,0.4302826664926846,12,True,13,4,-1
0.4005058825027915,0.3471388105063422,12,True,13,4,-1
0.4179039523795371,0.3886280970167512,12,False,13,4,-1
0.3417201278823414,0.4067211448020138,12,False,13,4,-1
0.4298578943569581,0.3938290734911133,12,False,13,4,-1
0.4063639721647865,0.3930842127583226,12,False,13,4,-1
0.4238151140623872,0.402914199655298,12,False,13,4,-1
0.3553341626721125,0.3345229357299363,12,False,13,4,-1
0.414860802703701,0.324266692763977,12,False,13,4,-1
0.4024822845594385,0.3837620360251622,12,False,13,4,-1
0.3953048244589838,0.385323525094195,12,False,13,4,-1
0.3546336119968242,0.3793309302060056,12,False,13,4,-1
0.4156982791927958,0.4302826664926846,12,False,13,4,-1
0.4005058825027915,0.3471388105063422,12,False,13,4,-1
0.4179039523795371,0.3886280970167512,-1,False,13,4,-1
0.3417201278823414,0.4067211448020138,-1,False,13,4,-1
0.4298578943569581,0.3938290734911133,-1,False,13,4,-1
0.4063639721647865,0.3930842127583226,-1,False,13,4,-1
0.4238151140623872,0.402914199655298,-1,False,13,4,-1
0.3553341626721125,0.3345229357299363,-1,False,13,4,-1
0.414860802703701,0.324266692763977,-1,False,13,4,-1
0.4024822845594385,0.3837620360251622,-1,False,13,4,-1
0.3953048244589838,0.385323525094195,-1,False,13,4,-1
0.3546336119968242,0.3793309302060056,-1,False,13,4,-1
0.4156982791927958,0.4302826664926846,-1,False,13,4,-1
0.4005058825027915,0.3471388105063422,-1,False,13,4,-1
0.4179039523795371,0.3886280970167512,-1,False,13,4,-1
0.3417201278823414,0.4067211448020138,-1,False,13,4,-1
0.4298578943569581,0.3938290734911133,-1,False,13,4,-1
0.4063639721647865,0.3930842127583226,-1,False,13,4,-1
0.4238151140623872,0.402914199655298,-1,False,13,4,-1
0.3553341626721125,0.3345229357299363,-1,False,13,4,-1
0.414860802703701,0.324266692763977,-1,False,13,4,-1
0.4024822845594385,0.3837620360251622,-1,False,13,4,-1
0.3953048244589838,0.385323525094195,-1,False,13,4,-1
0.3546336119968242,0.3793309302060056,-1,False,13,4,-1
0.4156982791927958,0.4302826664926846,-1,False,13,4,-1
0.4005058825027915,0.3471388105063422,-1,False,13,4,-1
0.4179039523795371,0.3886280970167512,-1,False,13,4,-1
0.3417201278823414,0.4067211448020138,-1,False,13,4,-1
0.4298578943569581,0.3938290734911133,-1,False,13,4,-1
0.4063639721647865,0.3930842127583226,-1,False,13,4,-1
0.4238151140623872,0.402914199655298,-1,False,13,4,-1
0.3553341626721125,0.3345229357299363,-1,False,13,4,-1
0.414860802703701,0.324266692763977,-1,False,13,4,-1
0.4024822845594385,0.3837620360251622,-1,False,13,4,-1
0.3953048244589838,0.385323525094195,-1,False,13,4,-1
0.3546336119968242,0.3793309302060056,-1,False,13,4,-1
0.4156982791927958,0.4302826664926846,-1,False,13,4,-1
0.4005058825027915,0.3471388105063422,-1,False,13,4,-1
0.4179039523795371,0.3886280970167512,-1,False,13,4,-1
0.3417201278823414,0.4067211448020138,-1,False,13,4,-1
0.4298578943569581,0.3938290734911133,-1,False,13,4,-1
0.4063639721647865,0.3930842127583226,-1,False,13,4,-1
0.4238151140623872,0.402914199655298,-1,False,13,4,-1
0.3553341626721125,0.3345229357299363,-1,False,13,4,-1
0.414860802703701,0.324266692763977,-1,False,13,4,-1
0.4024822845594385,0.3837620360251622,-1,False,13,4,-1
0.3953048244589838,0.385323525094195,-1,False,13,4,-1
0.3546336119968242,0.3793309302060056,-1,False,13,4,-1
0.4156982791927958,0.4302826664926846,-1,False,13,4,-1
0.4005058825027915,0.3471388105063422,-1,False,13,4,-1
0.4179039523795371,0.3886280970167512,-1,False,13,4,-1
0.3417201278823414,0.4067211448020138,-1,False,13,4,-1
0.4298578943569581,0.3938290734911133,-1,False,13,4,-1
0.4063639721647865,0.3930842127583226,-1,False,13,4,-1
0.4238151140623872,0.402914199655298,-1,False,13,4,-1
0.3553341626721125,0.3345229357299363,-1,False,13,4,-1
0.414860802703701,0.324266692763977,-1,False,13,4,-1
0.4024822845594385,0.3837620360251622,-1,False,13,4,-1
0.3953048244589838,0.385323525094195,-1,False,13,4,-1
0.3546336119968242,0.3793309302060056,-1,False,13,4,-1
0.4156982791927958,0.4302826664926846,-1,False,13,4,-1
0.4005058825027915,0.3471388105063422,-1,False,13,4,-1
0.4179039523795371,0.3886280970167512,-1,False,13,4,-1
0.3417201278823414,0.4067211448020138,-1,False,13,4,-1
0.4298578943569581,0.3938290734911133,-1,False,13,4,-1
0.4063639721647865,0.3930842127583226,-1,False,13,4,-1
0.4238151140623872,0.402914199655298,-1,False,13,4,-1
0.3553341626721125,0.3345229357299363,-1,False,13,4,-1
0.414860802703701,0.324266692763977,-1,False,13,4,-1
0.4024822845594385,0.3837620360251622,-1,False,13,4,-1
0.3953048244589838,0.385323525094195,-1,False,13,4,-1
0.3546336119968242,0.3793309302060056,-1,False,13,4,-1
0.4156982791927958,0.4302826664926846,-1,False,13,4,-1
0.4005058825027915,0.3471388105063422,-1,False,13,4,-1
0.4179039523795371,0.3886280970167512,-1,False,13,4,-1
0.3417201278823414,0.4067211448020138,-1,False,13,4,-1
0.4298578943569581,0.3938290734911133,-1,False,13,4,-1
0.4063639721647865,0.3930842127583226,-1,False,13,4,-1
0.4238151140623872,0.402914199655298,-1,False,13,4,-1
0.3553341626721125,0.3345229357299363,-1,False,13,4,-1
0.414860802703701,0.324266692763977,-1,False,13,4,-1
0.4024822845594385,0.3837620360251622,-1,False,13,4,-1
0.3953048244589838,0.385323525094195,-1,False,13,4,-1
0.3546336119968242,0.3793309302060056,-1,False,13,4,-1
0.4156982791927958,0.4302826664926846,-1,False,13,4,-1
0.4005058825027915,0.3471388105063422,-1,False,13,4,-1
0.4179039523795371,0.3886280970167512,-1,False,13,4,-1
0.3417201278823414,0.4067211448020138,-1,False,13,4,-1
0.4298578943569581,0.3938290734911133,-1,False,13,4,-1
0.4063639721647865,0.3930842127583226,-1,False,13,4,-1
0.4238151140623872,0.402914199655298,-1,False,13,4,-1
0.3553341626721125,0.3345229357299363,-1,False,13,4,-1
0.414860802703701,0.324266692763977,-1,False,13,4,-1
0.4024822845594385,0.3837620360251622,-1,False,13,4,-1
0.3953048244589838,0.385323525094195,-1,False,13,4,-1
0.3546336119968242,0.3793309302060056,-1,False,13,4,-1
0.4156982791927958,0.4302826664926846,-1,False,13,4,-1
0.4005058825027915,0.3471388105063422,-1,False,13,4,-1
0.4179039523795371,0.3886280970167512,-1,False,13,4,-1
0.3417201278823414,0.4067211448020138,-1,False,13,4,-1
0.4298578943569581,0.3938290734911133,-1,False,13,4,-1
0.4063639721647865,0.3930842127583226,-1,False,13,4,-1
0.4238151140623872,0.402914199655298,-1,False,13,4,-1
0.3553341626721125,0.3345229357299363,-1,False,13,4,-1
0.414860802703701,0.324266692763977,-1,False,13,4,-1
0.4024822845594385,0.3837620360251622,-1,False,13,4,-1
0.3953048244589838,0.385323525094195,-1,False,13,4,-1
0.3546336119968242,0.3793309302060056,-1,False,13,4,-1
0.4156982791927958,0.4302826664926846,-1,False,13,4,-1
0.4005058825027915,0.3471388105063422,-1,False,13,4,-1
0.4179039523795371,0.3886280970167512,-1,False,13,4,-1
0.3417201278823414,0.4067211448020138,-1,False,13,4,-1
0.4298578943569581,0.3938290734911133,-1,False,13,4,-1
0.4063639721647865,0.3930842127583226,-1,False,13,4,-1
0.4238151140623872,0.402914199655298,-1,False,13,4,-1
0.3553341626721125,0.3345229357299363,-1,False,13,4,-1
0.414860802703701,0.324266692763977,-1,False,13,4,-1
0.4024822845594385,0.3837620360251622,-1,False,13,4,-1
0.3953048244589838,0.385323525094195,-1,False,13,4,-1
0.3546336119968242,0.3793309302060056,-1,False,13,4,-1
0.4156982791927958,0.4302826664926846,-1,False,13,4,-1
0.4005058825027915,0.3471388105063422,-1,False,13,4,-1
0.4179039523795371,0.3886280970167512,-1,False,13,4,-1
0.3417201278823414,0.4067211448020138,-1,False,13,4,-1
0.4298578943569581,0.3938290734911133,-1,False,13,4,-1
0.4063639721647865,0.3930842127583226,-1,False,13,4,-1
0.4238151140623872,0.402914199655298,-1,False,13,4,-1
0.3553341626721125,0.3345229357299363,-1,False,13,4,-1
0.414860802703701,0.324266692763977,-1,False,13,4,-1
0.4024822845594385,0.3837620360251622,-1,False,13,4,-1
0.3953048244589838,0.385323525094195,-1,False,13,4,-1
0.3546336119968242,0.3793309302060056,-1,False,13,4,-1
0.4156982791927958,0.4302826664926846,-1,False,13,4,-1
0.4005058825027915,0.3471388105063422,-1,False,13,4,-1
0.4179039523795371,0.3886280970167512,-1,False,13,4,-1
0.3417201278823414,0.4067211448020138,-1,False,13,4,-1
0.4298578943569581,0.3938290734911133,-1,False,13,4,-1
0.4063639721647865,0.3930842127583226,-1,False,13,4,-1
0.4238151140623872,0.402914199655298,-1,False,13,4,-1
0.3553341626721125,0.3345229357299363,-1,False,13,4,-1
0.414860802703701,0.324266692763977,-1,False,13,4,-1
0.4024822845594385,0.3837620360251622,-1,False,13,4,-1
0.3953048244589838,0.385323525094195,-1,False,13,4,-1
0.3546336119968242,0.3793309302060056,-1,False,13,4,-1
0.4156982791927958,0.4302826664926846,-1,False,13,4,-1
0.4005058825027915,0.3471388105063422,-1,False,13,4,-1
0.4179039523795371,0.3886280970167512,-1,False,13,4,-1
0.3417201278823414,0.4067211448020138,-1,False,13,4,-1
0.4298578943569581,0.3938290734911133,-1,False,13,4,-1
0.4063639721647865,0.3930842127583226,-1,False,13,4,-1
0.4238151140623872,0.402914199655298,-1,False,13,4,-1
0.3553341626721125,0.3345229357299363,-1,False,13,4,-1
0.414860802703701,0.324266692763977,-1,False,13,4,-1
0.4024822845594385,0.3837620360251622,-1,False,13,4,-1
0.3953048244589838,0.385323525094195,-1,False,13,4,-1
0.3546336119968242,0.3793309302060056,-1,False,13,4,-1
0.4156982791927958,0.4302826664926846,-1,False,13,4,-1
0.4005058825027915,0.3471388105063422,-1,False,13,4,-1
0.4179039523795371,0.3886280970167512,-1,False,13,4,-1
0.3417201278823414,0.4067211448020138,-1,False,13,4,-1
0.4298578943569581,0.3938290734911133,-1,False,13,4,-1
0.4063639721647865,0.3930842127583226,-1,False,13,4,-1
0.4238151140623872,0.402914199655298,-1,False,13,4,-1
0.3553341626721125,0.3345229357299363,-1,False,13,4,-1
0.414860802703701,0.324266692763977,-1,False,13,4,-1
0.4024822845594385,0.3837620360251622,-1,False,13,4,-1
0.3953048244589838,0.385323525094195,-1,False,13,4,-1
0.3546336119968242,0.3793309302060056,-1,False,13,4,-1
0.4156982791927958,0.4302826664926846,-1,False,13,4,-1
0.4005058825027915,0.3471388105063422,-1,False,13,4,-1
0.4179039523795371,0.3886280970167512,-1,False,13,4,-1
0.3417201278823414,0.4067211448020138,-1,False,13,4,-1
0.4298578943569581,0.3938290734911133,-1,False,13,4,-1
0.4063639721647865,0.3930842127583226,-1,False,13,4,-1
0.4238151140623872,0.402914199655298,-1,False,13,4,-1
0.3553341626721125,0.3345229357299363,-1,False,13,4,-1
0.414860802703701,0.324266692763977,-1,False,13,4,-1
0.4024822845594385,0.3837620360251622,-1,False,13,4,-1
0.3953048244589838,0.385323525094195,-1,False,13,4,-1
0.3546336119968242,0.3793309302060056,-1,False,13,4,-1
0.4156982791927958,0.4302826664926846,-1,False,13,4,-1
0.4005058825027915,0.3471388105063422,-1,False,13,4,-1
0.4179039523795371,0.3886280970167512,-1,False,13,4,-1
0.3417201278823414,0.4067211448020138,-1,False,13,4,-1
0.4298578943569581,0.3938290734911133,-1,False,13,4,-1
0.4063639721647865,0.3930842127583226,-1,False,13,4,-1
0.4238151140623872,0.402914199655298,-1,False,13,4,-1
0.3553341626721125,0.3345229357299363,-1,False,13,4,-1
0.414860802703701,0.324266692763977,-1,False,13,4,-1
0.4024822845594385,0.3837620360251622,-1,False,13,4,-1
0.3953048244589838,0.385323525094195,-1,False,13,4,-1
0.3546336119968242,0.3793309302060056,-1,False,13,4,-1
0.4156982791927958,0.4302826664926846,-1,False,13,4,-1
0.4005058825027915,0.3471388105063422,-1,False,13,4,-1
0.4179039523795371,0.3886280970167512,-1,False,13,4,-1
0.3417201278823414,0.4067211448020138,-1,False,13,4,-1
0.4298578943569581,0.3938290734911133,-1,False,13,4,-1
0.4063639721647865,0.3930842127583226,-1,False,13,4,-1
0.4238151140623872,0.402914199655298,-1,False,13,4,-1
0.3553341626721125,0.3345229357299363,-1,False,13,4,-1
0.414860802703701,0.324266692763977,-1,False,13,4,-1
0.4024822845594385,0.3837620360251622,-1,False,13,4,-1
0.3953048244589838,0.385323525094195,-1,False,13,4,-1
0.3546336119968242,0.3793309302060056,-1,False,13,4,-1
0.4156982791927958,0.4302826664926846,-1,False,13,4,-1
0.4005058825027915,0.3471388105063422,-1,False,13,4,-1
0.4179039523795371,0.3886280970167512,-1,False,13,4,-1
0.3417201278823414,0.4067211448020138,-1,False,13,4,-1
0.4298578943569581,0.3938290734911133,-1,False,13,4,-1
0.4063639721647865,0.3930842127583226,-1,False,13,4,-1
0.4238151140623872,0.402914199655298,-1,False,13,4,-1
0.3553341626721125,0.3345229357299363,-1,False,13,4,-1
0.414860802703701,0.324266692763977,-1,False,13,4,-1
0.4024822845594385,0.3837620360251622,-1,False,13,4,-1
0.3953048244589838,0.385323525094195,-1,False,13,4,-1
0.3546336119968242,0.3793309302060056,-1,False,13,4,-1
0.4156982791927958,0.4302826664926846,-1,False,13,4,-1
0.4005058825027915,0.3471388105063422,-1,False,13,4,-1
0.4179039523795371,0.3886280970167512,-1,False,13,4,-1
0.3417201278823414,0.4067211448020138,-1,False,13,4,-1
0.4298578943569581,0.3938290734911133,-1,False,13,4,-1
0.4063639721647865,0.3930842127583226,-1,False,13,4,-1
0.4238151140623872,0.402914199655298,-1,False,13,4,-1
0.3553341626721125,0.3345229357299363,-1,False,13,4,-1
0.414860802703701,0.324266692763977,-1,False,13,4,-1
0.4024822845594385,0.3837620360251622,-1,False,13,4,-1
0.3953048244589838,0.385323525094195,-1,False,13,4,-1
0.3546336119968242,0.3793309302060056,-1,False,13,4,-1
0.4156982791927958,0.4302826664926846,-1,False,13,4,-1
0.4005058825027915,0.3471388105063422,-1,False,13,4,-1
0.4179039523795371,0.3886280970167512,-1,False,13,4,-1
0.3417201278823414,0.4067211448020138,-1,False,13,4,-1
0.4298578943569581,0.3938290734911133,-1,False,13,4,-1
0.4063639721647865,0.3930842127583226,-1,False,13,4,-1
0.4238151140623872,0.402914199655298,-1,False,13,4,-1
0.3553341626721125,0.3345229357299363,-1,False,13,4,-1
0.414860802703701,0.324266692763977,-1,False,13,4,-1
0.4024822845594385,0.3837620360251622,-1,False,13,4,-1
0.3953048244589838,0.385323525094195,-1,False,13,4,-1
0.3546336119968242,0.3793309302060056,-1,False,13,4,-1
0.4156982791927958,0.4302826664926846,-1,False,13,4,-1
0.4005058825027915,0.3471388105063422,-1,False,13,4,-1
0.4179039523795371,0.3886280970167512,-1,False,13,4,-1
0.3417201278823414,0.4067211448020138,-1,False,13,4,-1
0.4298578943569581,0.3938290734911133,-1,False,13,4,-1
0.4063639721647865,0.3930842127583226,-1,False,13,4,-1
0.4238151140623872,0.402914199655298,-1,False,13,4,-1
0.3553341626721125,0.3345229357299363,-1,False,13,4,-1
0.414860802703701,0.324266692763977,-1,False,13,4,-1
0.4024822845594385,0.3837620360251622,-1,False,13,4,-1
0.3953048244589838,0.385323525094195,-1,False,13,4,-1
0.3546336119968242,0.3793309302060056,-1,False,13,4,-1
0.4156982791927958,0.4302826664926846,-1,False,13,4,-1
0.4005058825027915,0.3471388105063422,-1,False,13,4,-1
0.4179039523795371,0.3886280970167512,-1,False,13,4,-1
0.3417201278823414,0.4067211448020138,-1,False,13,4,-1
0.4298578943569581,0.3938290734911133,-1,False,13,4,-1
0.4063639721647865,0.3930842127583226,-1,False,13,4,-1
0.4238151140623872,0.402914199655298,-1,False,13,4,-1
0.3553341626721125,0.3345229357299363,-1,False,13,4,-1
0.414860802703701,0.324266692763977,-1,False,13,4,-1
0.4024822845594385,0.3837620360251622,-1,False,13,4,-1
0.3953048244589838,0.385323525094195,-1,False,13,4,-1
0.3546336119968242,0.3793309302060056,-1,False,13,4,-1
0.4156982791927958,0.4302826664926846,-1,False,13,4,-1
0.4005058825027915,0.3471388105063422,-1,False,13,4,-1
0.4179039523795371,0.3886280970167512,-1,False,13,4,-1
0.3417201278823414,0.4067211448020138,-1,False,13,4,-1
0.4298578943569581,0.3938290734911133,-1,False,13,4,-1
0.4063639721647865,0.3930842127583226,-1,False,13,4,-1
0.4238151140623872,0.402914199655298,-1,False,13,4,-1
0.3553341626721125,0.3345229357299363,-1,False,13,4,-1
0.414860802703701,0.324266692763977,-1,False,13,4,-1
0.4024822845594385,0.3837620360251622,-1,False,13,4,-1
0.3953048244589838,0.385323525094195,-1,False,13,4,-1
0.3546336119968242,0.3793309302060056,-1,False,13,4,-1
0.4156982791927958,0.4302826664926846,-1,False,13,4,-1
0.4005058825027915,0.3471388105063422,-1,False,13,4,-1
0.4179039523795371,0.3886280970167512,-1,False,13,4,-1
0.3417201278823414,0.4067211448020138,-1,False,13,4,-1
0.4298578943569581,0.3938290734911133,-1,False,13,4,-1
0.4063639721647865,0.3930842127583226,-1,False,13,4,-1
0.4238151140623872,0.402914199655298,-1,False,13,4,-1
0.3553341626721125,0.3345229357299363,-1,False,13,4,-1
0.414860802703701,0.324266692763977,-1,False,13,4,-1
0.4024822845594385,0.3837620360251622,-1,False,13,4,-1
0.3953048244589838,0.385323525094195,-1,False,13,4,-1
0.3546336119968242,0.3793309302060056,-1,False,13,4,-1
0.4156982791927958,0.4302826664926846,-1,False,13,4,-1
0.4005058825027915,0.3471388105063422,-1,False,13,4,-1
0.4179039523795371,0.3886280970167512,-1,False,13,4,-1
0.3417201278823414,0.4067211448020138,-1,False,13,4,-1
0.4298578943569581,0.3938290734911133,-1,False,13,4,-1
0.4063639721647865,0.3930842127583226,-1,False,13,4,-1
0.4238151140623872,0.402914199655298,-1,False,13,4,-1
0.3553341626721125,0.3345229357299363,-1,False,13,4,-1
0.414860802703701,0.324266692763977,-1,False,13,4,-1
0.4024822845594385,0.3837620360251622,-1,False,13,4,-1
0.3953048244589838,0.385323525094195,-1,False,13,4,-1
0.3546336119968242,0.3793309302060056,-1,False,13,4,-1
0.4156982791927958,0.4302826664926846,-1,False,13,4,-1
0.4005058825027915,0.3471388105063422,-1,False,13,4,-1
0.4179039523795371,0.3886280970167512,-1,False,13,4,-1
0.3417201278823414,0.4067211448020138,-1,False,13,4,-1
0.4298578943569581,0.3938290734911133,-1,False,13,4,-1
0.4063639721647865,0.3930842127583226,-1,False,13,4,-1
0.4238151140623872,0.402914199655298,-1,False,13,4,-1
0.3553341626721125,0.3345229357299363,-1,False,13,4,-1
0.414860802703701,0.324266692763977,-1,False,13,4,-1
0.4024822845594385,0.3837620360251622,-1,False,13,4,-1
0.3953048244589838,0.385323525094195,-1,False,13,4,-1
0.3546336119968242,0.3793309302060056,-1,False,13,4,-1
0.4156982791927958,0.4302826664926846,-1,False,13,4,-1
0.4005058825027915,0.3471388105063422,-1,False,13,4,-1
0.4179039523795371,0.3886280970167512,-1,False,13,4,-1
0.3417201278823414,0.4067211448020138,-1,False,13,4,-1
0.4298578943569581,0.3938290734911133,-1,False,13,4,-1
0.4063639721647865,0.3930842127583226,-1,False,13,4,-1
0.4238151140623872,0.402914199655298,-1,False,13,4,-1
0.3553341626721125,0.3345229357299363,-1,False,13,4,-1
0.414860802703701,0.324266692763977,-1,False,13,4,-1
0.4024822845594385,0.3837620360251622,-1,False,13,4,-1
0.3953048244589838,0.385323525094195,-1,False,13,4,-1
0.3546336119968242,0.3793309302060056,-1,False,13,4,-1
0.4156982791927958,0.4302826664926846,-1,False,13,4,-1
0.4005058825027915,0.3471388105063422,-1,False,13,4,-1
0.4179039523795371,0.3886280970167512,-1,False,13,4,-1
0.3417201278823414,0.4067211448020138,-1,False,13,4,-1
0.4298578943569581,0.3938290734911133,-1,False,13,4,-1
0.4063639721647865,0.3930842127583226,-1,False,13,4,-1
0.4238151140623872,0.402914199655298,-1,False,13,4,-1
0.3553341626721125,0.3345229357299363,-1,False,13,4,-1
0.414860802703701,0.324266692763977,-1,False,13,4,-1
0.4024822845594385,0.3837620360251622,-1,False,13,4,-1
0.3953048244589838,0.385323525094195,-1,False,13,4,-1
0.3546336119968242,0.3793309302060056,-1,False,13,4,-1
0.4156982791927958,0.4302826664926846,-1,False,13,4,-1
0.4005058825027915,0.3471388105063422,-1,False,13,4,-1
0.4179039523795371,0.3886280970167512,-1,False,13,4,-1
0.3417201278823414,0.4067211448020138,-1,False,13,4,-1
0.4298578943569581,0.3938290734911133,-1,False,13,4,-1
0.4063639721647865,0.3930842127583226,-1,False,13,4,-1
0.4238151140623872,0.402914199655298,-1,False,13,4,-1
0.3553341626721125,0.3345229357299363,-1,False,13,4,-1
0.414860802703701,0.324266692763977,-1,False,13,4,-1
0.4024822845594385,0.3837620360251622,-1,False,13,4,-1
0.3953048244589838,0.385323525094195,-1,False,13,4,-1
0.3546336119968242,0.3793309302060056,-1,False,13,4,-1
0.4156982791927958,0.4302826664926846,-1,False,13,4,-1
0.4005058825027915,0.3471388105063422,-1,False,13,4,-1
0.4179039523795371,0.3886280970167512,-1,False,13,4,-1
0.3417201278823414,0.4067211448020138,-1,False,13,4,-1
0.4298578943569581,0.3938290734911133,-1,False,13,4,-1
0.4063639721647865,0.3930842127583226,-1,False,13,4,-1
0.4238151140623872,0.402914199655298,-1,False,13,4,-1
0.3553341626721125,0.3345229357299363,-1,False,13,4,-1
0.414860802703701,0.324266692763977,-1,False,13,4,-1
0.4024822845594385,0.3837620360251622,-1,False,13,4,-1
0.3953048244589838,0.385323525094195,-1,False,13,4,-1
0.3546336119968242,0.3793309302060056,-1,False,13,4,-1
0.4156982791927958,0.4302826664926846,-1,False,13,4,-1
0.4005058825027915,0.3471388105063422,-1,False,13,4,-1
0.4179039523795371,0.3886280970167512,-1,False,13,4,-1
0.3417201278823414,0.4067211448020138,-1,False,13,4,-1
0.4298578943569581,0.3938290734911133,-1,False,13,4,-1
0.4063639721647865,0.3930842127583226,-1,False,13,4,-1
0.4238151140623872,0.402914199655298,-1,False,13,4,-1
0.3553341626721125,0.3345229357299363,-1,False,13,4,-1
0.414860802703701,0.324266692763977,-1,False,13,4,-1
0.4024822845594385,0.3837620360251622,-1,False,13,4,-1
0.3953048244589838,0.385323525094195,-1,False,13,4,-1
0.3546336119968242,0.3793309302060056,-1,False,13,4,-1
0.4156982791927958,0.4302826664926846,-1,False,13,4,-1
0.4005058825027915,0.3471388105063422,-1,False,13,4,-1
0.4179039523795371,0.3886280970167512,-1,False,13,4,-1
0.3417201278823414,0.4067211448020138,-1,False,13,4,-1
0.4298578943569581,0.3938290734911133,-1,False,13,4,-1
0.4063639721647865,0.3930842127583226,-1,False,13,4,-1
0.4238151140623872,0.402914199655298,-1,False,13,4,-1
0.3553341626721125,0.3345229357299363,-1,False,13,4,-1
0.414860802703701,0.324266692763977,-1,False,13,4,-1
0.4024822845594385,0.3837620360251622,-1,False,13,4,-1
0.3953048244589838,0.385323525094195,-1,False,13,4,-1
0.3546336119968242,0.3793309302060056,-1,False,13,4,-1
0.4156982791927958,0.4302826664926846,-1,False,13,4,-1
0.4005058825027915,0.3471388105063422,-1,False,13,4,-1
0.4179039523795371,0.3886280970167512,-1,False,13,4,-1
0.3417201278823414,0.4067211448020138,-1,False,13,4,-1
0.4298578943569581,0.3938290734911133,-1,False,13,4,-1
0.4063639721647865,0.3930842127583226,-1,False,13,4,-1
0.4238151140623872,0.402914199655298,-1,False,13,4,-1
0.3553341626721125,0.3345229357299363,-1,False,13,4,-1
0.414860802703701,0.324266692763977,-1,False,13,4,-1
0.4024822845594385,0.3837620360251622,-1,False,13,4,-1
0.3953048244589838,0.385323525094195,-1,False,13,4,-1
0.3546336119968242,0.3793309302060056,-1,False,13,4,-1
0.4156982791927958,0.4302826664926846,-1,False,13,4,-1
0.4005058825027915,0.3471388105063422,-1,False,13,4,-1
0.4179039523795371,0.3886280970167512,-1,False,13,4,-1
0.3417201278823414,0.4067211448020138,-1,False,13,4,-1
0.4298578943569581,0.3938290734911133,-1,False,13,4,-1
0.4063639721647865,0.3930842127583226,-1,False,13,4,-1
0.4238151140623872,0.402914199655298,-1,False,13,4,-1
0.3553341626721125,0.3345229357299363,-1,False,13,4,-1
0.414860802703701,0.324266692763977,-1,False,13,4,-1
0.4024822845594385,0.3837620360251622,-1,False,13,4,-1
0.3953048244589838,0.385323525094195,-1,False,13,4,-1
0.3546336119968242,0.3793309302060056,-1,False,13,4,-1
0.4156982791927958,0.4302826664926846,-1,False,13,4,-1
0.4005058825027915,0.3471388105063422,-1,False,13,4,-1
0.4179039523795371,0.3886280970167512,-1,False,13,4,-1
0.3417201278823414,0.4067211448020138,-1,False,13,4,-1
0.4298578943569581,0.3938290734911133,-1,False,13,4,-1
0.4063639721647865,0.3930842127583226,-1,False,13,4,-1
0.4238151140623872,0.402914199655298,-1,False,13,4,-1
0.3553341626721125,0.3345229357299363,-1,False,13,4,-1
0.414860802703701,0.324266692763977,-1,False,13,4,-1
0.4024822845594385,0.3837620360251622,-1,False,13,4,-1
0.3953048244589838,0.385323525094195,-1,False,13,4,-1
0.3546336119968242,0.3793309302060056,-1,False,13,4,-1
0.4156982791927958,0.4302826664926846,-1,False,13,4,-1
0.4005058825027915,0.3471388105063422,-1,False,13,4,-1
0.4179039523795371,0.3886280970167512,-1,False,13,4,-1
0.3417201278823414,0.4067211448020138,-1,False,13,4,-1
0.4298578943569581,0.3938290734911133,-1,False,13,4,-1
0.4063639721647865,0.3930842127583226,-1,False,13,4,-1
0.4238151140623872,0.402914199655298,-1,False,13,4,-1
0.3553341626721125,0.3345229357299363,-1,False,13,4,-1
0.414860802703701,0.324266692763977,-1,False,13,4,-1
0.4024822845594385,0.3837620360251622,-1,False,13,4,-1
0.3953048244589838,0.385323525094195,-1,False,13,4,-1
0.3546336119968242,0.3793309302060056,-1,False,13,4,-1
0.4156982791927958,0.4302826664926846,-1,False,13,4,-1
0.4005058825027915,0.3471388105063422,-1,False,13,4,-1
0.4179039523795371,0.3886280970167512,-1,False,13,4,-1
0.3417201278823414,0.4067211448020138,-1,False,13,4,-1
0.4298578943569581,0.3938290734911133,-1,False,13,4,-1
0.4063639721647865,0.3930842127583226,-1,False,13,4,-1
0.4238151140623872,0.402914199655298,-1,False,13,4,-1
0.3553341626721125,0.3345229357299363,-1,False,13,4,-1
0.414860802703701,0.324266692763977,-1,False,13,4,-1
0.4024822845594385,0.3837620360251622,-1,False,13,4,-1
0.3953048244589838,0.385323525094195,-1,False,13,4,-1
0.3546336119968242,0.3793309302060056,-1,False,13,4,-1
0.4156982791927958,0.4302826664926846,-1,False,13,4,-1
0.4005058825027915,0.3471388105063422,-1,False,13,4,-1
0.4179039523795371,0.3886280970167512,-1,False,13,4,-1
0.3417201278823414,0.4067211448020138,-1,False,13,4,-1
0.4298578943569581,0.3938290734911133,-1,False,13,4,-1
0.4063639721647865,0.3930842127583226,-1,False,13,4,-1
0.4238151140623872,0.402914199655298,-1,False,13,4,-1
0.3553341626721125,0.3345229357299363,-1,False,13,4,-1
0.414860802703701,0.324266692763977,-1,False,13,4,-1
0.4024822845594385,0.3837620360251622,-1,False,13,4,-1
0.3953048244589838,0.385323525094195,-1,False,13,4,-1
0.3546336119968242,0.3793309302060056,-1,False,13,4,-1
0.4156982791927958,0.4302826664926846,-1,False,13,4,-1
0.4005058825027915,0.3471388105063422,-1,False,13,4,-1
0.4179039523795371,0.3886280970167512,-1,False,13,4,-1
0.3417201278823414,0.4067211448020138,-1,False,13,4,-1
0.4298578943569581,0.3938290734911133,-1,False,13,4,-1
0.4063639721647865,0.3930842127583226,-1,False,13,4,-1
0.4238151140623872,0.402914199655298,-1,False,13,4,-1
0.3553341626721125,0.3345229357299363,-1,False,13,4,-1
0.414860802703701,0.324266692763977,-1,False,13,4,-1
0.4024822845594385,0.3837620360251622,-1,False,13,4,-1
0.3953048244589838,0.385323525094195,-1,False,13,4,-1
0.3546336119968242,0.3793309302060056,-1,False,13,4,-1
0.4156982791927958,0.4302826664926846,-1,False,13,4,-1
0.4005058825027915,0.3471388105063422,-1,False,13,4,-1
0.4179039523795371,0.3886280970167512,-1,False,13,4,-1
0.3417201278823414,0.4067211448020138,-1,False,13,4,-1
0.4298578943569581,0.3938290734911133,-1,False,13,4,-1
0.4063639721647865,0.3930842127583226,-1,False,13,4,-1
0.4238151140623872,0.402914199655298,-1,False,13,4,-1
0.3553341626721125,0.3345229357299363,-1,False,13,4,-1
0.414860802703701,0.324266692763977,-1,False,13,4,-1
0.4024822845594385,0.3837620360251622,-1,False,13,4,-1
0.3953048244589838,0.385323525094195,-1,False,13,4,-1
0.3546336119968242,0.3793309302060056,-1,False,13,4,-1
0.4156982791927958,0.4302826664926846,-1,False,13,4,-1
0.4005058825027915,0.3471388105063422,-1,False,13,4,-1
0.4179039523795371,0.3886280970167512,-1,False,13,4,-1
0.3417201278823414,0.4067211448020138,-1,False,13,4,-1
0.4298578943569581,0.3938290734911133,-1,False,13,4,-1
0.4063639721647865,0.3930842127583226,-1,False,13,4,-1
0.4238151140623872,0.402914199655298,-1,False,13,4,-1
0.3553341626721125,0.3345229357299363,-1,False,13,4,-1
0.414860802703701,0.324266692763977,-1,False,13,4,-1
0.4024822845594385,0.3837620360251622,-1,False,13,4,-1
0.3953048244589838,0.385323525094195,-1,False,13,4,-1
0.3546336119968242,0.3793309302060056,-1,False,13,4,-1
0.4156982791927958,0.4302826664926846,-1,False,13,4,-1
0.4005058825027915,0.3471388105063422,-1,False,13,4,-1
0.4179039523795371,0.3886280970167512,-1,False,13,4,-1
0.3417201278823414,0.4067211448020138,-1,False,13,4,-1
0.4298578943569581,0.3938290734911133,-1,False,13,4,-1
0.4063639721647865,0.3930842127583226,-1,False,13,4,-1
0.4238151140623872,0.402914199655298,-1,False,13,4,-1
0.3553341626721125,0.3345229357299363,-1,False,13,4,-1
0.414860802703701,0.324266692763977,-1,False,13,4,-1
0.4024822845594385,0.3837620360251622,-1,False,13,4,-1
0.3953048244589838,0.385323525094195,-1,False,13,4,-1
0.3546336119968242,0.3793309302060056,-1,False,13,4,-1
0.4156982791927958,0.4302826664926846,-1,False,13,4,-1
0.4005058825027915,0.3471388105063422,-1,False,13,4,-1
0.4179039523795371,0.3886280970167512,-1,False,13,4,-1
0.3417201278823414,0.4067211448020138,-1,False,13,4,-1
0.4298578943569581,0.3938290734911133,-1,False,13,4,-1
0.4063639721647865,0.3930842127583226,-1,False,13,4,-1
0.4238151140623872,0.402914199655298,-1,False,13,4,-1
0.3553341626721125,0.3345229357299363,-1,False,13,4,-1
0.414860802703701,0.324266692763977,-1,False,13,4,-1
0.4024822845594385,0.3837620360251622,-1,False,13,4,-1
0.3953048244589838,0.385323525094195,-1,False,13,4,-1
0.3546336119968242,0.3793309302060056,-1,False,13,4,-1
0.4156982791927958,0.4302826664926846,-1,False,13,4,-1
0.4005058825027915,0.3471388105063422,-1,False,13,4,-1
0.4179039523795371,0.3886280970167512,-1,False,13,4,-1
0.3417201278823414,0.4067211448020138,-1,False,13,4,-1
0.4298578943569581,0.3938290734911133,-1,False,13,4,-1
0.4063639721647865,0.3930842127583226,-1,False,13,4,-1
0.4238151140623872,0.402914199655298,-1,False,13,4,-1
0.3553341626721125,0.3345229357299363,-1,False,13,4,-1
0.414860802703701,0.324266692763977,-1,False,13,4,-1
0.4024822845594385,0.3837620360251622,-1,False,13,4,-1
0.3953048244589838,0.385323525094195,-1,False,13,4,-1
0.3546336119968242,0.3793309302060056,-1,False,13,4,-1
0.4156982791927958,0.4302826664926846,-1,False,13,4,-1
0.4005058825027915,0.3471388105063422,-1,False,13,4,-1
0.4179039523795371,0.3886280970167512,-1,False,13,4,-1
0.3417201278823414,0.4067211448020138,-1,False,13,4,-1
0.4298578943569581,0.3938290734911133,-1,False,13,4,-1
0.4063639721647865,0.3930842127583226,-1,False,13,4,-1
0.4238151140623872,0.402914199655298,-1,False,13,4,-1
0.3553341626721125,0.3345229357299363,-1,False,13,4,-1
0.414860802703701,0.324266692763977,-1,False,13,4,-1
0.4024822845594385,0.3837620360251622,-1,False,13,4,-1
0.3953048244589838,0.385323525094195,-1,False,13,4,-1
0.3546336119968242,0.3793309302060056,-1,False,13,4,-1
0.4156982791927958,0.4302826664926846,-1,False,13,4,-1
0.4005058825027915,0.3471388105063422,-1,False,13,4,-1
0.4179039523795371,0.3886280970167512,-1,False,13,4,-1
0.3417201278823414,0.4067211448020138,-1,False,13,4,-1
0.4298578943569581,0.3938290734911133,-1,False,13,4,-1
0.4063639721647865,0.3930842127583226,-1,False,13,4,-1
0.4238151140623872,0.402914199655298,-1,False,13,4,-1
0.3553341626721125,0.3345229357299363,-1,False,13,4,-1
0.414860802703701,0.324266692763977,-1,False,13,4,-1
0.4024822845594385,0.3837620360251622,-1,False,13,4,-1
0.3953048244589838,0.385323525094195,-1,False,13,4,-1
0.3546336119968242,0.3793309302060056,-1,False,13,4,-1
0.4156982791927958,0.4302826664926846,-1,False,13,4,-1
0.4005058825027915,0.3471388105063422,-1,False,13,4,-1
0.4179039523795371,0.3886280970167512,-1,False,13,4,-1
0.3417201278823414,0.4067211448020138,-1,False,13,4,-1
0.4298578943569581,0.3938290734911133,-1,False,13,4,-1
0.4063639721647865,0.3930842127583226,-1,False,13,4,-1
0.4238151140623872,0.402914199655298,-1,False,13,4,-1
0.3553341626721125,0.3345229357299363,-1,False,13,4,-1
0.414860802703701,0.324266692763977,-1,False,13,4,-1
0.4024822845594385,0.3837620360251622,-1,False,13,4,-1
0.3953048244589838,0.385323525094195,-1,False,13,4,-1
0.3546336119968242,0.3793309302060056,-1,False,13,4,-1
0.4156982791927958,0.4302826664926846,-1,False,13,4,-1
0.4005058825027915,0.3471388105063422,-1,False,13,4,-1
0.4179039523795371,0.3886280970167512,-1,False,13,4,-1
0.3417201278823414,0.4067211448020138,-1,False,13,4,-1
0.4298578943569581,0.3938290734911133,-1,False,13,4,-1
0.4063639721647865,0.3930842127583226,-1,False,13,4,-1
0.4238151140623872,0.402914199655298,-1,False,13,4,-1
0.3553341626721125,0.3345229357299363,-1,False,13,4,-1
0.414860802703701,0.324266692763977,-1,False,13,4,-1
0.4024822845594385,0.3837620360251622,-1,False,13,4,-1
0.3953048244589838,0.385323525094195,-1,False,13,4,-1
0.3546336119968242,0.3793309302060056,-1,False,13,4,-1
0.4156982791927958,0.4302826664926846,-1,False,13,4,-1
0.4005058825027915,0.3471388105063422,-1,False,13,4,-1
0.4179039523795371,0.3886280970167512,-1,False,13,4,-1
0.3417201278823414,0.4067211448020138,-1,False,13,4,-1
0.4298578943569581,0.3938290734911133,-1,False,13,4,-1
0.4063639721647865,0.3930842127583226,-1,False,13,4,-1
0.4238151140623872,0.402914199655298,-1,False,13,4,-1
0.3553341626721125,0.3345229357299363,-1,False,13,4,-1
0.414860802703701,0.324266692763977,-1,False,13,4,-1
0.4024822845594385,0.3837620360251622,-1,False,13,4,-1
0.3953048244589838,0.385323525094195,-1,False,13,4,-1
0.3546336119968242,0.3793309302060056,-1,False,13,4,-1
0.4156982791927958,0.4302826664926846,-1,False,13,4,-1
0.4005058825027915,0.3471388105063422,-1,False,13,4,-1
0.4179039523795371,0.3886280970167512,-1,False,13,4,-1
0.3417201278823414,0.4067211448020138,-1,False,13,4,-1
0.4298578943569581,0.3938290734911133,-1,False,13,4,-1
0.4063639721647865,0.3930842127583226,-1,False,13,4,-1
0.4238151140623872,0.402914199655298,-1,False,13,4,-1
0.3553341626721125,0.3345229357299363,-1,False,13,4,-1
0.414860802703701,0.324266692763977,-1,False,13,4,-1
0.4024822845594385,0.3837620360251622,-1,False,13,4,-1
0.3953048244589838,0.385323525094195,-1,False,13,4,-1
0.3546336119968242,0.3793309302060056,-1,False,13,4,-1
0.4156982791927958,0.4302826664926846,-1,False,13,4,-1
0.4005058825027915,0.3471388105063422,-1,False,13,4,-1
0.4179039523795371,0.3886280970167512,-1,False,13,4,-1
0.3417201278823414,0.4067211448020138,-1,False,13,4,-1
0.4298578943569581,0.3938290734911133,-1,False,13,4,-1
0.4063639721647865,0.3930842127583226,-1,False,13,4,-1
0.4238151140623872,0.402914199655298,-1,False,13,4,-1
0.3553341626721125,0.3345229357299363,-1,False,13,4,-1
0.414860802703701,0.324266692763977,-1,False,13,4,-1
0.4024822845594385,0.3837620360251622,-1,False,13,4,-1
0.3953048244589838,0.385323525094195,-1,False,13,4,-1
0.3546336119968242,0.3793309302060056,-1,False,13,4,-1
0.4156982791927958,0.4302826664926846,-1,False,13,4,-1
0.4005058825027915,0.3471388105063422,-1,False,13,4,-1
0.4179039523795371,0.3886280970167512,-1,False,13,4,-1
0.3417201278823414,0.4067211448020138,-1,False,13,4,-1
0.4298578943569581,0.3938290734911133,-1,False,13,4,-1
0.4063639721647865,0.3930842127583226,-1,False,13,4,-1
0.4238151140623872,0.402914199655298,-1,False,13,4,-1
0.3553341626721125,0.3345229357299363,-1,False,13,4,-1
0.414860802703701,0.324266692763977,-1,False,13,4,-1
0.4024822845594385,0.3837620360251622,-1,False,13,4,-1
0.3953048244589838,0.385323525094195,-1,False,13,4,-1
0.3546336119968242,0.3793309302060056,-1,False,13,4,-1
0.4156982791927958,0.4302826664926846,-1,False,13,4,-1
0.4005058825027915,0.3471388105063422,-1,False,13,4,-1
0.4179039523795371,0.3886280970167512,-1,False,13,4,-1
0.3417201278823414,0.4067211448020138,-1,False,13,4,-1
0.4298578943569581,0.3938290734911133,-1,False,13,4,-1
0.4063639721647865,0.3930842127583226,-1,False,13,4,-1
0.4238151140623872,0.402914199655298,-1,False,13,4,-1
0.3553341626721125,0.3345229357299363,-1,False,13,4,-1
0.414860802703701,0.324266692763977,-1,False,13,4,-1
0.4024822845594385,0.3837620360251622,-1,False,13,4,-1
0.3953048244589838,0.385323525094195,-1,False,13,4,-1
0.3546336119968242,0.3793309302060056,-1,False,13,4,-1
0.4156982791927958,0.4302826664926846,-1,False,13,4,-1
0.4005058825027915,0.3471388105063422,-1,False,13,4,-1
0.4179039523795371,0.3886280970167512,-1,False,13,4,-1
0.3417201278823414,0.4067211448020138,-1,False,13,4,-1
0.4298578943569581,0.3938290734911133,-1,False,13,4,-1
0.4063639721647865,0.3930842127583226,-1,False,13,4,-1
0.4238151140623872,0.402914199655298,-1,False,13,4,-1
0.3553341626721125,0.3345229357299363,-1,False,13,4,-1
0.414860802703701,0.324266692763977,-1,False,13,4,-1
0.4024822845594385,0.3837620360251622,-1,False,13,4,-1
0.3953048244589838,0.385323525094195,-1,False,13,4,-1
0.3546336119968242,0.3793309302060056,-1,False,13,4,-1
0.4156982791927958,0.4302826664926846,-1,False,13,4,-1
0.4005058825027915,0.3471388105063422,-1,False,13,4,-1
0.4179039523795371,0.3886280970167512,-1,False,13,4,-1
0.3417201278823414,0.4067211448020138,-1,False,13,4,-1
0.4298578943569581,0.3938290734911133,-1,False,13,4,-1
0.4063639721647865,0.3930842127583226,-1,False,13,4,-1
0.4238151140623872,0.402914199655298,-1,False,13,4,-1
0.3553341626721125,0.3345229357299363,-1,False,13,4,-1
0.414860802703701,0.324266692763977,-1,False,13,4,-1
0.4024822845594385,0.3837620360251622,-1,False,13,4,-1
0.3953048244589838,0.385323525094195,-1,False,13,4,-1
0.3546336119968242,0.3793309302060056,-1,False,13,4,-1
0.4156982791927958,0.4302826664926846,-1,False,13,4,-1
0.4005058825027915,0.3471388105063422,-1,False,13,4,-1
0.4179039523795371,0.3886280970167512,-1,False,13,4,-1
0.3417201278823414,0.4067211448020138,-1,False,13,4,-1
0.4298578943569581,0.3938290734911133,-1,False,13,4,-1
0.4063639721647865,0.3930842127583226,-1,False,13,4,-1
0.4238151140623872,0.402914199655298,-1,False,13,4,-1
0.3553341626721125,0.3345229357299363,-1,False,13,4,-1
0.414860802703701,0.324266692763977,-1,False,13,4,-1
0.4024822845594385,0.3837620360251622,-1,False,13,4,-1
0.3953048244589838,0.385323525094195,-1,False,13,4,-1
0.3546336119968242,0.3793309302060056,-1,False,13,4,-1
0.4156982791927958,0.4302826664926846,-1,False,13,4,-1
0.4005058825027915,0.3471388105063422,-1,False,13,4,-1
0.4179039523795371,0.3886280970167512,-1,False,13,4,-1
0.3417201278823414,0.4067211448020138,-1,False,13,4,-1
0.4298578943569581,0.3938290734911133,-1,False,13,4,-1
0.4063639721647865,0.3930842127583226,-1,False,13,4,-1
0.4238151140623872,0.402914199655298,-1,False,13,4,-1
0.3553341626721125,0.3345229357299363,-1,False,13,4,-1
0.414860802703701,0.324266692763977,-1,False,13,4,-1
0.4024822845594385,0.3837620360251622,-1,False,13,4,-1
0.3953048244589838,0.385323525094195,-1,False,13,4,-1
0.3546336119968242,0.3793309302060056,-1,False,13,4,-1
0.4156982791927958,0.4302826664926846,-1,False,13,4,-1
0.4005058825027915,0.3471388105063422,-1,False,13,4,-1
0.4179039523795371,0.3886280970167512,-1,False,13,4,-1
0.3417201278823414,0.4067211448020138,-1,False,13,4,-1
0.4298578943569581,0.3938290734911133,-1,False,13,4,-1
0.4063639721647865,0.3930842127583226,-1,False,13,4,-1
0.4238151140623872,0.402914199655298,-1,False,13,4,-1
0.3553341626721125,0.3345229357299363,-1,False,13,4,-1
0.414860802703701,0.324266692763977,-1,False,13,4,-1
0.4024822845594385,0.3837620360251622,-1,False,13,4,-1
0.3953048244589838,0.385323525094195,-1,False,13,4,-1
0.3546336119968242,0.3793309302060056,-1,False,13,4,-1
0.4156982791927958,0.4302826664926846,-1,False,13,4,-1
0.4005058825027915,0.3471388105063422,-1,False,13,4,-1
0.4179039523795371,0.3886280970167512,-1,False,13,4,-1
0.3417201278823414,0.4067211448020138,-1,False,13,4,-1
0.4298578943569581,0.3938290734911133,-1,False,13,4,-1
0.4063639721647865,0.3930842127583226,-1,False,13,4,-1
0.4238151140623872,0.402914199655298,-1,False,13,4,-1
0.3553341626721125,0.3345229357299363,-1,False,13,4,-1
0.414860802703701,0.324266692763977,-1,False,13,4,-1
0.4024822845594385,0.3837620360251622,-1,False,13,4,-1
0.3953048244589838,0.385323525094195,-1,False,13,4,-1
0.3546336119968242,0.3793309302060056,-1,False,13,4,-1
0.4156982791927958,0.4302826664926846,-1,False,13,4,-1
0.4005058825027915,0.3471388105063422,-1,False,13,4,-1
