,0,1,2,3,4,5,6,7,8,9,10,11,12,13,14,15,16,17,18,19,20,21,22,23,cluster
0,0.0256410256410256,0.2435897435897435,0.2179487179487179,0.3333333333333333,0.1282051282051282,0.0128205128205128,0.0,0.0,0.0,0.0,0.0,0.0,0.0,0.0384615384615384,0.0,0.0384615384615384,0.0384615384615384,0.141025641025641,0.0384615384615384,0.0,0.0,0.0,0.0256410256410256,0.0256410256410256,41
1,0.1282051282051282,0.0384615384615384,0.1538461538461538,0.1923076923076923,0.282051282051282,0.0,0.0384615384615384,0.0,0.0,0.0,0.0,0.0,0.0,0.0256410256410256,0.0,0.0256410256410256,0.0256410256410256,0.0,0.0,0.0,0.0,0.0,0.0384615384615384,0.2051282051282051,41
2,0.0256410256410256,0.2564102564102564,0.0641025641025641,0.3846153846153846,0.0,0.0,0.1794871794871795,0.0,0.0,0.0,0.0,0.0,0.0,0.0256410256410256,0.0,0.0,0.0256410256410256,0.0641025641025641,0.0384615384615384,0.0,0.0,0.0,0.0256410256410256,0.0897435897435897,28
3,0.0512820512820512,0.0512820512820512,0.141025641025641,0.1538461538461538,0.358974358974359,0.1666666666666666,0.0,0.0,0.0,0.0,0.0,0.0,0.0,0.0256410256410256,0.0,0.0128205128205128,0.0641025641025641,0.0128205128205128,0.0,0.0,0.0,0.0,0.1153846153846153,0.0256410256410256,41
4,0.1153846153846153,0.1923076923076923,0.282051282051282,0.2307692307692307,0.0,0.0,0.0,0.0,0.0,0.0,0.0,0.0,0.0,0.0,0.0,0.0769230769230769,0.0641025641025641,0.0,0.0,0.0128205128205128,0.0,0.0,0.0128205128205128,0.2692307692307692,28
5,0.0641025641025641,0.2564102564102564,0.1666666666666666,0.0,0.2179487179487179,0.0,0.0128205128205128,0.0,0.0,0.0,0.0,0.0,0.0,0.0,0.0256410256410256,0.0512820512820512,0.0,0.0,0.0,0.0,0.0,0.0,0.0128205128205128,0.0,41
6,0.0384615384615384,0.0512820512820512,0.2051282051282051,0.3205128205128205,0.0,0.0,0.0128205128205128,0.0,0.0,0.0,0.0,0.0,0.0,0.0,0.0,0.0,0.0256410256410256,0.1794871794871795,0.0,0.0,0.0,0.0,0.0,0.0,28
7,0.0,0.0,0.0641025641025641,0.1923076923076923,0.3076923076923077,0.0,0.0,0.0,0.0,0.0,0.0,0.0,0.0,0.0,0.0,0.0,0.0,0.0641025641025641,0.0128205128205128,0.0,0.0128205128205128,0.0512820512820512,0.0,0.1153846153846153,41
8,0.0769230769230769,0.0128205128205128,0.2051282051282051,0.141025641025641,0.2692307692307692,0.0641025641025641,0.1025641025641025,0.0128205128205128,0.0,0.0,0.0,0.0,0.0,0.0,0.0,0.141025641025641,0.0,0.0256410256410256,0.0512820512820512,0.141025641025641,0.0,0.0128205128205128,0.0256410256410256,0.1025641025641025,41
9,0.2564102564102564,0.1666666666666666,0.1666666666666666,0.2692307692307692,0.1794871794871795,0.0,0.0128205128205128,0.0,0.0,0.0,0.0,0.0,0.0,0.0384615384615384,0.0,0.0641025641025641,0.0128205128205128,0.0,0.0128205128205128,0.0,0.0,0.0,0.0512820512820512,0.1794871794871795,41
10,0.0769230769230769,0.2051282051282051,0.0897435897435897,0.3205128205128205,0.0512820512820512,0.1538461538461538,0.0,0.0,0.0,0.0,0.0,0.0,0.0,0.0512820512820512,0.0,0.0,0.0512820512820512,0.0512820512820512,0.0,0.0,0.0,0.0256410256410256,0.0,0.0256410256410256,28
11,0.1794871794871795,0.0128205128205128,0.2051282051282051,0.3717948717948718,0.0897435897435897,0.0256410256410256,0.0,0.0,0.0,0.0,0.0,0.0,0.0,0.0384615384615384,0.0,0.0,0.0384615384615384,0.0512820512820512,0.0128205128205128,0.0256410256410256,0.0,0.0,0.0256410256410256,0.0128205128205128,28
12,0.2179487179487179,0.0128205128205128,0.1923076923076923,0.0512820512820512,0.4230769230769231,0.0256410256410256,0.0,0.0,0.0,0.0,0.0,0.0,0.0,0.0,0.0,0.0897435897435897,0.0,0.0128205128205128,0.0256410256410256,0.0384615384615384,0.0128205128205128,0.0,0.0128205128205128,0.0,41
13,0.0897435897435897,0.0,0.0128205128205128,0.0,0.282051282051282,0.0,0.0,0.0,0.0256410256410256,0.0,0.0,0.0,0.0,0.0,0.0,0.1794871794871795,0.3205128205128205,0.0641025641025641,0.0256410256410256,0.0384615384615384,0.1666666666666666,0.0641025641025641,0.0,0.0,41
14,0.0,0.0,0.1282051282051282,0.1666666666666666,0.2307692307692307,0.0,0.0384615384615384,0.0,0.0,0.0,0.0,0.0,0.0,0.0512820512820512,0.0,0.0,0.0,0.0512820512820512,0.0256410256410256,0.0,0.0128205128205128,0.0,0.0384615384615384,0.0256410256410256,41
15,0.2948717948717949,0.0128205128205128,0.2948717948717949,0.1923076923076923,0.0,0.0128205128205128,0.0256410256410256,0.0,0.0,0.0,0.0,0.0,0.0,0.0384615384615384,0.0,0.0897435897435897,0.0128205128205128,0.0256410256410256,0.0256410256410256,0.0,0.0512820512820512,0.0,0.0256410256410256,0.0897435897435897,28
16,0.1666666666666666,0.0512820512820512,0.2051282051282051,0.4743589743589743,0.0384615384615384,0.0,0.0,0.0,0.0,0.0,0.0128205128205128,0.0,0.0,0.0384615384615384,0.0,0.0,0.0641025641025641,0.0769230769230769,0.1794871794871795,0.0,0.0769230769230769,0.0,0.0512820512820512,0.1153846153846153,28
17,0.358974358974359,0.0,0.0128205128205128,0.0128205128205128,0.0,0.1794871794871795,0.2435897435897435,0.0,0.0,0.0,0.0,0.0,0.0,0.0256410256410256,0.0,0.0128205128205128,0.0641025641025641,0.0128205128205128,0.0128205128205128,0.0,0.0,0.0,0.0256410256410256,0.0128205128205128,41
18,0.141025641025641,0.0,0.1923076923076923,0.0,0.1282051282051282,0.1794871794871795,0.0,0.0,0.0,0.0,0.0,0.0,0.0,0.0512820512820512,0.0,0.0128205128205128,0.0256410256410256,0.0128205128205128,0.0641025641025641,0.0128205128205128,0.0,0.0,0.0256410256410256,0.0128205128205128,41
19,0.0256410256410256,0.0384615384615384,0.1794871794871795,0.0641025641025641,0.5256410256410257,0.0128205128205128,0.0,0.0,0.0,0.0,0.0,0.0,0.0,0.0,0.0,0.0512820512820512,0.0641025641025641,0.0,0.0256410256410256,0.1923076923076923,0.0128205128205128,0.0256410256410256,0.0769230769230769,0.1794871794871795,41
20,0.1025641025641025,0.0384615384615384,0.3461538461538461,0.2564102564102564,0.0,0.0,0.0128205128205128,0.0,0.0256410256410256,0.0,0.0,0.0,0.0,0.0,0.0,0.0,0.0641025641025641,0.0128205128205128,0.0256410256410256,0.1666666666666666,0.0512820512820512,0.0256410256410256,0.0128205128205128,0.0,28
21,0.0256410256410256,0.0512820512820512,0.1794871794871795,0.1794871794871795,0.0769230769230769,0.1923076923076923,0.0,0.0,0.0,0.0,0.0,0.0,0.0,0.0256410256410256,0.0,0.0,0.0641025641025641,0.0512820512820512,0.0897435897435897,0.0,0.0,0.0128205128205128,0.0128205128205128,0.0128205128205128,28
22,0.141025641025641,0.0512820512820512,0.1923076923076923,0.2435897435897435,0.3461538461538461,0.0,0.0,0.0,0.0,0.0,0.0,0.0,0.0,0.0384615384615384,0.0256410256410256,0.0,0.0128205128205128,0.0,0.0,0.0,0.0,0.0,0.0,0.0897435897435897,41
23,0.0384615384615384,0.2179487179487179,0.0384615384615384,0.5512820512820513,0.1025641025641025,0.0,0.0,0.0,0.0,0.0,0.0,0.0,0.0,0.0256410256410256,0.0128205128205128,0.0,0.0256410256410256,0.0,0.0,0.0,0.0,0.0,0.0256410256410256,0.0128205128205128,28
24,0.0128205128205128,0.0256410256410256,0.1282051282051282,0.1153846153846153,0.358974358974359,0.0,0.0128205128205128,0.0,0.0,0.0,0.0,0.0,0.0,0.0256410256410256,0.0,0.0128205128205128,0.0512820512820512,0.0769230769230769,0.0,0.0,0.0,0.0,0.0384615384615384,0.0128205128205128,41
25,0.1282051282051282,0.0,0.0512820512820512,0.1538461538461538,0.3717948717948718,0.0,0.0,0.0,0.0,0.0,0.0,0.0,0.0,0.0256410256410256,0.0,0.0128205128205128,0.0384615384615384,0.1025641025641025,0.0,0.0,0.0,0.0,0.0256410256410256,0.0,41
26,0.141025641025641,0.0512820512820512,0.0,0.1666666666666666,0.2307692307692307,0.1794871794871795,0.0,0.0,0.0,0.0,0.0,0.0,0.0256410256410256,0.0,0.0,0.0128205128205128,0.0897435897435897,0.1923076923076923,0.0,0.0256410256410256,0.0769230769230769,0.0,0.0,0.0,41
27,0.0897435897435897,0.0256410256410256,0.2948717948717949,0.3076923076923077,0.0256410256410256,0.0,0.0,0.0,0.0,0.0,0.0,0.0,0.0,0.0,0.0,0.0384615384615384,0.0256410256410256,0.0128205128205128,0.0,0.0256410256410256,0.141025641025641,0.0641025641025641,0.0,0.0,28
28,0.0,0.0,0.141025641025641,0.282051282051282,0.0,0.0,0.0,0.0384615384615384,0.0,0.0,0.0,0.0,0.0,0.0,0.0,0.0256410256410256,0.0769230769230769,0.0641025641025641,0.0512820512820512,0.0512820512820512,0.0,0.0,0.0,0.0128205128205128,28
29,0.141025641025641,0.3205128205128205,0.4615384615384615,0.0128205128205128,0.1538461538461538,0.2564102564102564,0.0,0.0,0.0,0.0,0.0,0.0,0.0,0.0384615384615384,0.0,0.0256410256410256,0.0128205128205128,0.0,0.0,0.0,0.0,0.0,0.0256410256410256,0.0,41
30,0.0,0.0,0.0,0.0,0.141025641025641,0.0,0.0,0.0,0.0,0.0,0.0,0.0,0.0,0.0,0.0128205128205128,0.0512820512820512,0.0128205128205128,0.0,0.0,0.0,0.0,0.0,0.0,0.0,41
31,0.0,0.0512820512820512,0.0,0.1794871794871795,0.0,0.0,0.0,0.0,0.0,0.0,0.0,0.0,0.0,0.0,0.0,0.0128205128205128,0.0,0.0256410256410256,0.0,0.0,0.0,0.0,0.0384615384615384,0.0384615384615384,28
32,0.0256410256410256,0.0,0.141025641025641,0.0,0.0,0.0,0.0,0.0,0.0,0.0,0.0,0.0,0.0,0.0,0.0,0.0,0.0384615384615384,0.0128205128205128,0.0,0.0256410256410256,0.0,0.0,0.0,0.0128205128205128,28
33,0.0256410256410256,0.0512820512820512,0.0,0.141025641025641,0.0,0.0,0.0,0.0,0.0,0.0,0.0,0.0,0.0,0.0,0.0384615384615384,0.0,0.0,0.0,0.0,0.0256410256410256,0.0,0.0,0.0,0.0,28
34,0.0641025641025641,0.0512820512820512,0.0,0.0256410256410256,0.1025641025641025,0.0128205128205128,0.0,0.0,0.0,0.0,0.0,0.0,0.0,0.0,0.0,0.0256410256410256,0.0,0.0,0.0128205128205128,0.0,0.0,0.0,0.0,0.0,41
35,0.0,0.0,0.0512820512820512,0.0,0.1538461538461538,0.0,0.0,0.0,0.0,0.0,0.0,0.0,0.0,0.0,0.0256410256410256,0.0128205128205128,0.0,0.0128205128205128,0.0,0.0,0.0,0.0128205128205128,0.0128205128205128,0.0128205128205128,41
36,0.0128205128205128,0.0512820512820512,0.0,0.0256410256410256,0.1282051282051282,0.0,0.0,0.0,0.0,0.0,0.0,0.0,0.0,0.0,0.0,0.0256410256410256,0.3333333333333333,0.2307692307692307,0.0384615384615384,0.0128205128205128,0.0256410256410256,0.0,0.0,0.1666666666666666,41
37,0.1794871794871795,0.0384615384615384,0.2179487179487179,0.0128205128205128,0.0,0.0128205128205128,0.0,0.0,0.0,0.0,0.0,0.0,0.0,0.0,0.0,0.0,0.0384615384615384,0.0256410256410256,0.0512820512820512,0.0128205128205128,0.0,0.0,0.0,0.1153846153846153,28
38,0.0897435897435897,0.1153846153846153,0.2692307692307692,0.1538461538461538,0.358974358974359,0.0,0.0,0.0,0.0,0.0,0.0,0.0,0.0,0.0384615384615384,0.0,0.0256410256410256,0.0,0.0769230769230769,0.0256410256410256,0.0,0.0897435897435897,0.0,0.0256410256410256,0.0,41
39,0.1923076923076923,0.0641025641025641,0.3974358974358974,0.1923076923076923,0.2692307692307692,0.0128205128205128,0.0128205128205128,0.0,0.0,0.0,0.0,0.0,0.0,0.0256410256410256,0.0256410256410256,0.0384615384615384,0.0,0.0,0.0,0.0,0.0,0.0,0.0256410256410256,0.0,41
40,0.0256410256410256,0.0256410256410256,0.0,0.0,0.0,0.3717948717948718,0.358974358974359,0.0128205128205128,0.0,0.0,0.0,0.0,0.0,0.0,0.0,0.0256410256410256,0.0128205128205128,0.0128205128205128,0.0,0.0897435897435897,0.0256410256410256,0.0256410256410256,0.0,0.0384615384615384,41
41,0.0384615384615384,0.0384615384615384,0.1153846153846153,0.2307692307692307,0.2179487179487179,0.0256410256410256,0.0,0.0,0.0,0.0,0.0,0.0,0.0,0.0,0.0384615384615384,0.0512820512820512,0.0769230769230769,0.0128205128205128,0.0,0.0,0.0,0.0,0.0256410256410256,0.0256410256410256,41
42,0.2051282051282051,0.0641025641025641,0.0,0.0384615384615384,0.0384615384615384,0.2564102564102564,0.0,0.0,0.0,0.0,0.0,0.0,0.0,0.0256410256410256,0.0384615384615384,0.0128205128205128,0.0641025641025641,0.0,0.0,0.0,0.0,0.0,0.0256410256410256,0.0384615384615384,41
43,0.1794871794871795,0.0128205128205128,0.141025641025641,0.1538461538461538,0.141025641025641,0.0,0.0,0.1282051282051282,0.0,0.0,0.0,0.0,0.0,0.0256410256410256,0.0,0.0,0.0384615384615384,0.0128205128205128,0.0,0.0,0.0512820512820512,0.0128205128205128,0.0256410256410256,0.0,41
44,0.2692307692307692,0.0641025641025641,0.2179487179487179,0.0384615384615384,0.0,0.282051282051282,0.0,0.0,0.0,0.0,0.0,0.0,0.0,0.0384615384615384,0.0,0.0,0.0256410256410256,0.0641025641025641,0.0,0.0,0.0,0.0256410256410256,0.0256410256410256,0.0256410256410256,41
45,0.0641025641025641,0.2307692307692307,0.1666666666666666,0.2564102564102564,0.2564102564102564,0.0384615384615384,0.0,0.0,0.0,0.0,0.0,0.0,0.0,0.0384615384615384,0.0,0.0,0.0,0.0512820512820512,0.0128205128205128,0.0128205128205128,0.0128205128205128,0.0,0.0128205128205128,0.0384615384615384,41
46,0.1282051282051282,0.0128205128205128,0.0,0.1282051282051282,0.2435897435897435,0.1153846153846153,0.0128205128205128,0.0,0.0,0.0,0.0,0.0,0.0,0.0256410256410256,0.0,0.0,0.0,0.0512820512820512,0.0512820512820512,0.0384615384615384,0.0,0.1153846153846153,0.1153846153846153,0.0769230769230769,41
47,0.1282051282051282,0.0,0.0128205128205128,0.2307692307692307,0.3333333333333333,0.0128205128205128,0.0256410256410256,0.0,0.0,0.0128205128205128,0.0,0.0,0.0256410256410256,0.0,0.0128205128205128,0.0641025641025641,0.0128205128205128,0.0128205128205128,0.0128205128205128,0.0,0.0,0.0128205128205128,0.0,0.2692307692307692,41
48,0.0,0.0128205128205128,0.3461538461538461,0.2435897435897435,0.0128205128205128,0.0128205128205128,0.0,0.0,0.0,0.0256410256410256,0.0,0.0,0.0,0.0,0.1153846153846153,0.0128205128205128,0.0769230769230769,0.1153846153846153,0.0256410256410256,0.0512820512820512,0.0897435897435897,0.0,0.0128205128205128,0.0128205128205128,28
49,0.2179487179487179,0.0641025641025641,0.3076923076923077,0.5128205128205128,0.0256410256410256,0.0256410256410256,0.0,0.0,0.0,0.0,0.0,0.0,0.0,0.0,0.0512820512820512,0.0384615384615384,0.0641025641025641,0.0384615384615384,0.0897435897435897,0.0256410256410256,0.0128205128205128,0.0256410256410256,0.0384615384615384,0.1025641025641025,28
50,0.0256410256410256,0.1666666666666666,0.2692307692307692,0.141025641025641,0.0,0.2564102564102564,0.0128205128205128,0.0,0.0,0.0,0.0,0.0,0.0,0.0512820512820512,0.0256410256410256,0.0,0.0897435897435897,0.0384615384615384,0.0,0.0,0.1025641025641025,0.0641025641025641,0.0256410256410256,0.0512820512820512,28
51,0.0512820512820512,0.1538461538461538,0.141025641025641,0.3076923076923077,0.0,0.141025641025641,0.0256410256410256,0.0,0.0,0.0,0.0,0.0,0.0,0.0256410256410256,0.0897435897435897,0.1025641025641025,0.0256410256410256,0.0,0.0641025641025641,0.0,0.0,0.0128205128205128,0.0384615384615384,0.0384615384615384,28
52,0.1153846153846153,0.0769230769230769,0.2179487179487179,0.1153846153846153,0.2692307692307692,0.0128205128205128,0.0256410256410256,0.0,0.0,0.0,0.0,0.0,0.0,0.1282051282051282,0.0769230769230769,0.0512820512820512,0.0256410256410256,0.0256410256410256,0.0384615384615384,0.0,0.0897435897435897,0.0,0.0256410256410256,0.0256410256410256,41
53,0.2692307692307692,0.1923076923076923,0.3333333333333333,0.1794871794871795,0.0,0.0128205128205128,0.0,0.0,0.0,0.0,0.0,0.0,0.0,0.0384615384615384,0.0641025641025641,0.1025641025641025,0.0512820512820512,0.0641025641025641,0.0256410256410256,0.1025641025641025,0.0,0.0128205128205128,0.1282051282051282,0.0128205128205128,28
54,0.0128205128205128,0.3333333333333333,0.0128205128205128,0.358974358974359,0.0,0.0128205128205128,0.0,0.0,0.0,0.0,0.0,0.0,0.0,0.0512820512820512,0.0256410256410256,0.0641025641025641,0.0256410256410256,0.0256410256410256,0.0,0.0,0.0256410256410256,0.0,0.1153846153846153,0.1923076923076923,28
55,0.0,0.0512820512820512,0.0,0.3076923076923077,0.0512820512820512,0.0,0.0,0.0,0.0,0.0384615384615384,0.0,0.0,0.0,0.0,0.0769230769230769,0.0897435897435897,0.141025641025641,0.1153846153846153,0.0,0.0,0.0128205128205128,0.0,0.0128205128205128,0.1153846153846153,28
56,0.0128205128205128,0.1153846153846153,0.0769230769230769,0.4358974358974359,0.1666666666666666,0.0256410256410256,0.0,0.0,0.0,0.0,0.0,0.0128205128205128,0.0384615384615384,0.0256410256410256,0.0,0.0,0.0384615384615384,0.0128205128205128,0.0128205128205128,0.0,0.0512820512820512,0.0,0.0256410256410256,0.0,41
57,0.1538461538461538,0.141025641025641,0.2435897435897435,0.0,0.0128205128205128,0.0128205128205128,0.0,0.0,0.0,0.0,0.0,0.0,0.0,0.0256410256410256,0.0384615384615384,0.0,0.0128205128205128,0.0128205128205128,0.0769230769230769,0.0128205128205128,0.0256410256410256,0.0,0.0641025641025641,0.1025641025641025,41
58,0.0256410256410256,0.0128205128205128,0.3205128205128205,0.2435897435897435,0.0128205128205128,0.0,0.0,0.0,0.0,0.0,0.0,0.0,0.0,0.0256410256410256,0.0,0.0256410256410256,0.0384615384615384,0.0,0.0,0.0,0.0,0.0,0.0512820512820512,0.0128205128205128,28
59,0.0,0.0128205128205128,0.141025641025641,0.3333333333333333,0.1282051282051282,0.0256410256410256,0.0,0.0,0.0,0.0,0.0,0.0,0.0,0.0,0.0769230769230769,0.0256410256410256,0.0128205128205128,0.0,0.0,0.0,0.0,0.0128205128205128,0.0,0.0256410256410256,41
60,0.1794871794871795,0.0384615384615384,0.2179487179487179,0.2051282051282051,0.0128205128205128,0.0,0.1282051282051282,0.0,0.0,0.0,0.0,0.0,0.0,0.0,0.0,0.0641025641025641,0.1153846153846153,0.0,0.0128205128205128,0.0128205128205128,0.0128205128205128,0.1025641025641025,0.2435897435897435,0.0256410256410256,28
0,0.0256410256410256,0.2435897435897435,0.2179487179487179,0.3333333333333333,0.1282051282051282,0.0128205128205128,0.0,0.0,0.0,0.0,0.0,0.0,0.0,0.0384615384615384,0.0,0.0384615384615384,0.0384615384615384,0.141025641025641,0.0384615384615384,0.0,0.0,0.0,0.0256410256410256,0.0256410256410256,28
1,0.1282051282051282,0.0384615384615384,0.1538461538461538,0.1923076923076923,0.282051282051282,0.0,0.0384615384615384,0.0,0.0,0.0,0.0,0.0,0.0,0.0256410256410256,0.0,0.0256410256410256,0.0256410256410256,0.0,0.0,0.0,0.0,0.0,0.0384615384615384,0.2051282051282051,14
2,0.0256410256410256,0.2564102564102564,0.0641025641025641,0.3846153846153846,0.0,0.0,0.1794871794871795,0.0,0.0,0.0,0.0,0.0,0.0,0.0256410256410256,0.0,0.0,0.0256410256410256,0.0641025641025641,0.0384615384615384,0.0,0.0,0.0,0.0256410256410256,0.0897435897435897,28
3,0.0512820512820512,0.0512820512820512,0.141025641025641,0.1538461538461538,0.358974358974359,0.1666666666666666,0.0,0.0,0.0,0.0,0.0,0.0,0.0,0.0256410256410256,0.0,0.0128205128205128,0.0641025641025641,0.0128205128205128,0.0,0.0,0.0,0.0,0.1153846153846153,0.0256410256410256,14
4,0.1153846153846153,0.1923076923076923,0.282051282051282,0.2307692307692307,0.0,0.0,0.0,0.0,0.0,0.0,0.0,0.0,0.0,0.0,0.0,0.0769230769230769,0.0641025641025641,0.0,0.0,0.0128205128205128,0.0,0.0,0.0128205128205128,0.2692307692307692,28
5,0.0641025641025641,0.2564102564102564,0.1666666666666666,0.0,0.2179487179487179,0.0,0.0128205128205128,0.0,0.0,0.0,0.0,0.0,0.0,0.0,0.0256410256410256,0.0512820512820512,0.0,0.0,0.0,0.0,0.0,0.0,0.0128205128205128,0.0,14
6,0.0384615384615384,0.0512820512820512,0.2051282051282051,0.3205128205128205,0.0,0.0,0.0128205128205128,0.0,0.0,0.0,0.0,0.0,0.0,0.0,0.0,0.0,0.0256410256410256,0.1794871794871795,0.0,0.0,0.0,0.0,0.0,0.0,28
7,0.0,0.0,0.0641025641025641,0.1923076923076923,0.3076923076923077,0.0,0.0,0.0,0.0,0.0,0.0,0.0,0.0,0.0,0.0,0.0,0.0,0.0641025641025641,0.0128205128205128,0.0,0.0128205128205128,0.0512820512820512,0.0,0.1153846153846153,14
8,0.0769230769230769,0.0128205128205128,0.2051282051282051,0.141025641025641,0.2692307692307692,0.0641025641025641,0.1025641025641025,0.0128205128205128,0.0,0.0,0.0,0.0,0.0,0.0,0.0,0.141025641025641,0.0,0.0256410256410256,0.0512820512820512,0.141025641025641,0.0,0.0128205128205128,0.0256410256410256,0.1025641025641025,14
9,0.2564102564102564,0.1666666666666666,0.1666666666666666,0.2692307692307692,0.1794871794871795,0.0,0.0128205128205128,0.0,0.0,0.0,0.0,0.0,0.0,0.0384615384615384,0.0,0.0641025641025641,0.0128205128205128,0.0,0.0128205128205128,0.0,0.0,0.0,0.0512820512820512,0.1794871794871795,14
10,0.0769230769230769,0.2051282051282051,0.0897435897435897,0.3205128205128205,0.0512820512820512,0.1538461538461538,0.0,0.0,0.0,0.0,0.0,0.0,0.0,0.0512820512820512,0.0,0.0,0.0512820512820512,0.0512820512820512,0.0,0.0,0.0,0.0256410256410256,0.0,0.0256410256410256,28
11,0.1794871794871795,0.0128205128205128,0.2051282051282051,0.3717948717948718,0.0897435897435897,0.0256410256410256,0.0,0.0,0.0,0.0,0.0,0.0,0.0,0.0384615384615384,0.0,0.0,0.0384615384615384,0.0512820512820512,0.0128205128205128,0.0256410256410256,0.0,0.0,0.0256410256410256,0.0128205128205128,28
12,0.2179487179487179,0.0128205128205128,0.1923076923076923,0.0512820512820512,0.4230769230769231,0.0256410256410256,0.0,0.0,0.0,0.0,0.0,0.0,0.0,0.0,0.0,0.0897435897435897,0.0,0.0128205128205128,0.0256410256410256,0.0384615384615384,0.0128205128205128,0.0,0.0128205128205128,0.0,14
13,0.0897435897435897,0.0,0.0128205128205128,0.0,0.282051282051282,0.0,0.0,0.0,0.0256410256410256,0.0,0.0,0.0,0.0,0.0,0.0,0.1794871794871795,0.3205128205128205,0.0641025641025641,0.0256410256410256,0.0384615384615384,0.1666666666666666,0.0641025641025641,0.0,0.0,13
14,0.0,0.0,0.1282051282051282,0.1666666666666666,0.2307692307692307,0.0,0.0384615384615384,0.0,0.0,0.0,0.0,0.0,0.0,0.0512820512820512,0.0,0.0,0.0,0.0512820512820512,0.0256410256410256,0.0,0.0128205128205128,0.0,0.0384615384615384,0.0256410256410256,14
15,0.2948717948717949,0.0128205128205128,0.2948717948717949,0.1923076923076923,0.0,0.0128205128205128,0.0256410256410256,0.0,0.0,0.0,0.0,0.0,0.0,0.0384615384615384,0.0,0.0897435897435897,0.0128205128205128,0.0256410256410256,0.0256410256410256,0.0,0.0512820512820512,0.0,0.0256410256410256,0.0897435897435897,28
16,0.1666666666666666,0.0512820512820512,0.2051282051282051,0.4743589743589743,0.0384615384615384,0.0,0.0,0.0,0.0,0.0,0.0128205128205128,0.0,0.0,0.0384615384615384,0.0,0.0,0.0641025641025641,0.0769230769230769,0.1794871794871795,0.0,0.0769230769230769,0.0,0.0512820512820512,0.1153846153846153,28
17,0.358974358974359,0.0,0.0128205128205128,0.0128205128205128,0.0,0.1794871794871795,0.2435897435897435,0.0,0.0,0.0,0.0,0.0,0.0,0.0256410256410256,0.0,0.0128205128205128,0.0641025641025641,0.0128205128205128,0.0128205128205128,0.0,0.0,0.0,0.0256410256410256,0.0128205128205128,14
18,0.141025641025641,0.0,0.1923076923076923,0.0,0.1282051282051282,0.1794871794871795,0.0,0.0,0.0,0.0,0.0,0.0,0.0,0.0512820512820512,0.0,0.0128205128205128,0.0256410256410256,0.0128205128205128,0.0641025641025641,0.0128205128205128,0.0,0.0,0.0256410256410256,0.0128205128205128,14
19,0.0256410256410256,0.0384615384615384,0.1794871794871795,0.0641025641025641,0.5256410256410257,0.0128205128205128,0.0,0.0,0.0,0.0,0.0,0.0,0.0,0.0,0.0,0.0512820512820512,0.0641025641025641,0.0,0.0256410256410256,0.1923076923076923,0.0128205128205128,0.0256410256410256,0.0769230769230769,0.1794871794871795,14
20,0.1025641025641025,0.0384615384615384,0.3461538461538461,0.2564102564102564,0.0,0.0,0.0128205128205128,0.0,0.0256410256410256,0.0,0.0,0.0,0.0,0.0,0.0,0.0,0.0641025641025641,0.0128205128205128,0.0256410256410256,0.1666666666666666,0.0512820512820512,0.0256410256410256,0.0128205128205128,0.0,28
21,0.0256410256410256,0.0512820512820512,0.1794871794871795,0.1794871794871795,0.0769230769230769,0.1923076923076923,0.0,0.0,0.0,0.0,0.0,0.0,0.0,0.0256410256410256,0.0,0.0,0.0641025641025641,0.0512820512820512,0.0897435897435897,0.0,0.0,0.0128205128205128,0.0128205128205128,0.0128205128205128,28
22,0.141025641025641,0.0512820512820512,0.1923076923076923,0.2435897435897435,0.3461538461538461,0.0,0.0,0.0,0.0,0.0,0.0,0.0,0.0,0.0384615384615384,0.0256410256410256,0.0,0.0128205128205128,0.0,0.0,0.0,0.0,0.0,0.0,0.0897435897435897,14
23,0.0384615384615384,0.2179487179487179,0.0384615384615384,0.5512820512820513,0.1025641025641025,0.0,0.0,0.0,0.0,0.0,0.0,0.0,0.0,0.0256410256410256,0.0128205128205128,0.0,0.0256410256410256,0.0,0.0,0.0,0.0,0.0,0.0256410256410256,0.0128205128205128,28
24,0.0128205128205128,0.0256410256410256,0.1282051282051282,0.1153846153846153,0.358974358974359,0.0,0.0128205128205128,0.0,0.0,0.0,0.0,0.0,0.0,0.0256410256410256,0.0,0.0128205128205128,0.0512820512820512,0.0769230769230769,0.0,0.0,0.0,0.0,0.0384615384615384,0.0128205128205128,14
25,0.1282051282051282,0.0,0.0512820512820512,0.1538461538461538,0.3717948717948718,0.0,0.0,0.0,0.0,0.0,0.0,0.0,0.0,0.0256410256410256,0.0,0.0128205128205128,0.0384615384615384,0.1025641025641025,0.0,0.0,0.0,0.0,0.0256410256410256,0.0,14
26,0.141025641025641,0.0512820512820512,0.0,0.1666666666666666,0.2307692307692307,0.1794871794871795,0.0,0.0,0.0,0.0,0.0,0.0,0.0256410256410256,0.0,0.0,0.0128205128205128,0.0897435897435897,0.1923076923076923,0.0,0.0256410256410256,0.0769230769230769,0.0,0.0,0.0,14
27,0.0897435897435897,0.0256410256410256,0.2948717948717949,0.3076923076923077,0.0256410256410256,0.0,0.0,0.0,0.0,0.0,0.0,0.0,0.0,0.0,0.0,0.0384615384615384,0.0256410256410256,0.0128205128205128,0.0,0.0256410256410256,0.141025641025641,0.0641025641025641,0.0,0.0,28
28,0.0,0.0,0.141025641025641,0.282051282051282,0.0,0.0,0.0,0.0384615384615384,0.0,0.0,0.0,0.0,0.0,0.0,0.0,0.0256410256410256,0.0769230769230769,0.0641025641025641,0.0512820512820512,0.0512820512820512,0.0,0.0,0.0,0.0128205128205128,28
29,0.141025641025641,0.3205128205128205,0.4615384615384615,0.0128205128205128,0.1538461538461538,0.2564102564102564,0.0,0.0,0.0,0.0,0.0,0.0,0.0,0.0384615384615384,0.0,0.0256410256410256,0.0128205128205128,0.0,0.0,0.0,0.0,0.0,0.0256410256410256,0.0,14
30,0.0,0.0,0.0,0.0,0.141025641025641,0.0,0.0,0.0,0.0,0.0,0.0,0.0,0.0,0.0,0.0128205128205128,0.0512820512820512,0.0128205128205128,0.0,0.0,0.0,0.0,0.0,0.0,0.0,14
31,0.0,0.0512820512820512,0.0,0.1794871794871795,0.0,0.0,0.0,0.0,0.0,0.0,0.0,0.0,0.0,0.0,0.0,0.0128205128205128,0.0,0.0256410256410256,0.0,0.0,0.0,0.0,0.0384615384615384,0.0384615384615384,28
32,0.0256410256410256,0.0,0.141025641025641,0.0,0.0,0.0,0.0,0.0,0.0,0.0,0.0,0.0,0.0,0.0,0.0,0.0,0.0384615384615384,0.0128205128205128,0.0,0.0256410256410256,0.0,0.0,0.0,0.0128205128205128,28
33,0.0256410256410256,0.0512820512820512,0.0,0.141025641025641,0.0,0.0,0.0,0.0,0.0,0.0,0.0,0.0,0.0,0.0,0.0384615384615384,0.0,0.0,0.0,0.0,0.0256410256410256,0.0,0.0,0.0,0.0,28
34,0.0641025641025641,0.0512820512820512,0.0,0.0256410256410256,0.1025641025641025,0.0128205128205128,0.0,0.0,0.0,0.0,0.0,0.0,0.0,0.0,0.0,0.0256410256410256,0.0,0.0,0.0128205128205128,0.0,0.0,0.0,0.0,0.0,14
35,0.0,0.0,0.0512820512820512,0.0,0.1538461538461538,0.0,0.0,0.0,0.0,0.0,0.0,0.0,0.0,0.0,0.0256410256410256,0.0128205128205128,0.0,0.0128205128205128,0.0,0.0,0.0,0.0128205128205128,0.0128205128205128,0.0128205128205128,14
36,0.0128205128205128,0.0512820512820512,0.0,0.0256410256410256,0.1282051282051282,0.0,0.0,0.0,0.0,0.0,0.0,0.0,0.0,0.0,0.0,0.0256410256410256,0.3333333333333333,0.2307692307692307,0.0384615384615384,0.0128205128205128,0.0256410256410256,0.0,0.0,0.1666666666666666,13
37,0.1794871794871795,0.0384615384615384,0.2179487179487179,0.0128205128205128,0.0,0.0128205128205128,0.0,0.0,0.0,0.0,0.0,0.0,0.0,0.0,0.0,0.0,0.0384615384615384,0.0256410256410256,0.0512820512820512,0.0128205128205128,0.0,0.0,0.0,0.1153846153846153,28
38,0.0897435897435897,0.1153846153846153,0.2692307692307692,0.1538461538461538,0.358974358974359,0.0,0.0,0.0,0.0,0.0,0.0,0.0,0.0,0.0384615384615384,0.0,0.0256410256410256,0.0,0.0769230769230769,0.0256410256410256,0.0,0.0897435897435897,0.0,0.0256410256410256,0.0,14
39,0.1923076923076923,0.0641025641025641,0.3974358974358974,0.1923076923076923,0.2692307692307692,0.0128205128205128,0.0128205128205128,0.0,0.0,0.0,0.0,0.0,0.0,0.0256410256410256,0.0256410256410256,0.0384615384615384,0.0,0.0,0.0,0.0,0.0,0.0,0.0256410256410256,0.0,14
40,0.0256410256410256,0.0256410256410256,0.0,0.0,0.0,0.3717948717948718,0.358974358974359,0.0128205128205128,0.0,0.0,0.0,0.0,0.0,0.0,0.0,0.0256410256410256,0.0128205128205128,0.0128205128205128,0.0,0.0897435897435897,0.0256410256410256,0.0256410256410256,0.0,0.0384615384615384,14
41,0.0384615384615384,0.0384615384615384,0.1153846153846153,0.2307692307692307,0.2179487179487179,0.0256410256410256,0.0,0.0,0.0,0.0,0.0,0.0,0.0,0.0,0.0384615384615384,0.0512820512820512,0.0769230769230769,0.0128205128205128,0.0,0.0,0.0,0.0,0.0256410256410256,0.0256410256410256,14
42,0.2051282051282051,0.0641025641025641,0.0,0.0384615384615384,0.0384615384615384,0.2564102564102564,0.0,0.0,0.0,0.0,0.0,0.0,0.0,0.0256410256410256,0.0384615384615384,0.0128205128205128,0.0641025641025641,0.0,0.0,0.0,0.0,0.0,0.0256410256410256,0.0384615384615384,14
43,0.1794871794871795,0.0128205128205128,0.141025641025641,0.1538461538461538,0.141025641025641,0.0,0.0,0.1282051282051282,0.0,0.0,0.0,0.0,0.0,0.0256410256410256,0.0,0.0,0.0384615384615384,0.0128205128205128,0.0,0.0,0.0512820512820512,0.0128205128205128,0.0256410256410256,0.0,14
44,0.2692307692307692,0.0641025641025641,0.2179487179487179,0.0384615384615384,0.0,0.282051282051282,0.0,0.0,0.0,0.0,0.0,0.0,0.0,0.0384615384615384,0.0,0.0,0.0256410256410256,0.0641025641025641,0.0,0.0,0.0,0.0256410256410256,0.0256410256410256,0.0256410256410256,28
45,0.0641025641025641,0.2307692307692307,0.1666666666666666,0.2564102564102564,0.2564102564102564,0.0384615384615384,0.0,0.0,0.0,0.0,0.0,0.0,0.0,0.0384615384615384,0.0,0.0,0.0,0.0512820512820512,0.0128205128205128,0.0128205128205128,0.0128205128205128,0.0,0.0128205128205128,0.0384615384615384,14
46,0.1282051282051282,0.0128205128205128,0.0,0.1282051282051282,0.2435897435897435,0.1153846153846153,0.0128205128205128,0.0,0.0,0.0,0.0,0.0,0.0,0.0256410256410256,0.0,0.0,0.0,0.0512820512820512,0.0512820512820512,0.0384615384615384,0.0,0.1153846153846153,0.1153846153846153,0.0769230769230769,14
47,0.1282051282051282,0.0,0.0128205128205128,0.2307692307692307,0.3333333333333333,0.0128205128205128,0.0256410256410256,0.0,0.0,0.0128205128205128,0.0,0.0,0.0256410256410256,0.0,0.0128205128205128,0.0641025641025641,0.0128205128205128,0.0128205128205128,0.0128205128205128,0.0,0.0,0.0128205128205128,0.0,0.2692307692307692,14
48,0.0,0.0128205128205128,0.3461538461538461,0.2435897435897435,0.0128205128205128,0.0128205128205128,0.0,0.0,0.0,0.0256410256410256,0.0,0.0,0.0,0.0,0.1153846153846153,0.0128205128205128,0.0769230769230769,0.1153846153846153,0.0256410256410256,0.0512820512820512,0.0897435897435897,0.0,0.0128205128205128,0.0128205128205128,28
49,0.2179487179487179,0.0641025641025641,0.3076923076923077,0.5128205128205128,0.0256410256410256,0.0256410256410256,0.0,0.0,0.0,0.0,0.0,0.0,0.0,0.0,0.0512820512820512,0.0384615384615384,0.0641025641025641,0.0384615384615384,0.0897435897435897,0.0256410256410256,0.0128205128205128,0.0256410256410256,0.0384615384615384,0.1025641025641025,28
50,0.0256410256410256,0.1666666666666666,0.2692307692307692,0.141025641025641,0.0,0.2564102564102564,0.0128205128205128,0.0,0.0,0.0,0.0,0.0,0.0,0.0512820512820512,0.0256410256410256,0.0,0.0897435897435897,0.0384615384615384,0.0,0.0,0.1025641025641025,0.0641025641025641,0.0256410256410256,0.0512820512820512,28
51,0.0512820512820512,0.1538461538461538,0.141025641025641,0.3076923076923077,0.0,0.141025641025641,0.0256410256410256,0.0,0.0,0.0,0.0,0.0,0.0,0.0256410256410256,0.0897435897435897,0.1025641025641025,0.0256410256410256,0.0,0.0641025641025641,0.0,0.0,0.0128205128205128,0.0384615384615384,0.0384615384615384,28
52,0.1153846153846153,0.0769230769230769,0.2179487179487179,0.1153846153846153,0.2692307692307692,0.0128205128205128,0.0256410256410256,0.0,0.0,0.0,0.0,0.0,0.0,0.1282051282051282,0.0769230769230769,0.0512820512820512,0.0256410256410256,0.0256410256410256,0.0384615384615384,0.0,0.0897435897435897,0.0,0.0256410256410256,0.0256410256410256,14
53,0.2692307692307692,0.1923076923076923,0.3333333333333333,0.1794871794871795,0.0,0.0128205128205128,0.0,0.0,0.0,0.0,0.0,0.0,0.0,0.0384615384615384,0.0641025641025641,0.1025641025641025,0.0512820512820512,0.0641025641025641,0.0256410256410256,0.1025641025641025,0.0,0.0128205128205128,0.1282051282051282,0.0128205128205128,28
54,0.0128205128205128,0.3333333333333333,0.0128205128205128,0.358974358974359,0.0,0.0128205128205128,0.0,0.0,0.0,0.0,0.0,0.0,0.0,0.0512820512820512,0.0256410256410256,0.0641025641025641,0.0256410256410256,0.0256410256410256,0.0,0.0,0.0256410256410256,0.0,0.1153846153846153,0.1923076923076923,28
55,0.0,0.0512820512820512,0.0,0.3076923076923077,0.0512820512820512,0.0,0.0,0.0,0.0,0.0384615384615384,0.0,0.0,0.0,0.0,0.0769230769230769,0.0897435897435897,0.141025641025641,0.1153846153846153,0.0,0.0,0.0128205128205128,0.0,0.0128205128205128,0.1153846153846153,28
56,0.0128205128205128,0.1153846153846153,0.0769230769230769,0.4358974358974359,0.1666666666666666,0.0256410256410256,0.0,0.0,0.0,0.0,0.0,0.0128205128205128,0.0384615384615384,0.0256410256410256,0.0,0.0,0.0384615384615384,0.0128205128205128,0.0128205128205128,0.0,0.0512820512820512,0.0,0.0256410256410256,0.0,28
57,0.1538461538461538,0.141025641025641,0.2435897435897435,0.0,0.0128205128205128,0.0128205128205128,0.0,0.0,0.0,0.0,0.0,0.0,0.0,0.0256410256410256,0.0384615384615384,0.0,0.0128205128205128,0.0128205128205128,0.0769230769230769,0.0128205128205128,0.0256410256410256,0.0,0.0641025641025641,0.1025641025641025,14
58,0.0256410256410256,0.0128205128205128,0.3205128205128205,0.2435897435897435,0.0128205128205128,0.0,0.0,0.0,0.0,0.0,0.0,0.0,0.0,0.0256410256410256,0.0,0.0256410256410256,0.0384615384615384,0.0,0.0,0.0,0.0,0.0,0.0512820512820512,0.0128205128205128,28
59,0.0,0.0128205128205128,0.141025641025641,0.3333333333333333,0.1282051282051282,0.0256410256410256,0.0,0.0,0.0,0.0,0.0,0.0,0.0,0.0,0.0769230769230769,0.0256410256410256,0.0128205128205128,0.0,0.0,0.0,0.0,0.0128205128205128,0.0,0.0256410256410256,28
60,0.1794871794871795,0.0384615384615384,0.2179487179487179,0.2051282051282051,0.0128205128205128,0.0,0.1282051282051282,0.0,0.0,0.0,0.0,0.0,0.0,0.0,0.0,0.0641025641025641,0.1153846153846153,0.0,0.0128205128205128,0.0128205128205128,0.0128205128205128,0.1025641025641025,0.2435897435897435,0.0256410256410256,28
0,0.0256410256410256,0.2435897435897435,0.2179487179487179,0.3333333333333333,0.1282051282051282,0.0128205128205128,0.0,0.0,0.0,0.0,0.0,0.0,0.0,0.0384615384615384,0.0,0.0384615384615384,0.0384615384615384,0.141025641025641,0.0384615384615384,0.0,0.0,0.0,0.0256410256410256,0.0256410256410256,10
1,0.1282051282051282,0.0384615384615384,0.1538461538461538,0.1923076923076923,0.282051282051282,0.0,0.0384615384615384,0.0,0.0,0.0,0.0,0.0,0.0,0.0256410256410256,0.0,0.0256410256410256,0.0256410256410256,0.0,0.0,0.0,0.0,0.0,0.0384615384615384,0.2051282051282051,14
2,0.0256410256410256,0.2564102564102564,0.0641025641025641,0.3846153846153846,0.0,0.0,0.1794871794871795,0.0,0.0,0.0,0.0,0.0,0.0,0.0256410256410256,0.0,0.0,0.0256410256410256,0.0641025641025641,0.0384615384615384,0.0,0.0,0.0,0.0256410256410256,0.0897435897435897,10
3,0.0512820512820512,0.0512820512820512,0.141025641025641,0.1538461538461538,0.358974358974359,0.1666666666666666,0.0,0.0,0.0,0.0,0.0,0.0,0.0,0.0256410256410256,0.0,0.0128205128205128,0.0641025641025641,0.0128205128205128,0.0,0.0,0.0,0.0,0.1153846153846153,0.0256410256410256,14
4,0.1153846153846153,0.1923076923076923,0.282051282051282,0.2307692307692307,0.0,0.0,0.0,0.0,0.0,0.0,0.0,0.0,0.0,0.0,0.0,0.0769230769230769,0.0641025641025641,0.0,0.0,0.0128205128205128,0.0,0.0,0.0128205128205128,0.2692307692307692,58
5,0.0641025641025641,0.2564102564102564,0.1666666666666666,0.0,0.2179487179487179,0.0,0.0128205128205128,0.0,0.0,0.0,0.0,0.0,0.0,0.0,0.0256410256410256,0.0512820512820512,0.0,0.0,0.0,0.0,0.0,0.0,0.0128205128205128,0.0,14
6,0.0384615384615384,0.0512820512820512,0.2051282051282051,0.3205128205128205,0.0,0.0,0.0128205128205128,0.0,0.0,0.0,0.0,0.0,0.0,0.0,0.0,0.0,0.0256410256410256,0.1794871794871795,0.0,0.0,0.0,0.0,0.0,0.0,58
7,0.0,0.0,0.0641025641025641,0.1923076923076923,0.3076923076923077,0.0,0.0,0.0,0.0,0.0,0.0,0.0,0.0,0.0,0.0,0.0,0.0,0.0641025641025641,0.0128205128205128,0.0,0.0128205128205128,0.0512820512820512,0.0,0.1153846153846153,14
8,0.0769230769230769,0.0128205128205128,0.2051282051282051,0.141025641025641,0.2692307692307692,0.0641025641025641,0.1025641025641025,0.0128205128205128,0.0,0.0,0.0,0.0,0.0,0.0,0.0,0.141025641025641,0.0,0.0256410256410256,0.0512820512820512,0.141025641025641,0.0,0.0128205128205128,0.0256410256410256,0.1025641025641025,14
9,0.2564102564102564,0.1666666666666666,0.1666666666666666,0.2692307692307692,0.1794871794871795,0.0,0.0128205128205128,0.0,0.0,0.0,0.0,0.0,0.0,0.0384615384615384,0.0,0.0641025641025641,0.0128205128205128,0.0,0.0128205128205128,0.0,0.0,0.0,0.0512820512820512,0.1794871794871795,10
10,0.0769230769230769,0.2051282051282051,0.0897435897435897,0.3205128205128205,0.0512820512820512,0.1538461538461538,0.0,0.0,0.0,0.0,0.0,0.0,0.0,0.0512820512820512,0.0,0.0,0.0512820512820512,0.0512820512820512,0.0,0.0,0.0,0.0256410256410256,0.0,0.0256410256410256,10
11,0.1794871794871795,0.0128205128205128,0.2051282051282051,0.3717948717948718,0.0897435897435897,0.0256410256410256,0.0,0.0,0.0,0.0,0.0,0.0,0.0,0.0384615384615384,0.0,0.0,0.0384615384615384,0.0512820512820512,0.0128205128205128,0.0256410256410256,0.0,0.0,0.0256410256410256,0.0128205128205128,49
12,0.2179487179487179,0.0128205128205128,0.1923076923076923,0.0512820512820512,0.4230769230769231,0.0256410256410256,0.0,0.0,0.0,0.0,0.0,0.0,0.0,0.0,0.0,0.0897435897435897,0.0,0.0128205128205128,0.0256410256410256,0.0384615384615384,0.0128205128205128,0.0,0.0128205128205128,0.0,14
13,0.0897435897435897,0.0,0.0128205128205128,0.0,0.282051282051282,0.0,0.0,0.0,0.0256410256410256,0.0,0.0,0.0,0.0,0.0,0.0,0.1794871794871795,0.3205128205128205,0.0641025641025641,0.0256410256410256,0.0384615384615384,0.1666666666666666,0.0641025641025641,0.0,0.0,14
14,0.0,0.0,0.1282051282051282,0.1666666666666666,0.2307692307692307,0.0,0.0384615384615384,0.0,0.0,0.0,0.0,0.0,0.0,0.0512820512820512,0.0,0.0,0.0,0.0512820512820512,0.0256410256410256,0.0,0.0128205128205128,0.0,0.0384615384615384,0.0256410256410256,14
15,0.2948717948717949,0.0128205128205128,0.2948717948717949,0.1923076923076923,0.0,0.0128205128205128,0.0256410256410256,0.0,0.0,0.0,0.0,0.0,0.0,0.0384615384615384,0.0,0.0897435897435897,0.0128205128205128,0.0256410256410256,0.0256410256410256,0.0,0.0512820512820512,0.0,0.0256410256410256,0.0897435897435897,58
16,0.1666666666666666,0.0512820512820512,0.2051282051282051,0.4743589743589743,0.0384615384615384,0.0,0.0,0.0,0.0,0.0,0.0128205128205128,0.0,0.0,0.0384615384615384,0.0,0.0,0.0641025641025641,0.0769230769230769,0.1794871794871795,0.0,0.0769230769230769,0.0,0.0512820512820512,0.1153846153846153,49
17,0.358974358974359,0.0,0.0128205128205128,0.0128205128205128,0.0,0.1794871794871795,0.2435897435897435,0.0,0.0,0.0,0.0,0.0,0.0,0.0256410256410256,0.0,0.0128205128205128,0.0641025641025641,0.0128205128205128,0.0128205128205128,0.0,0.0,0.0,0.0256410256410256,0.0128205128205128,10
18,0.141025641025641,0.0,0.1923076923076923,0.0,0.1282051282051282,0.1794871794871795,0.0,0.0,0.0,0.0,0.0,0.0,0.0,0.0512820512820512,0.0,0.0128205128205128,0.0256410256410256,0.0128205128205128,0.0641025641025641,0.0128205128205128,0.0,0.0,0.0256410256410256,0.0128205128205128,14
19,0.0256410256410256,0.0384615384615384,0.1794871794871795,0.0641025641025641,0.5256410256410257,0.0128205128205128,0.0,0.0,0.0,0.0,0.0,0.0,0.0,0.0,0.0,0.0512820512820512,0.0641025641025641,0.0,0.0256410256410256,0.1923076923076923,0.0128205128205128,0.0256410256410256,0.0769230769230769,0.1794871794871795,14
20,0.1025641025641025,0.0384615384615384,0.3461538461538461,0.2564102564102564,0.0,0.0,0.0128205128205128,0.0,0.0256410256410256,0.0,0.0,0.0,0.0,0.0,0.0,0.0,0.0641025641025641,0.0128205128205128,0.0256410256410256,0.1666666666666666,0.0512820512820512,0.0256410256410256,0.0128205128205128,0.0,58
21,0.0256410256410256,0.0512820512820512,0.1794871794871795,0.1794871794871795,0.0769230769230769,0.1923076923076923,0.0,0.0,0.0,0.0,0.0,0.0,0.0,0.0256410256410256,0.0,0.0,0.0641025641025641,0.0512820512820512,0.0897435897435897,0.0,0.0,0.0128205128205128,0.0128205128205128,0.0128205128205128,10
22,0.141025641025641,0.0512820512820512,0.1923076923076923,0.2435897435897435,0.3461538461538461,0.0,0.0,0.0,0.0,0.0,0.0,0.0,0.0,0.0384615384615384,0.0256410256410256,0.0,0.0128205128205128,0.0,0.0,0.0,0.0,0.0,0.0,0.0897435897435897,14
23,0.0384615384615384,0.2179487179487179,0.0384615384615384,0.5512820512820513,0.1025641025641025,0.0,0.0,0.0,0.0,0.0,0.0,0.0,0.0,0.0256410256410256,0.0128205128205128,0.0,0.0256410256410256,0.0,0.0,0.0,0.0,0.0,0.0256410256410256,0.0128205128205128,10
24,0.0128205128205128,0.0256410256410256,0.1282051282051282,0.1153846153846153,0.358974358974359,0.0,0.0128205128205128,0.0,0.0,0.0,0.0,0.0,0.0,0.0256410256410256,0.0,0.0128205128205128,0.0512820512820512,0.0769230769230769,0.0,0.0,0.0,0.0,0.0384615384615384,0.0128205128205128,14
25,0.1282051282051282,0.0,0.0512820512820512,0.1538461538461538,0.3717948717948718,0.0,0.0,0.0,0.0,0.0,0.0,0.0,0.0,0.0256410256410256,0.0,0.0128205128205128,0.0384615384615384,0.1025641025641025,0.0,0.0,0.0,0.0,0.0256410256410256,0.0,14
26,0.141025641025641,0.0512820512820512,0.0,0.1666666666666666,0.2307692307692307,0.1794871794871795,0.0,0.0,0.0,0.0,0.0,0.0,0.0256410256410256,0.0,0.0,0.0128205128205128,0.0897435897435897,0.1923076923076923,0.0,0.0256410256410256,0.0769230769230769,0.0,0.0,0.0,14
27,0.0897435897435897,0.0256410256410256,0.2948717948717949,0.3076923076923077,0.0256410256410256,0.0,0.0,0.0,0.0,0.0,0.0,0.0,0.0,0.0,0.0,0.0384615384615384,0.0256410256410256,0.0128205128205128,0.0,0.0256410256410256,0.141025641025641,0.0641025641025641,0.0,0.0,58
28,0.0,0.0,0.141025641025641,0.282051282051282,0.0,0.0,0.0,0.0384615384615384,0.0,0.0,0.0,0.0,0.0,0.0,0.0,0.0256410256410256,0.0769230769230769,0.0641025641025641,0.0512820512820512,0.0512820512820512,0.0,0.0,0.0,0.0128205128205128,58
29,0.141025641025641,0.3205128205128205,0.4615384615384615,0.0128205128205128,0.1538461538461538,0.2564102564102564,0.0,0.0,0.0,0.0,0.0,0.0,0.0,0.0384615384615384,0.0,0.0256410256410256,0.0128205128205128,0.0,0.0,0.0,0.0,0.0,0.0256410256410256,0.0,58
30,0.0,0.0,0.0,0.0,0.141025641025641,0.0,0.0,0.0,0.0,0.0,0.0,0.0,0.0,0.0,0.0128205128205128,0.0512820512820512,0.0128205128205128,0.0,0.0,0.0,0.0,0.0,0.0,0.0,14
31,0.0,0.0512820512820512,0.0,0.1794871794871795,0.0,0.0,0.0,0.0,0.0,0.0,0.0,0.0,0.0,0.0,0.0,0.0128205128205128,0.0,0.0256410256410256,0.0,0.0,0.0,0.0,0.0384615384615384,0.0384615384615384,14
32,0.0256410256410256,0.0,0.141025641025641,0.0,0.0,0.0,0.0,0.0,0.0,0.0,0.0,0.0,0.0,0.0,0.0,0.0,0.0384615384615384,0.0128205128205128,0.0,0.0256410256410256,0.0,0.0,0.0,0.0128205128205128,14
33,0.0256410256410256,0.0512820512820512,0.0,0.141025641025641,0.0,0.0,0.0,0.0,0.0,0.0,0.0,0.0,0.0,0.0,0.0384615384615384,0.0,0.0,0.0,0.0,0.0256410256410256,0.0,0.0,0.0,0.0,14
34,0.0641025641025641,0.0512820512820512,0.0,0.0256410256410256,0.1025641025641025,0.0128205128205128,0.0,0.0,0.0,0.0,0.0,0.0,0.0,0.0,0.0,0.0256410256410256,0.0,0.0,0.0128205128205128,0.0,0.0,0.0,0.0,0.0,14
35,0.0,0.0,0.0512820512820512,0.0,0.1538461538461538,0.0,0.0,0.0,0.0,0.0,0.0,0.0,0.0,0.0,0.0256410256410256,0.0128205128205128,0.0,0.0128205128205128,0.0,0.0,0.0,0.0128205128205128,0.0128205128205128,0.0128205128205128,14
36,0.0128205128205128,0.0512820512820512,0.0,0.0256410256410256,0.1282051282051282,0.0,0.0,0.0,0.0,0.0,0.0,0.0,0.0,0.0,0.0,0.0256410256410256,0.3333333333333333,0.2307692307692307,0.0384615384615384,0.0128205128205128,0.0256410256410256,0.0,0.0,0.1666666666666666,14
37,0.1794871794871795,0.0384615384615384,0.2179487179487179,0.0128205128205128,0.0,0.0128205128205128,0.0,0.0,0.0,0.0,0.0,0.0,0.0,0.0,0.0,0.0,0.0384615384615384,0.0256410256410256,0.0512820512820512,0.0128205128205128,0.0,0.0,0.0,0.1153846153846153,58
38,0.0897435897435897,0.1153846153846153,0.2692307692307692,0.1538461538461538,0.358974358974359,0.0,0.0,0.0,0.0,0.0,0.0,0.0,0.0,0.0384615384615384,0.0,0.0256410256410256,0.0,0.0769230769230769,0.0256410256410256,0.0,0.0897435897435897,0.0,0.0256410256410256,0.0,14
39,0.1923076923076923,0.0641025641025641,0.3974358974358974,0.1923076923076923,0.2692307692307692,0.0128205128205128,0.0128205128205128,0.0,0.0,0.0,0.0,0.0,0.0,0.0256410256410256,0.0256410256410256,0.0384615384615384,0.0,0.0,0.0,0.0,0.0,0.0,0.0256410256410256,0.0,58
40,0.0256410256410256,0.0256410256410256,0.0,0.0,0.0,0.3717948717948718,0.358974358974359,0.0128205128205128,0.0,0.0,0.0,0.0,0.0,0.0,0.0,0.0256410256410256,0.0128205128205128,0.0128205128205128,0.0,0.0897435897435897,0.0256410256410256,0.0256410256410256,0.0,0.0384615384615384,10
41,0.0384615384615384,0.0384615384615384,0.1153846153846153,0.2307692307692307,0.2179487179487179,0.0256410256410256,0.0,0.0,0.0,0.0,0.0,0.0,0.0,0.0,0.0384615384615384,0.0512820512820512,0.0769230769230769,0.0128205128205128,0.0,0.0,0.0,0.0,0.0256410256410256,0.0256410256410256,14
42,0.2051282051282051,0.0641025641025641,0.0,0.0384615384615384,0.0384615384615384,0.2564102564102564,0.0,0.0,0.0,0.0,0.0,0.0,0.0,0.0256410256410256,0.0384615384615384,0.0128205128205128,0.0641025641025641,0.0,0.0,0.0,0.0,0.0,0.0256410256410256,0.0384615384615384,10
43,0.1794871794871795,0.0128205128205128,0.141025641025641,0.1538461538461538,0.141025641025641,0.0,0.0,0.1282051282051282,0.0,0.0,0.0,0.0,0.0,0.0256410256410256,0.0,0.0,0.0384615384615384,0.0128205128205128,0.0,0.0,0.0512820512820512,0.0128205128205128,0.0256410256410256,0.0,14
44,0.2692307692307692,0.0641025641025641,0.2179487179487179,0.0384615384615384,0.0,0.282051282051282,0.0,0.0,0.0,0.0,0.0,0.0,0.0,0.0384615384615384,0.0,0.0,0.0256410256410256,0.0641025641025641,0.0,0.0,0.0,0.0256410256410256,0.0256410256410256,0.0256410256410256,10
45,0.0641025641025641,0.2307692307692307,0.1666666666666666,0.2564102564102564,0.2564102564102564,0.0384615384615384,0.0,0.0,0.0,0.0,0.0,0.0,0.0,0.0384615384615384,0.0,0.0,0.0,0.0512820512820512,0.0128205128205128,0.0128205128205128,0.0128205128205128,0.0,0.0128205128205128,0.0384615384615384,10
46,0.1282051282051282,0.0128205128205128,0.0,0.1282051282051282,0.2435897435897435,0.1153846153846153,0.0128205128205128,0.0,0.0,0.0,0.0,0.0,0.0,0.0256410256410256,0.0,0.0,0.0,0.0512820512820512,0.0512820512820512,0.0384615384615384,0.0,0.1153846153846153,0.1153846153846153,0.0769230769230769,14
47,0.1282051282051282,0.0,0.0128205128205128,0.2307692307692307,0.3333333333333333,0.0128205128205128,0.0256410256410256,0.0,0.0,0.0128205128205128,0.0,0.0,0.0256410256410256,0.0,0.0128205128205128,0.0641025641025641,0.0128205128205128,0.0128205128205128,0.0128205128205128,0.0,0.0,0.0128205128205128,0.0,0.2692307692307692,14
48,0.0,0.0128205128205128,0.3461538461538461,0.2435897435897435,0.0128205128205128,0.0128205128205128,0.0,0.0,0.0,0.0256410256410256,0.0,0.0,0.0,0.0,0.1153846153846153,0.0128205128205128,0.0769230769230769,0.1153846153846153,0.0256410256410256,0.0512820512820512,0.0897435897435897,0.0,0.0128205128205128,0.0128205128205128,58
49,0.2179487179487179,0.0641025641025641,0.3076923076923077,0.5128205128205128,0.0256410256410256,0.0256410256410256,0.0,0.0,0.0,0.0,0.0,0.0,0.0,0.0,0.0512820512820512,0.0384615384615384,0.0641025641025641,0.0384615384615384,0.0897435897435897,0.0256410256410256,0.0128205128205128,0.0256410256410256,0.0384615384615384,0.1025641025641025,49
50,0.0256410256410256,0.1666666666666666,0.2692307692307692,0.141025641025641,0.0,0.2564102564102564,0.0128205128205128,0.0,0.0,0.0,0.0,0.0,0.0,0.0512820512820512,0.0256410256410256,0.0,0.0897435897435897,0.0384615384615384,0.0,0.0,0.1025641025641025,0.0641025641025641,0.0256410256410256,0.0512820512820512,10
51,0.0512820512820512,0.1538461538461538,0.141025641025641,0.3076923076923077,0.0,0.141025641025641,0.0256410256410256,0.0,0.0,0.0,0.0,0.0,0.0,0.0256410256410256,0.0897435897435897,0.1025641025641025,0.0256410256410256,0.0,0.0641025641025641,0.0,0.0,0.0128205128205128,0.0384615384615384,0.0384615384615384,10
52,0.1153846153846153,0.0769230769230769,0.2179487179487179,0.1153846153846153,0.2692307692307692,0.0128205128205128,0.0256410256410256,0.0,0.0,0.0,0.0,0.0,0.0,0.1282051282051282,0.0769230769230769,0.0512820512820512,0.0256410256410256,0.0256410256410256,0.0384615384615384,0.0,0.0897435897435897,0.0,0.0256410256410256,0.0256410256410256,14
53,0.2692307692307692,0.1923076923076923,0.3333333333333333,0.1794871794871795,0.0,0.0128205128205128,0.0,0.0,0.0,0.0,0.0,0.0,0.0,0.0384615384615384,0.0641025641025641,0.1025641025641025,0.0512820512820512,0.0641025641025641,0.0256410256410256,0.1025641025641025,0.0,0.0128205128205128,0.1282051282051282,0.0128205128205128,58
54,0.0128205128205128,0.3333333333333333,0.0128205128205128,0.358974358974359,0.0,0.0128205128205128,0.0,0.0,0.0,0.0,0.0,0.0,0.0,0.0512820512820512,0.0256410256410256,0.0641025641025641,0.0256410256410256,0.0256410256410256,0.0,0.0,0.0256410256410256,0.0,0.1153846153846153,0.1923076923076923,10
55,0.0,0.0512820512820512,0.0,0.3076923076923077,0.0512820512820512,0.0,0.0,0.0,0.0,0.0384615384615384,0.0,0.0,0.0,0.0,0.0769230769230769,0.0897435897435897,0.141025641025641,0.1153846153846153,0.0,0.0,0.0128205128205128,0.0,0.0128205128205128,0.1153846153846153,10
56,0.0128205128205128,0.1153846153846153,0.0769230769230769,0.4358974358974359,0.1666666666666666,0.0256410256410256,0.0,0.0,0.0,0.0,0.0,0.0128205128205128,0.0384615384615384,0.0256410256410256,0.0,0.0,0.0384615384615384,0.0128205128205128,0.0128205128205128,0.0,0.0512820512820512,0.0,0.0256410256410256,0.0,10
57,0.1538461538461538,0.141025641025641,0.2435897435897435,0.0,0.0128205128205128,0.0128205128205128,0.0,0.0,0.0,0.0,0.0,0.0,0.0,0.0256410256410256,0.0384615384615384,0.0,0.0128205128205128,0.0128205128205128,0.0769230769230769,0.0128205128205128,0.0256410256410256,0.0,0.0641025641025641,0.1025641025641025,58
58,0.0256410256410256,0.0128205128205128,0.3205128205128205,0.2435897435897435,0.0128205128205128,0.0,0.0,0.0,0.0,0.0,0.0,0.0,0.0,0.0256410256410256,0.0,0.0256410256410256,0.0384615384615384,0.0,0.0,0.0,0.0,0.0,0.0512820512820512,0.0128205128205128,58
59,0.0,0.0128205128205128,0.141025641025641,0.3333333333333333,0.1282051282051282,0.0256410256410256,0.0,0.0,0.0,0.0,0.0,0.0,0.0,0.0,0.0769230769230769,0.0256410256410256,0.0128205128205128,0.0,0.0,0.0,0.0,0.0128205128205128,0.0,0.0256410256410256,14
60,0.1794871794871795,0.0384615384615384,0.2179487179487179,0.2051282051282051,0.0128205128205128,0.0,0.1282051282051282,0.0,0.0,0.0,0.0,0.0,0.0,0.0,0.0,0.0641025641025641,0.1153846153846153,0.0,0.0128205128205128,0.0128205128205128,0.0128205128205128,0.1025641025641025,0.2435897435897435,0.0256410256410256,58
0,0.0256410256410256,0.2435897435897435,0.2179487179487179,0.3333333333333333,0.1282051282051282,0.0128205128205128,0.0,0.0,0.0,0.0,0.0,0.0,0.0,0.0384615384615384,0.0,0.0384615384615384,0.0384615384615384,0.141025641025641,0.0384615384615384,0.0,0.0,0.0,0.0256410256410256,0.0256410256410256,45
1,0.1282051282051282,0.0384615384615384,0.1538461538461538,0.1923076923076923,0.282051282051282,0.0,0.0384615384615384,0.0,0.0,0.0,0.0,0.0,0.0,0.0256410256410256,0.0,0.0256410256410256,0.0256410256410256,0.0,0.0,0.0,0.0,0.0,0.0384615384615384,0.2051282051282051,22
2,0.0256410256410256,0.2564102564102564,0.0641025641025641,0.3846153846153846,0.0,0.0,0.1794871794871795,0.0,0.0,0.0,0.0,0.0,0.0,0.0256410256410256,0.0,0.0,0.0256410256410256,0.0641025641025641,0.0384615384615384,0.0,0.0,0.0,0.0256410256410256,0.0897435897435897,23
3,0.0512820512820512,0.0512820512820512,0.141025641025641,0.1538461538461538,0.358974358974359,0.1666666666666666,0.0,0.0,0.0,0.0,0.0,0.0,0.0,0.0256410256410256,0.0,0.0128205128205128,0.0641025641025641,0.0128205128205128,0.0,0.0,0.0,0.0,0.1153846153846153,0.0256410256410256,22
4,0.1153846153846153,0.1923076923076923,0.282051282051282,0.2307692307692307,0.0,0.0,0.0,0.0,0.0,0.0,0.0,0.0,0.0,0.0,0.0,0.0769230769230769,0.0641025641025641,0.0,0.0,0.0128205128205128,0.0,0.0,0.0128205128205128,0.2692307692307692,28
5,0.0641025641025641,0.2564102564102564,0.1666666666666666,0.0,0.2179487179487179,0.0,0.0128205128205128,0.0,0.0,0.0,0.0,0.0,0.0,0.0,0.0256410256410256,0.0512820512820512,0.0,0.0,0.0,0.0,0.0,0.0,0.0128205128205128,0.0,45
6,0.0384615384615384,0.0512820512820512,0.2051282051282051,0.3205128205128205,0.0,0.0,0.0128205128205128,0.0,0.0,0.0,0.0,0.0,0.0,0.0,0.0,0.0,0.0256410256410256,0.1794871794871795,0.0,0.0,0.0,0.0,0.0,0.0,28
7,0.0,0.0,0.0641025641025641,0.1923076923076923,0.3076923076923077,0.0,0.0,0.0,0.0,0.0,0.0,0.0,0.0,0.0,0.0,0.0,0.0,0.0641025641025641,0.0128205128205128,0.0,0.0128205128205128,0.0512820512820512,0.0,0.1153846153846153,22
8,0.0769230769230769,0.0128205128205128,0.2051282051282051,0.141025641025641,0.2692307692307692,0.0641025641025641,0.1025641025641025,0.0128205128205128,0.0,0.0,0.0,0.0,0.0,0.0,0.0,0.141025641025641,0.0,0.0256410256410256,0.0512820512820512,0.141025641025641,0.0,0.0128205128205128,0.0256410256410256,0.1025641025641025,22
9,0.2564102564102564,0.1666666666666666,0.1666666666666666,0.2692307692307692,0.1794871794871795,0.0,0.0128205128205128,0.0,0.0,0.0,0.0,0.0,0.0,0.0384615384615384,0.0,0.0641025641025641,0.0128205128205128,0.0,0.0128205128205128,0.0,0.0,0.0,0.0512820512820512,0.1794871794871795,22
10,0.0769230769230769,0.2051282051282051,0.0897435897435897,0.3205128205128205,0.0512820512820512,0.1538461538461538,0.0,0.0,0.0,0.0,0.0,0.0,0.0,0.0512820512820512,0.0,0.0,0.0512820512820512,0.0512820512820512,0.0,0.0,0.0,0.0256410256410256,0.0,0.0256410256410256,45
11,0.1794871794871795,0.0128205128205128,0.2051282051282051,0.3717948717948718,0.0897435897435897,0.0256410256410256,0.0,0.0,0.0,0.0,0.0,0.0,0.0,0.0384615384615384,0.0,0.0,0.0384615384615384,0.0512820512820512,0.0128205128205128,0.0256410256410256,0.0,0.0,0.0256410256410256,0.0128205128205128,28
12,0.2179487179487179,0.0128205128205128,0.1923076923076923,0.0512820512820512,0.4230769230769231,0.0256410256410256,0.0,0.0,0.0,0.0,0.0,0.0,0.0,0.0,0.0,0.0897435897435897,0.0,0.0128205128205128,0.0256410256410256,0.0384615384615384,0.0128205128205128,0.0,0.0128205128205128,0.0,22
13,0.0897435897435897,0.0,0.0128205128205128,0.0,0.282051282051282,0.0,0.0,0.0,0.0256410256410256,0.0,0.0,0.0,0.0,0.0,0.0,0.1794871794871795,0.3205128205128205,0.0641025641025641,0.0256410256410256,0.0384615384615384,0.1666666666666666,0.0641025641025641,0.0,0.0,13
14,0.0,0.0,0.1282051282051282,0.1666666666666666,0.2307692307692307,0.0,0.0384615384615384,0.0,0.0,0.0,0.0,0.0,0.0,0.0512820512820512,0.0,0.0,0.0,0.0512820512820512,0.0256410256410256,0.0,0.0128205128205128,0.0,0.0384615384615384,0.0256410256410256,22
15,0.2948717948717949,0.0128205128205128,0.2948717948717949,0.1923076923076923,0.0,0.0128205128205128,0.0256410256410256,0.0,0.0,0.0,0.0,0.0,0.0,0.0384615384615384,0.0,0.0897435897435897,0.0128205128205128,0.0256410256410256,0.0256410256410256,0.0,0.0512820512820512,0.0,0.0256410256410256,0.0897435897435897,28
16,0.1666666666666666,0.0512820512820512,0.2051282051282051,0.4743589743589743,0.0384615384615384,0.0,0.0,0.0,0.0,0.0,0.0128205128205128,0.0,0.0,0.0384615384615384,0.0,0.0,0.0641025641025641,0.0769230769230769,0.1794871794871795,0.0,0.0769230769230769,0.0,0.0512820512820512,0.1153846153846153,28
17,0.358974358974359,0.0,0.0128205128205128,0.0128205128205128,0.0,0.1794871794871795,0.2435897435897435,0.0,0.0,0.0,0.0,0.0,0.0,0.0256410256410256,0.0,0.0128205128205128,0.0641025641025641,0.0128205128205128,0.0128205128205128,0.0,0.0,0.0,0.0256410256410256,0.0128205128205128,28
18,0.141025641025641,0.0,0.1923076923076923,0.0,0.1282051282051282,0.1794871794871795,0.0,0.0,0.0,0.0,0.0,0.0,0.0,0.0512820512820512,0.0,0.0128205128205128,0.0256410256410256,0.0128205128205128,0.0641025641025641,0.0128205128205128,0.0,0.0,0.0256410256410256,0.0128205128205128,22
19,0.0256410256410256,0.0384615384615384,0.1794871794871795,0.0641025641025641,0.5256410256410257,0.0128205128205128,0.0,0.0,0.0,0.0,0.0,0.0,0.0,0.0,0.0,0.0512820512820512,0.0641025641025641,0.0,0.0256410256410256,0.1923076923076923,0.0128205128205128,0.0256410256410256,0.0769230769230769,0.1794871794871795,22
20,0.1025641025641025,0.0384615384615384,0.3461538461538461,0.2564102564102564,0.0,0.0,0.0128205128205128,0.0,0.0256410256410256,0.0,0.0,0.0,0.0,0.0,0.0,0.0,0.0641025641025641,0.0128205128205128,0.0256410256410256,0.1666666666666666,0.0512820512820512,0.0256410256410256,0.0128205128205128,0.0,28
21,0.0256410256410256,0.0512820512820512,0.1794871794871795,0.1794871794871795,0.0769230769230769,0.1923076923076923,0.0,0.0,0.0,0.0,0.0,0.0,0.0,0.0256410256410256,0.0,0.0,0.0641025641025641,0.0512820512820512,0.0897435897435897,0.0,0.0,0.0128205128205128,0.0128205128205128,0.0128205128205128,28
22,0.141025641025641,0.0512820512820512,0.1923076923076923,0.2435897435897435,0.3461538461538461,0.0,0.0,0.0,0.0,0.0,0.0,0.0,0.0,0.0384615384615384,0.0256410256410256,0.0,0.0128205128205128,0.0,0.0,0.0,0.0,0.0,0.0,0.0897435897435897,22
23,0.0384615384615384,0.2179487179487179,0.0384615384615384,0.5512820512820513,0.1025641025641025,0.0,0.0,0.0,0.0,0.0,0.0,0.0,0.0,0.0256410256410256,0.0128205128205128,0.0,0.0256410256410256,0.0,0.0,0.0,0.0,0.0,0.0256410256410256,0.0128205128205128,23
24,0.0128205128205128,0.0256410256410256,0.1282051282051282,0.1153846153846153,0.358974358974359,0.0,0.0128205128205128,0.0,0.0,0.0,0.0,0.0,0.0,0.0256410256410256,0.0,0.0128205128205128,0.0512820512820512,0.0769230769230769,0.0,0.0,0.0,0.0,0.0384615384615384,0.0128205128205128,22
25,0.1282051282051282,0.0,0.0512820512820512,0.1538461538461538,0.3717948717948718,0.0,0.0,0.0,0.0,0.0,0.0,0.0,0.0,0.0256410256410256,0.0,0.0128205128205128,0.0384615384615384,0.1025641025641025,0.0,0.0,0.0,0.0,0.0256410256410256,0.0,22
26,0.141025641025641,0.0512820512820512,0.0,0.1666666666666666,0.2307692307692307,0.1794871794871795,0.0,0.0,0.0,0.0,0.0,0.0,0.0256410256410256,0.0,0.0,0.0128205128205128,0.0897435897435897,0.1923076923076923,0.0,0.0256410256410256,0.0769230769230769,0.0,0.0,0.0,45
27,0.0897435897435897,0.0256410256410256,0.2948717948717949,0.3076923076923077,0.0256410256410256,0.0,0.0,0.0,0.0,0.0,0.0,0.0,0.0,0.0,0.0,0.0384615384615384,0.0256410256410256,0.0128205128205128,0.0,0.0256410256410256,0.141025641025641,0.0641025641025641,0.0,0.0,28
28,0.0,0.0,0.141025641025641,0.282051282051282,0.0,0.0,0.0,0.0384615384615384,0.0,0.0,0.0,0.0,0.0,0.0,0.0,0.0256410256410256,0.0769230769230769,0.0641025641025641,0.0512820512820512,0.0512820512820512,0.0,0.0,0.0,0.0128205128205128,28
29,0.141025641025641,0.3205128205128205,0.4615384615384615,0.0128205128205128,0.1538461538461538,0.2564102564102564,0.0,0.0,0.0,0.0,0.0,0.0,0.0,0.0384615384615384,0.0,0.0256410256410256,0.0128205128205128,0.0,0.0,0.0,0.0,0.0,0.0256410256410256,0.0,45
30,0.0,0.0,0.0,0.0,0.141025641025641,0.0,0.0,0.0,0.0,0.0,0.0,0.0,0.0,0.0,0.0128205128205128,0.0512820512820512,0.0128205128205128,0.0,0.0,0.0,0.0,0.0,0.0,0.0,28
31,0.0,0.0512820512820512,0.0,0.1794871794871795,0.0,0.0,0.0,0.0,0.0,0.0,0.0,0.0,0.0,0.0,0.0,0.0128205128205128,0.0,0.0256410256410256,0.0,0.0,0.0,0.0,0.0384615384615384,0.0384615384615384,28
32,0.0256410256410256,0.0,0.141025641025641,0.0,0.0,0.0,0.0,0.0,0.0,0.0,0.0,0.0,0.0,0.0,0.0,0.0,0.0384615384615384,0.0128205128205128,0.0,0.0256410256410256,0.0,0.0,0.0,0.0128205128205128,28
33,0.0256410256410256,0.0512820512820512,0.0,0.141025641025641,0.0,0.0,0.0,0.0,0.0,0.0,0.0,0.0,0.0,0.0,0.0384615384615384,0.0,0.0,0.0,0.0,0.0256410256410256,0.0,0.0,0.0,0.0,28
34,0.0641025641025641,0.0512820512820512,0.0,0.0256410256410256,0.1025641025641025,0.0128205128205128,0.0,0.0,0.0,0.0,0.0,0.0,0.0,0.0,0.0,0.0256410256410256,0.0,0.0,0.0128205128205128,0.0,0.0,0.0,0.0,0.0,28
35,0.0,0.0,0.0512820512820512,0.0,0.1538461538461538,0.0,0.0,0.0,0.0,0.0,0.0,0.0,0.0,0.0,0.0256410256410256,0.0128205128205128,0.0,0.0128205128205128,0.0,0.0,0.0,0.0128205128205128,0.0128205128205128,0.0128205128205128,28
36,0.0128205128205128,0.0512820512820512,0.0,0.0256410256410256,0.1282051282051282,0.0,0.0,0.0,0.0,0.0,0.0,0.0,0.0,0.0,0.0,0.0256410256410256,0.3333333333333333,0.2307692307692307,0.0384615384615384,0.0128205128205128,0.0256410256410256,0.0,0.0,0.1666666666666666,13
37,0.1794871794871795,0.0384615384615384,0.2179487179487179,0.0128205128205128,0.0,0.0128205128205128,0.0,0.0,0.0,0.0,0.0,0.0,0.0,0.0,0.0,0.0,0.0384615384615384,0.0256410256410256,0.0512820512820512,0.0128205128205128,0.0,0.0,0.0,0.1153846153846153,28
38,0.0897435897435897,0.1153846153846153,0.2692307692307692,0.1538461538461538,0.358974358974359,0.0,0.0,0.0,0.0,0.0,0.0,0.0,0.0,0.0384615384615384,0.0,0.0256410256410256,0.0,0.0769230769230769,0.0256410256410256,0.0,0.0897435897435897,0.0,0.0256410256410256,0.0,22
39,0.1923076923076923,0.0641025641025641,0.3974358974358974,0.1923076923076923,0.2692307692307692,0.0128205128205128,0.0128205128205128,0.0,0.0,0.0,0.0,0.0,0.0,0.0256410256410256,0.0256410256410256,0.0384615384615384,0.0,0.0,0.0,0.0,0.0,0.0,0.0256410256410256,0.0,22
40,0.0256410256410256,0.0256410256410256,0.0,0.0,0.0,0.3717948717948718,0.358974358974359,0.0128205128205128,0.0,0.0,0.0,0.0,0.0,0.0,0.0,0.0256410256410256,0.0128205128205128,0.0128205128205128,0.0,0.0897435897435897,0.0256410256410256,0.0256410256410256,0.0,0.0384615384615384,28
41,0.0384615384615384,0.0384615384615384,0.1153846153846153,0.2307692307692307,0.2179487179487179,0.0256410256410256,0.0,0.0,0.0,0.0,0.0,0.0,0.0,0.0,0.0384615384615384,0.0512820512820512,0.0769230769230769,0.0128205128205128,0.0,0.0,0.0,0.0,0.0256410256410256,0.0256410256410256,22
42,0.2051282051282051,0.0641025641025641,0.0,0.0384615384615384,0.0384615384615384,0.2564102564102564,0.0,0.0,0.0,0.0,0.0,0.0,0.0,0.0256410256410256,0.0384615384615384,0.0128205128205128,0.0641025641025641,0.0,0.0,0.0,0.0,0.0,0.0256410256410256,0.0384615384615384,28
43,0.1794871794871795,0.0128205128205128,0.141025641025641,0.1538461538461538,0.141025641025641,0.0,0.0,0.1282051282051282,0.0,0.0,0.0,0.0,0.0,0.0256410256410256,0.0,0.0,0.0384615384615384,0.0128205128205128,0.0,0.0,0.0512820512820512,0.0128205128205128,0.0256410256410256,0.0,22
44,0.2692307692307692,0.0641025641025641,0.2179487179487179,0.0384615384615384,0.0,0.282051282051282,0.0,0.0,0.0,0.0,0.0,0.0,0.0,0.0384615384615384,0.0,0.0,0.0256410256410256,0.0641025641025641,0.0,0.0,0.0,0.0256410256410256,0.0256410256410256,0.0256410256410256,28
45,0.0641025641025641,0.2307692307692307,0.1666666666666666,0.2564102564102564,0.2564102564102564,0.0384615384615384,0.0,0.0,0.0,0.0,0.0,0.0,0.0,0.0384615384615384,0.0,0.0,0.0,0.0512820512820512,0.0128205128205128,0.0128205128205128,0.0128205128205128,0.0,0.0128205128205128,0.0384615384615384,45
46,0.1282051282051282,0.0128205128205128,0.0,0.1282051282051282,0.2435897435897435,0.1153846153846153,0.0128205128205128,0.0,0.0,0.0,0.0,0.0,0.0,0.0256410256410256,0.0,0.0,0.0,0.0512820512820512,0.0512820512820512,0.0384615384615384,0.0,0.1153846153846153,0.1153846153846153,0.0769230769230769,22
47,0.1282051282051282,0.0,0.0128205128205128,0.2307692307692307,0.3333333333333333,0.0128205128205128,0.0256410256410256,0.0,0.0,0.0128205128205128,0.0,0.0,0.0256410256410256,0.0,0.0128205128205128,0.0641025641025641,0.0128205128205128,0.0128205128205128,0.0128205128205128,0.0,0.0,0.0128205128205128,0.0,0.2692307692307692,22
48,0.0,0.0128205128205128,0.3461538461538461,0.2435897435897435,0.0128205128205128,0.0128205128205128,0.0,0.0,0.0,0.0256410256410256,0.0,0.0,0.0,0.0,0.1153846153846153,0.0128205128205128,0.0769230769230769,0.1153846153846153,0.0256410256410256,0.0512820512820512,0.0897435897435897,0.0,0.0128205128205128,0.0128205128205128,28
49,0.2179487179487179,0.0641025641025641,0.3076923076923077,0.5128205128205128,0.0256410256410256,0.0256410256410256,0.0,0.0,0.0,0.0,0.0,0.0,0.0,0.0,0.0512820512820512,0.0384615384615384,0.0641025641025641,0.0384615384615384,0.0897435897435897,0.0256410256410256,0.0128205128205128,0.0256410256410256,0.0384615384615384,0.1025641025641025,28
50,0.0256410256410256,0.1666666666666666,0.2692307692307692,0.141025641025641,0.0,0.2564102564102564,0.0128205128205128,0.0,0.0,0.0,0.0,0.0,0.0,0.0512820512820512,0.0256410256410256,0.0,0.0897435897435897,0.0384615384615384,0.0,0.0,0.1025641025641025,0.0641025641025641,0.0256410256410256,0.0512820512820512,28
51,0.0512820512820512,0.1538461538461538,0.141025641025641,0.3076923076923077,0.0,0.141025641025641,0.0256410256410256,0.0,0.0,0.0,0.0,0.0,0.0,0.0256410256410256,0.0897435897435897,0.1025641025641025,0.0256410256410256,0.0,0.0641025641025641,0.0,0.0,0.0128205128205128,0.0384615384615384,0.0384615384615384,28
52,0.1153846153846153,0.0769230769230769,0.2179487179487179,0.1153846153846153,0.2692307692307692,0.0128205128205128,0.0256410256410256,0.0,0.0,0.0,0.0,0.0,0.0,0.1282051282051282,0.0769230769230769,0.0512820512820512,0.0256410256410256,0.0256410256410256,0.0384615384615384,0.0,0.0897435897435897,0.0,0.0256410256410256,0.0256410256410256,22
53,0.2692307692307692,0.1923076923076923,0.3333333333333333,0.1794871794871795,0.0,0.0128205128205128,0.0,0.0,0.0,0.0,0.0,0.0,0.0,0.0384615384615384,0.0641025641025641,0.1025641025641025,0.0512820512820512,0.0641025641025641,0.0256410256410256,0.1025641025641025,0.0,0.0128205128205128,0.1282051282051282,0.0128205128205128,45
54,0.0128205128205128,0.3333333333333333,0.0128205128205128,0.358974358974359,0.0,0.0128205128205128,0.0,0.0,0.0,0.0,0.0,0.0,0.0,0.0512820512820512,0.0256410256410256,0.0641025641025641,0.0256410256410256,0.0256410256410256,0.0,0.0,0.0256410256410256,0.0,0.1153846153846153,0.1923076923076923,23
55,0.0,0.0512820512820512,0.0,0.3076923076923077,0.0512820512820512,0.0,0.0,0.0,0.0,0.0384615384615384,0.0,0.0,0.0,0.0,0.0769230769230769,0.0897435897435897,0.141025641025641,0.1153846153846153,0.0,0.0,0.0128205128205128,0.0,0.0128205128205128,0.1153846153846153,28
56,0.0128205128205128,0.1153846153846153,0.0769230769230769,0.4358974358974359,0.1666666666666666,0.0256410256410256,0.0,0.0,0.0,0.0,0.0,0.0128205128205128,0.0384615384615384,0.0256410256410256,0.0,0.0,0.0384615384615384,0.0128205128205128,0.0128205128205128,0.0,0.0512820512820512,0.0,0.0256410256410256,0.0,23
57,0.1538461538461538,0.141025641025641,0.2435897435897435,0.0,0.0128205128205128,0.0128205128205128,0.0,0.0,0.0,0.0,0.0,0.0,0.0,0.0256410256410256,0.0384615384615384,0.0,0.0128205128205128,0.0128205128205128,0.0769230769230769,0.0128205128205128,0.0256410256410256,0.0,0.0641025641025641,0.1025641025641025,28
58,0.0256410256410256,0.0128205128205128,0.3205128205128205,0.2435897435897435,0.0128205128205128,0.0,0.0,0.0,0.0,0.0,0.0,0.0,0.0,0.0256410256410256,0.0,0.0256410256410256,0.0384615384615384,0.0,0.0,0.0,0.0,0.0,0.0512820512820512,0.0128205128205128,28
59,0.0,0.0128205128205128,0.141025641025641,0.3333333333333333,0.1282051282051282,0.0256410256410256,0.0,0.0,0.0,0.0,0.0,0.0,0.0,0.0,0.0769230769230769,0.0256410256410256,0.0128205128205128,0.0,0.0,0.0,0.0,0.0128205128205128,0.0,0.0256410256410256,28
60,0.1794871794871795,0.0384615384615384,0.2179487179487179,0.2051282051282051,0.0128205128205128,0.0,0.1282051282051282,0.0,0.0,0.0,0.0,0.0,0.0,0.0,0.0,0.0641025641025641,0.1153846153846153,0.0,0.0128205128205128,0.0128205128205128,0.0128205128205128,0.1025641025641025,0.2435897435897435,0.0256410256410256,28
0,0.0256410256410256,0.2435897435897435,0.2179487179487179,0.3333333333333333,0.1282051282051282,0.0128205128205128,0.0,0.0,0.0,0.0,0.0,0.0,0.0,0.0384615384615384,0.0,0.0384615384615384,0.0384615384615384,0.141025641025641,0.0384615384615384,0.0,0.0,0.0,0.0256410256410256,0.0256410256410256,10
1,0.1282051282051282,0.0384615384615384,0.1538461538461538,0.1923076923076923,0.282051282051282,0.0,0.0384615384615384,0.0,0.0,0.0,0.0,0.0,0.0,0.0256410256410256,0.0,0.0256410256410256,0.0256410256410256,0.0,0.0,0.0,0.0,0.0,0.0384615384615384,0.2051282051282051,24
2,0.0256410256410256,0.2564102564102564,0.0641025641025641,0.3846153846153846,0.0,0.0,0.1794871794871795,0.0,0.0,0.0,0.0,0.0,0.0,0.0256410256410256,0.0,0.0,0.0256410256410256,0.0641025641025641,0.0384615384615384,0.0,0.0,0.0,0.0256410256410256,0.0897435897435897,10
3,0.0512820512820512,0.0512820512820512,0.141025641025641,0.1538461538461538,0.358974358974359,0.1666666666666666,0.0,0.0,0.0,0.0,0.0,0.0,0.0,0.0256410256410256,0.0,0.0128205128205128,0.0641025641025641,0.0128205128205128,0.0,0.0,0.0,0.0,0.1153846153846153,0.0256410256410256,24
4,0.1153846153846153,0.1923076923076923,0.282051282051282,0.2307692307692307,0.0,0.0,0.0,0.0,0.0,0.0,0.0,0.0,0.0,0.0,0.0,0.0769230769230769,0.0641025641025641,0.0,0.0,0.0128205128205128,0.0,0.0,0.0128205128205128,0.2692307692307692,57
5,0.0641025641025641,0.2564102564102564,0.1666666666666666,0.0,0.2179487179487179,0.0,0.0128205128205128,0.0,0.0,0.0,0.0,0.0,0.0,0.0,0.0256410256410256,0.0512820512820512,0.0,0.0,0.0,0.0,0.0,0.0,0.0128205128205128,0.0,34
6,0.0384615384615384,0.0512820512820512,0.2051282051282051,0.3205128205128205,0.0,0.0,0.0128205128205128,0.0,0.0,0.0,0.0,0.0,0.0,0.0,0.0,0.0,0.0256410256410256,0.1794871794871795,0.0,0.0,0.0,0.0,0.0,0.0,58
7,0.0,0.0,0.0641025641025641,0.1923076923076923,0.3076923076923077,0.0,0.0,0.0,0.0,0.0,0.0,0.0,0.0,0.0,0.0,0.0,0.0,0.0641025641025641,0.0128205128205128,0.0,0.0128205128205128,0.0512820512820512,0.0,0.1153846153846153,24
8,0.0769230769230769,0.0128205128205128,0.2051282051282051,0.141025641025641,0.2692307692307692,0.0641025641025641,0.1025641025641025,0.0128205128205128,0.0,0.0,0.0,0.0,0.0,0.0,0.0,0.141025641025641,0.0,0.0256410256410256,0.0512820512820512,0.141025641025641,0.0,0.0128205128205128,0.0256410256410256,0.1025641025641025,24
9,0.2564102564102564,0.1666666666666666,0.1666666666666666,0.2692307692307692,0.1794871794871795,0.0,0.0128205128205128,0.0,0.0,0.0,0.0,0.0,0.0,0.0384615384615384,0.0,0.0641025641025641,0.0128205128205128,0.0,0.0128205128205128,0.0,0.0,0.0,0.0512820512820512,0.1794871794871795,10
10,0.0769230769230769,0.2051282051282051,0.0897435897435897,0.3205128205128205,0.0512820512820512,0.1538461538461538,0.0,0.0,0.0,0.0,0.0,0.0,0.0,0.0512820512820512,0.0,0.0,0.0512820512820512,0.0512820512820512,0.0,0.0,0.0,0.0256410256410256,0.0,0.0256410256410256,10
11,0.1794871794871795,0.0128205128205128,0.2051282051282051,0.3717948717948718,0.0897435897435897,0.0256410256410256,0.0,0.0,0.0,0.0,0.0,0.0,0.0,0.0384615384615384,0.0,0.0,0.0384615384615384,0.0512820512820512,0.0128205128205128,0.0256410256410256,0.0,0.0,0.0256410256410256,0.0128205128205128,58
12,0.2179487179487179,0.0128205128205128,0.1923076923076923,0.0512820512820512,0.4230769230769231,0.0256410256410256,0.0,0.0,0.0,0.0,0.0,0.0,0.0,0.0,0.0,0.0897435897435897,0.0,0.0128205128205128,0.0256410256410256,0.0384615384615384,0.0128205128205128,0.0,0.0128205128205128,0.0,24
13,0.0897435897435897,0.0,0.0128205128205128,0.0,0.282051282051282,0.0,0.0,0.0,0.0256410256410256,0.0,0.0,0.0,0.0,0.0,0.0,0.1794871794871795,0.3205128205128205,0.0641025641025641,0.0256410256410256,0.0384615384615384,0.1666666666666666,0.0641025641025641,0.0,0.0,24
14,0.0,0.0,0.1282051282051282,0.1666666666666666,0.2307692307692307,0.0,0.0384615384615384,0.0,0.0,0.0,0.0,0.0,0.0,0.0512820512820512,0.0,0.0,0.0,0.0512820512820512,0.0256410256410256,0.0,0.0128205128205128,0.0,0.0384615384615384,0.0256410256410256,24
15,0.2948717948717949,0.0128205128205128,0.2948717948717949,0.1923076923076923,0.0,0.0128205128205128,0.0256410256410256,0.0,0.0,0.0,0.0,0.0,0.0,0.0384615384615384,0.0,0.0897435897435897,0.0128205128205128,0.0256410256410256,0.0256410256410256,0.0,0.0512820512820512,0.0,0.0256410256410256,0.0897435897435897,57
16,0.1666666666666666,0.0512820512820512,0.2051282051282051,0.4743589743589743,0.0384615384615384,0.0,0.0,0.0,0.0,0.0,0.0128205128205128,0.0,0.0,0.0384615384615384,0.0,0.0,0.0641025641025641,0.0769230769230769,0.1794871794871795,0.0,0.0769230769230769,0.0,0.0512820512820512,0.1153846153846153,10
17,0.358974358974359,0.0,0.0128205128205128,0.0128205128205128,0.0,0.1794871794871795,0.2435897435897435,0.0,0.0,0.0,0.0,0.0,0.0,0.0256410256410256,0.0,0.0128205128205128,0.0641025641025641,0.0128205128205128,0.0128205128205128,0.0,0.0,0.0,0.0256410256410256,0.0128205128205128,34
18,0.141025641025641,0.0,0.1923076923076923,0.0,0.1282051282051282,0.1794871794871795,0.0,0.0,0.0,0.0,0.0,0.0,0.0,0.0512820512820512,0.0,0.0128205128205128,0.0256410256410256,0.0128205128205128,0.0641025641025641,0.0128205128205128,0.0,0.0,0.0256410256410256,0.0128205128205128,57
19,0.0256410256410256,0.0384615384615384,0.1794871794871795,0.0641025641025641,0.5256410256410257,0.0128205128205128,0.0,0.0,0.0,0.0,0.0,0.0,0.0,0.0,0.0,0.0512820512820512,0.0641025641025641,0.0,0.0256410256410256,0.1923076923076923,0.0128205128205128,0.0256410256410256,0.0769230769230769,0.1794871794871795,24
20,0.1025641025641025,0.0384615384615384,0.3461538461538461,0.2564102564102564,0.0,0.0,0.0128205128205128,0.0,0.0256410256410256,0.0,0.0,0.0,0.0,0.0,0.0,0.0,0.0641025641025641,0.0128205128205128,0.0256410256410256,0.1666666666666666,0.0512820512820512,0.0256410256410256,0.0128205128205128,0.0,58
21,0.0256410256410256,0.0512820512820512,0.1794871794871795,0.1794871794871795,0.0769230769230769,0.1923076923076923,0.0,0.0,0.0,0.0,0.0,0.0,0.0,0.0256410256410256,0.0,0.0,0.0641025641025641,0.0512820512820512,0.0897435897435897,0.0,0.0,0.0128205128205128,0.0128205128205128,0.0128205128205128,10
22,0.141025641025641,0.0512820512820512,0.1923076923076923,0.2435897435897435,0.3461538461538461,0.0,0.0,0.0,0.0,0.0,0.0,0.0,0.0,0.0384615384615384,0.0256410256410256,0.0,0.0128205128205128,0.0,0.0,0.0,0.0,0.0,0.0,0.0897435897435897,24
23,0.0384615384615384,0.2179487179487179,0.0384615384615384,0.5512820512820513,0.1025641025641025,0.0,0.0,0.0,0.0,0.0,0.0,0.0,0.0,0.0256410256410256,0.0128205128205128,0.0,0.0256410256410256,0.0,0.0,0.0,0.0,0.0,0.0256410256410256,0.0128205128205128,10
24,0.0128205128205128,0.0256410256410256,0.1282051282051282,0.1153846153846153,0.358974358974359,0.0,0.0128205128205128,0.0,0.0,0.0,0.0,0.0,0.0,0.0256410256410256,0.0,0.0128205128205128,0.0512820512820512,0.0769230769230769,0.0,0.0,0.0,0.0,0.0384615384615384,0.0128205128205128,24
25,0.1282051282051282,0.0,0.0512820512820512,0.1538461538461538,0.3717948717948718,0.0,0.0,0.0,0.0,0.0,0.0,0.0,0.0,0.0256410256410256,0.0,0.0128205128205128,0.0384615384615384,0.1025641025641025,0.0,0.0,0.0,0.0,0.0256410256410256,0.0,24
26,0.141025641025641,0.0512820512820512,0.0,0.1666666666666666,0.2307692307692307,0.1794871794871795,0.0,0.0,0.0,0.0,0.0,0.0,0.0256410256410256,0.0,0.0,0.0128205128205128,0.0897435897435897,0.1923076923076923,0.0,0.0256410256410256,0.0769230769230769,0.0,0.0,0.0,46
27,0.0897435897435897,0.0256410256410256,0.2948717948717949,0.3076923076923077,0.0256410256410256,0.0,0.0,0.0,0.0,0.0,0.0,0.0,0.0,0.0,0.0,0.0384615384615384,0.0256410256410256,0.0128205128205128,0.0,0.0256410256410256,0.141025641025641,0.0641025641025641,0.0,0.0,58
28,0.0,0.0,0.141025641025641,0.282051282051282,0.0,0.0,0.0,0.0384615384615384,0.0,0.0,0.0,0.0,0.0,0.0,0.0,0.0256410256410256,0.0769230769230769,0.0641025641025641,0.0512820512820512,0.0512820512820512,0.0,0.0,0.0,0.0128205128205128,58
29,0.141025641025641,0.3205128205128205,0.4615384615384615,0.0128205128205128,0.1538461538461538,0.2564102564102564,0.0,0.0,0.0,0.0,0.0,0.0,0.0,0.0384615384615384,0.0,0.0256410256410256,0.0128205128205128,0.0,0.0,0.0,0.0,0.0,0.0256410256410256,0.0,57
30,0.0,0.0,0.0,0.0,0.141025641025641,0.0,0.0,0.0,0.0,0.0,0.0,0.0,0.0,0.0,0.0128205128205128,0.0512820512820512,0.0128205128205128,0.0,0.0,0.0,0.0,0.0,0.0,0.0,34
31,0.0,0.0512820512820512,0.0,0.1794871794871795,0.0,0.0,0.0,0.0,0.0,0.0,0.0,0.0,0.0,0.0,0.0,0.0128205128205128,0.0,0.0256410256410256,0.0,0.0,0.0,0.0,0.0384615384615384,0.0384615384615384,34
32,0.0256410256410256,0.0,0.141025641025641,0.0,0.0,0.0,0.0,0.0,0.0,0.0,0.0,0.0,0.0,0.0,0.0,0.0,0.0384615384615384,0.0128205128205128,0.0,0.0256410256410256,0.0,0.0,0.0,0.0128205128205128,34
33,0.0256410256410256,0.0512820512820512,0.0,0.141025641025641,0.0,0.0,0.0,0.0,0.0,0.0,0.0,0.0,0.0,0.0,0.0384615384615384,0.0,0.0,0.0,0.0,0.0256410256410256,0.0,0.0,0.0,0.0,34
34,0.0641025641025641,0.0512820512820512,0.0,0.0256410256410256,0.1025641025641025,0.0128205128205128,0.0,0.0,0.0,0.0,0.0,0.0,0.0,0.0,0.0,0.0256410256410256,0.0,0.0,0.0128205128205128,0.0,0.0,0.0,0.0,0.0,34
35,0.0,0.0,0.0512820512820512,0.0,0.1538461538461538,0.0,0.0,0.0,0.0,0.0,0.0,0.0,0.0,0.0,0.0256410256410256,0.0128205128205128,0.0,0.0128205128205128,0.0,0.0,0.0,0.0128205128205128,0.0128205128205128,0.0128205128205128,34
36,0.0128205128205128,0.0512820512820512,0.0,0.0256410256410256,0.1282051282051282,0.0,0.0,0.0,0.0,0.0,0.0,0.0,0.0,0.0,0.0,0.0256410256410256,0.3333333333333333,0.2307692307692307,0.0384615384615384,0.0128205128205128,0.0256410256410256,0.0,0.0,0.1666666666666666,34
37,0.1794871794871795,0.0384615384615384,0.2179487179487179,0.0128205128205128,0.0,0.0128205128205128,0.0,0.0,0.0,0.0,0.0,0.0,0.0,0.0,0.0,0.0,0.0384615384615384,0.0256410256410256,0.0512820512820512,0.0128205128205128,0.0,0.0,0.0,0.1153846153846153,57
38,0.0897435897435897,0.1153846153846153,0.2692307692307692,0.1538461538461538,0.358974358974359,0.0,0.0,0.0,0.0,0.0,0.0,0.0,0.0,0.0384615384615384,0.0,0.0256410256410256,0.0,0.0769230769230769,0.0256410256410256,0.0,0.0897435897435897,0.0,0.0256410256410256,0.0,24
39,0.1923076923076923,0.0641025641025641,0.3974358974358974,0.1923076923076923,0.2692307692307692,0.0128205128205128,0.0128205128205128,0.0,0.0,0.0,0.0,0.0,0.0,0.0256410256410256,0.0256410256410256,0.0384615384615384,0.0,0.0,0.0,0.0,0.0,0.0,0.0256410256410256,0.0,58
40,0.0256410256410256,0.0256410256410256,0.0,0.0,0.0,0.3717948717948718,0.358974358974359,0.0128205128205128,0.0,0.0,0.0,0.0,0.0,0.0,0.0,0.0256410256410256,0.0128205128205128,0.0128205128205128,0.0,0.0897435897435897,0.0256410256410256,0.0256410256410256,0.0,0.0384615384615384,34
41,0.0384615384615384,0.0384615384615384,0.1153846153846153,0.2307692307692307,0.2179487179487179,0.0256410256410256,0.0,0.0,0.0,0.0,0.0,0.0,0.0,0.0,0.0384615384615384,0.0512820512820512,0.0769230769230769,0.0128205128205128,0.0,0.0,0.0,0.0,0.0256410256410256,0.0256410256410256,24
42,0.2051282051282051,0.0641025641025641,0.0,0.0384615384615384,0.0384615384615384,0.2564102564102564,0.0,0.0,0.0,0.0,0.0,0.0,0.0,0.0256410256410256,0.0384615384615384,0.0128205128205128,0.0641025641025641,0.0,0.0,0.0,0.0,0.0,0.0256410256410256,0.0384615384615384,34
43,0.1794871794871795,0.0128205128205128,0.141025641025641,0.1538461538461538,0.141025641025641,0.0,0.0,0.1282051282051282,0.0,0.0,0.0,0.0,0.0,0.0256410256410256,0.0,0.0,0.0384615384615384,0.0128205128205128,0.0,0.0,0.0512820512820512,0.0128205128205128,0.0256410256410256,0.0,34
44,0.2692307692307692,0.0641025641025641,0.2179487179487179,0.0384615384615384,0.0,0.282051282051282,0.0,0.0,0.0,0.0,0.0,0.0,0.0,0.0384615384615384,0.0,0.0,0.0256410256410256,0.0641025641025641,0.0,0.0,0.0,0.0256410256410256,0.0256410256410256,0.0256410256410256,57
45,0.0641025641025641,0.2307692307692307,0.1666666666666666,0.2564102564102564,0.2564102564102564,0.0384615384615384,0.0,0.0,0.0,0.0,0.0,0.0,0.0,0.0384615384615384,0.0,0.0,0.0,0.0512820512820512,0.0128205128205128,0.0128205128205128,0.0128205128205128,0.0,0.0128205128205128,0.0384615384615384,10
46,0.1282051282051282,0.0128205128205128,0.0,0.1282051282051282,0.2435897435897435,0.1153846153846153,0.0128205128205128,0.0,0.0,0.0,0.0,0.0,0.0,0.0256410256410256,0.0,0.0,0.0,0.0512820512820512,0.0512820512820512,0.0384615384615384,0.0,0.1153846153846153,0.1153846153846153,0.0769230769230769,46
47,0.1282051282051282,0.0,0.0128205128205128,0.2307692307692307,0.3333333333333333,0.0128205128205128,0.0256410256410256,0.0,0.0,0.0128205128205128,0.0,0.0,0.0256410256410256,0.0,0.0128205128205128,0.0641025641025641,0.0128205128205128,0.0128205128205128,0.0128205128205128,0.0,0.0,0.0128205128205128,0.0,0.2692307692307692,46
48,0.0,0.0128205128205128,0.3461538461538461,0.2435897435897435,0.0128205128205128,0.0128205128205128,0.0,0.0,0.0,0.0256410256410256,0.0,0.0,0.0,0.0,0.1153846153846153,0.0128205128205128,0.0769230769230769,0.1153846153846153,0.0256410256410256,0.0512820512820512,0.0897435897435897,0.0,0.0128205128205128,0.0128205128205128,58
49,0.2179487179487179,0.0641025641025641,0.3076923076923077,0.5128205128205128,0.0256410256410256,0.0256410256410256,0.0,0.0,0.0,0.0,0.0,0.0,0.0,0.0,0.0512820512820512,0.0384615384615384,0.0641025641025641,0.0384615384615384,0.0897435897435897,0.0256410256410256,0.0128205128205128,0.0256410256410256,0.0384615384615384,0.1025641025641025,58
50,0.0256410256410256,0.1666666666666666,0.2692307692307692,0.141025641025641,0.0,0.2564102564102564,0.0128205128205128,0.0,0.0,0.0,0.0,0.0,0.0,0.0512820512820512,0.0256410256410256,0.0,0.0897435897435897,0.0384615384615384,0.0,0.0,0.1025641025641025,0.0641025641025641,0.0256410256410256,0.0512820512820512,10
51,0.0512820512820512,0.1538461538461538,0.141025641025641,0.3076923076923077,0.0,0.141025641025641,0.0256410256410256,0.0,0.0,0.0,0.0,0.0,0.0,0.0256410256410256,0.0897435897435897,0.1025641025641025,0.0256410256410256,0.0,0.0641025641025641,0.0,0.0,0.0128205128205128,0.0384615384615384,0.0384615384615384,10
52,0.1153846153846153,0.0769230769230769,0.2179487179487179,0.1153846153846153,0.2692307692307692,0.0128205128205128,0.0256410256410256,0.0,0.0,0.0,0.0,0.0,0.0,0.1282051282051282,0.0769230769230769,0.0512820512820512,0.0256410256410256,0.0256410256410256,0.0384615384615384,0.0,0.0897435897435897,0.0,0.0256410256410256,0.0256410256410256,24
53,0.2692307692307692,0.1923076923076923,0.3333333333333333,0.1794871794871795,0.0,0.0128205128205128,0.0,0.0,0.0,0.0,0.0,0.0,0.0,0.0384615384615384,0.0641025641025641,0.1025641025641025,0.0512820512820512,0.0641025641025641,0.0256410256410256,0.1025641025641025,0.0,0.0128205128205128,0.1282051282051282,0.0128205128205128,57
54,0.0128205128205128,0.3333333333333333,0.0128205128205128,0.358974358974359,0.0,0.0128205128205128,0.0,0.0,0.0,0.0,0.0,0.0,0.0,0.0512820512820512,0.0256410256410256,0.0641025641025641,0.0256410256410256,0.0256410256410256,0.0,0.0,0.0256410256410256,0.0,0.1153846153846153,0.1923076923076923,10
55,0.0,0.0512820512820512,0.0,0.3076923076923077,0.0512820512820512,0.0,0.0,0.0,0.0,0.0384615384615384,0.0,0.0,0.0,0.0,0.0769230769230769,0.0897435897435897,0.141025641025641,0.1153846153846153,0.0,0.0,0.0128205128205128,0.0,0.0128205128205128,0.1153846153846153,10
56,0.0128205128205128,0.1153846153846153,0.0769230769230769,0.4358974358974359,0.1666666666666666,0.0256410256410256,0.0,0.0,0.0,0.0,0.0,0.0128205128205128,0.0384615384615384,0.0256410256410256,0.0,0.0,0.0384615384615384,0.0128205128205128,0.0128205128205128,0.0,0.0512820512820512,0.0,0.0256410256410256,0.0,10
57,0.1538461538461538,0.141025641025641,0.2435897435897435,0.0,0.0128205128205128,0.0128205128205128,0.0,0.0,0.0,0.0,0.0,0.0,0.0,0.0256410256410256,0.0384615384615384,0.0,0.0128205128205128,0.0128205128205128,0.0769230769230769,0.0128205128205128,0.0256410256410256,0.0,0.0641025641025641,0.1025641025641025,57
58,0.0256410256410256,0.0128205128205128,0.3205128205128205,0.2435897435897435,0.0128205128205128,0.0,0.0,0.0,0.0,0.0,0.0,0.0,0.0,0.0256410256410256,0.0,0.0256410256410256,0.0384615384615384,0.0,0.0,0.0,0.0,0.0,0.0512820512820512,0.0128205128205128,58
59,0.0,0.0128205128205128,0.141025641025641,0.3333333333333333,0.1282051282051282,0.0256410256410256,0.0,0.0,0.0,0.0,0.0,0.0,0.0,0.0,0.0769230769230769,0.0256410256410256,0.0128205128205128,0.0,0.0,0.0,0.0,0.0128205128205128,0.0,0.0256410256410256,58
60,0.1794871794871795,0.0384615384615384,0.2179487179487179,0.2051282051282051,0.0128205128205128,0.0,0.1282051282051282,0.0,0.0,0.0,0.0,0.0,0.0,0.0,0.0,0.0641025641025641,0.1153846153846153,0.0,0.0128205128205128,0.0128205128205128,0.0128205128205128,0.1025641025641025,0.2435897435897435,0.0256410256410256,58
0,0.0256410256410256,0.2435897435897435,0.2179487179487179,0.3333333333333333,0.1282051282051282,0.0128205128205128,0.0,0.0,0.0,0.0,0.0,0.0,0.0,0.0384615384615384,0.0,0.0384615384615384,0.0384615384615384,0.141025641025641,0.0384615384615384,0.0,0.0,0.0,0.0256410256410256,0.0256410256410256,10
1,0.1282051282051282,0.0384615384615384,0.1538461538461538,0.1923076923076923,0.282051282051282,0.0,0.0384615384615384,0.0,0.0,0.0,0.0,0.0,0.0,0.0256410256410256,0.0,0.0256410256410256,0.0256410256410256,0.0,0.0,0.0,0.0,0.0,0.0384615384615384,0.2051282051282051,41
2,0.0256410256410256,0.2564102564102564,0.0641025641025641,0.3846153846153846,0.0,0.0,0.1794871794871795,0.0,0.0,0.0,0.0,0.0,0.0,0.0256410256410256,0.0,0.0,0.0256410256410256,0.0641025641025641,0.0384615384615384,0.0,0.0,0.0,0.0256410256410256,0.0897435897435897,10
3,0.0512820512820512,0.0512820512820512,0.141025641025641,0.1538461538461538,0.358974358974359,0.1666666666666666,0.0,0.0,0.0,0.0,0.0,0.0,0.0,0.0256410256410256,0.0,0.0128205128205128,0.0641025641025641,0.0128205128205128,0.0,0.0,0.0,0.0,0.1153846153846153,0.0256410256410256,41
4,0.1153846153846153,0.1923076923076923,0.282051282051282,0.2307692307692307,0.0,0.0,0.0,0.0,0.0,0.0,0.0,0.0,0.0,0.0,0.0,0.0769230769230769,0.0641025641025641,0.0,0.0,0.0128205128205128,0.0,0.0,0.0128205128205128,0.2692307692307692,27
5,0.0641025641025641,0.2564102564102564,0.1666666666666666,0.0,0.2179487179487179,0.0,0.0128205128205128,0.0,0.0,0.0,0.0,0.0,0.0,0.0,0.0256410256410256,0.0512820512820512,0.0,0.0,0.0,0.0,0.0,0.0,0.0128205128205128,0.0,38
6,0.0384615384615384,0.0512820512820512,0.2051282051282051,0.3205128205128205,0.0,0.0,0.0128205128205128,0.0,0.0,0.0,0.0,0.0,0.0,0.0,0.0,0.0,0.0256410256410256,0.1794871794871795,0.0,0.0,0.0,0.0,0.0,0.0,27
7,0.0,0.0,0.0641025641025641,0.1923076923076923,0.3076923076923077,0.0,0.0,0.0,0.0,0.0,0.0,0.0,0.0,0.0,0.0,0.0,0.0,0.0641025641025641,0.0128205128205128,0.0,0.0128205128205128,0.0512820512820512,0.0,0.1153846153846153,41
8,0.0769230769230769,0.0128205128205128,0.2051282051282051,0.141025641025641,0.2692307692307692,0.0641025641025641,0.1025641025641025,0.0128205128205128,0.0,0.0,0.0,0.0,0.0,0.0,0.0,0.141025641025641,0.0,0.0256410256410256,0.0512820512820512,0.141025641025641,0.0,0.0128205128205128,0.0256410256410256,0.1025641025641025,41
9,0.2564102564102564,0.1666666666666666,0.1666666666666666,0.2692307692307692,0.1794871794871795,0.0,0.0128205128205128,0.0,0.0,0.0,0.0,0.0,0.0,0.0384615384615384,0.0,0.0641025641025641,0.0128205128205128,0.0,0.0128205128205128,0.0,0.0,0.0,0.0512820512820512,0.1794871794871795,41
10,0.0769230769230769,0.2051282051282051,0.0897435897435897,0.3205128205128205,0.0512820512820512,0.1538461538461538,0.0,0.0,0.0,0.0,0.0,0.0,0.0,0.0512820512820512,0.0,0.0,0.0512820512820512,0.0512820512820512,0.0,0.0,0.0,0.0256410256410256,0.0,0.0256410256410256,10
11,0.1794871794871795,0.0128205128205128,0.2051282051282051,0.3717948717948718,0.0897435897435897,0.0256410256410256,0.0,0.0,0.0,0.0,0.0,0.0,0.0,0.0384615384615384,0.0,0.0,0.0384615384615384,0.0512820512820512,0.0128205128205128,0.0256410256410256,0.0,0.0,0.0256410256410256,0.0128205128205128,27
12,0.2179487179487179,0.0128205128205128,0.1923076923076923,0.0512820512820512,0.4230769230769231,0.0256410256410256,0.0,0.0,0.0,0.0,0.0,0.0,0.0,0.0,0.0,0.0897435897435897,0.0,0.0128205128205128,0.0256410256410256,0.0384615384615384,0.0128205128205128,0.0,0.0128205128205128,0.0,38
13,0.0897435897435897,0.0,0.0128205128205128,0.0,0.282051282051282,0.0,0.0,0.0,0.0256410256410256,0.0,0.0,0.0,0.0,0.0,0.0,0.1794871794871795,0.3205128205128205,0.0641025641025641,0.0256410256410256,0.0384615384615384,0.1666666666666666,0.0641025641025641,0.0,0.0,26
14,0.0,0.0,0.1282051282051282,0.1666666666666666,0.2307692307692307,0.0,0.0384615384615384,0.0,0.0,0.0,0.0,0.0,0.0,0.0512820512820512,0.0,0.0,0.0,0.0512820512820512,0.0256410256410256,0.0,0.0128205128205128,0.0,0.0384615384615384,0.0256410256410256,41
15,0.2948717948717949,0.0128205128205128,0.2948717948717949,0.1923076923076923,0.0,0.0128205128205128,0.0256410256410256,0.0,0.0,0.0,0.0,0.0,0.0,0.0384615384615384,0.0,0.0897435897435897,0.0128205128205128,0.0256410256410256,0.0256410256410256,0.0,0.0512820512820512,0.0,0.0256410256410256,0.0897435897435897,27
16,0.1666666666666666,0.0512820512820512,0.2051282051282051,0.4743589743589743,0.0384615384615384,0.0,0.0,0.0,0.0,0.0,0.0128205128205128,0.0,0.0,0.0384615384615384,0.0,0.0,0.0641025641025641,0.0769230769230769,0.1794871794871795,0.0,0.0769230769230769,0.0,0.0512820512820512,0.1153846153846153,27
17,0.358974358974359,0.0,0.0128205128205128,0.0128205128205128,0.0,0.1794871794871795,0.2435897435897435,0.0,0.0,0.0,0.0,0.0,0.0,0.0256410256410256,0.0,0.0128205128205128,0.0641025641025641,0.0128205128205128,0.0128205128205128,0.0,0.0,0.0,0.0256410256410256,0.0128205128205128,17
18,0.141025641025641,0.0,0.1923076923076923,0.0,0.1282051282051282,0.1794871794871795,0.0,0.0,0.0,0.0,0.0,0.0,0.0,0.0512820512820512,0.0,0.0128205128205128,0.0256410256410256,0.0128205128205128,0.0641025641025641,0.0128205128205128,0.0,0.0,0.0256410256410256,0.0128205128205128,18
19,0.0256410256410256,0.0384615384615384,0.1794871794871795,0.0641025641025641,0.5256410256410257,0.0128205128205128,0.0,0.0,0.0,0.0,0.0,0.0,0.0,0.0,0.0,0.0512820512820512,0.0641025641025641,0.0,0.0256410256410256,0.1923076923076923,0.0128205128205128,0.0256410256410256,0.0769230769230769,0.1794871794871795,38
20,0.1025641025641025,0.0384615384615384,0.3461538461538461,0.2564102564102564,0.0,0.0,0.0128205128205128,0.0,0.0256410256410256,0.0,0.0,0.0,0.0,0.0,0.0,0.0,0.0641025641025641,0.0128205128205128,0.0256410256410256,0.1666666666666666,0.0512820512820512,0.0256410256410256,0.0128205128205128,0.0,27
21,0.0256410256410256,0.0512820512820512,0.1794871794871795,0.1794871794871795,0.0769230769230769,0.1923076923076923,0.0,0.0,0.0,0.0,0.0,0.0,0.0,0.0256410256410256,0.0,0.0,0.0641025641025641,0.0512820512820512,0.0897435897435897,0.0,0.0,0.0128205128205128,0.0128205128205128,0.0128205128205128,18
22,0.141025641025641,0.0512820512820512,0.1923076923076923,0.2435897435897435,0.3461538461538461,0.0,0.0,0.0,0.0,0.0,0.0,0.0,0.0,0.0384615384615384,0.0256410256410256,0.0,0.0128205128205128,0.0,0.0,0.0,0.0,0.0,0.0,0.0897435897435897,38
23,0.0384615384615384,0.2179487179487179,0.0384615384615384,0.5512820512820513,0.1025641025641025,0.0,0.0,0.0,0.0,0.0,0.0,0.0,0.0,0.0256410256410256,0.0128205128205128,0.0,0.0256410256410256,0.0,0.0,0.0,0.0,0.0,0.0256410256410256,0.0128205128205128,10
24,0.0128205128205128,0.0256410256410256,0.1282051282051282,0.1153846153846153,0.358974358974359,0.0,0.0128205128205128,0.0,0.0,0.0,0.0,0.0,0.0,0.0256410256410256,0.0,0.0128205128205128,0.0512820512820512,0.0769230769230769,0.0,0.0,0.0,0.0,0.0384615384615384,0.0128205128205128,41
25,0.1282051282051282,0.0,0.0512820512820512,0.1538461538461538,0.3717948717948718,0.0,0.0,0.0,0.0,0.0,0.0,0.0,0.0,0.0256410256410256,0.0,0.0128205128205128,0.0384615384615384,0.1025641025641025,0.0,0.0,0.0,0.0,0.0256410256410256,0.0,41
26,0.141025641025641,0.0512820512820512,0.0,0.1666666666666666,0.2307692307692307,0.1794871794871795,0.0,0.0,0.0,0.0,0.0,0.0,0.0256410256410256,0.0,0.0,0.0128205128205128,0.0897435897435897,0.1923076923076923,0.0,0.0256410256410256,0.0769230769230769,0.0,0.0,0.0,26
27,0.0897435897435897,0.0256410256410256,0.2948717948717949,0.3076923076923077,0.0256410256410256,0.0,0.0,0.0,0.0,0.0,0.0,0.0,0.0,0.0,0.0,0.0384615384615384,0.0256410256410256,0.0128205128205128,0.0,0.0256410256410256,0.141025641025641,0.0641025641025641,0.0,0.0,27
28,0.0,0.0,0.141025641025641,0.282051282051282,0.0,0.0,0.0,0.0384615384615384,0.0,0.0,0.0,0.0,0.0,0.0,0.0,0.0256410256410256,0.0769230769230769,0.0641025641025641,0.0512820512820512,0.0512820512820512,0.0,0.0,0.0,0.0128205128205128,41
29,0.141025641025641,0.3205128205128205,0.4615384615384615,0.0128205128205128,0.1538461538461538,0.2564102564102564,0.0,0.0,0.0,0.0,0.0,0.0,0.0,0.0384615384615384,0.0,0.0256410256410256,0.0128205128205128,0.0,0.0,0.0,0.0,0.0,0.0256410256410256,0.0,18
30,0.0,0.0,0.0,0.0,0.141025641025641,0.0,0.0,0.0,0.0,0.0,0.0,0.0,0.0,0.0,0.0128205128205128,0.0512820512820512,0.0128205128205128,0.0,0.0,0.0,0.0,0.0,0.0,0.0,41
31,0.0,0.0512820512820512,0.0,0.1794871794871795,0.0,0.0,0.0,0.0,0.0,0.0,0.0,0.0,0.0,0.0,0.0,0.0128205128205128,0.0,0.0256410256410256,0.0,0.0,0.0,0.0,0.0384615384615384,0.0384615384615384,41
32,0.0256410256410256,0.0,0.141025641025641,0.0,0.0,0.0,0.0,0.0,0.0,0.0,0.0,0.0,0.0,0.0,0.0,0.0,0.0384615384615384,0.0128205128205128,0.0,0.0256410256410256,0.0,0.0,0.0,0.0128205128205128,18
33,0.0256410256410256,0.0512820512820512,0.0,0.141025641025641,0.0,0.0,0.0,0.0,0.0,0.0,0.0,0.0,0.0,0.0,0.0384615384615384,0.0,0.0,0.0,0.0,0.0256410256410256,0.0,0.0,0.0,0.0,41
34,0.0641025641025641,0.0512820512820512,0.0,0.0256410256410256,0.1025641025641025,0.0128205128205128,0.0,0.0,0.0,0.0,0.0,0.0,0.0,0.0,0.0,0.0256410256410256,0.0,0.0,0.0128205128205128,0.0,0.0,0.0,0.0,0.0,41
35,0.0,0.0,0.0512820512820512,0.0,0.1538461538461538,0.0,0.0,0.0,0.0,0.0,0.0,0.0,0.0,0.0,0.0256410256410256,0.0128205128205128,0.0,0.0128205128205128,0.0,0.0,0.0,0.0128205128205128,0.0128205128205128,0.0128205128205128,41
36,0.0128205128205128,0.0512820512820512,0.0,0.0256410256410256,0.1282051282051282,0.0,0.0,0.0,0.0,0.0,0.0,0.0,0.0,0.0,0.0,0.0256410256410256,0.3333333333333333,0.2307692307692307,0.0384615384615384,0.0128205128205128,0.0256410256410256,0.0,0.0,0.1666666666666666,26
37,0.1794871794871795,0.0384615384615384,0.2179487179487179,0.0128205128205128,0.0,0.0128205128205128,0.0,0.0,0.0,0.0,0.0,0.0,0.0,0.0,0.0,0.0,0.0384615384615384,0.0256410256410256,0.0512820512820512,0.0128205128205128,0.0,0.0,0.0,0.1153846153846153,18
38,0.0897435897435897,0.1153846153846153,0.2692307692307692,0.1538461538461538,0.358974358974359,0.0,0.0,0.0,0.0,0.0,0.0,0.0,0.0,0.0384615384615384,0.0,0.0256410256410256,0.0,0.0769230769230769,0.0256410256410256,0.0,0.0897435897435897,0.0,0.0256410256410256,0.0,38
39,0.1923076923076923,0.0641025641025641,0.3974358974358974,0.1923076923076923,0.2692307692307692,0.0128205128205128,0.0128205128205128,0.0,0.0,0.0,0.0,0.0,0.0,0.0256410256410256,0.0256410256410256,0.0384615384615384,0.0,0.0,0.0,0.0,0.0,0.0,0.0256410256410256,0.0,38
40,0.0256410256410256,0.0256410256410256,0.0,0.0,0.0,0.3717948717948718,0.358974358974359,0.0128205128205128,0.0,0.0,0.0,0.0,0.0,0.0,0.0,0.0256410256410256,0.0128205128205128,0.0128205128205128,0.0,0.0897435897435897,0.0256410256410256,0.0256410256410256,0.0,0.0384615384615384,17
41,0.0384615384615384,0.0384615384615384,0.1153846153846153,0.2307692307692307,0.2179487179487179,0.0256410256410256,0.0,0.0,0.0,0.0,0.0,0.0,0.0,0.0,0.0384615384615384,0.0512820512820512,0.0769230769230769,0.0128205128205128,0.0,0.0,0.0,0.0,0.0256410256410256,0.0256410256410256,41
42,0.2051282051282051,0.0641025641025641,0.0,0.0384615384615384,0.0384615384615384,0.2564102564102564,0.0,0.0,0.0,0.0,0.0,0.0,0.0,0.0256410256410256,0.0384615384615384,0.0128205128205128,0.0641025641025641,0.0,0.0,0.0,0.0,0.0,0.0256410256410256,0.0384615384615384,18
43,0.1794871794871795,0.0128205128205128,0.141025641025641,0.1538461538461538,0.141025641025641,0.0,0.0,0.1282051282051282,0.0,0.0,0.0,0.0,0.0,0.0256410256410256,0.0,0.0,0.0384615384615384,0.0128205128205128,0.0,0.0,0.0512820512820512,0.0128205128205128,0.0256410256410256,0.0,41
44,0.2692307692307692,0.0641025641025641,0.2179487179487179,0.0384615384615384,0.0,0.282051282051282,0.0,0.0,0.0,0.0,0.0,0.0,0.0,0.0384615384615384,0.0,0.0,0.0256410256410256,0.0641025641025641,0.0,0.0,0.0,0.0256410256410256,0.0256410256410256,0.0256410256410256,18
45,0.0641025641025641,0.2307692307692307,0.1666666666666666,0.2564102564102564,0.2564102564102564,0.0384615384615384,0.0,0.0,0.0,0.0,0.0,0.0,0.0,0.0384615384615384,0.0,0.0,0.0,0.0512820512820512,0.0128205128205128,0.0128205128205128,0.0128205128205128,0.0,0.0128205128205128,0.0384615384615384,38
46,0.1282051282051282,0.0128205128205128,0.0,0.1282051282051282,0.2435897435897435,0.1153846153846153,0.0128205128205128,0.0,0.0,0.0,0.0,0.0,0.0,0.0256410256410256,0.0,0.0,0.0,0.0512820512820512,0.0512820512820512,0.0384615384615384,0.0,0.1153846153846153,0.1153846153846153,0.0769230769230769,26
47,0.1282051282051282,0.0,0.0128205128205128,0.2307692307692307,0.3333333333333333,0.0128205128205128,0.0256410256410256,0.0,0.0,0.0128205128205128,0.0,0.0,0.0256410256410256,0.0,0.0128205128205128,0.0641025641025641,0.0128205128205128,0.0128205128205128,0.0128205128205128,0.0,0.0,0.0128205128205128,0.0,0.2692307692307692,41
48,0.0,0.0128205128205128,0.3461538461538461,0.2435897435897435,0.0128205128205128,0.0128205128205128,0.0,0.0,0.0,0.0256410256410256,0.0,0.0,0.0,0.0,0.1153846153846153,0.0128205128205128,0.0769230769230769,0.1153846153846153,0.0256410256410256,0.0512820512820512,0.0897435897435897,0.0,0.0128205128205128,0.0128205128205128,27
49,0.2179487179487179,0.0641025641025641,0.3076923076923077,0.5128205128205128,0.0256410256410256,0.0256410256410256,0.0,0.0,0.0,0.0,0.0,0.0,0.0,0.0,0.0512820512820512,0.0384615384615384,0.0641025641025641,0.0384615384615384,0.0897435897435897,0.0256410256410256,0.0128205128205128,0.0256410256410256,0.0384615384615384,0.1025641025641025,27
50,0.0256410256410256,0.1666666666666666,0.2692307692307692,0.141025641025641,0.0,0.2564102564102564,0.0128205128205128,0.0,0.0,0.0,0.0,0.0,0.0,0.0512820512820512,0.0256410256410256,0.0,0.0897435897435897,0.0384615384615384,0.0,0.0,0.1025641025641025,0.0641025641025641,0.0256410256410256,0.0512820512820512,10
51,0.0512820512820512,0.1538461538461538,0.141025641025641,0.3076923076923077,0.0,0.141025641025641,0.0256410256410256,0.0,0.0,0.0,0.0,0.0,0.0,0.0256410256410256,0.0897435897435897,0.1025641025641025,0.0256410256410256,0.0,0.0641025641025641,0.0,0.0,0.0128205128205128,0.0384615384615384,0.0384615384615384,10
52,0.1153846153846153,0.0769230769230769,0.2179487179487179,0.1153846153846153,0.2692307692307692,0.0128205128205128,0.0256410256410256,0.0,0.0,0.0,0.0,0.0,0.0,0.1282051282051282,0.0769230769230769,0.0512820512820512,0.0256410256410256,0.0256410256410256,0.0384615384615384,0.0,0.0897435897435897,0.0,0.0256410256410256,0.0256410256410256,38
53,0.2692307692307692,0.1923076923076923,0.3333333333333333,0.1794871794871795,0.0,0.0128205128205128,0.0,0.0,0.0,0.0,0.0,0.0,0.0,0.0384615384615384,0.0641025641025641,0.1025641025641025,0.0512820512820512,0.0641025641025641,0.0256410256410256,0.1025641025641025,0.0,0.0128205128205128,0.1282051282051282,0.0128205128205128,27
54,0.0128205128205128,0.3333333333333333,0.0128205128205128,0.358974358974359,0.0,0.0128205128205128,0.0,0.0,0.0,0.0,0.0,0.0,0.0,0.0512820512820512,0.0256410256410256,0.0641025641025641,0.0256410256410256,0.0256410256410256,0.0,0.0,0.0256410256410256,0.0,0.1153846153846153,0.1923076923076923,10
55,0.0,0.0512820512820512,0.0,0.3076923076923077,0.0512820512820512,0.0,0.0,0.0,0.0,0.0384615384615384,0.0,0.0,0.0,0.0,0.0769230769230769,0.0897435897435897,0.141025641025641,0.1153846153846153,0.0,0.0,0.0128205128205128,0.0,0.0128205128205128,0.1153846153846153,41
56,0.0128205128205128,0.1153846153846153,0.0769230769230769,0.4358974358974359,0.1666666666666666,0.0256410256410256,0.0,0.0,0.0,0.0,0.0,0.0128205128205128,0.0384615384615384,0.0256410256410256,0.0,0.0,0.0384615384615384,0.0128205128205128,0.0128205128205128,0.0,0.0512820512820512,0.0,0.0256410256410256,0.0,41
57,0.1538461538461538,0.141025641025641,0.2435897435897435,0.0,0.0128205128205128,0.0128205128205128,0.0,0.0,0.0,0.0,0.0,0.0,0.0,0.0256410256410256,0.0384615384615384,0.0,0.0128205128205128,0.0128205128205128,0.0769230769230769,0.0128205128205128,0.0256410256410256,0.0,0.0641025641025641,0.1025641025641025,18
58,0.0256410256410256,0.0128205128205128,0.3205128205128205,0.2435897435897435,0.0128205128205128,0.0,0.0,0.0,0.0,0.0,0.0,0.0,0.0,0.0256410256410256,0.0,0.0256410256410256,0.0384615384615384,0.0,0.0,0.0,0.0,0.0,0.0512820512820512,0.0128205128205128,27
59,0.0,0.0128205128205128,0.141025641025641,0.3333333333333333,0.1282051282051282,0.0256410256410256,0.0,0.0,0.0,0.0,0.0,0.0,0.0,0.0,0.0769230769230769,0.0256410256410256,0.0128205128205128,0.0,0.0,0.0,0.0,0.0128205128205128,0.0,0.0256410256410256,41
60,0.1794871794871795,0.0384615384615384,0.2179487179487179,0.2051282051282051,0.0128205128205128,0.0,0.1282051282051282,0.0,0.0,0.0,0.0,0.0,0.0,0.0,0.0,0.0641025641025641,0.1153846153846153,0.0,0.0128205128205128,0.0128205128205128,0.0128205128205128,0.1025641025641025,0.2435897435897435,0.0256410256410256,27
0,0.0256410256410256,0.2435897435897435,0.2179487179487179,0.3333333333333333,0.1282051282051282,0.0128205128205128,0.0,0.0,0.0,0.0,0.0,0.0,0.0,0.0384615384615384,0.0,0.0384615384615384,0.0384615384615384,0.141025641025641,0.0384615384615384,0.0,0.0,0.0,0.0256410256410256,0.0256410256410256,2
1,0.1282051282051282,0.0384615384615384,0.1538461538461538,0.1923076923076923,0.282051282051282,0.0,0.0384615384615384,0.0,0.0,0.0,0.0,0.0,0.0,0.0256410256410256,0.0,0.0256410256410256,0.0256410256410256,0.0,0.0,0.0,0.0,0.0,0.0384615384615384,0.2051282051282051,1
2,0.0256410256410256,0.2564102564102564,0.0641025641025641,0.3846153846153846,0.0,0.0,0.1794871794871795,0.0,0.0,0.0,0.0,0.0,0.0,0.0256410256410256,0.0,0.0,0.0256410256410256,0.0641025641025641,0.0384615384615384,0.0,0.0,0.0,0.0256410256410256,0.0897435897435897,2
3,0.0512820512820512,0.0512820512820512,0.141025641025641,0.1538461538461538,0.358974358974359,0.1666666666666666,0.0,0.0,0.0,0.0,0.0,0.0,0.0,0.0256410256410256,0.0,0.0128205128205128,0.0641025641025641,0.0128205128205128,0.0,0.0,0.0,0.0,0.1153846153846153,0.0256410256410256,24
4,0.1153846153846153,0.1923076923076923,0.282051282051282,0.2307692307692307,0.0,0.0,0.0,0.0,0.0,0.0,0.0,0.0,0.0,0.0,0.0,0.0769230769230769,0.0641025641025641,0.0,0.0,0.0128205128205128,0.0,0.0,0.0128205128205128,0.2692307692307692,15
5,0.0641025641025641,0.2564102564102564,0.1666666666666666,0.0,0.2179487179487179,0.0,0.0128205128205128,0.0,0.0,0.0,0.0,0.0,0.0,0.0,0.0256410256410256,0.0512820512820512,0.0,0.0,0.0,0.0,0.0,0.0,0.0128205128205128,0.0,34
6,0.0384615384615384,0.0512820512820512,0.2051282051282051,0.3205128205128205,0.0,0.0,0.0128205128205128,0.0,0.0,0.0,0.0,0.0,0.0,0.0,0.0,0.0,0.0256410256410256,0.1794871794871795,0.0,0.0,0.0,0.0,0.0,0.0,28
7,0.0,0.0,0.0641025641025641,0.1923076923076923,0.3076923076923077,0.0,0.0,0.0,0.0,0.0,0.0,0.0,0.0,0.0,0.0,0.0,0.0,0.0641025641025641,0.0128205128205128,0.0,0.0128205128205128,0.0512820512820512,0.0,0.1153846153846153,24
8,0.0769230769230769,0.0128205128205128,0.2051282051282051,0.141025641025641,0.2692307692307692,0.0641025641025641,0.1025641025641025,0.0128205128205128,0.0,0.0,0.0,0.0,0.0,0.0,0.0,0.141025641025641,0.0,0.0256410256410256,0.0512820512820512,0.141025641025641,0.0,0.0128205128205128,0.0256410256410256,0.1025641025641025,1
9,0.2564102564102564,0.1666666666666666,0.1666666666666666,0.2692307692307692,0.1794871794871795,0.0,0.0128205128205128,0.0,0.0,0.0,0.0,0.0,0.0,0.0384615384615384,0.0,0.0641025641025641,0.0128205128205128,0.0,0.0128205128205128,0.0,0.0,0.0,0.0512820512820512,0.1794871794871795,1
10,0.0769230769230769,0.2051282051282051,0.0897435897435897,0.3205128205128205,0.0512820512820512,0.1538461538461538,0.0,0.0,0.0,0.0,0.0,0.0,0.0,0.0512820512820512,0.0,0.0,0.0512820512820512,0.0512820512820512,0.0,0.0,0.0,0.0256410256410256,0.0,0.0256410256410256,2
11,0.1794871794871795,0.0128205128205128,0.2051282051282051,0.3717948717948718,0.0897435897435897,0.0256410256410256,0.0,0.0,0.0,0.0,0.0,0.0,0.0,0.0384615384615384,0.0,0.0,0.0384615384615384,0.0512820512820512,0.0128205128205128,0.0256410256410256,0.0,0.0,0.0256410256410256,0.0128205128205128,28
12,0.2179487179487179,0.0128205128205128,0.1923076923076923,0.0512820512820512,0.4230769230769231,0.0256410256410256,0.0,0.0,0.0,0.0,0.0,0.0,0.0,0.0,0.0,0.0897435897435897,0.0,0.0128205128205128,0.0256410256410256,0.0384615384615384,0.0128205128205128,0.0,0.0128205128205128,0.0,38
13,0.0897435897435897,0.0,0.0128205128205128,0.0,0.282051282051282,0.0,0.0,0.0,0.0256410256410256,0.0,0.0,0.0,0.0,0.0,0.0,0.1794871794871795,0.3205128205128205,0.0641025641025641,0.0256410256410256,0.0384615384615384,0.1666666666666666,0.0641025641025641,0.0,0.0,24
14,0.0,0.0,0.1282051282051282,0.1666666666666666,0.2307692307692307,0.0,0.0384615384615384,0.0,0.0,0.0,0.0,0.0,0.0,0.0512820512820512,0.0,0.0,0.0,0.0512820512820512,0.0256410256410256,0.0,0.0128205128205128,0.0,0.0384615384615384,0.0256410256410256,24
15,0.2948717948717949,0.0128205128205128,0.2948717948717949,0.1923076923076923,0.0,0.0128205128205128,0.0256410256410256,0.0,0.0,0.0,0.0,0.0,0.0,0.0384615384615384,0.0,0.0897435897435897,0.0128205128205128,0.0256410256410256,0.0256410256410256,0.0,0.0512820512820512,0.0,0.0256410256410256,0.0897435897435897,15
16,0.1666666666666666,0.0512820512820512,0.2051282051282051,0.4743589743589743,0.0384615384615384,0.0,0.0,0.0,0.0,0.0,0.0128205128205128,0.0,0.0,0.0384615384615384,0.0,0.0,0.0641025641025641,0.0769230769230769,0.1794871794871795,0.0,0.0769230769230769,0.0,0.0512820512820512,0.1153846153846153,28
17,0.358974358974359,0.0,0.0128205128205128,0.0128205128205128,0.0,0.1794871794871795,0.2435897435897435,0.0,0.0,0.0,0.0,0.0,0.0,0.0256410256410256,0.0,0.0128205128205128,0.0641025641025641,0.0128205128205128,0.0128205128205128,0.0,0.0,0.0,0.0256410256410256,0.0128205128205128,34
18,0.141025641025641,0.0,0.1923076923076923,0.0,0.1282051282051282,0.1794871794871795,0.0,0.0,0.0,0.0,0.0,0.0,0.0,0.0512820512820512,0.0,0.0128205128205128,0.0256410256410256,0.0128205128205128,0.0641025641025641,0.0128205128205128,0.0,0.0,0.0256410256410256,0.0128205128205128,34
19,0.0256410256410256,0.0384615384615384,0.1794871794871795,0.0641025641025641,0.5256410256410257,0.0128205128205128,0.0,0.0,0.0,0.0,0.0,0.0,0.0,0.0,0.0,0.0512820512820512,0.0641025641025641,0.0,0.0256410256410256,0.1923076923076923,0.0128205128205128,0.0256410256410256,0.0769230769230769,0.1794871794871795,24
20,0.1025641025641025,0.0384615384615384,0.3461538461538461,0.2564102564102564,0.0,0.0,0.0128205128205128,0.0,0.0256410256410256,0.0,0.0,0.0,0.0,0.0,0.0,0.0,0.0641025641025641,0.0128205128205128,0.0256410256410256,0.1666666666666666,0.0512820512820512,0.0256410256410256,0.0128205128205128,0.0,28
21,0.0256410256410256,0.0512820512820512,0.1794871794871795,0.1794871794871795,0.0769230769230769,0.1923076923076923,0.0,0.0,0.0,0.0,0.0,0.0,0.0,0.0256410256410256,0.0,0.0,0.0641025641025641,0.0512820512820512,0.0897435897435897,0.0,0.0,0.0128205128205128,0.0128205128205128,0.0128205128205128,28
22,0.141025641025641,0.0512820512820512,0.1923076923076923,0.2435897435897435,0.3461538461538461,0.0,0.0,0.0,0.0,0.0,0.0,0.0,0.0,0.0384615384615384,0.0256410256410256,0.0,0.0128205128205128,0.0,0.0,0.0,0.0,0.0,0.0,0.0897435897435897,1
23,0.0384615384615384,0.2179487179487179,0.0384615384615384,0.5512820512820513,0.1025641025641025,0.0,0.0,0.0,0.0,0.0,0.0,0.0,0.0,0.0256410256410256,0.0128205128205128,0.0,0.0256410256410256,0.0,0.0,0.0,0.0,0.0,0.0256410256410256,0.0128205128205128,2
24,0.0128205128205128,0.0256410256410256,0.1282051282051282,0.1153846153846153,0.358974358974359,0.0,0.0128205128205128,0.0,0.0,0.0,0.0,0.0,0.0,0.0256410256410256,0.0,0.0128205128205128,0.0512820512820512,0.0769230769230769,0.0,0.0,0.0,0.0,0.0384615384615384,0.0128205128205128,24
25,0.1282051282051282,0.0,0.0512820512820512,0.1538461538461538,0.3717948717948718,0.0,0.0,0.0,0.0,0.0,0.0,0.0,0.0,0.0256410256410256,0.0,0.0128205128205128,0.0384615384615384,0.1025641025641025,0.0,0.0,0.0,0.0,0.0256410256410256,0.0,24
26,0.141025641025641,0.0512820512820512,0.0,0.1666666666666666,0.2307692307692307,0.1794871794871795,0.0,0.0,0.0,0.0,0.0,0.0,0.0256410256410256,0.0,0.0,0.0128205128205128,0.0897435897435897,0.1923076923076923,0.0,0.0256410256410256,0.0769230769230769,0.0,0.0,0.0,24
27,0.0897435897435897,0.0256410256410256,0.2948717948717949,0.3076923076923077,0.0256410256410256,0.0,0.0,0.0,0.0,0.0,0.0,0.0,0.0,0.0,0.0,0.0384615384615384,0.0256410256410256,0.0128205128205128,0.0,0.0256410256410256,0.141025641025641,0.0641025641025641,0.0,0.0,28
28,0.0,0.0,0.141025641025641,0.282051282051282,0.0,0.0,0.0,0.0384615384615384,0.0,0.0,0.0,0.0,0.0,0.0,0.0,0.0256410256410256,0.0769230769230769,0.0641025641025641,0.0512820512820512,0.0512820512820512,0.0,0.0,0.0,0.0128205128205128,28
29,0.141025641025641,0.3205128205128205,0.4615384615384615,0.0128205128205128,0.1538461538461538,0.2564102564102564,0.0,0.0,0.0,0.0,0.0,0.0,0.0,0.0384615384615384,0.0,0.0256410256410256,0.0128205128205128,0.0,0.0,0.0,0.0,0.0,0.0256410256410256,0.0,38
30,0.0,0.0,0.0,0.0,0.141025641025641,0.0,0.0,0.0,0.0,0.0,0.0,0.0,0.0,0.0,0.0128205128205128,0.0512820512820512,0.0128205128205128,0.0,0.0,0.0,0.0,0.0,0.0,0.0,34
31,0.0,0.0512820512820512,0.0,0.1794871794871795,0.0,0.0,0.0,0.0,0.0,0.0,0.0,0.0,0.0,0.0,0.0,0.0128205128205128,0.0,0.0256410256410256,0.0,0.0,0.0,0.0,0.0384615384615384,0.0384615384615384,31
32,0.0256410256410256,0.0,0.141025641025641,0.0,0.0,0.0,0.0,0.0,0.0,0.0,0.0,0.0,0.0,0.0,0.0,0.0,0.0384615384615384,0.0128205128205128,0.0,0.0256410256410256,0.0,0.0,0.0,0.0128205128205128,34
33,0.0256410256410256,0.0512820512820512,0.0,0.141025641025641,0.0,0.0,0.0,0.0,0.0,0.0,0.0,0.0,0.0,0.0,0.0384615384615384,0.0,0.0,0.0,0.0,0.0256410256410256,0.0,0.0,0.0,0.0,31
34,0.0641025641025641,0.0512820512820512,0.0,0.0256410256410256,0.1025641025641025,0.0128205128205128,0.0,0.0,0.0,0.0,0.0,0.0,0.0,0.0,0.0,0.0256410256410256,0.0,0.0,0.0128205128205128,0.0,0.0,0.0,0.0,0.0,34
35,0.0,0.0,0.0512820512820512,0.0,0.1538461538461538,0.0,0.0,0.0,0.0,0.0,0.0,0.0,0.0,0.0,0.0256410256410256,0.0128205128205128,0.0,0.0128205128205128,0.0,0.0,0.0,0.0128205128205128,0.0128205128205128,0.0128205128205128,34
36,0.0128205128205128,0.0512820512820512,0.0,0.0256410256410256,0.1282051282051282,0.0,0.0,0.0,0.0,0.0,0.0,0.0,0.0,0.0,0.0,0.0256410256410256,0.3333333333333333,0.2307692307692307,0.0384615384615384,0.0128205128205128,0.0256410256410256,0.0,0.0,0.1666666666666666,34
37,0.1794871794871795,0.0384615384615384,0.2179487179487179,0.0128205128205128,0.0,0.0128205128205128,0.0,0.0,0.0,0.0,0.0,0.0,0.0,0.0,0.0,0.0,0.0384615384615384,0.0256410256410256,0.0512820512820512,0.0128205128205128,0.0,0.0,0.0,0.1153846153846153,15
38,0.0897435897435897,0.1153846153846153,0.2692307692307692,0.1538461538461538,0.358974358974359,0.0,0.0,0.0,0.0,0.0,0.0,0.0,0.0,0.0384615384615384,0.0,0.0256410256410256,0.0,0.0769230769230769,0.0256410256410256,0.0,0.0897435897435897,0.0,0.0256410256410256,0.0,38
39,0.1923076923076923,0.0641025641025641,0.3974358974358974,0.1923076923076923,0.2692307692307692,0.0128205128205128,0.0128205128205128,0.0,0.0,0.0,0.0,0.0,0.0,0.0256410256410256,0.0256410256410256,0.0384615384615384,0.0,0.0,0.0,0.0,0.0,0.0,0.0256410256410256,0.0,38
40,0.0256410256410256,0.0256410256410256,0.0,0.0,0.0,0.3717948717948718,0.358974358974359,0.0128205128205128,0.0,0.0,0.0,0.0,0.0,0.0,0.0,0.0256410256410256,0.0128205128205128,0.0128205128205128,0.0,0.0897435897435897,0.0256410256410256,0.0256410256410256,0.0,0.0384615384615384,34
41,0.0384615384615384,0.0384615384615384,0.1153846153846153,0.2307692307692307,0.2179487179487179,0.0256410256410256,0.0,0.0,0.0,0.0,0.0,0.0,0.0,0.0,0.0384615384615384,0.0512820512820512,0.0769230769230769,0.0128205128205128,0.0,0.0,0.0,0.0,0.0256410256410256,0.0256410256410256,24
42,0.2051282051282051,0.0641025641025641,0.0,0.0384615384615384,0.0384615384615384,0.2564102564102564,0.0,0.0,0.0,0.0,0.0,0.0,0.0,0.0256410256410256,0.0384615384615384,0.0128205128205128,0.0641025641025641,0.0,0.0,0.0,0.0,0.0,0.0256410256410256,0.0384615384615384,34
43,0.1794871794871795,0.0128205128205128,0.141025641025641,0.1538461538461538,0.141025641025641,0.0,0.0,0.1282051282051282,0.0,0.0,0.0,0.0,0.0,0.0256410256410256,0.0,0.0,0.0384615384615384,0.0128205128205128,0.0,0.0,0.0512820512820512,0.0128205128205128,0.0256410256410256,0.0,34
44,0.2692307692307692,0.0641025641025641,0.2179487179487179,0.0384615384615384,0.0,0.282051282051282,0.0,0.0,0.0,0.0,0.0,0.0,0.0,0.0384615384615384,0.0,0.0,0.0256410256410256,0.0641025641025641,0.0,0.0,0.0,0.0256410256410256,0.0256410256410256,0.0256410256410256,15
45,0.0641025641025641,0.2307692307692307,0.1666666666666666,0.2564102564102564,0.2564102564102564,0.0384615384615384,0.0,0.0,0.0,0.0,0.0,0.0,0.0,0.0384615384615384,0.0,0.0,0.0,0.0512820512820512,0.0128205128205128,0.0128205128205128,0.0128205128205128,0.0,0.0128205128205128,0.0384615384615384,38
46,0.1282051282051282,0.0128205128205128,0.0,0.1282051282051282,0.2435897435897435,0.1153846153846153,0.0128205128205128,0.0,0.0,0.0,0.0,0.0,0.0,0.0256410256410256,0.0,0.0,0.0,0.0512820512820512,0.0512820512820512,0.0384615384615384,0.0,0.1153846153846153,0.1153846153846153,0.0769230769230769,34
47,0.1282051282051282,0.0,0.0128205128205128,0.2307692307692307,0.3333333333333333,0.0128205128205128,0.0256410256410256,0.0,0.0,0.0128205128205128,0.0,0.0,0.0256410256410256,0.0,0.0128205128205128,0.0641025641025641,0.0128205128205128,0.0128205128205128,0.0128205128205128,0.0,0.0,0.0128205128205128,0.0,0.2692307692307692,1
48,0.0,0.0128205128205128,0.3461538461538461,0.2435897435897435,0.0128205128205128,0.0128205128205128,0.0,0.0,0.0,0.0256410256410256,0.0,0.0,0.0,0.0,0.1153846153846153,0.0128205128205128,0.0769230769230769,0.1153846153846153,0.0256410256410256,0.0512820512820512,0.0897435897435897,0.0,0.0128205128205128,0.0128205128205128,28
49,0.2179487179487179,0.0641025641025641,0.3076923076923077,0.5128205128205128,0.0256410256410256,0.0256410256410256,0.0,0.0,0.0,0.0,0.0,0.0,0.0,0.0,0.0512820512820512,0.0384615384615384,0.0641025641025641,0.0384615384615384,0.0897435897435897,0.0256410256410256,0.0128205128205128,0.0256410256410256,0.0384615384615384,0.1025641025641025,15
50,0.0256410256410256,0.1666666666666666,0.2692307692307692,0.141025641025641,0.0,0.2564102564102564,0.0128205128205128,0.0,0.0,0.0,0.0,0.0,0.0,0.0512820512820512,0.0256410256410256,0.0,0.0897435897435897,0.0384615384615384,0.0,0.0,0.1025641025641025,0.0641025641025641,0.0256410256410256,0.0512820512820512,28
51,0.0512820512820512,0.1538461538461538,0.141025641025641,0.3076923076923077,0.0,0.141025641025641,0.0256410256410256,0.0,0.0,0.0,0.0,0.0,0.0,0.0256410256410256,0.0897435897435897,0.1025641025641025,0.0256410256410256,0.0,0.0641025641025641,0.0,0.0,0.0128205128205128,0.0384615384615384,0.0384615384615384,28
52,0.1153846153846153,0.0769230769230769,0.2179487179487179,0.1153846153846153,0.2692307692307692,0.0128205128205128,0.0256410256410256,0.0,0.0,0.0,0.0,0.0,0.0,0.1282051282051282,0.0769230769230769,0.0512820512820512,0.0256410256410256,0.0256410256410256,0.0384615384615384,0.0,0.0897435897435897,0.0,0.0256410256410256,0.0256410256410256,38
53,0.2692307692307692,0.1923076923076923,0.3333333333333333,0.1794871794871795,0.0,0.0128205128205128,0.0,0.0,0.0,0.0,0.0,0.0,0.0,0.0384615384615384,0.0641025641025641,0.1025641025641025,0.0512820512820512,0.0641025641025641,0.0256410256410256,0.1025641025641025,0.0,0.0128205128205128,0.1282051282051282,0.0128205128205128,15
54,0.0128205128205128,0.3333333333333333,0.0128205128205128,0.358974358974359,0.0,0.0128205128205128,0.0,0.0,0.0,0.0,0.0,0.0,0.0,0.0512820512820512,0.0256410256410256,0.0641025641025641,0.0256410256410256,0.0256410256410256,0.0,0.0,0.0256410256410256,0.0,0.1153846153846153,0.1923076923076923,2
55,0.0,0.0512820512820512,0.0,0.3076923076923077,0.0512820512820512,0.0,0.0,0.0,0.0,0.0384615384615384,0.0,0.0,0.0,0.0,0.0769230769230769,0.0897435897435897,0.141025641025641,0.1153846153846153,0.0,0.0,0.0128205128205128,0.0,0.0128205128205128,0.1153846153846153,28
56,0.0128205128205128,0.1153846153846153,0.0769230769230769,0.4358974358974359,0.1666666666666666,0.0256410256410256,0.0,0.0,0.0,0.0,0.0,0.0128205128205128,0.0384615384615384,0.0256410256410256,0.0,0.0,0.0384615384615384,0.0128205128205128,0.0128205128205128,0.0,0.0512820512820512,0.0,0.0256410256410256,0.0,28
57,0.1538461538461538,0.141025641025641,0.2435897435897435,0.0,0.0128205128205128,0.0128205128205128,0.0,0.0,0.0,0.0,0.0,0.0,0.0,0.0256410256410256,0.0384615384615384,0.0,0.0128205128205128,0.0128205128205128,0.0769230769230769,0.0128205128205128,0.0256410256410256,0.0,0.0641025641025641,0.1025641025641025,15
58,0.0256410256410256,0.0128205128205128,0.3205128205128205,0.2435897435897435,0.0128205128205128,0.0,0.0,0.0,0.0,0.0,0.0,0.0,0.0,0.0256410256410256,0.0,0.0256410256410256,0.0384615384615384,0.0,0.0,0.0,0.0,0.0,0.0512820512820512,0.0128205128205128,28
59,0.0,0.0128205128205128,0.141025641025641,0.3333333333333333,0.1282051282051282,0.0256410256410256,0.0,0.0,0.0,0.0,0.0,0.0,0.0,0.0,0.0769230769230769,0.0256410256410256,0.0128205128205128,0.0,0.0,0.0,0.0,0.0128205128205128,0.0,0.0256410256410256,28
60,0.1794871794871795,0.0384615384615384,0.2179487179487179,0.2051282051282051,0.0128205128205128,0.0,0.1282051282051282,0.0,0.0,0.0,0.0,0.0,0.0,0.0,0.0,0.0641025641025641,0.1153846153846153,0.0,0.0128205128205128,0.0128205128205128,0.0128205128205128,0.1025641025641025,0.2435897435897435,0.0256410256410256,15
0,0.0256410256410256,0.2435897435897435,0.2179487179487179,0.3333333333333333,0.1282051282051282,0.0128205128205128,0.0,0.0,0.0,0.0,0.0,0.0,0.0,0.0384615384615384,0.0,0.0384615384615384,0.0384615384615384,0.141025641025641,0.0384615384615384,0.0,0.0,0.0,0.0256410256410256,0.0256410256410256,10
1,0.1282051282051282,0.0384615384615384,0.1538461538461538,0.1923076923076923,0.282051282051282,0.0,0.0384615384615384,0.0,0.0,0.0,0.0,0.0,0.0,0.0256410256410256,0.0,0.0256410256410256,0.0256410256410256,0.0,0.0,0.0,0.0,0.0,0.0384615384615384,0.2051282051282051,24
2,0.0256410256410256,0.2564102564102564,0.0641025641025641,0.3846153846153846,0.0,0.0,0.1794871794871795,0.0,0.0,0.0,0.0,0.0,0.0,0.0256410256410256,0.0,0.0,0.0256410256410256,0.0641025641025641,0.0384615384615384,0.0,0.0,0.0,0.0256410256410256,0.0897435897435897,10
3,0.0512820512820512,0.0512820512820512,0.141025641025641,0.1538461538461538,0.358974358974359,0.1666666666666666,0.0,0.0,0.0,0.0,0.0,0.0,0.0,0.0256410256410256,0.0,0.0128205128205128,0.0641025641025641,0.0128205128205128,0.0,0.0,0.0,0.0,0.1153846153846153,0.0256410256410256,24
4,0.1153846153846153,0.1923076923076923,0.282051282051282,0.2307692307692307,0.0,0.0,0.0,0.0,0.0,0.0,0.0,0.0,0.0,0.0,0.0,0.0769230769230769,0.0641025641025641,0.0,0.0,0.0128205128205128,0.0,0.0,0.0128205128205128,0.2692307692307692,37
5,0.0641025641025641,0.2564102564102564,0.1666666666666666,0.0,0.2179487179487179,0.0,0.0128205128205128,0.0,0.0,0.0,0.0,0.0,0.0,0.0,0.0256410256410256,0.0512820512820512,0.0,0.0,0.0,0.0,0.0,0.0,0.0128205128205128,0.0,52
6,0.0384615384615384,0.0512820512820512,0.2051282051282051,0.3205128205128205,0.0,0.0,0.0128205128205128,0.0,0.0,0.0,0.0,0.0,0.0,0.0,0.0,0.0,0.0256410256410256,0.1794871794871795,0.0,0.0,0.0,0.0,0.0,0.0,11
7,0.0,0.0,0.0641025641025641,0.1923076923076923,0.3076923076923077,0.0,0.0,0.0,0.0,0.0,0.0,0.0,0.0,0.0,0.0,0.0,0.0,0.0641025641025641,0.0128205128205128,0.0,0.0128205128205128,0.0512820512820512,0.0,0.1153846153846153,24
8,0.0769230769230769,0.0128205128205128,0.2051282051282051,0.141025641025641,0.2692307692307692,0.0641025641025641,0.1025641025641025,0.0128205128205128,0.0,0.0,0.0,0.0,0.0,0.0,0.0,0.141025641025641,0.0,0.0256410256410256,0.0512820512820512,0.141025641025641,0.0,0.0128205128205128,0.0256410256410256,0.1025641025641025,52
9,0.2564102564102564,0.1666666666666666,0.1666666666666666,0.2692307692307692,0.1794871794871795,0.0,0.0128205128205128,0.0,0.0,0.0,0.0,0.0,0.0,0.0384615384615384,0.0,0.0641025641025641,0.0128205128205128,0.0,0.0128205128205128,0.0,0.0,0.0,0.0512820512820512,0.1794871794871795,11
10,0.0769230769230769,0.2051282051282051,0.0897435897435897,0.3205128205128205,0.0512820512820512,0.1538461538461538,0.0,0.0,0.0,0.0,0.0,0.0,0.0,0.0512820512820512,0.0,0.0,0.0512820512820512,0.0512820512820512,0.0,0.0,0.0,0.0256410256410256,0.0,0.0256410256410256,10
11,0.1794871794871795,0.0128205128205128,0.2051282051282051,0.3717948717948718,0.0897435897435897,0.0256410256410256,0.0,0.0,0.0,0.0,0.0,0.0,0.0,0.0384615384615384,0.0,0.0,0.0384615384615384,0.0512820512820512,0.0128205128205128,0.0256410256410256,0.0,0.0,0.0256410256410256,0.0128205128205128,11
12,0.2179487179487179,0.0128205128205128,0.1923076923076923,0.0512820512820512,0.4230769230769231,0.0256410256410256,0.0,0.0,0.0,0.0,0.0,0.0,0.0,0.0,0.0,0.0897435897435897,0.0,0.0128205128205128,0.0256410256410256,0.0384615384615384,0.0128205128205128,0.0,0.0128205128205128,0.0,24
13,0.0897435897435897,0.0,0.0128205128205128,0.0,0.282051282051282,0.0,0.0,0.0,0.0256410256410256,0.0,0.0,0.0,0.0,0.0,0.0,0.1794871794871795,0.3205128205128205,0.0641025641025641,0.0256410256410256,0.0384615384615384,0.1666666666666666,0.0641025641025641,0.0,0.0,13
14,0.0,0.0,0.1282051282051282,0.1666666666666666,0.2307692307692307,0.0,0.0384615384615384,0.0,0.0,0.0,0.0,0.0,0.0,0.0512820512820512,0.0,0.0,0.0,0.0512820512820512,0.0256410256410256,0.0,0.0128205128205128,0.0,0.0384615384615384,0.0256410256410256,24
15,0.2948717948717949,0.0128205128205128,0.2948717948717949,0.1923076923076923,0.0,0.0128205128205128,0.0256410256410256,0.0,0.0,0.0,0.0,0.0,0.0,0.0384615384615384,0.0,0.0897435897435897,0.0128205128205128,0.0256410256410256,0.0256410256410256,0.0,0.0512820512820512,0.0,0.0256410256410256,0.0897435897435897,37
16,0.1666666666666666,0.0512820512820512,0.2051282051282051,0.4743589743589743,0.0384615384615384,0.0,0.0,0.0,0.0,0.0,0.0128205128205128,0.0,0.0,0.0384615384615384,0.0,0.0,0.0641025641025641,0.0769230769230769,0.1794871794871795,0.0,0.0769230769230769,0.0,0.0512820512820512,0.1153846153846153,11
17,0.358974358974359,0.0,0.0128205128205128,0.0128205128205128,0.0,0.1794871794871795,0.2435897435897435,0.0,0.0,0.0,0.0,0.0,0.0,0.0256410256410256,0.0,0.0128205128205128,0.0641025641025641,0.0128205128205128,0.0128205128205128,0.0,0.0,0.0,0.0256410256410256,0.0128205128205128,17
18,0.141025641025641,0.0,0.1923076923076923,0.0,0.1282051282051282,0.1794871794871795,0.0,0.0,0.0,0.0,0.0,0.0,0.0,0.0512820512820512,0.0,0.0128205128205128,0.0256410256410256,0.0128205128205128,0.0641025641025641,0.0128205128205128,0.0,0.0,0.0256410256410256,0.0128205128205128,37
19,0.0256410256410256,0.0384615384615384,0.1794871794871795,0.0641025641025641,0.5256410256410257,0.0128205128205128,0.0,0.0,0.0,0.0,0.0,0.0,0.0,0.0,0.0,0.0512820512820512,0.0641025641025641,0.0,0.0256410256410256,0.1923076923076923,0.0128205128205128,0.0256410256410256,0.0769230769230769,0.1794871794871795,24
20,0.1025641025641025,0.0384615384615384,0.3461538461538461,0.2564102564102564,0.0,0.0,0.0128205128205128,0.0,0.0256410256410256,0.0,0.0,0.0,0.0,0.0,0.0,0.0,0.0641025641025641,0.0128205128205128,0.0256410256410256,0.1666666666666666,0.0512820512820512,0.0256410256410256,0.0128205128205128,0.0,11
21,0.0256410256410256,0.0512820512820512,0.1794871794871795,0.1794871794871795,0.0769230769230769,0.1923076923076923,0.0,0.0,0.0,0.0,0.0,0.0,0.0,0.0256410256410256,0.0,0.0,0.0641025641025641,0.0512820512820512,0.0897435897435897,0.0,0.0,0.0128205128205128,0.0128205128205128,0.0128205128205128,10
22,0.141025641025641,0.0512820512820512,0.1923076923076923,0.2435897435897435,0.3461538461538461,0.0,0.0,0.0,0.0,0.0,0.0,0.0,0.0,0.0384615384615384,0.0256410256410256,0.0,0.0128205128205128,0.0,0.0,0.0,0.0,0.0,0.0,0.0897435897435897,52
23,0.0384615384615384,0.2179487179487179,0.0384615384615384,0.5512820512820513,0.1025641025641025,0.0,0.0,0.0,0.0,0.0,0.0,0.0,0.0,0.0256410256410256,0.0128205128205128,0.0,0.0256410256410256,0.0,0.0,0.0,0.0,0.0,0.0256410256410256,0.0128205128205128,10
24,0.0128205128205128,0.0256410256410256,0.1282051282051282,0.1153846153846153,0.358974358974359,0.0,0.0128205128205128,0.0,0.0,0.0,0.0,0.0,0.0,0.0256410256410256,0.0,0.0128205128205128,0.0512820512820512,0.0769230769230769,0.0,0.0,0.0,0.0,0.0384615384615384,0.0128205128205128,24
25,0.1282051282051282,0.0,0.0512820512820512,0.1538461538461538,0.3717948717948718,0.0,0.0,0.0,0.0,0.0,0.0,0.0,0.0,0.0256410256410256,0.0,0.0128205128205128,0.0384615384615384,0.1025641025641025,0.0,0.0,0.0,0.0,0.0256410256410256,0.0,24
26,0.141025641025641,0.0512820512820512,0.0,0.1666666666666666,0.2307692307692307,0.1794871794871795,0.0,0.0,0.0,0.0,0.0,0.0,0.0256410256410256,0.0,0.0,0.0128205128205128,0.0897435897435897,0.1923076923076923,0.0,0.0256410256410256,0.0769230769230769,0.0,0.0,0.0,26
27,0.0897435897435897,0.0256410256410256,0.2948717948717949,0.3076923076923077,0.0256410256410256,0.0,0.0,0.0,0.0,0.0,0.0,0.0,0.0,0.0,0.0,0.0384615384615384,0.0256410256410256,0.0128205128205128,0.0,0.0256410256410256,0.141025641025641,0.0641025641025641,0.0,0.0,11
28,0.0,0.0,0.141025641025641,0.282051282051282,0.0,0.0,0.0,0.0384615384615384,0.0,0.0,0.0,0.0,0.0,0.0,0.0,0.0256410256410256,0.0769230769230769,0.0641025641025641,0.0512820512820512,0.0512820512820512,0.0,0.0,0.0,0.0128205128205128,11
29,0.141025641025641,0.3205128205128205,0.4615384615384615,0.0128205128205128,0.1538461538461538,0.2564102564102564,0.0,0.0,0.0,0.0,0.0,0.0,0.0,0.0384615384615384,0.0,0.0256410256410256,0.0128205128205128,0.0,0.0,0.0,0.0,0.0,0.0256410256410256,0.0,53
30,0.0,0.0,0.0,0.0,0.141025641025641,0.0,0.0,0.0,0.0,0.0,0.0,0.0,0.0,0.0,0.0128205128205128,0.0512820512820512,0.0128205128205128,0.0,0.0,0.0,0.0,0.0,0.0,0.0,24
31,0.0,0.0512820512820512,0.0,0.1794871794871795,0.0,0.0,0.0,0.0,0.0,0.0,0.0,0.0,0.0,0.0,0.0,0.0128205128205128,0.0,0.0256410256410256,0.0,0.0,0.0,0.0,0.0384615384615384,0.0384615384615384,10
32,0.0256410256410256,0.0,0.141025641025641,0.0,0.0,0.0,0.0,0.0,0.0,0.0,0.0,0.0,0.0,0.0,0.0,0.0,0.0384615384615384,0.0128205128205128,0.0,0.0256410256410256,0.0,0.0,0.0,0.0128205128205128,37
33,0.0256410256410256,0.0512820512820512,0.0,0.141025641025641,0.0,0.0,0.0,0.0,0.0,0.0,0.0,0.0,0.0,0.0,0.0384615384615384,0.0,0.0,0.0,0.0,0.0256410256410256,0.0,0.0,0.0,0.0,10
34,0.0641025641025641,0.0512820512820512,0.0,0.0256410256410256,0.1025641025641025,0.0128205128205128,0.0,0.0,0.0,0.0,0.0,0.0,0.0,0.0,0.0,0.0256410256410256,0.0,0.0,0.0128205128205128,0.0,0.0,0.0,0.0,0.0,37
35,0.0,0.0,0.0512820512820512,0.0,0.1538461538461538,0.0,0.0,0.0,0.0,0.0,0.0,0.0,0.0,0.0,0.0256410256410256,0.0128205128205128,0.0,0.0128205128205128,0.0,0.0,0.0,0.0128205128205128,0.0128205128205128,0.0128205128205128,24
36,0.0128205128205128,0.0512820512820512,0.0,0.0256410256410256,0.1282051282051282,0.0,0.0,0.0,0.0,0.0,0.0,0.0,0.0,0.0,0.0,0.0256410256410256,0.3333333333333333,0.2307692307692307,0.0384615384615384,0.0128205128205128,0.0256410256410256,0.0,0.0,0.1666666666666666,13
37,0.1794871794871795,0.0384615384615384,0.2179487179487179,0.0128205128205128,0.0,0.0128205128205128,0.0,0.0,0.0,0.0,0.0,0.0,0.0,0.0,0.0,0.0,0.0384615384615384,0.0256410256410256,0.0512820512820512,0.0128205128205128,0.0,0.0,0.0,0.1153846153846153,37
38,0.0897435897435897,0.1153846153846153,0.2692307692307692,0.1538461538461538,0.358974358974359,0.0,0.0,0.0,0.0,0.0,0.0,0.0,0.0,0.0384615384615384,0.0,0.0256410256410256,0.0,0.0769230769230769,0.0256410256410256,0.0,0.0897435897435897,0.0,0.0256410256410256,0.0,52
39,0.1923076923076923,0.0641025641025641,0.3974358974358974,0.1923076923076923,0.2692307692307692,0.0128205128205128,0.0128205128205128,0.0,0.0,0.0,0.0,0.0,0.0,0.0256410256410256,0.0256410256410256,0.0384615384615384,0.0,0.0,0.0,0.0,0.0,0.0,0.0256410256410256,0.0,52
40,0.0256410256410256,0.0256410256410256,0.0,0.0,0.0,0.3717948717948718,0.358974358974359,0.0128205128205128,0.0,0.0,0.0,0.0,0.0,0.0,0.0,0.0256410256410256,0.0128205128205128,0.0128205128205128,0.0,0.0897435897435897,0.0256410256410256,0.0256410256410256,0.0,0.0384615384615384,17
41,0.0384615384615384,0.0384615384615384,0.1153846153846153,0.2307692307692307,0.2179487179487179,0.0256410256410256,0.0,0.0,0.0,0.0,0.0,0.0,0.0,0.0,0.0384615384615384,0.0512820512820512,0.0769230769230769,0.0128205128205128,0.0,0.0,0.0,0.0,0.0256410256410256,0.0256410256410256,24
42,0.2051282051282051,0.0641025641025641,0.0,0.0384615384615384,0.0384615384615384,0.2564102564102564,0.0,0.0,0.0,0.0,0.0,0.0,0.0,0.0256410256410256,0.0384615384615384,0.0128205128205128,0.0641025641025641,0.0,0.0,0.0,0.0,0.0,0.0256410256410256,0.0384615384615384,17
43,0.1794871794871795,0.0128205128205128,0.141025641025641,0.1538461538461538,0.141025641025641,0.0,0.0,0.1282051282051282,0.0,0.0,0.0,0.0,0.0,0.0256410256410256,0.0,0.0,0.0384615384615384,0.0128205128205128,0.0,0.0,0.0512820512820512,0.0128205128205128,0.0256410256410256,0.0,52
44,0.2692307692307692,0.0641025641025641,0.2179487179487179,0.0384615384615384,0.0,0.282051282051282,0.0,0.0,0.0,0.0,0.0,0.0,0.0,0.0384615384615384,0.0,0.0,0.0256410256410256,0.0641025641025641,0.0,0.0,0.0,0.0256410256410256,0.0256410256410256,0.0256410256410256,37
45,0.0641025641025641,0.2307692307692307,0.1666666666666666,0.2564102564102564,0.2564102564102564,0.0384615384615384,0.0,0.0,0.0,0.0,0.0,0.0,0.0,0.0384615384615384,0.0,0.0,0.0,0.0512820512820512,0.0128205128205128,0.0128205128205128,0.0128205128205128,0.0,0.0128205128205128,0.0384615384615384,10
46,0.1282051282051282,0.0128205128205128,0.0,0.1282051282051282,0.2435897435897435,0.1153846153846153,0.0128205128205128,0.0,0.0,0.0,0.0,0.0,0.0,0.0256410256410256,0.0,0.0,0.0,0.0512820512820512,0.0512820512820512,0.0384615384615384,0.0,0.1153846153846153,0.1153846153846153,0.0769230769230769,26
47,0.1282051282051282,0.0,0.0128205128205128,0.2307692307692307,0.3333333333333333,0.0128205128205128,0.0256410256410256,0.0,0.0,0.0128205128205128,0.0,0.0,0.0256410256410256,0.0,0.0128205128205128,0.0641025641025641,0.0128205128205128,0.0128205128205128,0.0128205128205128,0.0,0.0,0.0128205128205128,0.0,0.2692307692307692,24
48,0.0,0.0128205128205128,0.3461538461538461,0.2435897435897435,0.0128205128205128,0.0128205128205128,0.0,0.0,0.0,0.0256410256410256,0.0,0.0,0.0,0.0,0.1153846153846153,0.0128205128205128,0.0769230769230769,0.1153846153846153,0.0256410256410256,0.0512820512820512,0.0897435897435897,0.0,0.0128205128205128,0.0128205128205128,11
49,0.2179487179487179,0.0641025641025641,0.3076923076923077,0.5128205128205128,0.0256410256410256,0.0256410256410256,0.0,0.0,0.0,0.0,0.0,0.0,0.0,0.0,0.0512820512820512,0.0384615384615384,0.0641025641025641,0.0384615384615384,0.0897435897435897,0.0256410256410256,0.0128205128205128,0.0256410256410256,0.0384615384615384,0.1025641025641025,11
50,0.0256410256410256,0.1666666666666666,0.2692307692307692,0.141025641025641,0.0,0.2564102564102564,0.0128205128205128,0.0,0.0,0.0,0.0,0.0,0.0,0.0512820512820512,0.0256410256410256,0.0,0.0897435897435897,0.0384615384615384,0.0,0.0,0.1025641025641025,0.0641025641025641,0.0256410256410256,0.0512820512820512,10
51,0.0512820512820512,0.1538461538461538,0.141025641025641,0.3076923076923077,0.0,0.141025641025641,0.0256410256410256,0.0,0.0,0.0,0.0,0.0,0.0,0.0256410256410256,0.0897435897435897,0.1025641025641025,0.0256410256410256,0.0,0.0641025641025641,0.0,0.0,0.0128205128205128,0.0384615384615384,0.0384615384615384,10
52,0.1153846153846153,0.0769230769230769,0.2179487179487179,0.1153846153846153,0.2692307692307692,0.0128205128205128,0.0256410256410256,0.0,0.0,0.0,0.0,0.0,0.0,0.1282051282051282,0.0769230769230769,0.0512820512820512,0.0256410256410256,0.0256410256410256,0.0384615384615384,0.0,0.0897435897435897,0.0,0.0256410256410256,0.0256410256410256,52
53,0.2692307692307692,0.1923076923076923,0.3333333333333333,0.1794871794871795,0.0,0.0128205128205128,0.0,0.0,0.0,0.0,0.0,0.0,0.0,0.0384615384615384,0.0641025641025641,0.1025641025641025,0.0512820512820512,0.0641025641025641,0.0256410256410256,0.1025641025641025,0.0,0.0128205128205128,0.1282051282051282,0.0128205128205128,53
54,0.0128205128205128,0.3333333333333333,0.0128205128205128,0.358974358974359,0.0,0.0128205128205128,0.0,0.0,0.0,0.0,0.0,0.0,0.0,0.0512820512820512,0.0256410256410256,0.0641025641025641,0.0256410256410256,0.0256410256410256,0.0,0.0,0.0256410256410256,0.0,0.1153846153846153,0.1923076923076923,10
55,0.0,0.0512820512820512,0.0,0.3076923076923077,0.0512820512820512,0.0,0.0,0.0,0.0,0.0384615384615384,0.0,0.0,0.0,0.0,0.0769230769230769,0.0897435897435897,0.141025641025641,0.1153846153846153,0.0,0.0,0.0128205128205128,0.0,0.0128205128205128,0.1153846153846153,10
56,0.0128205128205128,0.1153846153846153,0.0769230769230769,0.4358974358974359,0.1666666666666666,0.0256410256410256,0.0,0.0,0.0,0.0,0.0,0.0128205128205128,0.0384615384615384,0.0256410256410256,0.0,0.0,0.0384615384615384,0.0128205128205128,0.0128205128205128,0.0,0.0512820512820512,0.0,0.0256410256410256,0.0,10
57,0.1538461538461538,0.141025641025641,0.2435897435897435,0.0,0.0128205128205128,0.0128205128205128,0.0,0.0,0.0,0.0,0.0,0.0,0.0,0.0256410256410256,0.0384615384615384,0.0,0.0128205128205128,0.0128205128205128,0.0769230769230769,0.0128205128205128,0.0256410256410256,0.0,0.0641025641025641,0.1025641025641025,37
58,0.0256410256410256,0.0128205128205128,0.3205128205128205,0.2435897435897435,0.0128205128205128,0.0,0.0,0.0,0.0,0.0,0.0,0.0,0.0,0.0256410256410256,0.0,0.0256410256410256,0.0384615384615384,0.0,0.0,0.0,0.0,0.0,0.0512820512820512,0.0128205128205128,11
59,0.0,0.0128205128205128,0.141025641025641,0.3333333333333333,0.1282051282051282,0.0256410256410256,0.0,0.0,0.0,0.0,0.0,0.0,0.0,0.0,0.0769230769230769,0.0256410256410256,0.0128205128205128,0.0,0.0,0.0,0.0,0.0128205128205128,0.0,0.0256410256410256,11
60,0.1794871794871795,0.0384615384615384,0.2179487179487179,0.2051282051282051,0.0128205128205128,0.0,0.1282051282051282,0.0,0.0,0.0,0.0,0.0,0.0,0.0,0.0,0.0641025641025641,0.1153846153846153,0.0,0.0128205128205128,0.0128205128205128,0.0128205128205128,0.1025641025641025,0.2435897435897435,0.0256410256410256,53
0,0.0256410256410256,0.2435897435897435,0.2179487179487179,0.3333333333333333,0.1282051282051282,0.0128205128205128,0.0,0.0,0.0,0.0,0.0,0.0,0.0,0.0384615384615384,0.0,0.0384615384615384,0.0384615384615384,0.141025641025641,0.0384615384615384,0.0,0.0,0.0,0.0256410256410256,0.0256410256410256,10
1,0.1282051282051282,0.0384615384615384,0.1538461538461538,0.1923076923076923,0.282051282051282,0.0,0.0384615384615384,0.0,0.0,0.0,0.0,0.0,0.0,0.0256410256410256,0.0,0.0256410256410256,0.0256410256410256,0.0,0.0,0.0,0.0,0.0,0.0384615384615384,0.2051282051282051,1
2,0.0256410256410256,0.2564102564102564,0.0641025641025641,0.3846153846153846,0.0,0.0,0.1794871794871795,0.0,0.0,0.0,0.0,0.0,0.0,0.0256410256410256,0.0,0.0,0.0256410256410256,0.0641025641025641,0.0384615384615384,0.0,0.0,0.0,0.0256410256410256,0.0897435897435897,10
3,0.0512820512820512,0.0512820512820512,0.141025641025641,0.1538461538461538,0.358974358974359,0.1666666666666666,0.0,0.0,0.0,0.0,0.0,0.0,0.0,0.0256410256410256,0.0,0.0128205128205128,0.0641025641025641,0.0128205128205128,0.0,0.0,0.0,0.0,0.1153846153846153,0.0256410256410256,24
4,0.1153846153846153,0.1923076923076923,0.282051282051282,0.2307692307692307,0.0,0.0,0.0,0.0,0.0,0.0,0.0,0.0,0.0,0.0,0.0,0.0769230769230769,0.0641025641025641,0.0,0.0,0.0128205128205128,0.0,0.0,0.0128205128205128,0.2692307692307692,37
5,0.0641025641025641,0.2564102564102564,0.1666666666666666,0.0,0.2179487179487179,0.0,0.0128205128205128,0.0,0.0,0.0,0.0,0.0,0.0,0.0,0.0256410256410256,0.0512820512820512,0.0,0.0,0.0,0.0,0.0,0.0,0.0128205128205128,0.0,24
6,0.0384615384615384,0.0512820512820512,0.2051282051282051,0.3205128205128205,0.0,0.0,0.0128205128205128,0.0,0.0,0.0,0.0,0.0,0.0,0.0,0.0,0.0,0.0256410256410256,0.1794871794871795,0.0,0.0,0.0,0.0,0.0,0.0,28
7,0.0,0.0,0.0641025641025641,0.1923076923076923,0.3076923076923077,0.0,0.0,0.0,0.0,0.0,0.0,0.0,0.0,0.0,0.0,0.0,0.0,0.0641025641025641,0.0128205128205128,0.0,0.0128205128205128,0.0512820512820512,0.0,0.1153846153846153,24
8,0.0769230769230769,0.0128205128205128,0.2051282051282051,0.141025641025641,0.2692307692307692,0.0641025641025641,0.1025641025641025,0.0128205128205128,0.0,0.0,0.0,0.0,0.0,0.0,0.0,0.141025641025641,0.0,0.0256410256410256,0.0512820512820512,0.141025641025641,0.0,0.0128205128205128,0.0256410256410256,0.1025641025641025,1
9,0.2564102564102564,0.1666666666666666,0.1666666666666666,0.2692307692307692,0.1794871794871795,0.0,0.0128205128205128,0.0,0.0,0.0,0.0,0.0,0.0,0.0384615384615384,0.0,0.0641025641025641,0.0128205128205128,0.0,0.0128205128205128,0.0,0.0,0.0,0.0512820512820512,0.1794871794871795,1
10,0.0769230769230769,0.2051282051282051,0.0897435897435897,0.3205128205128205,0.0512820512820512,0.1538461538461538,0.0,0.0,0.0,0.0,0.0,0.0,0.0,0.0512820512820512,0.0,0.0,0.0512820512820512,0.0512820512820512,0.0,0.0,0.0,0.0256410256410256,0.0,0.0256410256410256,10
11,0.1794871794871795,0.0128205128205128,0.2051282051282051,0.3717948717948718,0.0897435897435897,0.0256410256410256,0.0,0.0,0.0,0.0,0.0,0.0,0.0,0.0384615384615384,0.0,0.0,0.0384615384615384,0.0512820512820512,0.0128205128205128,0.0256410256410256,0.0,0.0,0.0256410256410256,0.0128205128205128,28
12,0.2179487179487179,0.0128205128205128,0.1923076923076923,0.0512820512820512,0.4230769230769231,0.0256410256410256,0.0,0.0,0.0,0.0,0.0,0.0,0.0,0.0,0.0,0.0897435897435897,0.0,0.0128205128205128,0.0256410256410256,0.0384615384615384,0.0128205128205128,0.0,0.0128205128205128,0.0,24
13,0.0897435897435897,0.0,0.0128205128205128,0.0,0.282051282051282,0.0,0.0,0.0,0.0256410256410256,0.0,0.0,0.0,0.0,0.0,0.0,0.1794871794871795,0.3205128205128205,0.0641025641025641,0.0256410256410256,0.0384615384615384,0.1666666666666666,0.0641025641025641,0.0,0.0,24
14,0.0,0.0,0.1282051282051282,0.1666666666666666,0.2307692307692307,0.0,0.0384615384615384,0.0,0.0,0.0,0.0,0.0,0.0,0.0512820512820512,0.0,0.0,0.0,0.0512820512820512,0.0256410256410256,0.0,0.0128205128205128,0.0,0.0384615384615384,0.0256410256410256,24
15,0.2948717948717949,0.0128205128205128,0.2948717948717949,0.1923076923076923,0.0,0.0128205128205128,0.0256410256410256,0.0,0.0,0.0,0.0,0.0,0.0,0.0384615384615384,0.0,0.0897435897435897,0.0128205128205128,0.0256410256410256,0.0256410256410256,0.0,0.0512820512820512,0.0,0.0256410256410256,0.0897435897435897,37
16,0.1666666666666666,0.0512820512820512,0.2051282051282051,0.4743589743589743,0.0384615384615384,0.0,0.0,0.0,0.0,0.0,0.0128205128205128,0.0,0.0,0.0384615384615384,0.0,0.0,0.0641025641025641,0.0769230769230769,0.1794871794871795,0.0,0.0769230769230769,0.0,0.0512820512820512,0.1153846153846153,16
17,0.358974358974359,0.0,0.0128205128205128,0.0128205128205128,0.0,0.1794871794871795,0.2435897435897435,0.0,0.0,0.0,0.0,0.0,0.0,0.0256410256410256,0.0,0.0128205128205128,0.0641025641025641,0.0128205128205128,0.0128205128205128,0.0,0.0,0.0,0.0256410256410256,0.0128205128205128,18
18,0.141025641025641,0.0,0.1923076923076923,0.0,0.1282051282051282,0.1794871794871795,0.0,0.0,0.0,0.0,0.0,0.0,0.0,0.0512820512820512,0.0,0.0128205128205128,0.0256410256410256,0.0128205128205128,0.0641025641025641,0.0128205128205128,0.0,0.0,0.0256410256410256,0.0128205128205128,18
19,0.0256410256410256,0.0384615384615384,0.1794871794871795,0.0641025641025641,0.5256410256410257,0.0128205128205128,0.0,0.0,0.0,0.0,0.0,0.0,0.0,0.0,0.0,0.0512820512820512,0.0641025641025641,0.0,0.0256410256410256,0.1923076923076923,0.0128205128205128,0.0256410256410256,0.0769230769230769,0.1794871794871795,19
20,0.1025641025641025,0.0384615384615384,0.3461538461538461,0.2564102564102564,0.0,0.0,0.0128205128205128,0.0,0.0256410256410256,0.0,0.0,0.0,0.0,0.0,0.0,0.0,0.0641025641025641,0.0128205128205128,0.0256410256410256,0.1666666666666666,0.0512820512820512,0.0256410256410256,0.0128205128205128,0.0,58
21,0.0256410256410256,0.0512820512820512,0.1794871794871795,0.1794871794871795,0.0769230769230769,0.1923076923076923,0.0,0.0,0.0,0.0,0.0,0.0,0.0,0.0256410256410256,0.0,0.0,0.0641025641025641,0.0512820512820512,0.0897435897435897,0.0,0.0,0.0128205128205128,0.0128205128205128,0.0128205128205128,18
22,0.141025641025641,0.0512820512820512,0.1923076923076923,0.2435897435897435,0.3461538461538461,0.0,0.0,0.0,0.0,0.0,0.0,0.0,0.0,0.0384615384615384,0.0256410256410256,0.0,0.0128205128205128,0.0,0.0,0.0,0.0,0.0,0.0,0.0897435897435897,1
23,0.0384615384615384,0.2179487179487179,0.0384615384615384,0.5512820512820513,0.1025641025641025,0.0,0.0,0.0,0.0,0.0,0.0,0.0,0.0,0.0256410256410256,0.0128205128205128,0.0,0.0256410256410256,0.0,0.0,0.0,0.0,0.0,0.0256410256410256,0.0128205128205128,10
24,0.0128205128205128,0.0256410256410256,0.1282051282051282,0.1153846153846153,0.358974358974359,0.0,0.0128205128205128,0.0,0.0,0.0,0.0,0.0,0.0,0.0256410256410256,0.0,0.0128205128205128,0.0512820512820512,0.0769230769230769,0.0,0.0,0.0,0.0,0.0384615384615384,0.0128205128205128,24
25,0.1282051282051282,0.0,0.0512820512820512,0.1538461538461538,0.3717948717948718,0.0,0.0,0.0,0.0,0.0,0.0,0.0,0.0,0.0256410256410256,0.0,0.0128205128205128,0.0384615384615384,0.1025641025641025,0.0,0.0,0.0,0.0,0.0256410256410256,0.0,24
26,0.141025641025641,0.0512820512820512,0.0,0.1666666666666666,0.2307692307692307,0.1794871794871795,0.0,0.0,0.0,0.0,0.0,0.0,0.0256410256410256,0.0,0.0,0.0128205128205128,0.0897435897435897,0.1923076923076923,0.0,0.0256410256410256,0.0769230769230769,0.0,0.0,0.0,24
27,0.0897435897435897,0.0256410256410256,0.2948717948717949,0.3076923076923077,0.0256410256410256,0.0,0.0,0.0,0.0,0.0,0.0,0.0,0.0,0.0,0.0,0.0384615384615384,0.0256410256410256,0.0128205128205128,0.0,0.0256410256410256,0.141025641025641,0.0641025641025641,0.0,0.0,58
28,0.0,0.0,0.141025641025641,0.282051282051282,0.0,0.0,0.0,0.0384615384615384,0.0,0.0,0.0,0.0,0.0,0.0,0.0,0.0256410256410256,0.0769230769230769,0.0641025641025641,0.0512820512820512,0.0512820512820512,0.0,0.0,0.0,0.0128205128205128,28
29,0.141025641025641,0.3205128205128205,0.4615384615384615,0.0128205128205128,0.1538461538461538,0.2564102564102564,0.0,0.0,0.0,0.0,0.0,0.0,0.0,0.0384615384615384,0.0,0.0256410256410256,0.0128205128205128,0.0,0.0,0.0,0.0,0.0,0.0256410256410256,0.0,18
30,0.0,0.0,0.0,0.0,0.141025641025641,0.0,0.0,0.0,0.0,0.0,0.0,0.0,0.0,0.0,0.0128205128205128,0.0512820512820512,0.0128205128205128,0.0,0.0,0.0,0.0,0.0,0.0,0.0,24
31,0.0,0.0512820512820512,0.0,0.1794871794871795,0.0,0.0,0.0,0.0,0.0,0.0,0.0,0.0,0.0,0.0,0.0,0.0128205128205128,0.0,0.0256410256410256,0.0,0.0,0.0,0.0,0.0384615384615384,0.0384615384615384,28
32,0.0256410256410256,0.0,0.141025641025641,0.0,0.0,0.0,0.0,0.0,0.0,0.0,0.0,0.0,0.0,0.0,0.0,0.0,0.0384615384615384,0.0128205128205128,0.0,0.0256410256410256,0.0,0.0,0.0,0.0128205128205128,37
33,0.0256410256410256,0.0512820512820512,0.0,0.141025641025641,0.0,0.0,0.0,0.0,0.0,0.0,0.0,0.0,0.0,0.0,0.0384615384615384,0.0,0.0,0.0,0.0,0.0256410256410256,0.0,0.0,0.0,0.0,28
34,0.0641025641025641,0.0512820512820512,0.0,0.0256410256410256,0.1025641025641025,0.0128205128205128,0.0,0.0,0.0,0.0,0.0,0.0,0.0,0.0,0.0,0.0256410256410256,0.0,0.0,0.0128205128205128,0.0,0.0,0.0,0.0,0.0,18
35,0.0,0.0,0.0512820512820512,0.0,0.1538461538461538,0.0,0.0,0.0,0.0,0.0,0.0,0.0,0.0,0.0,0.0256410256410256,0.0128205128205128,0.0,0.0128205128205128,0.0,0.0,0.0,0.0128205128205128,0.0128205128205128,0.0128205128205128,24
36,0.0128205128205128,0.0512820512820512,0.0,0.0256410256410256,0.1282051282051282,0.0,0.0,0.0,0.0,0.0,0.0,0.0,0.0,0.0,0.0,0.0256410256410256,0.3333333333333333,0.2307692307692307,0.0384615384615384,0.0128205128205128,0.0256410256410256,0.0,0.0,0.1666666666666666,24
37,0.1794871794871795,0.0384615384615384,0.2179487179487179,0.0128205128205128,0.0,0.0128205128205128,0.0,0.0,0.0,0.0,0.0,0.0,0.0,0.0,0.0,0.0,0.0384615384615384,0.0256410256410256,0.0512820512820512,0.0128205128205128,0.0,0.0,0.0,0.1153846153846153,37
38,0.0897435897435897,0.1153846153846153,0.2692307692307692,0.1538461538461538,0.358974358974359,0.0,0.0,0.0,0.0,0.0,0.0,0.0,0.0,0.0384615384615384,0.0,0.0256410256410256,0.0,0.0769230769230769,0.0256410256410256,0.0,0.0897435897435897,0.0,0.0256410256410256,0.0,24
39,0.1923076923076923,0.0641025641025641,0.3974358974358974,0.1923076923076923,0.2692307692307692,0.0128205128205128,0.0128205128205128,0.0,0.0,0.0,0.0,0.0,0.0,0.0256410256410256,0.0256410256410256,0.0384615384615384,0.0,0.0,0.0,0.0,0.0,0.0,0.0256410256410256,0.0,58
40,0.0256410256410256,0.0256410256410256,0.0,0.0,0.0,0.3717948717948718,0.358974358974359,0.0128205128205128,0.0,0.0,0.0,0.0,0.0,0.0,0.0,0.0256410256410256,0.0128205128205128,0.0128205128205128,0.0,0.0897435897435897,0.0256410256410256,0.0256410256410256,0.0,0.0384615384615384,18
41,0.0384615384615384,0.0384615384615384,0.1153846153846153,0.2307692307692307,0.2179487179487179,0.0256410256410256,0.0,0.0,0.0,0.0,0.0,0.0,0.0,0.0,0.0384615384615384,0.0512820512820512,0.0769230769230769,0.0128205128205128,0.0,0.0,0.0,0.0,0.0256410256410256,0.0256410256410256,24
42,0.2051282051282051,0.0641025641025641,0.0,0.0384615384615384,0.0384615384615384,0.2564102564102564,0.0,0.0,0.0,0.0,0.0,0.0,0.0,0.0256410256410256,0.0384615384615384,0.0128205128205128,0.0641025641025641,0.0,0.0,0.0,0.0,0.0,0.0256410256410256,0.0384615384615384,18
43,0.1794871794871795,0.0128205128205128,0.141025641025641,0.1538461538461538,0.141025641025641,0.0,0.0,0.1282051282051282,0.0,0.0,0.0,0.0,0.0,0.0256410256410256,0.0,0.0,0.0384615384615384,0.0128205128205128,0.0,0.0,0.0512820512820512,0.0128205128205128,0.0256410256410256,0.0,37
44,0.2692307692307692,0.0641025641025641,0.2179487179487179,0.0384615384615384,0.0,0.282051282051282,0.0,0.0,0.0,0.0,0.0,0.0,0.0,0.0384615384615384,0.0,0.0,0.0256410256410256,0.0641025641025641,0.0,0.0,0.0,0.0256410256410256,0.0256410256410256,0.0256410256410256,18
45,0.0641025641025641,0.2307692307692307,0.1666666666666666,0.2564102564102564,0.2564102564102564,0.0384615384615384,0.0,0.0,0.0,0.0,0.0,0.0,0.0,0.0384615384615384,0.0,0.0,0.0,0.0512820512820512,0.0128205128205128,0.0128205128205128,0.0128205128205128,0.0,0.0128205128205128,0.0384615384615384,10
46,0.1282051282051282,0.0128205128205128,0.0,0.1282051282051282,0.2435897435897435,0.1153846153846153,0.0128205128205128,0.0,0.0,0.0,0.0,0.0,0.0,0.0256410256410256,0.0,0.0,0.0,0.0512820512820512,0.0512820512820512,0.0384615384615384,0.0,0.1153846153846153,0.1153846153846153,0.0769230769230769,1
47,0.1282051282051282,0.0,0.0128205128205128,0.2307692307692307,0.3333333333333333,0.0128205128205128,0.0256410256410256,0.0,0.0,0.0128205128205128,0.0,0.0,0.0256410256410256,0.0,0.0128205128205128,0.0641025641025641,0.0128205128205128,0.0128205128205128,0.0128205128205128,0.0,0.0,0.0128205128205128,0.0,0.2692307692307692,1
48,0.0,0.0128205128205128,0.3461538461538461,0.2435897435897435,0.0128205128205128,0.0128205128205128,0.0,0.0,0.0,0.0256410256410256,0.0,0.0,0.0,0.0,0.1153846153846153,0.0128205128205128,0.0769230769230769,0.1153846153846153,0.0256410256410256,0.0512820512820512,0.0897435897435897,0.0,0.0128205128205128,0.0128205128205128,58
49,0.2179487179487179,0.0641025641025641,0.3076923076923077,0.5128205128205128,0.0256410256410256,0.0256410256410256,0.0,0.0,0.0,0.0,0.0,0.0,0.0,0.0,0.0512820512820512,0.0384615384615384,0.0641025641025641,0.0384615384615384,0.0897435897435897,0.0256410256410256,0.0128205128205128,0.0256410256410256,0.0384615384615384,0.1025641025641025,16
50,0.0256410256410256,0.1666666666666666,0.2692307692307692,0.141025641025641,0.0,0.2564102564102564,0.0128205128205128,0.0,0.0,0.0,0.0,0.0,0.0,0.0512820512820512,0.0256410256410256,0.0,0.0897435897435897,0.0384615384615384,0.0,0.0,0.1025641025641025,0.0641025641025641,0.0256410256410256,0.0512820512820512,10
51,0.0512820512820512,0.1538461538461538,0.141025641025641,0.3076923076923077,0.0,0.141025641025641,0.0256410256410256,0.0,0.0,0.0,0.0,0.0,0.0,0.0256410256410256,0.0897435897435897,0.1025641025641025,0.0256410256410256,0.0,0.0641025641025641,0.0,0.0,0.0128205128205128,0.0384615384615384,0.0384615384615384,10
52,0.1153846153846153,0.0769230769230769,0.2179487179487179,0.1153846153846153,0.2692307692307692,0.0128205128205128,0.0256410256410256,0.0,0.0,0.0,0.0,0.0,0.0,0.1282051282051282,0.0769230769230769,0.0512820512820512,0.0256410256410256,0.0256410256410256,0.0384615384615384,0.0,0.0897435897435897,0.0,0.0256410256410256,0.0256410256410256,24
53,0.2692307692307692,0.1923076923076923,0.3333333333333333,0.1794871794871795,0.0,0.0128205128205128,0.0,0.0,0.0,0.0,0.0,0.0,0.0,0.0384615384615384,0.0641025641025641,0.1025641025641025,0.0512820512820512,0.0641025641025641,0.0256410256410256,0.1025641025641025,0.0,0.0128205128205128,0.1282051282051282,0.0128205128205128,53
54,0.0128205128205128,0.3333333333333333,0.0128205128205128,0.358974358974359,0.0,0.0128205128205128,0.0,0.0,0.0,0.0,0.0,0.0,0.0,0.0512820512820512,0.0256410256410256,0.0641025641025641,0.0256410256410256,0.0256410256410256,0.0,0.0,0.0256410256410256,0.0,0.1153846153846153,0.1923076923076923,10
55,0.0,0.0512820512820512,0.0,0.3076923076923077,0.0512820512820512,0.0,0.0,0.0,0.0,0.0384615384615384,0.0,0.0,0.0,0.0,0.0769230769230769,0.0897435897435897,0.141025641025641,0.1153846153846153,0.0,0.0,0.0128205128205128,0.0,0.0128205128205128,0.1153846153846153,28
56,0.0128205128205128,0.1153846153846153,0.0769230769230769,0.4358974358974359,0.1666666666666666,0.0256410256410256,0.0,0.0,0.0,0.0,0.0,0.0128205128205128,0.0384615384615384,0.0256410256410256,0.0,0.0,0.0384615384615384,0.0128205128205128,0.0128205128205128,0.0,0.0512820512820512,0.0,0.0256410256410256,0.0,10
57,0.1538461538461538,0.141025641025641,0.2435897435897435,0.0,0.0128205128205128,0.0128205128205128,0.0,0.0,0.0,0.0,0.0,0.0,0.0,0.0256410256410256,0.0384615384615384,0.0,0.0128205128205128,0.0128205128205128,0.0769230769230769,0.0128205128205128,0.0256410256410256,0.0,0.0641025641025641,0.1025641025641025,37
58,0.0256410256410256,0.0128205128205128,0.3205128205128205,0.2435897435897435,0.0128205128205128,0.0,0.0,0.0,0.0,0.0,0.0,0.0,0.0,0.0256410256410256,0.0,0.0256410256410256,0.0384615384615384,0.0,0.0,0.0,0.0,0.0,0.0512820512820512,0.0128205128205128,58
59,0.0,0.0128205128205128,0.141025641025641,0.3333333333333333,0.1282051282051282,0.0256410256410256,0.0,0.0,0.0,0.0,0.0,0.0,0.0,0.0,0.0769230769230769,0.0256410256410256,0.0128205128205128,0.0,0.0,0.0,0.0,0.0128205128205128,0.0,0.0256410256410256,28
60,0.1794871794871795,0.0384615384615384,0.2179487179487179,0.2051282051282051,0.0128205128205128,0.0,0.1282051282051282,0.0,0.0,0.0,0.0,0.0,0.0,0.0,0.0,0.0641025641025641,0.1153846153846153,0.0,0.0128205128205128,0.0128205128205128,0.0128205128205128,0.1025641025641025,0.2435897435897435,0.0256410256410256,53
