0,1,2,3,4,5,6,7,cluster,target,segment,stream
0.7866615923663298,0.588061309281138,0.7846191055153373,0.9818414959840917,0.7494374199024052,0.680532638255975,0.8057876489687041,0.4759797775031674,3,3,0,6
0.9862084000861292,0.39341317279645,0.7461450938657155,0.6216925095568225,0.9957578236204548,0.6498928297171289,0.4867486349376256,0.6566026222420454,3,0,0,6
0.9788826565022944,0.39331251874242,0.7402313013574374,0.6149602420426049,0.9988299466113632,0.640859884238746,0.491282373889472,0.6646654659273064,3,0,0,6
0.4330723041633897,0.3886575512351015,0.8964747840029664,0.6213715663021963,0.6485406364775644,0.6295308637084867,0.0814919149082017,0.1002502390318981,3,4,0,6
0.4307732773236938,0.3850513590638957,0.9024856964571216,0.6152193811935518,0.6457415902658786,0.6349302999319182,0.0760752496900986,0.0997583905720717,3,4,0,6
0.7838883531836606,0.5873235133254976,0.7912256556965341,0.97475780229703,0.7406312455147188,0.6676196133749573,0.8145242511210928,0.4678267689575619,3,3,0,6
0.9838914839749688,0.3977789905097335,0.7392305665685474,0.609443295247681,1.0042849186276115,0.6352358555026109,0.4855361542162695,0.6675543289857453,3,0,0,6
0.4239674547636377,0.386332181628607,0.8994071104726532,0.6127913452674362,0.6527078049625915,0.6405015370602363,0.0779020507090688,0.0920548726512508,3,4,0,6
0.4295757887614256,0.3836681428580187,0.9017023497251928,0.6130206678590255,0.6446364245038257,0.6368000036478443,0.0787647386640539,0.0995555872173328,3,4,0,6
0.7693343092617213,0.5896285772059651,0.7960108453843489,0.961781936347354,0.7356754842531835,0.6790954545675177,0.8171932466071289,0.4810501882024262,3,3,0,6
0.4318257301988056,0.3880976675861011,0.9061223123231632,0.6198815751149378,0.6438034550556997,0.6306825626590036,0.0805580948114043,0.1016952030750798,3,4,0,6
0.7764395320779583,0.595564477676778,0.7979230511245632,0.9683465866144768,0.7346591277609682,0.67743354127221,0.800827990782791,0.4754180208301451,3,3,0,6
0.9860491072338844,0.3987070787974848,0.742352052602457,0.6065107551589038,0.9937649138160664,0.6469459870739764,0.4866542988936834,0.6665610808294313,3,0,0,6
0.9747848545063696,0.3953150343797406,0.7381505893906944,0.6099592639156539,0.9975246958554196,0.645652986365194,0.4862894131092173,0.6691454739714141,3,0,0,6
0.9797016817629268,0.3937572721047899,0.7396523585981265,0.6140682533689378,0.9993989875584686,0.6418163557315396,0.4910933829026214,0.6657036334950908,3,0,0,6
0.433353606597718,0.3877864265030195,0.900870173872187,0.6186270954156547,0.6509665078391488,0.6405075590877858,0.0724329712126849,0.1015288061597109,3,4,0,6
0.4324478651388415,0.3865875047248283,0.9022201430993642,0.6178932773842403,0.6485438173115707,0.6325605708325848,0.073939001864471,0.1019410245456055,3,4,0,6
0.9756193326114704,0.4018504240737051,0.7369924808934538,0.6138445404152189,1.0023142635961113,0.6461586563710155,0.49664607090266,0.658114386402551,3,0,0,6
0.4295248912821432,0.3865922886204773,0.8984413944832815,0.6162696508801155,0.6463353142813746,0.6333665666934233,0.0760671147903773,0.1027636075057851,3,4,0,6
0.3983385583119945,0.3996761757130748,0.9188687909872456,0.6058964297028792,0.6730537720371764,0.658167465454806,0.1093746132424526,0.0733396369921072,3,4,0,6
0.4307908205780403,0.3685948810399836,0.9225727393307824,0.617066927109347,0.6299386943826852,0.6312762789927606,0.0680228677081157,0.0985544385011932,3,4,0,6
0.7791245393486399,0.6058323601201696,0.8017965362522732,0.982756129116836,0.7406904246234358,0.6622297867794501,0.7869714247438816,0.469665231307094,3,3,0,6
0.9773345057173366,0.3917712880764665,0.7391889600772967,0.6165097761854215,1.0026696824451862,0.6440251395818058,0.4932246629930412,0.6680317265943452,3,0,0,6
0.4319174268825609,0.3856779585248717,0.9033712010855186,0.616028835131369,0.6450227831454168,0.6355626838409049,0.0782449871249822,0.1006447560720057,3,4,0,6
0.2878111126532401,0.7577713569595254,0.6605900247904213,0.9414248570934142,0.3292335609832531,0.1993344774244863,0.1925416614468256,0.1085479797934374,3,1,0,6
0.4314986898540416,0.3868572077171721,0.9048040550355322,0.6148167645479689,0.6447528039400026,0.6360962765375999,0.0774250929138707,0.0998223029208358,3,4,0,6
0.7785752768552776,0.5949912836010425,0.7983774586306407,0.9731375106238846,0.7389733322455475,0.6754750380182906,0.8057597357430738,0.4806886083411253,3,3,0,6
0.4257846882516108,0.4019301402082006,0.9192214191646714,0.6158573325631391,0.6658630364963481,0.6514147507263316,0.0772839540410988,0.117615245356379,3,4,0,6
0.7746119051362892,0.5965833341055762,0.798466345323084,0.9672485646042344,0.7356993479731561,0.6790638134679757,0.8011976700059066,0.4751374267119505,3,3,0,6
0.7683029213333825,0.5992847219624344,0.8083481881530808,0.9544154816931548,0.740703159682347,0.6914186186673181,0.7908839099377261,0.4799924841246096,3,3,0,6
0.9792583134974994,0.3931617098862188,0.738267161500141,0.6095329384544442,0.9994492727986564,0.6429749968008276,0.49442249064028,0.6678503932549101,3,0,0,6
0.97831789947902,0.3926462254510343,0.7376839423113498,0.61403498615905,1.0012719348638002,0.6396775449817405,0.4925777712098138,0.6651803150021975,3,0,0,6
0.9806534637006368,0.4049239265256687,0.7277724768366408,0.6210851599227529,1.012739153818204,0.6470706091979109,0.5056322671573237,0.6803955843688189,3,0,0,6
0.4187206922047681,0.3823512723455277,0.8917080905958443,0.6095038431769129,0.6632417283085138,0.6346159150417471,0.0699189370767527,0.1151901862038869,3,4,0,6
0.413740183433595,0.4133851036314547,0.9131849637468684,0.6447902590467602,0.6229691076267433,0.6313899033119986,0.0996246703755937,0.1035634957557663,3,4,0,6
0.4179376689859065,0.3875321822704207,0.9100070876151533,0.6094265650648809,0.659526038894272,0.6388473867153929,0.0805567493182887,0.1000222673546208,3,4,0,6
0.9870989484315408,0.3780940775347787,0.7321644964898513,0.6151550249366022,1.0063557853928076,0.636618534408315,0.5074324037823451,0.672885620161774,3,0,0,6
0.4329802739437434,0.3911190070688989,0.9009929899353292,0.6108872633307673,0.6449780580305088,0.6398509166657599,0.0748052984365311,0.0966595044122203,3,4,0,6
0.7828521622897825,0.6038710612809739,0.8095998748507993,0.9790771680243832,0.7323889435195315,0.6837758280778793,0.7979103331385701,0.4591061682908459,3,3,0,6
0.4307716652664186,0.3861887742715867,0.90442229658183,0.6155518140428019,0.6458831630708333,0.6376386943382941,0.0777793227470519,0.1000551776763832,3,4,0,6
0.425804361941061,0.3916600456893192,0.8940872163062876,0.6097100630025,0.6444204280485778,0.6348758340210565,0.0701034165202448,0.1048651105423384,3,4,0,6
0.4307083504415598,0.3877335524181559,0.9037730144065472,0.6154808898148384,0.6458913556245915,0.6363094049091457,0.0768985841331416,0.1004876761816203,3,4,0,6
0.4303237349337118,0.3925120952221263,0.8961487645321808,0.6081374986779201,0.6449635473437278,0.6306396464492562,0.0866482349137462,0.0938623558482668,3,4,0,6
0.977050834632122,0.3950823241846131,0.7339128802111168,0.6163507045755944,0.9991537184820456,0.6395384251903181,0.4892832070995246,0.6602597198757896,3,0,0,6
0.9670395677228436,0.3950674916781569,0.743924607377926,0.6250564981546785,1.0048463572631483,0.6297266458987639,0.5041907346839924,0.6677121342147111,3,0,0,6
0.792393939787825,0.5664432383554692,0.8087033238574662,0.9750857098975614,0.7067685622880671,0.6634485370722293,0.8136643436208221,0.4704055925934836,3,3,0,6
0.4158230753136453,0.3935358265975095,0.8885988378832363,0.6351526226204725,0.6519418565216322,0.6384785258582454,0.0887060254921634,0.0966919521891685,3,4,0,6
0.9784869357395374,0.3917430612193321,0.7387371749787772,0.6123562413603275,0.9995710901126196,0.6402274746390677,0.4920018690022132,0.6654206656107471,3,0,0,6
0.4092618322491271,0.3796951377396531,0.886915759037783,0.6007742439169979,0.6482535904883069,0.6534126281911287,0.1221443574172434,0.0939124033124152,3,4,0,6
0.7872641970667812,0.5945097235993043,0.8115820810140216,0.964186190387575,0.7463960150058193,0.6867330442283098,0.8135722908582383,0.4842566156332525,3,3,0,6
0.0617671898705002,0.8444786596075446,0.2064624223951541,0.9619006505484332,0.2480556231266848,0.4878915274159272,0.0573587232526723,0.6086236942700397,3,2,0,6
0.4300135850496848,0.3880335468281143,0.9062182618545532,0.6135398352190523,0.647567939674558,0.639536797230053,0.0773303863029832,0.1031587872198086,3,4,0,6
0.4353011336191156,0.3943480423742786,0.908886325284958,0.6155701807723772,0.6393610418051544,0.6351472763314526,0.0769905496845614,0.0965924969363086,3,4,0,6
0.4274904007191424,0.3867153019011942,0.9126072606124548,0.611347805352248,0.6483126328477898,0.6396316188285017,0.0828532614472445,0.1000653275230479,3,4,0,6
0.4308238892835146,0.3853228069015032,0.904618251102134,0.6141093807890439,0.6424918814224133,0.635206491281826,0.0805004281011764,0.0984303207556248,3,4,0,6
0.4252158447181665,0.391924723854514,0.9058398666579354,0.6218602656059808,0.6448937509687621,0.6316335142419774,0.0873092072791555,0.1074809713424154,3,4,0,6
0.4274676363899057,0.3885718146566301,0.8995270684004263,0.6181920958594291,0.6456600192900023,0.633611795923489,0.0848746164054647,0.1048746015584505,3,4,0,6
0.431826329655566,0.3887740384823391,0.904221092310731,0.6141585970587999,0.6448028385559756,0.6377484100104354,0.0796298774719702,0.1019358256307703,3,4,0,6
0.9726160506333332,0.3939151096681185,0.7400398509598999,0.6079931132584795,0.9935355378922256,0.6354532530241489,0.4891599889397031,0.6557767362346546,3,0,0,6
0.9814570005256628,0.398405670455265,0.7509812516086968,0.6100478131021725,0.9960208371585484,0.6338862536689929,0.4925954559053897,0.673734642410294,3,0,0,6
0.979711329863352,0.3913465505372845,0.7366917336416668,0.6088699024809691,1.0002633807499943,0.6364122897038513,0.4930468409880709,0.6646077310201337,3,0,0,6
0.437401686474468,0.3942614261312913,0.9049044269668078,0.6101239489871487,0.641659354427966,0.6336293682303429,0.0799934977136546,0.0951499759284194,3,4,0,6
0.9767029693621958,0.3904913998434072,0.7383178830572158,0.6105953067743549,0.9982168238455924,0.6398943979671718,0.4923375074340297,0.667221276054037,3,0,0,6
0.8083514987195369,0.5643735093531289,0.8104970803176863,0.9780447101418016,0.7121251400240931,0.6499270013658496,0.778118435554533,0.4653524628936061,3,3,0,6
0.4310997834731737,0.3889550728091073,0.906036405294547,0.6134295358783411,0.6441685704178319,0.6387789450477347,0.0798908284217386,0.1015450152841767,3,4,0,6
0.780128213136406,0.5899240462059787,0.7998585221462138,0.9742978916612018,0.7497602468586633,0.6645642858580466,0.8001425471874062,0.4630108192824315,3,3,0,6
0.4243643181923359,0.3829944300115805,0.8995770469426472,0.6052955169196076,0.6486871074065383,0.6369041615932454,0.0695861483442761,0.0877280428601196,3,4,0,6
0.98315381090005,0.3891191061725237,0.7324907878014884,0.6053188848291233,0.9971341905120994,0.6408949291450353,0.4971253696860723,0.6720426776021089,3,0,0,6
0.4406786370344375,0.3918245039677869,0.8972656622753379,0.6220938688056891,0.6464521196119432,0.6368599969807648,0.0841574359435635,0.1078558033847097,3,4,0,6
0.2960841000471787,0.7501915329516583,0.6528396840803506,0.9314079151618694,0.3177037587291172,0.2074200946694906,0.203741308480798,0.1024875414219284,3,1,0,6
0.9744785889073728,0.3950782181302147,0.7353452350472556,0.6130033266076355,0.997858191585293,0.637720560641762,0.4949027760110847,0.6638743668111013,3,0,0,6
0.9870175478322648,0.3837487309115189,0.7285764163628613,0.6062537460087177,0.9900458273427916,0.636221063949713,0.5022062784839844,0.6728751938642352,3,0,0,6
0.9792480551456556,0.3924093397226489,0.7381314121486399,0.6148178433009538,1.002259778553219,0.6404472279345607,0.4910147441205669,0.6645327116618072,3,0,0,6
0.7759036449440202,0.5946485978791602,0.7941818315072389,0.9677895376106108,0.7356594061166003,0.6788848782490615,0.8030120266022358,0.469750948240809,3,3,0,6
0.7737744877374835,0.6007507971452282,0.799145958208799,0.9779033649310566,0.7455281717249301,0.6852989388666865,0.8102653271315878,0.4808868110321285,3,3,0,6
0.282848157066127,0.7471125210715269,0.6477134034674393,0.931400788090528,0.3211138954022065,0.1960262372289574,0.2213346426271505,0.1188798090030125,3,1,0,6
0.7702539448060408,0.5983784668632799,0.7932000604527101,0.963612583965956,0.7381383011886765,0.6786297430820051,0.8008985092274926,0.4753451357632349,3,3,0,6
0.066527969408302,0.8434800208040286,0.2179588025735135,0.9438793746152188,0.2505384093365931,0.4868093542940632,0.0531706973997247,0.5916651035326399,3,2,0,6
0.9778943741523004,0.390190454630189,0.7374705288214696,0.6112023378157054,0.9987817711057226,0.638327178920766,0.4929376215434555,0.6656875100225313,3,0,0,6
0.9793555844542116,0.3931503019284874,0.7356672542015565,0.6144408857414793,0.9927869267465402,0.6421131195472787,0.4967210833482136,0.6723566750123864,3,0,0,6
0.4347653776368332,0.3850400495744315,0.9070618333188516,0.6142593050081838,0.6444632213495378,0.6338676322937092,0.0755014752784291,0.1053920373695829,3,4,0,6
0.4294837636399668,0.3874297217913715,0.904747647275976,0.6094869364859342,0.6490508582455735,0.635681066361934,0.0768635764528353,0.1014621130127053,3,4,0,6
0.4382773473891163,0.3872960104788637,0.905419942680332,0.6098198484500096,0.639704643024897,0.6403849457885066,0.0726649815422147,0.1052274390449574,3,4,0,6
0.7706669469840196,0.5962250329532247,0.79211343709007,0.9685290356825784,0.7361319995642663,0.6770885967940157,0.8053830312803173,0.4759067568781695,3,3,0,6
0.2964719527178033,0.7473883991267581,0.6519853728126772,0.9298479014056648,0.3208114704266086,0.2019954766743739,0.201573544398944,0.100447780743039,3,1,0,6
0.7724763464293504,0.5942250737776589,0.7955068038887243,0.9680845946280024,0.7383926213621638,0.6808561410196146,0.8024854271365249,0.4714909673743779,3,3,0,6
0.9753309310908485,0.3907467343797265,0.7282327673515212,0.6138160319611508,1.0021184159996397,0.6340283053838993,0.4996736051984811,0.660974389562586,3,0,0,6
0.4203227430916876,0.3974141148610579,0.9006059390398019,0.6230207724645315,0.6552651143527197,0.6330663034030092,0.0838114652750461,0.102719494646665,3,4,0,6
0.97538338045773,0.3913685189505496,0.7357997421146153,0.6072860887654596,1.0028672454920466,0.6368244459392355,0.4983354740552376,0.6655284380840278,3,0,0,6
0.7779399767288769,0.5995270957736177,0.7950544592001154,0.9620821060540092,0.735706484419848,0.6880119529064833,0.8088322504631107,0.463537958771705,3,3,0,6
0.4303117877524533,0.3893486650962827,0.906353306450876,0.6148699652946658,0.6432471440041195,0.6373407027061603,0.0793857667212147,0.0998903351931757,3,4,0,6
0.2948493924254323,0.7519304136199132,0.6532819926776355,0.930547787456664,0.3160119277482243,0.2044721060422742,0.2055618887750191,0.105293904473285,3,1,0,6
0.7842187889767722,0.5845309908425226,0.8123864888857318,0.9603014832195612,0.7286440643266563,0.6806529877768457,0.8111542248861231,0.4569246327412919,3,3,0,6
0.9775360840530168,0.3900033081453883,0.7358058685883254,0.6117858395838497,0.9994394818947182,0.6366923577698941,0.4933059715441117,0.6657249661880128,3,0,0,6
0.4242379354445121,0.3961118416179809,0.8982751358741248,0.6084197392903447,0.6567213120615604,0.6359442833890623,0.076390101148543,0.1103031107475976,3,4,0,6
0.7760024613560984,0.5848975783376729,0.7881712098201159,0.9636391579724166,0.7447456169944685,0.6862902244480956,0.8079049717199844,0.4740789584887694,3,3,0,6
0.4200950497331986,0.3999300018748912,0.906891825024799,0.6094092012296847,0.6421509180932817,0.6359905466112666,0.0771596244896352,0.1025773870062514,3,4,0,6
0.427322454649115,0.3863182315678378,0.9053407332223736,0.609177827257555,0.6427797177717901,0.6404825994991648,0.0816668680251419,0.1035440174829751,3,4,0,6
0.7808812314463135,0.6004660777572945,0.7840822333994697,0.9561733061238916,0.7453885419844534,0.6809453182221354,0.8018699653901722,0.4815942695727842,3,3,0,6
0.4256635105793614,0.3881518096619017,0.9032702628682702,0.618401427096947,0.6407343793305096,0.6344920263084552,0.0813343838022874,0.1001349979329148,3,4,0,6
0.4263948876419196,0.3865422893110076,0.9049932874876369,0.610537316353699,0.6431633845264371,0.637910638600942,0.0770993993189352,0.0981578959074293,3,4,0,6
0.981200640952668,0.3882584257465541,0.7365155841484943,0.615595964861431,0.9955713335399636,0.633954298320641,0.4914776682581745,0.6602810432772636,3,0,0,6
0.415019231855939,0.388160171889296,0.9116366053895848,0.6155375642723873,0.6352738739938517,0.6253395823088239,0.0946840956845752,0.0917689060851103,3,4,0,6
0.9766712943980316,0.3880767389353545,0.7366178595207933,0.6104259034748112,0.999320508236547,0.63660093129524,0.4942047032879937,0.6650891585203547,3,0,0,6
0.978310085949498,0.3885838798603929,0.7358262602447349,0.6106453835450834,0.9977393849001572,0.6368730063122893,0.4927309223273586,0.6646368056977155,3,0,0,6
0.9791973745859596,0.3923121321498466,0.7291990329221151,0.6054327784230373,0.9961930700655476,0.6365443439895797,0.4891379853985167,0.6689571912121461,3,0,0,6
0.9801711580398308,0.3824960060449967,0.7224921150808452,0.617740663706917,1.0011180599626466,0.6310734831181061,0.511735429018317,0.6723341603246031,3,0,0,6
0.2839655276347598,0.7458328238491285,0.6386965749029,0.9407404183194524,0.3155757094294344,0.2044744519786143,0.1939648034781506,0.112277259872559,3,1,0,6
0.4296708698713019,0.3887659125250575,0.9095464365438908,0.6120723068858435,0.6458055341536557,0.641816911142724,0.0817587961007266,0.1033068005854147,3,4,0,6
0.0657702285117112,0.8639317538311274,0.2054649126704466,0.9419291515988938,0.2298904697232341,0.4741915946831586,0.0768696668984028,0.6099242527598494,3,2,0,6
0.4294736762224627,0.3900145341150899,0.9073063883985462,0.6123240569918953,0.6444975140070011,0.6399939988518054,0.0806790700733093,0.1016028782521197,3,4,0,6
0.4306157762369482,0.3908398344175895,0.9083974905270936,0.6132323235689421,0.6446192673852236,0.6402581387854164,0.0815758308922801,0.1016681184541312,3,4,0,6
0.4306391272711759,0.4014311337996374,0.9044083085073772,0.6157963313750309,0.6324098611031455,0.6289709548209634,0.0662632389698974,0.1106013705389866,3,4,0,6
0.9746908284447762,0.3870147299189645,0.7384936576214497,0.6107948218737397,0.99784591161966,0.634418163982415,0.4921347085967108,0.6670144590975209,3,0,0,6
0.4310711493189183,0.3947755996824373,0.9100460191475572,0.6144945426567051,0.6429132869672592,0.6417937651858788,0.0796654654700542,0.1046504296324606,3,4,0,6
0.3053954464357254,0.7543926200342009,0.6587883162350597,0.9342956798294094,0.3086314097378239,0.1971970359978631,0.1977418723298041,0.102747029409551,3,1,0,6
0.2910042029988989,0.7563143951502495,0.6620032193751119,0.9344090386573388,0.3258532172902887,0.1919634654592493,0.196009750431314,0.1110581644082667,3,1,0,6
0.430813090121528,0.3889790926240489,0.906094370657507,0.6118304941571074,0.644928365683421,0.6393430096994935,0.0805519695233131,0.1037471984120796,3,4,0,6
0.9849426506845118,0.3793485316179082,0.7284297876689448,0.6042546767716993,1.0060105002780817,0.6286395071864938,0.4875672863198549,0.6599872644968945,3,0,0,6
0.4329927051030156,0.3783829709074133,0.9081669430453057,0.5981999438474971,0.6374604567358092,0.6237100020412342,0.0929481190708986,0.091133102280182,3,4,0,6
0.978456667680058,0.3866478164400436,0.7373037456401343,0.6111314751702173,1.0006426367675874,0.6388668456102609,0.4905567725702723,0.6658008812991372,3,0,0,6
0.4302704023666326,0.3902926725382565,0.906850521835833,0.6113540796984389,0.6454462941865132,0.6399416718674754,0.0826222075090329,0.1029691127330554,3,4,0,6
0.4323321931369943,0.389384365492607,0.9055799833801658,0.6119001381304091,0.643029378217374,0.641218971621717,0.0839260255750433,0.1023462782618459,3,4,0,6
0.973707996903872,0.3976852484473478,0.7309467157895748,0.6131842268688404,0.9988019509958004,0.6375032020955922,0.4965313320742727,0.6558743671467495,3,0,0,6
0.4361850119982376,0.386286424594796,0.9084340666855324,0.6122766121432226,0.6508812833557367,0.6469069717125518,0.0763408816733901,0.1089329774170614,3,4,0,6
0.7700367631577721,0.5970702771396942,0.7968931412708798,0.965503180665966,0.7388476511446314,0.6801472306994545,0.8005081370125562,0.4708400028892618,3,3,0,6
0.7784173777440229,0.5920922288505257,0.7989224633903319,0.9696906206776628,0.7481338138647614,0.6898413296631486,0.7943418740331751,0.4734547817295269,3,3,0,6
0.778979218441268,0.6023576950754603,0.7910227533144168,0.9669718845621952,0.735154148820658,0.6675958197468436,0.7960118597625432,0.4828190310318936,3,3,0,6
0.9731826622095516,0.3874516888650871,0.7332276797062768,0.6122711038362497,0.9936803302735416,0.6390679986090839,0.4977327404728598,0.6618282850854206,3,0,0,6
0.0521098381118622,0.8549097741518875,0.2214349803903642,0.9461927691658646,0.2354866018044115,0.4849878597462098,0.067021834142889,0.6018964889239781,3,2,0,6
0.4306863968842432,0.390446264798429,0.910878440931372,0.6111402473116843,0.6414712163201073,0.6391880206636377,0.0809598435786926,0.1043725876058536,3,4,0,6
0.4268209963099453,0.3901035001569569,0.9097773576525888,0.6149351734842952,0.6427727735046349,0.6386365445006426,0.0806656913991347,0.0994055291882441,3,4,0,6
0.4279946794225313,0.3997272997289394,0.8982319551985958,0.5962649270224922,0.6574694394451462,0.6538462530427063,0.0937828155857723,0.1077356342997044,3,4,0,6
0.2971467749900405,0.7551651978973885,0.6519465196356546,0.9307787055172404,0.3159030004341133,0.2030208198796779,0.2062086811266984,0.1057870498248999,3,1,0,6
0.7698285815796879,0.5959820143081643,0.7948506000480633,0.966320029620922,0.7403930691637561,0.6821028432260416,0.8019259576999278,0.4691285385813774,3,3,0,6
0.9653133241138652,0.3798643587046216,0.7257993529135078,0.6189935183840327,1.0014644289677734,0.6454638398581318,0.4915030867755018,0.673002128068341,3,0,0,6
0.9825454096805012,0.3888537587269191,0.7348502904844139,0.6094504912000839,0.9958826267938468,0.6326803143109135,0.4934349571834801,0.6653130576396986,3,0,0,6
0.4253811064852348,0.397083116275324,0.9151542079057964,0.6277105612159558,0.6476447361126665,0.626967558594768,0.0769661403643084,0.0868974261003807,3,4,0,6
0.4240816524517432,0.3906119003788866,0.9039990102422653,0.6075659046026027,0.6398131623598297,0.6468770974539311,0.0806128658583685,0.1047252322915461,3,4,0,6
0.9813274090708844,0.3812344997591366,0.7368421735312364,0.6143893309043073,0.992979158282562,0.6383098636189757,0.490952539076037,0.664986891780279,3,0,0,6
0.7773716330188383,0.594364104294675,0.7809356590637355,0.950758549593154,0.755526154547692,0.6878322762538674,0.7870917180869166,0.4639695309166862,3,3,0,6
0.2941861239699391,0.7568542204106733,0.6556051750546774,0.9296247239790456,0.3167960033894755,0.2019952552696007,0.2098610444338942,0.1025449394602795,3,1,0,6
0.9828452257185109,0.3794455947851934,0.724074056256514,0.6009285211432912,1.009947289070299,0.6438670122826335,0.4949282590582334,0.6625787498813408,3,0,0,6
0.4348420980619962,0.3851653856478875,0.9150103618298404,0.6081127279179456,0.641001505939093,0.6416601115774909,0.0862171158344744,0.1037382724359073,3,4,0,6
0.7737888671058968,0.5983904340953786,0.7930971632651058,0.968632275572304,0.7423889828515213,0.6826937134422224,0.8007708832985142,0.4647524268697187,3,3,0,6
0.975501621467566,0.3858749616124877,0.7375394560878429,0.6097906038156914,0.998486848998316,0.634682260957996,0.4964890566556828,0.6664905772455226,3,0,0,6
0.4329971757371655,0.3919975385435466,0.9152501986760412,0.6113005140989834,0.6445826586260598,0.6510044389651559,0.0746118985944671,0.098200335829325,3,4,0,6
0.4347367858824844,0.3974289176452292,0.904326062906194,0.6081253666517328,0.6437944854170444,0.6407958401287986,0.0763012508841876,0.1062431886459368,3,4,0,6
0.965110811333721,0.3886620626299641,0.736589779163054,0.6154298318097292,0.9913710375533888,0.639353272835795,0.4844933353902988,0.6627956780277209,3,0,0,6
0.7687907839906422,0.5875024885860183,0.7847198614510743,0.9629516599243952,0.7334515561316923,0.6749798631079837,0.7964517409345749,0.4589407916000779,3,3,0,6
0.2971243453697007,0.7544824739511009,0.6548908548979592,0.9283332156284112,0.3143386212380732,0.204973966859486,0.2082407600651833,0.1047992573778817,3,1,0,6
0.4345382537160547,0.3875720739137108,0.9080410900202792,0.6061209208655283,0.6496381733895594,0.6469254987785528,0.0824908782773981,0.1062022857238725,3,4,0,6
0.0694187745605239,0.8559632617333368,0.2081853281496318,0.9390286334778252,0.2197264374944691,0.4823200664076628,0.0593487555892396,0.6131878896536362,3,2,0,6
0.9768243846665544,0.3855455504276798,0.7343621353658148,0.6085967247112204,0.9968785335459788,0.6345941521478782,0.4949996682610197,0.6657662273091082,3,0,0,6
0.4292236488212257,0.3934851451860721,0.9082994113317732,0.6089166059428658,0.6473956699056679,0.6448558757521062,0.0847721158932624,0.1026955872875976,3,4,0,6
0.4301631557161132,0.3944263638163172,0.9088151174228072,0.613382707245116,0.6442079267148582,0.6423491589859256,0.0814917848328284,0.1030232413575483,3,4,0,6
0.7610012470767532,0.6064479537198086,0.7835904677275809,0.9634180790231376,0.7460177050036607,0.6749968574286713,0.7921314470757622,0.4626611723671383,3,3,0,6
0.976397406835826,0.3858871040649808,0.7339094869625795,0.60884416074447,0.9971634197995688,0.6344803610780329,0.4950843380918365,0.6653893780451565,3,0,0,6
0.9816046171586996,0.3784633284184867,0.7298520644562912,0.6084092888987718,1.002148103450054,0.6331698346282564,0.4995992527904352,0.6669395426302765,3,0,0,6
0.9729060935758156,0.3896496205546181,0.7287076410832101,0.6043478383632349,1.0014999762202603,0.6393898780585519,0.4902876858692556,0.6686883353411601,3,0,0,6
0.4324144590316574,0.396006200551204,0.9075248997099008,0.6170188072775368,0.6417113948811515,0.6473235086870439,0.087299542794305,0.0952873871921029,3,4,0,6
0.4289928920396163,0.3894856005804486,0.9099756415073188,0.6130686020323564,0.6402091224883669,0.6447149215898822,0.0830737722537155,0.1034936764141663,3,4,0,6
0.982581714047482,0.3843108272764242,0.7336801898300502,0.6099333234462241,1.0001645380045054,0.6437761296983315,0.5028205888934778,0.6649808599266906,3,0,0,6
0.4267612797263928,0.3953161518306062,0.9131309496449896,0.6093643868445338,0.6420364894925539,0.6367839825375919,0.089255225618899,0.1072243384375292,3,4,0,6
0.7645987848702381,0.5969406251605626,0.792131545061549,0.9622838597210276,0.7445898088666563,0.6857833614158921,0.7986995770241049,0.4652028215255597,3,3,0,6
0.4265794509826706,0.388100361406866,0.9068409786056308,0.6118755920555788,0.6429146086731347,0.643644253449409,0.0856239690992958,0.1013012661971624,3,4,0,6
0.9738247299783496,0.3844206027911129,0.7356721345779277,0.61083598354833,0.9993067298677188,0.6334707497776387,0.4953592699637404,0.6633539844802279,3,0,0,6
0.7754512423021601,0.590938393268204,0.7903386030012681,0.9667109552740664,0.7481915022040183,0.6787795356869023,0.8021426189159238,0.4730224549073963,3,3,0,6
0.9741643672660556,0.393413456575755,0.7251304681319949,0.6068773576594223,1.000359037247723,0.6254302684574261,0.5034805960956763,0.6708247961537297,3,0,0,6
0.9885503889075732,0.3825125112445985,0.7397631836482804,0.606593596039119,0.9844277596342668,0.637318561150468,0.500370091757618,0.6587179524968407,3,0,0,6
0.4175111049673909,0.3988593451640154,0.8989527978253263,0.6085962113136255,0.6370372286522925,0.6536175305824261,0.0706457262080709,0.1032940200082573,3,4,0,6
0.7631058913887556,0.5897648023443749,0.7844415130398831,0.962213360750534,0.7365461661494603,0.6876355028120653,0.8065782100128679,0.458330413829644,3,3,0,6
0.976894878607596,0.3855817229753909,0.7330459493576066,0.608439875262221,0.9968154526500386,0.6337930700384345,0.4949901963260952,0.6659407382907987,3,0,0,6
0.9747263169096764,0.3848496636061654,0.7341674310844978,0.6069448042088263,0.9956435132393162,0.6334612507910901,0.4969368220512402,0.6657759728165672,3,0,0,6
0.4322812174182467,0.3959046506218143,0.9081836006741874,0.6094232584956659,0.6456073862025474,0.6440019219361022,0.0856970080786402,0.0999055449712294,3,4,0,6
0.4279188092517939,0.3938803955386193,0.9112228868997988,0.6098682670518416,0.6437107259766096,0.644140426557348,0.0831194073320843,0.103294535607612,3,4,0,6
0.9760418972267684,0.3838115943423798,0.7336078080286466,0.6092320820250932,0.9970725739917812,0.6343817710021662,0.4944305327115881,0.6648120510830239,3,0,0,6
0.433242788865737,0.3958157075838336,0.900273453839268,0.6163269484264021,0.6295021285156415,0.6449066956853095,0.0675780286280633,0.0884609991742586,3,4,0,6
0.9793986907279574,0.3846882860939926,0.736935245214189,0.6059261823918486,0.994519093358934,0.6361729786050071,0.4952779376396533,0.6643101909167978,3,0,0,6
0.9617887434077268,0.3751175865706664,0.7383140381888694,0.6210551409906774,0.9996046055425628,0.639228756738342,0.4950193301545965,0.6752694714417062,3,0,0,6
0.9803552300122989,0.3762250943728422,0.7292227805260187,0.614418700110585,1.0046789116571693,0.6330216593103809,0.4928525346070862,0.6585847980127488,3,0,0,6
0.4171784999515676,0.4138966999548359,0.8893733661161981,0.5817597326887929,0.623472338854998,0.6647117993156438,0.0548865436857985,0.1032607021611174,3,4,0,6
0.4285303070811005,0.3939606504748897,0.9109416393224744,0.6105206504866133,0.6433474858616824,0.6443834196396012,0.0838129570506051,0.1032009449214487,3,4,0,6
0.4283984175999226,0.3955142987046863,0.91168245381254,0.6093492689011563,0.6407400891530777,0.6459142829931551,0.0814365550849744,0.1022493415060822,3,4,0,6
0.4160034400493737,0.3935734056602978,0.8996120539312347,0.6111739849392331,0.6544932613734971,0.6492442608764426,0.0770274767796626,0.0985388082086163,3,4,0,6
0.4309726091901928,0.3955232361709242,0.9055598317386544,0.6164512557117479,0.6386430750082107,0.6428781708016005,0.0824444507351387,0.0994435626158256,3,4,0,6
0.972891280734566,0.3803648910551746,0.7367433143420663,0.6062152496187563,0.9922069654383994,0.6348898829395946,0.4958957080415687,0.6625182121212323,3,0,0,6
0.7691704384409879,0.6005287595816837,0.797992466751946,0.9626998358204906,0.7408723598691155,0.6886626495835728,0.8041252042027636,0.4620581125097387,3,3,0,6
0.7669389988755078,0.5914450591568913,0.8021549144247295,0.9587559514138072,0.7522762996315991,0.6787734288500292,0.8060651091814607,0.4581498541874997,3,3,0,6
0.4306419630815219,0.3937958683814234,0.9090338315610264,0.6050067693687048,0.6360112357069039,0.6503351505151949,0.0962959849973695,0.0937862810602805,3,4,0,6
0.4284916290280564,0.3973192323295743,0.9050284787237534,0.609066935796176,0.6420964017232809,0.6506352052707466,0.0820896658114247,0.1023445068330499,3,4,0,6
0.9827799530930236,0.3669609793157464,0.7164855671192144,0.6006639281945251,1.015451878308841,0.6377542493446597,0.4966586014481882,0.6700667281740257,3,0,0,6
0.4208278165725911,0.3887692442274229,0.924876653956179,0.6128208142700574,0.6296405523106304,0.6495799533718645,0.1018852736780093,0.0991532368210278,3,4,0,6
0.9757031756688108,0.3837927996367587,0.7321193135369545,0.6076713018713236,0.9962656938862424,0.6327896528885721,0.4960366595548578,0.665521830114883,3,0,0,6
0.7631264375283202,0.5995634289522267,0.7941325984659696,0.9684436508440336,0.7415704512515515,0.6867856753130982,0.8034171436880454,0.4698389305401074,3,3,0,6
0.9711390066755552,0.3857943644366972,0.7364736323632691,0.6057029898754238,0.9938113723565872,0.6356513643974344,0.5031640293113709,0.6636497757325128,3,0,0,6
0.9840971534836632,0.3894558048952961,0.7376601090536029,0.607411237240478,0.9919904144013456,0.6278746714905489,0.490019017868225,0.6561619864701055,3,0,0,6
0.4248208947553819,0.3872839453311806,0.9140418727770224,0.6098461539031859,0.6384886377698878,0.6392332427335927,0.0832939157290275,0.1019786189705198,3,4,0,6
0.9753505252102492,0.3782430170515585,0.737279656525074,0.6076457174063081,0.9941032335531538,0.6356062328976759,0.4913580873724703,0.667441959877735,3,0,0,6
0.9764128453668997,0.3857648902346265,0.7320997643616183,0.6094288811740951,0.9948576521701538,0.6338574347989743,0.4960451546835402,0.664608330243434,3,0,0,6
0.9904066923660776,0.3764011916991152,0.7231750879830509,0.6215409052662729,0.990263221821461,0.6318225648926493,0.4777641278153718,0.6714073595822833,3,0,0,6
0.4241711857611454,0.3940047154818091,0.910208436419198,0.6123663797253955,0.6396225356329385,0.6466634862622261,0.0868701457428084,0.1055486049783724,3,4,0,6
0.4288944226657558,0.3923238868164715,0.9152040865476492,0.6107746435544212,0.6481170884072374,0.6494794135385876,0.0888573294516929,0.1048933416217873,3,4,0,6
0.982597226560018,0.3951436244238715,0.7404159702795536,0.5987045632705595,1.0066344916516736,0.6252565005950969,0.4991974800455754,0.6539546758456535,3,0,0,6
0.9779988048645692,0.3830070793572302,0.7319219851115432,0.608222229626732,0.998329088523457,0.6346771559348701,0.4946880175927558,0.663155919744797,3,0,0,6
0.7605090217776354,0.5995328515679644,0.7896875321369009,0.965556923369702,0.743597877231072,0.6872922401519052,0.8058709079192369,0.4674730995679781,3,3,0,6
0.4215657077646841,0.3968427815368678,0.910800465855272,0.6028749246460863,0.6366850321002793,0.6578476434812752,0.0764669858755222,0.1058783168933217,3,4,0,6
0.4266452785130893,0.3857894438878847,0.9182347492629636,0.6180694336874963,0.6327424639977977,0.662848945083321,0.0982747167861897,0.1014718823271302,3,4,0,6
0.9755854802513336,0.3827389827971398,0.7317647559279972,0.6070083240239261,0.9959345950432074,0.6321942820811656,0.4962811315014594,0.6657827764273775,3,0,0,6
0.764221475317367,0.6092693385345442,0.7973773536240902,0.9784549636362796,0.7522458313552826,0.69196244230445,0.8135368293905475,0.4695224199019371,3,3,0,6
0.4169116017680203,0.3829035729905431,0.9145410985843128,0.5983142457315258,0.6371748459177394,0.6353179227690848,0.0908105567885719,0.0923217430435015,3,4,0,6
0.4276947187836608,0.3946733528437229,0.9123093107822456,0.6095050129007409,0.6434742581879873,0.6454300437300887,0.0850264124224342,0.1036858264687987,3,4,0,6
0.7691125651942455,0.5984965631407936,0.78712098645722,0.9532581633305692,0.7550680137824727,0.6743537206299005,0.79964516828088,0.4770378996940391,3,3,0,6
0.9503962827865144,0.3922717677925295,0.7297217528215414,0.6026658702288107,0.9955735058236576,0.6415721311703404,0.4909913118546897,0.6501081304388884,3,0,0,6
0.4290684497889832,0.3922099919048419,0.9199662006172667,0.6119374190788672,0.6371811572349024,0.6403996156839656,0.0774703091535996,0.0960174785029855,3,4,0,6
0.766526005776826,0.5958082934944865,0.7934653862774095,0.9656346068836772,0.7434556985913612,0.6856235056639941,0.8030354000682107,0.4648023215974383,3,3,0,6
0.0559230277328601,0.8522591335386654,0.2233373419150513,0.9318503704528984,0.2359942536721025,0.4886783360999295,0.0625695300000148,0.6055040839166517,3,2,0,6
0.7713254966800394,0.5954131891836255,0.7773931259173885,0.9479310303573478,0.7515278001503151,0.6753370572621025,0.790257709409844,0.4548032188510745,3,3,0,6
0.4346203768328565,0.389189680662986,0.9060089972082918,0.6030229731423746,0.6385194215686498,0.6437800987837963,0.0815319710698623,0.10396397041799,3,4,0,6
0.4301250738221733,0.3907810676957827,0.90995539727109,0.6107673664199091,0.65133472510279,0.6537686596734132,0.0828408522633938,0.10966258496078,3,4,0,6
0.04907978789403,0.8706897771430916,0.2154503967347034,0.9207165179612136,0.2188177949049797,0.5058770265594008,0.0526166697139506,0.6100118340235156,3,2,0,6
0.976780607092176,0.3797382555553273,0.7328851211282064,0.6031239209539047,1.000573424148356,0.6308566060247918,0.4912705561228283,0.6694853888449289,3,0,0,6
0.0604681025974872,0.8602483500772026,0.2274415705803555,0.9317588142831852,0.2311396386307466,0.4928702411719683,0.0798547951804127,0.5963865404657414,3,2,0,6
0.4252830343850336,0.3952864105502588,0.9134780799790831,0.6061487258003276,0.643939852225007,0.6474274743216683,0.0817340138068931,0.103005322554154,3,4,0,6
0.4311759058346238,0.394006847925868,0.9164490702332188,0.6062541532615068,0.6397886573231493,0.6423794616268597,0.0837175127213274,0.1074651110391928,3,4,0,6
0.4342667730009246,0.3939950161196381,0.9101832695470476,0.6028543582950142,0.6487915394360227,0.6474686800319364,0.091663115627345,0.1037091160300628,3,4,0,6
0.0538435014168396,0.8560622745645017,0.2215410982708167,0.9511191976039268,0.2263959505267665,0.4845239709845603,0.064067240097861,0.6014852077601505,3,2,0,6
0.974417618375232,0.3815968073634315,0.731680983516554,0.6071019938480321,0.9947903719855136,0.6339917375069454,0.4940397400943911,0.6683834419714618,3,0,0,6
0.9758343479839844,0.3836936514630249,0.7311182458505164,0.6052595708007874,0.9938052546623172,0.6324089111458103,0.4973666013840094,0.6673036946727465,3,0,0,6
0.7565882260854658,0.5821901909749596,0.7968479911422385,0.9612766838672264,0.7575950226957179,0.7024104888816155,0.7969045618907058,0.4611198768355975,3,3,0,6
0.301875111321093,0.7618905588658792,0.6407072097624781,0.9274351039491512,0.3195563287699499,0.1938927948342514,0.1987172272032751,0.115149363649652,3,1,0,6
0.976578665129468,0.3811287851035756,0.7320320736662942,0.6048546834284123,0.993835127330338,0.6303683745502061,0.4976155354146369,0.6652085829978622,3,0,0,6
0.9739692344193984,0.3793317099464922,0.7295678133189728,0.6054385665815705,0.991356914662754,0.6320674939484432,0.4943786910804168,0.6667928057720415,3,0,0,6
0.4289046764888829,0.3945039390916867,0.9174068258216476,0.6121266735349544,0.6391730413674234,0.6425459487236936,0.085532271481646,0.0995413799298607,3,4,0,6
0.4201284126220132,0.3959404260738032,0.9043126386636928,0.5996264091352982,0.6363021121759351,0.6434583078722589,0.077099800302109,0.1145369596876739,3,4,0,6
0.9752818966595114,0.3813813395965125,0.7306089877779246,0.6058358139479716,0.994930321946875,0.630859006658708,0.4971987159459585,0.6653071734095654,3,0,0,6
0.7632660966001505,0.5948351884408708,0.7936497682877447,0.9625977683377552,0.7437602174548802,0.6841584242198321,0.8016874652898187,0.4626409325167871,3,3,0,6
0.9772112392762468,0.377230211458843,0.7326086865838785,0.602280761239418,0.9918909630806304,0.6343903951238623,0.4958470951278004,0.6673293842030575,3,0,0,6
0.9765689269190254,0.3807148192134926,0.7282225598574926,0.6040147560446583,0.9974598609900136,0.6320552123821985,0.4949672302014114,0.6652625958113622,3,0,0,6
0.9583398654655362,0.3733174278596387,0.7359370975167159,0.5974964299876021,0.9840758287586052,0.6192647477385694,0.4958578580271365,0.6575439279021973,3,0,0,6
0.970346603673271,0.3796805873764347,0.7326778642264311,0.6059978517174459,0.9966656476290666,0.6323586830784784,0.5001942815780058,0.6677580513220153,3,0,0,6
0.2989288890508903,0.7646586376280426,0.6522949319632495,0.9282915469846792,0.3142441739618455,0.197929125622627,0.2081208380955972,0.1085129864288995,3,1,0,6
0.4216478538929738,0.3948061857693405,0.9105022407899256,0.612196456167918,0.6428506072284592,0.6484768930109729,0.0830762861264517,0.1064190238404752,3,4,0,6
0.9653770108868588,0.3707988830546713,0.734743153977494,0.6075369796674013,1.000786242400094,0.6304654707978693,0.493458861794323,0.6756305491270638,3,0,0,6
0.9765271786538448,0.3822884041882443,0.7315615996071669,0.6065193806860323,0.9961166988184568,0.6328178601610288,0.4968079487877808,0.6632510296402686,3,0,0,6
0.9780424241371104,0.3910930450756747,0.727888703822872,0.5962107908968093,0.9975925738895064,0.6272286784864078,0.4891979922939557,0.663789356683374,3,0,0,6
0.4400452137661869,0.4185436941017283,0.889997105242627,0.582369024580281,0.6686527356190043,0.6440635879568379,0.0933861310636363,0.0930514121911013,3,4,0,6
0.7657888278364505,0.5966923904208414,0.7917665362908509,0.956241148718716,0.7575378693878876,0.6773091905461548,0.8070618197012218,0.4600903335506771,3,3,0,6
0.963013516515947,0.3667503569207075,0.71552549123493,0.6103483690591014,1.0132142283390086,0.6414693765180824,0.5012902015288117,0.6719532878680786,3,0,0,6
0.7715653101485533,0.5874379393055212,0.7802714173662334,0.9546072245402908,0.741148326052858,0.6780399702783021,0.8109393935325215,0.4552656520138836,3,3,0,6
0.4225547874207274,0.3965949782164341,0.915205032181701,0.6111838283522659,0.6438481281144428,0.650462333834478,0.0825466072608029,0.1076931744835522,3,4,0,6
0.4291969033320051,0.3905603881646409,0.9130809102643134,0.6193157465459576,0.6482674922401658,0.6553658834812014,0.0842373590930502,0.1000585290567086,3,4,0,6
0.7630215127676678,0.6117732537029088,0.7861137649267392,0.965182257649974,0.759966889657618,0.6976631582477595,0.7880780137307867,0.445423442832384,3,3,0,6
0.7580242582311381,0.6031342669795543,0.7992090142925543,0.9546970871356828,0.7474285732465776,0.6934865720065286,0.8062259917766933,0.4563632460838065,3,3,0,6
0.9762454182201352,0.3781739619766917,0.7302285832648324,0.6055094466997814,0.9969832083920582,0.632024642212879,0.4967476195034663,0.6679969409259163,3,0,0,6
0.4274569960822497,0.3972108709223992,0.9130793761376657,0.607676037551106,0.6423967631424149,0.6481681920121515,0.0861711189411523,0.1055970802668072,3,4,0,6
0.9741160201749374,0.38006221953154,0.7305777199955515,0.6077992435264447,0.9955100869305948,0.6309540444855832,0.4998942754830455,0.6655003076322249,3,0,0,6
0.4233922275839895,0.4003639939734044,0.9153932862867014,0.6053533666934127,0.6375198821030977,0.6414027025030521,0.0787772443691174,0.1022910680929538,3,4,0,6
0.2977610010354272,0.7650747938465311,0.6480893893144208,0.9243954976226014,0.3099572599139623,0.1955983129342289,0.2136803615866374,0.1094097721379599,3,1,0,6
0.2946704265256539,0.7614047423363755,0.6458072998506591,0.922437034097614,0.3109630030350994,0.1982615257565943,0.2109620784461665,0.1113804206408517,3,1,0,6
0.4221070335352315,0.3925362498009268,0.9126487677712378,0.6025050458030744,0.639619478438179,0.652634005092666,0.0830692109956281,0.1052861750060168,3,4,0,6
0.9670447219524232,0.3698288732707774,0.737487472324283,0.6152937641162618,0.9996313016585064,0.6256822501644813,0.506838699465482,0.6715215837825841,3,0,0,6
0.976047127035254,0.3794482572682405,0.7312526478105956,0.6068598539763959,0.9904775534192108,0.6270720065617963,0.4983987036923114,0.6623769941439938,3,0,0,6
0.4321006323808433,0.4026155627191315,0.9129950840182488,0.6030908138591266,0.6434514359307032,0.6498744141752816,0.0814866142525833,0.1001389624131499,3,4,0,6
0.4258317322918239,0.3984512388315194,0.9109347352037408,0.6009688538247703,0.6438198605870054,0.6431291288320152,0.0873118247770294,0.0999320713701114,3,4,0,6
0.4266984027131663,0.3987340244637918,0.9126053593326802,0.6064080905344924,0.6421894279955561,0.6477928829591524,0.0887756706976522,0.1035165231765528,3,4,0,6
0.4308148141916979,0.4018723490539171,0.9102094717592812,0.6110198173538115,0.6387561881213804,0.6449461302865773,0.083824004015404,0.1052823756909125,3,4,0,6
0.427203922414101,0.3912081797789336,0.921542048291426,0.6032551669026307,0.63724762386249,0.6476904542522686,0.0861806031073704,0.0985587987136314,3,4,0,6
0.4274589986718332,0.3969284912786715,0.9140699672412412,0.608398384750045,0.6432833280472722,0.6480546241664628,0.0870860632677084,0.1054468559749888,3,4,0,6
0.9700052903360472,0.3753445559739512,0.7245608817807052,0.6218425215546707,0.9934952914171143,0.6322443898922148,0.5128023891300694,0.6582704635672456,3,0,0,6
0.7593591088745016,0.5962102874893345,0.7877630421408789,0.971033684631848,0.7402600392242282,0.6910303258903091,0.7960932241767122,0.4688259848270843,3,3,0,6
0.4253197088568434,0.3934552501249648,0.9166325483207248,0.606777327093254,0.6460584906060266,0.6410224414049401,0.0797550129203966,0.1120985707890741,3,4,0,6
0.9521569127216576,0.3924796368313082,0.7185330149056243,0.5868886752186415,0.9808555147045468,0.618414306146563,0.4820624605508083,0.6779433979518359,3,0,0,6
0.9843238295648468,0.3927286070439057,0.7264027976006767,0.5984995378221953,0.9916533108913,0.6407068266007987,0.4931292617738865,0.6640443449278868,3,0,0,6
0.4245450922295599,0.3931318014700434,0.9070823837863444,0.6224107980154377,0.6354109124618142,0.6327113845750276,0.0981136436833421,0.1103554049773389,3,4,0,6
0.421057988098054,0.4018382461400478,0.9122943415339216,0.5997271877601974,0.6418667589108684,0.6501053255874801,0.0863076340950327,0.105455022148341,3,4,0,6
0.4211939234377801,0.3922404595319791,0.9046974991827234,0.598097686017449,0.6372749529719637,0.6419240795949734,0.0825799744648908,0.1155845330781961,3,4,0,6
0.96891323542288,0.3737525407014253,0.7351827210543973,0.6059294138691577,0.9989299252095064,0.6251509795666794,0.493685956918877,0.6724470507346408,3,0,0,6
0.9713667596461872,0.3767231616687677,0.724892616935778,0.5987602672612671,0.999342983957286,0.6303149789704111,0.491931582930009,0.6621463576381248,3,0,0,6
0.9754273236291487,0.3857943061437419,0.7272195975446346,0.6082337770710539,0.9877612897236522,0.6225906793602011,0.5010712177994116,0.6621293400277272,3,0,0,6
0.9782335037765872,0.3847343128435772,0.7328599123779663,0.6001922687770214,0.9997949992657086,0.6302166525969837,0.498636357203906,0.6615311322424199,3,0,0,6
0.9753371831798276,0.3792910105215858,0.7287300083955699,0.6035464450272122,0.992921676903606,0.6297547056387666,0.4985670381297736,0.6650130278805031,3,0,0,6
0.7726175442972095,0.584808803567994,0.7822031311071341,0.9626718338496448,0.7619950401280373,0.6839915235259583,0.8144105095809967,0.4572976987006857,3,3,0,6
0.9689553219994969,0.3703947689303042,0.720628379267888,0.6097509022903214,0.9931252016015748,0.6370712277735587,0.5044291104710453,0.6593599986631439,3,0,0,6
0.9685462989522584,0.3669078931463044,0.7200282461445967,0.5991888799544306,0.982080148816824,0.6305620567356192,0.5060139147731078,0.6688677991832732,3,0,0,6
0.760443916797278,0.6002408530702794,0.7950916790562479,0.9604393015424962,0.7445906768280983,0.6892617062001071,0.8009980747536002,0.4653283803055841,3,3,0,6
0.9737535667865512,0.3788717677150822,0.7280896347909127,0.6045400865375823,0.9942906400215522,0.6282719106945712,0.4983979301727891,0.6657454135836871,3,0,0,6
0.7617617664648213,0.5955778247969243,0.7918938460417042,0.9635749418031146,0.7479960432115562,0.687222280899426,0.8023928276179124,0.4604892463603144,3,3,0,6
0.9721666372565964,0.3769848361370462,0.7292712081826429,0.6035780738511748,0.994528362101172,0.6289190880055522,0.4982478501167621,0.666158710444529,3,0,0,6
0.9706819565659914,0.3820499462033934,0.7236058691587988,0.6053972827689886,0.995994498178893,0.6280061896113986,0.5012636587519089,0.6705477745296472,3,0,0,6
0.4128173378042508,0.4107434501340438,0.9182636123282504,0.6201587762104069,0.648467757175828,0.6554822935341749,0.0860268027269731,0.103654483541579,3,4,0,6
0.9641102446204788,0.3848708596073359,0.7315798938248418,0.5956622033431812,0.9999588450487868,0.6411262927079118,0.5006978991476824,0.6777202178914178,3,0,0,6
0.9786273016961148,0.377807697274074,0.7245353536329859,0.5980668121951067,0.9950370382424024,0.6202569020097922,0.4954432059334028,0.6708438849489647,3,0,0,6
0.3016221411964495,0.7675709028135129,0.6519205348850163,0.9268525527377004,0.3122939344479059,0.196801262166926,0.2101082297609713,0.1093798089376597,3,1,0,6
0.9782717281000182,0.3805469514534685,0.727893961239309,0.6004068762764787,0.9975482693727066,0.6218344698635334,0.4986921541490982,0.6713020703773327,3,0,0,6
0.4266752191607288,0.3952196617646468,0.9116631785548156,0.6063031102668576,0.640251833337412,0.6466163816932975,0.0917437405309345,0.1024911913063268,3,4,0,6
0.4253903173494895,0.3972409077116591,0.9153746829807736,0.6085322722032351,0.6403698021679891,0.6479073448139047,0.0888201450434974,0.1050278046083253,3,4,0,6
0.973877496871765,0.3780428927467205,0.7275304205361183,0.604287881381071,0.9936162529095076,0.6280251917866275,0.4985227359951935,0.6657138347399172,3,0,0,6
0.9733342271363248,0.3797305534141239,0.7278894771015377,0.6046543548893626,0.9921898860258864,0.6269938043562119,0.4979703881563251,0.6672587171193967,3,0,0,6
0.9759614756370152,0.3763679072965927,0.7258976123031531,0.6091960597197743,0.9921955047682732,0.6241493121130196,0.4949370959165356,0.6677091635690123,3,0,0,6
0.766684058380406,0.5961248626728185,0.7967651505633195,0.9628801315035108,0.7550351697960258,0.6903284863420517,0.7975970330394841,0.4676710845676344,3,3,0,6
0.9748636059720928,0.3809834286739713,0.7298377044852733,0.5956724581595731,0.9862671849302134,0.6205778643149085,0.4977042061790228,0.6655287887805832,3,0,0,6
0.976213598323636,0.3812805241609594,0.7377269067530261,0.607325069050911,1.0039036667025043,0.6301759565490923,0.4968047446189647,0.6666348098797391,3,0,0,6
0.2928731503255746,0.7627454735933392,0.6570812479186219,0.9225188506272626,0.3167563485800649,0.1953843980985329,0.2181874900940574,0.1140911516000164,3,1,0,6
0.4395027327675567,0.4130525582776878,0.9011412057473824,0.5968993100270761,0.6460424164274889,0.6352152102954404,0.0967693208889336,0.1072586431652196,3,4,0,6
0.4262848385370222,0.4032651698270252,0.9195405491537536,0.6093045165488857,0.6441000547121223,0.656021758392042,0.0937827592743332,0.1074712176202232,3,4,0,6
0.432435319641698,0.3989770607624255,0.9208509004366224,0.6209573352640406,0.6304664436066986,0.6627555023621671,0.0852789421108501,0.1056270950912777,3,4,0,6
0.9722665706845436,0.3889263924027499,0.7230054554570955,0.6051790573786435,0.9753613241259372,0.6301913861930681,0.5076466269338624,0.6803745627441506,3,0,0,6
0.4281969771448248,0.3980854144938862,0.9150944346175328,0.6061488015723852,0.6446501686214631,0.6509222789496881,0.0886308507644957,0.105059207973603,3,4,0,6
0.3010571816859952,0.7690792771261442,0.6505630687390094,0.927208077108739,0.3123627163007713,0.1957182718132928,0.2102395361652001,0.109712064021885,3,1,0,6
0.9724805141647924,0.3776151829089705,0.7271760390717279,0.6039555882653821,0.9928433509131952,0.6263550258245631,0.4980100365969542,0.6661594204373369,3,0,0,6
0.9758851554060172,0.3786834066052248,0.743092924198256,0.5962679351625219,0.9978674130215596,0.6226898824042306,0.482933308732476,0.6596125890118083,3,0,0,6
0.9681132227581404,0.3777462756941706,0.7311692044038784,0.5992887680752126,1.001427509863834,0.631560134678577,0.5060547231559728,0.6638468760909727,3,0,0,6
0.4354122193545635,0.4103288903765228,0.908354914969666,0.5983909805770896,0.6347725017030393,0.6625108555678907,0.0960692131704822,0.1022439761483962,3,4,0,6
0.4179682554166574,0.4122929831387047,0.92094784721125,0.6045364266541936,0.6385192806108538,0.654381190364382,0.1027044621997145,0.1101597815174156,3,4,0,6
0.9587996915607244,0.3925225417831344,0.7440144843020585,0.5985615682354172,1.001844601727707,0.6173141071586117,0.4864679611039043,0.6695281685649155,3,0,0,6
0.7596940161270779,0.5989078704489434,0.7929353491746887,0.9662638137468692,0.7532083349974765,0.6904014539076007,0.7994440936403227,0.4594668053869342,3,3,0,6
0.7595412019875821,0.5973360278033507,0.7930239076420204,0.962199776638906,0.7481295678973565,0.6876039217239432,0.8050808960512984,0.4581435499768825,3,3,0,6
0.4141914859826227,0.4099053683831745,0.9204250378338996,0.6137609011043758,0.6544911243900056,0.6558361575182245,0.0811753360885056,0.111796990968998,3,4,0,6
0.9765119256516172,0.3850859618065242,0.716717420760179,0.5972964540675687,0.9814476592453965,0.6389324492440829,0.5000586127659998,0.6683479492190786,3,0,0,6
0.4222825628556378,0.4108159722566938,0.9112229018474828,0.6164431120579766,0.6540434729667575,0.6656882901194096,0.0985961689886616,0.0939832844598141,3,4,0,6
0.4272549560771523,0.4000614742610228,0.9156398121279234,0.6064347091797838,0.6422303118610412,0.6519972907650051,0.0870653846331358,0.1030472580282282,3,4,0,6
0.4397137912571054,0.4059887862529444,0.9141156845053796,0.6158055082013564,0.655790989639926,0.6376158896871676,0.096015862448955,0.0964049673563111,3,4,0,6
0.9603369458388408,0.3643490647444654,0.7253660244175855,0.6022728052555082,1.0014607631934662,0.6145381489842752,0.4909144374747466,0.6632940432714793,3,0,0,6
0.7697126742185763,0.6042798169704467,0.7854747746253913,0.9766927088145012,0.7520548939752142,0.6830877406148468,0.8057710048273754,0.4599990664589702,3,3,0,6
0.760438924121841,0.5969618625402056,0.793899564961019,0.9623592862398704,0.7471656697230243,0.6921772420154463,0.8043144283344602,0.4556208960855907,3,3,0,6
0.9754878555902124,0.3889318824538761,0.7275831037892773,0.5976898248866892,0.9797386881435994,0.6308709718926213,0.4911981605479208,0.6605273037101275,3,0,0,6
0.0461001143468861,0.8577369130295652,0.2278305037221107,0.9327992895492816,0.2355715805772567,0.4954855969870027,0.0702838012082181,0.5997702736530025,3,2,0,6
0.7580354185434792,0.5899116297443493,0.7939922993625507,0.955340740874245,0.7425254731629418,0.681130481736069,0.8005606064562227,0.4576723317218522,3,3,0,6
0.9783933061539596,0.3767743343675017,0.7235783848140332,0.6111123950184645,0.9853068057375418,0.6294006705777118,0.4902899547706578,0.6694153141827734,3,0,0,6
0.4328737055035525,0.4058022761878964,0.9109026964923178,0.5998533033290324,0.6387216567314201,0.6466074800755752,0.1012487394432512,0.0961315469380795,3,4,0,6
0.9772003009984328,0.3691441218015115,0.7172430648424161,0.6067309157375369,1.0018288848819108,0.6208603411401165,0.5094345583591522,0.6555944439972424,3,0,0,6
0.9791373460900356,0.3801765707834357,0.7248626126578502,0.6095227246881533,0.9977618626687336,0.6222846038318923,0.4993993323521254,0.6616232070713312,3,0,0,6
0.4280787670784752,0.3971863544692862,0.9176487447848526,0.6034284693507949,0.6417992372953479,0.6493983897123563,0.0864102039868048,0.1041338186714489,3,4,0,6
0.414176978851639,0.3978904347754815,0.9053668484394346,0.6066956977624508,0.6550169134998134,0.6631604492318002,0.0791746174795775,0.1058338752926713,3,4,0,6
0.979404544451766,0.3647271982098329,0.7341686330928104,0.6081598552320823,1.0023055582725484,0.6183079728870107,0.506811691426577,0.6760665893623756,3,0,0,6
0.9739013713042036,0.3732163921637348,0.719551831911846,0.6081026183352919,0.9906090362994692,0.6276550128327484,0.4936798441284071,0.6641414338453023,3,0,0,6
0.4512463497119054,0.4318344688204756,0.9169553874797598,0.624445960847432,0.6689733403159444,0.6368900793024934,0.069365149361607,0.1049388141753358,3,4,0,6
0.4234396728791889,0.3993837962096914,0.916636098750706,0.6090779543947296,0.6405277292043914,0.6520160600383494,0.0910251414566771,0.1085879906910943,3,4,0,6
0.7581383559852214,0.5910436015021613,0.7897213680381712,0.9545052662193888,0.7434110907709308,0.6909605082782099,0.795612755649002,0.4667129646342021,3,3,0,6
0.4407820719281222,0.4089254016414994,0.9253241474184112,0.6035033514576491,0.6332123944189431,0.6466621669349245,0.1021645977145386,0.1158338353399485,3,4,0,6
0.9731694664863848,0.3747850663194067,0.7233008436118972,0.6016906510990131,0.992461108584675,0.6242386558686435,0.5011737283540154,0.6632442527537462,3,0,0,6
0.4263711578787836,0.4003836393219151,0.917814796678885,0.6057907519498124,0.6425461723586359,0.6520415961844659,0.0907412577018288,0.1054116198686691,3,4,0,6
0.4400359459107172,0.3862692705872284,0.9124976732947524,0.6184970878969976,0.6278793476833813,0.6501489394374378,0.0761883990307616,0.0934175490968242,3,4,0,6
0.7588701819353326,0.594597717160943,0.788009270404319,0.9598534167409716,0.751187887233188,0.691858440805939,0.8042825533264888,0.4571201457857254,3,3,0,6
0.97261953160772,0.3754894470370383,0.7255877218854258,0.602495336220101,0.9927525744631904,0.6254810743269978,0.4999538049927776,0.6658063224587661,3,0,0,6
0.7659071139868752,0.5981745224052518,0.7897453724768183,0.9531322803306844,0.7432999525739659,0.6929879945329263,0.8036251878461297,0.4542827958059729,3,3,0,6
0.9784120317902444,0.3879727178717523,0.7429794339159143,0.6083032223723582,0.9768746150623956,0.6078586261022616,0.4883678917506573,0.6610059422707896,3,0,0,6
0.0439167094799574,0.8594578696252703,0.2287311939160073,0.9324713040842144,0.2360811316758857,0.496141855928532,0.0699116443977703,0.5990556833723321,3,2,0,6
0.3075936067761317,0.7734003456327064,0.6621792954160896,0.9262933000171284,0.3152166350757418,0.1955225272782119,0.2136622023507213,0.1072119799559662,3,1,0,6
0.982821423489975,0.3820300049558012,0.7077407168522099,0.6046261868351943,0.9802670047622822,0.6289014145946351,0.4977293156365446,0.6727634199535604,3,0,0,6
0.4369340279566957,0.4131709459447017,0.9053761943316494,0.5880300126837077,0.6390293544419748,0.6442784111048241,0.0946751765689342,0.0983228588589738,3,4,0,6
0.4340509745151473,0.4034827342019205,0.9110068035397808,0.5925514862977134,0.6367594430862747,0.6689988679758755,0.0751061220189647,0.0947965237912717,3,4,0,6
0.9656405274116912,0.384702543550101,0.7293483664066897,0.593526727676302,0.9868114135310374,0.6179985651817188,0.5026289040463265,0.666853848891967,3,0,0,6
0.4253720844352847,0.4010714748924108,0.9187135965283212,0.6054934877276328,0.6417730619538808,0.6526139396060008,0.0901363262886537,0.1060658395481265,3,4,0,6
0.7572974991052357,0.6009188947592399,0.7931658442130161,0.9648235352008032,0.7541434085464946,0.6922708360854187,0.8013145723511725,0.4548723147329994,3,3,0,6
0.973681850109915,0.3741991254402833,0.718945601984434,0.6076123075820695,0.9848986267653675,0.6290130587645943,0.506326112169209,0.6699912388320262,3,0,0,6
0.9738217416830616,0.3765175312727721,0.7238828268022297,0.6012898982141861,0.9915032157955092,0.6261316223926087,0.4992178344483092,0.6656981815156039,3,0,0,6
0.9673321379689568,0.3789801159749366,0.7178138172963531,0.5935381598743724,1.0001726707617609,0.6269898590903594,0.4990669690736145,0.6706365280368443,3,0,0,6
0.423930723982228,0.4052507036546887,0.9165012907969388,0.6039004579060576,0.6385360238762574,0.6593463582000642,0.095723678563619,0.1090199159742945,3,4,0,6
0.9713719862959924,0.3666851175651318,0.7132837558674695,0.6095488236451806,0.9891481121506314,0.6255528270724635,0.5022973911869778,0.6586341058901183,3,0,0,6
0.2926685100170687,0.7815182337863295,0.656123175329132,0.9095402823392368,0.3209019173710101,0.19606953642743,0.2037882393903457,0.110693641128467,3,1,0,6
0.4218574739402001,0.3976244627442361,0.923289346833444,0.6011922654561666,0.6383573438950417,0.6497458243227556,0.091315464015209,0.1022046217158381,3,4,0,6
0.7692344018648385,0.5875501788354422,0.8052106008376255,0.9732432120423126,0.7627993766655353,0.6796863012664697,0.797112324063233,0.4574497992850486,3,3,0,6
0.4282602287247752,0.4097292463396172,0.9199498488270073,0.6102890608377903,0.6412121150933615,0.6589725066339995,0.0850392153738828,0.0997606152884042,3,4,0,6
0.9633139504369088,0.3749528767551731,0.7249727186496255,0.6035055928155131,0.9840670445280296,0.6196952041819596,0.5097655364797322,0.675180447156313,3,0,0,6
0.4240048925062252,0.4060473320175672,0.9189508734729274,0.6097265762946901,0.6490911979311063,0.6564537009610778,0.0906810912700752,0.1050284080833929,3,4,0,6
0.4224949690754703,0.4000567474375175,0.9186014751632012,0.6061133514211905,0.6402227086098645,0.6515952263612921,0.092857439295441,0.1066815996544123,3,4,0,6
0.4242197857213297,0.4041174814811978,0.9160059193023036,0.6038081914314912,0.639485769496634,0.654989231501539,0.0935651040347765,0.1091728198690046,3,4,0,6
0.4208243708484655,0.4035493519180592,0.9079685796193164,0.5974544172187257,0.6414666912857429,0.6666290862047001,0.0843703922822023,0.0968066616266236,3,4,0,6
0.4284106328862818,0.3982952476287127,0.921793814320878,0.6057326061192503,0.6397256850867129,0.6526771359134687,0.0949602384829817,0.1028439841847882,3,4,0,6
0.419344133292182,0.3978250258317681,0.9255048210871454,0.6032586863606428,0.6477832570068471,0.6489745068864403,0.0900333999504825,0.1120843806232259,3,4,0,6
0.7781903716735922,0.6021528866679231,0.7954152980634325,0.9774519193937496,0.7610206527248499,0.6848267007329433,0.8003010992715677,0.4397840942372282,3,3,0,6
0.0506649491106838,0.8574680313903688,0.2331091699925268,0.9230681116350322,0.2315926984885849,0.507355342952209,0.0597552931130479,0.5883911004230166,3,2,0,6
0.7484099246387674,0.6069844184035207,0.7820899783276448,0.9513132264523912,0.7429490457981555,0.6874775704934075,0.7961394784677269,0.459869821669131,3,3,0,6
0.9741199439630612,0.3732579814649137,0.7211883661750946,0.6017615881357102,0.9911750517678284,0.6231377887970129,0.5004842508822113,0.6652390220215157,3,0,0,6
0.7585884047385997,0.5974403182510046,0.7900058009152143,0.9630898968394568,0.7529700501445282,0.6908744805410676,0.8045701656281851,0.4574519913416018,3,3,0,6
0.4349497201295236,0.4053702039293997,0.9223798323145516,0.6069835112047828,0.6317189621177748,0.667725182096095,0.1049849419163035,0.1070329624347338,3,4,0,6
0.4100750293151828,0.3916214707761363,0.9125022308278002,0.6104740729255751,0.6383701927523165,0.6535376689246127,0.081546851054878,0.1135136108316081,3,4,0,6
0.7588923244530117,0.5993837355052684,0.7870277444667001,0.9625290917475584,0.7532295756942633,0.6885057270725371,0.8007212005859565,0.4537164650243146,3,3,0,6
0.752481720862832,0.5894446918631355,0.7816270426647184,0.964140112135459,0.7563070494096791,0.7001054410595698,0.7952200322207591,0.4621286195317396,3,3,0,6
0.958903687514996,0.3839491998139875,0.7265570744603503,0.602044835589748,1.0013886078799412,0.6236339234403246,0.5024620650038326,0.6684022411080686,3,0,0,6
0.9715895124363844,0.3738737013371285,0.7246623114910133,0.6014452105732954,0.9923763015736838,0.6227980523018312,0.5002595387950994,0.6657484262617382,3,0,0,6
0.4255497811290502,0.3985839375219732,0.9188357122124076,0.6078202008221134,0.6434658834297032,0.6572956464565874,0.0959581112945375,0.1053996990646771,3,4,0,6
0.7569976103106016,0.5965966896430392,0.7886299661364392,0.9611318146209634,0.7521718315811541,0.691428023695839,0.8032814305690708,0.4561994973592339,3,3,0,6
0.42698246457033,0.403300584747259,0.9163898003171428,0.6038722729252513,0.6389618865606298,0.653245332155921,0.0912751521386016,0.1047094234628994,3,4,0,6
0.7513220028009666,0.5928706551109462,0.793990232341153,0.9641950722904792,0.7576802389433139,0.6853774366311726,0.8023374532954333,0.4563580981026829,3,3,0,6
0.9829493134612698,0.3728686325379843,0.711681852695977,0.6076229088763067,0.9898204816569116,0.6167883610065719,0.5125574704059939,0.6680697401661773,3,0,0,6
0.7595243569919343,0.5941916499697637,0.7939138667084741,0.9648245489097886,0.7524404887778999,0.6958485756504018,0.8031156365158074,0.4560967474386229,3,3,0,6
0.9741094693706488,0.3726563937989092,0.7221176890556956,0.6048426276134,0.993913070720604,0.6262079967455506,0.5024451354997022,0.6680855459459636,3,0,0,6
0.965518857727755,0.369070513961992,0.7200389919288683,0.6004770098556877,0.9982425521284718,0.6173558708726591,0.501755907756716,0.6727859026829502,3,0,0,6
0.0474827306482424,0.8581947654652989,0.233107685660964,0.931442111239888,0.2378929710066095,0.4948952591609657,0.0734435739353287,0.5999365132617184,3,2,0,6
0.971735462724007,0.3726816248076878,0.7234766081259645,0.6004710560039037,0.9914313609354292,0.6232510782670883,0.5008139378733477,0.6658774763944877,3,0,0,6
0.7574192092476189,0.5984442506775188,0.7898910736235503,0.9625122176787732,0.7510845338288703,0.682098005203567,0.8080658161877904,0.4580023636938896,3,3,0,6
0.7577794028011106,0.5926328717602264,0.7915005430544577,0.9599654080575548,0.7555363917225826,0.687038556716272,0.799020873908004,0.4561250802176366,3,3,0,6
0.434500279790553,0.3967515176316739,0.9427313238045006,0.5957984672024598,0.6301487190922731,0.6607693509309013,0.0954343011964933,0.1244338149988261,3,4,0,6
0.4136898241457109,0.3951112576190398,0.9327265649817388,0.6163307322973393,0.63317483165598,0.6604468043054059,0.1039581559931437,0.1070864084405649,3,4,0,6
0.7563944900880832,0.5970751632295951,0.7882808226334467,0.9614222479375244,0.7528284163042176,0.6917935288293692,0.8036355688553247,0.4554474407240217,3,3,0,6
0.9766237733549072,0.3592878363249369,0.7190909125217022,0.6069668645194011,0.9783410569156006,0.611774558845165,0.5071047358986375,0.6569604632181337,3,0,0,6
0.973232411532556,0.3709909738550343,0.7198153859703844,0.6010430381326043,0.9948289281842224,0.621690993623617,0.5066387903718305,0.6724611559289689,3,0,0,6
0.4269986992771568,0.3970465345660017,0.9129911574810476,0.6037772570018706,0.6418009750495697,0.6502372377722535,0.0982404389962685,0.1017318673565694,3,4,0,6
0.411355738039067,0.4150388949446419,0.9299024682498788,0.598338874242077,0.643295433136891,0.6681351928260767,0.0836277609359852,0.1123728192457567,3,4,0,6
0.4196448408550194,0.4070175299351535,0.916252268290779,0.604918622164645,0.6360886365800553,0.6583996837053727,0.0913546639334258,0.1042837703898274,3,4,0,6
0.9740837303918256,0.3694178122654478,0.7221567464351677,0.5983904773277409,0.9914146068600947,0.6217557640416657,0.5008922928164257,0.6691007555523879,3,0,0,6
0.7566889232622174,0.5970726915592217,0.787498518539785,0.9606008511269898,0.752224872810181,0.6934964854961875,0.8046841485078065,0.4537327474859765,3,3,0,6
0.973301765961056,0.375106394563087,0.7149603158296799,0.6044061542966778,0.9871750847528126,0.6208329108697932,0.4930438927753674,0.6719188852292252,3,0,0,6
0.9692211293829196,0.3681911706621583,0.7240344302872023,0.6001905809105262,0.9917587063100544,0.6219984829357936,0.4965469995914391,0.6680862856203683,3,0,0,6
0.4387640919395534,0.4137344403742978,0.9153574870897688,0.6102372244777687,0.6388933662974128,0.6409008729779753,0.0761758234910759,0.1265667775405974,3,4,0,6
0.9706860471817426,0.3708091031859917,0.7213063441167523,0.5992734100386248,0.991099943096976,0.623672604899223,0.5020830431818392,0.6654337413167654,3,0,0,6
0.971222602462082,0.3720338938390221,0.7218434479688192,0.5993650747912455,0.990190541992514,0.6207233868119748,0.5002793026761729,0.6650475499569531,3,0,0,6
0.4243546213403308,0.4034523804418375,0.9208334731049632,0.6040696264766388,0.6416683085497097,0.6557118969286262,0.0929874510855649,0.1080473578291721,3,4,0,6
0.040311521186345,0.8599688693893287,0.2278174419933585,0.9269850162897628,0.2311078152178503,0.5013732579359952,0.0712793411760993,0.5975725824961933,3,2,0,6
0.967164815643484,0.3729985409947124,0.718316241906983,0.5975027357444429,0.9924835912471472,0.6180135151693438,0.4940891517543532,0.671595034325203,3,0,0,6
0.4237117007805921,0.4031721614863516,0.9205548730952942,0.6041181786914159,0.6414381449079412,0.6568686402930689,0.092304781112028,0.1068993743945517,3,4,0,6
0.4333649093621228,0.4066894865375661,0.928939163227746,0.6088398235220507,0.6406554459657887,0.6545377546594631,0.1000067066241689,0.1039660055040378,3,4,0,6
0.4111499858248446,0.4076237429747757,0.9337223944144142,0.5961661575209859,0.6513376481846092,0.6761914077899477,0.103427277187755,0.1154486339626994,3,4,0,6
0.4281750842524999,0.4003116446430472,0.9206792264978056,0.6083199296008842,0.642308175262666,0.6532218407590397,0.0927393396707935,0.1092398472860577,3,4,0,6
0.047453852433069,0.8654168416636137,0.2275613153053295,0.930415957925559,0.2356514105715214,0.5063416614769505,0.0768893676416512,0.6009146939806131,3,2,0,6
0.4177769000579392,0.4027145425632785,0.9254643478264136,0.6087543707377114,0.6360231279384159,0.6522356707566777,0.0902944991360689,0.1117602154423762,3,4,0,6
0.9726794861782484,0.3777852178895173,0.7212983777582267,0.5943947493261069,0.9925161762887608,0.6156958047582444,0.5043010184713459,0.6680709430979663,3,0,0,6
0.9803503709035692,0.3623099487426831,0.7315958075661795,0.6080072392853813,0.9924910595503476,0.6229732816717699,0.5098801754771463,0.6567561915967461,3,0,0,6
0.7474298657608558,0.6136641187146336,0.7814866016204612,0.9898558845456902,0.7318886522987332,0.7126027407496385,0.8012179282628389,0.4657856746772507,3,3,0,6
0.972874719893534,0.3701778624022381,0.7263136982240803,0.6025452569154816,0.987615842914477,0.6191180593447468,0.5037699490363563,0.6679212093913105,3,0,0,6
0.9686635500222928,0.3656162011287088,0.7195088045543699,0.6018368798044816,0.9911661823804444,0.6276084916109357,0.5014499474785247,0.6674656741046834,3,0,0,6
0.427766615445814,0.4035069182137707,0.9246726094563712,0.6007133657280093,0.6418785997867751,0.6540667227497743,0.092861456712275,0.1107088397218179,3,4,0,6
0.9742249382199524,0.3628494968139827,0.722172905670643,0.5910662399058573,0.990392117807925,0.6185748871432362,0.5004903606606712,0.6652562752842298,3,0,0,6
0.7511011403583195,0.5907721910271282,0.7915429226697343,0.9586747136371718,0.7513411212364447,0.6946076437403294,0.8059289978524031,0.44897929181165,3,3,0,6
0.7650752359816443,0.6011131333479063,0.7967783273218603,0.9537027457445304,0.7533469768453689,0.6921312210138494,0.79003094674411,0.446539035196729,3,3,0,6
0.7610337751854918,0.6007614534900738,0.7813085330162658,0.9543851933984018,0.7514535810587244,0.6888457139438529,0.8032777537892452,0.4446896844110292,3,3,0,6
0.9748032137741208,0.3776197324091503,0.7262031281577261,0.6018299432445291,0.9888216144141228,0.6219141173076675,0.4990304880165496,0.6614185775456677,3,0,0,6
0.9963175969355504,0.3692345406797599,0.6999386080205879,0.6183183751334943,0.9817759017305788,0.6228803329257019,0.5048620082232861,0.6665141046200966,3,0,0,6
0.4143454619245959,0.3981580612822271,0.9234088269029722,0.5966107954186968,0.6459634069108474,0.6492798237571152,0.0850207263306903,0.11073117989293,3,4,0,6
0.3179999869305738,0.7797953093600615,0.6574356340081284,0.9123056490495378,0.3167552451798172,0.1877577257005309,0.198872551640159,0.118296851576607,3,1,0,6
0.4170716526352012,0.4060843891727383,0.9252588028602662,0.5974795873568194,0.6440867437578407,0.6650556312254984,0.1040940697567946,0.1166930939020354,3,4,0,6
0.9790357764857296,0.3679948862122866,0.7308525180773641,0.6056792565910544,0.9933068127631732,0.6202090001757544,0.5108841913168698,0.6756166858750318,3,0,0,6
0.7526214924527789,0.5959847222580176,0.7907862096515472,0.957691672271467,0.7567310855865932,0.6896053186269927,0.8002520664565801,0.4521753824825521,3,3,0,6
0.4251222396177689,0.4036910367555523,0.9217841102156576,0.6058342090409021,0.6417290015600078,0.6583007304782876,0.0961535886675991,0.106847670029183,3,4,0,6
0.9646510252183212,0.3647995112900748,0.711178980832656,0.611831818154283,0.9936620559329236,0.6290350836837733,0.5124609323717009,0.6529892275376314,3,0,0,6
0.9739496069898564,0.370320940548857,0.7294839566010143,0.6062042818932337,1.0001536431230456,0.6097991016809158,0.4912582447523988,0.6622119576340588,3,0,0,6
0.4283333803764412,0.4075767186783505,0.9148792240403932,0.6123708163621234,0.6479341177253038,0.652256839017565,0.1007656679821625,0.1100722416342611,3,4,0,6
0.4237256487779844,0.4050228093211254,0.9223742825577028,0.6028338517231063,0.64083834314413,0.6578259537575473,0.0938539588612632,0.1081913087707399,3,4,0,6
0.4280476096340756,0.4030783033246063,0.9124742654318136,0.6162842354082276,0.636420673564876,0.6683797430707256,0.1036589196858873,0.1121317816922878,3,4,0,6
0.30322077901884,0.7766208920557073,0.649499185141268,0.9262378646268328,0.3074522965347799,0.1903450023450477,0.2150083913150186,0.1116057860494688,3,1,0,6
0.9762510281891398,0.368482222922244,0.7187996050443258,0.601422333372626,0.9941820086028612,0.6212395672192319,0.5020288248580166,0.6626355408340837,3,0,0,6
0.0552523517393176,0.8781393586995798,0.2472416531203915,0.92223854072644,0.2451533281395412,0.5002155032707977,0.0659975418550174,0.5825861667250789,3,2,0,6
0.7325708321598676,0.5796721616655464,0.7996474203336077,0.971948342089758,0.7689717413144216,0.6816264298052325,0.7981506138191071,0.4428449391171869,3,3,0,6
0.7583981967942691,0.6017706606465341,0.7898916976813191,0.9575900121937844,0.7671130814005734,0.6902122310910798,0.8178846238479988,0.4390165088024378,3,3,0,6
0.9706028870351304,0.3699319793942809,0.7211351038247646,0.5990665885983464,0.9903818221700178,0.6205155443976447,0.5026136849396955,0.6659539155716717,3,0,0,6
0.034771476362046,0.8518666538067369,0.2349162288094361,0.9321772462292108,0.2327570333729172,0.4976843036328769,0.0761462018720873,0.592965937037215,3,2,0,6
0.4266891112115987,0.4036851629110873,0.9176385768282088,0.5996756552110557,0.6345023529173508,0.664351578575134,0.0912669232537342,0.1114803741379204,3,4,0,6
0.9663616151077404,0.3672997346243623,0.7127875263116157,0.5962040601210853,0.994419292945628,0.625718318728711,0.5039674664150703,0.6554265707431418,3,0,0,6
0.3016173066163986,0.7783597036469845,0.6498053985845187,0.9236116426274502,0.3035941567797552,0.1911808037973052,0.2117694262333881,0.1133125134019641,3,1,0,6
0.7578752908684424,0.6039278380807612,0.7923937498115418,0.9539835874194544,0.7610829893215565,0.700900101165778,0.8089444183128005,0.4549795458340927,3,3,0,6
0.9718817570122624,0.3710221031988185,0.7212477299550379,0.5999439052689435,0.9914973978672658,0.6188373269322457,0.5040792625230782,0.6647691876122988,3,0,0,6
0.9777911235497544,0.3624192781514985,0.7147982914753855,0.5845923013427274,0.9916599748680702,0.6173565292474366,0.4875386654327205,0.6486579628143506,3,0,0,6
0.4236618520680466,0.4059566944535206,0.922710282456873,0.6025467122973822,0.6410083962627054,0.6584577055794907,0.0943799133431472,0.1081184877824112,3,4,0,6
0.7531477330466732,0.5970488956417757,0.7868444159898464,0.959882386131136,0.7564160773346713,0.6939886221976685,0.8035061278342271,0.4516491700666967,3,3,0,6
0.7519329499515588,0.5969270212889635,0.7870969126693941,0.9612290483323188,0.7557630401590693,0.6942411122070308,0.8027801411953469,0.4507628367764863,3,3,0,6
0.411037263783901,0.4220935040274695,0.9085724208591104,0.5914971403533212,0.6628292925124857,0.6650871419641583,0.1010420450778378,0.1193631961948427,3,4,0,6
0.4247370121514703,0.4066189120809523,0.9247747295451508,0.6038886390513675,0.6424823278007845,0.6570027453067376,0.096300558944657,0.1069407205936502,3,4,0,6
0.9658048308185032,0.3710242721988275,0.7170935797061492,0.5960263412276153,0.9873945378002196,0.616818170338452,0.4995159555451545,0.6698414275234297,3,0,0,6
0.7642060909527727,0.5906027974732382,0.7938027920375383,0.96152622821942,0.756374552730674,0.6859895627212743,0.8062116216823015,0.449541477167493,3,3,0,6
0.9771347604240952,0.3805684093590283,0.7061008438596201,0.5820128044411915,0.987794688187696,0.622671746347695,0.4967373169688336,0.6753741769772522,3,0,0,6
0.9748917680852048,0.3673125370419273,0.7215118226745388,0.5931713328333202,0.9896891416525684,0.6185887325611635,0.5072389083915287,0.66497874358333,3,0,0,6
0.9693639097448296,0.3678632319487415,0.7192109067382029,0.5991570912294949,0.9903346905418684,0.6204375720899024,0.5021158073390066,0.666576241224915,3,0,0,6
0.9693823832851172,0.3693505851290607,0.7211850233216416,0.5981438443850926,0.9910621782977403,0.6196829301034885,0.5022022349430214,0.6666704384811679,3,0,0,6
0.9672724462411424,0.3667797253918405,0.7189019860073899,0.600725278150123,0.9873308872048434,0.6211038607029418,0.5037133282009414,0.6667592154854479,3,0,0,6
0.4180532224770554,0.4000558780012734,0.9247163749081776,0.6083156327345685,0.6328480346770806,0.6601133459421649,0.0907381719706482,0.1065170831025393,3,4,0,6
0.9740881944571372,0.3711716323639761,0.717097047052562,0.6052237996132394,0.990291558365986,0.614260210750131,0.5076442174873516,0.673525415058825,3,0,0,6
0.3090633266809698,0.7802206547149562,0.6476236828274918,0.923886290662536,0.3103005253198937,0.1919669337057244,0.2114394908453438,0.1197349384354079,3,1,0,6
0.9747887042813028,0.3561843757282937,0.729123259457649,0.5796796207912002,0.966936992619002,0.615960501786696,0.4808533724277951,0.6773443980632801,3,0,0,6
0.7455366552495245,0.6025438823651761,0.7633712371708433,0.9634330551198946,0.7635506156587762,0.6941730758617621,0.7950124062215764,0.431584486446531,3,3,0,6
0.3091324198568169,0.7819667696014344,0.6455841369461991,0.9228727090667748,0.3044256943131587,0.1915550777082641,0.2185728304008776,0.1145580867240741,3,1,0,6
0.4273373742203015,0.4045946523974897,0.9323713318997644,0.6116786654269067,0.6250987259485352,0.6579674556365017,0.084362974495992,0.115021493528612,3,4,0,6
0.4111147354949978,0.4256966249126831,0.91034381698456,0.599299955755156,0.6231644530181191,0.6582519193206763,0.0829858209561418,0.1104088589912679,3,4,0,6
0.7479897144145566,0.6089837640553241,0.7847546013050909,0.9540810909096042,0.7584651907380654,0.7062941786285255,0.8045552778652991,0.4418653342258132,3,3,0,6
0.9781651813516372,0.3661287709410869,0.7208679442921646,0.6036189098761593,1.004310499459825,0.6209539598154515,0.49617871390118,0.6692580104386515,3,0,0,6
0.7526409237459637,0.5972224097192873,0.7866682675600759,0.9598372611954862,0.7568286192604051,0.6950325057195905,0.8041363431084901,0.4512325751043249,3,3,0,6
0.4212982013441453,0.4057892661047911,0.924989565857565,0.6032878812644249,0.6412260031869343,0.6594959314298793,0.0943668804332529,0.1084680359707138,3,4,0,6
0.7623928025511076,0.6040574380007692,0.7764765396761929,0.9505470804805212,0.7519214212333579,0.6965782285159203,0.815574453661799,0.4553483563719556,3,3,0,6
0.7348499980965864,0.599822220849964,0.8037392121805845,0.9525671233456928,0.754341694797659,0.7085092906528355,0.7971799177763026,0.467656070972386,3,3,0,6
0.4030996117759088,0.4052664734752132,0.9254506753061202,0.6112753957296801,0.655587177173868,0.6427561931730343,0.0923354262192586,0.125568495706552,3,4,0,6
0.9748900237342668,0.3539895890384502,0.7353517270842409,0.5803833004996537,0.973973132634248,0.602225795478907,0.5232034706725969,0.677140333067356,3,0,0,6
0.4217043137332096,0.4079534205211587,0.9251954623037352,0.6013484184180412,0.6418031577134428,0.6612933453236547,0.0957432570589388,0.1103275847355431,3,4,0,6
0.9734514391355374,0.3699682077759205,0.7179040751623774,0.5964575230419783,0.9889113482132176,0.6197033494328296,0.5003946193319874,0.6688560575002505,3,0,0,6
0.9716498325860478,0.3716025269887344,0.7222267532084361,0.5983610323303328,0.9928181062136926,0.6156591725365115,0.5013395207147489,0.6660347892309959,3,0,0,6
0.4199765957338336,0.4100505357425232,0.9245641999163016,0.6017608727165958,0.6426389767190699,0.6554394796316804,0.0927911269276632,0.1053765287062503,3,4,0,6
0.4153910888432747,0.4163453738731841,0.9301728926557884,0.5925170299509619,0.6449811999293287,0.6548854386446237,0.0910196595005172,0.099748425556803,3,4,0,6
0.4229718659417791,0.4072424983986255,0.9244747175405555,0.6008084561857756,0.6406219320452937,0.6605114875156114,0.0964280385272828,0.109577865975641,3,4,0,6
0.971090288602982,0.371387971123419,0.7135167497474998,0.5924917973389877,0.9959370150560442,0.6194588469611712,0.5099993212641224,0.6601202861304913,3,0,0,6
0.429018142195488,0.4109208993936968,0.918158586764968,0.5966105032979182,0.6367046990384041,0.6607719998792366,0.1013719330101617,0.1030650893005453,3,4,0,6
0.7517101495773795,0.5984151757520292,0.7866841977865038,0.9596173974394884,0.7572807838002559,0.6963692842139186,0.8035734804934324,0.4505761827380738,3,3,0,6
0.4148074678569177,0.4193865489010771,0.9196012406970052,0.589402872870023,0.6520967156418885,0.6540211083112447,0.1044170420858622,0.1072582404796704,3,4,0,6
0.969249381578254,0.3618227942405285,0.7222240282858056,0.6013021905120314,0.9869243697316968,0.612252400731371,0.5116249165271392,0.6739226309831472,3,0,0,6
0.4251137640403651,0.3967877220414865,0.9372753272864228,0.5964687642595664,0.6463106989555549,0.6770562693435133,0.0959653257931317,0.1059053019248638,3,4,0,6
0.4152995227529965,0.4046041869536372,0.9232559901906068,0.5867664997843505,0.6343276123841798,0.6517620353986481,0.1008237339083299,0.1230570440044187,3,4,0,6
0.7482286684323838,0.5951067922117991,0.7890369437151475,0.9627596884007008,0.7600608461118395,0.6938659524327082,0.8065655288815375,0.4530702961636886,3,3,0,6
0.7763004147576197,0.5990336928997966,0.8007113392273002,0.9694588607449252,0.7374486888821743,0.6989463449494587,0.8279806596541932,0.4575461573558153,3,3,0,6
0.4228528903467267,0.407712465187203,0.9246729363410556,0.6011006705197339,0.6404875789847454,0.6608205757510888,0.0960503399311382,0.1091759905003916,3,4,0,6
0.7526791869001003,0.5969245082512732,0.7838891687561524,0.9601570801803668,0.757500171373739,0.6968690338604671,0.8044586879424978,0.4526582165605235,3,3,0,6
0.9688807417351216,0.3618609618003776,0.7110517301039037,0.6016242161694186,0.9884608035780846,0.6185537312953253,0.5003778712675497,0.6689848413398062,3,0,0,6
0.750903110411433,0.5976450160369328,0.7857517348194522,0.9597955095288764,0.7581116518700505,0.6956019867095881,0.8049612659389543,0.4502801268374822,3,3,0,6
0.7466567491490347,0.603776873796325,0.779092078223341,0.9555758436889692,0.7550914822985751,0.692036135709852,0.8022594263884194,0.4448353440846959,3,3,0,6
0.4045204873413738,0.4265008806498843,0.9448280309582768,0.5820223950540908,0.6330583349341112,0.6727262170153092,0.0946988687348372,0.1297480850460103,3,4,0,6
0.9674179653161212,0.3569111243335566,0.704559295970212,0.604683593749624,1.0009338413100954,0.6236814339830095,0.4960075622844383,0.6688985759903658,3,0,0,6
0.4202324390511895,0.414509548032598,0.9295986521206578,0.6071104322958806,0.6386447714612922,0.6573793905350025,0.0958458636917238,0.111144593720041,3,4,0,6
0.7499844809216758,0.5980910268441902,0.7948974329950307,0.9675588905241398,0.770506857250683,0.7089219225203023,0.8031264425075261,0.4505872032882913,3,3,0,6
0.7605672906220862,0.5853633205419688,0.7840008727566443,0.9726398304176236,0.7501676429153039,0.6970444548728348,0.8037860224936029,0.4493245630903303,3,3,0,6
0.4232029769799138,0.4074973249091276,0.9260485929699712,0.6010004357506292,0.6418686479548555,0.6624955912581469,0.0963012087454606,0.1103000723933648,3,4,0,6
0.7501015952810918,0.5988586718421012,0.776292162098659,0.9609862779228356,0.7622699906642428,0.6850050006308215,0.8043745626112754,0.4507492368054456,3,3,0,6
0.4213100125467752,0.4094783398294033,0.9273016562439202,0.5994095716744449,0.6402165362836915,0.6609720192694356,0.0988661842494733,0.1087931548253846,3,4,0,6
0.968423326639082,0.36575788632857,0.7191594520401586,0.5965611659713401,0.988872228768955,0.617137069569709,0.5049680591283401,0.6655768590278299,3,0,0,6
0.4228881688363325,0.4089720309905751,0.9265862033016464,0.6007925131457613,0.6391099712600989,0.6625197565733579,0.0956171911845617,0.1101684864538458,3,4,0,6
0.4209977689341919,0.4051632758730931,0.9263897993748882,0.6061028465260271,0.6373233110683411,0.6559306696630776,0.0931804017741008,0.1152690049514806,3,4,0,6
0.3974155527686123,0.3879564723043872,0.9264420035915232,0.6074657435953641,0.6162757023901271,0.6779234795632656,0.0721668405160369,0.108703559948972,3,4,0,6
0.4274855557299967,0.4081480533741639,0.9306430764353344,0.6050191246095542,0.6341580010740984,0.6602399916556002,0.100468414091496,0.1107540990482126,3,4,0,6
0.4238600576502517,0.4090338897676591,0.9275441266658552,0.6012158190234067,0.6401289226370673,0.660196456561964,0.0952539473867914,0.1076519145906087,3,4,0,6
0.9663914238463012,0.3810243694206351,0.7143793479013759,0.6115535569113846,0.9965250965584336,0.6257458305220175,0.4955098394553941,0.6772447246612606,3,0,0,6
0.4261896771573599,0.4013747117327321,0.9205999396819262,0.5943797146678186,0.6444374193979968,0.6630548662839895,0.0986507006613696,0.1042508793564766,3,4,0,6
0.7515590905931857,0.5849421805983421,0.7743717224020154,0.9573154700109612,0.749863802949236,0.684770533568897,0.7975299805885616,0.4572245455453099,3,3,0,6
0.969051023144317,0.3657010173165867,0.7183206598780294,0.5966346801716872,0.9883349053691844,0.616692272371455,0.5041478605073922,0.6658973579596714,3,0,0,6
0.4248091113181245,0.4077202725861137,0.9193819859240836,0.6044060000087992,0.6405714735029105,0.6604500855651725,0.1038886048942169,0.1118786299599073,3,4,0,6
0.42240133490448,0.4039559108796515,0.9289981721036886,0.5998631881545271,0.6449456396773134,0.6606504851746791,0.0938737281098449,0.104745386961022,3,4,0,6
0.9701138453348772,0.3602029466156156,0.7101909805269413,0.5842156452695876,1.0002746160088507,0.6030633101292847,0.4967570303558371,0.6780599058949383,3,0,0,6
0.423250310144497,0.4090001565960232,0.925192126993724,0.6004748996559975,0.639299242941297,0.6619319119646935,0.0960819973820859,0.1086160673475354,3,4,0,6
0.4245518307512915,0.4105507315481774,0.924727739141426,0.6014830959382172,0.6411322847419223,0.6629747273659141,0.0958186538313647,0.1099119928293788,3,4,0,6
0.9712683319972945,0.3710295996852372,0.7125050569349668,0.5922772484350349,0.9899357616171748,0.6199974111813727,0.5044064059310341,0.6644256953134025,3,0,0,6
0.9610722565292804,0.3715628736251471,0.7060926798545499,0.5962754451142691,0.985847310027847,0.6231617033733212,0.5136141393723271,0.6641800455158832,3,0,0,6
0.755372552927611,0.5937051517750215,0.7806046241676706,0.9609806470341556,0.7572787430424259,0.7004882844236066,0.8000946402005928,0.4455016421466365,3,3,0,6
0.9666068191758668,0.3729643829123793,0.7124881849888728,0.5975887105663079,0.9843970051404388,0.6150070027601594,0.5116176570025747,0.6601805335514703,3,0,0,6
0.4231499536000891,0.395367693628381,0.9288891177690204,0.5990297000960936,0.6442386810620382,0.6497288862143443,0.1103317034470622,0.1070287937017953,3,4,0,6
0.4280293547747668,0.3998360807969686,0.9337373640440256,0.5938080089950343,0.6404281613762073,0.6585958512855754,0.09946285244275,0.1077023597216961,3,4,0,6
0.4200042461618209,0.4129371803361627,0.9264386083460432,0.6104404893493083,0.641826591874566,0.6639694558950916,0.0962286262180662,0.1033893425334412,3,4,0,6
0.9686298168113766,0.3618562612000005,0.7173280473116178,0.6099045697488391,0.9928214919420484,0.6159654995245065,0.509430959079069,0.6659017571336706,3,0,0,6
0.9685709868481296,0.3674489709308001,0.7197650610508367,0.5962799643853778,0.988927381324506,0.6179662775529229,0.5045796125627499,0.6659046672957699,3,0,0,6
0.4184056759935931,0.4134102121782784,0.930580006383333,0.6028765417545088,0.6370932116331794,0.656979714019457,0.1017586941248165,0.1102632379755908,3,4,0,6
0.9763930011200248,0.3593986651698828,0.7186407562374008,0.5907395363787709,0.9886598613358134,0.6118577812017453,0.4999627363745785,0.6722393472337643,3,0,0,6
0.7489803191624625,0.5907571625615394,0.7870194798049983,0.9643850153110528,0.7669043065803196,0.6868176780739021,0.8115213811280164,0.443915473361389,3,3,0,6
0.7457658190889629,0.5962256505924902,0.7874135779372865,0.9554809625556596,0.7597501049607361,0.6943222306603961,0.8018850412058788,0.4445337006967215,3,3,0,6
0.7402273154099521,0.6082993575476732,0.8022438574635287,0.9604842786833152,0.766266047083198,0.7148641634388564,0.810156462324269,0.4413218524047124,3,3,0,6
0.2991459435067157,0.7778235572584948,0.6421125866082681,0.9216723587270164,0.2991288829754381,0.1915438513072539,0.2168940768893587,0.1223567695040952,3,1,0,6
0.9610176699972448,0.3776717099015093,0.724960618895064,0.5958860493199643,0.9773871192197338,0.6257832634255075,0.4934788670666036,0.6716158222072232,3,0,0,6
0.4197335779008637,0.4112691329200069,0.9311314677079656,0.6019108416079059,0.6353911385338717,0.6690704480091574,0.0974119811406325,0.1058311029889831,3,4,0,6
0.955906616733539,0.3649451467784151,0.7128658246999966,0.5898065713335702,1.0033091063996666,0.6292390444880884,0.4947656842586861,0.6661972536280595,3,0,0,6
0.4138351987866253,0.4077133620419635,0.9151631713552744,0.6057922873744543,0.6445913863371224,0.6567273950511894,0.0954050860073274,0.116259968748226,3,4,0,6
0.4115954228376582,0.4187005054888555,0.928853981422954,0.5912728966942952,0.6466426069476283,0.6462418028081585,0.1002151338655877,0.1020474191973492,3,4,0,6
0.9533526049217902,0.3563529517606893,0.7321453555346474,0.5922267953255551,0.9901435041561468,0.6078418598844538,0.4945050384917904,0.6769241254659344,3,0,0,6
0.4225293885087005,0.409824839832516,0.9273592205788004,0.6001288823697506,0.6390547411332905,0.6634059270860347,0.0983071061257009,0.1097091770882742,3,4,0,6
0.4071928274850771,0.4027880325636533,0.9302596715319816,0.6178805298730021,0.6225088447707158,0.6883035393237638,0.118353837194523,0.1325394714283614,3,4,0,6
0.4167355540578544,0.4106476815266355,0.929825290675204,0.6044475685365983,0.6421437934283769,0.6651622906077713,0.0936433995980765,0.1131010659597095,3,4,0,6
0.961876427174731,0.3698626764121933,0.7231169174390328,0.5927689935903809,0.9834253940091892,0.6031756214117502,0.4954877613606149,0.6590710455788993,3,0,0,6
0.7538103812740311,0.601749927468329,0.781078112658874,0.9572076855624476,0.7564864816238599,0.6950634779295591,0.8031917602454246,0.4417775514084922,3,3,0,6
0.3040287058228685,0.7833665495642572,0.64738934903374,0.9145122968685804,0.3102584895610811,0.1904577227601909,0.2163625057488663,0.1213388024160801,3,1,0,6
0.9676513794961784,0.3556376833249547,0.7246446725006418,0.5960015218049532,0.9858813102093672,0.6060031480284646,0.5117201714113051,0.6732305748006181,3,0,0,6
0.7366481229719225,0.600886994100867,0.7978435436659316,0.9679394264386646,0.763763979500233,0.7000614311122927,0.8146584106100199,0.4369456806129853,3,3,0,6
0.9656550708680256,0.3608914050109962,0.722146631690852,0.5903698042917042,0.9955554478131018,0.6077613435745064,0.5136677832314492,0.6637342105452857,3,0,0,6
0.7481965328932608,0.5967956197415218,0.7853748908521522,0.95807577756567,0.7607024389882366,0.6982757880745785,0.8054206777028984,0.4463901416763782,3,3,0,6
0.0315961507772009,0.8499391014753324,0.2270382255258224,0.938587542330384,0.2458431282669576,0.4957844768078574,0.0694762624294075,0.584776476070511,3,2,0,6
0.4347266118906883,0.4070417730984735,0.9245675451872626,0.6027995337000909,0.6298278996619608,0.6589477730518066,0.0800468631873743,0.097155420612535,3,4,0,6
0.7313487771602063,0.5827182769933568,0.7948980418086142,0.9562518325564902,0.7668289049560759,0.7140785818461935,0.8227082236051861,0.4538602688448934,3,3,0,6
0.965345593156177,0.3526525552075433,0.7135368086887193,0.5909328119965712,0.9975754247269556,0.624680052565943,0.495760539370795,0.6623365357295358,3,0,0,6
0.9721537815565304,0.3629550666254733,0.7202857654442932,0.5917938979795876,0.986884480270686,0.6124140797162388,0.5073848759463958,0.6612556721262813,3,0,0,6
0.3093318903125123,0.7904589756653407,0.651312490831585,0.9190188972200516,0.3045688443851618,0.1872441914977393,0.2197070264921172,0.1195414491622524,3,1,0,6
0.968929988032779,0.3632341813427578,0.7191500382812048,0.5937830376150066,0.9890883807783772,0.613366263363733,0.5053809997043566,0.6651873623206623,3,0,0,6
0.9730826852476376,0.3764129135700723,0.7104374012154789,0.6003541103488288,0.9923964478361956,0.6068047825882779,0.5014037977101896,0.6759206264283828,3,0,0,6
0.9674158822555788,0.3629257370608592,0.7154630375092736,0.5958588291735674,0.98557146377273,0.613188316568231,0.5071526165107435,0.666736725879262,3,0,0,6
0.4287922078210063,0.3950988343338963,0.9419173581336512,0.60535683967285,0.6492178919365525,0.6500123591106565,0.0948540786692403,0.0983719143893067,3,4,0,6
0.9767475994472862,0.361099588672734,0.717112067908504,0.5834892812042713,0.9973878962057412,0.6109191007343696,0.5021751964042636,0.6561361230052161,3,0,0,6
0.9685771719653956,0.3646319918820747,0.7173810080036515,0.596340710548637,0.9879432714133544,0.6153297352232916,0.5074213079053996,0.6657955914809278,3,0,0,6
0.4293622986254435,0.4091947970149464,0.923792223887333,0.5985830131983922,0.6373468279880969,0.6661838416128237,0.0942098093048848,0.1022464151935754,3,4,0,6
0.967185498972514,0.3635083458747576,0.7147598604767107,0.594482204172066,0.9880321621777008,0.6141570864110387,0.5067702003647951,0.6672720145288292,3,0,0,6
0.9691915036309746,0.3544808785309165,0.7105931978458877,0.5968081207748289,0.9861126863953192,0.6207352036299855,0.510754040402547,0.66136234885474,3,0,0,6
0.7497875679221241,0.5977220994458899,0.7803046620554164,0.9556594956850856,0.7597214473981235,0.7014352941635421,0.8077061633320565,0.4427423773277393,3,3,0,6
0.7475894306621441,0.597849360174152,0.7840396545400601,0.9579101811350452,0.761246445518099,0.6984519288758927,0.8051047923703772,0.4462808121325216,3,3,0,6
0.9614462516586249,0.3653807706805897,0.7162817266701319,0.5921496767001698,0.9920813369877078,0.6128979072664773,0.500219269098429,0.665357316193449,3,0,0,6
0.4220959163715584,0.411852789311604,0.928532605753536,0.5992021573095953,0.6393152827868168,0.6640555494557677,0.0990555659897721,0.1116561657798437,3,4,0,6
0.3149241043198732,0.7819906880281007,0.6463258836439562,0.911764910524986,0.3077306878893545,0.1899393609073018,0.2261357040865936,0.1160390484852898,3,1,0,6
0.9754733590766276,0.3554911336814952,0.7109092314473326,0.5990671894197457,0.9935033097117688,0.6230735665633905,0.5052215026099622,0.6663801751617842,3,0,0,6
0.9699761151734764,0.369524815268239,0.719187935616547,0.5870756729360105,0.983790248224551,0.6134890291317749,0.5111659975078955,0.661480564313361,3,0,0,6
0.4076609235296347,0.4213962362608354,0.9340129962535773,0.5920394523785458,0.6204126660176901,0.6627291199088231,0.1017836089407699,0.1008698275160062,3,4,0,6
0.7454411771336916,0.596145095202587,0.7848138067210926,0.9583540067246096,0.758557242660667,0.6958051410852346,0.8061267421484476,0.4466695608287487,3,3,0,6
0.9630212009576268,0.3649509441916639,0.7209244254063788,0.5966576098078586,0.9887997221343752,0.6153422679523385,0.5048085269765517,0.664348214686437,3,0,0,6
0.96972403674162,0.3557372252984456,0.7100947091123365,0.5963067821712397,0.9823763482255368,0.6201790773362201,0.505359302501197,0.6587160282457806,3,0,0,6
0.9662642695300352,0.3629750562354789,0.7134013891887644,0.5949191925382638,0.9886158894897608,0.6149328443498285,0.5070327335600385,0.6655801339596226,3,0,0,6
0.4332274262476875,0.4010553252375094,0.9231877415949378,0.5916266726579129,0.6395532693529977,0.6716635899482437,0.0948374121190117,0.1141821797903432,3,4,0,6
0.9689610856657428,0.3617498518619602,0.7149358569297891,0.5929751213247588,0.9881657445933052,0.6127024507740667,0.5074971140231226,0.6658473010031921,3,0,0,6
0.4038515507085445,0.4194782476832827,0.9284626723337864,0.5881733039609689,0.6274647455811302,0.6636008573129206,0.0868694807661596,0.1181220474853692,3,4,0,6
0.9680953153639236,0.3628902206497558,0.7162118642273164,0.5934654405117847,0.9873977964999868,0.6139754286839438,0.5066821452646416,0.6668452204902614,3,0,0,6
0.7463012564816438,0.5979516106927789,0.7830610231857936,0.957059558998342,0.762042479208963,0.6988541644641524,0.804061921568899,0.4464498531730614,3,3,0,6
0.9674616865840132,0.3520974346459241,0.7202190173163602,0.601323515459987,0.9896128065547164,0.6186838700568187,0.5168768459063964,0.6567954075235125,3,0,0,6
0.4245787076989881,0.4144152574566824,0.9301107290801158,0.5928397829217943,0.642677074576005,0.6573743691037328,0.1032559967793638,0.1106947891715688,3,4,0,6
0.96383010070232,0.3657533736581186,0.7122050576067257,0.5853952496472954,0.992975555056684,0.6050555127480933,0.509430725158425,0.6593880079918243,3,0,0,6
0.4162339447351453,0.4125552168681586,0.9292911647763532,0.5978336090869955,0.6443741500449406,0.6653041484691925,0.1014663027582856,0.1089780639340938,3,4,0,6
0.9694674309633212,0.3553469505992898,0.7092248492374007,0.5945363855325285,0.9901550690387456,0.6068842158191406,0.5042205503967416,0.6703010270267962,3,0,0,6
0.7399168016170734,0.5913294019572659,0.7784228448749179,0.9539748438732676,0.7618268819901918,0.7010331076999309,0.8091526137204323,0.4486038811199623,3,3,0,6
0.9658575185688916,0.3614605208192194,0.7100447644636078,0.5947631916668144,0.9823804237406468,0.6168468978432423,0.504073038471716,0.6702967694939505,3,0,0,6
0.9708742319424069,0.3613944346325073,0.7125060999627092,0.5998853644582234,0.988734719464407,0.6074291849451344,0.5019322649697261,0.6600645585558966,3,0,0,6
0.9689580087260368,0.3617238537648365,0.714278785088928,0.5953041952775217,0.9867160441866716,0.6136420609646673,0.5054338148900485,0.6658838792592866,3,0,0,6
0.4186779803968838,0.4147376591764033,0.9278314823834598,0.6026929844183981,0.641143336244541,0.6621904411467889,0.0957869348074399,0.1138385038061344,3,4,0,6
0.4204443091131616,0.4122536086197312,0.9291162525760996,0.5969782393827797,0.639531260573233,0.6657787137674396,0.1009933293588717,0.1109782072731758,3,4,0,6
0.419181431853652,0.4270156510682859,0.9479631871049612,0.5848132273542743,0.6329783992763527,0.6388652955007438,0.1076692252647788,0.1009405693703418,3,4,0,6
0.9730578372028144,0.3747381885953442,0.7056196830807656,0.601504563372335,1.00364120421467,0.601154357309788,0.5091119989721947,0.6807670147409123,3,0,0,6
0.4253715539777843,0.422909890632986,0.9408009724677024,0.601073571323407,0.630522006490851,0.6765827880981998,0.108043811894629,0.1001230574689321,3,4,0,6
0.9631643211813236,0.360030120941634,0.710201020236465,0.5926597185318035,0.9898431455222731,0.6129614840223057,0.5121284198339605,0.6655177985726642,3,0,0,6
0.9675111932800268,0.3616422695734214,0.7147779896934318,0.5931131190459574,0.9861429739443248,0.6130702254279115,0.5060212366253131,0.666512185237977,3,0,0,6
0.4218442518325923,0.4115255009045916,0.9299996922105236,0.5985458395666144,0.6403217013270199,0.6672694718167479,0.1017663258715988,0.1098837024986687,3,4,0,6
0.9566290330577026,0.3700661033183842,0.7199032264494447,0.6091845682833035,0.9986633772054232,0.6227473766797536,0.5151942175457742,0.6707192724835357,3,0,0,6
0.7466627733606466,0.5950607063780836,0.7808116977920724,0.955545228946032,0.7614646720532342,0.6978663183232249,0.8053683196529965,0.445613594453804,3,3,0,6
0.4153091384019529,0.4115898365420971,0.9326861902837116,0.5979902935972462,0.6362210844676561,0.6679837277628007,0.1021417506837907,0.1101773151029412,3,4,0,6
0.4198237586789805,0.4107955972847042,0.9265062674099552,0.5978150163585525,0.636016985091871,0.6641178878466454,0.1004482402967724,0.1131851506980969,3,4,0,6
0.9642710993077932,0.3645358902702189,0.7115647438538049,0.5975092484108213,0.98356721778018,0.6133491020428817,0.5072345528770232,0.6633277083372232,3,0,0,6
0.978782166552721,0.3484204850124851,0.7146881449601605,0.5960304198935781,0.9964151916031132,0.623848647939459,0.5165348435273236,0.6775947644829662,3,0,0,6
0.9665299960883252,0.3611619840467798,0.7132633069513044,0.5928806909851945,0.9872438592416222,0.6134815814284054,0.5066057496761637,0.6650953354594101,3,0,0,6
0.4267598138905358,0.4110367094100202,0.9364898864021852,0.6022459156411463,0.6411089644053438,0.666684706127875,0.0984581348896676,0.1069704300677884,3,4,0,6
0.9700096895224376,0.3582029915091171,0.7165750303448778,0.5964914010808643,0.9898502277480244,0.6107976317356559,0.5103632276631483,0.6681023345056576,3,0,0,6
0.4181255241683559,0.4098624360093781,0.9381021517691072,0.6029150745620899,0.631745922371417,0.6568638583542911,0.0936237893335302,0.1187802569493212,3,4,0,6
0.4309677021108315,0.4268679220501198,0.9140228220010466,0.5890921698313509,0.6340230084188478,0.6672063782247803,0.110917274805643,0.1122952795954289,3,4,0,6
0.036208232797168,0.8699940332610463,0.2363039307674523,0.9146344241583898,0.2238092383885481,0.5130837786538907,0.0755779912125198,0.604682989183899,3,2,0,6
0.4250577716525522,0.4001370913406857,0.9518290263091992,0.5959284780833443,0.6393774640759996,0.6718898361868094,0.0938624389295517,0.1061217374909385,3,4,0,6
0.9630310845594008,0.357144206340656,0.7153945075464387,0.59093705360068,0.9898974486498862,0.6131030938784149,0.5055749508329802,0.6641840990135341,3,0,0,6
0.4198839474195452,0.4076429972256546,0.9304150973358154,0.5893026964383578,0.6410580005656413,0.6697756479289105,0.0968635833956348,0.1129124941279074,3,4,0,6
0.431896674508996,0.408600795689195,0.9379978257601792,0.589006085547141,0.6348836223920783,0.679278690690994,0.0961639524075151,0.1222249409621251,3,4,0,6
0.4231268024409292,0.4163636208904229,0.9302741376594306,0.5991565786252263,0.6408841347772668,0.6699474956822252,0.1007439656670351,0.1092062780333158,3,4,0,6
0.4186722317389991,0.4132403929555566,0.9318053027531368,0.5988423779093542,0.6358257037716986,0.6650545968871681,0.0985109178448574,0.1097088468017402,3,4,0,6
0.4145750610255787,0.4091857443094316,0.926660750628602,0.5968875679772596,0.6415472899461074,0.6663280319179958,0.1064629374215464,0.104440771527874,3,4,0,6
0.4133271417704137,0.4201646534577902,0.918655644097128,0.5938772078203299,0.6345153764950252,0.6616064836002181,0.112568510877315,0.1055417069858799,3,4,0,6
0.4267608137304162,0.4195885586419084,0.9345372430982922,0.5923483728188517,0.6360361990616291,0.6652205681901923,0.09190352752451,0.1179004027413104,3,4,0,6
0.965691172140834,0.3781743932425038,0.7160208772708178,0.5904982795865202,0.992119036178052,0.593073481573436,0.515592435946118,0.6460013040229874,3,0,0,6
0.7447292269827581,0.5977474982354694,0.7829361813621712,0.9570147176053598,0.7639157584687358,0.7004438799321249,0.8054023076303045,0.4432320337965049,3,3,0,6
0.7269127176624584,0.5830630714494647,0.7897644854672591,0.9611610673045266,0.7738836022645558,0.7193873166719472,0.8113863215824215,0.4514559628532784,3,3,0,6
0.9705174811878544,0.3479217255006681,0.7033374577776716,0.6007062241994529,0.9972632178030452,0.6068909855684377,0.5117216342338952,0.6668464296710174,3,0,0,6
0.4190214200297046,0.4111224322902794,0.9274303737082036,0.5948371224096646,0.6415139805965517,0.6665523925154798,0.1049481473964053,0.1133308546111522,3,4,0,6
0.9660859462688998,0.3607327973177843,0.7186343830492032,0.5953722157564872,0.9807592634792548,0.6067370776232323,0.5055248165304695,0.6619164233528545,3,0,0,6
0.9701020159821776,0.3551720188446853,0.7182317518461118,0.5920459612117857,0.9906277355433052,0.6172097309241747,0.5029367762708498,0.66598242831558,3,0,0,6
0.7307310346110713,0.5806700082308233,0.7831340952895559,0.9648486430021572,0.7534717605696256,0.7061921313289787,0.8066079697780105,0.4380940672575206,3,3,0,6
0.410988311260911,0.3885596218259255,0.9106073347245746,0.5981380022914071,0.6400790504252832,0.6865353785070297,0.1070204389745006,0.1180391648670696,3,4,0,6
0.9601954256680488,0.3648345589886098,0.7094851677490892,0.5921650017241233,0.9959600468218996,0.6115271549640895,0.5025045575301714,0.6698742159059105,3,0,0,6
0.4119714535284387,0.4171672818257225,0.9314195140874434,0.5984207955998444,0.6355449009415164,0.6684340717414068,0.1030438634907707,0.1191197395790889,3,4,0,6
0.9690489463737074,0.3598523976259268,0.7154554318398876,0.5968856903405086,0.9841561523497766,0.6122105266588714,0.5017887363411261,0.66405517863051,3,0,0,6
0.4185648395370562,0.4132228992923589,0.929638106139858,0.5951307763364679,0.638477976165392,0.6666071496252772,0.1043030292642661,0.1107931863274874,3,4,0,6
0.4257053400073424,0.3994909317276628,0.9345842207206148,0.5945931662336058,0.6402286420376079,0.6664017950168092,0.116301326882107,0.1173620329074925,3,4,0,6
0.9685804819618504,0.3606631562823658,0.7137400260068235,0.5917707654395504,0.9883958083601736,0.6086768031937717,0.5098289559000184,0.6619170674601861,3,0,0,6
0.7485936168664599,0.595712755381906,0.7823339965016551,0.9543479264367282,0.7595240464372314,0.6953768564822774,0.8105923807571234,0.4379775389002443,3,3,0,6
0.4177328692443611,0.4223655247033104,0.92691419883194,0.587819619309401,0.6432975093745178,0.6675797663983307,0.0967323455691598,0.1211837728626292,3,4,0,6
0.4094269042616099,0.4065929721400216,0.9229040610650572,0.5918355076318266,0.639013377685962,0.682723637571016,0.0971811968537089,0.1137597386380711,3,4,0,6
0.9569799178866089,0.3577773585877036,0.7091479957722838,0.5893323008126642,0.978847622444656,0.6032008973084613,0.5101323652375018,0.6686395436356826,3,0,0,6
0.3134090741946133,0.7938656045018463,0.6517664280803135,0.9189727730816426,0.3048548687256083,0.1858832024872675,0.218501269870377,0.1152564995492719,3,1,0,6
0.0318859384399594,0.8663401495976637,0.2395268319841726,0.9125552796790456,0.2334437452256407,0.5156541997122568,0.0687878662632185,0.5986238753594662,3,2,0,6
0.4224851825015608,0.4084468917817702,0.9374482813633538,0.6015330790568716,0.6441748486186958,0.6657767692917224,0.0968626629295225,0.115538424022235,3,4,0,6
0.4227952636835546,0.4217462653891453,0.9456182609575908,0.58854094173912,0.6556447017209912,0.6513993286138761,0.1069201530458299,0.1171130818211188,3,4,0,6
0.9639947712914576,0.3607400485024529,0.7082812110673772,0.5916246629691937,0.9893228278429608,0.6053283530270891,0.5082230811980349,0.6664507645599014,3,0,0,6
0.959103475837753,0.3641734453918146,0.7204646054705531,0.5928901673490167,0.9805950345486788,0.6074876288941562,0.5099134507420692,0.6647227407734759,3,0,0,6
0.4260386093228449,0.4074105993124675,0.9365793557066512,0.5956011887212431,0.6337050890175839,0.6768722107680878,0.0846990159892811,0.0916768022443379,3,4,0,6
0.9587713933025414,0.3510422323860655,0.7189560651255108,0.5902437491617912,0.988311988470196,0.6086580912476895,0.5127750825460556,0.6605671227239964,3,0,0,6
0.4192693239527031,0.4155362586523158,0.9266937204237088,0.5935482432135336,0.6340948027003949,0.6723952817651406,0.1049874759039193,0.1074798073587496,3,4,0,6
0.961393512986219,0.355636355588567,0.7173846491390354,0.5893122569543624,0.9804835439339568,0.6094856723541973,0.5105709658434302,0.6698391656257525,3,0,0,6
0.9717196127069188,0.3543885520237914,0.71253226523703,0.5902532599158147,0.9892751081479154,0.6154480371071113,0.5117234296320434,0.660687885852223,3,0,0,6
0.7452475954460012,0.6041166565855454,0.7842843528191337,0.9516600659811372,0.7620560178943714,0.6989371688859425,0.8063247219047042,0.4484525620038161,3,3,0,6
0.9649160713320614,0.3571399838482988,0.7125248737375469,0.593326385882294,0.984306938321136,0.6101833487619581,0.5070392506190626,0.6651476748163943,3,0,0,6
0.96590611913582,0.3586752146414598,0.7103620448148056,0.5920584883443374,0.9856436131730876,0.6119295366155552,0.5086833581922235,0.667383450083745,3,0,0,6
0.73678411376008,0.6010735858743484,0.7843344186721655,0.9523194996751818,0.7715033767840679,0.7056209432433536,0.807855523457344,0.4466600639006806,3,3,0,6
0.3055914158759185,0.7918480640570499,0.6550182627411718,0.918610466726392,0.2994186843701046,0.1818075876394894,0.2187719734773811,0.1193897698865128,3,1,0,6
0.4312967569970123,0.4119230670630364,0.9198517055308968,0.5972800621749353,0.6252201820448099,0.678434411441301,0.1167597700818658,0.1253732970792214,3,4,0,6
0.964624199805282,0.3549190578454361,0.7143023736684756,0.5892853335112711,0.9873373210077128,0.6082732114724614,0.5062767839852382,0.6683780311177995,3,0,0,6
0.0322227472327463,0.863766733590898,0.2438843472451009,0.8982294051035484,0.2463731862763607,0.5062552609318826,0.070486187791919,0.597751998089339,3,2,0,6
0.4155818715232347,0.4137307298652867,0.9393932370393436,0.6010914059971204,0.6471108917303419,0.6760710711291448,0.1098822263114207,0.1090191851641689,3,4,0,6
0.9661362574799932,0.3581899595888527,0.7116788780261104,0.5917399886751845,0.9852026846111156,0.6101322333811637,0.5084887837491812,0.6663725757061333,3,0,0,6
0.3138049292726635,0.7959551236329422,0.6537105911958992,0.9158278091902152,0.3052563740283595,0.1803367446953481,0.2220976709625095,0.1219808670878674,3,1,0,6
0.4175952315088315,0.4200975478816825,0.933561196412332,0.5934813522663998,0.6346999588771878,0.6674438440555559,0.1061134063487165,0.1148882156461172,3,4,0,6
0.4212668608220372,0.4221598169147874,0.9267647017905852,0.610340474995735,0.623923865172686,0.6562359504875425,0.098527191276757,0.1148563979572522,3,4,0,6
0.7491859822457284,0.5943199548228345,0.786318640657803,0.9533246388749091,0.7860513531675253,0.6996366428559223,0.8214414912063412,0.4223949843784965,3,3,0,6
0.7387896297699496,0.6025597379389052,0.7790714227481564,0.9520956074778006,0.7706113536560897,0.702111336947149,0.8022349335491169,0.4404346560041767,3,3,0,6
0.4194130776716341,0.4237576463462625,0.9206619069293271,0.5954869855210219,0.6474873900656656,0.6686844895283008,0.1094031407846498,0.1102708751269538,3,4,0,6
0.4019843031322516,0.408031901893872,0.9140155881715356,0.6042587492837593,0.6500114214292315,0.6615106152288366,0.0996143448347129,0.1074449658178913,3,4,0,6
0.4131355921851047,0.417216460943842,0.9328027903997822,0.6017619473201397,0.6419651397156153,0.6733743513838018,0.0983640822712049,0.1092021922487838,3,4,0,6
0.4189790633003252,0.4182356653530126,0.9311291126161604,0.5955900318153811,0.639186898191478,0.6684054142830017,0.1015804464885305,0.1123856852171836,3,4,0,6
0.9631894751360548,0.3532033836601023,0.7112185322826111,0.5898282763417474,0.9866301121170112,0.6139553236621035,0.5101412407802727,0.6676477253313033,3,0,0,6
0.4129130786969984,0.407151733232252,0.9420697904398856,0.6025908805329061,0.6376561809065744,0.6576389976700462,0.115822173312992,0.1144425121456871,3,4,0,6
0.965694283781326,0.3576753011432589,0.7105796001209828,0.5911321458365584,0.985444809387089,0.6099845568391854,0.5088037084248727,0.6664274455200322,3,0,0,6
0.9525776110580284,0.3721713172905423,0.7125449081068336,0.5876209956869982,0.998334456532144,0.6097053877780831,0.5160820039385393,0.6644936435360589,3,0,0,6
0.0298813856279703,0.8634703842987487,0.2381156863787176,0.9122150131532974,0.2322727934699272,0.5156342418353684,0.0701230371102731,0.5964083780459758,3,2,0,6
0.4138814532518066,0.41771853333287,0.9316376697471984,0.5889190281927653,0.6304846027839177,0.6781558412285448,0.1034328182394069,0.1144194823319271,3,4,0,6
0.3157801367526364,0.7904653095658738,0.6465099184528983,0.9164179852077848,0.3045719516834571,0.1773579415783985,0.2207210597777953,0.1205492126243927,3,1,0,6
0.4194261450465914,0.4150123666894323,0.9351344671697108,0.5968840428154933,0.6344873844364938,0.6725834559559818,0.1103363593003505,0.1069544220564834,3,4,0,6
0.4344447613018028,0.4237828327601966,0.9433631473540128,0.5690094434857981,0.626187946744223,0.6774501119476196,0.1119547155273738,0.1123546892114787,3,4,0,6
0.9583313994327064,0.361535674992587,0.7156860192652255,0.5846590817689165,0.991886922888213,0.60236877652771,0.5081736209205443,0.6751690541249324,3,0,0,6
0.957265109415197,0.353789766836967,0.7209714770525031,0.58122987372884,0.9844299062681394,0.5989294608086227,0.5080712571554911,0.6732828692258497,3,0,0,6
0.9674993262037036,0.3557905830592573,0.7086353424704339,0.5898094669641136,0.9855499143428528,0.6093230677726509,0.5063767260885996,0.6672706926302543,3,0,0,6
0.4007369136461795,0.4136618991384709,0.9389389216727744,0.6122020494658832,0.6480514746115293,0.6811655968913753,0.1173405218735457,0.1159628780546971,3,4,0,6
0.4221967341840849,0.4136248851864313,0.9340130396729338,0.5951576228938552,0.6422625966034755,0.6673823553836155,0.1057772203202349,0.1096386101428893,3,4,0,6
0.3123112255223127,0.7937416394615637,0.6501793748674451,0.918001731574998,0.2995619093747736,0.1803445871448076,0.2224671473974507,0.1185230205311526,3,1,0,6
0.7397845339148545,0.5993263317204067,0.7774306528107269,0.9529195909062756,0.7703194049687703,0.6991054393152518,0.8023204406647746,0.4405480415722925,3,3,0,6
0.3134678304697272,0.7942852722401359,0.647298058035127,0.9203059056160504,0.30411122461564,0.1840051353300809,0.2208150501339142,0.1199916062674182,3,1,0,6
0.7462057155572002,0.6001536382355581,0.7760552734536647,0.9674884695711324,0.7782511229327913,0.6892076170158064,0.8161890365635838,0.4519091795988557,3,3,0,6
0.0298364634596173,0.8623608085514539,0.2410806677611189,0.9115689569148986,0.23177147948693,0.5151813113371926,0.0721966973493815,0.5999126472618532,3,2,0,6
0.429550816860078,0.4318762741249069,0.9535901318817694,0.6139335396705493,0.6188642851342068,0.6584383035421508,0.1281780159393322,0.1151697163487484,3,4,0,6
0.4189450838292315,0.416609193781383,0.9336477143701422,0.5952421906494613,0.6381449215998779,0.6711967599427183,0.1040693091706893,0.1130333960270821,3,4,0,6
0.4155961229195207,0.4201418097932865,0.935341416826436,0.59283628567307,0.6352504085139128,0.6688010291828619,0.1033536499812997,0.1159748727515627,3,4,0,6
0.9702913761507268,0.3469925205272538,0.7043198783720956,0.5907707817476222,0.9821294288807884,0.5966665509440949,0.4981321253798831,0.6664075392397185,3,0,0,6
0.4204389087986505,0.4154878781000082,0.9309989471654824,0.594303848597445,0.6416950866699814,0.6736846771255492,0.1062471581381086,0.1146026961015945,3,4,0,6
0.7406374286052234,0.5986900381769659,0.7809848408311696,0.9560216808434726,0.7666387580580623,0.7029714207191057,0.8063516876397235,0.4391462121215177,3,3,0,6
0.9628764942851932,0.3535591024029644,0.7121765973588025,0.5905356718445247,0.9825915726791664,0.6094502784612609,0.5087452149957474,0.6666935129968646,3,0,0,6
0.4210713529398827,0.4234921961867144,0.945519687779882,0.6092260810897686,0.6451521264533429,0.6657395437140436,0.0938974884014952,0.1110140450782259,3,4,0,6
0.4132018125939308,0.4180042275684062,0.924685960130604,0.600848132614638,0.6467767930401268,0.6660817642686137,0.0978278726640326,0.1113557085941579,3,4,0,6
0.966498902779002,0.3556390126470584,0.7086313847423551,0.5885737187066521,0.983679530622527,0.6077141993580888,0.5086680964119602,0.6680612879997689,3,0,0,6
0.9648410739890934,0.3563679297723214,0.7094224331244147,0.5909568467289902,0.9835502701984712,0.6073333836394846,0.5108847438368245,0.6650299499767945,3,0,0,6
0.7410556271718002,0.5916554484452746,0.784720158299708,0.9574656815766228,0.7667298264222004,0.7046268057503113,0.8050157815595755,0.4356213413497699,3,3,0,6
0.4152253322790375,0.4184748372450761,0.9348277682035526,0.5919472868238185,0.6371371207358656,0.6705326562710998,0.105893447442413,0.1093171886149514,3,4,0,6
0.4218019923146989,0.4149249192085782,0.9352147303427784,0.5921448426372595,0.6342698485502185,0.6702260604788586,0.1060642720637059,0.1085066601047173,3,4,0,6
0.972347394882464,0.3476410366699704,0.7058375301386688,0.5958418980103031,0.9870302486840328,0.6051030157341565,0.5145065348566629,0.6611413350319655,3,0,0,6
0.953210335454918,0.3596905380644923,0.70816457965212,0.5772668526134813,0.9891407211284404,0.6174943032209195,0.520797427254349,0.666092970343222,3,0,0,6
0.3086476344118772,0.7935942453483021,0.6580565777357723,0.9199978094564438,0.3053722764238596,0.1775064950075231,0.2154378822797167,0.11921912759606,3,1,0,6
0.961447166563024,0.3584006457682143,0.7068402784675527,0.584933640753084,0.9822989343645772,0.6042014996105652,0.5047612561441933,0.671005561810935,3,0,0,6
0.9690716278248837,0.3511588701835288,0.7142755608524517,0.5963713847862858,0.9869625915637732,0.6037618314093022,0.5028696893584543,0.6681335304113458,3,0,0,6
0.4190364014471711,0.4184731439868847,0.9357637167221132,0.5953578676514055,0.6387736595800415,0.6721672116617082,0.1035011889948145,0.1132102911558306,3,4,0,6
0.4152002362286162,0.4177669918991373,0.9330023388375908,0.5982477737941739,0.6347752999818824,0.6750584563304836,0.1073804535974312,0.1159338076027965,3,4,0,6
0.4211686264935277,0.4241335368739492,0.9293404834248584,0.5918814979926582,0.6337927410417199,0.6776274076886135,0.1081636131598244,0.1276915128104687,3,4,0,6
0.4158250150902129,0.4168414351491583,0.9366454569840332,0.5970928933690829,0.6364193286316749,0.6742464372717303,0.1075956753889299,0.1125005024166053,3,4,0,6
0.4202736344248426,0.4195939049414542,0.9364648864613436,0.581268283583068,0.6490145387421024,0.6629679966246484,0.1052451617483782,0.1383542930518063,3,4,0,6
0.9662834230384236,0.3559758673375675,0.7103027487302497,0.5906552760635541,0.9835599171104016,0.608633118003479,0.5089266178647363,0.6680560439679523,3,0,0,6
0.9642275491717954,0.3544340656213835,0.7105950892842305,0.5919971388574373,0.9880217188903884,0.6071699193641095,0.5114986856516192,0.6640182980972968,3,0,0,6
0.7303999995556055,0.5833951573745083,0.7815615523537395,0.938086441413657,0.7569761757983113,0.6843997960025157,0.8012080926475558,0.4329269421129444,3,3,0,6
0.426675084707904,0.4097831856406779,0.9379127684778736,0.6009340835903865,0.6372147600035798,0.6770693188070972,0.1019814454982796,0.1215558265981892,3,4,0,6
0.7303738705902199,0.5946237952557297,0.7720967376046957,0.960068229084711,0.7684098894911795,0.6993774769424095,0.8152333807036696,0.4401689098491303,3,3,0,6
0.7405598842867788,0.6037750704221637,0.7748271751587176,0.9512186261332708,0.7719387671507197,0.7000034956176147,0.8088459031812619,0.4379321951762836,3,3,0,6
0.4180342785348694,0.4204233986544172,0.9377533623065494,0.594728091297684,0.6405221181891695,0.6714619463828349,0.1059125172029,0.1124915814349215,3,4,0,6
0.4354471660154243,0.4180302780570357,0.9574099396317832,0.6035375822847828,0.6458509988026359,0.6710669426210013,0.1263132321746225,0.1173358345103758,3,4,0,6
0.7408045981647039,0.5979428385486296,0.7793818081016316,0.954473273785762,0.7721031485506016,0.7016690488338689,0.8088713396085456,0.4345031300202995,3,3,0,6
0.3970562907687738,0.3936309505710629,0.9475567957062436,0.587167965569739,0.6578471731617703,0.6738548243865238,0.1179906708833052,0.1056618069482754,3,4,0,6
0.415384414393909,0.4171490110609098,0.9323898372447912,0.5932641606647859,0.6351846300950378,0.6729525967682957,0.107460496825323,0.1127354349795854,3,4,0,6
0.9656403677084168,0.3547507079794578,0.7102614902065347,0.5898310098684996,0.9852305855118249,0.6082782058757608,0.5090254955813995,0.6671601853455633,3,0,0,6
0.0256346015631424,0.8623785571245879,0.2450648049507297,0.9110379737270468,0.2310043678612914,0.5227729200532982,0.0734890945772323,0.5941991675376211,3,2,0,6
0.9646782242751614,0.3570371982963493,0.7118043694383774,0.5871232438683928,0.9884621623733229,0.6028771948189563,0.5078373993503859,0.6594243014652759,3,0,0,6
0.4255209294180607,0.4124715269167748,0.930738943366944,0.5882679239526386,0.6373644991686921,0.6737417027205517,0.1069158093895435,0.1162209529081614,3,4,0,6
0.9644077921411732,0.3542490566395908,0.7084821031477774,0.5890379407840661,0.9838108918683818,0.6068432840577674,0.5101106608564294,0.6662067643160424,3,0,0,6
0.9616649140955996,0.351228139674798,0.7062374582511581,0.5991760228556345,0.9813251843252552,0.6013537426854781,0.4977653201492443,0.6747433314005867,3,0,0,6
0.7377256709762007,0.600471735151971,0.7829429414372919,0.9521299679954908,0.7718596246033436,0.7060048046455016,0.8058509899507902,0.4357586143001605,3,3,0,6
0.431426087007018,0.435540649183193,0.955755477315002,0.6209224893716244,0.6377421932393418,0.6919178646984058,0.0981951606152179,0.0934586317089275,3,4,0,6
0.4311586491034004,0.4274231585704114,0.9352097984328256,0.6061787820320467,0.6345966270855036,0.6741168545826809,0.1016046419767909,0.1340910578908979,3,4,0,6
0.9635506115984308,0.3531081060643666,0.7097227356075874,0.5872954374483581,0.9810070837863124,0.607150765315513,0.509209451927552,0.665980333498873,3,0,0,6
0.7395529807068423,0.5988002538876077,0.7790463548839531,0.9550407953589224,0.7686161813586043,0.7045821687508474,0.8057653640295668,0.436603794400753,3,3,0,6
0.9605442066847248,0.3497056611917633,0.7057235363604853,0.591976336022344,0.9860946752752446,0.6022469891626423,0.5063216390839905,0.667624114146334,3,0,0,6
0.4208519855219079,0.4137922601146064,0.9344513539094458,0.5942009278294201,0.6313463979783582,0.6712034377933377,0.1052400604135739,0.1194842915610793,3,4,0,6
0.972112950337782,0.3585331894616719,0.7066911745572181,0.584833616607267,0.9786307530773836,0.5976032583072095,0.5067471044425982,0.6667677281993526,3,0,0,6
0.7362143520095892,0.5962991092817445,0.777998166710399,0.9540831753090222,0.766259280552619,0.7001737434887579,0.8087169971146363,0.438279116507169,3,3,0,6
0.308238300285416,0.8037701828222443,0.6474609766562835,0.9112481709850928,0.2945555747891784,0.1848017899148883,0.2231289751451583,0.1202344382731896,3,1,0,6
0.7424644149948889,0.6053051248465047,0.7806592316468066,0.9593408501403132,0.7716256762741445,0.699680764798403,0.8111078867865533,0.4426003194627487,3,3,0,6
0.4182804335951707,0.4197452958493844,0.9364477555487268,0.593730736251084,0.6376685863704117,0.6735565449788473,0.1062245379070766,0.1148201152579132,3,4,0,6
0.3011876831270094,0.7959724748439424,0.6684814353678517,0.927358493640496,0.2889314511523687,0.1975461072415646,0.2020142007297498,0.1269568889446457,3,1,0,6
0.7293994601250253,0.6017375979825298,0.7714580890315836,0.939544643531148,0.7758426143930597,0.720716826196064,0.8106810662449635,0.4354613686867258,3,3,0,6
0.4191802227100539,0.4251282141519151,0.9419243953771346,0.5952043838689588,0.6351297475241174,0.6790324739198041,0.1046700977054079,0.1148920381739728,3,4,0,6
0.9649450247262829,0.3526404429096877,0.7074307780971544,0.588090918030245,0.9827515546670084,0.6064071317898417,0.5101097443520078,0.6660178615051117,3,0,0,6
0.964765896199552,0.3470354759150394,0.7098738042564211,0.589962327330374,0.98223433984592,0.6080492382119533,0.5053217382387098,0.6694491867770019,3,0,0,6
0.4248100087888103,0.4273966799950434,0.9337371246543424,0.58376375739286,0.6329984894227679,0.673499488144142,0.1111925268295163,0.1114388210953375,3,4,0,6
0.7445538987260163,0.592019658031745,0.7807552142701624,0.9489253174828812,0.7643705136598854,0.7111181632761545,0.8062151600233269,0.4365280572230436,3,3,0,6
0.9565018077820798,0.3489833174799556,0.7181442846181062,0.5899596131939775,0.9825000307957884,0.6036893839664472,0.5174650889103336,0.661516741443437,3,0,0,6
0.9641255047399608,0.353115632580017,0.7075564698124615,0.5887041844228821,0.9830544278103004,0.6057796520300064,0.510630784425075,0.666435692954718,3,0,0,6
0.9633182410219182,0.3524604848206595,0.6964696878585581,0.5840794621185095,0.9781883119693512,0.5964589453450546,0.5150011177644529,0.6592706491668257,3,0,0,6
0.417877153296859,0.4184853559098675,0.937839150187006,0.5928204845259916,0.6386542389496219,0.6744441045121842,0.1061819070505301,0.1126464356220638,3,4,0,6
0.4140218999947229,0.3963218405978154,0.9210489405724258,0.5761132878588334,0.6453283746320643,0.6495551913706019,0.097679870895833,0.1215314766947318,3,4,0,6
0.4163493600768126,0.425486598289677,0.9294805055277016,0.5878207561070645,0.6410669403814296,0.6848414542028349,0.093968813292706,0.1246678934793753,3,4,0,6
0.4306351181768733,0.4154714409463983,0.9408919355985684,0.5992952016165425,0.6508164427487275,0.6865728042764991,0.108282150743709,0.102272997916988,3,4,0,6
0.9608498263207956,0.34861389665086,0.7023753563352411,0.5995452757523938,0.9945402741471938,0.608358011065469,0.5163032633104712,0.6701012183258818,3,0,0,6
0.7589817704375613,0.5794515410505983,0.8154353256700664,0.9375326971487908,0.7580630466843215,0.743350624065001,0.8358227450927295,0.4238520932478512,3,3,0,6
0.9790077238677352,0.3491069684441747,0.699867851838904,0.594016304115998,0.9728618681089192,0.5914337920982421,0.4977626114655251,0.6761930470957516,3,0,0,6
0.9742655990989108,0.3579599132041186,0.7011022818910231,0.5778029674283522,0.9671685420689096,0.609176062265259,0.5173373738352516,0.6819755103568134,3,0,0,6
0.4146180626454082,0.4185053141083822,0.9404095861621043,0.5894583172780206,0.6404839381943839,0.6709424465327931,0.1078030647626977,0.1163717959007969,3,4,0,6
0.4177254165964003,0.4156331390251936,0.9336671804702232,0.5954152387474699,0.6355172139579095,0.6724408389916529,0.1071128221360727,0.113988722173933,3,4,0,6
0.9636555323405888,0.3511667187742183,0.7084856210632318,0.588731815324561,0.9815879561011543,0.6048863877592986,0.5103688192503197,0.6667717456426405,3,0,0,6
0.4220579631469064,0.4136206547792884,0.939900604245111,0.5922795350804692,0.6410208419492038,0.6716429158715275,0.1025822338568635,0.112410988488039,3,4,0,6
0.4191333481526567,0.4221920148465051,0.9394728106659102,0.594998705545706,0.6386110122968368,0.6747373183020651,0.1060966371605893,0.1145639012139109,3,4,0,6
0.963163283690446,0.3576415495674292,0.7096587551345797,0.5940914086403499,0.9822381595055166,0.6117578325413955,0.5103217998442884,0.6624015182039334,3,0,0,6
0.4170051116365944,0.4181137747080338,0.937957328203992,0.5944891077341571,0.6360537194517913,0.6755269411744697,0.1085534691623742,0.1135248187211503,3,4,0,6
0.0199616435933489,0.8610521708208684,0.2429833175764742,0.9103966207671016,0.220580907969177,0.536553684315725,0.0834700533111693,0.5881014322810597,3,2,0,6
0.4155815682578855,0.4185123097709085,0.938971939651197,0.5938752661001687,0.6371973445313951,0.6768583687460273,0.1056214045705879,0.1133475103309173,3,4,0,6
0.9620600346333034,0.3575058583286737,0.7070810565936262,0.5821447352284203,0.9769614581242332,0.6124831999220302,0.508818097233059,0.6663749096456645,3,0,0,6
0.959044770780231,0.3485895079725809,0.7035794757182732,0.5922179199380948,0.9868971969239264,0.6073013652368553,0.5125299463629754,0.6634036639732424,3,0,0,6
0.7538827097132813,0.5978134124800282,0.7737275425128962,0.9567283887883848,0.7691127583141402,0.6966768024697737,0.7876780059993728,0.4255898449762787,3,3,0,6
0.7294132289838188,0.6003814361675125,0.7692274080761117,0.960640571361645,0.778210335286417,0.710320684471591,0.8183307541662447,0.4434384434567276,3,3,0,6
0.4369202323640831,0.4211369701194418,0.9373472039261624,0.605912158052686,0.633154548219893,0.6723251053263105,0.1215512363693645,0.1207097705505353,3,4,0,6
0.9625443648294564,0.3525775154337525,0.705382108153653,0.5884251656484961,0.9827803266555146,0.6058076191047598,0.5125404442336019,0.6663268111193745,3,0,0,6
0.4137214163757807,0.4266674841338154,0.9560715279844366,0.5750762851430303,0.6289272162827904,0.6822205454717464,0.109000010106824,0.124959271712206,3,4,0,6
0.9596661466745564,0.3551791783443597,0.7106285201241143,0.589442233223307,0.9785626482365326,0.6020794748001737,0.5106228183310272,0.6662989985199321,3,0,0,6
0.7384401785566733,0.6002946744781861,0.7789349631240212,0.953593042345865,0.7725337899576932,0.7086330703610751,0.80429262146768,0.4332772054075043,3,3,0,6
0.7277885769573542,0.5848065821772227,0.7743504860577377,0.9647512953890324,0.7589819420192347,0.6946240145035416,0.8005800880656664,0.4277238934501609,3,3,0,6
0.7234283017645843,0.5877820092488542,0.787230831575721,0.9697144492465326,0.7574418891159963,0.6901689528217573,0.7920308346955817,0.4291595006558886,3,3,0,6
0.9664444534334042,0.3531837523839916,0.7052198770523072,0.5865691144010763,0.9819635669141228,0.6083526552627547,0.5083688581982604,0.6660776480952231,3,0,0,6
0.4103279189482588,0.4176623945125539,0.9331295217517052,0.5911255763526944,0.6379228741666196,0.6741315076273772,0.1139164734004503,0.1136311602918792,3,4,0,6
0.4213664741857725,0.4230317178479275,0.9324040139611072,0.5867040010420905,0.6394832217673972,0.6854255177391432,0.1113888638821283,0.1091466862115584,3,4,0,6
0.9583057347914896,0.3540267076253008,0.702334367451883,0.5827358504003589,0.975534280773632,0.6050150786850319,0.5149275509865887,0.6716077037724564,3,0,0,6
0.9736284691693428,0.3415381821153004,0.7035140344544885,0.6025573026511167,0.9864217122962324,0.5991230923365581,0.5204991213217735,0.6615404401826568,3,0,0,6
0.3195100776389553,0.8157407743960978,0.6477802108743409,0.9072749027646756,0.2877256057664698,0.1708829431879129,0.234846781798147,0.1299623179103867,3,1,0,6
0.4178673603332125,0.4213939076514549,0.9378884407313728,0.5921835025331212,0.6374999408950032,0.6757038793956177,0.1075613671342489,0.114165960415119,3,4,0,6
0.322031930935174,0.7991035952804453,0.6421964387933965,0.9167896692217542,0.2998954427755972,0.1706209734270082,0.2222031279057428,0.1163611880979049,3,1,0,6
0.3210995341581573,0.8090316987582196,0.6531128455757761,0.9209765805515506,0.2961577519350113,0.1854129210842741,0.2143510487651153,0.1118719197658838,3,1,0,6
0.9680289791117884,0.3467294902979105,0.7086108034930483,0.5827804632919354,0.9779015884250808,0.5992791926628619,0.5057690863399494,0.6724400616182575,3,0,0,6
0.9633291066736468,0.3491496508451167,0.7028060070162229,0.5898161781572798,0.9841444822826758,0.6064255580009291,0.5122489584866593,0.6685227882428412,3,0,0,6
0.9626828346242612,0.3522298375770278,0.7037398775468081,0.5873349348713585,0.97987588578378,0.6025892585208651,0.5139479108328967,0.6662164704508644,3,0,0,6
0.4151246841457482,0.4256723627745993,0.9383094766724612,0.5914124301726451,0.6369797701633547,0.6759313228493842,0.1071925297204477,0.1143275774789475,3,4,0,6
0.4199523738231669,0.4244097318909442,0.9412387068914,0.5957938432316519,0.6408662784513272,0.6770752621720849,0.1103010661224843,0.1136052134264768,3,4,0,6
0.4181098168287758,0.4193502203162037,0.9366851667127194,0.5907014949093923,0.6363813021433695,0.676865867934032,0.1076656479717969,0.1171547528190165,3,4,0,6
0.4356885829659244,0.4185315769760756,0.9555428287545544,0.5768328255922235,0.6344731518268135,0.6792308484324009,0.119376427275028,0.1238486153502205,3,4,0,6
0.4278632263838967,0.4091740412019162,0.9515891168577468,0.5971704593042997,0.6265507357317525,0.6815308240813841,0.0961123447882011,0.104135618182448,3,4,0,6
0.4177772345537284,0.4234913738660989,0.9389749878604682,0.5920186390263017,0.6344296475661091,0.6816899008567808,0.107913709754874,0.110223522004105,3,4,0,6
0.9662250742428932,0.3482724821142064,0.7085725058219774,0.5834138315201054,0.9802255082416534,0.6021747561363796,0.5140922609531112,0.666838983880148,3,0,0,6
0.411625832559674,0.418378580195162,0.9322265181777408,0.5917029710992134,0.6373162602820808,0.6720269263746123,0.1105968352159707,0.1124693952100649,3,4,0,6
0.3151232243398044,0.8081494038273352,0.6479874783838797,0.9185960431616668,0.2951599568880929,0.1783707620551025,0.2256192426275487,0.1180852886900057,3,1,0,6
0.9686943616160808,0.3503240824862806,0.7095744862392809,0.5866773030752394,0.985791719444694,0.5983340587087801,0.5058547009219383,0.6719820325524885,3,0,0,6
0.4170896011187953,0.4188485143137186,0.9398379870682564,0.594934998168359,0.636997924474973,0.6786772737355315,0.1085855505566873,0.1127291140247611,3,4,0,6
0.9646306852034968,0.351210644583651,0.7058715508462023,0.5855606757013971,0.9815126186338362,0.6033611388401819,0.51057517929718,0.6646829626416616,3,0,0,6
0.962377482266201,0.3482784614317444,0.7034010451660532,0.5892052907555657,0.9823646909622076,0.5999964878941012,0.5114789653058908,0.6675896095274844,3,0,0,6
0.4290358041565639,0.4090061096283292,0.949191933391918,0.5798047718856816,0.6303529267865222,0.6845821639410166,0.1104013284002547,0.1153706604749479,3,4,0,6
0.7437169325323536,0.5743908172674739,0.7907196034850752,0.9473223574633118,0.7771113336137829,0.6806018552473403,0.7984137808503131,0.4434893004062988,3,3,0,6
0.417850378042966,0.4217188441473561,0.9396070899473644,0.5927001242882072,0.6359746232885359,0.6770877532113293,0.1076070351470146,0.1147967019264907,3,4,0,6
0.9668072232528468,0.3530640902979676,0.7010136335022507,0.5839523378772385,0.989859013818098,0.5979623266610264,0.5071863163521947,0.6635735116959447,3,0,0,6
0.7398023572957473,0.5967291489959851,0.7773567096878238,0.9573521056164792,0.7765346675580066,0.7107580304960741,0.8019907171937729,0.4347503567214417,3,3,0,6
0.4167171182346904,0.4219863481967096,0.93896854229499,0.5917485022060139,0.6368488027102243,0.6775412796302253,0.1087772056955952,0.1153100641528318,3,4,0,6
0.9634461004534194,0.3527603839291403,0.7020761229576887,0.5893303228221215,0.9824410775669614,0.6006852915600148,0.5094409355923508,0.6657647787449172,3,0,0,6
0.7271861413458558,0.605653847991782,0.7701848312671702,0.9585943443367174,0.7709528282432274,0.714257890752581,0.8063428555284801,0.4243905579247039,3,3,0,6
0.4402592315516019,0.4040818672086285,0.9154694531727758,0.6035070557576688,0.6455406027531884,0.6898053851119823,0.1152016094063646,0.1231007122264119,3,4,0,6
0.4169271248765148,0.4307145301238859,0.9459527177409082,0.5897204629152506,0.650360311783518,0.6627538650835011,0.0967006451406038,0.1259703067042615,3,4,0,6
0.4164153607672906,0.417108416825497,0.9502329532603512,0.6030478058884562,0.6396938833077647,0.6789785426179004,0.1125468694150662,0.1044021781837776,3,4,0,6
0.4408679551213098,0.4441369219636608,0.958863027223286,0.5997006918962592,0.6484214244708996,0.6636595565555347,0.1204309940036547,0.1024357639058617,3,4,0,6
0.3088991983098989,0.7983769486561422,0.6507961805687984,0.918111124455766,0.2963667707341714,0.1834047284402018,0.2161558266207059,0.1162675415220619,3,1,0,6
0.9542835960279586,0.3400581200209085,0.713316872472818,0.5920517411719594,0.9938938368570542,0.615855822591731,0.5073126492246041,0.6782674770522733,3,0,0,6
0.9609560330811756,0.3538234444490394,0.7074696555465507,0.5910838594595859,0.9787675170356838,0.6010907355994172,0.5118033991614962,0.6683266078302026,3,0,0,6
0.9647818249905432,0.3565114821764471,0.7101474425686947,0.584495589055068,0.98964318265814,0.6090828805286511,0.5112553473545118,0.659965634588952,3,0,0,6
0.4143788199623842,0.4169853626231637,0.9382146185036102,0.5899323851550681,0.639819051054944,0.6826176880641219,0.1109351212266747,0.1139235674326272,3,4,0,6
0.4164529213322964,0.4224447042300773,0.9396021101948135,0.5911230293850763,0.63686048673014,0.6780396184952275,0.1090459321763722,0.1153869289396334,3,4,0,6
0.419960287302625,0.4243678598646571,0.9372500967049424,0.5878596595658442,0.6368671146583237,0.6705742844965172,0.1035395053959985,0.106704044236471,3,4,0,6
0.4146912322006021,0.4240740092514394,0.9445808006996932,0.5893066491976762,0.6440978621006428,0.6766893636545755,0.1093478105870689,0.1223588242379668,3,4,0,6
0.9614600111184294,0.3650613554986209,0.7035214031715633,0.576460917302901,0.9727771430078777,0.6074584420178631,0.5283026485973432,0.650659428065479,3,0,0,6
0.9611777735953052,0.3504584199538213,0.7046430648115469,0.5843634136914378,0.9818882055038344,0.6024506330647614,0.5122463322710276,0.6652899345920397,3,0,0,6
0.4156696924389476,0.4212033835914443,0.936641402992875,0.5902859713568691,0.6363266551712594,0.6764955727432724,0.1124644073449571,0.1188704193082337,3,4,0,6
0.9613972806641932,0.3499788153080422,0.7055927173382113,0.5841253979855241,0.9816727876760608,0.6008622724337651,0.512693084172084,0.6658832171599495,3,0,0,6
0.4118533908285302,0.4209578056526722,0.9376601423623434,0.5886619465405729,0.633798532485866,0.6775888440748108,0.112529609369611,0.1116518388945714,3,4,0,6
0.9642587067801902,0.3552727435559156,0.700652437131846,0.5868369113182479,0.9833501720720252,0.6058944338229637,0.5132312422236951,0.6686898207107194,3,0,0,6
0.959638356177957,0.3524506768440079,0.6994470812933204,0.5902760150183446,0.9745302508908136,0.6005669939292361,0.5117835199264942,0.6664410186632357,3,0,0,6
0.9560234655857556,0.3523292168130804,0.7078527360570086,0.5856946601516868,0.9800393772351969,0.6028957724938174,0.5035825464615584,0.6652728511088547,3,0,0,6
0.408115574189187,0.4243962523814629,0.945726917836047,0.5986677762105629,0.6325580206536018,0.6690684979427886,0.1098604686603191,0.1176167737027468,3,4,0,6
0.4170616098176296,0.4240536892600696,0.939552750559655,0.5917936425809893,0.6359242536535324,0.6777206933443584,0.1085554292418676,0.1156183365756171,3,4,0,6
0.4156728463945128,0.4226179744990231,0.9397201532367224,0.5908357434332742,0.6369457525548442,0.6792421272726608,0.1101200715871969,0.1158511920476365,3,4,0,6
0.31635024795978,0.8075970313930424,0.6482469320780218,0.9144219699421338,0.2974749665273693,0.1771428957319895,0.2252515896532196,0.1231136900603919,3,1,0,6
0.9541616083241894,0.3403686074145453,0.7073861146254018,0.5922837295760482,0.9853345360848992,0.6001135803183516,0.5162220320245283,0.6762807221091176,3,0,0,6
0.4087661032684108,0.4154007094902313,0.9306220433958016,0.5929648638511654,0.6497267423458044,0.6900195512785072,0.0986762225754816,0.1250553453404163,3,4,0,6
0.4163207523563678,0.423296840419663,0.940831903100175,0.5905564123956338,0.6368365270219626,0.6783261688178525,0.1096142801829512,0.1161706494891273,3,4,0,6
0.9535387227199812,0.3568771364127194,0.7060574247071951,0.5904683253864991,0.9800052108242776,0.5956420411296309,0.5156921657078042,0.6714223659040776,3,0,0,6
0.4147705493881188,0.4211893324851801,0.9428613360597392,0.5948186870853552,0.6360854196554104,0.6798966753525658,0.1091870503564395,0.1185270789771398,3,4,0,6
0.7326534189199571,0.5976711980467522,0.7771807220882034,0.952437667718227,0.7752500894922495,0.7099062138136395,0.8077316921780084,0.432679044941623,3,3,0,6
0.9565648254123086,0.3452998725092907,0.7085684010434115,0.5850052731454993,0.9774107678510744,0.6030561910834897,0.5171028501380517,0.6611001025231467,3,0,0,6
0.7370183638244457,0.6013844312236504,0.7705823879700022,0.9584367185468172,0.7792006802124251,0.7072096963714001,0.8074868433674246,0.4313335946969139,3,3,0,6
0.4105165630036901,0.4279927743637478,0.9432869136865664,0.584618880672887,0.6333582522340845,0.6825284299466521,0.1043536527945487,0.1173167043279063,3,4,0,6
0.9660934930312232,0.3442010353790046,0.7076857799045372,0.5883904019359655,0.9788437644361988,0.6014772464731564,0.5185418374513675,0.6617666254883928,3,0,0,6
0.4159134240325719,0.4256004834190381,0.9442265215190984,0.5881563620733615,0.6383060574366677,0.676593917743864,0.1090694920485928,0.1121739422635787,3,4,0,6
0.4161933990763816,0.4226870968021964,0.941501720869564,0.5913663541543834,0.6380479175150628,0.6803095200109296,0.1096678098958519,0.1157541414573849,3,4,0,6
0.9571404336406932,0.3526063696296758,0.7079558233754139,0.5868168968113882,0.9869792120834748,0.6010856234687739,0.5195798673113531,0.6657904665172929,3,0,0,6
0.315368233501754,0.8105863559862504,0.6482424045569699,0.9172053393962474,0.2988197070287902,0.1745807566184266,0.2218190305146956,0.1251807197524503,3,1,0,6
0.7395171765043971,0.5800693957340438,0.7853786441406642,0.9724899752372816,0.7710996092051884,0.7013243689783762,0.8109119107069929,0.4192172388663285,3,3,0,6
0.9613010983464816,0.3495540868975567,0.7028313755538345,0.5869359605940243,0.9783544376201784,0.6022863694659593,0.5115467883273619,0.6670084604792423,3,0,0,6
0.0190890170931904,0.8524095234257811,0.2521734452689509,0.9031974263000572,0.2082111502079491,0.5130417665542215,0.0531211381559458,0.6227147571537187,3,2,0,6
0.4268551953526737,0.4282605982142138,0.9417566077487745,0.5847841042897175,0.6260436132225147,0.6815631887631068,0.1184953605397989,0.119200166727269,3,4,0,6
0.9610782594375296,0.346536620857393,0.7018202633970096,0.5834875103479958,0.98062552191312,0.6007530590628813,0.5119419032310077,0.6665229163710176,3,0,0,6
0.7386837596224589,0.6157346513684794,0.761513627078572,0.9507366910794874,0.7643769172276278,0.7181860870589089,0.7863042229026487,0.4223116560910012,3,3,0,6
0.7215093542266622,0.6052442058468226,0.78698142322605,0.9600975162514194,0.7703216583112915,0.7031642315489371,0.8095256205236933,0.4380611884836793,3,3,0,6
0.9653018254497082,0.3414480822132688,0.6997389373737993,0.5867962483046126,0.9857581623140652,0.5952263110783071,0.5157250908898112,0.6628594278412396,3,0,0,6
0.4119594186584453,0.4226769649033996,0.9445919472650044,0.5881691227010841,0.6399142809957992,0.6799610350713033,0.109636979098211,0.1147292117140032,3,4,0,6
0.7303172511414442,0.5977874533850989,0.7828788545250702,0.9577434228542796,0.7745424615799036,0.7086560742091711,0.81066318803678,0.4243316160687941,3,3,0,6
0.4165858141048317,0.4245508751246531,0.9407773149255888,0.5897632730544378,0.6358568391105699,0.6795861451191335,0.1110809474554344,0.1161390478298806,3,4,0,6
0.9592314130045964,0.3528619727381504,0.6963473275142229,0.588686900594885,0.9866947503619784,0.6025419158199882,0.5058170042050368,0.6673925630905438,3,0,0,6
0.4122000453294933,0.4193132555401027,0.9388895976765635,0.5934791905421459,0.6325653171270642,0.6806307867635369,0.115416657238399,0.1135541477351277,3,4,0,6
0.311141093277701,0.8126774081351983,0.648376156731468,0.9189790472697716,0.2959101489012072,0.1717438930570662,0.2254132463606804,0.1169576448545653,3,1,0,6
0.7308683390736788,0.6061706955458771,0.7793716907801121,0.955786335350666,0.7625538714610829,0.7138813034548483,0.8033515224150418,0.4269393182336051,3,3,0,6
0.9631520563409558,0.3370772986097554,0.7118335595660906,0.5753567418155906,0.991839292155996,0.5932268735798247,0.5213826121889099,0.6601016151766922,3,0,0,6
0.4171589765123806,0.4274096535449205,0.9424644146567056,0.5947214280798145,0.6313921714038088,0.6802410929216738,0.1122215815142537,0.1202911452516409,3,4,0,6
0.7251228600842888,0.5979735808254459,0.7912505947430917,0.9471857342661562,0.7769040047839546,0.7193813029590953,0.8207166911360437,0.4192787632395164,3,3,0,6
0.4143752287128531,0.4210177057749473,0.9366804874888608,0.590282783705069,0.6380763159646531,0.6834319213927655,0.1135733242285927,0.1221260611736531,3,4,0,6
0.7319015412513479,0.5998814577899788,0.7759570712686574,0.9514599897416044,0.7746308291344627,0.7109781587191,0.8063846147350374,0.4296836597710665,3,3,0,6
0.972053253825607,0.3407065407766156,0.7023709292262197,0.5901586115701406,0.9711514439094796,0.5925729245582467,0.5141064894257101,0.6661614544206371,3,0,0,6
0.9611493071967546,0.3452193100026858,0.7044291912971016,0.5853620208220573,0.9792200113461194,0.6002939021131635,0.5143543024496338,0.6666738459399424,3,0,0,6
0.4143533188970191,0.424337960587949,0.9418251649674804,0.5905033412115311,0.6346316336106098,0.6817079203027708,0.1123222221598246,0.1168868032717495,3,4,0,6
0.9720122579624224,0.3581128418528542,0.7081901505384347,0.5901946651982276,0.9957738769249456,0.6057004646788352,0.5158942400626234,0.6541962093124378,3,0,0,6
0.4171978712785424,0.4244367545168299,0.9341972431607072,0.5953488298655754,0.6411517621781653,0.6755863612041508,0.1111656940149175,0.1235034415809073,3,4,0,6
0.9613796610645814,0.345807835783024,0.7018352265918423,0.5844040761536435,0.98067934760921,0.599629062067257,0.5137816149519847,0.6667569016535811,3,0,0,6
0.4125041631924719,0.4248110970893213,0.9379208278646748,0.5909652404869276,0.6366147590000107,0.6823143777385058,0.1152804669096507,0.119798722269067,3,4,0,6
0.9615532060670312,0.3453082523257783,0.7034066406758744,0.5838172863471223,0.9816095376947986,0.6001446816993335,0.5154427673301624,0.6678621513532128,3,0,0,6
0.969581226943089,0.3491492302763755,0.6983327827270559,0.5791877083788317,0.9820330515086704,0.6030899123892589,0.521107861733751,0.6698218047601556,3,0,0,6
0.9634317952007434,0.3455782080932744,0.7011410531958456,0.5868628563588089,0.9808664608077262,0.5974600912184952,0.5141627030304617,0.6644666646043006,3,0,0,6
0.7355543263046539,0.5944196296605803,0.7809351901958123,0.949440829771266,0.7714973625881986,0.7125344328581041,0.8086977459259312,0.4263029152899762,3,3,0,6
0.4305290154970421,0.416638781456975,0.9224488836292144,0.6025016039557707,0.6180944821472091,0.6701335610368532,0.0945672714956976,0.1105079963577107,3,4,0,6
0.729005130585594,0.6005056877771058,0.7745876915098658,0.9513691517122111,0.7773974209469888,0.7099735744494091,0.8089638741003601,0.4307345937922754,3,3,0,6
0.4131731511740927,0.4282713230157716,0.9438086140376232,0.5909203575552217,0.6384972682202616,0.6831787524995897,0.1134855036385424,0.1140298791778881,3,4,0,6
0.971089914960212,0.3396533296471389,0.7020287239167603,0.588309055529814,0.9879074347776018,0.6026953277601719,0.5050147822108413,0.6648230715331555,3,0,0,6
0.9640652299927588,0.3435862360150362,0.702245671650677,0.5854605251813271,0.9801795369031464,0.6006483141932131,0.5139415137731299,0.6637484133023476,3,0,0,6
0.4096820622078058,0.4194961978094154,0.9392198259087376,0.5842366027775429,0.6356833764453184,0.6706144107112757,0.1158264457683549,0.106297407482659,3,4,0,6
0.4025527359475704,0.4142355768522661,0.952691031236943,0.57977590945142,0.6364782581656584,0.691101273890136,0.1043997994584845,0.1258576376792479,3,4,0,6
0.4152112338292003,0.4256425906524752,0.9422270833442704,0.5894685247331495,0.6361032667278445,0.6816637015783835,0.1120648257628952,0.1167081856295829,3,4,0,6
0.7303677569904892,0.5996242457718179,0.7767841338490378,0.9528882170250798,0.7772074045058939,0.7111294502383536,0.8070667005233486,0.4293004428048014,3,3,0,6
0.3171075904636304,0.8119220698231485,0.6488684677176401,0.9152231842645516,0.2946510744570481,0.1743955454268068,0.2266016436546548,0.1214540690288132,3,1,0,6
0.3920245092493344,0.4527753474995181,0.9622411773472732,0.5716825579213467,0.6165695600401911,0.6826392108993256,0.1322772349757667,0.1076167393070269,3,4,0,6
0.963354330931504,0.3432480278369897,0.701300718490894,0.5850704080204875,0.982863911746394,0.5988760797417406,0.5140815022239087,0.6638012889180828,3,0,0,6
0.4135225309402161,0.4239287034058448,0.9396346631352483,0.5856570336074761,0.6321281851781435,0.6827055289955959,0.1109442938910441,0.114927416573981,3,4,0,6
0.9411804555069913,0.362897189787298,0.6883298251436051,0.5867266986647803,0.9703237812428324,0.6016271096586799,0.4978429597846109,0.6694803059973611,3,0,0,6
0.7241131443222976,0.5882784011693993,0.7955784986502672,0.952089738113304,0.770819397655007,0.7084494098657558,0.8289408954297335,0.4407634227376435,3,3,0,6
0.9590206133630916,0.3567268641850379,0.6971955334753467,0.5833912178981556,0.975127301394798,0.6008026140759757,0.5193603278847152,0.6686455095527837,3,0,0,6
0.7272331977804665,0.6015208646174293,0.7812133726079578,0.955369712229754,0.7862113473015028,0.7068175022052084,0.8066511279260675,0.4378642499791433,3,3,0,6
0.7304805080866948,0.5994165584039595,0.775875725233612,0.9514774036297792,0.7772588008526338,0.7111843587149159,0.8075555488907609,0.4291538459647984,3,3,0,6
0.7362752216982432,0.5953001812322258,0.782771189002468,0.9503809380977104,0.7759243306757616,0.7030599467424278,0.801249888901042,0.4251093318376652,3,3,0,6
0.4152434770783421,0.4312471785624273,0.9475621311876896,0.5933050815197223,0.6383197918390229,0.6802172618962175,0.1083031090676531,0.1154510414145846,3,4,0,6
0.9613300443253988,0.3459331419984243,0.7004814515547312,0.5814546258460318,0.9833942910893128,0.5977780530591641,0.5148364500877222,0.6675081230312004,3,0,0,6
0.3172583408389988,0.8129017535983751,0.6487748529759516,0.913183162924161,0.295691790440396,0.1744142403971147,0.2263659652629439,0.1242549336079169,3,1,0,6
0.4158660098419517,0.4259642840402919,0.9422469001173353,0.5897222004254118,0.6357711613262526,0.6834959887063077,0.1124956356196627,0.116413167073542,3,4,0,6
0.9637074584681624,0.346752514508521,0.7021852090002396,0.586246416007416,0.9797220934575512,0.5978073155938768,0.5147428637493456,0.6693952564545129,3,0,0,6
0.9619276990899928,0.3422645851568616,0.6982168381368847,0.5813318547403311,0.9808319033584026,0.5949325238557679,0.5176488527801922,0.6628783013021772,3,0,0,6
0.7403146232693661,0.5992062550137042,0.7708119687382888,0.947887259702824,0.7823597786315675,0.7141098717538881,0.8163058970080931,0.438871706166319,3,3,0,6
0.7175907776087443,0.5940087684808827,0.7562372970794679,0.94559210633918,0.7842363688897163,0.7241013528510859,0.8022715929741444,0.4124202081209037,3,3,0,6
0.7398899970767753,0.5830466145939003,0.7598615322351444,0.9626580035324074,0.7782163060049392,0.7069135629284331,0.8076275815285994,0.4434995388204166,3,3,0,6
0.960369364177602,0.3458288792991159,0.7024837199525668,0.585117166378184,0.9781705278500636,0.5983365821583868,0.5157909874508501,0.6651759755192963,3,0,0,6
0.9637605332387535,0.3434136462946763,0.7039538871336994,0.5800292378914699,0.9818536065786744,0.5954719262592559,0.5145230284806271,0.6650086637587137,3,0,0,6
0.962863505939183,0.3462738206456957,0.703404479239887,0.5858388456742405,0.9806307223266972,0.5997690781217253,0.5150787649833252,0.6633054549932984,3,0,0,6
0.4101944827350597,0.4327999126000054,0.9329570491242382,0.5801668113489327,0.6409111169676346,0.6910221201105144,0.0944022389207757,0.1275179281056472,3,4,0,6
0.4173021289327082,0.4265977706759656,0.944690885496542,0.5861394773685231,0.6379952364517304,0.6834535774416647,0.1114776923415784,0.1194412760076641,3,4,0,6
0.4093390441016437,0.4264902621774988,0.9463391213041494,0.5895394295037621,0.6345285023013907,0.6885699077240561,0.1186042540953866,0.1134204770178863,3,4,0,6
0.415380206464367,0.4388545496429126,0.9337821179107768,0.6028714510618184,0.6444775818118988,0.6846731965925432,0.1266898922686548,0.1097633563708303,3,4,0,6
0.9588112791082904,0.3418194584114586,0.7011567473521082,0.5810125361627895,0.9847786598411332,0.601073770522198,0.511421425824443,0.6658210130607534,3,0,0,6
0.957111050145848,0.346291253249206,0.6964958447486246,0.5810157580159584,0.9827538643209196,0.5973009663852574,0.516078296688301,0.6650546190090376,3,0,0,6
0.4112853652569391,0.4250002122400913,0.9400329588677756,0.5907285224934422,0.6329554230131523,0.6867487583905045,0.1110181787628578,0.1179782252421186,3,4,0,6
0.3162847810220465,0.8147293592865757,0.6470271059692307,0.911400242285896,0.2959715423992233,0.1734209903484405,0.224233213096524,0.1226521854723474,3,1,0,6
0.4148338264380552,0.4277590558567004,0.9435089796578464,0.587457413192082,0.6364024668520071,0.6838372859992533,0.1140999228460599,0.1166689590136815,3,4,0,6
0.42957906439611,0.4400525456209297,0.9511881991141026,0.6014143543866813,0.6506347371662737,0.6878160808748909,0.1034276084546378,0.0996233283043542,3,4,0,6
0.7271935977963956,0.5992911008145744,0.7735542582764878,0.951025707269886,0.7790539903503974,0.7141437367448596,0.8066484814786938,0.4281214689584112,3,3,0,6
0.3085114421317409,0.7964045184463756,0.6471373740744644,0.8941155544747234,0.3018589817849359,0.1808568644420159,0.2184634760345099,0.1161963067532298,3,1,0,6
0.4166035620905036,0.41442163169993,0.9523589894714852,0.590214426200717,0.6503981313206524,0.6804506972029322,0.1290704989625156,0.1274240511298587,3,4,0,6
0.4106562953326522,0.4360888627644363,0.9421958545348972,0.5926445181731184,0.6386239794918045,0.6808990891070593,0.1081357109305613,0.1175473229781377,3,4,0,6
0.4142261571650752,0.4279912461545405,0.944399820510309,0.5889502305775561,0.635787350295567,0.682981761332357,0.1127844698743982,0.1182430264214725,3,4,0,6
0.4153081985274078,0.4290989448045557,0.945513466600739,0.5860087635468942,0.6329038492097405,0.6861743865122418,0.1105442821219951,0.1164371446387636,3,4,0,6
0.7268838311052979,0.5966618559610208,0.7761012390665872,0.9514726351903636,0.7761357973751626,0.7126988206922187,0.8058327548968641,0.4270234166150397,3,3,0,6
0.9552728371737365,0.3424349663107861,0.7007501516777711,0.5857261675224983,0.9742447676368216,0.5956229672709404,0.5102167467031989,0.6673579580587379,3,0,0,6
0.960612992018774,0.3426395617372938,0.6995575709968868,0.5826642493889952,0.9789029765486824,0.5963361291883043,0.5147909787382704,0.6662004483715521,3,0,0,6
0.7379200762890366,0.6074854859602697,0.771789074815737,0.948843357663062,0.7879918516172525,0.7045151833180805,0.8117185264320433,0.4297701706678388,3,3,0,6
0.3171391974918098,0.8168585449749094,0.6499265915087679,0.9147417401056098,0.2968817681910498,0.174303961100721,0.2279968030589333,0.1251652589368402,3,1,0,6
0.9560582541307084,0.336261467747157,0.691157110784605,0.5873818885708927,0.9748600114921708,0.5960067062991933,0.5228774090545264,0.6624275403249034,3,0,0,6
0.409263339890109,0.4186775093040685,0.9480978884413312,0.5944496804136099,0.6408405893750232,0.6796397474551453,0.1132116567952091,0.1232896635474606,3,4,0,6
0.7331618813433521,0.6044552337019827,0.7780452951195872,0.953095253710478,0.7813454261099082,0.7151680706793075,0.8140742143793898,0.4271682718693401,3,3,0,6
0.4111754151855874,0.4323549100976852,0.9434872866437406,0.5944425100786208,0.6296294865850443,0.6877395517029862,0.1175081762311328,0.1112533299949376,3,4,0,6
0.7367012054945297,0.609065042643628,0.7691926692121905,0.9425295115491384,0.7757858458700481,0.708933262305894,0.8063281210599128,0.4217869131191106,3,3,0,6
0.0204691661374151,0.858085342403088,0.2619699215081008,0.9038496174262411,0.2332399584875782,0.5423147057314757,0.0790957046636767,0.5971378285231231,3,2,0,6
0.7268376782477888,0.6000123061830699,0.7746550420259495,0.9512229982289896,0.7775934300484499,0.7114774300715919,0.8089376506117395,0.4279348257699824,3,3,0,6
0.4035351099115212,0.4154396612692762,0.950428029346922,0.5998347029878137,0.624394010232192,0.6799369178552421,0.1117256148366776,0.1141597857412662,3,4,0,6
0.7396548409891461,0.5876248644908696,0.7684010740953655,0.9671004376683708,0.7571345972939051,0.7388361548371937,0.7908558784137317,0.427689175061327,3,3,0,6
0.7252578718554638,0.5897149952904819,0.7966936070808806,0.9516539558894036,0.7802806505453498,0.7061853629097602,0.7831117468744703,0.4352287577189045,3,3,0,6
0.7279341271030688,0.5983608459120631,0.7746606360747276,0.952621088181538,0.7777558158390583,0.7108993051485866,0.8066418206428235,0.426946844347587,3,3,0,6
0.417774699413337,0.4285658514763886,0.9479772655083616,0.5907984193713647,0.6323593668913993,0.6840620353563646,0.1136381581974636,0.1175191796397532,3,4,0,6
0.3119323887964102,0.8074252389941275,0.6482263454768405,0.9075791818815095,0.2907520334945098,0.1738611580025807,0.2284023876106614,0.1263706750574993,3,1,0,6
0.4177545723153407,0.4253046734231132,0.9493570394426069,0.5880809300748939,0.639540834923175,0.6830246411379176,0.1103405552880496,0.119648025020007,3,4,0,6
0.4014236261786029,0.4135966273516094,0.9244626237138012,0.5899455657655861,0.6232396013035744,0.6873126623685479,0.1193541155840044,0.1290564894055068,3,4,0,6
0.4061246958351066,0.4187638941290796,0.95148305870155,0.5903423631444553,0.6373374189802679,0.6898517003986806,0.1150974744568449,0.1202146992004807,3,4,0,6
0.4129326557483438,0.4281449434600704,0.942970961734698,0.5888418308837265,0.6312735982671939,0.6817793587348937,0.1115486453828397,0.1197968445300455,3,4,0,6
0.4265098143198376,0.4216901571105698,0.9403023802593076,0.5761785406736281,0.6413774077329734,0.6927772152891558,0.1218129001745966,0.1231168376049415,3,4,0,6
0.740922045754639,0.6049969261545585,0.7893863637615225,0.9669844119084204,0.7607542158317788,0.7175181780508482,0.8170604378244685,0.4403090005040899,3,3,0,6
0.9594399015732088,0.3466127391215907,0.7029055022786611,0.5768489443282674,0.9840224892369116,0.5917184315189398,0.5171949135191649,0.6686705325591925,3,0,0,6
0.9658128045573764,0.3343372379450623,0.6938534053627683,0.5876998223916599,0.9690401973938982,0.5943271337242008,0.5176164827714654,0.671263180315098,3,0,0,6
0.4148235174544182,0.4331856203295048,0.9447365226294812,0.5875902884299293,0.6337521341864135,0.687332806914225,0.1152081778806724,0.1156223361987012,3,4,0,6
0.959460962496525,0.3412529398031701,0.6973267965938903,0.5827239024578945,0.9796976027716036,0.5939819601046478,0.5137496577912192,0.6677000621388995,3,0,0,6
0.9591652190775068,0.3436727722866302,0.6972262817774264,0.5846108312451407,0.9739451677786212,0.5955453966864701,0.5121903626359585,0.6624315915220482,3,0,0,6
0.4187376632869714,0.4285224665921999,0.940751519197663,0.5932123683867072,0.6339407116484095,0.6825013235071075,0.1193480733690475,0.1100708042916202,3,4,0,6
0.4368974156879895,0.414653141549679,0.9375709170882744,0.5768984947221663,0.654653307714384,0.6946703987361628,0.1243391915920476,0.1443504880282105,3,4,0,6
0.9612209244517312,0.345033275762151,0.6946128281215195,0.581519905490989,0.9792773044570836,0.5978527443668469,0.5143822320030503,0.6693331049961547,3,0,0,6
0.4182508251608178,0.4337237052420845,0.9525270741968992,0.5966292906533369,0.6334514381177292,0.6861959570311026,0.1125684241292915,0.1181174278498961,3,4,0,6
0.7214641340989523,0.6004218206541546,0.7766136420066481,0.948602251817358,0.7877631517898818,0.7062443913610111,0.801876249984993,0.4217750685680463,3,3,0,6
0.963769887459211,0.3441526719397004,0.6949797833477298,0.5844395686644341,0.979614508215725,0.5944687561587833,0.5144072966233545,0.6719377011238973,3,0,0,6
0.4138959589249749,0.4290362310304525,0.9455439219988384,0.5869772726584901,0.6351792712561066,0.6857446477629312,0.1146404130603702,0.1184832753356486,3,4,0,6
0.7279547857851895,0.5984583751759144,0.7724025095294363,0.9499209381158228,0.7811553105672369,0.7103880267427369,0.8082209235271197,0.4267881865510392,3,3,0,6
0.958895201429505,0.3410458777879765,0.696656381142273,0.5796855332397721,0.9785257615987544,0.5956441762557523,0.517067368909388,0.6650878156377759,3,0,0,6
0.4114852653309765,0.4266346282978546,0.9443801400718674,0.5891184573660967,0.634255921222929,0.6862631487981955,0.1170988997471931,0.1172582332500148,3,4,0,6
0.407691654303408,0.4334802568193056,0.9439039979042856,0.5840800075033744,0.6317556053662386,0.6860198854455316,0.1178365168894361,0.112134449300864,3,4,0,6
0.4177712244114014,0.4235898233224107,0.9530558835373728,0.5888835854904217,0.6318294194416669,0.6853785565856894,0.1094595167182259,0.1224953507324896,3,4,0,6
0.9639833635317742,0.343933730407323,0.7042184057618547,0.5844407178331117,0.972707484768834,0.5892031203158696,0.5153533788082432,0.6647198822578969,3,0,0,6
0.4081219681844323,0.423667344683916,0.9471106600226408,0.5885454281016683,0.6342653940797487,0.6820272392865298,0.119725814624552,0.1132282923904492,3,4,0,6
0.4038937669803722,0.4357613897735266,0.935545987047003,0.5851762349435806,0.6315988325205292,0.683293713941668,0.1076684902566214,0.110270980311291,3,4,0,6
0.9556604405807312,0.338425758601574,0.6969384679337651,0.5884703888853885,0.9761908285343176,0.6011494547777457,0.5090856008159783,0.6600689240146667,3,0,0,6
0.958906416060246,0.3406044151639048,0.696707856952376,0.5795624591326957,0.9769689370220496,0.5965992011939543,0.5151925258700656,0.6649221236245932,3,0,0,6
0.4123339947106597,0.4259401797697894,0.9427487601286784,0.5884109677212862,0.6385698070261969,0.6888672542555991,0.1212451295194119,0.1222171609086171,3,4,0,6
0.330026918174999,0.8127749026646075,0.6558024393046902,0.9188118482419756,0.3058400544132384,0.1576732084977971,0.2222122387717909,0.1299532047782314,3,1,0,6
0.9686747553060344,0.3468829324296854,0.7015844639427087,0.5705073361435413,0.9690570281941112,0.5883088898686116,0.5158827807311129,0.6666077203640736,3,0,0,6
0.725605872630773,0.6000355167076927,0.7748948873233222,0.9502556279462904,0.7801966359035104,0.7144694582059125,0.8090104689270983,0.425520922552431,3,3,0,6
0.7250887125396936,0.6065244012353356,0.7631208934053247,0.9539053757573336,0.7793970910760903,0.7218195485536791,0.798950403355677,0.4321183514341027,3,3,0,6
0.9568096917855944,0.3420105465106724,0.6975378908089378,0.5819630145508966,0.9761331712514316,0.5932852675346161,0.5156398342628431,0.6649251860330906,3,0,0,6
0.4009448976487562,0.4262675964601733,0.9396901031965478,0.6021684903877237,0.6414869368510482,0.7033209076516225,0.1093047308420121,0.1055486783968128,3,4,0,6
0.9573695162192128,0.3352873149332607,0.7120360633848172,0.5958300100982996,0.9639302995606832,0.6059300507507628,0.5124560375940974,0.6630335759898871,3,0,0,6
0.9581290123256992,0.3418213817972176,0.6950546647052187,0.5821314667203221,0.9787959210193944,0.5952664488756135,0.5187075862646117,0.6674796796774353,3,0,0,6
0.9558363077994442,0.3367378590926418,0.6877494695650267,0.5718783361283601,0.9771120876520428,0.5893148281437436,0.5163499471537815,0.6757208526818652,3,0,0,6
0.9583387588550928,0.3405950839159229,0.6984404164309133,0.5812476276976859,0.9775140964379924,0.5929857234871226,0.5188281087026089,0.6654925999973964,3,0,0,6
0.3200264579714159,0.81879672040637,0.6482625655667715,0.9115434804553684,0.294112825297609,0.1705051329859242,0.2285897027292635,0.1257740042660159,3,1,0,6
0.4128922441546994,0.4306465132946518,0.9452706330523454,0.5852304478255252,0.6344022671483529,0.6855281503570186,0.1146026535591919,0.117337479069103,3,4,0,6
0.9559315651700346,0.3462902384951006,0.6940734180839621,0.5866201998124284,0.97951815933955,0.6005587519702326,0.5251776402256892,0.6641906738541578,3,0,0,6
0.979701161924368,0.3249119663475807,0.7202405005961775,0.575504159569583,0.9775083015889422,0.6119357367552222,0.510807602743044,0.6903539774008716,3,0,0,6
0.4260919246387779,0.4208638771855849,0.9527704986897636,0.5944578391700017,0.6382523913219391,0.6854899176968793,0.1118298229641973,0.1074569579149811,3,4,0,6
0.7114286351160797,0.5810488482664495,0.7715630930540136,0.9559988773960418,0.7685810792392568,0.7044676863907534,0.8250251710034247,0.408957864802701,3,3,0,6
0.7285768391072337,0.5960997928669451,0.7764357323389584,0.9472554321018228,0.7786269881429568,0.7126248300661798,0.8064769484827258,0.4232659608320753,3,3,0,6
0.0243557806812194,0.8731320426554716,0.2537390539057943,0.9087121600500192,0.2467782171145741,0.5278905015704879,0.0817134373438271,0.5995872430601267,3,2,0,6
0.4189589939040007,0.4402223507472595,0.9530570066211146,0.5842876584976519,0.6240139555928684,0.694358272045172,0.1209027701696388,0.1271607595659423,3,4,1,6
0.7276396265649896,0.6059518489637822,0.7726996043138058,0.9498813101622774,0.7868942155148339,0.7194219242312893,0.8081284282637318,0.4285374368288062,3,3,1,6
0.4135996346923538,0.430011170625793,0.9431900525095852,0.5797943216361442,0.6409343300497928,0.6869961630889124,0.1208209496357819,0.1143916298601011,3,4,1,6
0.4070005295417065,0.4146390615890015,0.9439322071002788,0.5713341668818106,0.6351281975065297,0.676551834881685,0.117224178063233,0.1255148786682911,3,4,1,6
0.9613518529064564,0.3415476700878955,0.6907989009730441,0.5788795353096092,0.9828380310564526,0.5974636084319956,0.5157199812325982,0.6617905906047077,3,0,1,6
0.9683844904377956,0.3444192063327751,0.7039580734719978,0.5791239335724423,0.9867530430735428,0.5920486537610599,0.5164755698821187,0.6674522455637634,3,0,1,6
0.4123993517417659,0.4338685396451163,0.9489576920316718,0.5854150278101355,0.6376206421334092,0.6865163617112614,0.119692580870501,0.1163848439537307,3,4,1,6
0.3975320823924494,0.4350695376201949,0.9345207383160808,0.5755658806332915,0.6306350307144926,0.6884246068361537,0.1045640519829259,0.1245369860035428,3,4,1,6
0.4015620336595417,0.4161728071214819,0.9348283106905148,0.6092994538782561,0.6180828573811935,0.713602475834433,0.1207798676449341,0.1475130731600955,3,4,1,6
0.9614607700972696,0.341213631879569,0.694590282305716,0.5775028205600773,0.9784614355575718,0.5936689101729905,0.5146828357928959,0.6670615636308436,3,0,1,6
0.9591644816882776,0.3390392781689486,0.6964054290099428,0.5797881911655562,0.9775872980386364,0.5930963606976584,0.5172346208452314,0.6667050755330735,3,0,1,6
0.963145833312102,0.3311526928657849,0.691927765971046,0.5879449289436767,0.9857501971299436,0.6021532317238109,0.5121010227530669,0.6744525172117876,3,0,1,6
0.9649914374726098,0.3426423200895498,0.7042499738745319,0.5759240493962731,0.9791474252849968,0.5837416724486737,0.5268326420547311,0.6609136977924706,3,0,1,6
0.3243468533411486,0.8232500099642966,0.6485084238959573,0.9161672581970056,0.2935220782057809,0.1679337131145404,0.2270297152525864,0.128419403055245,3,1,1,6
0.711846900081282,0.5792794787460774,0.782802940126565,0.9619940617852946,0.7678880619207501,0.705865861285088,0.8093848424537795,0.4193258444376008,3,3,1,6
0.9645820622115432,0.3451432592943441,0.69530813405824,0.5873417786396837,0.9756369085150568,0.5972573805581002,0.5152858034205473,0.6719533586921824,3,0,1,6
0.9600025972607104,0.3376056538895656,0.6975886495464383,0.5771223234391826,0.9830181672986744,0.5991759997229652,0.5194097299278018,0.6771069486516221,3,0,1,6
0.4109117742433627,0.4359875756078588,0.9477155521505916,0.5847748250080393,0.6389171923880386,0.6848499060877162,0.1139778588811759,0.1247989932135523,3,4,1,6
0.4007933520262418,0.4393442151200702,0.9373585770660446,0.5829724116660983,0.6474658568007146,0.6746064929658842,0.1067828366172541,0.1295171982974008,3,4,1,6
0.958936459852512,0.3445910066254243,0.7033751360653283,0.5799968818671727,0.9712145475747348,0.591169078169386,0.508759464097428,0.6686546628566952,3,0,1,6
0.0174051103862402,0.8736525174196197,0.2313223721064162,0.9192879809477844,0.2187006290879717,0.521072258424732,0.090529008350263,0.5688193870554211,3,2,1,6
0.4118855945588119,0.433735360112066,0.941778772915303,0.5847212658268669,0.6327181164837944,0.6936727993450149,0.1142429355759672,0.1252872946466142,3,4,1,6
0.4158855622144413,0.4358294617776027,0.9472784233687248,0.5831751753576384,0.6369291021924827,0.6856796252725139,0.1125495084098134,0.1185239432043183,3,4,1,6
0.957606267219488,0.3361271737334439,0.7003094417137473,0.5779818145163428,0.9794580517959004,0.5886414747812201,0.5225470930447552,0.6660201235555753,3,0,1,6
0.0155012861667736,0.8716847251176914,0.2507562282838079,0.892364528396405,0.2336613150107608,0.5358163899511789,0.072534272653882,0.5975236125444067,3,2,1,6
0.749337712069475,0.6117107699441543,0.7744688943148094,0.9706108595816474,0.7886305184486669,0.704195878924982,0.8286905329253825,0.4339725175457464,3,3,1,6
0.4160577312407952,0.4326407090043004,0.947499837289624,0.5867121713295131,0.6324919672111267,0.6928148616873553,0.1210948885775776,0.1182884683317965,3,4,1,6
0.9754325798821052,0.3312308709411418,0.7034558657508858,0.5972371072522407,0.9577605636408836,0.6059395635498778,0.5033764187091271,0.6556166582949695,3,0,1,6
0.9533279040519108,0.3414868656723394,0.6987844413362355,0.58542637303965,0.97913604453087,0.597890399480342,0.5167479967672695,0.6646096412531626,3,0,1,6
0.4174341020672333,0.4307347545559554,0.9450949751910692,0.5796266416733191,0.6307456279924766,0.6989665235265017,0.1251340062026087,0.1272446991826432,3,4,1,6
0.7192387620251567,0.6011040826669529,0.7772122780823079,0.9462315805824606,0.7787971616016034,0.7186144862734525,0.8135850011318962,0.4272815137881292,3,3,1,6
0.9560888447842144,0.3374500332842214,0.6985259710083153,0.5793623902238229,0.9778140366108242,0.5939901088674688,0.5186153075826516,0.6669218995523652,3,0,1,6
0.0206976734694417,0.8781663016631609,0.2536956404544437,0.888348162005879,0.2365038429995457,0.5420004993359936,0.0759461939627619,0.5897733621349283,3,2,1,6
0.4041662260959012,0.4357869188432919,0.9358665974203672,0.5953309195871087,0.634079228403403,0.6842205947191499,0.1152677399663657,0.1308797126845173,3,4,1,6
0.9572517599761252,0.3548984014207278,0.6962762327281478,0.5827107983261004,0.9646845006451502,0.5957426436657163,0.5110692957575957,0.6785734679263064,3,0,1,6
0.7234953021946378,0.6097943915101558,0.7871720924442586,0.9445482998648936,0.7679851751775579,0.7347495207093184,0.8192391839802059,0.4330840277314997,3,3,1,6
0.9581945668424002,0.3363121235868045,0.6945160502348998,0.5816385612820213,0.9784293552853884,0.5897592169925736,0.5202640375544108,0.6672248777365424,3,0,1,6
0.9573693542837162,0.3437916436475284,0.6925231630175227,0.5796443759648994,0.9789725686998136,0.588575973222148,0.5180727431654703,0.665350966526179,3,0,1,6
0.4221768487043229,0.439683893451995,0.9468074292038372,0.5881367016828289,0.633367172782342,0.6810451663628354,0.1200205801009401,0.1096096817851215,3,4,1,6
0.4041301992844955,0.439343670658015,0.9631186095641526,0.5698986809037453,0.6247791869974162,0.6723674773570745,0.1024426639951908,0.1249059926327769,3,4,1,6
0.0150854871232852,0.8712661220209887,0.2516306444415732,0.8953905830302599,0.2318094805069725,0.5385153659790783,0.0724693949266382,0.5957592387835876,3,2,1,6
0.9640293765723852,0.3400965279853574,0.694797683479126,0.5757465680997078,0.9826051080234284,0.5926967369380669,0.5137946364114266,0.6637732833838785,3,0,1,6
0.7114567963877119,0.6053394407543158,0.7749396149241139,0.9574457933119828,0.7781083807025176,0.7202123363200544,0.7980956113241304,0.4363022630094943,3,3,1,6
0.7196629984982693,0.5937376834642724,0.7719024210595758,0.9528324346134516,0.780889337043967,0.7229510761719227,0.8084933920154684,0.4253983884976903,3,3,1,6
0.9659401269302932,0.3370701400352615,0.6918140545828846,0.5830832990141391,0.9759976215143618,0.5981882069884231,0.5254095933951368,0.6753640202503637,3,0,1,6
0.960671623619328,0.3352177439952618,0.6953459275649236,0.5797221477096921,0.9777689844084176,0.5907989392539194,0.5177502153409627,0.667088770786929,3,0,1,6
0.729334176290239,0.6086187900880251,0.7599109695976048,0.95016729785523,0.7774015890315018,0.7224596427757838,0.8218626193453682,0.4274670960408135,3,3,1,6
0.4103106904386547,0.43421245255455,0.9523359398207332,0.5837547363838365,0.6322188641070093,0.6886923897858729,0.1212211174793617,0.1196719270343269,3,4,1,6
0.9636268151689824,0.3381167250645128,0.6911302327754851,0.5837213140612587,0.9794863663480902,0.5922700314699464,0.516666736192522,0.6703934099210832,3,0,1,6
0.4124706053142588,0.4374290862512438,0.9433997890762564,0.5818585403300379,0.629318952695421,0.6918484341564528,0.124085612409785,0.1229791456243177,3,4,1,6
0.7202634791604078,0.6083202404601201,0.7587314183544945,0.929503282061798,0.7607916223814309,0.6961735997615871,0.8128370105055143,0.4320091834110984,3,3,1,6
0.9508779768754172,0.3494340160873805,0.6798678152440254,0.5835479866871335,0.9745132079526512,0.5954839299422368,0.5081114321454782,0.6738562015427682,3,0,1,6
0.9524530468783138,0.3353129744024371,0.7002061589838482,0.5808890315857971,0.9716235249229208,0.5980695309865615,0.5201904178228862,0.6617453304474947,3,0,1,6
0.9548058026055504,0.3383480294344419,0.695318153043213,0.5745133647809108,0.979618950678122,0.5886699777915717,0.516647330347944,0.666315843458791,3,0,1,6
0.4209778491828703,0.4381760971429668,0.9334660021729156,0.5988633208474317,0.6240417868871249,0.668366606316953,0.1008801198304981,0.1152498851166413,3,4,1,6
0.4237778895671977,0.450959157917812,0.9523498586266756,0.5804128456869052,0.6267550884359226,0.6695618497115507,0.1359767816251308,0.1286625903299991,3,4,1,6
0.4060871128841072,0.4338820809047567,0.9554757779117496,0.5814465872541577,0.6325005983405012,0.6897730253370405,0.1102522314362796,0.1182567797796932,3,4,1,6
0.4034768839070655,0.4370075459243614,0.949600094885768,0.5757692620191952,0.6351044590516395,0.6862037872840484,0.1129278199882065,0.1088251143245656,3,4,1,6
0.3229871943481374,0.8194604894328794,0.6498005162931335,0.9137960223278064,0.2934143560192322,0.1687826910507921,0.2306948756518723,0.1225579762933828,3,1,1,6
0.3965736455267159,0.448063505797285,0.9387623397004315,0.5768238494346358,0.6135616201773744,0.6751041894790315,0.1264403865217688,0.1001955666855068,3,4,1,6
0.9586154919321976,0.3364714202349427,0.6927015510159532,0.577004710861068,0.9776335279291556,0.590989179472129,0.5183866830826365,0.6659371469551021,3,0,1,6
0.431738692162099,0.4235426271933014,0.9439093486316604,0.5878448320023758,0.643779349481486,0.7105268223594722,0.121914886767585,0.1239722524711174,3,4,1,6
0.728927741163969,0.6033214008403254,0.7780644686984246,0.940887832433834,0.7753346424965605,0.7123144541559069,0.8193284936494057,0.4303006245435644,3,3,1,6
0.9609138665946207,0.340050917077328,0.6979561816643033,0.5796610999461347,0.9798259249740712,0.5886493386110716,0.5229904000313166,0.6661238874878526,3,0,1,6
0.4061862266267332,0.4327881830061216,0.9518140888952772,0.5915139240602219,0.6291524502211733,0.6961707904689365,0.1159296944830873,0.1214291459426252,3,4,1,6
0.4109556624419144,0.4272079215053008,0.9505039551168952,0.5925593774709526,0.6249989452095591,0.6988173867988712,0.1264573634288773,0.1241570741089357,3,4,1,6
0.9492425817890108,0.3373855642037068,0.6880390301178105,0.5923097615331302,0.9711986874517048,0.5870629896500289,0.5078036420526476,0.6608334505529134,3,0,1,6
0.7057363137952081,0.5951248928781343,0.7716056432846061,0.9474868303373044,0.7801202814662128,0.7139300564409484,0.7979302056112141,0.4105709870173905,3,3,1,6
0.4081949685110435,0.4324768296892439,0.9473460779707492,0.5814467879889489,0.6349061527999972,0.6894379926902529,0.1177885018618538,0.1216221011402088,3,4,1,6
0.4109039228151558,0.4334892175214331,0.9517750289680484,0.5854857709334711,0.6336102409830687,0.6918779779303151,0.1200830632459085,0.1198870022612603,3,4,1,6
0.4402696190586954,0.4224846628842807,0.9210883531120596,0.5918917152275237,0.6207474316209369,0.6816930974733956,0.095983039418248,0.0942327917535652,3,4,1,6
0.7154959275876629,0.5914533879827292,0.7634703365993261,0.9412136227038064,0.7855868192785034,0.7141224966642342,0.8156034225427068,0.4165735447803725,3,3,1,6
0.7320818376028296,0.6025440092599188,0.7747672369790796,0.950182772090487,0.7971586958378297,0.7124076353935748,0.8054755121717199,0.4309886991359141,3,3,1,6
0.9573171239272662,0.3352723218169083,0.6922789468326026,0.5785408802099,0.9766293564489292,0.5905564642867616,0.5166884518368416,0.6694699880488072,3,0,1,6
0.9546974408403268,0.3319520412986311,0.6969978704536218,0.5823912655438999,0.9820937684994708,0.5883305966648784,0.524168060714211,0.6605628202307043,3,0,1,6
0.4102557078595398,0.4358088963367008,0.9494981257282976,0.5861693189241808,0.6344577577503643,0.6925719703211127,0.1169551040348962,0.1211446783212786,3,4,1,6
0.4199452743968811,0.4372394176538026,0.9474182323238022,0.5762205948005031,0.600519779251922,0.6916369969539989,0.0864339654866702,0.1076178541162496,3,4,1,6
0.9535754089477692,0.3362414456555422,0.6985545512573093,0.5759743420419512,0.9764030570775604,0.5830067311320838,0.5237228135605877,0.6634712966835772,3,0,1,6
0.4232619520794199,0.4380875807154546,0.94948021263828,0.5932708285516191,0.6288852321391486,0.6882577818464595,0.1117670322729697,0.1125761474394402,3,4,1,6
0.4124026370348006,0.4333138757316714,0.9503731296090924,0.5846562796998082,0.6340144555198755,0.691340674769921,0.1187974164278152,0.1208227449466182,3,4,1,6
0.3969386512693109,0.4236432653037162,0.9501859290277044,0.5770472122509821,0.6270927816774656,0.6966468435890009,0.1230156888617714,0.1104162198130051,3,4,1,6
0.7301609960510148,0.6044936853840696,0.7737715094269403,0.9412995178225592,0.7913966883007355,0.7254521901239648,0.7990425241443992,0.4167174420891854,3,3,1,6
0.7211645528350206,0.5997195688856822,0.7714245572413942,0.9485986161180556,0.7854704922839203,0.7176312606036377,0.8087425068772934,0.4196877508657212,3,3,1,6
0.7221678948446548,0.5954219060585634,0.7765213352421065,0.9433535509397024,0.7920736985574517,0.7168043425164465,0.8013104315435929,0.4141429513565923,3,3,1,6
0.9575369881691536,0.33519831284898,0.6934316746100432,0.5774241061960055,0.9755217397779248,0.5896404522812981,0.5191359769834971,0.6668937087845253,3,0,1,6
0.9585658621064328,0.3380924672519215,0.6939154614994663,0.5758142031916668,0.974250358706278,0.59213938743182,0.5212225550840958,0.6702089652838972,3,0,1,6
0.942871037218723,0.3434489826478729,0.6833590187346652,0.5857654395392844,0.966275025912972,0.5830115016234919,0.5350589029935499,0.6795380069688212,3,0,1,6
0.9549989409783824,0.3335823556970586,0.6962296764692526,0.5804477267575022,0.977036128565288,0.5864132436604267,0.5237716168250799,0.667621268236992,3,0,1,6
0.4186954493951345,0.4330698742727155,0.9487764188295515,0.5805140018932516,0.6348234189155557,0.6934268319668813,0.123111313127586,0.1281145011723257,3,4,1,6
0.7246733086099681,0.5968760475550869,0.7748292286949252,0.9510235956827,0.7891569334164239,0.7165536302838585,0.8095092652703018,0.423779860647493,3,3,1,6
0.957916538073071,0.3315007565421937,0.6939215370013854,0.5794610800128719,0.9729564132775428,0.5898842469641052,0.5206064186402791,0.66936575946967,3,0,1,6
0.4036533797241611,0.4402476938413686,0.9528870672454164,0.5854442749309813,0.6284824615091239,0.6925591411270026,0.1221304006780599,0.1148664511299368,3,4,1,6
0.4129358611122971,0.4340756505150108,0.9509016912777856,0.5846409880390496,0.6337095366780391,0.6892344680934738,0.1199750319462901,0.1263383182839786,3,4,1,6
0.9555049609173142,0.3340799119469822,0.6901992608997969,0.5778608097844948,0.9757973010413448,0.5887442050863229,0.5224034996996844,0.665681846016686,3,0,1,6
0.9567070538212082,0.3260616082088381,0.694854047249396,0.577176198708883,0.970665343852751,0.5839592375400379,0.5272956501023083,0.6615751067238406,3,0,1,6
0.4143819277293763,0.4302938706295422,0.9560545264860032,0.5812553972675906,0.6377922495696573,0.6933687313608986,0.1232436824798687,0.1184591947672303,3,4,1,6
0.9596437434926732,0.326504256680608,0.6820102432858905,0.5828941869176447,0.9846714723372092,0.5797000330392521,0.5213447711377457,0.6608558899526854,3,0,1,6
0.4124169233243004,0.430588338765926,0.9504532062693902,0.5863857112047619,0.6298300857180021,0.6931885810071298,0.1188122771247,0.1171149645477197,3,4,1,6
0.9615594525442008,0.3209028882118089,0.7029606127118491,0.5766865991033915,0.9668741128279602,0.5931038996239121,0.5306799586890966,0.6727546497534193,3,0,1,6
0.4162834768644115,0.4254195185749511,0.9580211000116762,0.5854370773066757,0.6225397258900759,0.6885046252596535,0.1082915235905662,0.129918902438461,3,4,1,6
0.9572649782096376,0.3201350955501121,0.6982274914532174,0.5776579716147071,0.9758860343176438,0.5959890501033047,0.5321688616810383,0.679251930960194,3,0,1,6
0.4118499155230047,0.434157431480978,0.9548387104288908,0.5822162777331624,0.6367501285609634,0.6932716108544191,0.1208860850623723,0.1217899865732375,3,4,1,6
0.9555314308596766,0.3354321646011433,0.6938444540581823,0.5766612508709263,0.9744045323004424,0.5884245592155872,0.5202347874615946,0.666370685589082,3,0,1,6
0.4135178326039848,0.4357316570788818,0.9517210906558796,0.5809942029793287,0.6349446344116194,0.6915967026338173,0.1202005421143388,0.1233407544886517,3,4,1,6
0.9569569681983738,0.3381734048011149,0.6915298957010857,0.577748892654929,0.976973182184782,0.5867310190702086,0.5236276292595159,0.6658081984228319,3,0,1,6
0.3215149877253976,0.8299016868445751,0.6461227977821103,0.9085148882303812,0.2886695564979497,0.1643433835227911,0.2328758671879957,0.1289354259028851,3,1,1,6
0.9467015202294464,0.3413186539134847,0.6832725033944499,0.5739467630295106,0.9737240141013388,0.5954943005495666,0.5283560612988378,0.6666043196672904,3,0,1,6
0.417763890883464,0.4505138980236788,0.9568054674652036,0.5963511346918621,0.6237651193744894,0.6923254954420146,0.123720166977921,0.1191472425850208,3,4,1,6
0.4208503042830281,0.4306922357594193,0.9559940823250518,0.5778333892618924,0.6350446122799421,0.6927881796287707,0.1294525856547212,0.12484569607077,3,4,1,6
0.4111332932039068,0.4331647834777739,0.956353423198091,0.5824403709917837,0.6391653338585872,0.6971800382393326,0.1188709665900132,0.1263319272012371,3,4,1,6
0.4129767923782851,0.421736020304667,0.9397359801124748,0.5667953022807525,0.6515242361467027,0.6810421886421713,0.1079466506512419,0.1087193500319495,3,4,1,6
0.94887874529452,0.3479191504905503,0.6951486156920421,0.5947384776496688,0.9551655156476392,0.6005027448617242,0.5060301216303963,0.6678087197086533,3,0,1,6
0.4097981210218923,0.4348541724921055,0.9522963147239356,0.5825776240720854,0.6348903909708468,0.6933391563279988,0.1200578788911642,0.1219850653437166,3,4,1,6
0.7229535384626613,0.6077083709874712,0.7683224314614294,0.9495775057345924,0.7832146878161155,0.7225238989534146,0.8146709924461953,0.4139544920373207,3,3,1,6
0.4073086478232589,0.4299784180918762,0.9593094483547244,0.5884645933900532,0.6325625769817896,0.6982231143967171,0.1196229718581288,0.114560815180843,3,4,1,6
0.7125561085765963,0.6065409313377222,0.7688867321978253,0.9561631657083738,0.7803165617946511,0.7230524772019508,0.8231776747601154,0.4217601925621974,3,3,1,6
0.4065177918728944,0.4370881601066532,0.9453021981707505,0.5770561240578382,0.6282350932270445,0.6891200425671585,0.1260698661430946,0.119083000767013,3,4,1,6
0.4136209411822765,0.4368532809272325,0.9518039311985595,0.5929124284539242,0.6402088161576936,0.6996562250514919,0.1129301094339119,0.1307320029038808,3,4,1,6
0.3963629050830648,0.4564182016028482,0.9407034318798816,0.569466559573755,0.6306870000939888,0.7060446774494581,0.1393067493698278,0.1416331499367612,3,4,1,6
0.4073376570568144,0.4388170004786685,0.9502314368282868,0.5885747671558372,0.637374208831392,0.6903598472618622,0.1266178476973318,0.1160912047823273,3,4,1,6
0.732532910485334,0.6026755335143683,0.7754073232172974,0.9484676091716638,0.7950456420819725,0.7100401458879524,0.8254939041620715,0.433009090034126,3,3,1,6
0.9614874092333896,0.3331755518449221,0.6982457451216973,0.5691769946319153,0.9839602995369684,0.5944754767992712,0.5128164563214058,0.6637852793714604,3,0,1,6
0.9540947063917368,0.336174395312911,0.6921465015040587,0.5834840433756076,0.9697545928839896,0.5917049902480027,0.5135147394835644,0.6751330873038273,3,0,1,6
0.4107174703154488,0.433440966262956,0.9512595415270584,0.580778856556008,0.6341603302120603,0.6936733420086667,0.1200052452996764,0.1203687758394821,3,4,1,6
0.9598223323334512,0.3441462459676529,0.6915277460176555,0.5605089220843618,0.9645052510046124,0.5789651902964943,0.5304242556853626,0.6608067164849093,3,0,1,6
0.4160271155632715,0.4319524661348669,0.9562301790879526,0.5842447317201442,0.6286966298800974,0.691025912263648,0.1191774394920416,0.123117305749654,3,4,1,6
-0.0068112907992998,0.8481788498034147,0.279828713633024,0.8815957403872057,0.245414021806851,0.528754750185214,0.0854156968728969,0.6076501491850994,3,2,1,6
0.4271123566082558,0.4509442408760504,0.9584739246564864,0.5892008000365089,0.6463612894695635,0.7091676285632866,0.1255403682650508,0.1363845064823018,3,4,1,6
0.4134744042693169,0.4203428961830765,0.9664586384252238,0.6034938932101346,0.6467852248060793,0.690355584479563,0.1318843059782687,0.1152060655900074,3,4,1,6
0.7188801556079311,0.6024963408805296,0.7691958949428905,0.9458127999010508,0.7849897480081163,0.7197248484641886,0.8067329929536187,0.4185426818333201,3,3,1,6
0.725127790703305,0.6041456719290772,0.7714287791858275,0.9532237491605168,0.7952126126985619,0.7065206373624069,0.8002879716703002,0.4264939070580311,3,3,1,6
0.4128204665518142,0.4368954189765838,0.9511261756060004,0.5806131452578057,0.6304674209751855,0.6912342714591624,0.1202300268006619,0.1232720899873273,3,4,1,6
0.9580079506161624,0.3425943248330345,0.6849197889529272,0.5795953210678565,0.9794603503944096,0.5939321934830182,0.5221258535585523,0.6736547090630333,3,0,1,6
0.9597496549185982,0.3372853500037902,0.6885519837509486,0.5721669700625853,0.9780479367753182,0.5848722214501795,0.519694865478987,0.6717700650784458,3,0,1,6
0.9648513981416602,0.3226113413292598,0.693899167512857,0.5840159333000076,0.9846767612401884,0.585290969569909,0.5343773457138404,0.6587074343140716,3,0,1,6
0.7191229470673874,0.6007703047412297,0.7709928670896843,0.9484682279795676,0.7870021676205765,0.7196637031028758,0.8085275692290139,0.4169409120225621,3,3,1,6
0.4083955308331977,0.4386596162200134,0.9534040088809208,0.5832308987826317,0.6316493876862636,0.6944984296237653,0.1206812135716036,0.1205125808591111,3,4,1,6
0.4118973919880058,0.4473955323412153,0.9536540496379527,0.6000830212435575,0.6452069535042693,0.6910165619362056,0.1363042458555394,0.1311474973462576,3,4,1,6
0.7160440195596544,0.6009418988424486,0.7689161662965329,0.945794436660047,0.7862790027674191,0.7176551349035597,0.8120575926947334,0.4159989090779291,3,3,1,6
0.7199887059797434,0.6010376350934244,0.7698328789914117,0.9464574115748878,0.7873293238388911,0.7185435175649744,0.8097241134754278,0.4154196416715595,3,3,1,6
0.9563906640624744,0.3321648987169506,0.6909826792251024,0.575479207606028,0.9743199323475186,0.5866546087425564,0.5208877725240739,0.6673318316412505,3,0,1,6
0.4148481003959465,0.4327018438263226,0.9515089283583016,0.5768994355210113,0.631387495841027,0.6943825407746922,0.1237244478583064,0.116932217539879,3,4,1,6
0.3308920722409453,0.8319363508209507,0.6485365357090968,0.9167455512618642,0.2928628731320161,0.1683288347719302,0.2255275925085616,0.1262967824493442,3,1,1,6
0.411937767474119,0.4377217712613873,0.9547476604375362,0.5810674286389761,0.6336545417248682,0.6945065339188643,0.1209987122782773,0.1210204693651776,3,4,1,6
0.9477761215093924,0.3328214928938696,0.6877209283788032,0.557267352607155,0.9780397696965616,0.5803896609219725,0.5035296801023502,0.647911892723595,3,0,1,6
0.7281868005662943,0.6095232120901166,0.7618699081592705,0.9567294112744196,0.7963155847819762,0.716393078228718,0.8016400141294048,0.4201698417219542,3,3,1,6
0.4193372498562764,0.4446469761957361,0.9459285480323916,0.5820397388727769,0.6329622209228072,0.7040102280812286,0.126490374076479,0.1286131776875105,3,4,1,6
0.405688220038829,0.4346109304693629,0.9591824319540831,0.5807052154401292,0.636015984348934,0.6972922863976642,0.1210381110507298,0.1214961237171377,3,4,1,6
0.4106750768715145,0.4365062530846786,0.9531779181400688,0.5815757638304422,0.6337332658175675,0.6949914515586265,0.1216716813778025,0.1216157970012765,3,4,1,6
0.7214664753839962,0.5981014637276109,0.7602105599412762,0.9489336096680144,0.8024308895348116,0.6848188666275403,0.7977456673622183,0.4129995287180625,3,3,1,6
0.9601492597501236,0.3297547281221661,0.6927114389611391,0.5814350274762874,0.9765486992381333,0.5930979506817163,0.5160191444937018,0.6708927163723629,3,0,1,6
0.9584371829741656,0.3293290165465378,0.6931854411666618,0.5759017023007739,0.971101094575024,0.5893187632121535,0.5198828605879939,0.6632748096524946,3,0,1,6
0.422551542225369,0.4127818371145053,0.9470454240919592,0.5724927099391279,0.6517224658327828,0.7108398123692773,0.0982956173155687,0.1204426511666417,3,4,1,6
0.4051119291581753,0.4317286294252123,0.9490177256370664,0.5880869391873453,0.6331525032843043,0.6945626206561701,0.1228496334008582,0.1207265117486999,3,4,1,6
0.3971465516045503,0.4433867321037558,0.9505653322568566,0.5910828153760935,0.6291310788848554,0.702817592559214,0.1068990599823827,0.1342957889537252,3,4,1,6
0.9559762944946342,0.3293034470453524,0.6901873525261054,0.5733012570132735,0.9717468211061968,0.587662285617041,0.5191426530330797,0.6688133529255433,3,0,1,6
0.9582716250051592,0.3246417015800308,0.689527908210674,0.5665515420263714,0.982160927203122,0.5890398240419039,0.5320764114762623,0.6723254206027268,3,0,1,6
0.4092863506361489,0.4359443778857431,0.9541431985891778,0.5829295073327017,0.6328044163888613,0.6967761337038099,0.121992474850741,0.1212710126858911,3,4,1,6
0.9464973101822608,0.3304813237336357,0.6860981347248621,0.5829778664755834,0.9823487198091572,0.5959757937172708,0.5111759892098817,0.6733968275016473,3,0,1,6
0.9538999668213912,0.3291282999753709,0.689751809905266,0.574332289117776,0.9758593775894222,0.5883343326073808,0.5235612267018847,0.6656216711489086,3,0,1,6
0.4049362188272636,0.435022042181765,0.9593617720892544,0.5793845961717344,0.6341740887747079,0.6979261511971445,0.1275604109279264,0.1238881660979505,3,4,1,6
0.7196928708183329,0.5907880794922864,0.7626025167517869,0.948489383684871,0.7844498175618329,0.725092258215856,0.8086929386549702,0.4106619519093188,3,3,1,6
0.4099723723067439,0.4243801285219167,0.9501885876472892,0.5763260215236726,0.6194695912906328,0.7067081872015497,0.1128799371798249,0.1228185445100077,3,4,1,6
0.4102190786289294,0.4376973573628762,0.954662000180555,0.5819305676081262,0.6328253689304351,0.6956347939017278,0.1224417034689796,0.1221855861317735,3,4,1,6
0.9558682065336348,0.3361214707679242,0.6856114260957575,0.5783571147758694,0.979362512195832,0.5913396490185876,0.523947809274695,0.6630191745683551,3,0,1,6
0.7253505351195534,0.5942254300081106,0.7742755522623546,0.9399191831907964,0.7934897117562121,0.7179634231744894,0.8174750107491012,0.4223350165882396,3,3,1,6
0.958585590777746,0.3287546624413665,0.6925718364208212,0.575881864702958,0.9714486975819564,0.5864831301214348,0.5185049250709785,0.6660914248692432,3,0,1,6
0.7174863833253574,0.599802385561031,0.7699698257470062,0.9473572099847216,0.7890730154868048,0.7205730347058757,0.8090731737501422,0.4156613917616092,3,3,1,6
0.9604379825803334,0.3225173172026708,0.6994583287077841,0.5597752030253427,0.974337321893079,0.5893994558796407,0.5140487639387774,0.6664465992979478,3,0,1,6
0.4140581793076227,0.4401283875080181,0.9423520908609794,0.5926150781070961,0.6445254558660738,0.6938364992805722,0.1270086318698032,0.1201655829029648,3,4,1,6
0.9540685971398216,0.3291216417224565,0.688189924632295,0.576127650598319,0.9751118239067506,0.5867539033133091,0.5204595795061012,0.6682181316845811,3,0,1,6
0.7295702823049502,0.6051028391332495,0.7697843379797101,0.9565020808497422,0.803942247531119,0.7312653967905403,0.8057189222854295,0.4310250564997896,3,3,1,6
0.4021471180619861,0.443731138618089,0.9538193859044736,0.5860739548008389,0.626094485836821,0.6933020790256847,0.1238935034125847,0.1173537731543401,3,4,1,6
0.4163986174278922,0.4482240980917997,0.9572628485485296,0.5831399245362462,0.6268094820291189,0.702972568038419,0.1282496816193061,0.1234239500793047,3,4,1,6
0.4150615232154647,0.4340774979317234,0.956102873156548,0.5843817485607922,0.6319482980310814,0.6964560015941517,0.1217191046861353,0.1261737351158817,3,4,1,6
0.4163100562363808,0.4258163248723773,0.9521983812965314,0.5795381500063115,0.6417060576048553,0.7057825787008581,0.1305939641392295,0.1201374710997537,3,4,1,6
0.4079245033618731,0.433799300184995,0.9463265781623756,0.5823563472761992,0.6371280630070979,0.7079960405287554,0.119223903748453,0.1270013548277766,3,4,1,6
0.4128447283080677,0.4434727640110607,0.9614076001651032,0.5785552433613318,0.6390754452750426,0.6959971365055805,0.1301052554356772,0.1351909946394061,3,4,1,6
0.7174019309067734,0.6027174053741264,0.7703031611197384,0.9491910478223512,0.7877961855517053,0.7209026076215168,0.8091659948750898,0.4121399257061839,3,3,1,6
0.4070326303468236,0.4410329922364718,0.9568588620885446,0.58175229863925,0.6366794240870864,0.6986454917701006,0.1229660895444563,0.1179890896248417,3,4,1,6
0.4222689445936324,0.4457512810224351,0.9658569358115378,0.5680828607296055,0.631127552486926,0.7023760975268518,0.1250206335021933,0.1139058304704282,3,4,1,6
0.3253709957386201,0.824564168154066,0.6619071560649457,0.9206392872067736,0.2950999991992463,0.156946423167693,0.2393725103202399,0.1246753810628077,3,1,1,6
0.3872960395828505,0.4375950783814131,0.9545673184478204,0.6066092129005181,0.6212310620368156,0.6831484994036806,0.1521351756720674,0.1099358454649573,3,4,1,6
0.4096991687373116,0.4301741240137295,0.9547144114148997,0.5753876133383194,0.6391756245869429,0.6983499102474875,0.1256413703572623,0.1276553633570032,3,4,1,6
0.7132500454389303,0.6005856146548688,0.7670630375310112,0.95272942385494,0.784160363334917,0.7266306748042907,0.8077786587004447,0.414503790114854,3,3,1,6
0.9518371800568676,0.3273389317547814,0.6883903105694463,0.570568091341429,0.974330830398056,0.5866516995791703,0.5234226550141889,0.6695016544456355,3,0,1,6
0.408621608523086,0.4390376893627298,0.955225665126613,0.5830267064567475,0.6305409905748801,0.6995520631664537,0.1201817525165816,0.1238141225106625,3,4,1,6
0.715437720463882,0.600853157666321,0.7681481929780642,0.9474963380793376,0.7894128893184355,0.7219087153046218,0.8094062783018928,0.4135745523772877,3,3,1,6
0.9472935043329191,0.3252062438515533,0.6884357826676685,0.5781471879225732,0.9670134873052784,0.5831330215994919,0.5195901453621746,0.6687471738970413,3,0,1,6
0.4117899301325131,0.4408042325085994,0.9530136644770908,0.5828881577858394,0.6299897411715802,0.6971868585669526,0.120169049551258,0.1188263116767451,3,4,1,6
0.4065502272495161,0.4386785355173092,0.9617716325740387,0.5830347961922143,0.6317402622337565,0.6950680528599384,0.1227247670699877,0.1159753182042537,3,4,1,6
0.3253487329494157,0.8331023020788436,0.6475799836490158,0.9071674541623818,0.2877735436021771,0.1635766197064699,0.2327420823444503,0.1308907866477837,3,1,1,6
0.4096375020076682,0.4372701624081176,0.95398936902931,0.5824050946619246,0.6312889898976203,0.6960577022039133,0.1223698318102788,0.1234644117169679,3,4,1,6
0.9434078896616694,0.323534193879923,0.7022096963459676,0.5631088635078123,0.9640419013190704,0.5812204629569387,0.5352256440013481,0.6690432165751221,3,0,1,6
0.4101923828462145,0.4385802163715953,0.9570375051980812,0.5787810189015028,0.6338910804623644,0.695876569143866,0.1230452813218942,0.1213155803911217,3,4,1,6
0.4118453042394155,0.437507288532974,0.9563059387531232,0.5825934064315849,0.6318203824279846,0.6978283810949467,0.1247705315409747,0.1251319088658101,3,4,1,6
0.409910569128655,0.4388777011321795,0.9558880791315858,0.5805914854502195,0.632629109822271,0.6974648399120009,0.1241311633085924,0.1228681116999008,3,4,1,6
0.7274001626252378,0.5966341391330838,0.7536889489051469,0.9572425458004484,0.7778568183343033,0.7326831358626019,0.8009650853944023,0.4142467089293712,3,3,1,6
0.9548367464859332,0.3291104240327102,0.6887332087662201,0.5735519451402603,0.9723421421664104,0.583635980256528,0.5221624831026042,0.6671307309115032,3,0,1,6
0.4064264580283397,0.4434561278745725,0.9557712300022616,0.5747959572003145,0.6243584052028848,0.7083194957831074,0.1138776781911615,0.130474691402207,3,4,1,6
0.965554039144068,0.319608929743152,0.6696669919048721,0.5736215691348467,0.9827845539587006,0.6025714928408771,0.531493302760684,0.677476569573569,3,0,1,6
0.4092121044107329,0.4397219175191081,0.9556937774650852,0.5810810230316468,0.6334405033611169,0.6977890881467658,0.1248493554391696,0.122789868643621,3,4,1,6
0.7056701046134506,0.5880644427610544,0.7608165501017052,0.9332636711742064,0.7946056996309565,0.7169450361240385,0.8238277095169485,0.4060810304551612,3,3,1,6
0.9461433856786188,0.33010630255928,0.6827598370960659,0.5835635178172667,0.977404018396387,0.5786903557486691,0.5208187125044874,0.6755528680238433,3,0,1,6
0.9545331328926338,0.3295954578887899,0.6904085905618247,0.5723738558785788,0.9725397331218532,0.5872668488381515,0.5195062934174446,0.6664088774676787,3,0,1,6
0.7211497078240241,0.6000461770484304,0.7655098068209989,0.9466658968904994,0.7855617793019076,0.7200482433917677,0.8130288449686222,0.419761000966314,3,3,1,6
0.9580192644187536,0.3377184452994752,0.6803308126854078,0.5834881300437076,0.97480137328928,0.5925648289590716,0.5299008166602596,0.6587423886596971,3,0,1,6
0.9550877258577676,0.3252396445969773,0.6849803342762205,0.576408735353589,0.9726565830221172,0.5858974194597947,0.521190607908863,0.6669260286116404,3,0,1,6
0.4048549741197408,0.434282039740863,0.9480361757375074,0.5775493795314582,0.6223323239531561,0.7044727604046869,0.1290666145897487,0.1173197970147093,3,4,1,6
0.955852392829217,0.326576696338968,0.6864537396343048,0.573259810700011,0.9733628491187964,0.5862352584427021,0.5222000915457943,0.6693236392867004,3,0,1,6
0.9566505784068008,0.3370613067765553,0.6786708736080886,0.5711447320190668,0.9715668015004444,0.5905850420681101,0.5267059452535346,0.6757571457248541,3,0,1,6
0.4015376462220738,0.4425119892363809,0.9526970158194534,0.5855190768441549,0.6290297701685373,0.6991279367119531,0.1182772018204836,0.1253909914964149,3,4,1,6
0.4052341087318668,0.4483774856776354,0.963500118417812,0.58456188902908,0.6387821326570148,0.6913669152741734,0.1193637500969964,0.1302999491784663,3,4,1,6
0.9612983943062352,0.3111422481480501,0.6787490459700868,0.5648308959689333,0.9672709792188314,0.5766962533919855,0.5290305539465826,0.6592995016306401,3,0,1,6
0.9549666995616576,0.3249714215611088,0.688545575059001,0.5716944575388493,0.9718077433845288,0.5864098348049372,0.5259730906672535,0.664088858755965,3,0,1,6
0.7144342424088551,0.6034140050450544,0.7706309120214576,0.9385953319068204,0.7922099412094962,0.7228664739862684,0.8120458659467685,0.4109026506716475,3,3,1,6
0.9494174422492316,0.3272271984211273,0.6807407432347808,0.5681186749607758,0.9680968728217284,0.5872162031560973,0.5154398433439162,0.657727312781811,3,0,1,6
0.953639076299747,0.3289539633401154,0.6896752035048528,0.5736095715971294,0.9691764573468776,0.5835383933510054,0.5236381588361806,0.6668284790980681,3,0,1,6
0.4184137280657244,0.4545202117306594,0.940792049103118,0.5869026927503698,0.634514368245955,0.68125132420068,0.1055754124410949,0.1417309937068743,3,4,1,6
0.9528946200497984,0.3275750098003014,0.6865207468764004,0.574100301999407,0.9708781674576732,0.5837135165745281,0.5232180490570499,0.6679046464619238,3,0,1,6
0.4144177818091055,0.4374236114717824,0.9604145615269998,0.5806499717759069,0.624507766703269,0.6917318379359458,0.1193970446768295,0.1160109296222486,3,4,1,6
0.4091463933840792,0.4417412558586461,0.9541976303692752,0.5793948083294048,0.6331930703231801,0.701457020004068,0.1281422630825102,0.1229402281220007,3,4,1,6
0.9540150832669808,0.3239390053087977,0.6874435850536654,0.5727784277671105,0.9696764319298692,0.5843859329095794,0.5239791636044746,0.6718864400823946,3,0,1,6
0.9484214339042988,0.3274648316178747,0.6902460915627672,0.5748588195487858,0.9696817541502928,0.5886291711359132,0.5249044245917104,0.6634079915316659,3,0,1,6
0.9547935221025112,0.3279279761199889,0.6874911803118914,0.5727081059563792,0.972199709802226,0.5828701622470881,0.5224540452246017,0.6671365636951724,3,0,1,6
0.95102473680776,0.319858169686911,0.680781246000734,0.5652635793574293,0.9637039102443856,0.5931264587231332,0.5073218190313029,0.6702803763262578,3,0,1,6
0.9539377446548052,0.3220818934839068,0.6947868341615612,0.5677852464440317,0.9779424556196392,0.58713467994725,0.5314698108704045,0.6622176152517417,3,0,1,6
0.9540653249372212,0.3295891083489275,0.6869455018566936,0.56979533303316,0.9717331085916976,0.5866246864122803,0.5201162150597012,0.6652180024990775,3,0,1,6
0.4005309520965268,0.4306888258087957,0.9683029197571076,0.5672660459266692,0.6338429543004727,0.6998935104515291,0.1262564875882126,0.1117712658611208,3,4,1,6
0.7119910717491794,0.6013538235349191,0.7676354370033351,0.9443008393492224,0.7944515509114431,0.7231586277694201,0.8096103005317837,0.4094169945028362,3,3,1,6
0.9530866417807768,0.3237076551431784,0.6906113630567584,0.5690308341998702,0.966641405834626,0.5776265060115469,0.5248869246770868,0.6749755348648603,3,0,1,6
0.9510029171956866,0.3287970601344949,0.6936501035158846,0.5818208613455602,0.9571662331115012,0.5827094380342684,0.5091778727962447,0.6794211243520918,3,0,1,6
0.955123616722379,0.3237233163142893,0.6878013604052172,0.5689079112192786,0.9711356168462684,0.5774071313394197,0.527518791008045,0.6676103333161608,3,0,1,6
0.3186318756341875,0.8385873163823402,0.6522196186306923,0.9138726098677769,0.2818833981386885,0.1638335510974422,0.2316588533861026,0.1239841113129212,3,1,1,6
0.406721869314946,0.4415561399297563,0.9607370440424454,0.5795176727627762,0.6432506156353308,0.6938331034011512,0.1174860991788098,0.1238145286241247,3,4,1,6
-0.0173477060646206,0.867062773069619,0.2485919754970391,0.8719637150885605,0.253462652330915,0.5441932601788243,0.0921001542548312,0.5741358913976339,3,2,1,6
0.960166301162934,0.3319293660415509,0.6798268127193214,0.5687956095167318,0.9693629338512424,0.5774210287122342,0.5263541397260488,0.6602213377030645,3,0,1,6
0.9542862116457554,0.3267364975177587,0.6867203017668924,0.5721405753273664,0.9719782678441852,0.5824871102655499,0.5230288060965268,0.6672307259735145,3,0,1,6
0.9526307869931856,0.3176539475172156,0.6851415004888425,0.5679458770736683,0.9643394812227866,0.5917667241500315,0.5280148973175398,0.6623653304501169,3,0,1,6
0.4122050529935424,0.4425176023797615,0.9569725036564674,0.5752613581934183,0.6286694161650994,0.7039816951645586,0.1254802744937887,0.1183853940057744,3,4,1,6
0.9573984597185304,0.3265968944972479,0.681210456908281,0.5678241168235929,0.9653872870287188,0.5810426486134489,0.5267082328974109,0.67279282293244,3,0,1,6
0.4105709109042848,0.4392018236139905,0.958535275908296,0.5770739707435233,0.632051218195375,0.6994613227750781,0.1237355525621022,0.1222324885480616,3,4,1,6
0.7153724524440962,0.5977310220643769,0.7678315934783436,0.9479938807059176,0.7925401965688097,0.7239693823816297,0.8090236400436202,0.4116360347091576,3,3,1,6
0.4022351839870265,0.4365323420668678,0.9573536896819892,0.5694478106081958,0.6259798074922317,0.7056058859948517,0.1269063780660751,0.1166572399891543,3,4,1,6
0.4044749143398938,0.4411797256714075,0.954163784981921,0.5746706073275881,0.6364724597518967,0.7027948549447897,0.120401253179636,0.1259006076997414,3,4,1,6
0.7149443293213986,0.6011484495938445,0.7651347442864499,0.9428264497549912,0.795585506454224,0.7257952721486014,0.810372810019872,0.4142111549486021,3,3,1,6
0.0001959461431678,0.8636901566275018,0.2508924158521611,0.8930458380395847,0.2332846649085188,0.5575766483046899,0.0813546649240856,0.5943789746338806,3,2,1,6
0.4126296613402436,0.4639607259131271,0.9570240111714392,0.5728268863702481,0.6452941271689439,0.6962265478295755,0.1099304519943532,0.1181425031278144,3,4,1,6
0.954099866780164,0.3252255855251555,0.6873457006706708,0.5722961573997926,0.97278496668339,0.58053092680158,0.5222695188952213,0.6681713167317405,3,0,1,6
0.4088136703261625,0.4412224898316246,0.9579906803794044,0.5790512298620811,0.6321052571665327,0.7002061798543584,0.1259766289584292,0.1237936828980397,3,4,1,6
0.4106653595462779,0.4382075278801218,0.961926641712578,0.5792488318003952,0.6268701532705643,0.6985543224938182,0.1253820564548168,0.123962012129285,3,4,1,6
0.3216107109442117,0.8449347840177773,0.648501171798369,0.913423959605576,0.2926082474326107,0.1601819291196397,0.2290819838723818,0.132247529330785,3,1,1,6
0.9503986128804232,0.3384073779594418,0.6762929402339368,0.5801896167420698,0.982476766372551,0.5744314098687915,0.5124879093250494,0.6642987379885189,3,0,1,6
0.95463312690352,0.3258344244792455,0.6863219841311351,0.5716980157112254,0.9723817278721364,0.581590019478915,0.5229969018549663,0.6675785426506038,3,0,1,6
0.4003575166670121,0.4622197031810898,0.9603360794990312,0.5875570299929994,0.6420583174069872,0.7231045535363907,0.1495737940818876,0.1286556198424931,3,4,1,6
0.9573831427978216,0.3234695181857388,0.6798070447707664,0.5692430448781899,0.9728378334755842,0.58700418217458,0.526003519730578,0.6726739686715003,3,0,1,6
0.9539617432800612,0.3257772171617314,0.6860220691930733,0.5716458078632768,0.9715500225005445,0.5813988120075616,0.5236302372641648,0.6671670936097918,3,0,1,6
0.7109851916268121,0.6016947272695288,0.7649278136678153,0.9414433930402336,0.7982317225988269,0.7198212054412807,0.8051967821366199,0.4090968631280594,3,3,1,6
0.4097675087736889,0.4399753508581526,0.9574998332705916,0.5773400865768372,0.6332222970930197,0.6990366658089063,0.1257091880319847,0.1249233600842408,3,4,1,6
0.3954942151142774,0.4637973594793649,0.9563031787118432,0.5971672953657701,0.6168526690175797,0.711328861425428,0.1224921051983159,0.1323698062989757,3,4,1,6
0.9532505598655808,0.326708249986928,0.6917341806881757,0.5689316997398782,0.967468087741166,0.5780684745714987,0.5266825055698195,0.6673878800447124,3,0,1,6
0.9569539400507115,0.3291842920579017,0.6860500269277711,0.5704100045197538,0.9734379604828096,0.5845442597214964,0.5272925729103883,0.66843734231325,3,0,1,6
0.9581006070024845,0.3270516463317603,0.6936529934431983,0.5698871455977209,0.9794990093637737,0.575547945559483,0.5177551517321216,0.656786175908693,3,0,1,6
0.9535338932923876,0.3264363265234336,0.6861648855361576,0.5705001628964491,0.9708412587989912,0.580245034727919,0.5230920716874106,0.6682839794959614,3,0,1,6
0.7215922154495618,0.5896557131776738,0.7654811678013591,0.9365081184643872,0.8059527395443374,0.7273373772605862,0.8280918564335301,0.4264587731048672,3,3,1,6
0.7128787917719575,0.6119983296534038,0.7741257319418601,0.937604260531997,0.7815111208584526,0.737615317931376,0.7944155978565405,0.4144545654482748,3,3,1,6
0.3227419917201612,0.8413968128589754,0.650044666906484,0.9052650167194009,0.2881620221730493,0.1564280794113473,0.2347500521663563,0.1315974176847156,3,1,1,6
0.959418892551158,0.325746530250277,0.6816619145790014,0.568417503030979,0.9678537647694316,0.5732835977392338,0.5254547002873484,0.6674747505552441,3,0,1,6
0.9636863347563184,0.3175077239926204,0.680280937676655,0.5676118878697165,0.9664005209847806,0.572874169492995,0.5234361198242192,0.660930854517252,3,0,1,6
0.7131617022371648,0.5999829737793111,0.7714681106393346,0.942246944998498,0.80042388812066,0.7203422477898256,0.8129101399284536,0.4125541360604402,3,3,1,6
0.9556627456569023,0.3244615303062573,0.6870343035451489,0.5713073922706456,0.9715503683824224,0.5818396415131435,0.523177816323672,0.6650360555642423,3,0,1,6
0.9337102055566344,0.32164322934579,0.6909967497533633,0.5548960322288495,0.990417923945224,0.5886642989432476,0.5304294545868204,0.6612908881410965,3,0,1,6
0.954740023338384,0.3257822185511282,0.6858053537892949,0.5716632572911978,0.9698370774721096,0.5788967515099188,0.5256571353843806,0.6675442605699157,3,0,1,6
0.4012577295091591,0.4405814775388644,0.9624519699197664,0.5719939033145311,0.628228400211575,0.6988587101967363,0.1197423467051416,0.1164211006047597,3,4,1,6
0.958183637829402,0.3257536503366937,0.6873930867601057,0.5772673117781894,0.9788225265218296,0.5888137167355286,0.5252751367188389,0.6763366252553602,3,0,1,6
0.951930938637234,0.3219463474067149,0.69041327664395,0.5754464441738693,0.9749487351412136,0.5783157575301144,0.5285121161458732,0.6678540184981375,3,0,1,6
0.9454442374714436,0.3226280556828484,0.6773090566601371,0.5720521312721314,0.9753287662464508,0.5761895742972857,0.5322808446252119,0.6594147402754496,3,0,1,6
0.9559764267723252,0.3288838586446205,0.683714678580219,0.5699927668460619,0.9702079221418956,0.5784003752467012,0.5255848705881087,0.6712324744910223,3,0,1,6
0.7287323973485098,0.5919972317030852,0.7687869319975335,0.944954086623262,0.8049978726448934,0.7163234063473772,0.8093254522679981,0.4092852406538678,3,3,1,6
0.3278955305995337,0.8412496205677353,0.645235952532424,0.9062877891790608,0.2866871682720968,0.1587203762541823,0.2367384535516724,0.1306437248452994,3,1,1,6
0.95368394188295,0.3242883568211941,0.6844614085734545,0.5708027423517049,0.9711939738216326,0.57970117766059,0.5245869513262973,0.6671206663245048,3,0,1,6
0.7130326745677641,0.5918510998845852,0.7761369570417643,0.9370920298596472,0.7973823460761748,0.7279963168909254,0.8135172338822272,0.412652443974389,3,3,1,6
0.946296307288288,0.3088467121080363,0.6915776477812595,0.5729605332672946,0.9541903364649996,0.5632394100411173,0.5326584664960413,0.6706650083483798,3,0,1,6
0.9605933862743607,0.3154845728183322,0.6780230070826319,0.5625426922355135,0.967355060452916,0.5897575870595003,0.5272274822021936,0.6584241753811867,3,0,1,6
0.951658758509207,0.3261632897050214,0.6864824355505517,0.5733303177053588,0.9686771774291756,0.5816003653387323,0.5231288864913527,0.667432932445742,3,0,1,6
0.9541690358498316,0.3254789949099729,0.6856991195480926,0.569929189965614,0.9713692062585,0.5792312312463388,0.5241093997424543,0.6672252479395712,3,0,1,6
0.7119516463257575,0.589818187763452,0.775711713809248,0.95787568443739,0.7865906758749518,0.7347328310176113,0.7973092674667897,0.4236079796359428,3,3,1,6
0.9504532161209313,0.3203374007803963,0.6849976106426505,0.5701169341072398,0.9669678419475844,0.5763657343775855,0.5206570701559626,0.6706125618134071,3,0,1,6
0.4075055325280853,0.4345011394530296,0.9534366830930112,0.5855387483944992,0.6385828918542847,0.7024061308139061,0.1324312810071467,0.1280912434421797,3,4,1,6
0.4057384592292594,0.4423376007764398,0.9545913162481574,0.5815573692811136,0.6346857962400085,0.7082495068810423,0.1222305925160693,0.1236387526761413,3,4,1,6
0.9568893203470168,0.3254237860482415,0.685630058704626,0.570659272053849,0.97398353457257,0.5821090559100489,0.5271554875204209,0.6708336513758875,3,0,1,6
0.9529491324608708,0.32429010937295,0.68428184326769,0.5714436258264126,0.971389021497981,0.580180544194933,0.5246726007998377,0.6680382788867689,3,0,1,6
0.9588156808066576,0.3165348802404584,0.6869172750098546,0.5799838987312046,0.97291548081402,0.569790836982886,0.5359744314581754,0.6610421218960546,3,0,1,6
0.7169607551070257,0.5980641752734126,0.7563341376825445,0.9331967828014764,0.7843122576809375,0.7189195856466402,0.8034970151334606,0.4186986713402573,3,3,1,6
0.4216088202273944,0.4485838140232324,0.9779780778028944,0.5787176391254193,0.6330309241315872,0.7149734799029246,0.1382479252876738,0.1204147266965389,3,4,1,6
0.4186736697610552,0.4430975373752466,0.9542912386529236,0.5748302183467904,0.6213141999565678,0.6992427288637475,0.1154358460316986,0.1350061045133099,3,4,1,6
0.4167877326229537,0.4215590266207691,0.9761313139091596,0.5819703222702155,0.6164423055305239,0.6885484872896716,0.114880760299557,0.1372820016981604,3,4,1,6
0.952901077298702,0.3231821084287098,0.6845574581833516,0.5701773499068254,0.970102535813041,0.5788933471129916,0.5249193701411533,0.6677532180633362,3,0,1,6
0.4026096381937805,0.4452083045818616,0.9686254936062906,0.5729764439539242,0.628955744082384,0.6988883244854247,0.1213679922068239,0.1153578271085902,3,4,1,6
0.7058538304917195,0.594748618850304,0.7720504605217118,0.9463043000744537,0.8023200540723764,0.7173276723369403,0.8187851740374994,0.4070239127567399,3,3,1,6
0.9503419262966324,0.3263736452859119,0.6759074966548014,0.5724217388408951,0.9711120502889296,0.579984482184026,0.533127727230751,0.675709901930466,3,0,1,6
0.9610709264230558,0.3358291173934334,0.6861842703518799,0.5795077338277032,0.975302640514814,0.5829188780161636,0.5284398110110924,0.6718256186430261,3,0,1,6
0.4184514145738958,0.4612370476028297,0.9429353274452644,0.5787370598662613,0.6350064695635889,0.6883800688500826,0.1078640015295225,0.1313693098443022,3,4,1,6
0.4050410899886076,0.4469585808229622,0.9609751220482337,0.5748975437957622,0.6326650407488739,0.7021511927638944,0.1248506671571984,0.1230763937223752,3,4,1,6
0.6999291436322382,0.6059178288153929,0.7688229379268435,0.949890404466476,0.784669307704129,0.7131494588689312,0.8134492106732362,0.4163174351632065,3,3,1,6
0.7169484144245706,0.6027154022255288,0.7684134192056317,0.9536129191314312,0.7997679548609624,0.7142462905340895,0.8236549716621485,0.4167074553166588,3,3,1,6
-0.0028368561633332,0.8800765544138043,0.2689556971008304,0.8857614114287676,0.2209547512761444,0.5472762922752288,0.0689316564416166,0.5987847605415101,3,2,1,6
0.3298093739719975,0.8457823755611521,0.6484730642589861,0.9214631191868669,0.2842621458247249,0.1704260128566119,0.2291317122846206,0.1195811682635821,3,1,1,6
0.4024291375385967,0.4571275339279964,0.9493793858696046,0.5859279636659734,0.6363882365002544,0.7086986387738857,0.1412109958624545,0.1213424082307305,3,4,1,6
0.958831841679912,0.3169059998667191,0.677244224227845,0.5653413499169517,0.9756246191671164,0.5834180514538811,0.5305189503054122,0.6700955369705873,3,0,1,6
0.4256822121861016,0.438235523302539,0.9771369556394112,0.5895748338066622,0.612333311706414,0.7174331273107423,0.1192761997294055,0.1349764819204182,3,4,1,6
0.3989397500742006,0.4370768642177759,0.9659289002229922,0.5746713479283313,0.6325971735005835,0.7030205163648968,0.1257466718860141,0.1269582907585564,3,4,1,6
0.9487228731734464,0.3353726864018635,0.6652579984952387,0.572509308729301,0.9601344654942682,0.5649564829351222,0.5367888167105591,0.6605846251400093,3,0,1,6
0.9444782099913124,0.3272718840960964,0.6892242808756537,0.5584438357485831,0.9669802329681136,0.5722323733658069,0.5223761684049602,0.6556669666682399,3,0,1,6
0.4069009228798939,0.4441542274545103,0.96042350873674,0.57628866713586,0.6320291693124659,0.7035305570377356,0.1294511789628424,0.1243999942788999,3,4,1,6
0.4034966610389414,0.444657741042738,0.962567669580479,0.5765519703114191,0.629384465931423,0.7041758056110164,0.1310145672272249,0.1233501044497589,3,4,1,6
0.702190921695968,0.595021886950585,0.7581025646927273,0.9464131658885904,0.8016444093052505,0.7194307064882143,0.8102225254641332,0.4120753376687058,3,3,1,6
0.9544635362430668,0.3233132768924148,0.6846095598741794,0.5737225240378997,0.97215775070061,0.5735972730788549,0.5218018242786575,0.6685807831818228,3,0,1,6
0.9583904650192892,0.3233548592097865,0.6920789018334423,0.5649326018285243,0.9720359067940124,0.5762912032853396,0.5120238435824395,0.6601033718870459,3,0,1,6
0.4070649200285172,0.4366724587460582,0.9655069139627124,0.5620900104063156,0.6545224707063649,0.7091594251898621,0.1141807579453374,0.1212213485467966,3,4,1,6
0.3305214998739237,0.8401513410191317,0.6399132652609687,0.9012787234934686,0.2900042867457868,0.1578896580419492,0.2376513293304583,0.1409603010754576,3,1,1,6
0.962760973497348,0.3242834620483036,0.6846488911234617,0.5619372479983125,0.9807818349512976,0.5747495725433674,0.5148761373503001,0.6601151712059252,3,0,1,6
0.0041698231910887,0.8788654247380302,0.2667169177196683,0.8792469358906723,0.2285066823208689,0.5548163410280741,0.0757151848271415,0.5899205225893894,3,2,1,6
0.4073574773740605,0.4518444708568793,0.9620434570300652,0.5694385018097502,0.63915591555522,0.7081438738936016,0.1319896926872684,0.1183517911499483,3,4,1,6
0.954323893590858,0.323097789132488,0.6849581660551454,0.5710429065771095,0.9666664380803162,0.575085142085128,0.5235709684064579,0.6685108497956513,3,0,1,6
0.4064765060684524,0.4485933547095804,0.9664902391054092,0.5712606454502404,0.635813361875171,0.7004592456791128,0.1278141282111489,0.1245045259881969,3,4,1,6
0.4063833129476976,0.4480823828400171,0.9476012228502968,0.5770559781825226,0.6372499569532228,0.69347569544804,0.142454966043362,0.1120064578551671,3,4,1,6
0.4072825989010293,0.4503608383327113,0.9516833748806134,0.5727528883824635,0.6404947919172953,0.6955427212838742,0.1252746976241769,0.1185458658913505,3,4,1,6
0.4047130397478144,0.4418984678536199,0.9620470179293,0.5742596178428038,0.6293509023079861,0.7070112128415884,0.1291374381195941,0.1277005699215882,3,4,1,6
0.9530223941785338,0.3234524442281273,0.6738528113408698,0.5675387928028974,0.969335310068554,0.5864207378004093,0.534679951504596,0.6719728098640382,3,0,1,6
0.95143626433279,0.3222716169434155,0.681431751895368,0.5707555580740243,0.9689735342508086,0.5777454172667702,0.5241795440749135,0.6671836339026456,3,0,1,6
0.3197943255561539,0.8364508419365164,0.6512551524169038,0.9107323444096728,0.2888716646129308,0.1618460209871665,0.2347820379400068,0.1400845569075426,3,1,1,6
0.4092385795734282,0.4455378917773513,0.9656681818726846,0.5829055569278575,0.6333179406956514,0.7023076711985354,0.1353975618442236,0.128286605462126,3,4,1,6
0.7032283662170024,0.6059614440699133,0.7637134312676138,0.9543652651422296,0.8020610963277497,0.7164506279551591,0.803451504933012,0.4185507876623336,3,3,1,6
0.9548205831979704,0.3281933499438268,0.6729055696475232,0.5604943211191193,0.9707667595841428,0.5877317207721586,0.5226936090155297,0.6563361274583317,3,0,1,6
0.7098091014402003,0.603306501333893,0.7663794584486899,0.92444529202082,0.7803562068062926,0.7389962297067928,0.8095505406691343,0.4252728255252552,3,3,1,6
0.4023658835888329,0.4428391572967195,0.954430244887377,0.5799162032774853,0.6380893846152738,0.7121751442760215,0.1198230416846509,0.1312158238640809,3,4,1,6
0.9514273844352156,0.3194903359568622,0.6837854580272504,0.5675888190976318,0.9676740543663802,0.5769717579757832,0.5273080101766281,0.6673799383593105,3,0,1,6
0.413189062714425,0.4407116499846668,0.9721031565889572,0.5774739488331334,0.636638376211397,0.6959277371941871,0.1260887119231905,0.1212572413195282,3,4,1,6
0.7004578715309494,0.5904188437846172,0.7668954246149077,0.9405965451638474,0.7933446333530977,0.7241181587362426,0.8038371817484495,0.4011284644480864,3,3,1,6
0.4077233016419179,0.438642009603032,0.970376577258918,0.5753135960172969,0.6393936268912233,0.7036700692683304,0.1162486872502413,0.1112422211016316,3,4,1,6
0.4066558646124317,0.448043918073676,0.9641188183889756,0.5741782496192589,0.6324939741554085,0.7045422439033373,0.1293624885909255,0.1273566267207073,3,4,1,6
0.958308153226582,0.3245099041862493,0.6859446805904168,0.5743003091528939,0.9759308902590894,0.5736975608893509,0.5214215245093017,0.6723708219767169,3,0,1,6
0.3935210931367476,0.4351417221325585,0.9555885978954016,0.5788056940962353,0.638359545858205,0.7073720949287594,0.1195993462345421,0.1443412649452086,3,4,1,6
0.4041638996477247,0.4411277856086939,0.9713191621646082,0.5866907975889859,0.631019766217676,0.7185505703894627,0.1417448972613793,0.1320478995617844,3,4,1,6
0.954600950699982,0.3176343810518843,0.6737119100386496,0.5607313203940703,0.9632400406167108,0.5815453505997529,0.5237919164825428,0.6644388202691939,3,0,1,6
0.9503265798774136,0.3200605678923051,0.6815738418342271,0.5706418705328304,0.9713569494869024,0.5773997159461107,0.5252517070781274,0.66866460336154,3,0,1,6
0.9480392782951812,0.3222339922406699,0.6866642482328731,0.5735917588745908,0.9685651848607192,0.5815434436702616,0.5229452321934791,0.6700189629108557,3,0,1,6
0.9588012128922436,0.3273825202901371,0.679913573243158,0.5714425712524336,0.968457355250776,0.573165552562743,0.5244263528797547,0.6682485775234183,3,0,1,6
0.7109036875408838,0.6012101209388133,0.7626920558914929,0.9422921642330524,0.7963710446384453,0.7310278724470712,0.8141957168740431,0.4074396909205474,3,3,1,6
0.7334790096573132,0.6307719607267036,0.7655615377569961,0.9660269859917344,0.8139167557963237,0.7132895714437852,0.8297008205637902,0.4100068330461781,3,3,1,6
0.4015169840355405,0.4453120515762662,0.967988372120104,0.5728589608510729,0.6270492581445994,0.7109934215670842,0.1251417941810374,0.1295886108591966,3,4,1,6
0.3298109484698777,0.8424446366965915,0.6462047738389974,0.902722641276769,0.2889845191511365,0.1524766535875065,0.2393707384144879,0.1356438242574666,3,1,1,6
0.4140442042719532,0.4392310769145514,0.9693218126746886,0.5805406603952915,0.6283161180534882,0.6991978844076984,0.1206269797654926,0.1332050767279253,3,4,1,6
0.9523601394780178,0.3204461256429003,0.6822946461905532,0.5686891881483819,0.9692008785914856,0.5770181691762521,0.5261719077489878,0.6678184618698136,3,0,1,6
-0.0059937787188724,0.8691977872563308,0.2484350101529175,0.868793469390729,0.2307919386232832,0.5567927723981656,0.0845920752870343,0.5834880191632069,3,2,1,6
0.9432004145675404,0.3236924056868774,0.6880444409580796,0.5743304393063571,0.9746071844474024,0.571162880382402,0.5236453340414619,0.6731500876954933,3,0,1,6
0.4022299465163227,0.4477415324266741,0.9622701620682468,0.5718347750485144,0.6288570151881987,0.7089739580490099,0.1299412710031988,0.1244808082610125,3,4,1,6
0.4090729284395924,0.4509377442891361,0.9653985819187734,0.5756021199178085,0.6297773811163935,0.7057431492932589,0.1267529897046201,0.120812486751953,3,4,1,6
0.9543412032166864,0.3206913013394713,0.6816000550931056,0.5683260331676147,0.970573059257002,0.5746324132619115,0.5241313490859956,0.6698255722536884,3,0,1,6
0.4028473582507426,0.448900866326659,0.9672740907394944,0.5852190666752417,0.6193091258141032,0.698816621684889,0.127432136810575,0.1321324216333003,3,4,1,6
0.3983318112901634,0.4485155833818427,0.9575601077269482,0.5805987871957577,0.6381024227673839,0.710901206001596,0.1331252997432127,0.1301148520237073,3,4,1,6
0.4067760270512374,0.4470030898246152,0.9618774547045238,0.5750098802485536,0.6302134240863844,0.7067428661295849,0.1304663947774315,0.1257890951311372,3,4,1,6
0.4094460484299129,0.4491491226121697,0.9673728805414412,0.5734269842266031,0.6269820704045203,0.7088544985794313,0.1287302975777262,0.1299370427451479,3,4,1,6
0.9434202275073688,0.3106205190476833,0.6888521023773251,0.5711789254969452,0.9638176762089956,0.5850592433019209,0.5085369574509389,0.6572154366687661,3,0,1,6
-0.0007824741777002,0.8752007165709502,0.2603335078546658,0.8777092034234704,0.2232671536854863,0.5491336522744226,0.074066382128911,0.5895410226483788,3,2,1,6
0.702651095640688,0.605887647796196,0.777556861163365,0.9399451588619192,0.8057398538527117,0.7247211566666347,0.8024470645497246,0.3973838124291877,3,3,1,6
0.7039359096288413,0.5984065866643501,0.7674317839106058,0.9423509094073228,0.7996744708360065,0.7259161433035564,0.8141130415929299,0.4044144791093055,3,3,1,6
0.6737632079899706,0.5707891538699956,0.7770468278257582,0.9394822836523634,0.790087317297447,0.7267554130365562,0.8239370071225186,0.4351170058849132,3,3,1,6
0.4056418591014895,0.448110939494643,0.9649718525926236,0.5759548644378929,0.6323965365414613,0.7075644885163505,0.1313251795256512,0.1251720077359078,3,4,1,6
0.404517830082841,0.4408363909374928,0.9680686591690474,0.5646366558434475,0.6446167696409387,0.6920996687760969,0.1427846261732776,0.1326747131717947,3,4,1,6
0.4039698455286651,0.4426171244191023,0.958921480204864,0.5791009831166017,0.6328816242135362,0.705227986985566,0.13396688937729,0.1254198350460444,3,4,1,6
0.702305425789765,0.6019074240847105,0.7620846730692682,0.9444136243675102,0.8042182573516633,0.7225575607854158,0.8035604276324825,0.4081757738469536,3,3,1,6
0.9577322730318716,0.3246923725842112,0.6735987469420692,0.5687337482102091,0.971090649629572,0.576960395903611,0.5152712323523015,0.6747452623788358,3,0,1,6
0.9495158222608874,0.3193357325199945,0.6825777297463023,0.5676262465207635,0.9660303305071806,0.5783126661415245,0.5296810704398519,0.6636824236787947,3,0,1,6
0.7083446836461976,0.6015146577104361,0.7674903862088724,0.924404413326778,0.7881644747995866,0.7346644754352482,0.8353223741253215,0.4091135188063309,3,3,1,6
0.4174485548319201,0.4447697813751999,0.9692500468625802,0.5918731484032921,0.645790036464635,0.6925506771760946,0.1480920621832535,0.1415471121378617,3,4,1,6
0.4083637472250521,0.4440082961847387,0.96423435690421,0.5748031276837403,0.6339601882696866,0.7048394847864429,0.133371703466934,0.1275220124238257,3,4,1,6
0.947707760133516,0.3181625931850525,0.6837872827761713,0.5689548986670439,0.9704269392418364,0.5780330177601023,0.5293818117460702,0.6713071617464869,3,0,1,6
0.7190315268962264,0.5853706679343368,0.7766346131726141,0.962929232409188,0.7875977359714006,0.737869981203142,0.8169744731836497,0.3979669398706046,3,3,1,6
0.7074658614158249,0.5981586627201542,0.7654598998668026,0.9422554326704666,0.7969215074291522,0.7259869266770396,0.8114555610045063,0.4028950796391357,3,3,1,6
0.3963989727584661,0.4490440852985123,0.9670752114462914,0.570731320019482,0.639447418195829,0.7010131432637539,0.1232057238601173,0.1173433365097376,3,4,1,6
0.692398287237834,0.6165737860431864,0.7759886760144921,0.9588117727289078,0.7890929873035806,0.7458777736264596,0.7917016515798416,0.3881833901288403,3,3,1,6
0.3998749724601731,0.4539250648577563,0.9614486843831448,0.5719022179377615,0.634767540197437,0.7029079225139275,0.1289840627342561,0.1190336728593622,3,4,1,6
0.4054853552562222,0.4481079367624016,0.9638320455279568,0.5745371229088017,0.6300386949163627,0.7077702852951289,0.1317202962968143,0.1252298614684582,3,4,1,6
0.4016534192503136,0.4479606761771804,0.9611117920202074,0.5866698240999941,0.6274422837205962,0.7032978226324473,0.1245083810361875,0.136521256848813,3,4,1,6
0.4046273343574448,0.4454836406131319,0.9645364575219116,0.5763417163599367,0.629482705619126,0.7071548175245156,0.1318023762713228,0.1279089952257035,3,4,1,6
0.7111923623948946,0.609896657930237,0.7537335044582039,0.9682022176661772,0.8089931474587218,0.7318278753931852,0.8345131888609175,0.3783132514298853,3,3,1,6
0.0016772056330936,0.8823145484956416,0.2579124063889311,0.8727398801579788,0.2325206800040065,0.5547327322241489,0.0669047493540961,0.5994853311608247,3,2,1,6
0.7064655034474836,0.5976929983176938,0.7668845997244289,0.9435940476651148,0.8023270783371491,0.7258634892377853,0.80895952342223,0.4052356120012254,3,3,1,6
0.4056787460462954,0.4588499342140991,0.9627948346264168,0.5724142694063096,0.6170144440909995,0.6973343363187243,0.1461475835835332,0.1309389251291531,3,4,1,6
0.4095220205710785,0.4236983604163157,0.9404126921596176,0.5604154297880958,0.6386833316858956,0.6893174695508107,0.1174763208195752,0.1284401075969259,3,4,1,6
0.9637205950085528,0.3285057478328586,0.6960454611385734,0.5623764993411322,0.9427838266779132,0.556107870098008,0.5415169081285934,0.6810400109601978,3,0,1,6
0.4074544256824737,0.4467901433126515,0.9828519145896832,0.5900028068134319,0.6137324612373698,0.6884064211826701,0.1082666198976447,0.1160316057671025,3,4,1,6
0.3271955473478429,0.8463533677143275,0.6453200985747112,0.9066611772191732,0.2820757827078664,0.1555343804880011,0.2380503578352251,0.1380160082340915,3,1,1,6
0.3300029737155452,0.8488034216132228,0.6464806224561399,0.9024456326817136,0.2831757841123515,0.155551062906237,0.2386010317379089,0.1349648615749554,3,1,1,6
0.9513507677979336,0.3238534103478927,0.6906758699572957,0.5606172567656682,0.957790377914633,0.5831495615299005,0.5341718812295806,0.6745649620886838,3,0,1,6
0.9530269286356248,0.3155876925647045,0.678459565626916,0.5674687808691189,0.9680284060092532,0.5748737247251955,0.5290065792382602,0.6649589363004861,3,0,1,6
0.7107288810637398,0.5835812867927105,0.7627309868659459,0.9422669034690044,0.7874136199857363,0.7275971522187065,0.8162287286522192,0.4035507048950678,3,3,1,6
0.3994173977030436,0.4380208350130177,0.9532585764233212,0.570332572613622,0.6252203939559888,0.7181717497606616,0.1333913673623706,0.1247530591654888,3,4,1,6
0.4077435827259866,0.4443506115143835,0.9689889975334144,0.5780074655973689,0.629659339511669,0.7100668355143419,0.1287761966840587,0.1225622808140596,3,4,1,6
0.9509075247647686,0.3177297421313429,0.6798109061663917,0.5668142598036989,0.9680675113895892,0.5744574040021141,0.5275786759664242,0.6671039076939337,3,0,1,6
0.4216823289946598,0.4343852522709124,0.9771734407805917,0.5709698933766992,0.6206226937762256,0.7010327864887849,0.1338830198337904,0.1221298306242803,3,4,1,6
0.7130532939307164,0.6009934473137394,0.7664496933222189,0.9474129838801671,0.7921097152894359,0.7338513900886564,0.8113835695833538,0.4000210594027803,3,3,1,6
0.406546146365166,0.4481393925999142,0.9654975290465984,0.5743863542574132,0.6310489186506297,0.7083229757788189,0.1318748415880692,0.1272411628181443,3,4,1,6
0.95097805287939,0.3023526776157255,0.6624753030534517,0.5805953506752487,0.9661054089100808,0.5872489718646755,0.5179727921176267,0.6769227599411245,3,0,1,6
0.4104198748822041,0.4587054726944612,0.971923179124598,0.5732830258765573,0.6420792987344999,0.7198926282948024,0.1201945824466299,0.1290589600066042,3,4,1,6
0.9558797881018696,0.3168197364526168,0.675606533051533,0.5647523364106712,0.9664175288135274,0.5769944787851049,0.527369985329322,0.6670466034294386,3,0,1,6
0.948442897568606,0.3168830971701418,0.6840612072065344,0.5621299774690359,0.964056714971854,0.5678161955771175,0.5304872024038781,0.6738020805220543,3,0,1,6
0.4114029195031846,0.4532175365494885,0.9654201783319548,0.5750092510452878,0.6274185214454051,0.7116767108283123,0.1256883424767227,0.1225526917422335,3,4,1,6
0.4067893818823037,0.4496952187952474,0.964730143896818,0.5735091103187951,0.6311996013037119,0.7092752946525774,0.1331941169949151,0.1273744301442418,3,4,1,6
0.4015366173563368,0.4396226388168486,0.964312761319446,0.5814491567987067,0.6292606630354102,0.7054479230045665,0.1367289848661186,0.1218000179944603,3,4,1,6
0.4075786864106776,0.4550716875566486,0.9721082780174662,0.5809260563938905,0.6300007744395357,0.7125610524109215,0.1361856884203447,0.1301344109168656,3,4,1,6
0.41296334304174,0.4543925017563645,0.9611363469487906,0.5681251403077601,0.6252852570689815,0.7098103729759971,0.1364153428965359,0.1220865494106919,3,4,1,6
0.4055075680888468,0.4629219684183205,0.9532849593160788,0.5769794306212762,0.6386107632114292,0.7141718902989892,0.141384099263821,0.1248464940956498,3,4,1,6
0.4053328921750034,0.4485808769220974,0.965922456429923,0.573419035871525,0.6298408134231427,0.7087274460498478,0.1328742317258951,0.1266488232036464,3,4,1,6
0.9487560049345076,0.3179440424276061,0.676137076997741,0.5660377400190159,0.967309810608638,0.5735594482740786,0.5265422769777282,0.6704104652838357,3,0,1,6
0.9506596281515296,0.3170123150158151,0.6790833407104343,0.5662438673214101,0.967774304247306,0.5735514635755583,0.5278499941260472,0.667407952628138,3,0,1,6
0.6976689874915618,0.595130808091732,0.7690595636500509,0.9354604798670384,0.7964292644374861,0.7387214593997752,0.8025228758545041,0.3974859443290412,3,3,1,6
0.6978347016338554,0.6004735387417023,0.7536962524105886,0.929094618474804,0.8091139596854405,0.7371749173850358,0.7983766955562752,0.3903373755052672,3,3,1,6
0.4058240108429652,0.448571619654729,0.9654724416102204,0.5742586394904281,0.6306453172138445,0.7093168623053072,0.1329971913712756,0.1269247456020283,3,4,1,6
0.9509278688164736,0.3170080912675097,0.6791566295211966,0.5669246486325789,0.9679466947802786,0.5743226031567588,0.528908506591845,0.6680512778674603,3,0,1,6
0.9588356693421002,0.322813996529297,0.6690618938947134,0.5733202149436553,0.9671244578172176,0.5635255089635756,0.5391513839771724,0.6724152165116498,3,0,1,6
0.7052241026705424,0.6087178813621675,0.7694043265237132,0.9517538948384358,0.7911415029475513,0.7267656084775278,0.8060893849909143,0.4031572341445255,3,3,1,6
0.9466744113673256,0.3176549060462379,0.6747751963442951,0.5675790287317186,0.9642735043309368,0.5780371628572419,0.5320741384317276,0.6585156041983067,3,0,1,6
0.7011129170791193,0.6006586333755303,0.7652969328326417,0.9391606899323058,0.8023285560564006,0.7328878966780253,0.813385951258175,0.3998416537492792,3,3,1,6
0.4102204584539742,0.4561796783867582,0.9711096042405886,0.5635156530805366,0.6315154033186571,0.7056797001804926,0.1308903530827158,0.122567393257804,3,4,1,6
0.7008054587095891,0.600721339778774,0.7600535419076283,0.9433278617904728,0.8043078437505673,0.732319105260706,0.8101670604224426,0.399567780372453,3,3,1,6
0.3981463548704497,0.4460074829871835,0.9691954443467388,0.5705254064211424,0.6283682360311335,0.701124411921316,0.1439231762829123,0.1191487678984,3,4,1,6
0.4089579627895756,0.4403539579006815,0.9575372452623752,0.5651340071789536,0.6281485327003332,0.7086881166559738,0.1279754680271387,0.1278985766275396,3,4,1,6
0.4061125621116488,0.4489281015598691,0.965834049824748,0.5738077817330726,0.6299674734724615,0.7102626305811187,0.1343645599739335,0.1265881120633046,3,4,1,6
0.4088862808695799,0.4410193635300006,0.9662465059380352,0.5693216302143898,0.6235776054664023,0.7132123466835721,0.1347987924106936,0.1242871249766545,3,4,1,6
0.949305242725503,0.3160039583168356,0.6799385167602882,0.5655864078904438,0.9663021644161456,0.5742012990647444,0.527979294659937,0.6688853833357326,3,0,1,6
0.4036455787182695,0.4499544164528425,0.9614853420672604,0.5690862519645584,0.631119227003292,0.7099409242360157,0.1323391098073059,0.1310185284907799,3,4,1,6
0.407747368568167,0.4635155888257392,0.98378135384445,0.5610192664127106,0.6394874266580575,0.704284420071562,0.124053697830806,0.1371009804628973,3,4,1,6
0.9579223321145532,0.3288449112205156,0.6892781784249286,0.5716572716031847,0.959865257330531,0.5738706521912905,0.5212631659922499,0.6745692826045947,3,0,1,6
0.9534488083925114,0.3168924438804218,0.6787358523415615,0.5671246186380949,0.9651089960571873,0.5711945264917018,0.5293510331014015,0.6687602719074467,3,0,1,6
0.9501957177402136,0.3159040263511561,0.678193280862344,0.5655406508538674,0.9673480181217732,0.572598749465293,0.528314573214857,0.6674486879719433,3,0,1,6
0.7128947736753142,0.6053027807814596,0.7667409943628477,0.9314995101881146,0.8123389165854571,0.7269842877574796,0.8016387495544398,0.3992841208334989,3,3,1,6
0.9531866571989204,0.3181330125695801,0.6830373591080469,0.5676203827855082,0.9722654856295726,0.5772782583279518,0.5283084662630549,0.6684027934425019,3,0,1,6
0.0119968294510054,0.8778429649962636,0.2599635830126005,0.8632179099242844,0.232185834328361,0.5750898381495819,0.0592536798327426,0.5939703422701464,3,2,1,6
0.9504285874139754,0.3169897869589712,0.6783188788917355,0.5682337488191012,0.9686646887184144,0.5745565611777383,0.5316761758479421,0.6686723553427266,3,0,1,6
0.683500295842345,0.6290931455780141,0.749991334557313,0.9682338152278296,0.8143846376378282,0.7160999351616657,0.8188652182559593,0.385423559005793,3,3,1,6
0.9470160410050932,0.3135383199747329,0.6783205899925867,0.5666688537930513,0.9704479605808922,0.5698915719474877,0.5317653321885144,0.6669890509824603,3,0,1,6
0.4009525149454205,0.447723495684903,0.9690884657850226,0.5690019172642802,0.6357923163773025,0.7158571879421676,0.1415481937895029,0.1299884412727587,3,4,1,6
0.4011294911146506,0.4460210266507785,0.963876688750083,0.5731331855431335,0.6276024279544684,0.7122179400640145,0.1336971060014843,0.1289180787725262,3,4,1,6
0.4053626086526401,0.4556007155239689,0.9532490874123876,0.5824188207840375,0.6184028408534712,0.7072112555858067,0.1351456774319387,0.1283231081729018,3,4,1,6
0.9545542116885996,0.318170877477787,0.6810789259749715,0.5677662728741886,0.9704295805877802,0.5716708980133344,0.5330553386594347,0.6664011733246649,3,0,1,6
0.4061768686225746,0.4492625507886513,0.9681310072893096,0.5735416657166291,0.6297054702758967,0.709933041404339,0.1338875850801053,0.1264973007889373,3,4,1,6
0.7003238409589625,0.59849532916681,0.7609298244014226,0.9439675068700556,0.8025859996761079,0.7294798804763393,0.8106497350219202,0.4007899581062032,3,3,1,6
0.9505636092184953,0.3142824559184315,0.675818752577554,0.565461001065281,0.9653360550420346,0.5737337970144214,0.5277277709122962,0.6660191715934545,3,0,1,6
0.4035477702853228,0.443054696471035,0.9637762033025636,0.5746659705150294,0.6349413476508325,0.7126780651967803,0.1283150525250451,0.126903716015151,3,4,1,6
0.4088694130770152,0.4507131070348832,0.9591628694634644,0.5668762284067977,0.6324001554204216,0.7168671407224431,0.1366324161497117,0.1272925437382835,3,4,1,6
0.9259129413232792,0.3360491122054934,0.6689222262271374,0.5760078471933477,0.975102161111671,0.566242589834605,0.5441881443851512,0.6713600843397738,3,0,1,6
0.948843220355869,0.3141949534016265,0.6776729105308058,0.5642569975618152,0.965906378824706,0.5715532852974166,0.5299206110781273,0.6676962965014905,3,0,1,6
0.9510951231298872,0.3191080138279638,0.6878935324695418,0.5525901563446655,0.9646988554518596,0.5848979001135207,0.5338097938277816,0.6714393267465366,3,0,1,6
0.959343673058458,0.3247829858449889,0.6694330231061123,0.5577191426993532,0.9766270756094716,0.572973412445535,0.5233000623466526,0.6675263139354131,3,0,1,6
0.0144162877913288,0.8694781988543799,0.2670714245814712,0.8731548343533024,0.2340359962809884,0.5469252176871376,0.0788915343931958,0.5782862575943772,3,2,1,6
0.4077466999443342,0.4486045628112732,0.9611884502772888,0.5750356490400703,0.6289675089135222,0.7061489217357396,0.137033069402093,0.1322063414018098,3,4,1,6
0.952538410140476,0.3177407377191169,0.6699422494478017,0.5622503246317263,0.970381329513562,0.5654284165036058,0.5228009356436029,0.6635774723149,3,0,1,6
0.3932587727909933,0.4526181589612074,0.9654891788918888,0.5725902964160601,0.6301603177830709,0.7099026757319004,0.1298856145888234,0.1389732746546371,3,4,1,6
0.7034539457307207,0.6009540217627561,0.7617972458622286,0.9417229096186354,0.8027786356213319,0.7294429423245895,0.8129499995645398,0.3977374266550705,3,3,1,6
0.4138564952529809,0.4465157991000154,0.9790025251813272,0.5686247050916499,0.6272139688838543,0.7086516823366263,0.1428569017561841,0.1230930268084698,3,4,1,6
0.4023240896454442,0.4504905924732419,0.9639839606954618,0.57349378808415,0.6275524589142409,0.7114363967150111,0.1342537988986743,0.1296352317878234,3,4,1,6
0.7106780460130461,0.6034069798356708,0.7682866862586538,0.933450803456252,0.797036228157255,0.7258482919400544,0.8042430260965706,0.3907435154180027,3,3,1,6
0.7063085801310933,0.6051856547625231,0.7684330836093384,0.93672672479246,0.8083780056692879,0.7340377726858587,0.8070276514943915,0.3945595197793906,3,3,1,6
0.4080572677880533,0.4475591097341894,0.9721831819939282,0.5819750972652281,0.6209701384304398,0.7018030374708166,0.140488667397916,0.1331710941688448,3,4,1,6
0.9510367843498616,0.3123994304394961,0.6788839160551943,0.565520103015667,0.9662735352285,0.5728222823623464,0.5279841496922656,0.6657658255185418,3,0,1,6
0.4043413786415463,0.4475360590934598,0.9640339626259364,0.5833787530839535,0.6281080998839991,0.7143273732985945,0.1406046427795509,0.1170310559948427,3,4,1,6
0.9489371116514914,0.3107153921128024,0.680511690310479,0.565329928229214,0.9634701700213524,0.5685110208481031,0.5325227298990802,0.6638362134930191,3,0,1,6
0.691266631803855,0.6006727202677062,0.7707842167068213,0.9226143737981718,0.7847406842321648,0.7292904450955136,0.8195867536872669,0.3924401944567369,3,3,1,6
0.957136363212614,0.3278968561110164,0.6812434331742867,0.5490958360139803,0.9610029553172204,0.5841009463616402,0.5331812128811247,0.6695341764431291,3,0,1,6
0.4020017940089258,0.449276220413753,0.971777784013565,0.5755797192495853,0.6297200389471562,0.7090397429249745,0.1380279225404939,0.1241657260550644,3,4,1,6
0.9493830544908052,0.3144045179379984,0.6773423423752986,0.5677048565273018,0.96358288238254,0.5711092398372604,0.532407050082611,0.6661458393186999,3,0,1,6
0.9510014923601082,0.3003653053067477,0.6875764710926593,0.55253889817314,0.960961768360997,0.561162284585048,0.5215854700176137,0.6741075945383684,3,0,1,6
0.3913646057780611,0.4532644663409949,0.9671647306343232,0.5710697203035028,0.6294488381003672,0.7199284549638174,0.12903126515808,0.1202741759931784,3,4,1,6
0.336229974499883,0.8494179626695354,0.6404502292820969,0.908523113166329,0.278684784397692,0.1465205107037081,0.2465777947523413,0.1422290031183845,3,1,1,6
0.9590338567064084,0.3184637413852135,0.6722455847322863,0.5643256366666135,0.9551688726350248,0.5675038338170141,0.5354460248044858,0.6583697782712726,3,0,1,6
0.9277935872524852,0.3003815614983325,0.7010437945894001,0.5345991744195676,0.9609578976142672,0.5942060512303036,0.5191696501750942,0.6494793507833923,3,0,1,6
0.7007279325356083,0.6017087442136247,0.760682411452819,0.942405080146863,0.8038857370342944,0.731361764597055,0.8132980342838882,0.3982368205728319,3,3,1,6
0.4023876153356394,0.4507151598039791,0.9680016284978268,0.5735932998113912,0.6289116286496589,0.7117020465304522,0.1336909699883387,0.1293100966574863,3,4,1,6
0.9505642150482068,0.3124390767259503,0.6753382844431116,0.5629892498900185,0.966014192518858,0.5723987317464301,0.5304122399334039,0.6668386931067983,3,0,1,6
0.944687470736172,0.319345960175838,0.6771063331728765,0.5676298280094155,0.9645826271035948,0.5776011283526662,0.5241265449320452,0.6617726003001974,3,0,1,6
0.4129427863278035,0.4504347891744498,0.9735164101419,0.5787537317045796,0.6192142449893109,0.7237400492640601,0.147014813783155,0.1158295278204115,3,4,1,6
0.9406173024892128,0.3133889123148801,0.6712695301149658,0.5699640644427755,0.975296986058672,0.5679509942677657,0.5252180990702626,0.6615143893908189,3,0,1,6
0.3976840631080035,0.4472144454816121,0.9601602555915048,0.5716608529084904,0.6166016831365658,0.7169844698969517,0.1273030436271004,0.1372305352878284,3,4,1,6
0.9390816636327676,0.3025298079398083,0.6826775186127548,0.5585134682950561,0.971923716439782,0.5753341805431403,0.524719070266371,0.6598777600244998,3,0,1,6
0.9462998427743112,0.3132551029119941,0.6789328626533593,0.565435394746022,0.9635658209514592,0.5681472479310152,0.528782465193993,0.6656027584535128,3,0,1,6
0.9490771236889096,0.3183969410689807,0.6716587467556124,0.5644187614836084,0.9620150238453072,0.5753078596675525,0.526306390428852,0.6718416146763505,3,0,1,6
0.4112809873924952,0.4486583804137,0.9670635130616404,0.5702846349036212,0.6221601427728208,0.7167708018092217,0.1301975323715443,0.1325608395996078,3,4,1,6
0.0071403742743208,0.8794387952893555,0.2775946036089258,0.8743761964741221,0.2381171186968674,0.5675465502935781,0.0839235664910976,0.6045556146804556,3,2,1,6
0.3325717771839746,0.8561615125311636,0.6458725213354782,0.9005131124116735,0.2808382383280672,0.1517577879797214,0.2408134208065143,0.1372334138787458,3,1,1,6
0.4050152961046015,0.4462326750878209,0.9593377103086406,0.5816117417235421,0.6248460501389915,0.7200721378742336,0.1331043238556511,0.1214226561255978,3,4,1,6
0.4043578516671302,0.4511822667901338,0.9649231146253592,0.5697171744230385,0.6276373259082303,0.7080547657436754,0.1330031645756261,0.1303026456779984,3,4,1,6
0.9456033470556952,0.3120426098126248,0.6789845148173268,0.5618621389781571,0.9621722691949216,0.5657041826483316,0.531923462676067,0.6647768333864442,3,0,1,6
0.4131655798936532,0.4507273505331534,0.9537733139826756,0.5801930566745962,0.6450299190227812,0.7141959329560521,0.1349478801761885,0.1379213976332343,3,4,1,6
0.9535941131455312,0.3158118070150925,0.6762851758587722,0.5686046732201255,0.9591257881243576,0.5685786360238453,0.5321401930095533,0.6697513260806623,3,0,1,6
0.950797348028448,0.3070860283400072,0.6776680284077944,0.5563292712048707,0.9673006988049284,0.5757429729414042,0.5359926428355662,0.6611161559974977,3,0,1,6
0.4102401088660135,0.4515897940753557,0.9760218241676132,0.571839628459896,0.6329386467018204,0.7136433127485182,0.1343201835298751,0.1339559369230055,3,4,1,6
0.4080975716511307,0.4727163212125435,0.9822120974968443,0.5755964756276287,0.6148268067692935,0.7099281863359889,0.1281989970481609,0.1485153920884429,3,4,1,6
0.4189589939040007,0.4402223507472595,0.9530570066211146,0.5842876584976519,0.6240139555928684,0.694358272045172,0.1209027701696388,0.1271607595659423,3,4,1,6
0.7276396265649896,0.6059518489637822,0.7726996043138058,0.9498813101622774,0.7868942155148339,0.7194219242312893,0.8081284282637318,0.4285374368288062,3,3,1,6
0.4135996346923538,0.430011170625793,0.9431900525095852,0.5797943216361442,0.6409343300497928,0.6869961630889124,0.1208209496357819,0.1143916298601011,3,4,1,6
0.4070005295417065,0.4146390615890015,0.9439322071002788,0.5713341668818106,0.6351281975065297,0.676551834881685,0.117224178063233,0.1255148786682911,3,4,1,6
0.9613518529064564,0.3415476700878955,0.6907989009730441,0.5788795353096092,0.9828380310564526,0.5974636084319956,0.5157199812325982,0.6617905906047077,3,0,1,6
0.9683844904377956,0.3444192063327751,0.7039580734719978,0.5791239335724423,0.9867530430735428,0.5920486537610599,0.5164755698821187,0.6674522455637634,3,0,1,6
0.4123993517417659,0.4338685396451163,0.9489576920316718,0.5854150278101355,0.6376206421334092,0.6865163617112614,0.119692580870501,0.1163848439537307,3,4,1,6
0.3975320823924494,0.4350695376201949,0.9345207383160808,0.5755658806332915,0.6306350307144926,0.6884246068361537,0.1045640519829259,0.1245369860035428,3,4,1,6
0.4015620336595417,0.4161728071214819,0.9348283106905148,0.6092994538782561,0.6180828573811935,0.713602475834433,0.1207798676449341,0.1475130731600955,3,4,1,6
0.9614607700972696,0.341213631879569,0.694590282305716,0.5775028205600773,0.9784614355575718,0.5936689101729905,0.5146828357928959,0.6670615636308436,3,0,1,6
0.9591644816882776,0.3390392781689486,0.6964054290099428,0.5797881911655562,0.9775872980386364,0.5930963606976584,0.5172346208452314,0.6667050755330735,3,0,1,6
0.963145833312102,0.3311526928657849,0.691927765971046,0.5879449289436767,0.9857501971299436,0.6021532317238109,0.5121010227530669,0.6744525172117876,3,0,1,6
0.9649914374726098,0.3426423200895498,0.7042499738745319,0.5759240493962731,0.9791474252849968,0.5837416724486737,0.5268326420547311,0.6609136977924706,3,0,1,6
0.3243468533411486,0.8232500099642966,0.6485084238959573,0.9161672581970056,0.2935220782057809,0.1679337131145404,0.2270297152525864,0.128419403055245,3,1,1,6
0.711846900081282,0.5792794787460774,0.782802940126565,0.9619940617852946,0.7678880619207501,0.705865861285088,0.8093848424537795,0.4193258444376008,3,3,1,6
0.9645820622115432,0.3451432592943441,0.69530813405824,0.5873417786396837,0.9756369085150568,0.5972573805581002,0.5152858034205473,0.6719533586921824,3,0,1,6
0.9600025972607104,0.3376056538895656,0.6975886495464383,0.5771223234391826,0.9830181672986744,0.5991759997229652,0.5194097299278018,0.6771069486516221,3,0,1,6
0.4109117742433627,0.4359875756078588,0.9477155521505916,0.5847748250080393,0.6389171923880386,0.6848499060877162,0.1139778588811759,0.1247989932135523,3,4,1,6
0.4007933520262418,0.4393442151200702,0.9373585770660446,0.5829724116660983,0.6474658568007146,0.6746064929658842,0.1067828366172541,0.1295171982974008,3,4,1,6
0.958936459852512,0.3445910066254243,0.7033751360653283,0.5799968818671727,0.9712145475747348,0.591169078169386,0.508759464097428,0.6686546628566952,3,0,1,6
0.0174051103862402,0.8736525174196197,0.2313223721064162,0.9192879809477844,0.2187006290879717,0.521072258424732,0.090529008350263,0.5688193870554211,3,2,1,6
0.4118855945588119,0.433735360112066,0.941778772915303,0.5847212658268669,0.6327181164837944,0.6936727993450149,0.1142429355759672,0.1252872946466142,3,4,1,6
0.4158855622144413,0.4358294617776027,0.9472784233687248,0.5831751753576384,0.6369291021924827,0.6856796252725139,0.1125495084098134,0.1185239432043183,3,4,1,6
0.957606267219488,0.3361271737334439,0.7003094417137473,0.5779818145163428,0.9794580517959004,0.5886414747812201,0.5225470930447552,0.6660201235555753,3,0,1,6
0.0155012861667736,0.8716847251176914,0.2507562282838079,0.892364528396405,0.2336613150107608,0.5358163899511789,0.072534272653882,0.5975236125444067,3,2,1,6
0.749337712069475,0.6117107699441543,0.7744688943148094,0.9706108595816474,0.7886305184486669,0.704195878924982,0.8286905329253825,0.4339725175457464,3,3,1,6
0.4160577312407952,0.4326407090043004,0.947499837289624,0.5867121713295131,0.6324919672111267,0.6928148616873553,0.1210948885775776,0.1182884683317965,3,4,1,6
0.9754325798821052,0.3312308709411418,0.7034558657508858,0.5972371072522407,0.9577605636408836,0.6059395635498778,0.5033764187091271,0.6556166582949695,3,0,1,6
0.9533279040519108,0.3414868656723394,0.6987844413362355,0.58542637303965,0.97913604453087,0.597890399480342,0.5167479967672695,0.6646096412531626,3,0,1,6
0.4174341020672333,0.4307347545559554,0.9450949751910692,0.5796266416733191,0.6307456279924766,0.6989665235265017,0.1251340062026087,0.1272446991826432,3,4,1,6
0.7192387620251567,0.6011040826669529,0.7772122780823079,0.9462315805824606,0.7787971616016034,0.7186144862734525,0.8135850011318962,0.4272815137881292,3,3,1,6
0.9560888447842144,0.3374500332842214,0.6985259710083153,0.5793623902238229,0.9778140366108242,0.5939901088674688,0.5186153075826516,0.6669218995523652,3,0,1,6
0.0206976734694417,0.8781663016631609,0.2536956404544437,0.888348162005879,0.2365038429995457,0.5420004993359936,0.0759461939627619,0.5897733621349283,3,2,1,6
0.4041662260959012,0.4357869188432919,0.9358665974203672,0.5953309195871087,0.634079228403403,0.6842205947191499,0.1152677399663657,0.1308797126845173,3,4,1,6
0.9572517599761252,0.3548984014207278,0.6962762327281478,0.5827107983261004,0.9646845006451502,0.5957426436657163,0.5110692957575957,0.6785734679263064,3,0,1,6
0.7234953021946378,0.6097943915101558,0.7871720924442586,0.9445482998648936,0.7679851751775579,0.7347495207093184,0.8192391839802059,0.4330840277314997,3,3,1,6
0.9581945668424002,0.3363121235868045,0.6945160502348998,0.5816385612820213,0.9784293552853884,0.5897592169925736,0.5202640375544108,0.6672248777365424,3,0,1,6
0.9573693542837162,0.3437916436475284,0.6925231630175227,0.5796443759648994,0.9789725686998136,0.588575973222148,0.5180727431654703,0.665350966526179,3,0,1,6
0.4221768487043229,0.439683893451995,0.9468074292038372,0.5881367016828289,0.633367172782342,0.6810451663628354,0.1200205801009401,0.1096096817851215,3,4,1,6
0.4041301992844955,0.439343670658015,0.9631186095641526,0.5698986809037453,0.6247791869974162,0.6723674773570745,0.1024426639951908,0.1249059926327769,3,4,1,6
0.0150854871232852,0.8712661220209887,0.2516306444415732,0.8953905830302599,0.2318094805069725,0.5385153659790783,0.0724693949266382,0.5957592387835876,3,2,1,6
0.9640293765723852,0.3400965279853574,0.694797683479126,0.5757465680997078,0.9826051080234284,0.5926967369380669,0.5137946364114266,0.6637732833838785,3,0,1,6
0.7114567963877119,0.6053394407543158,0.7749396149241139,0.9574457933119828,0.7781083807025176,0.7202123363200544,0.7980956113241304,0.4363022630094943,3,3,1,6
0.7196629984982693,0.5937376834642724,0.7719024210595758,0.9528324346134516,0.780889337043967,0.7229510761719227,0.8084933920154684,0.4253983884976903,3,3,1,6
0.9659401269302932,0.3370701400352615,0.6918140545828846,0.5830832990141391,0.9759976215143618,0.5981882069884231,0.5254095933951368,0.6753640202503637,3,0,1,6
0.960671623619328,0.3352177439952618,0.6953459275649236,0.5797221477096921,0.9777689844084176,0.5907989392539194,0.5177502153409627,0.667088770786929,3,0,1,6
0.729334176290239,0.6086187900880251,0.7599109695976048,0.95016729785523,0.7774015890315018,0.7224596427757838,0.8218626193453682,0.4274670960408135,3,3,1,6
0.4103106904386547,0.43421245255455,0.9523359398207332,0.5837547363838365,0.6322188641070093,0.6886923897858729,0.1212211174793617,0.1196719270343269,3,4,1,6
0.9636268151689824,0.3381167250645128,0.6911302327754851,0.5837213140612587,0.9794863663480902,0.5922700314699464,0.516666736192522,0.6703934099210832,3,0,1,6
0.4124706053142588,0.4374290862512438,0.9433997890762564,0.5818585403300379,0.629318952695421,0.6918484341564528,0.124085612409785,0.1229791456243177,3,4,1,6
0.7202634791604078,0.6083202404601201,0.7587314183544945,0.929503282061798,0.7607916223814309,0.6961735997615871,0.8128370105055143,0.4320091834110984,3,3,1,6
0.9508779768754172,0.3494340160873805,0.6798678152440254,0.5835479866871335,0.9745132079526512,0.5954839299422368,0.5081114321454782,0.6738562015427682,3,0,1,6
0.9524530468783138,0.3353129744024371,0.7002061589838482,0.5808890315857971,0.9716235249229208,0.5980695309865615,0.5201904178228862,0.6617453304474947,3,0,1,6
0.9548058026055504,0.3383480294344419,0.695318153043213,0.5745133647809108,0.979618950678122,0.5886699777915717,0.516647330347944,0.666315843458791,3,0,1,6
0.4209778491828703,0.4381760971429668,0.9334660021729156,0.5988633208474317,0.6240417868871249,0.668366606316953,0.1008801198304981,0.1152498851166413,3,4,1,6
0.4237778895671977,0.450959157917812,0.9523498586266756,0.5804128456869052,0.6267550884359226,0.6695618497115507,0.1359767816251308,0.1286625903299991,3,4,1,6
0.4060871128841072,0.4338820809047567,0.9554757779117496,0.5814465872541577,0.6325005983405012,0.6897730253370405,0.1102522314362796,0.1182567797796932,3,4,1,6
0.4034768839070655,0.4370075459243614,0.949600094885768,0.5757692620191952,0.6351044590516395,0.6862037872840484,0.1129278199882065,0.1088251143245656,3,4,1,6
0.3229871943481374,0.8194604894328794,0.6498005162931335,0.9137960223278064,0.2934143560192322,0.1687826910507921,0.2306948756518723,0.1225579762933828,3,1,1,6
0.3965736455267159,0.448063505797285,0.9387623397004315,0.5768238494346358,0.6135616201773744,0.6751041894790315,0.1264403865217688,0.1001955666855068,3,4,1,6
0.9586154919321976,0.3364714202349427,0.6927015510159532,0.577004710861068,0.9776335279291556,0.590989179472129,0.5183866830826365,0.6659371469551021,3,0,1,6
0.431738692162099,0.4235426271933014,0.9439093486316604,0.5878448320023758,0.643779349481486,0.7105268223594722,0.121914886767585,0.1239722524711174,3,4,1,6
0.728927741163969,0.6033214008403254,0.7780644686984246,0.940887832433834,0.7753346424965605,0.7123144541559069,0.8193284936494057,0.4303006245435644,3,3,1,6
0.9609138665946207,0.340050917077328,0.6979561816643033,0.5796610999461347,0.9798259249740712,0.5886493386110716,0.5229904000313166,0.6661238874878526,3,0,1,6
0.4061862266267332,0.4327881830061216,0.9518140888952772,0.5915139240602219,0.6291524502211733,0.6961707904689365,0.1159296944830873,0.1214291459426252,3,4,1,6
0.4109556624419144,0.4272079215053008,0.9505039551168952,0.5925593774709526,0.6249989452095591,0.6988173867988712,0.1264573634288773,0.1241570741089357,3,4,1,6
0.9492425817890108,0.3373855642037068,0.6880390301178105,0.5923097615331302,0.9711986874517048,0.5870629896500289,0.5078036420526476,0.6608334505529134,3,0,1,6
0.7057363137952081,0.5951248928781343,0.7716056432846061,0.9474868303373044,0.7801202814662128,0.7139300564409484,0.7979302056112141,0.4105709870173905,3,3,1,6
0.4081949685110435,0.4324768296892439,0.9473460779707492,0.5814467879889489,0.6349061527999972,0.6894379926902529,0.1177885018618538,0.1216221011402088,3,4,1,6
0.4109039228151558,0.4334892175214331,0.9517750289680484,0.5854857709334711,0.6336102409830687,0.6918779779303151,0.1200830632459085,0.1198870022612603,3,4,1,6
0.4402696190586954,0.4224846628842807,0.9210883531120596,0.5918917152275237,0.6207474316209369,0.6816930974733956,0.095983039418248,0.0942327917535652,3,4,1,6
0.7154959275876629,0.5914533879827292,0.7634703365993261,0.9412136227038064,0.7855868192785034,0.7141224966642342,0.8156034225427068,0.4165735447803725,3,3,1,6
0.7320818376028296,0.6025440092599188,0.7747672369790796,0.950182772090487,0.7971586958378297,0.7124076353935748,0.8054755121717199,0.4309886991359141,3,3,1,6
0.9573171239272662,0.3352723218169083,0.6922789468326026,0.5785408802099,0.9766293564489292,0.5905564642867616,0.5166884518368416,0.6694699880488072,3,0,1,6
0.9546974408403268,0.3319520412986311,0.6969978704536218,0.5823912655438999,0.9820937684994708,0.5883305966648784,0.524168060714211,0.6605628202307043,3,0,1,6
0.4102557078595398,0.4358088963367008,0.9494981257282976,0.5861693189241808,0.6344577577503643,0.6925719703211127,0.1169551040348962,0.1211446783212786,3,4,1,6
0.4199452743968811,0.4372394176538026,0.9474182323238022,0.5762205948005031,0.600519779251922,0.6916369969539989,0.0864339654866702,0.1076178541162496,3,4,1,6
0.9535754089477692,0.3362414456555422,0.6985545512573093,0.5759743420419512,0.9764030570775604,0.5830067311320838,0.5237228135605877,0.6634712966835772,3,0,1,6
0.4232619520794199,0.4380875807154546,0.94948021263828,0.5932708285516191,0.6288852321391486,0.6882577818464595,0.1117670322729697,0.1125761474394402,3,4,1,6
0.4124026370348006,0.4333138757316714,0.9503731296090924,0.5846562796998082,0.6340144555198755,0.691340674769921,0.1187974164278152,0.1208227449466182,3,4,1,6
0.3969386512693109,0.4236432653037162,0.9501859290277044,0.5770472122509821,0.6270927816774656,0.6966468435890009,0.1230156888617714,0.1104162198130051,3,4,1,6
0.7301609960510148,0.6044936853840696,0.7737715094269403,0.9412995178225592,0.7913966883007355,0.7254521901239648,0.7990425241443992,0.4167174420891854,3,3,1,6
0.7211645528350206,0.5997195688856822,0.7714245572413942,0.9485986161180556,0.7854704922839203,0.7176312606036377,0.8087425068772934,0.4196877508657212,3,3,1,6
0.7221678948446548,0.5954219060585634,0.7765213352421065,0.9433535509397024,0.7920736985574517,0.7168043425164465,0.8013104315435929,0.4141429513565923,3,3,1,6
0.9575369881691536,0.33519831284898,0.6934316746100432,0.5774241061960055,0.9755217397779248,0.5896404522812981,0.5191359769834971,0.6668937087845253,3,0,1,6
0.9585658621064328,0.3380924672519215,0.6939154614994663,0.5758142031916668,0.974250358706278,0.59213938743182,0.5212225550840958,0.6702089652838972,3,0,1,6
0.942871037218723,0.3434489826478729,0.6833590187346652,0.5857654395392844,0.966275025912972,0.5830115016234919,0.5350589029935499,0.6795380069688212,3,0,1,6
0.9549989409783824,0.3335823556970586,0.6962296764692526,0.5804477267575022,0.977036128565288,0.5864132436604267,0.5237716168250799,0.667621268236992,3,0,1,6
0.4186954493951345,0.4330698742727155,0.9487764188295515,0.5805140018932516,0.6348234189155557,0.6934268319668813,0.123111313127586,0.1281145011723257,3,4,1,6
0.7246733086099681,0.5968760475550869,0.7748292286949252,0.9510235956827,0.7891569334164239,0.7165536302838585,0.8095092652703018,0.423779860647493,3,3,1,6
0.957916538073071,0.3315007565421937,0.6939215370013854,0.5794610800128719,0.9729564132775428,0.5898842469641052,0.5206064186402791,0.66936575946967,3,0,1,6
0.4036533797241611,0.4402476938413686,0.9528870672454164,0.5854442749309813,0.6284824615091239,0.6925591411270026,0.1221304006780599,0.1148664511299368,3,4,1,6
0.4129358611122971,0.4340756505150108,0.9509016912777856,0.5846409880390496,0.6337095366780391,0.6892344680934738,0.1199750319462901,0.1263383182839786,3,4,1,6
0.9555049609173142,0.3340799119469822,0.6901992608997969,0.5778608097844948,0.9757973010413448,0.5887442050863229,0.5224034996996844,0.665681846016686,3,0,1,6
0.9567070538212082,0.3260616082088381,0.694854047249396,0.577176198708883,0.970665343852751,0.5839592375400379,0.5272956501023083,0.6615751067238406,3,0,1,6
0.4143819277293763,0.4302938706295422,0.9560545264860032,0.5812553972675906,0.6377922495696573,0.6933687313608986,0.1232436824798687,0.1184591947672303,3,4,1,6
0.9596437434926732,0.326504256680608,0.6820102432858905,0.5828941869176447,0.9846714723372092,0.5797000330392521,0.5213447711377457,0.6608558899526854,3,0,1,6
0.4124169233243004,0.430588338765926,0.9504532062693902,0.5863857112047619,0.6298300857180021,0.6931885810071298,0.1188122771247,0.1171149645477197,3,4,1,6
0.9615594525442008,0.3209028882118089,0.7029606127118491,0.5766865991033915,0.9668741128279602,0.5931038996239121,0.5306799586890966,0.6727546497534193,3,0,1,6
0.4162834768644115,0.4254195185749511,0.9580211000116762,0.5854370773066757,0.6225397258900759,0.6885046252596535,0.1082915235905662,0.129918902438461,3,4,1,6
0.9572649782096376,0.3201350955501121,0.6982274914532174,0.5776579716147071,0.9758860343176438,0.5959890501033047,0.5321688616810383,0.679251930960194,3,0,1,6
0.4118499155230047,0.434157431480978,0.9548387104288908,0.5822162777331624,0.6367501285609634,0.6932716108544191,0.1208860850623723,0.1217899865732375,3,4,1,6
0.9555314308596766,0.3354321646011433,0.6938444540581823,0.5766612508709263,0.9744045323004424,0.5884245592155872,0.5202347874615946,0.666370685589082,3,0,1,6
0.4135178326039848,0.4357316570788818,0.9517210906558796,0.5809942029793287,0.6349446344116194,0.6915967026338173,0.1202005421143388,0.1233407544886517,3,4,1,6
0.9569569681983738,0.3381734048011149,0.6915298957010857,0.577748892654929,0.976973182184782,0.5867310190702086,0.5236276292595159,0.6658081984228319,3,0,1,6
0.3215149877253976,0.8299016868445751,0.6461227977821103,0.9085148882303812,0.2886695564979497,0.1643433835227911,0.2328758671879957,0.1289354259028851,3,1,1,6
0.9467015202294464,0.3413186539134847,0.6832725033944499,0.5739467630295106,0.9737240141013388,0.5954943005495666,0.5283560612988378,0.6666043196672904,3,0,1,6
0.417763890883464,0.4505138980236788,0.9568054674652036,0.5963511346918621,0.6237651193744894,0.6923254954420146,0.123720166977921,0.1191472425850208,3,4,1,6
0.4208503042830281,0.4306922357594193,0.9559940823250518,0.5778333892618924,0.6350446122799421,0.6927881796287707,0.1294525856547212,0.12484569607077,3,4,1,6
0.4111332932039068,0.4331647834777739,0.956353423198091,0.5824403709917837,0.6391653338585872,0.6971800382393326,0.1188709665900132,0.1263319272012371,3,4,1,6
0.4129767923782851,0.421736020304667,0.9397359801124748,0.5667953022807525,0.6515242361467027,0.6810421886421713,0.1079466506512419,0.1087193500319495,3,4,1,6
0.94887874529452,0.3479191504905503,0.6951486156920421,0.5947384776496688,0.9551655156476392,0.6005027448617242,0.5060301216303963,0.6678087197086533,3,0,1,6
0.4097981210218923,0.4348541724921055,0.9522963147239356,0.5825776240720854,0.6348903909708468,0.6933391563279988,0.1200578788911642,0.1219850653437166,3,4,1,6
0.7229535384626613,0.6077083709874712,0.7683224314614294,0.9495775057345924,0.7832146878161155,0.7225238989534146,0.8146709924461953,0.4139544920373207,3,3,1,6
0.4073086478232589,0.4299784180918762,0.9593094483547244,0.5884645933900532,0.6325625769817896,0.6982231143967171,0.1196229718581288,0.114560815180843,3,4,1,6
0.7125561085765963,0.6065409313377222,0.7688867321978253,0.9561631657083738,0.7803165617946511,0.7230524772019508,0.8231776747601154,0.4217601925621974,3,3,1,6
0.4065177918728944,0.4370881601066532,0.9453021981707505,0.5770561240578382,0.6282350932270445,0.6891200425671585,0.1260698661430946,0.119083000767013,3,4,1,6
0.4136209411822765,0.4368532809272325,0.9518039311985595,0.5929124284539242,0.6402088161576936,0.6996562250514919,0.1129301094339119,0.1307320029038808,3,4,1,6
0.3963629050830648,0.4564182016028482,0.9407034318798816,0.569466559573755,0.6306870000939888,0.7060446774494581,0.1393067493698278,0.1416331499367612,3,4,1,6
0.4073376570568144,0.4388170004786685,0.9502314368282868,0.5885747671558372,0.637374208831392,0.6903598472618622,0.1266178476973318,0.1160912047823273,3,4,1,6
0.732532910485334,0.6026755335143683,0.7754073232172974,0.9484676091716638,0.7950456420819725,0.7100401458879524,0.8254939041620715,0.433009090034126,3,3,1,6
0.9614874092333896,0.3331755518449221,0.6982457451216973,0.5691769946319153,0.9839602995369684,0.5944754767992712,0.5128164563214058,0.6637852793714604,3,0,1,6
0.9540947063917368,0.336174395312911,0.6921465015040587,0.5834840433756076,0.9697545928839896,0.5917049902480027,0.5135147394835644,0.6751330873038273,3,0,1,6
0.4107174703154488,0.433440966262956,0.9512595415270584,0.580778856556008,0.6341603302120603,0.6936733420086667,0.1200052452996764,0.1203687758394821,3,4,1,6
0.9598223323334512,0.3441462459676529,0.6915277460176555,0.5605089220843618,0.9645052510046124,0.5789651902964943,0.5304242556853626,0.6608067164849093,3,0,1,6
0.4160271155632715,0.4319524661348669,0.9562301790879526,0.5842447317201442,0.6286966298800974,0.691025912263648,0.1191774394920416,0.123117305749654,3,4,1,6
-0.0068112907992998,0.8481788498034147,0.279828713633024,0.8815957403872057,0.245414021806851,0.528754750185214,0.0854156968728969,0.6076501491850994,3,2,1,6
0.4271123566082558,0.4509442408760504,0.9584739246564864,0.5892008000365089,0.6463612894695635,0.7091676285632866,0.1255403682650508,0.1363845064823018,3,4,1,6
0.4134744042693169,0.4203428961830765,0.9664586384252238,0.6034938932101346,0.6467852248060793,0.690355584479563,0.1318843059782687,0.1152060655900074,3,4,1,6
0.7188801556079311,0.6024963408805296,0.7691958949428905,0.9458127999010508,0.7849897480081163,0.7197248484641886,0.8067329929536187,0.4185426818333201,3,3,1,6
0.725127790703305,0.6041456719290772,0.7714287791858275,0.9532237491605168,0.7952126126985619,0.7065206373624069,0.8002879716703002,0.4264939070580311,3,3,1,6
0.4128204665518142,0.4368954189765838,0.9511261756060004,0.5806131452578057,0.6304674209751855,0.6912342714591624,0.1202300268006619,0.1232720899873273,3,4,1,6
0.9580079506161624,0.3425943248330345,0.6849197889529272,0.5795953210678565,0.9794603503944096,0.5939321934830182,0.5221258535585523,0.6736547090630333,3,0,1,6
0.9597496549185982,0.3372853500037902,0.6885519837509486,0.5721669700625853,0.9780479367753182,0.5848722214501795,0.519694865478987,0.6717700650784458,3,0,1,6
0.9648513981416602,0.3226113413292598,0.693899167512857,0.5840159333000076,0.9846767612401884,0.585290969569909,0.5343773457138404,0.6587074343140716,3,0,1,6
0.7191229470673874,0.6007703047412297,0.7709928670896843,0.9484682279795676,0.7870021676205765,0.7196637031028758,0.8085275692290139,0.4169409120225621,3,3,1,6
0.4083955308331977,0.4386596162200134,0.9534040088809208,0.5832308987826317,0.6316493876862636,0.6944984296237653,0.1206812135716036,0.1205125808591111,3,4,1,6
0.4118973919880058,0.4473955323412153,0.9536540496379527,0.6000830212435575,0.6452069535042693,0.6910165619362056,0.1363042458555394,0.1311474973462576,3,4,1,6
0.7160440195596544,0.6009418988424486,0.7689161662965329,0.945794436660047,0.7862790027674191,0.7176551349035597,0.8120575926947334,0.4159989090779291,3,3,1,6
0.7199887059797434,0.6010376350934244,0.7698328789914117,0.9464574115748878,0.7873293238388911,0.7185435175649744,0.8097241134754278,0.4154196416715595,3,3,1,6
0.9563906640624744,0.3321648987169506,0.6909826792251024,0.575479207606028,0.9743199323475186,0.5866546087425564,0.5208877725240739,0.6673318316412505,3,0,1,6
0.4148481003959465,0.4327018438263226,0.9515089283583016,0.5768994355210113,0.631387495841027,0.6943825407746922,0.1237244478583064,0.116932217539879,3,4,1,6
0.3308920722409453,0.8319363508209507,0.6485365357090968,0.9167455512618642,0.2928628731320161,0.1683288347719302,0.2255275925085616,0.1262967824493442,3,1,1,6
0.411937767474119,0.4377217712613873,0.9547476604375362,0.5810674286389761,0.6336545417248682,0.6945065339188643,0.1209987122782773,0.1210204693651776,3,4,1,6
0.9477761215093924,0.3328214928938696,0.6877209283788032,0.557267352607155,0.9780397696965616,0.5803896609219725,0.5035296801023502,0.647911892723595,3,0,1,6
0.7281868005662943,0.6095232120901166,0.7618699081592705,0.9567294112744196,0.7963155847819762,0.716393078228718,0.8016400141294048,0.4201698417219542,3,3,1,6
0.4193372498562764,0.4446469761957361,0.9459285480323916,0.5820397388727769,0.6329622209228072,0.7040102280812286,0.126490374076479,0.1286131776875105,3,4,1,6
0.405688220038829,0.4346109304693629,0.9591824319540831,0.5807052154401292,0.636015984348934,0.6972922863976642,0.1210381110507298,0.1214961237171377,3,4,1,6
0.4106750768715145,0.4365062530846786,0.9531779181400688,0.5815757638304422,0.6337332658175675,0.6949914515586265,0.1216716813778025,0.1216157970012765,3,4,1,6
0.7214664753839962,0.5981014637276109,0.7602105599412762,0.9489336096680144,0.8024308895348116,0.6848188666275403,0.7977456673622183,0.4129995287180625,3,3,1,6
0.9601492597501236,0.3297547281221661,0.6927114389611391,0.5814350274762874,0.9765486992381333,0.5930979506817163,0.5160191444937018,0.6708927163723629,3,0,1,6
0.9584371829741656,0.3293290165465378,0.6931854411666618,0.5759017023007739,0.971101094575024,0.5893187632121535,0.5198828605879939,0.6632748096524946,3,0,1,6
0.422551542225369,0.4127818371145053,0.9470454240919592,0.5724927099391279,0.6517224658327828,0.7108398123692773,0.0982956173155687,0.1204426511666417,3,4,1,6
0.4051119291581753,0.4317286294252123,0.9490177256370664,0.5880869391873453,0.6331525032843043,0.6945626206561701,0.1228496334008582,0.1207265117486999,3,4,1,6
0.3971465516045503,0.4433867321037558,0.9505653322568566,0.5910828153760935,0.6291310788848554,0.702817592559214,0.1068990599823827,0.1342957889537252,3,4,1,6
0.9559762944946342,0.3293034470453524,0.6901873525261054,0.5733012570132735,0.9717468211061968,0.587662285617041,0.5191426530330797,0.6688133529255433,3,0,1,6
0.9582716250051592,0.3246417015800308,0.689527908210674,0.5665515420263714,0.982160927203122,0.5890398240419039,0.5320764114762623,0.6723254206027268,3,0,1,6
0.4092863506361489,0.4359443778857431,0.9541431985891778,0.5829295073327017,0.6328044163888613,0.6967761337038099,0.121992474850741,0.1212710126858911,3,4,1,6
0.9464973101822608,0.3304813237336357,0.6860981347248621,0.5829778664755834,0.9823487198091572,0.5959757937172708,0.5111759892098817,0.6733968275016473,3,0,1,6
0.9538999668213912,0.3291282999753709,0.689751809905266,0.574332289117776,0.9758593775894222,0.5883343326073808,0.5235612267018847,0.6656216711489086,3,0,1,6
0.4049362188272636,0.435022042181765,0.9593617720892544,0.5793845961717344,0.6341740887747079,0.6979261511971445,0.1275604109279264,0.1238881660979505,3,4,1,6
0.7196928708183329,0.5907880794922864,0.7626025167517869,0.948489383684871,0.7844498175618329,0.725092258215856,0.8086929386549702,0.4106619519093188,3,3,1,6
0.4099723723067439,0.4243801285219167,0.9501885876472892,0.5763260215236726,0.6194695912906328,0.7067081872015497,0.1128799371798249,0.1228185445100077,3,4,1,6
0.4102190786289294,0.4376973573628762,0.954662000180555,0.5819305676081262,0.6328253689304351,0.6956347939017278,0.1224417034689796,0.1221855861317735,3,4,1,6
0.9558682065336348,0.3361214707679242,0.6856114260957575,0.5783571147758694,0.979362512195832,0.5913396490185876,0.523947809274695,0.6630191745683551,3,0,1,6
0.7253505351195534,0.5942254300081106,0.7742755522623546,0.9399191831907964,0.7934897117562121,0.7179634231744894,0.8174750107491012,0.4223350165882396,3,3,1,6
0.958585590777746,0.3287546624413665,0.6925718364208212,0.575881864702958,0.9714486975819564,0.5864831301214348,0.5185049250709785,0.6660914248692432,3,0,1,6
0.7174863833253574,0.599802385561031,0.7699698257470062,0.9473572099847216,0.7890730154868048,0.7205730347058757,0.8090731737501422,0.4156613917616092,3,3,1,6
0.9604379825803334,0.3225173172026708,0.6994583287077841,0.5597752030253427,0.974337321893079,0.5893994558796407,0.5140487639387774,0.6664465992979478,3,0,1,6
0.4140581793076227,0.4401283875080181,0.9423520908609794,0.5926150781070961,0.6445254558660738,0.6938364992805722,0.1270086318698032,0.1201655829029648,3,4,1,6
0.9540685971398216,0.3291216417224565,0.688189924632295,0.576127650598319,0.9751118239067506,0.5867539033133091,0.5204595795061012,0.6682181316845811,3,0,1,6
0.7295702823049502,0.6051028391332495,0.7697843379797101,0.9565020808497422,0.803942247531119,0.7312653967905403,0.8057189222854295,0.4310250564997896,3,3,1,6
0.4021471180619861,0.443731138618089,0.9538193859044736,0.5860739548008389,0.626094485836821,0.6933020790256847,0.1238935034125847,0.1173537731543401,3,4,1,6
0.4163986174278922,0.4482240980917997,0.9572628485485296,0.5831399245362462,0.6268094820291189,0.702972568038419,0.1282496816193061,0.1234239500793047,3,4,1,6
0.4150615232154647,0.4340774979317234,0.956102873156548,0.5843817485607922,0.6319482980310814,0.6964560015941517,0.1217191046861353,0.1261737351158817,3,4,1,6
0.4163100562363808,0.4258163248723773,0.9521983812965314,0.5795381500063115,0.6417060576048553,0.7057825787008581,0.1305939641392295,0.1201374710997537,3,4,1,6
0.4079245033618731,0.433799300184995,0.9463265781623756,0.5823563472761992,0.6371280630070979,0.7079960405287554,0.119223903748453,0.1270013548277766,3,4,1,6
0.4128447283080677,0.4434727640110607,0.9614076001651032,0.5785552433613318,0.6390754452750426,0.6959971365055805,0.1301052554356772,0.1351909946394061,3,4,1,6
0.7174019309067734,0.6027174053741264,0.7703031611197384,0.9491910478223512,0.7877961855517053,0.7209026076215168,0.8091659948750898,0.4121399257061839,3,3,1,6
0.4070326303468236,0.4410329922364718,0.9568588620885446,0.58175229863925,0.6366794240870864,0.6986454917701006,0.1229660895444563,0.1179890896248417,3,4,1,6
0.4222689445936324,0.4457512810224351,0.9658569358115378,0.5680828607296055,0.631127552486926,0.7023760975268518,0.1250206335021933,0.1139058304704282,3,4,1,6
0.3253709957386201,0.824564168154066,0.6619071560649457,0.9206392872067736,0.2950999991992463,0.156946423167693,0.2393725103202399,0.1246753810628077,3,1,1,6
0.3872960395828505,0.4375950783814131,0.9545673184478204,0.6066092129005181,0.6212310620368156,0.6831484994036806,0.1521351756720674,0.1099358454649573,3,4,1,6
0.4096991687373116,0.4301741240137295,0.9547144114148997,0.5753876133383194,0.6391756245869429,0.6983499102474875,0.1256413703572623,0.1276553633570032,3,4,1,6
0.7132500454389303,0.6005856146548688,0.7670630375310112,0.95272942385494,0.784160363334917,0.7266306748042907,0.8077786587004447,0.414503790114854,3,3,1,6
0.9518371800568676,0.3273389317547814,0.6883903105694463,0.570568091341429,0.974330830398056,0.5866516995791703,0.5234226550141889,0.6695016544456355,3,0,1,6
0.408621608523086,0.4390376893627298,0.955225665126613,0.5830267064567475,0.6305409905748801,0.6995520631664537,0.1201817525165816,0.1238141225106625,3,4,1,6
0.715437720463882,0.600853157666321,0.7681481929780642,0.9474963380793376,0.7894128893184355,0.7219087153046218,0.8094062783018928,0.4135745523772877,3,3,1,6
0.9472935043329191,0.3252062438515533,0.6884357826676685,0.5781471879225732,0.9670134873052784,0.5831330215994919,0.5195901453621746,0.6687471738970413,3,0,1,6
0.4117899301325131,0.4408042325085994,0.9530136644770908,0.5828881577858394,0.6299897411715802,0.6971868585669526,0.120169049551258,0.1188263116767451,3,4,1,6
0.4065502272495161,0.4386785355173092,0.9617716325740387,0.5830347961922143,0.6317402622337565,0.6950680528599384,0.1227247670699877,0.1159753182042537,3,4,1,6
0.3253487329494157,0.8331023020788436,0.6475799836490158,0.9071674541623818,0.2877735436021771,0.1635766197064699,0.2327420823444503,0.1308907866477837,3,1,1,6
0.4096375020076682,0.4372701624081176,0.95398936902931,0.5824050946619246,0.6312889898976203,0.6960577022039133,0.1223698318102788,0.1234644117169679,3,4,1,6
0.9434078896616694,0.323534193879923,0.7022096963459676,0.5631088635078123,0.9640419013190704,0.5812204629569387,0.5352256440013481,0.6690432165751221,3,0,1,6
0.4101923828462145,0.4385802163715953,0.9570375051980812,0.5787810189015028,0.6338910804623644,0.695876569143866,0.1230452813218942,0.1213155803911217,3,4,1,6
0.4118453042394155,0.437507288532974,0.9563059387531232,0.5825934064315849,0.6318203824279846,0.6978283810949467,0.1247705315409747,0.1251319088658101,3,4,1,6
0.409910569128655,0.4388777011321795,0.9558880791315858,0.5805914854502195,0.632629109822271,0.6974648399120009,0.1241311633085924,0.1228681116999008,3,4,1,6
0.7274001626252378,0.5966341391330838,0.7536889489051469,0.9572425458004484,0.7778568183343033,0.7326831358626019,0.8009650853944023,0.4142467089293712,3,3,1,6
0.9548367464859332,0.3291104240327102,0.6887332087662201,0.5735519451402603,0.9723421421664104,0.583635980256528,0.5221624831026042,0.6671307309115032,3,0,1,6
0.4064264580283397,0.4434561278745725,0.9557712300022616,0.5747959572003145,0.6243584052028848,0.7083194957831074,0.1138776781911615,0.130474691402207,3,4,1,6
0.965554039144068,0.319608929743152,0.6696669919048721,0.5736215691348467,0.9827845539587006,0.6025714928408771,0.531493302760684,0.677476569573569,3,0,1,6
0.4092121044107329,0.4397219175191081,0.9556937774650852,0.5810810230316468,0.6334405033611169,0.6977890881467658,0.1248493554391696,0.122789868643621,3,4,1,6
0.7056701046134506,0.5880644427610544,0.7608165501017052,0.9332636711742064,0.7946056996309565,0.7169450361240385,0.8238277095169485,0.4060810304551612,3,3,1,6
0.9461433856786188,0.33010630255928,0.6827598370960659,0.5835635178172667,0.977404018396387,0.5786903557486691,0.5208187125044874,0.6755528680238433,3,0,1,6
0.9545331328926338,0.3295954578887899,0.6904085905618247,0.5723738558785788,0.9725397331218532,0.5872668488381515,0.5195062934174446,0.6664088774676787,3,0,1,6
0.7211497078240241,0.6000461770484304,0.7655098068209989,0.9466658968904994,0.7855617793019076,0.7200482433917677,0.8130288449686222,0.419761000966314,3,3,1,6
0.9580192644187536,0.3377184452994752,0.6803308126854078,0.5834881300437076,0.97480137328928,0.5925648289590716,0.5299008166602596,0.6587423886596971,3,0,1,6
0.9550877258577676,0.3252396445969773,0.6849803342762205,0.576408735353589,0.9726565830221172,0.5858974194597947,0.521190607908863,0.6669260286116404,3,0,1,6
0.4048549741197408,0.434282039740863,0.9480361757375074,0.5775493795314582,0.6223323239531561,0.7044727604046869,0.1290666145897487,0.1173197970147093,3,4,1,6
0.955852392829217,0.326576696338968,0.6864537396343048,0.573259810700011,0.9733628491187964,0.5862352584427021,0.5222000915457943,0.6693236392867004,3,0,1,6
0.9566505784068008,0.3370613067765553,0.6786708736080886,0.5711447320190668,0.9715668015004444,0.5905850420681101,0.5267059452535346,0.6757571457248541,3,0,1,6
0.4015376462220738,0.4425119892363809,0.9526970158194534,0.5855190768441549,0.6290297701685373,0.6991279367119531,0.1182772018204836,0.1253909914964149,3,4,1,6
0.4052341087318668,0.4483774856776354,0.963500118417812,0.58456188902908,0.6387821326570148,0.6913669152741734,0.1193637500969964,0.1302999491784663,3,4,1,6
0.9612983943062352,0.3111422481480501,0.6787490459700868,0.5648308959689333,0.9672709792188314,0.5766962533919855,0.5290305539465826,0.6592995016306401,3,0,1,6
0.9549666995616576,0.3249714215611088,0.688545575059001,0.5716944575388493,0.9718077433845288,0.5864098348049372,0.5259730906672535,0.664088858755965,3,0,1,6
0.7144342424088551,0.6034140050450544,0.7706309120214576,0.9385953319068204,0.7922099412094962,0.7228664739862684,0.8120458659467685,0.4109026506716475,3,3,1,6
0.9494174422492316,0.3272271984211273,0.6807407432347808,0.5681186749607758,0.9680968728217284,0.5872162031560973,0.5154398433439162,0.657727312781811,3,0,1,6
0.953639076299747,0.3289539633401154,0.6896752035048528,0.5736095715971294,0.9691764573468776,0.5835383933510054,0.5236381588361806,0.6668284790980681,3,0,1,6
0.4184137280657244,0.4545202117306594,0.940792049103118,0.5869026927503698,0.634514368245955,0.68125132420068,0.1055754124410949,0.1417309937068743,3,4,1,6
0.9528946200497984,0.3275750098003014,0.6865207468764004,0.574100301999407,0.9708781674576732,0.5837135165745281,0.5232180490570499,0.6679046464619238,3,0,1,6
0.4144177818091055,0.4374236114717824,0.9604145615269998,0.5806499717759069,0.624507766703269,0.6917318379359458,0.1193970446768295,0.1160109296222486,3,4,1,6
0.4091463933840792,0.4417412558586461,0.9541976303692752,0.5793948083294048,0.6331930703231801,0.701457020004068,0.1281422630825102,0.1229402281220007,3,4,1,6
0.9540150832669808,0.3239390053087977,0.6874435850536654,0.5727784277671105,0.9696764319298692,0.5843859329095794,0.5239791636044746,0.6718864400823946,3,0,1,6
0.9484214339042988,0.3274648316178747,0.6902460915627672,0.5748588195487858,0.9696817541502928,0.5886291711359132,0.5249044245917104,0.6634079915316659,3,0,1,6
0.9547935221025112,0.3279279761199889,0.6874911803118914,0.5727081059563792,0.972199709802226,0.5828701622470881,0.5224540452246017,0.6671365636951724,3,0,1,6
0.95102473680776,0.319858169686911,0.680781246000734,0.5652635793574293,0.9637039102443856,0.5931264587231332,0.5073218190313029,0.6702803763262578,3,0,1,6
0.9539377446548052,0.3220818934839068,0.6947868341615612,0.5677852464440317,0.9779424556196392,0.58713467994725,0.5314698108704045,0.6622176152517417,3,0,1,6
0.9540653249372212,0.3295891083489275,0.6869455018566936,0.56979533303316,0.9717331085916976,0.5866246864122803,0.5201162150597012,0.6652180024990775,3,0,1,6
0.4005309520965268,0.4306888258087957,0.9683029197571076,0.5672660459266692,0.6338429543004727,0.6998935104515291,0.1262564875882126,0.1117712658611208,3,4,1,6
0.7119910717491794,0.6013538235349191,0.7676354370033351,0.9443008393492224,0.7944515509114431,0.7231586277694201,0.8096103005317837,0.4094169945028362,3,3,1,6
0.9530866417807768,0.3237076551431784,0.6906113630567584,0.5690308341998702,0.966641405834626,0.5776265060115469,0.5248869246770868,0.6749755348648603,3,0,1,6
0.9510029171956866,0.3287970601344949,0.6936501035158846,0.5818208613455602,0.9571662331115012,0.5827094380342684,0.5091778727962447,0.6794211243520918,3,0,1,6
0.955123616722379,0.3237233163142893,0.6878013604052172,0.5689079112192786,0.9711356168462684,0.5774071313394197,0.527518791008045,0.6676103333161608,3,0,1,6
0.3186318756341875,0.8385873163823402,0.6522196186306923,0.9138726098677769,0.2818833981386885,0.1638335510974422,0.2316588533861026,0.1239841113129212,3,1,1,6
0.406721869314946,0.4415561399297563,0.9607370440424454,0.5795176727627762,0.6432506156353308,0.6938331034011512,0.1174860991788098,0.1238145286241247,3,4,1,6
-0.0173477060646206,0.867062773069619,0.2485919754970391,0.8719637150885605,0.253462652330915,0.5441932601788243,0.0921001542548312,0.5741358913976339,3,2,1,6
0.960166301162934,0.3319293660415509,0.6798268127193214,0.5687956095167318,0.9693629338512424,0.5774210287122342,0.5263541397260488,0.6602213377030645,3,0,1,6
0.9542862116457554,0.3267364975177587,0.6867203017668924,0.5721405753273664,0.9719782678441852,0.5824871102655499,0.5230288060965268,0.6672307259735145,3,0,1,6
0.9526307869931856,0.3176539475172156,0.6851415004888425,0.5679458770736683,0.9643394812227866,0.5917667241500315,0.5280148973175398,0.6623653304501169,3,0,1,6
0.4122050529935424,0.4425176023797615,0.9569725036564674,0.5752613581934183,0.6286694161650994,0.7039816951645586,0.1254802744937887,0.1183853940057744,3,4,1,6
0.9573984597185304,0.3265968944972479,0.681210456908281,0.5678241168235929,0.9653872870287188,0.5810426486134489,0.5267082328974109,0.67279282293244,3,0,1,6
0.4105709109042848,0.4392018236139905,0.958535275908296,0.5770739707435233,0.632051218195375,0.6994613227750781,0.1237355525621022,0.1222324885480616,3,4,1,6
0.7153724524440962,0.5977310220643769,0.7678315934783436,0.9479938807059176,0.7925401965688097,0.7239693823816297,0.8090236400436202,0.4116360347091576,3,3,1,6
0.4022351839870265,0.4365323420668678,0.9573536896819892,0.5694478106081958,0.6259798074922317,0.7056058859948517,0.1269063780660751,0.1166572399891543,3,4,1,6
0.4044749143398938,0.4411797256714075,0.954163784981921,0.5746706073275881,0.6364724597518967,0.7027948549447897,0.120401253179636,0.1259006076997414,3,4,1,6
0.7149443293213986,0.6011484495938445,0.7651347442864499,0.9428264497549912,0.795585506454224,0.7257952721486014,0.810372810019872,0.4142111549486021,3,3,1,6
0.0001959461431678,0.8636901566275018,0.2508924158521611,0.8930458380395847,0.2332846649085188,0.5575766483046899,0.0813546649240856,0.5943789746338806,3,2,1,6
0.4126296613402436,0.4639607259131271,0.9570240111714392,0.5728268863702481,0.6452941271689439,0.6962265478295755,0.1099304519943532,0.1181425031278144,3,4,1,6
0.954099866780164,0.3252255855251555,0.6873457006706708,0.5722961573997926,0.97278496668339,0.58053092680158,0.5222695188952213,0.6681713167317405,3,0,1,6
0.4088136703261625,0.4412224898316246,0.9579906803794044,0.5790512298620811,0.6321052571665327,0.7002061798543584,0.1259766289584292,0.1237936828980397,3,4,1,6
0.4106653595462779,0.4382075278801218,0.961926641712578,0.5792488318003952,0.6268701532705643,0.6985543224938182,0.1253820564548168,0.123962012129285,3,4,1,6
0.3216107109442117,0.8449347840177773,0.648501171798369,0.913423959605576,0.2926082474326107,0.1601819291196397,0.2290819838723818,0.132247529330785,3,1,1,6
0.9503986128804232,0.3384073779594418,0.6762929402339368,0.5801896167420698,0.982476766372551,0.5744314098687915,0.5124879093250494,0.6642987379885189,3,0,1,6
0.95463312690352,0.3258344244792455,0.6863219841311351,0.5716980157112254,0.9723817278721364,0.581590019478915,0.5229969018549663,0.6675785426506038,3,0,1,6
0.4003575166670121,0.4622197031810898,0.9603360794990312,0.5875570299929994,0.6420583174069872,0.7231045535363907,0.1495737940818876,0.1286556198424931,3,4,1,6
0.9573831427978216,0.3234695181857388,0.6798070447707664,0.5692430448781899,0.9728378334755842,0.58700418217458,0.526003519730578,0.6726739686715003,3,0,1,6
0.9539617432800612,0.3257772171617314,0.6860220691930733,0.5716458078632768,0.9715500225005445,0.5813988120075616,0.5236302372641648,0.6671670936097918,3,0,1,6
0.7109851916268121,0.6016947272695288,0.7649278136678153,0.9414433930402336,0.7982317225988269,0.7198212054412807,0.8051967821366199,0.4090968631280594,3,3,1,6
0.4097675087736889,0.4399753508581526,0.9574998332705916,0.5773400865768372,0.6332222970930197,0.6990366658089063,0.1257091880319847,0.1249233600842408,3,4,1,6
0.3954942151142774,0.4637973594793649,0.9563031787118432,0.5971672953657701,0.6168526690175797,0.711328861425428,0.1224921051983159,0.1323698062989757,3,4,1,6
0.9532505598655808,0.326708249986928,0.6917341806881757,0.5689316997398782,0.967468087741166,0.5780684745714987,0.5266825055698195,0.6673878800447124,3,0,1,6
0.9569539400507115,0.3291842920579017,0.6860500269277711,0.5704100045197538,0.9734379604828096,0.5845442597214964,0.5272925729103883,0.66843734231325,3,0,1,6
0.9581006070024845,0.3270516463317603,0.6936529934431983,0.5698871455977209,0.9794990093637737,0.575547945559483,0.5177551517321216,0.656786175908693,3,0,1,6
0.9535338932923876,0.3264363265234336,0.6861648855361576,0.5705001628964491,0.9708412587989912,0.580245034727919,0.5230920716874106,0.6682839794959614,3,0,1,6
0.7215922154495618,0.5896557131776738,0.7654811678013591,0.9365081184643872,0.8059527395443374,0.7273373772605862,0.8280918564335301,0.4264587731048672,3,3,1,6
0.7128787917719575,0.6119983296534038,0.7741257319418601,0.937604260531997,0.7815111208584526,0.737615317931376,0.7944155978565405,0.4144545654482748,3,3,1,6
0.3227419917201612,0.8413968128589754,0.650044666906484,0.9052650167194009,0.2881620221730493,0.1564280794113473,0.2347500521663563,0.1315974176847156,3,1,1,6
0.959418892551158,0.325746530250277,0.6816619145790014,0.568417503030979,0.9678537647694316,0.5732835977392338,0.5254547002873484,0.6674747505552441,3,0,1,6
0.9636863347563184,0.3175077239926204,0.680280937676655,0.5676118878697165,0.9664005209847806,0.572874169492995,0.5234361198242192,0.660930854517252,3,0,1,6
0.7131617022371648,0.5999829737793111,0.7714681106393346,0.942246944998498,0.80042388812066,0.7203422477898256,0.8129101399284536,0.4125541360604402,3,3,1,6
0.9556627456569023,0.3244615303062573,0.6870343035451489,0.5713073922706456,0.9715503683824224,0.5818396415131435,0.523177816323672,0.6650360555642423,3,0,1,6
0.9337102055566344,0.32164322934579,0.6909967497533633,0.5548960322288495,0.990417923945224,0.5886642989432476,0.5304294545868204,0.6612908881410965,3,0,1,6
0.954740023338384,0.3257822185511282,0.6858053537892949,0.5716632572911978,0.9698370774721096,0.5788967515099188,0.5256571353843806,0.6675442605699157,3,0,1,6
0.4012577295091591,0.4405814775388644,0.9624519699197664,0.5719939033145311,0.628228400211575,0.6988587101967363,0.1197423467051416,0.1164211006047597,3,4,1,6
0.958183637829402,0.3257536503366937,0.6873930867601057,0.5772673117781894,0.9788225265218296,0.5888137167355286,0.5252751367188389,0.6763366252553602,3,0,1,6
0.951930938637234,0.3219463474067149,0.69041327664395,0.5754464441738693,0.9749487351412136,0.5783157575301144,0.5285121161458732,0.6678540184981375,3,0,1,6
0.9454442374714436,0.3226280556828484,0.6773090566601371,0.5720521312721314,0.9753287662464508,0.5761895742972857,0.5322808446252119,0.6594147402754496,3,0,1,6
0.9559764267723252,0.3288838586446205,0.683714678580219,0.5699927668460619,0.9702079221418956,0.5784003752467012,0.5255848705881087,0.6712324744910223,3,0,1,6
0.7287323973485098,0.5919972317030852,0.7687869319975335,0.944954086623262,0.8049978726448934,0.7163234063473772,0.8093254522679981,0.4092852406538678,3,3,1,6
0.3278955305995337,0.8412496205677353,0.645235952532424,0.9062877891790608,0.2866871682720968,0.1587203762541823,0.2367384535516724,0.1306437248452994,3,1,1,6
0.95368394188295,0.3242883568211941,0.6844614085734545,0.5708027423517049,0.9711939738216326,0.57970117766059,0.5245869513262973,0.6671206663245048,3,0,1,6
0.7130326745677641,0.5918510998845852,0.7761369570417643,0.9370920298596472,0.7973823460761748,0.7279963168909254,0.8135172338822272,0.412652443974389,3,3,1,6
0.946296307288288,0.3088467121080363,0.6915776477812595,0.5729605332672946,0.9541903364649996,0.5632394100411173,0.5326584664960413,0.6706650083483798,3,0,1,6
0.9605933862743607,0.3154845728183322,0.6780230070826319,0.5625426922355135,0.967355060452916,0.5897575870595003,0.5272274822021936,0.6584241753811867,3,0,1,6
0.951658758509207,0.3261632897050214,0.6864824355505517,0.5733303177053588,0.9686771774291756,0.5816003653387323,0.5231288864913527,0.667432932445742,3,0,1,6
0.9541690358498316,0.3254789949099729,0.6856991195480926,0.569929189965614,0.9713692062585,0.5792312312463388,0.5241093997424543,0.6672252479395712,3,0,1,6
0.7119516463257575,0.589818187763452,0.775711713809248,0.95787568443739,0.7865906758749518,0.7347328310176113,0.7973092674667897,0.4236079796359428,3,3,1,6
0.9504532161209313,0.3203374007803963,0.6849976106426505,0.5701169341072398,0.9669678419475844,0.5763657343775855,0.5206570701559626,0.6706125618134071,3,0,1,6
0.4075055325280853,0.4345011394530296,0.9534366830930112,0.5855387483944992,0.6385828918542847,0.7024061308139061,0.1324312810071467,0.1280912434421797,3,4,1,6
0.4057384592292594,0.4423376007764398,0.9545913162481574,0.5815573692811136,0.6346857962400085,0.7082495068810423,0.1222305925160693,0.1236387526761413,3,4,1,6
0.9568893203470168,0.3254237860482415,0.685630058704626,0.570659272053849,0.97398353457257,0.5821090559100489,0.5271554875204209,0.6708336513758875,3,0,1,6
0.9529491324608708,0.32429010937295,0.68428184326769,0.5714436258264126,0.971389021497981,0.580180544194933,0.5246726007998377,0.6680382788867689,3,0,1,6
0.9588156808066576,0.3165348802404584,0.6869172750098546,0.5799838987312046,0.97291548081402,0.569790836982886,0.5359744314581754,0.6610421218960546,3,0,1,6
0.7169607551070257,0.5980641752734126,0.7563341376825445,0.9331967828014764,0.7843122576809375,0.7189195856466402,0.8034970151334606,0.4186986713402573,3,3,1,6
0.4216088202273944,0.4485838140232324,0.9779780778028944,0.5787176391254193,0.6330309241315872,0.7149734799029246,0.1382479252876738,0.1204147266965389,3,4,1,6
0.4186736697610552,0.4430975373752466,0.9542912386529236,0.5748302183467904,0.6213141999565678,0.6992427288637475,0.1154358460316986,0.1350061045133099,3,4,1,6
0.4167877326229537,0.4215590266207691,0.9761313139091596,0.5819703222702155,0.6164423055305239,0.6885484872896716,0.114880760299557,0.1372820016981604,3,4,1,6
0.952901077298702,0.3231821084287098,0.6845574581833516,0.5701773499068254,0.970102535813041,0.5788933471129916,0.5249193701411533,0.6677532180633362,3,0,1,6
0.4026096381937805,0.4452083045818616,0.9686254936062906,0.5729764439539242,0.628955744082384,0.6988883244854247,0.1213679922068239,0.1153578271085902,3,4,1,6
0.7058538304917195,0.594748618850304,0.7720504605217118,0.9463043000744537,0.8023200540723764,0.7173276723369403,0.8187851740374994,0.4070239127567399,3,3,1,6
0.9503419262966324,0.3263736452859119,0.6759074966548014,0.5724217388408951,0.9711120502889296,0.579984482184026,0.533127727230751,0.675709901930466,3,0,1,6
0.9610709264230558,0.3358291173934334,0.6861842703518799,0.5795077338277032,0.975302640514814,0.5829188780161636,0.5284398110110924,0.6718256186430261,3,0,1,6
0.4184514145738958,0.4612370476028297,0.9429353274452644,0.5787370598662613,0.6350064695635889,0.6883800688500826,0.1078640015295225,0.1313693098443022,3,4,1,6
0.4050410899886076,0.4469585808229622,0.9609751220482337,0.5748975437957622,0.6326650407488739,0.7021511927638944,0.1248506671571984,0.1230763937223752,3,4,1,6
0.6999291436322382,0.6059178288153929,0.7688229379268435,0.949890404466476,0.784669307704129,0.7131494588689312,0.8134492106732362,0.4163174351632065,3,3,1,6
0.7169484144245706,0.6027154022255288,0.7684134192056317,0.9536129191314312,0.7997679548609624,0.7142462905340895,0.8236549716621485,0.4167074553166588,3,3,1,6
-0.0028368561633332,0.8800765544138043,0.2689556971008304,0.8857614114287676,0.2209547512761444,0.5472762922752288,0.0689316564416166,0.5987847605415101,3,2,1,6
0.3298093739719975,0.8457823755611521,0.6484730642589861,0.9214631191868669,0.2842621458247249,0.1704260128566119,0.2291317122846206,0.1195811682635821,3,1,1,6
0.4024291375385967,0.4571275339279964,0.9493793858696046,0.5859279636659734,0.6363882365002544,0.7086986387738857,0.1412109958624545,0.1213424082307305,3,4,1,6
0.958831841679912,0.3169059998667191,0.677244224227845,0.5653413499169517,0.9756246191671164,0.5834180514538811,0.5305189503054122,0.6700955369705873,3,0,1,6
0.4256822121861016,0.438235523302539,0.9771369556394112,0.5895748338066622,0.612333311706414,0.7174331273107423,0.1192761997294055,0.1349764819204182,3,4,1,6
0.3989397500742006,0.4370768642177759,0.9659289002229922,0.5746713479283313,0.6325971735005835,0.7030205163648968,0.1257466718860141,0.1269582907585564,3,4,1,6
0.9487228731734464,0.3353726864018635,0.6652579984952387,0.572509308729301,0.9601344654942682,0.5649564829351222,0.5367888167105591,0.6605846251400093,3,0,1,6
0.9444782099913124,0.3272718840960964,0.6892242808756537,0.5584438357485831,0.9669802329681136,0.5722323733658069,0.5223761684049602,0.6556669666682399,3,0,1,6
0.4069009228798939,0.4441542274545103,0.96042350873674,0.57628866713586,0.6320291693124659,0.7035305570377356,0.1294511789628424,0.1243999942788999,3,4,1,6
0.4034966610389414,0.444657741042738,0.962567669580479,0.5765519703114191,0.629384465931423,0.7041758056110164,0.1310145672272249,0.1233501044497589,3,4,1,6
0.702190921695968,0.595021886950585,0.7581025646927273,0.9464131658885904,0.8016444093052505,0.7194307064882143,0.8102225254641332,0.4120753376687058,3,3,1,6
0.9544635362430668,0.3233132768924148,0.6846095598741794,0.5737225240378997,0.97215775070061,0.5735972730788549,0.5218018242786575,0.6685807831818228,3,0,1,6
0.9583904650192892,0.3233548592097865,0.6920789018334423,0.5649326018285243,0.9720359067940124,0.5762912032853396,0.5120238435824395,0.6601033718870459,3,0,1,6
0.4070649200285172,0.4366724587460582,0.9655069139627124,0.5620900104063156,0.6545224707063649,0.7091594251898621,0.1141807579453374,0.1212213485467966,3,4,1,6
0.3305214998739237,0.8401513410191317,0.6399132652609687,0.9012787234934686,0.2900042867457868,0.1578896580419492,0.2376513293304583,0.1409603010754576,3,1,1,6
0.962760973497348,0.3242834620483036,0.6846488911234617,0.5619372479983125,0.9807818349512976,0.5747495725433674,0.5148761373503001,0.6601151712059252,3,0,1,6
0.0041698231910887,0.8788654247380302,0.2667169177196683,0.8792469358906723,0.2285066823208689,0.5548163410280741,0.0757151848271415,0.5899205225893894,3,2,1,6
0.4073574773740605,0.4518444708568793,0.9620434570300652,0.5694385018097502,0.63915591555522,0.7081438738936016,0.1319896926872684,0.1183517911499483,3,4,1,6
0.954323893590858,0.323097789132488,0.6849581660551454,0.5710429065771095,0.9666664380803162,0.575085142085128,0.5235709684064579,0.6685108497956513,3,0,1,6
0.4064765060684524,0.4485933547095804,0.9664902391054092,0.5712606454502404,0.635813361875171,0.7004592456791128,0.1278141282111489,0.1245045259881969,3,4,1,6
0.4063833129476976,0.4480823828400171,0.9476012228502968,0.5770559781825226,0.6372499569532228,0.69347569544804,0.142454966043362,0.1120064578551671,3,4,1,6
0.4072825989010293,0.4503608383327113,0.9516833748806134,0.5727528883824635,0.6404947919172953,0.6955427212838742,0.1252746976241769,0.1185458658913505,3,4,1,6
0.4047130397478144,0.4418984678536199,0.9620470179293,0.5742596178428038,0.6293509023079861,0.7070112128415884,0.1291374381195941,0.1277005699215882,3,4,1,6
0.9530223941785338,0.3234524442281273,0.6738528113408698,0.5675387928028974,0.969335310068554,0.5864207378004093,0.534679951504596,0.6719728098640382,3,0,1,6
0.95143626433279,0.3222716169434155,0.681431751895368,0.5707555580740243,0.9689735342508086,0.5777454172667702,0.5241795440749135,0.6671836339026456,3,0,1,6
0.3197943255561539,0.8364508419365164,0.6512551524169038,0.9107323444096728,0.2888716646129308,0.1618460209871665,0.2347820379400068,0.1400845569075426,3,1,1,6
0.4092385795734282,0.4455378917773513,0.9656681818726846,0.5829055569278575,0.6333179406956514,0.7023076711985354,0.1353975618442236,0.128286605462126,3,4,1,6
0.7032283662170024,0.6059614440699133,0.7637134312676138,0.9543652651422296,0.8020610963277497,0.7164506279551591,0.803451504933012,0.4185507876623336,3,3,1,6
0.9548205831979704,0.3281933499438268,0.6729055696475232,0.5604943211191193,0.9707667595841428,0.5877317207721586,0.5226936090155297,0.6563361274583317,3,0,1,6
0.7098091014402003,0.603306501333893,0.7663794584486899,0.92444529202082,0.7803562068062926,0.7389962297067928,0.8095505406691343,0.4252728255252552,3,3,1,6
0.4023658835888329,0.4428391572967195,0.954430244887377,0.5799162032774853,0.6380893846152738,0.7121751442760215,0.1198230416846509,0.1312158238640809,3,4,1,6
0.9514273844352156,0.3194903359568622,0.6837854580272504,0.5675888190976318,0.9676740543663802,0.5769717579757832,0.5273080101766281,0.6673799383593105,3,0,1,6
0.413189062714425,0.4407116499846668,0.9721031565889572,0.5774739488331334,0.636638376211397,0.6959277371941871,0.1260887119231905,0.1212572413195282,3,4,1,6
0.7004578715309494,0.5904188437846172,0.7668954246149077,0.9405965451638474,0.7933446333530977,0.7241181587362426,0.8038371817484495,0.4011284644480864,3,3,1,6
0.4077233016419179,0.438642009603032,0.970376577258918,0.5753135960172969,0.6393936268912233,0.7036700692683304,0.1162486872502413,0.1112422211016316,3,4,1,6
0.4066558646124317,0.448043918073676,0.9641188183889756,0.5741782496192589,0.6324939741554085,0.7045422439033373,0.1293624885909255,0.1273566267207073,3,4,1,6
0.958308153226582,0.3245099041862493,0.6859446805904168,0.5743003091528939,0.9759308902590894,0.5736975608893509,0.5214215245093017,0.6723708219767169,3,0,1,6
0.3935210931367476,0.4351417221325585,0.9555885978954016,0.5788056940962353,0.638359545858205,0.7073720949287594,0.1195993462345421,0.1443412649452086,3,4,1,6
0.4041638996477247,0.4411277856086939,0.9713191621646082,0.5866907975889859,0.631019766217676,0.7185505703894627,0.1417448972613793,0.1320478995617844,3,4,1,6
0.954600950699982,0.3176343810518843,0.6737119100386496,0.5607313203940703,0.9632400406167108,0.5815453505997529,0.5237919164825428,0.6644388202691939,3,0,1,6
0.9503265798774136,0.3200605678923051,0.6815738418342271,0.5706418705328304,0.9713569494869024,0.5773997159461107,0.5252517070781274,0.66866460336154,3,0,1,6
0.9480392782951812,0.3222339922406699,0.6866642482328731,0.5735917588745908,0.9685651848607192,0.5815434436702616,0.5229452321934791,0.6700189629108557,3,0,1,6
0.9588012128922436,0.3273825202901371,0.679913573243158,0.5714425712524336,0.968457355250776,0.573165552562743,0.5244263528797547,0.6682485775234183,3,0,1,6
0.7109036875408838,0.6012101209388133,0.7626920558914929,0.9422921642330524,0.7963710446384453,0.7310278724470712,0.8141957168740431,0.4074396909205474,3,3,1,6
0.7334790096573132,0.6307719607267036,0.7655615377569961,0.9660269859917344,0.8139167557963237,0.7132895714437852,0.8297008205637902,0.4100068330461781,3,3,1,6
0.4015169840355405,0.4453120515762662,0.967988372120104,0.5728589608510729,0.6270492581445994,0.7109934215670842,0.1251417941810374,0.1295886108591966,3,4,1,6
0.3298109484698777,0.8424446366965915,0.6462047738389974,0.902722641276769,0.2889845191511365,0.1524766535875065,0.2393707384144879,0.1356438242574666,3,1,1,6
0.4140442042719532,0.4392310769145514,0.9693218126746886,0.5805406603952915,0.6283161180534882,0.6991978844076984,0.1206269797654926,0.1332050767279253,3,4,1,6
0.9523601394780178,0.3204461256429003,0.6822946461905532,0.5686891881483819,0.9692008785914856,0.5770181691762521,0.5261719077489878,0.6678184618698136,3,0,1,6
-0.0059937787188724,0.8691977872563308,0.2484350101529175,0.868793469390729,0.2307919386232832,0.5567927723981656,0.0845920752870343,0.5834880191632069,3,2,1,6
0.9432004145675404,0.3236924056868774,0.6880444409580796,0.5743304393063571,0.9746071844474024,0.571162880382402,0.5236453340414619,0.6731500876954933,3,0,1,6
0.4022299465163227,0.4477415324266741,0.9622701620682468,0.5718347750485144,0.6288570151881987,0.7089739580490099,0.1299412710031988,0.1244808082610125,3,4,1,6
0.4090729284395924,0.4509377442891361,0.9653985819187734,0.5756021199178085,0.6297773811163935,0.7057431492932589,0.1267529897046201,0.120812486751953,3,4,1,6
0.9543412032166864,0.3206913013394713,0.6816000550931056,0.5683260331676147,0.970573059257002,0.5746324132619115,0.5241313490859956,0.6698255722536884,3,0,1,6
0.4028473582507426,0.448900866326659,0.9672740907394944,0.5852190666752417,0.6193091258141032,0.698816621684889,0.127432136810575,0.1321324216333003,3,4,1,6
0.3983318112901634,0.4485155833818427,0.9575601077269482,0.5805987871957577,0.6381024227673839,0.710901206001596,0.1331252997432127,0.1301148520237073,3,4,1,6
0.4067760270512374,0.4470030898246152,0.9618774547045238,0.5750098802485536,0.6302134240863844,0.7067428661295849,0.1304663947774315,0.1257890951311372,3,4,1,6
0.4094460484299129,0.4491491226121697,0.9673728805414412,0.5734269842266031,0.6269820704045203,0.7088544985794313,0.1287302975777262,0.1299370427451479,3,4,1,6
0.9434202275073688,0.3106205190476833,0.6888521023773251,0.5711789254969452,0.9638176762089956,0.5850592433019209,0.5085369574509389,0.6572154366687661,3,0,1,6
-0.0007824741777002,0.8752007165709502,0.2603335078546658,0.8777092034234704,0.2232671536854863,0.5491336522744226,0.074066382128911,0.5895410226483788,3,2,1,6
0.702651095640688,0.605887647796196,0.777556861163365,0.9399451588619192,0.8057398538527117,0.7247211566666347,0.8024470645497246,0.3973838124291877,3,3,1,6
0.7039359096288413,0.5984065866643501,0.7674317839106058,0.9423509094073228,0.7996744708360065,0.7259161433035564,0.8141130415929299,0.4044144791093055,3,3,1,6
0.6737632079899706,0.5707891538699956,0.7770468278257582,0.9394822836523634,0.790087317297447,0.7267554130365562,0.8239370071225186,0.4351170058849132,3,3,1,6
0.4056418591014895,0.448110939494643,0.9649718525926236,0.5759548644378929,0.6323965365414613,0.7075644885163505,0.1313251795256512,0.1251720077359078,3,4,1,6
0.404517830082841,0.4408363909374928,0.9680686591690474,0.5646366558434475,0.6446167696409387,0.6920996687760969,0.1427846261732776,0.1326747131717947,3,4,1,6
0.4039698455286651,0.4426171244191023,0.958921480204864,0.5791009831166017,0.6328816242135362,0.705227986985566,0.13396688937729,0.1254198350460444,3,4,1,6
0.702305425789765,0.6019074240847105,0.7620846730692682,0.9444136243675102,0.8042182573516633,0.7225575607854158,0.8035604276324825,0.4081757738469536,3,3,1,6
0.9577322730318716,0.3246923725842112,0.6735987469420692,0.5687337482102091,0.971090649629572,0.576960395903611,0.5152712323523015,0.6747452623788358,3,0,1,6
0.9495158222608874,0.3193357325199945,0.6825777297463023,0.5676262465207635,0.9660303305071806,0.5783126661415245,0.5296810704398519,0.6636824236787947,3,0,1,6
0.7083446836461976,0.6015146577104361,0.7674903862088724,0.924404413326778,0.7881644747995866,0.7346644754352482,0.8353223741253215,0.4091135188063309,3,3,1,6
0.4174485548319201,0.4447697813751999,0.9692500468625802,0.5918731484032921,0.645790036464635,0.6925506771760946,0.1480920621832535,0.1415471121378617,3,4,1,6
0.4083637472250521,0.4440082961847387,0.96423435690421,0.5748031276837403,0.6339601882696866,0.7048394847864429,0.133371703466934,0.1275220124238257,3,4,1,6
0.947707760133516,0.3181625931850525,0.6837872827761713,0.5689548986670439,0.9704269392418364,0.5780330177601023,0.5293818117460702,0.6713071617464869,3,0,1,6
0.7190315268962264,0.5853706679343368,0.7766346131726141,0.962929232409188,0.7875977359714006,0.737869981203142,0.8169744731836497,0.3979669398706046,3,3,1,6
0.7074658614158249,0.5981586627201542,0.7654598998668026,0.9422554326704666,0.7969215074291522,0.7259869266770396,0.8114555610045063,0.4028950796391357,3,3,1,6
0.3963989727584661,0.4490440852985123,0.9670752114462914,0.570731320019482,0.639447418195829,0.7010131432637539,0.1232057238601173,0.1173433365097376,3,4,1,6
0.692398287237834,0.6165737860431864,0.7759886760144921,0.9588117727289078,0.7890929873035806,0.7458777736264596,0.7917016515798416,0.3881833901288403,3,3,1,6
0.3998749724601731,0.4539250648577563,0.9614486843831448,0.5719022179377615,0.634767540197437,0.7029079225139275,0.1289840627342561,0.1190336728593622,3,4,1,6
0.4054853552562222,0.4481079367624016,0.9638320455279568,0.5745371229088017,0.6300386949163627,0.7077702852951289,0.1317202962968143,0.1252298614684582,3,4,1,6
0.4016534192503136,0.4479606761771804,0.9611117920202074,0.5866698240999941,0.6274422837205962,0.7032978226324473,0.1245083810361875,0.136521256848813,3,4,1,6
0.4046273343574448,0.4454836406131319,0.9645364575219116,0.5763417163599367,0.629482705619126,0.7071548175245156,0.1318023762713228,0.1279089952257035,3,4,1,6
0.7111923623948946,0.609896657930237,0.7537335044582039,0.9682022176661772,0.8089931474587218,0.7318278753931852,0.8345131888609175,0.3783132514298853,3,3,1,6
0.0016772056330936,0.8823145484956416,0.2579124063889311,0.8727398801579788,0.2325206800040065,0.5547327322241489,0.0669047493540961,0.5994853311608247,3,2,1,6
0.7064655034474836,0.5976929983176938,0.7668845997244289,0.9435940476651148,0.8023270783371491,0.7258634892377853,0.80895952342223,0.4052356120012254,3,3,1,6
0.4056787460462954,0.4588499342140991,0.9627948346264168,0.5724142694063096,0.6170144440909995,0.6973343363187243,0.1461475835835332,0.1309389251291531,3,4,1,6
0.4095220205710785,0.4236983604163157,0.9404126921596176,0.5604154297880958,0.6386833316858956,0.6893174695508107,0.1174763208195752,0.1284401075969259,3,4,1,6
0.9637205950085528,0.3285057478328586,0.6960454611385734,0.5623764993411322,0.9427838266779132,0.556107870098008,0.5415169081285934,0.6810400109601978,3,0,1,6
0.4074544256824737,0.4467901433126515,0.9828519145896832,0.5900028068134319,0.6137324612373698,0.6884064211826701,0.1082666198976447,0.1160316057671025,3,4,1,6
0.3271955473478429,0.8463533677143275,0.6453200985747112,0.9066611772191732,0.2820757827078664,0.1555343804880011,0.2380503578352251,0.1380160082340915,3,1,1,6
0.3300029737155452,0.8488034216132228,0.6464806224561399,0.9024456326817136,0.2831757841123515,0.155551062906237,0.2386010317379089,0.1349648615749554,3,1,1,6
0.9513507677979336,0.3238534103478927,0.6906758699572957,0.5606172567656682,0.957790377914633,0.5831495615299005,0.5341718812295806,0.6745649620886838,3,0,1,6
0.9530269286356248,0.3155876925647045,0.678459565626916,0.5674687808691189,0.9680284060092532,0.5748737247251955,0.5290065792382602,0.6649589363004861,3,0,1,6
0.7107288810637398,0.5835812867927105,0.7627309868659459,0.9422669034690044,0.7874136199857363,0.7275971522187065,0.8162287286522192,0.4035507048950678,3,3,1,6
0.3994173977030436,0.4380208350130177,0.9532585764233212,0.570332572613622,0.6252203939559888,0.7181717497606616,0.1333913673623706,0.1247530591654888,3,4,1,6
0.4077435827259866,0.4443506115143835,0.9689889975334144,0.5780074655973689,0.629659339511669,0.7100668355143419,0.1287761966840587,0.1225622808140596,3,4,1,6
0.9509075247647686,0.3177297421313429,0.6798109061663917,0.5668142598036989,0.9680675113895892,0.5744574040021141,0.5275786759664242,0.6671039076939337,3,0,1,6
0.4216823289946598,0.4343852522709124,0.9771734407805917,0.5709698933766992,0.6206226937762256,0.7010327864887849,0.1338830198337904,0.1221298306242803,3,4,1,6
0.7130532939307164,0.6009934473137394,0.7664496933222189,0.9474129838801671,0.7921097152894359,0.7338513900886564,0.8113835695833538,0.4000210594027803,3,3,1,6
0.406546146365166,0.4481393925999142,0.9654975290465984,0.5743863542574132,0.6310489186506297,0.7083229757788189,0.1318748415880692,0.1272411628181443,3,4,1,6
0.95097805287939,0.3023526776157255,0.6624753030534517,0.5805953506752487,0.9661054089100808,0.5872489718646755,0.5179727921176267,0.6769227599411245,3,0,1,6
0.4104198748822041,0.4587054726944612,0.971923179124598,0.5732830258765573,0.6420792987344999,0.7198926282948024,0.1201945824466299,0.1290589600066042,3,4,1,6
0.9558797881018696,0.3168197364526168,0.675606533051533,0.5647523364106712,0.9664175288135274,0.5769944787851049,0.527369985329322,0.6670466034294386,3,0,1,6
0.948442897568606,0.3168830971701418,0.6840612072065344,0.5621299774690359,0.964056714971854,0.5678161955771175,0.5304872024038781,0.6738020805220543,3,0,1,6
0.4114029195031846,0.4532175365494885,0.9654201783319548,0.5750092510452878,0.6274185214454051,0.7116767108283123,0.1256883424767227,0.1225526917422335,3,4,1,6
0.4067893818823037,0.4496952187952474,0.964730143896818,0.5735091103187951,0.6311996013037119,0.7092752946525774,0.1331941169949151,0.1273744301442418,3,4,1,6
0.4015366173563368,0.4396226388168486,0.964312761319446,0.5814491567987067,0.6292606630354102,0.7054479230045665,0.1367289848661186,0.1218000179944603,3,4,1,6
0.4075786864106776,0.4550716875566486,0.9721082780174662,0.5809260563938905,0.6300007744395357,0.7125610524109215,0.1361856884203447,0.1301344109168656,3,4,1,6
0.41296334304174,0.4543925017563645,0.9611363469487906,0.5681251403077601,0.6252852570689815,0.7098103729759971,0.1364153428965359,0.1220865494106919,3,4,1,6
0.4055075680888468,0.4629219684183205,0.9532849593160788,0.5769794306212762,0.6386107632114292,0.7141718902989892,0.141384099263821,0.1248464940956498,3,4,1,6
0.4053328921750034,0.4485808769220974,0.965922456429923,0.573419035871525,0.6298408134231427,0.7087274460498478,0.1328742317258951,0.1266488232036464,3,4,1,6
0.9487560049345076,0.3179440424276061,0.676137076997741,0.5660377400190159,0.967309810608638,0.5735594482740786,0.5265422769777282,0.6704104652838357,3,0,1,6
0.9506596281515296,0.3170123150158151,0.6790833407104343,0.5662438673214101,0.967774304247306,0.5735514635755583,0.5278499941260472,0.667407952628138,3,0,1,6
0.6976689874915618,0.595130808091732,0.7690595636500509,0.9354604798670384,0.7964292644374861,0.7387214593997752,0.8025228758545041,0.3974859443290412,3,3,1,6
0.6978347016338554,0.6004735387417023,0.7536962524105886,0.929094618474804,0.8091139596854405,0.7371749173850358,0.7983766955562752,0.3903373755052672,3,3,1,6
0.4058240108429652,0.448571619654729,0.9654724416102204,0.5742586394904281,0.6306453172138445,0.7093168623053072,0.1329971913712756,0.1269247456020283,3,4,1,6
0.9509278688164736,0.3170080912675097,0.6791566295211966,0.5669246486325789,0.9679466947802786,0.5743226031567588,0.528908506591845,0.6680512778674603,3,0,1,6
0.9588356693421002,0.322813996529297,0.6690618938947134,0.5733202149436553,0.9671244578172176,0.5635255089635756,0.5391513839771724,0.6724152165116498,3,0,1,6
0.7052241026705424,0.6087178813621675,0.7694043265237132,0.9517538948384358,0.7911415029475513,0.7267656084775278,0.8060893849909143,0.4031572341445255,3,3,1,6
0.9466744113673256,0.3176549060462379,0.6747751963442951,0.5675790287317186,0.9642735043309368,0.5780371628572419,0.5320741384317276,0.6585156041983067,3,0,1,6
0.7011129170791193,0.6006586333755303,0.7652969328326417,0.9391606899323058,0.8023285560564006,0.7328878966780253,0.813385951258175,0.3998416537492792,3,3,1,6
0.4102204584539742,0.4561796783867582,0.9711096042405886,0.5635156530805366,0.6315154033186571,0.7056797001804926,0.1308903530827158,0.122567393257804,3,4,1,6
0.7008054587095891,0.600721339778774,0.7600535419076283,0.9433278617904728,0.8043078437505673,0.732319105260706,0.8101670604224426,0.399567780372453,3,3,1,6
0.3981463548704497,0.4460074829871835,0.9691954443467388,0.5705254064211424,0.6283682360311335,0.701124411921316,0.1439231762829123,0.1191487678984,3,4,1,6
0.4089579627895756,0.4403539579006815,0.9575372452623752,0.5651340071789536,0.6281485327003332,0.7086881166559738,0.1279754680271387,0.1278985766275396,3,4,1,6
0.4061125621116488,0.4489281015598691,0.965834049824748,0.5738077817330726,0.6299674734724615,0.7102626305811187,0.1343645599739335,0.1265881120633046,3,4,1,6
0.4088862808695799,0.4410193635300006,0.9662465059380352,0.5693216302143898,0.6235776054664023,0.7132123466835721,0.1347987924106936,0.1242871249766545,3,4,1,6
0.949305242725503,0.3160039583168356,0.6799385167602882,0.5655864078904438,0.9663021644161456,0.5742012990647444,0.527979294659937,0.6688853833357326,3,0,1,6
0.4036455787182695,0.4499544164528425,0.9614853420672604,0.5690862519645584,0.631119227003292,0.7099409242360157,0.1323391098073059,0.1310185284907799,3,4,1,6
0.407747368568167,0.4635155888257392,0.98378135384445,0.5610192664127106,0.6394874266580575,0.704284420071562,0.124053697830806,0.1371009804628973,3,4,1,6
0.9579223321145532,0.3288449112205156,0.6892781784249286,0.5716572716031847,0.959865257330531,0.5738706521912905,0.5212631659922499,0.6745692826045947,3,0,1,6
0.9534488083925114,0.3168924438804218,0.6787358523415615,0.5671246186380949,0.9651089960571873,0.5711945264917018,0.5293510331014015,0.6687602719074467,3,0,1,6
0.9501957177402136,0.3159040263511561,0.678193280862344,0.5655406508538674,0.9673480181217732,0.572598749465293,0.528314573214857,0.6674486879719433,3,0,1,6
0.7128947736753142,0.6053027807814596,0.7667409943628477,0.9314995101881146,0.8123389165854571,0.7269842877574796,0.8016387495544398,0.3992841208334989,3,3,1,6
0.9531866571989204,0.3181330125695801,0.6830373591080469,0.5676203827855082,0.9722654856295726,0.5772782583279518,0.5283084662630549,0.6684027934425019,3,0,1,6
0.0119968294510054,0.8778429649962636,0.2599635830126005,0.8632179099242844,0.232185834328361,0.5750898381495819,0.0592536798327426,0.5939703422701464,3,2,1,6
0.9504285874139754,0.3169897869589712,0.6783188788917355,0.5682337488191012,0.9686646887184144,0.5745565611777383,0.5316761758479421,0.6686723553427266,3,0,1,6
0.683500295842345,0.6290931455780141,0.749991334557313,0.9682338152278296,0.8143846376378282,0.7160999351616657,0.8188652182559593,0.385423559005793,3,3,1,6
0.9470160410050932,0.3135383199747329,0.6783205899925867,0.5666688537930513,0.9704479605808922,0.5698915719474877,0.5317653321885144,0.6669890509824603,3,0,1,6
0.4009525149454205,0.447723495684903,0.9690884657850226,0.5690019172642802,0.6357923163773025,0.7158571879421676,0.1415481937895029,0.1299884412727587,3,4,1,6
0.4011294911146506,0.4460210266507785,0.963876688750083,0.5731331855431335,0.6276024279544684,0.7122179400640145,0.1336971060014843,0.1289180787725262,3,4,1,6
0.4053626086526401,0.4556007155239689,0.9532490874123876,0.5824188207840375,0.6184028408534712,0.7072112555858067,0.1351456774319387,0.1283231081729018,3,4,1,6
0.9545542116885996,0.318170877477787,0.6810789259749715,0.5677662728741886,0.9704295805877802,0.5716708980133344,0.5330553386594347,0.6664011733246649,3,0,1,6
0.4061768686225746,0.4492625507886513,0.9681310072893096,0.5735416657166291,0.6297054702758967,0.709933041404339,0.1338875850801053,0.1264973007889373,3,4,1,6
0.7003238409589625,0.59849532916681,0.7609298244014226,0.9439675068700556,0.8025859996761079,0.7294798804763393,0.8106497350219202,0.4007899581062032,3,3,1,6
0.9505636092184953,0.3142824559184315,0.675818752577554,0.565461001065281,0.9653360550420346,0.5737337970144214,0.5277277709122962,0.6660191715934545,3,0,1,6
0.4035477702853228,0.443054696471035,0.9637762033025636,0.5746659705150294,0.6349413476508325,0.7126780651967803,0.1283150525250451,0.126903716015151,3,4,1,6
0.4088694130770152,0.4507131070348832,0.9591628694634644,0.5668762284067977,0.6324001554204216,0.7168671407224431,0.1366324161497117,0.1272925437382835,3,4,1,6
0.9259129413232792,0.3360491122054934,0.6689222262271374,0.5760078471933477,0.975102161111671,0.566242589834605,0.5441881443851512,0.6713600843397738,3,0,1,6
0.948843220355869,0.3141949534016265,0.6776729105308058,0.5642569975618152,0.965906378824706,0.5715532852974166,0.5299206110781273,0.6676962965014905,3,0,1,6
0.9510951231298872,0.3191080138279638,0.6878935324695418,0.5525901563446655,0.9646988554518596,0.5848979001135207,0.5338097938277816,0.6714393267465366,3,0,1,6
0.959343673058458,0.3247829858449889,0.6694330231061123,0.5577191426993532,0.9766270756094716,0.572973412445535,0.5233000623466526,0.6675263139354131,3,0,1,6
0.0144162877913288,0.8694781988543799,0.2670714245814712,0.8731548343533024,0.2340359962809884,0.5469252176871376,0.0788915343931958,0.5782862575943772,3,2,1,6
0.4077466999443342,0.4486045628112732,0.9611884502772888,0.5750356490400703,0.6289675089135222,0.7061489217357396,0.137033069402093,0.1322063414018098,3,4,1,6
0.952538410140476,0.3177407377191169,0.6699422494478017,0.5622503246317263,0.970381329513562,0.5654284165036058,0.5228009356436029,0.6635774723149,3,0,1,6
0.3932587727909933,0.4526181589612074,0.9654891788918888,0.5725902964160601,0.6301603177830709,0.7099026757319004,0.1298856145888234,0.1389732746546371,3,4,1,6
0.7034539457307207,0.6009540217627561,0.7617972458622286,0.9417229096186354,0.8027786356213319,0.7294429423245895,0.8129499995645398,0.3977374266550705,3,3,1,6
0.4138564952529809,0.4465157991000154,0.9790025251813272,0.5686247050916499,0.6272139688838543,0.7086516823366263,0.1428569017561841,0.1230930268084698,3,4,1,6
0.4023240896454442,0.4504905924732419,0.9639839606954618,0.57349378808415,0.6275524589142409,0.7114363967150111,0.1342537988986743,0.1296352317878234,3,4,1,6
0.7106780460130461,0.6034069798356708,0.7682866862586538,0.933450803456252,0.797036228157255,0.7258482919400544,0.8042430260965706,0.3907435154180027,3,3,1,6
0.7063085801310933,0.6051856547625231,0.7684330836093384,0.93672672479246,0.8083780056692879,0.7340377726858587,0.8070276514943915,0.3945595197793906,3,3,1,6
0.4080572677880533,0.4475591097341894,0.9721831819939282,0.5819750972652281,0.6209701384304398,0.7018030374708166,0.140488667397916,0.1331710941688448,3,4,1,6
0.9510367843498616,0.3123994304394961,0.6788839160551943,0.565520103015667,0.9662735352285,0.5728222823623464,0.5279841496922656,0.6657658255185418,3,0,1,6
0.4043413786415463,0.4475360590934598,0.9640339626259364,0.5833787530839535,0.6281080998839991,0.7143273732985945,0.1406046427795509,0.1170310559948427,3,4,1,6
0.9489371116514914,0.3107153921128024,0.680511690310479,0.565329928229214,0.9634701700213524,0.5685110208481031,0.5325227298990802,0.6638362134930191,3,0,1,6
0.691266631803855,0.6006727202677062,0.7707842167068213,0.9226143737981718,0.7847406842321648,0.7292904450955136,0.8195867536872669,0.3924401944567369,3,3,1,6
0.957136363212614,0.3278968561110164,0.6812434331742867,0.5490958360139803,0.9610029553172204,0.5841009463616402,0.5331812128811247,0.6695341764431291,3,0,1,6
0.4020017940089258,0.449276220413753,0.971777784013565,0.5755797192495853,0.6297200389471562,0.7090397429249745,0.1380279225404939,0.1241657260550644,3,4,1,6
0.9493830544908052,0.3144045179379984,0.6773423423752986,0.5677048565273018,0.96358288238254,0.5711092398372604,0.532407050082611,0.6661458393186999,3,0,1,6
0.9510014923601082,0.3003653053067477,0.6875764710926593,0.55253889817314,0.960961768360997,0.561162284585048,0.5215854700176137,0.6741075945383684,3,0,1,6
0.3913646057780611,0.4532644663409949,0.9671647306343232,0.5710697203035028,0.6294488381003672,0.7199284549638174,0.12903126515808,0.1202741759931784,3,4,1,6
0.336229974499883,0.8494179626695354,0.6404502292820969,0.908523113166329,0.278684784397692,0.1465205107037081,0.2465777947523413,0.1422290031183845,3,1,1,6
0.9590338567064084,0.3184637413852135,0.6722455847322863,0.5643256366666135,0.9551688726350248,0.5675038338170141,0.5354460248044858,0.6583697782712726,3,0,1,6
0.9277935872524852,0.3003815614983325,0.7010437945894001,0.5345991744195676,0.9609578976142672,0.5942060512303036,0.5191696501750942,0.6494793507833923,3,0,1,6
0.7007279325356083,0.6017087442136247,0.760682411452819,0.942405080146863,0.8038857370342944,0.731361764597055,0.8132980342838882,0.3982368205728319,3,3,1,6
0.4023876153356394,0.4507151598039791,0.9680016284978268,0.5735932998113912,0.6289116286496589,0.7117020465304522,0.1336909699883387,0.1293100966574863,3,4,1,6
0.9505642150482068,0.3124390767259503,0.6753382844431116,0.5629892498900185,0.966014192518858,0.5723987317464301,0.5304122399334039,0.6668386931067983,3,0,1,6
0.944687470736172,0.319345960175838,0.6771063331728765,0.5676298280094155,0.9645826271035948,0.5776011283526662,0.5241265449320452,0.6617726003001974,3,0,1,6
0.4129427863278035,0.4504347891744498,0.9735164101419,0.5787537317045796,0.6192142449893109,0.7237400492640601,0.147014813783155,0.1158295278204115,3,4,1,6
0.9406173024892128,0.3133889123148801,0.6712695301149658,0.5699640644427755,0.975296986058672,0.5679509942677657,0.5252180990702626,0.6615143893908189,3,0,1,6
0.3976840631080035,0.4472144454816121,0.9601602555915048,0.5716608529084904,0.6166016831365658,0.7169844698969517,0.1273030436271004,0.1372305352878284,3,4,1,6
0.9390816636327676,0.3025298079398083,0.6826775186127548,0.5585134682950561,0.971923716439782,0.5753341805431403,0.524719070266371,0.6598777600244998,3,0,1,6
0.9462998427743112,0.3132551029119941,0.6789328626533593,0.565435394746022,0.9635658209514592,0.5681472479310152,0.528782465193993,0.6656027584535128,3,0,1,6
0.9490771236889096,0.3183969410689807,0.6716587467556124,0.5644187614836084,0.9620150238453072,0.5753078596675525,0.526306390428852,0.6718416146763505,3,0,1,6
0.4112809873924952,0.4486583804137,0.9670635130616404,0.5702846349036212,0.6221601427728208,0.7167708018092217,0.1301975323715443,0.1325608395996078,3,4,1,6
0.0071403742743208,0.8794387952893555,0.2775946036089258,0.8743761964741221,0.2381171186968674,0.5675465502935781,0.0839235664910976,0.6045556146804556,3,2,1,6
0.3325717771839746,0.8561615125311636,0.6458725213354782,0.9005131124116735,0.2808382383280672,0.1517577879797214,0.2408134208065143,0.1372334138787458,3,1,1,6
0.4050152961046015,0.4462326750878209,0.9593377103086406,0.5816117417235421,0.6248460501389915,0.7200721378742336,0.1331043238556511,0.1214226561255978,3,4,1,6
0.4043578516671302,0.4511822667901338,0.9649231146253592,0.5697171744230385,0.6276373259082303,0.7080547657436754,0.1330031645756261,0.1303026456779984,3,4,1,6
0.9456033470556952,0.3120426098126248,0.6789845148173268,0.5618621389781571,0.9621722691949216,0.5657041826483316,0.531923462676067,0.6647768333864442,3,0,1,6
0.4131655798936532,0.4507273505331534,0.9537733139826756,0.5801930566745962,0.6450299190227812,0.7141959329560521,0.1349478801761885,0.1379213976332343,3,4,1,6
0.9535941131455312,0.3158118070150925,0.6762851758587722,0.5686046732201255,0.9591257881243576,0.5685786360238453,0.5321401930095533,0.6697513260806623,3,0,1,6
0.950797348028448,0.3070860283400072,0.6776680284077944,0.5563292712048707,0.9673006988049284,0.5757429729414042,0.5359926428355662,0.6611161559974977,3,0,1,6
0.4102401088660135,0.4515897940753557,0.9760218241676132,0.571839628459896,0.6329386467018204,0.7136433127485182,0.1343201835298751,0.1339559369230055,3,4,1,6
0.4080975716511307,0.4727163212125435,0.9822120974968443,0.5755964756276287,0.6148268067692935,0.7099281863359889,0.1281989970481609,0.1485153920884429,3,4,1,6
0.6770346294831192,0.6020437366930993,0.7519049659684234,0.9267120091655864,0.8313581616332892,0.7478410711101552,0.8206856344647885,0.3767422948020174,3,3,2,6
0.4040185242281642,0.4774727360390811,0.9837790908927684,0.5437554971693506,0.621983548639169,0.7333516162387159,0.1554456202254639,0.1482953320273012,3,4,2,6
0.939488953660345,0.2923031722944123,0.6495697869782979,0.5398285330408141,0.954010799936302,0.5398985551815775,0.5512797857820241,0.6716173823634553,3,0,2,6
0.9359980837718956,0.2882081339474622,0.6529004820681288,0.5434791325699774,0.9538736496158856,0.548136643420807,0.5435672896930702,0.6646419716168247,3,0,2,6
0.3414470549518246,0.8895291593456315,0.6370045853269635,0.8999929906411215,0.2572176411758968,0.1269690069608466,0.2458734729218232,0.1443087521608317,3,1,2,6
0.673609047510493,0.6032294179504851,0.7420424189878132,0.932495416460308,0.8239671118223189,0.7458511751637208,0.8239981424546814,0.3717843055020814,3,3,2,6
0.9369284967377448,0.2838369350077639,0.649739679674479,0.543804013797951,0.9615676939489304,0.5359597172514752,0.5373224392694612,0.6581824500219696,3,0,2,6
0.0264718224414471,0.8750433425920058,0.2892662455813767,0.8386151005526298,0.2353103598324747,0.599413207417925,0.0734485197779573,0.587003230421739,3,2,2,6
0.6743170775224178,0.6044967149605562,0.7565682627461996,0.9257849809331192,0.8197207221881844,0.7632951431106244,0.8052037875079665,0.3809862695536544,3,3,2,6
0.3992644037857024,0.4789808716475807,0.9986236579492712,0.5572266783092749,0.6123827212076745,0.7303952665341731,0.1678138698902554,0.1447017917214345,3,4,2,6
0.9391659255398594,0.2865065362365793,0.6518178501500965,0.5459824333237546,0.9562758089932984,0.5463750953484144,0.5432346240144463,0.6677435939134495,3,0,2,6
0.9377829028207468,0.2823825942296062,0.6487510177652528,0.5446747486854234,0.9518329022689506,0.5447669307114993,0.5390638707576391,0.6635551948805054,3,0,2,6
0.3479727149037578,0.8930318371458982,0.642836571502366,0.8884637454097408,0.2655873351097003,0.1316875547152831,0.2545304055419576,0.1488942078421269,3,1,2,6
0.0337467554720009,0.8951516310383743,0.286811735349688,0.8427641010222399,0.2224812216304952,0.5970813330386883,0.0790696005285953,0.5939612162899666,3,2,2,6
0.3949696320708463,0.4715859421361586,0.9922971127540028,0.5578654326078961,0.6265676928974707,0.7416551411149189,0.1528975035992739,0.1361603192042271,3,4,2,6
0.393743215749761,0.4760189538627525,0.9946675013494192,0.5532032160509038,0.6208616563896551,0.7424196839887044,0.1589838290199927,0.1383804846560429,3,4,2,6
0.9391961639870146,0.2850526316631341,0.6523468821171015,0.5456836674617594,0.954210506749789,0.5438612385295644,0.5429400774096497,0.669025336909773,3,0,2,6
0.9342050660239056,0.2812400966304525,0.6520041667682254,0.5430788632992286,0.9565950371439546,0.5418663941938221,0.5470868815416872,0.6652199692993462,3,0,2,6
0.9415826375371574,0.2871152920214094,0.6547343659394845,0.5492344601043743,0.9518891399633108,0.544750231364358,0.5440177216770247,0.6672256458609337,3,0,2,6
0.3972335759703319,0.4685636901531054,0.9862558633599604,0.5517310465667166,0.62888902304295,0.7482228278987222,0.1489628253632009,0.1368428226884895,3,4,2,6
0.93643369999113,0.2880160209680494,0.6502846980537696,0.5419197444833889,0.9509191577236226,0.5412661096144568,0.5448431328404174,0.668633234868973,3,0,2,6
0.6685393025268235,0.6042110465164469,0.7655943556191592,0.925203196071649,0.8412933794050771,0.7467378179164688,0.8238998740926616,0.3875674040040077,3,3,2,6
0.9569145685789396,0.2741267974237082,0.6451772615174055,0.5494067584450676,0.958588347807233,0.5344698047848688,0.5500223524539221,0.6828478820203853,3,0,2,6
0.6706827445969663,0.6034350255026776,0.7474605968624137,0.9303204740491956,0.829216984749259,0.7515766711340501,0.8163092638112858,0.3696066942895505,3,3,2,6
0.4009625236248336,0.4672750680150713,0.99011416075702,0.5552228454246761,0.633653503598981,0.7530146134205821,0.1485739147100407,0.1371770611032422,3,4,2,6
0.0285339112966193,0.8906712044955747,0.284677577475076,0.8396342874932281,0.2263790418734101,0.5928190942766534,0.0767914030536762,0.5897426751652265,3,2,2,6
0.4059913805867958,0.483273197331835,0.9796194573284172,0.5544803049212873,0.6179579277523822,0.7357779093831072,0.1592848770800106,0.1446886017086885,3,4,2,6
0.3980325367233185,0.4847848799068569,0.9948602054007084,0.5451505472993442,0.628758309467351,0.7471646072780936,0.1507778798627694,0.1371589534738737,3,4,2,6
0.9436304093037856,0.2834338601219247,0.6526062422360578,0.5425786738982059,0.959807077362341,0.5455203910718429,0.540875781290312,0.67127725117252,3,0,2,6
0.3386588376091455,0.9086721834324444,0.6327940664404585,0.8967407576941505,0.2555212111728298,0.1217305341486313,0.2495306159181291,0.1448388864856089,3,1,2,6
0.3928727521339459,0.4779931166429961,0.9933052904328552,0.5518729737433995,0.6236593256563729,0.7414035727621906,0.1548842359451083,0.1371526602632963,3,4,2,6
0.9409154455351654,0.2842383309685761,0.650407657193133,0.5472220858327008,0.9522783159367482,0.5427287701542387,0.5413596599442758,0.667166664359184,3,0,2,6
0.3962862781146459,0.4699972399160467,0.9874573756297343,0.548022270520835,0.6249397971237567,0.7435154767242784,0.1552772843851214,0.1447584082945491,3,4,2,6
0.6834330191066854,0.6018919389285143,0.7582740796572478,0.9192475457368476,0.8347428939909263,0.7580948795959187,0.810487160891643,0.3683094004299608,3,3,2,6
0.3922208865328705,0.4781304226162824,0.9830479345232518,0.5491497734355311,0.62955711656891,0.7552340797969138,0.149782209189458,0.1436359860655454,3,4,2,6
0.3876639343011177,0.4761947336328535,1.0032515013134626,0.5622236495591475,0.634132892428132,0.7381229843907768,0.1688538927577448,0.1450946731734244,3,4,2,6
0.930717060824338,0.2751658108653604,0.6757084349707505,0.557754876131712,0.9522605127822632,0.536179954579254,0.5582468167172129,0.6777509692067948,3,0,2,6
0.938437998653198,0.2837387558590675,0.6519191276306582,0.5455806347694802,0.9530007534776906,0.54375220939511,0.5429723498112238,0.669135630960237,3,0,2,6
0.6669918695505348,0.6034868551341047,0.753541747195516,0.9213656589596624,0.8318416716086668,0.7550327147358981,0.8247330292454795,0.3778353434237687,3,3,2,6
0.938077795490882,0.2822489818582583,0.6512820047552939,0.5443801725074876,0.9560581662502016,0.5437012892869703,0.5468621123511838,0.6702339910193688,3,0,2,6
0.3940784940612375,0.4766342503518996,0.993135035162072,0.555727987093279,0.6236385084785381,0.7418854955606475,0.1572082636167456,0.1387529004169343,3,4,2,6
0.401871615576906,0.4754352410684036,0.981893731985414,0.5419969990927513,0.6047357904878997,0.7321174588760138,0.1527435785931872,0.1322377315369965,3,4,2,6
0.3980209340982011,0.4804752558584773,0.9841076604044277,0.5519683212691195,0.6172736917848869,0.7432836613459549,0.1576753527963944,0.1454142414090649,3,4,2,6
0.3972088243664414,0.4728213336991725,0.9953057086211584,0.5550658466839381,0.6249128383628465,0.7402999356465179,0.1606376918307836,0.1419494230509971,3,4,2,6
0.9351459319961314,0.2802267414006719,0.6496552180184474,0.5488220251997369,0.9494857439004136,0.5445075167415023,0.5408155579518255,0.6719265369213996,3,0,2,6
0.9301091993887644,0.2911452962579826,0.6464692963168625,0.5514222041452896,0.9618987123656608,0.5398931565668711,0.5289597614078065,0.672942178675656,3,0,2,6
0.3935070298409614,0.4779355699337239,0.9939737891504974,0.5568331441616684,0.6240174936056927,0.7432539780172064,0.1564530041623444,0.1394292720261554,3,4,2,6
0.0466042416247221,0.8800990517883159,0.2719710587525055,0.8380020377161795,0.2257266821293201,0.5893424823725659,0.0865636226251279,0.5835294109555731,3,2,2,6
0.9430724345038172,0.2877443203638646,0.6466925157861693,0.5406161414384201,0.9538388752403192,0.5456944829451428,0.541359726811244,0.6622945024702831,3,0,2,6
0.6780363804354764,0.5963244718829456,0.7479850581235744,0.9359665310923168,0.8229939419339383,0.7489331061528326,0.8087704459027195,0.3735283595483407,3,3,2,6
0.033711508491067,0.8787441257673224,0.2708424628171027,0.8209605423332045,0.2210268804125113,0.6036147632167365,0.0755931884167913,0.5834969537360991,3,2,2,6
0.3438582397598878,0.8950140197350749,0.6409952592196377,0.8876414402848692,0.2636492155580998,0.1313295639179492,0.2563681520532881,0.1523734196465987,3,1,2,6
0.942794100052676,0.2758364175259313,0.6580600015423156,0.536267445619255,0.9562572211386778,0.5316193638260791,0.5483604979214006,0.6606013775832255,3,0,2,6
0.672017015386803,0.6041178457076581,0.7471391675797372,0.9295555063202988,0.8326093426248745,0.7549465522737311,0.8148599556860304,0.3692670040727878,3,3,2,6
0.3833860905858911,0.4795666945842072,0.9823560287244172,0.5661881665249665,0.6148028508497483,0.7272629397791808,0.1710986647299158,0.13802246088614,3,4,2,6
0.938569401718714,0.2847148335529738,0.6485669054047685,0.5436475835346596,0.9497256294202328,0.5435482147365505,0.5435101162964863,0.6664105723648672,3,0,2,6
0.6678966043406434,0.611011980179771,0.7430464465435593,0.9321151505229236,0.8407462251372726,0.7586671611112948,0.8080630566982606,0.3708151932013196,3,3,2,6
0.4001715969192189,0.4788427988857001,1.000938676719744,0.559186160412961,0.6198611109485922,0.7367451120193261,0.153159827533413,0.1274190032488875,3,4,2,6
0.9354883681540938,0.2890185548083204,0.654473187398557,0.5490404353589157,0.9580420353120124,0.5392433882717653,0.548813552823538,0.6755085827029153,3,0,2,6
0.3940131981868165,0.4766676570782296,0.9950591093610116,0.5568558186585464,0.6214075457523004,0.7433425770540499,0.1578612290824745,0.1376231877178187,3,4,2,6
0.6688969032560139,0.6014880717883444,0.7471347699835461,0.9315534491238988,0.8303519550762534,0.7529538703956354,0.8156980237334467,0.3698705768899732,3,3,2,6
0.9345071375731806,0.2845171917250989,0.6541528769465248,0.5432227744094632,0.9512736585154128,0.5436868764011838,0.5471945080625003,0.6677891210095779,3,0,2,6
0.6721360587183453,0.6047375652582295,0.7470202662311973,0.9308737748309815,0.8309630318910172,0.755103994673985,0.817134747520907,0.3681532084541146,3,3,2,6
0.3892628542991194,0.4837347120645118,1.0048426211946715,0.553049911746109,0.6112174322797241,0.7505503611379486,0.14180029893021,0.1348661209093742,3,4,2,6
0.3917390899881082,0.475996955722711,0.9962768179544093,0.5572296982255088,0.622604444114846,0.7419575485136297,0.1572446335112717,0.1373521410765203,3,4,2,6
0.9332357164012136,0.2837250219593585,0.6375988953137203,0.5357555911358718,0.9694401184853736,0.5479748927834619,0.5503426575533976,0.678233814962344,3,0,2,6
0.6732365896806266,0.6119619117703908,0.7515987553040354,0.9170600471775406,0.8313914005492885,0.7573166108860964,0.8081571732581309,0.3638884671306787,3,3,2,6
0.3966358517907727,0.4769857240995666,0.9977760920808366,0.5592945049926462,0.6205072023406232,0.7417383021422375,0.1579709783570357,0.1358454179557341,3,4,2,6
0.3999402495363127,0.4748346211058823,0.999252340596578,0.5525916708454897,0.6268804505365201,0.7421923020755262,0.1588963402859264,0.1423115716016286,3,4,2,6
0.3935634783524,0.4779834208389508,0.9944126557935536,0.554736249985991,0.6233606972830055,0.7435498475420461,0.1583947985975503,0.1393986654245236,3,4,2,6
0.9400895104316676,0.279508911961038,0.6507732554523673,0.5416480562827389,0.9511949717529756,0.5445784928050118,0.544696514600512,0.6684038814608669,3,0,2,6
0.3957751780816096,0.4772713274755421,0.9946254706169873,0.5563766927986086,0.6224425137183327,0.7411132676400474,0.1578181737397596,0.1414833119950404,3,4,2,6
0.9298084159685536,0.2783806005956786,0.6547510357697836,0.5315508541144546,0.9483632186694596,0.5282919114882582,0.5390114899270617,0.6810643902569558,3,0,2,6
0.390333995135059,0.4673617799335719,0.9874182847332218,0.5622092175428252,0.6241688518845858,0.7570329771574105,0.1458234165813242,0.1342510290109352,3,4,2,6
0.6698745650212016,0.602553871583529,0.7469544181949828,0.9294396245682576,0.831657787825895,0.7542336034176992,0.8165646537719098,0.3679307347902158,3,3,2,6
0.3858013839283234,0.4699524957842304,0.9981136649617832,0.5482062163380151,0.6228297813942341,0.7520361846572695,0.1657053928142602,0.1321308114320602,3,4,2,6
0.9400197195318716,0.2819817524462159,0.6503367761669233,0.5521366459656608,0.9526442359182032,0.5468346224999895,0.5368423627993874,0.6603235142795044,3,0,2,6
0.3996071765790552,0.4763745426390086,0.9928105602036434,0.5573852878360217,0.6207739445369216,0.7470392819852223,0.1532219026601551,0.1435846582595416,3,4,2,6
0.3805274557030362,0.473475298416144,0.987873281307077,0.5252998935353551,0.6256104476943187,0.7348851996444747,0.1353525769850238,0.1264259294507442,3,4,2,6
0.9364544531490532,0.2814456047563421,0.6503285729638654,0.5441828530801217,0.9522740394593858,0.5416710305884913,0.5446790862541022,0.6678437299975091,3,0,2,6
0.6633512925392743,0.6074671865925598,0.7359019900538002,0.9450670982084868,0.8352752875778643,0.7626294361811335,0.8283614790809397,0.3555513769185786,3,3,2,6
0.3953664222800169,0.4767451692198546,0.9957200482110298,0.5555627694510725,0.621904319676115,0.7434115433259251,0.1582097394213816,0.1414367619527984,3,4,2,6
0.9364261492325484,0.2788062643892379,0.6493090705961443,0.5395031308162922,0.9487411794188256,0.5377186317959964,0.5423023131742802,0.6721880025046413,3,0,2,6
0.93499587683261,0.2819737370658227,0.6540434980985865,0.5472489171985809,0.949385585885028,0.538521271834335,0.544717131455356,0.6709568467129722,3,0,2,6
0.673529301752547,0.6040290970754177,0.7443715841505031,0.932549842298722,0.8274646525424582,0.7536765259346225,0.8149287441155317,0.3646003623079428,3,3,2,6
0.6642819367021072,0.6143084160944402,0.7478552797974583,0.918499811523678,0.8337961387227035,0.7565434430222241,0.8263752613101101,0.3778202078058359,3,3,2,6
0.4027041791919946,0.4701749921037776,1.0052709169329992,0.5566501851942214,0.6327933412568261,0.7512050674014669,0.1514613711973582,0.1408545363976868,3,4,2,6
0.9370890620093616,0.2797316891768495,0.6501046840431637,0.5427550263719013,0.9518963947393162,0.5417408581979055,0.5454405248138685,0.6686495531293315,3,0,2,6
0.3923015911422918,0.4731401974995126,0.991823138614635,0.5552870259615147,0.6178904436941801,0.7529738185408049,0.1654948122816064,0.1413132045858333,3,4,2,6
0.9369578439046368,0.2803109920387571,0.64988560862903,0.5435605622374045,0.9520872617868053,0.5411272999342832,0.5452120622665061,0.6684369291086459,3,0,2,6
0.3874661669698349,0.4748996092584354,0.9921463847907585,0.5489097849232721,0.622949183663752,0.7394432766851285,0.1566959412752086,0.1382117661357915,3,4,2,6
0.9365477909203226,0.279379054144442,0.6497192698376774,0.5424960797923762,0.9525024062258654,0.5400541238739209,0.5447729852886602,0.6691610643096563,3,0,2,6
0.9380750004213312,0.2793457106428902,0.6483131280973793,0.5441189032578783,0.952244174739286,0.5393452612843793,0.5448041483424464,0.6682591225302731,3,0,2,6
0.3900732357591595,0.4756294175878797,0.9983616786055216,0.5604637734792564,0.6279520732630262,0.7478736293002325,0.1609504828560659,0.1423282285920952,3,4,2,6
0.380351727144263,0.4834632042154854,0.9961611415395112,0.5583097459278887,0.6356765002271685,0.7440376479343928,0.1709241131101723,0.1372282187761972,3,4,2,6
0.9346281448607128,0.2805223226701278,0.6507467339907517,0.5422736882254476,0.953653612027824,0.5383952198576117,0.5467616698628944,0.6699395818555353,3,0,2,6
0.031312350497957,0.8987303408051537,0.2767352729276774,0.8429271350194844,0.2330912662137393,0.6271465958790269,0.0840554989677677,0.6119890749537751,3,2,2,6
0.9292855910979724,0.2709017206883792,0.6459018683145963,0.5373953290679072,0.9543434446909836,0.546015981440333,0.5504319029779371,0.6710874792739219,3,0,2,6
0.6672352895438594,0.6029967302022723,0.7450522313479904,0.9282426555064942,0.8321577546011714,0.753391627567642,0.8175684754371602,0.3672088753493951,3,3,2,6
0.3928523378359302,0.4794985388526372,0.995886184587452,0.5536444732479706,0.6230927117123255,0.7449298622525903,0.1595982480596671,0.1400298531171953,3,4,2,6
0.932494552736376,0.2838100528960374,0.6470872066995718,0.5447628268613645,0.9414797157879136,0.5356691668401778,0.5567400753011169,0.6630930485758458,3,0,2,6
0.9348223936425708,0.2816860418375753,0.6483029572343888,0.5424118581654066,0.9529790552398112,0.5416555324335581,0.543980722051389,0.6688147797248004,3,0,2,6
0.9346945688102104,0.2789604703857606,0.6467651876154281,0.5434759222066748,0.952524118003534,0.5390320638804709,0.5488787353418827,0.6701141156079804,3,0,2,6
0.0317918025378325,0.892018153598779,0.2848478274057996,0.8266754197693353,0.2317597884906261,0.5941083787774144,0.0761554211360612,0.5833747259570486,3,2,2,6
0.4019720417157022,0.4705581093868869,0.9904700988936154,0.5637043271644905,0.6178183256446247,0.7475058300524796,0.1591967293663442,0.1467725030512564,3,4,2,6
0.6679476192576737,0.6028596906993284,0.7456814680480689,0.929483844303884,0.8336784944054705,0.755789502407435,0.8176031173168987,0.3662621320250666,3,3,2,6
0.3978175500814837,0.4774834994087091,1.000577767659416,0.5554258679767369,0.61780214624625,0.7395558260462342,0.1606556263406835,0.1389933470170462,3,4,2,6
0.9374157145705948,0.2821967941196532,0.6470621052675649,0.5436830729522474,0.952738649661278,0.5414344289335354,0.5447220348943768,0.6649967507473861,3,0,2,6
0.3934992180797553,0.4773936959501721,1.0014549879488035,0.5535151285402324,0.6276325629393087,0.7491442729303667,0.1549915933248048,0.140083301741451,3,4,2,6
0.3811589984097445,0.4933016070687716,0.9758784951637416,0.5710126887829391,0.6305851520585387,0.7514017596585902,0.1616526132318605,0.146539631344763,3,4,2,6
0.3921715148638123,0.4799842443825425,0.9958963512226277,0.5532366588306952,0.6224886741891813,0.7466225696577601,0.1614868915687693,0.1389012807993365,3,4,2,6
0.6571170291810486,0.5971075663923276,0.7293957858197578,0.948814269618345,0.8486779467049264,0.7567209799078579,0.8084437485998419,0.3548764190784838,3,3,2,6
0.3918623663144286,0.4831274207991597,0.9921835791761944,0.5554249364478385,0.6218605086228729,0.7472053878696671,0.1563156241323123,0.1356720912759524,3,4,2,6
0.3463705521373549,0.9018456376298944,0.6445644012627222,0.8869041851375258,0.2658612619890392,0.1276488072387504,0.2544694296114981,0.1508072750700034,3,1,2,6
0.9269494117498184,0.2891645658811801,0.6387320289634278,0.5460420608277352,0.9621254998464548,0.5367976087380265,0.5439154624211949,0.6664981123281539,3,0,2,6
0.9277409395069136,0.2810580487805497,0.6396843269938743,0.5430689354628023,0.9544777565698724,0.5444364467040569,0.5485965858537174,0.6633484814983672,3,0,2,6
0.6705730905278946,0.6042043948959132,0.741766734717041,0.9265076699205798,0.8405844261716313,0.758212710468793,0.8166435415812855,0.3644764066557924,3,3,2,6
0.3861948826195513,0.4889563808707876,1.0037816737608225,0.543184763211752,0.6288989621645034,0.7522720743529419,0.1540338392763571,0.1368064590712352,3,4,2,6
0.4028858949414597,0.4851030868154686,0.9906568030147048,0.5679701746410406,0.6306361884979148,0.7379826736164163,0.1552046522082769,0.131587905147672,3,4,2,6
0.4013374012102333,0.4637144573540838,1.0036593537048502,0.5373956068376053,0.6095696683802713,0.732784263594474,0.1441977165222004,0.1236976137936705,3,4,2,6
0.6710941568668921,0.599479855378775,0.7527212638923089,0.9348673710890996,0.8308497714969817,0.7559991492660982,0.8108649687218527,0.361598771216435,3,3,2,6
0.3876100140530762,0.4802342355014958,0.992302120846834,0.5613847786923913,0.6187798080232342,0.7435827952644783,0.1682181899353059,0.1342093110675416,3,4,2,6
0.3883336469030344,0.4719312711811851,0.9856006941963322,0.5606054974343663,0.6258586685824398,0.7420635303012021,0.1516047075820752,0.1306194083182687,3,4,2,6
0.3841745528914791,0.4803942015077671,0.9869499730793562,0.5531417726385385,0.640965839361479,0.7502784119738349,0.1818021553313145,0.1534774857858616,3,4,2,6
0.4006608545166666,0.47617448065055,0.9936507134442368,0.5612463294916347,0.6276599990781417,0.7429837872457306,0.1629274631759671,0.14716891156348,3,4,2,6
0.9356476824062464,0.2775923555644184,0.6483540006975758,0.5417922723917467,0.9519188490158196,0.539478354296755,0.545951512130584,0.6677424954673599,3,0,2,6
0.0332399999221743,0.8908285957939891,0.2885506585019478,0.832020339293578,0.2281648516517178,0.6002604014262826,0.0746045287725722,0.5904887633183713,3,2,2,6
0.3495431932881778,0.9084819357594384,0.6406417044112959,0.8884358726987938,0.2670956667091905,0.1254833581619174,0.2606213858090196,0.1516097880252164,3,1,2,6
0.671445898018575,0.6081288436285919,0.743366830967353,0.9338016173742176,0.8428503065725871,0.7554153912150877,0.8137496086800008,0.3649479599866901,3,3,2,6
0.3916152581095529,0.4818990852452424,0.9976620988849236,0.5541033163741625,0.6230255536397481,0.7481758919811737,0.1600096163567001,0.1401000529703801,3,4,2,6
0.934470506330515,0.2722697591660686,0.6422857378184776,0.5528846194235276,0.9527545447267168,0.5442152079182794,0.550423816770569,0.6767420073430688,3,0,2,6
0.6621732728686737,0.6106512308512456,0.7442092557054817,0.9291919423190478,0.8295670340328148,0.7592461038088804,0.8205799727747708,0.3657925629479575,3,3,2,6
0.3996082086468484,0.4775153109871494,0.9971057927999892,0.5532469505388395,0.6230704304617735,0.755106604031541,0.1680460082134417,0.1503374338324769,3,4,2,6
0.3936584815280533,0.4820378581241939,0.9932841835735734,0.5474158288403824,0.6267532928436136,0.7506330769945934,0.1546181599722645,0.1450414388230008,3,4,2,6
0.3848280783837202,0.4700595333737866,0.9949745194824716,0.5580270455030351,0.631592646372862,0.7349985584301908,0.1538174055581795,0.1500947949471452,3,4,2,6
0.6515521415003834,0.589851110829564,0.7497016765801516,0.9081975825082578,0.8385317676350739,0.733315567236411,0.8221973068227828,0.3682829680693,3,3,2,6
0.9335510093535208,0.2777715004131433,0.6443740660663927,0.545076720335344,0.9545136528904926,0.5349358508704706,0.5481637102082748,0.668888357919448,3,0,2,6
0.3937592741746094,0.4758648081158936,0.994733462981231,0.5604108216797759,0.6233116044819398,0.7514764482995075,0.1667731660200257,0.1398283636606239,3,4,2,6
0.3885858929457759,0.4777343688657215,0.9968988211489064,0.552284536550214,0.6227420987675075,0.7425762567866848,0.161451069143247,0.1366115461231175,3,4,2,6
0.6656961805357906,0.5989370494181798,0.7434659074202622,0.9340386949131486,0.8353033004326402,0.7588895826058276,0.8211874968521286,0.3695380764482612,3,3,2,6
0.936094252406618,0.2771390088174403,0.6480275224910731,0.5420655138660729,0.9508971046957037,0.5382009032322093,0.5462608539054301,0.6687317412925008,3,0,2,6
0.6698459459668803,0.6062159047940283,0.7413147038298519,0.9250253243294938,0.8386913567684513,0.7615133387398003,0.8157938566287558,0.3625458104759761,3,3,2,6
0.3886038111314853,0.4908995951491379,1.0098114244302925,0.5596797439321497,0.6208903986418153,0.7457661516893149,0.169463812340317,0.1519713365922073,3,4,2,6
0.944836939911304,0.2812191594036147,0.6571963908176577,0.5328237373263389,0.9590383502086928,0.5271713054309228,0.5400772821115987,0.6589351242590343,3,0,2,6
0.6668184800919413,0.603795598400455,0.745487281605272,0.9288132111216476,0.835748860454058,0.7572727364209617,0.8166380568609832,0.3642261228834488,3,3,2,6
0.6652442361638433,0.6025180758709168,0.7446180721830636,0.9281967091131856,0.8372815164454225,0.7557012616117176,0.8184748571306508,0.3641590381784457,3,3,2,6
0.3986168547462702,0.4838176890424659,1.0054659491248803,0.5435292397421476,0.6206443115711547,0.7454907612299811,0.1605901388085294,0.1462214409367573,3,4,2,6
0.397827479786395,0.4797785938199083,0.9980402637665082,0.5579876071961448,0.6108486148766211,0.730194464525778,0.1392821463811941,0.1524989497996434,3,4,2,6
0.9321627505962976,0.2760761067736146,0.6457006703277645,0.5411220789737529,0.9529020134498398,0.5376247961496102,0.5447386386352584,0.6687229929196582,3,0,2,6
0.9423405241040024,0.2860917668220119,0.657650492696852,0.548124510547903,0.9493219032984302,0.5474447684551402,0.5486192565192344,0.663207601872318,3,0,2,6
0.3916574371524,0.4808970491030351,0.9986092275781724,0.5510673540836031,0.6209097092431973,0.747124968825577,0.1607614459639282,0.1422306554713989,3,4,2,6
0.9371194446279972,0.2742239060858418,0.644352987227918,0.5414485558711334,0.9474432274704534,0.5351659426802544,0.5455598067867536,0.6667315203292918,3,0,2,6
0.9309707669399652,0.2717487026061384,0.6543427338446411,0.5345649101646506,0.9562337551855986,0.5306829880827801,0.5523268907612375,0.6737687438578404,3,0,2,6
0.4031700353092829,0.4717646585066002,1.001587645453798,0.5418627514045894,0.6204373093970353,0.751911090356416,0.1585451378843101,0.1492645008088307,3,4,2,6
0.3983683123131999,0.4684663604289348,0.9862219081652592,0.5471836748844059,0.6076202124034056,0.7472380814495366,0.164005779044604,0.1591415368938816,3,4,2,6
0.3865234355881674,0.4800994390770142,0.9939340268365372,0.5486889659536799,0.617524068280451,0.7446655755349213,0.1555231474985588,0.1464327431133192,3,4,2,6
0.935786902034234,0.2666267659604404,0.6333729309416637,0.5363499237664454,0.9587620613883788,0.5332645605492207,0.5622886630118614,0.6728820114152984,3,0,2,6
0.3922006680859172,0.4815128053846045,0.9983510383341748,0.5532426335160562,0.6225466106498924,0.747640076014293,0.163013845106773,0.1422696986923869,3,4,2,6
0.667462045257833,0.6039832336802855,0.7411175634047564,0.92449939915088,0.8330277810229476,0.7546129078818444,0.8156396404565477,0.3648400022419282,3,3,2,6
0.9378105753550672,0.2817920146906482,0.6468125020589438,0.5455042071629088,0.9473343113153504,0.5420254688640889,0.545667603645518,0.6664312257249217,3,0,2,6
0.9345140489589944,0.2714096549019638,0.6413433273110004,0.547976780500585,0.9585439348908804,0.541719571236272,0.5459766562370484,0.6785238201799372,3,0,2,6
0.9342864043030468,0.2754158292437964,0.6512260692278568,0.5403389228259683,0.9536969692343688,0.5407939922559404,0.5513271523489927,0.668782535690282,3,0,2,6
0.9290488404261084,0.2833276903151187,0.6477630467089593,0.5416593840803352,0.9534161713327958,0.537103091514845,0.5490098313997157,0.6853635919717679,3,0,2,6
0.3873284069743939,0.4785014958615442,1.002494077543852,0.5421996005590946,0.6150814192774382,0.7534116999294013,0.1600135044728832,0.1339732409672523,3,4,2,6
0.9375183134332208,0.2736297233793507,0.6436241301962402,0.5431071582016201,0.949163490763452,0.5368574765968931,0.5484065796748459,0.6724682892775027,3,0,2,6
0.3567825248541295,0.9024018647890945,0.6429432702196712,0.892823757631174,0.2621947843472971,0.1181652325281351,0.2642408645585347,0.1588911881737597,3,1,2,6
0.3931140257985939,0.4807716799721966,1.0100330372252813,0.545716032673165,0.6109228021960439,0.750721963340517,0.1628713172294839,0.1330952187118856,3,4,2,6
0.9311268160767476,0.2657626408942758,0.6458383744643518,0.5372404666514763,0.9557223153172096,0.5381877014207713,0.541723606866413,0.6631863391826172,3,0,2,6
0.3852042043820677,0.4851177719796132,0.9991279405898826,0.5527447274222971,0.6219242877280232,0.748749106230814,0.1649022215856836,0.1395441987928464,3,4,2,6
0.0239613718362234,0.8900412614880648,0.2837361348737504,0.838300116094628,0.2254868209892447,0.6089163670662201,0.0831509174508293,0.5967200559636964,3,2,2,6
0.9291334479985076,0.2786128399369492,0.6432398879861274,0.5345824758688219,0.9482279563553418,0.5313853744216424,0.5474509768023845,0.6647527581555241,3,0,2,6
0.3917476434682522,0.4807573409201535,1.0005725285863332,0.5530455961071594,0.6202433818505225,0.7500993491900408,0.1610518817248682,0.1402224957440332,3,4,2,6
0.3904571832297345,0.4831493492312718,0.997742537917138,0.5522822298019922,0.6212048833986812,0.7494119741349391,0.1633029063413898,0.1428478900035042,3,4,2,6
0.9353428783565196,0.2756732585706062,0.6462261565080161,0.5404591152972116,0.9503662082544714,0.5371515873015427,0.5476983703089618,0.6687863897216285,3,0,2,6
0.3907245313327053,0.476321091895823,0.9960040714518188,0.5452079297540713,0.6192615598557337,0.751131415757221,0.1567768255163094,0.1376415904192813,3,4,2,6
0.93302219811383,0.2750474055663604,0.6456122675829415,0.5384658364112003,0.9526030992347376,0.53461379978543,0.5490453427011367,0.6700805293650246,3,0,2,6
0.3794437669042433,0.4842493755749978,0.9826550135671488,0.5419719961062759,0.6273347915510631,0.7331228659978897,0.1802564278934498,0.1426128946662914,3,4,2,6
0.3906957536093797,0.4882599550388654,1.004736075254974,0.5586061536093804,0.6220119941566059,0.7468724057821335,0.1635074717884594,0.1355862069870391,3,4,2,6
0.3819267244861183,0.4720661640101035,0.9996743020805384,0.5351653224641763,0.6478825355338833,0.7714685412525019,0.1658708894876508,0.1481511913207001,3,4,2,6
0.3891509797553566,0.4706662188085015,1.006560522119118,0.5567758307805288,0.6279239996320745,0.7599520366906544,0.1747463251181044,0.1339750354004757,3,4,2,6
0.9326913611777368,0.2805831169880984,0.6456122001612039,0.54307801120968,0.9472669989133076,0.5401671253960627,0.546038319732169,0.6642163850234766,3,0,2,6
0.3922050363466576,0.4828158726631276,0.9988840930036208,0.5517672384468036,0.6213656185353676,0.7490078361665098,0.1632004629019219,0.1416631538308273,3,4,2,6
0.9334053740100362,0.2744481101619304,0.6450552725994861,0.5366322393328613,0.9530602395262642,0.5395287967795186,0.5441874232540518,0.6669266598433216,3,0,2,6
0.9359333997638246,0.2752619853192612,0.6488980602363097,0.5472677885918724,0.9426152051606886,0.5343071215789409,0.5542918045760112,0.6647343809549253,3,0,2,6
0.9322468068876136,0.2718488363874409,0.6455068037385294,0.5418287764288063,0.9508699733014352,0.5340303235634374,0.5450561735073317,0.670885235603304,3,0,2,6
0.4005113349269487,0.4781317923389043,0.9987851009938048,0.5643219596687605,0.6183450631825433,0.7573811351360425,0.1517678705630638,0.136756275928027,3,4,2,6
0.3823756381705048,0.4767534298862266,1.003714474456039,0.5559852815494692,0.6263911586236378,0.7483641798019378,0.1657543761319946,0.1421180350252603,3,4,2,6
0.6805080227095739,0.5999144351255591,0.7384778681724364,0.91611433624289,0.8420306321287284,0.7676723383387017,0.8267285027502973,0.3505830797526661,3,3,2,6
0.3947445908156682,0.4886074170697878,1.0014390891408365,0.5654515374807634,0.608412370602995,0.7573191793855848,0.1635594629059846,0.136395960719066,3,4,2,6
0.6609724761582968,0.59664449648658,0.7515984144935048,0.9275998157869624,0.8394059696090552,0.7665892889219356,0.8227374438080723,0.3576781110738229,3,3,2,6
0.6710189432659186,0.6110043060344339,0.7501246348838966,0.9276074967692168,0.8345133239773058,0.7570360642448888,0.812154197162132,0.3568822525775164,3,3,2,6
0.935432314360388,0.2753222284646545,0.6452744226092415,0.5407114910071665,0.9494856791768782,0.5361449638499332,0.547911828603799,0.6692532273391703,3,0,2,6
0.9342360572861208,0.277232896160512,0.6442065981427022,0.5420934666406313,0.9526520131557298,0.5367902062040044,0.5497809337498418,0.6665622397194938,3,0,2,6
0.6524707470715615,0.5859900688296303,0.7561535910139253,0.9171492789055858,0.8580936242748876,0.7503490177055476,0.8110568691653994,0.3483057903277896,3,3,2,6
0.3911063688803184,0.4834646892032118,0.9987778724475946,0.5505309373962596,0.621362492319578,0.7501325364124725,0.1651435013761743,0.1437394085126203,3,4,2,6
0.386410549187285,0.4919933421003041,0.9840186663629767,0.5578464736246848,0.6364216213919704,0.7398306881000979,0.164708979502643,0.124399574187315,3,4,2,6
0.9401677945739686,0.2798973756346981,0.6361728793410879,0.546897151424053,0.9452373118166127,0.5437166538708843,0.5528244615068058,0.6616218169283693,3,0,2,6
0.9344686365246366,0.2743893498051045,0.6455994093096863,0.5403624358711759,0.9502111458920988,0.5353940108202022,0.548592727427791,0.6691869720642749,3,0,2,6
0.3914634805385613,0.4833515433603812,0.9999947974287808,0.5514363162275648,0.6221468413353731,0.7503735643307837,0.1633088738533298,0.1420395533514456,3,4,2,6
0.6654858154755438,0.6085495589942143,0.7355573837373924,0.9342480119357478,0.8307186718338655,0.7614077493857687,0.8165836161264218,0.3585089452178598,3,3,2,6
0.393062539449785,0.4838755275303696,1.0075361923098656,0.5564357547863217,0.6173429608951698,0.7450201181402941,0.1608248886506026,0.1396805167644547,3,4,2,6
0.664267720248411,0.6049165550182385,0.7439254438504878,0.9286257277036466,0.8372609756526345,0.7584207117231752,0.8176705526836036,0.3622927403831059,3,3,2,6
0.3819487419052723,0.4721849251284248,0.9897259776102804,0.5543128975313191,0.6325301848497525,0.7509613400360681,0.1755079538048455,0.130187954644021,3,4,2,6
0.3903081578343846,0.4872794239172313,0.99942349425718,0.547853046960646,0.6253510855515592,0.7515318166207323,0.1647597527744227,0.1423921935552503,3,4,2,6
0.6605909562711659,0.6048862261314606,0.7441725431419318,0.9252117874701962,0.8396275399648334,0.762127519595435,0.818243694185321,0.3636427831373122,3,3,2,6
0.9454508064868749,0.2836063635412007,0.637820092147514,0.5409438449381496,0.9373888112132072,0.537657796392599,0.5498765241915132,0.6568942964843917,3,0,2,6
0.3527782975913227,0.90615826300371,0.64606877009482,0.8869643692710445,0.2632903626312473,0.1225544835694078,0.2594823962542278,0.1564643286974861,3,1,2,6
0.6606039941774449,0.6061189050588155,0.7430707369163028,0.9297628957517914,0.8414545876889937,0.7589638359759531,0.8140092696784129,0.3587716059300347,3,3,2,6
0.928725215748055,0.2677944557308635,0.6419184975761145,0.5413115181536277,0.9422019862885938,0.539483351490105,0.5536237843104771,0.6725146690517241,3,0,2,6
0.9343991786900075,0.2737173021613525,0.6446455228443109,0.5394195873406749,0.9493782241391908,0.5352115384238585,0.5484466249562395,0.6685961156824027,3,0,2,6
0.9329101908014376,0.2741354277792883,0.6390414970316952,0.5394660748594527,0.94644555311868,0.5299111369904056,0.5433667900636772,0.6716854090430853,3,0,2,6
0.3914546760418512,0.4838265725497476,0.9992201834514264,0.550172757090912,0.6220517083787002,0.7514349736321156,0.1637400114185884,0.1423587335044204,3,4,2,6
0.4165814483226233,0.504416086429519,1.02049796013031,0.5586457952758165,0.6201602570705538,0.768316387693121,0.1587002462919132,0.1567658978200472,3,4,2,6
0.3911879346111665,0.4863749984489648,0.9986496479042308,0.5564431082687069,0.6215428018630345,0.7415571155812081,0.1729382021364567,0.1517875377518133,3,4,2,6
0.3910053660581232,0.4844997680164719,0.9991980868759304,0.5504966956369945,0.6216731202928967,0.7511433776661288,0.1640756230851319,0.1420359297438628,3,4,2,6
0.9348936011551724,0.2749845836816058,0.6392075861272608,0.5382152197939913,0.9435263489273124,0.5289511448400818,0.5478430322502499,0.6623579309245771,3,0,2,6
0.3580548445497834,0.91171390059542,0.6467062156616785,0.8801306936018604,0.2657284358206475,0.1181034600089867,0.2633890688101064,0.151232752002908,3,1,2,6
0.9409935417821108,0.2732148032563413,0.6446530671023185,0.5336001540889986,0.9548281391666488,0.5361102915659444,0.5538522504737788,0.6624245284571987,3,0,2,6
0.3816017978964341,0.4947375864920992,0.9935434343987544,0.5547328977813768,0.6092497293058823,0.7537103450242574,0.1752197385742964,0.1443980538009248,3,4,2,6
0.385244954258241,0.487852131319517,0.9875558775783808,0.5669226123585214,0.5990493423275929,0.751879718353234,0.1745555928010973,0.1707053203940795,3,4,2,6
0.3949081623427544,0.4882753734990342,1.0214529505788814,0.5351595339505317,0.6112916720760286,0.7552162808567578,0.1685152195202322,0.1481144254229756,3,4,2,6
0.9280903274388748,0.2748962384159731,0.6456532391980521,0.5402782821391698,0.9410559481650764,0.5442665952954554,0.5487165935499734,0.6696892486886088,3,0,2,6
0.6611050901254747,0.600651076372892,0.7486837233467967,0.9324902346815028,0.8339204640553983,0.7636519011577528,0.8183399273537681,0.3583666146526577,3,3,2,6
0.9341411069836052,0.2734287615694178,0.6436080995850806,0.539513128567096,0.949455285211741,0.5341155685299317,0.5487358930671593,0.6681442415139547,3,0,2,6
0.9333543569222468,0.2726857260730475,0.6422163331998855,0.538004440680693,0.9493181672016564,0.5337045575824078,0.5479540892727955,0.6697628256987636,3,0,2,6
0.9335106111262912,0.2728236785480963,0.643985245624256,0.5387380062791415,0.9496776111259232,0.5339068593477203,0.5494576818605875,0.6685738977021386,3,0,2,6
0.3903116192776684,0.485910848431559,0.9982662529761898,0.5506120009936254,0.6219860593215476,0.7510227483317164,0.1646390360218236,0.1426539528725523,3,4,2,6
0.938871135374204,0.2562855298949136,0.6334614042424277,0.5468446299371944,0.959272124716777,0.5497335636849171,0.5542549912238011,0.6858874496353593,3,0,2,6
0.3929836546703938,0.4840929344077573,0.9975343686415674,0.5483258364187905,0.6238546025479161,0.7546734895288085,0.1649531950511285,0.1430489731058386,3,4,2,6
0.9349161447238824,0.2726422672374341,0.642357013665445,0.5398172083950281,0.9496780538608612,0.5355012300732255,0.5485472391483425,0.6675561580633386,3,0,2,6
0.3842681494361357,0.4905870474772995,1.0110255667672678,0.5512298508515941,0.6153111471248571,0.7639951211422031,0.16195525398255,0.1573737387304694,3,4,2,6
0.9349177875361636,0.2803901308655889,0.6540990480088883,0.5414218142256366,0.941534374135464,0.5346523319864639,0.5459972985603198,0.6601379619692902,3,0,2,6
0.6625019052900891,0.6038683797775534,0.7432839400465571,0.9273602509770458,0.8395490546827143,0.7602392089181971,0.8173231119803862,0.3596035712707945,3,3,2,6
0.6619646551397698,0.6043480971937533,0.74342761050839,0.9272101166623982,0.839868252490731,0.758924999457154,0.81695941719224,0.3591168055041662,3,3,2,6
0.9345479593106464,0.2762278867680162,0.6404472362978569,0.5309992293254534,0.9523348917181534,0.5301314297076513,0.5446794110322363,0.6686706098530479,3,0,2,6
0.932618497021959,0.2744138875620192,0.6410290798842977,0.5383491822247292,0.9486438784857064,0.5314531293065163,0.5517047806947927,0.6659634615294244,3,0,2,6
0.9325191274109084,0.2684374296795194,0.6496415390255035,0.5441622970356259,0.9512080459137588,0.544111848741511,0.5468779600599291,0.6630886256844678,3,0,2,6
0.3922244897182507,0.4717797036834241,1.002468001122412,0.5370507970034979,0.6312181448266476,0.7652007518430417,0.1544165364361937,0.139242273583216,3,4,2,6
0.6613247241702472,0.6048680155429118,0.7427826160863048,0.9275893602758022,0.8395141255918959,0.7606721214610926,0.817798880519096,0.3597075956126014,3,3,2,6
0.662577339955803,0.6004359796314616,0.7620605680952784,0.9171154912660808,0.853940137507036,0.7767849094105378,0.8112030359675068,0.3636274601990437,3,3,2,6
0.3499624243435405,0.9165120751520734,0.6443381876725528,0.8862349061702344,0.2642819503673048,0.1275220997637645,0.2583249536269797,0.1582316366417995,3,1,2,6
0.9390488528525583,0.2680846195923487,0.6442005516784294,0.5402467539711029,0.9550114195233086,0.5270338540771992,0.5477895537224491,0.6639305044403041,3,0,2,6
0.3459177839342724,0.907846498586786,0.6425390912459655,0.8848449130885495,0.2651610762508265,0.1213579847581093,0.2559504288665972,0.1534863786312638,3,1,2,6
0.94871834416607,0.2805796003509034,0.6290523386662281,0.5230948267948222,0.9497231666467422,0.5306827567019019,0.5585153032532922,0.6631703547682,3,0,2,6
0.4004062753634756,0.4992040537573099,0.9933678798969154,0.5546047753865471,0.6327424534798868,0.7521863355962077,0.1687017461916078,0.1462381985777607,3,4,2,6
0.3892330303087418,0.4865135761917477,0.9978354625233866,0.5488645776132292,0.6219580612459106,0.7538627704303372,0.1646855957651579,0.1427263976412293,3,4,2,6
0.3532028900082998,0.9080111671874322,0.6488965616179747,0.8768770374392206,0.2556141661886032,0.1227124312249969,0.2587293323782034,0.1659528637518717,3,1,2,6
0.6623472440638334,0.6012476574369544,0.7433103167368436,0.9312661240460473,0.8448634592677733,0.7618283249234572,0.8209497395921473,0.3618661748894602,3,3,2,6
0.9283399780663188,0.27631973246319,0.638984734614677,0.5447698780228443,0.9435587009342664,0.527490119444357,0.5558618931995379,0.676651515133678,3,0,2,6
0.364992177643026,0.9243755868710192,0.6458518895853603,0.8791640957074236,0.2554171752675616,0.1335727182069522,0.2520712471170074,0.1581394191384383,3,1,2,6
0.9343204596902835,0.2691730566104517,0.6444688435827146,0.5414719953318635,0.9518066879573538,0.5312109012611221,0.552410520241737,0.6710552630743317,3,0,2,6
0.387698075575921,0.4956604465322531,1.0066342357227462,0.5552919364828888,0.6298727673129474,0.7624623739536738,0.1667686839244475,0.1519055937479233,3,4,2,6
0.9356100703489616,0.2685382827355446,0.6434044913677469,0.5417188970865385,0.9478232868351404,0.5337253303312567,0.5531338273310001,0.6705977070086734,3,0,2,6
0.3980522087147874,0.4772700006790648,0.9920498263861276,0.5434948576757186,0.6301948401959083,0.7571593076753264,0.1751138092980276,0.1361296576283112,3,4,2,6
0.396569706936406,0.4855457863536594,1.0024405643958545,0.547295372076426,0.6174468175418004,0.7477013643923658,0.1580562763787136,0.1387905814074889,3,4,2,6
0.6639109128200559,0.6090733992396103,0.7405377894840567,0.9215269466619294,0.8359947207982946,0.7581226775573809,0.8236988434769811,0.3561435009885135,3,3,2,6
0.3829837841054155,0.4834153310473227,0.9970909942170852,0.5493627465981906,0.6230962356253688,0.7595534552921362,0.1754428985298907,0.1326142940114822,3,4,2,6
0.9497765567279662,0.2839475335049404,0.6549639698225015,0.5320354729128587,0.9439840610835986,0.5361408404318679,0.5649301923886058,0.6870095695556607,3,0,2,6
0.3913455125567848,0.4858913646225059,0.9969469918226412,0.5496548776854309,0.6204350578139756,0.7542681589055665,0.1660305743876294,0.1416166139745226,3,4,2,6
0.3937546578659084,0.4887403113352667,0.9963802688183716,0.5473077695441729,0.618474954886761,0.7519465003632684,0.1622819021411424,0.1424207358427479,3,4,2,6
0.6580635897718747,0.6050184557723687,0.7448221008328272,0.927505860225386,0.8429779811420924,0.758805380971856,0.8190006566766445,0.3608791512730353,3,3,2,6
0.663483673852596,0.603730409604989,0.7418912442398239,0.9315628723638772,0.8382970999755774,0.7604287864946068,0.8185355270524132,0.3588972270888274,3,3,2,6
0.3982743747002452,0.4781319165601861,0.995128014176972,0.5453373233225484,0.6225973173056942,0.7607920214474803,0.1617172769016014,0.1408486686659026,3,4,2,6
0.9323018900703156,0.2746679383743962,0.6450400389878178,0.5338498382134241,0.9495262856293984,0.530975661365383,0.5497540847021414,0.6681981806139292,3,0,2,6
0.9334460870821448,0.2763400598804706,0.6446383460649128,0.526435931589188,0.9545426138081256,0.5252814814860526,0.5603604742142168,0.6710087476568471,3,0,2,6
0.9327377887958362,0.2704592516319081,0.6428994362894117,0.5368673825428826,0.9486391104654875,0.5322290942865803,0.5496435128523526,0.6692848529780551,3,0,2,6
0.3927742211309021,0.4847827154117248,0.9905747512361897,0.5419278637418075,0.6162129476193774,0.7468463399413753,0.1649868938004121,0.1474125384941839,3,4,2,6
0.9316414025868732,0.2715262453496235,0.6434270098820601,0.5377316761196353,0.9485715600113336,0.530901196009909,0.5509711907007466,0.6676784519616776,3,0,2,6
0.9319602671548208,0.2822990074098361,0.6470269810970719,0.5454522744077483,0.9536564500111184,0.5233435116336355,0.5422083941949262,0.6653856467921259,3,0,2,6
0.3923377721742865,0.4949079583153515,0.9981196347026228,0.54570505762136,0.6164831826235578,0.765001955157214,0.173221335315222,0.1515004699553908,3,4,2,6
0.932387165479088,0.2643348773530629,0.6490242202341485,0.5356290716515015,0.9447965047489888,0.5245476404851711,0.5563391354455924,0.6790356504556049,3,0,2,6
0.6599211140461814,0.6040665556174939,0.7418096430498501,0.9257562126864112,0.8425806717482938,0.7625548361088097,0.8173948362874233,0.3571420995774575,3,3,2,6
0.3967856632587241,0.495144031913982,0.9953273040811546,0.554552257200747,0.6120520811054756,0.7467912440258423,0.1703131437645289,0.1500435323204725,3,4,2,6
0.3714937110833604,0.4869771433117063,1.014115968935124,0.5655027330731024,0.6161253754652564,0.7577900891298682,0.1531297429781671,0.1416923392072845,3,4,2,6
0.6602505967398697,0.6040581255498739,0.7428708828619595,0.9276834153276649,0.8422989322496114,0.7629620102641715,0.8175359959246693,0.3586677052080941,3,3,2,6
0.3561562010781198,0.9135042810959486,0.6432274456760325,0.8823725489906485,0.2578613033630035,0.1225174995157665,0.2603488449804461,0.1523473409939233,3,1,2,6
0.3897366047649778,0.4861121730127279,0.9959610928525152,0.5495766924668747,0.6203682499732452,0.7550389388632844,0.1654554368999666,0.1425238953321138,3,4,2,6
0.9272793222967066,0.2626437489561384,0.6391955388871063,0.541703851474725,0.9352379262109408,0.5270633688079436,0.5514657776567047,0.6716247960366661,3,0,2,6
0.3841074859670432,0.4934052647965224,0.9911043320941804,0.5526372094828287,0.6130447362580009,0.7538426606605386,0.1618517239205977,0.1519014388339592,3,4,2,6
0.9303744129332046,0.2710474527285261,0.6400112856746913,0.5397600561355275,0.9439780197510048,0.5280601629455525,0.5517137550090588,0.6681961234123291,3,0,2,6
0.6561227152595555,0.6083052452294522,0.7480708828158933,0.9228684531285084,0.8415478099809478,0.7677258554914256,0.8193158564032298,0.3512948651353516,3,3,2,6
0.6534498558221169,0.6061283737589828,0.7391259265853841,0.9350461493462932,0.8484727014541081,0.7655721158403223,0.8205117383452687,0.3566880007100236,3,3,2,6
0.3897232576419434,0.4875214342644345,0.9960967122300112,0.5485305947481699,0.6209383146325956,0.7547320698680847,0.1668945516420127,0.1434569991110982,3,4,2,6
0.4057217817747654,0.5083694022845417,0.9951202707240884,0.5257007837569431,0.5983021827387318,0.736876265499112,0.1769845935129198,0.1482653865508762,3,4,2,6
0.9198543190489464,0.2912341928283935,0.6170910603202457,0.5374495438573996,0.9506233941529124,0.5339248604173833,0.5536046571698101,0.6681636746488631,3,0,2,6
0.3905506489086166,0.4936340969812495,0.9935791910900256,0.5527348121570491,0.6256963362254664,0.7552684628311919,0.1681848563438969,0.1418192361390523,3,4,2,6
0.6602366023348367,0.6007945640338258,0.7464657322457648,0.9254879081301176,0.8376102260746573,0.7584929989390492,0.8225680362847887,0.3582725573249844,3,3,2,6
0.3918925024208346,0.4857540727411131,0.997607493111018,0.5474636616018925,0.6184962541834615,0.7570335752411295,0.1673618230022688,0.1412259962190988,3,4,2,6
0.9306027359240512,0.2725845082307807,0.6433188193039643,0.5313803280603255,0.94955932210812,0.5276492222226988,0.5453682578767771,0.6631697563397814,3,0,2,6
0.9346137001774812,0.2640763689014248,0.6515197832732464,0.5434047367352137,0.9522673073230568,0.5397208957816814,0.540475009589606,0.6718607237503699,3,0,2,6
0.93111412290701,0.2717505544900899,0.6405756675940072,0.5329641939431726,0.9376027122656376,0.5303128276483559,0.5410811815623522,0.6657812421918682,3,0,2,6
0.3870918442696325,0.4907803493848748,0.995187272184241,0.5545108268298482,0.6202289092094344,0.752299598539703,0.1688895016674436,0.1498141748340249,3,4,2,6
0.3901081320360992,0.4775677497823791,0.9909539334451318,0.5483399245522784,0.6115032270481973,0.7574368854643385,0.1771748174963299,0.1422731081403872,3,4,2,6
0.4077786732795295,0.5114224191091074,0.975467231383612,0.5544185930723713,0.6513317802024686,0.7299872118900027,0.1691408306942004,0.1189058633529277,3,4,2,6
0.6625124994001201,0.6068239977727534,0.747562638202786,0.9201204614583436,0.8342223881577803,0.7664869338613511,0.8167256478168278,0.3646307487021464,3,3,2,6
0.935626137652426,0.2683735771810912,0.6442084827850895,0.5373223522610537,0.9440431139843828,0.5325380238804719,0.5513971502121876,0.6659819242834156,3,0,2,6
0.6594080219909132,0.5882955262220319,0.7526228827737017,0.9223838282727992,0.8349106581667403,0.7607631609755406,0.8127744168933503,0.3679910459495999,3,3,2,6
0.3998634819344743,0.488029192502714,1.0031810839393165,0.5495698041154038,0.6149945470008947,0.7513359666632871,0.179285482271195,0.147483920788609,3,4,2,6
0.3530451502718843,0.915607083911968,0.6429799509526223,0.8829164816234385,0.2605455511421233,0.1212636260598091,0.2618015379891767,0.1561201913504961,3,1,2,6
0.3934233826195801,0.4911674060819432,1.001306628515755,0.5450548710855199,0.6248967036868718,0.7613410054882841,0.1695517123703717,0.1479082853933225,3,4,2,6
0.9304379342831114,0.2586111452998429,0.6536161308451842,0.5352415874222478,0.9440962533268036,0.5425041847927804,0.5600082306592803,0.6768517724272557,3,0,2,6
0.9328040004225856,0.2697442001938338,0.6392158029289505,0.5376060481322161,0.9488161922669908,0.5299881745339156,0.5517195266361631,0.6689967645056191,3,0,2,6
0.6619788145634418,0.5978574188671949,0.7364866567188979,0.9302141523094682,0.8386579590926639,0.758228754793564,0.825712312448902,0.3479867987212613,3,3,2,6
0.6515378796934059,0.6019768033127033,0.7372426134502145,0.9252025381131416,0.8453941298160664,0.7581427016219567,0.8216382394613938,0.3627516936738652,3,3,2,6
0.3595524875658086,0.4687094479752683,0.993113578620688,0.5641080115858285,0.6435000840167182,0.7807723814111709,0.1619150333525227,0.1340436653583785,3,4,2,6
0.6509163644227732,0.6143083069531532,0.7467506677861586,0.9344462656587268,0.8507958674488657,0.7678071256126456,0.812940392312386,0.3478294631189589,3,3,2,6
0.3858311326666295,0.4851444789634724,0.9979642170235642,0.5458614469572161,0.6278302455330187,0.7613319580124841,0.1751329644907646,0.1387146389321466,3,4,2,6
0.6641176361548593,0.5950541841653547,0.7370901596812577,0.9251328508042672,0.8528471618340794,0.7689454543441542,0.8168336002770978,0.3484828877395687,3,3,2,6
0.3908089492175869,0.492792145065495,0.9936655227275152,0.5462281639995225,0.6228550706824425,0.7575973610714577,0.166494911054025,0.1404240878440985,3,4,2,6
0.0407710988543685,0.8937812705301257,0.3002140043573373,0.8197530510034818,0.2264597116857626,0.6040530174387642,0.0703448795322909,0.5828134950452662,3,2,2,6
0.928374975963353,0.2688539761084938,0.6365650317365074,0.5325724006670692,0.9493592653024724,0.5350651941659191,0.5562373912233021,0.6722521554220188,3,0,2,6
0.3538795299947566,0.9170902354131174,0.6424068877732022,0.8820738418484697,0.2595608815359737,0.1207977969141296,0.2616323432330398,0.1561784203191816,3,1,2,6
0.3481375794557588,0.9160902504840972,0.6397537421563472,0.8873034273615724,0.2555488093851446,0.1180202450575743,0.2551463930104026,0.1550072125351058,3,1,2,6
0.3870126705256954,0.4890863794985903,0.99241612724508,0.5448287004966336,0.6202758006380896,0.7567573171458889,0.1667072805184452,0.1421072300596167,3,4,2,6
0.9326221724769262,0.2678332110338941,0.6401948929749846,0.5361948969211343,0.9465430263799998,0.5305472951222481,0.551117462974304,0.6691936239189892,3,0,2,6
0.3876777033167885,0.4889936276644013,0.9895892988986168,0.5425546351196084,0.6196790212910774,0.7618605447784859,0.171268827106604,0.1386011081767512,3,4,2,6
0.927639520868267,0.273379389358601,0.6353249060231783,0.5300592053669753,0.9450083921824036,0.5297709710062155,0.545872593754035,0.6635019262842865,3,0,2,6
0.3974120943121162,0.4763981978555504,1.003916338509407,0.5391015428147377,0.625822303142478,0.7655594617738274,0.1617176671944001,0.1421747420560945,3,4,2,6
0.6576827938396606,0.6035823477711469,0.7404209837714368,0.9255815503911716,0.843068874498619,0.7628970247483502,0.8176668477252608,0.3549634743847615,3,3,2,6
0.387687506641464,0.4959708380785051,0.98310385175622,0.5439046153074354,0.619907605399097,0.7518480050592732,0.1715604213493281,0.1539956606133925,3,4,2,6
0.9314504570943914,0.2662068583502069,0.6397540549104874,0.5338826075111459,0.9474681278858028,0.5282003445168265,0.5528684626201459,0.6684674339407077,3,0,2,6
0.6642957345612244,0.6008252563564183,0.7391202337202079,0.9321377544126142,0.8445537550956815,0.7588253120902488,0.8238903534465621,0.3550835276958944,3,3,2,6
0.6539896168141366,0.6020931630117085,0.7375078326352685,0.9233138230949528,0.8384946840892454,0.7690024449434142,0.8170530284085984,0.3602242011203313,3,3,2,6
0.3541942432503542,0.9180232759408552,0.6422343739540846,0.8819082417630553,0.2592224222824615,0.1203246296730597,0.2618691287590596,0.156460548531974,3,1,2,6
0.9328191374884968,0.2673989119789628,0.6453707380311416,0.5385044181872751,0.941758089490561,0.5249176379895236,0.5536602123421389,0.6700858894590883,3,0,2,6
0.3977393445560521,0.4892649989156236,0.9995141915469036,0.5389296065191025,0.6136441537185332,0.7499575264076364,0.1630916496923689,0.1425958005798187,3,4,2,6
0.3883530991053446,0.4883363555546212,0.9929009657542432,0.5454419923681297,0.6187107441937963,0.7553479321832042,0.1671259658259551,0.1442574752122543,3,4,2,6
0.9326834313595136,0.2667253971460906,0.6392925833866255,0.5342715440662344,0.94582194706667,0.5296379758784268,0.5526251831473245,0.6688382930611027,3,0,2,6
0.6552990016607886,0.6011513078802361,0.7408571463035816,0.9230153221902246,0.8437400693340199,0.7641424095662421,0.8168860623109948,0.3525234604700187,3,3,2,6
0.9287912306455398,0.2719417572352427,0.6401989600017381,0.5366727903305992,0.951546837442587,0.5264236017860242,0.5515803178613817,0.6728111841084184,3,0,2,6
0.3857805752210448,0.4929756020682142,0.995666276837282,0.544888223308598,0.6202616217105087,0.7592472365628358,0.1662634581491823,0.1464772542402004,3,4,2,6
0.9279180613150232,0.2720455519043694,0.6368769122590371,0.5360874264955939,0.9421121023741234,0.5277446363733386,0.5506492024532362,0.6698207286789113,3,0,2,6
0.9320585532779484,0.2671455873328979,0.6392739044078415,0.5349858864186384,0.9465749638915434,0.52919391349252,0.5514866544178444,0.6686227733011554,3,0,2,6
0.3893843535265036,0.4901949126386732,0.9937926447366072,0.5448090547460588,0.6246280475242849,0.760945574935911,0.1728197457516828,0.1433361275677676,3,4,2,6
0.9189485188639204,0.2617968950657726,0.6450597715897488,0.5356625048067418,0.944149407157164,0.5258038449653558,0.5599632486952654,0.6808354867736081,3,0,2,6
0.4061382661402719,0.5064894556764563,1.003034132051005,0.5342762732401621,0.6394425678096792,0.7445974851486703,0.1721841912135513,0.1484702882222737,3,4,2,6
0.9246763969831396,0.2591048176335964,0.647113355053932,0.5296259650517943,0.9444306261756358,0.5466812934681066,0.5504172704596113,0.6745465115699579,3,0,2,6
0.3893821470717099,0.4884721562437146,0.9953343182462674,0.5472696318752589,0.6202133245597615,0.7591967262841656,0.1699642292618313,0.1446966977107975,3,4,2,6
0.3786167227093298,0.4899188816578793,0.9827552366709812,0.5506490672861106,0.6110011053871833,0.7672203957385129,0.1611112903640062,0.1369446985404342,3,4,2,6
0.3749901096609295,0.495434785776712,1.004970560770304,0.5597162744837373,0.6194627003091608,0.7637797393541412,0.1567853034352365,0.1446951413715797,3,4,2,6
0.4006505341452672,0.4812625838128887,1.013771161267262,0.5378410092241062,0.6433149727840951,0.7406570803026182,0.1616393329011063,0.1578894197939524,3,4,2,6
0.0259514196770859,0.9105999911059132,0.3035496959556232,0.8375946725149174,0.2448189242065499,0.6217355424966335,0.058327721240816,0.5831596558383467,3,2,2,6
0.357381259355238,0.9202360811562652,0.6402538587964066,0.8801178204726083,0.2605805327313173,0.1219698747183232,0.2600092461531701,0.1572332703266759,3,1,2,6
0.6570490731946002,0.6251203394338425,0.7290266717612092,0.922140830691442,0.8519718789246641,0.7516100945943702,0.8130233371264363,0.354388818099638,3,3,2,6
0.412335240236543,0.4932781411952069,0.9773946544862868,0.5615780274220904,0.6121822282739854,0.7546025075475187,0.1583927483458405,0.1752284540915566,3,4,2,6
0.9328547831153298,0.2668321095943576,0.6358323130807204,0.5332623033019916,0.948237382921472,0.5327483617117748,0.5510994077867319,0.6696473545387703,3,0,2,6
0.9295560379107616,0.2670447549412146,0.639243102044573,0.5352157215082836,0.9483365550073304,0.5273709680032888,0.5540683127335421,0.6681039197753165,3,0,2,6
0.9341490205400846,0.2738943231194443,0.6400478560547016,0.537294160380623,0.95194382884345,0.5273753060468651,0.5559008030150148,0.6746016573888439,3,0,2,6
0.388265682130709,0.4931548186499323,0.9898386664266052,0.55069054680968,0.6178777187833602,0.7569472310848647,0.1748267099216926,0.1473676578475881,3,4,2,6
0.9328650342234828,0.2642856130186226,0.6421377279538952,0.5305096840215171,0.9469469641173992,0.5335149311158423,0.5520681333072339,0.6710722030040215,3,0,2,6
0.0418452466668415,0.8954143055265191,0.2942153049297912,0.8201209471487809,0.2281215521151698,0.6146328627424553,0.0752806878207566,0.5901705431143447,3,2,2,6
0.9339069914542198,0.2647843919810566,0.6429494578984629,0.5390650530410374,0.9506920096948338,0.5214806473179256,0.5579811892564894,0.6724805214083145,3,0,2,6
0.9323248690855488,0.2650633763484249,0.6389576812616922,0.5353705945113955,0.94516137897022,0.5299988563075457,0.5524838965092593,0.6677363172299019,3,0,2,6
0.4105919969275282,0.4868343480966758,1.0078436092086651,0.536644713465031,0.6228429561799091,0.7392121336536783,0.1692305367905413,0.1275461544578192,3,4,2,6
0.3899205129855786,0.4896832088461084,0.9916637566577284,0.545206483811103,0.6215340046939909,0.7596324434403467,0.1683372543582,0.1450276816900453,3,4,2,6
0.9312445051983608,0.2615283905949397,0.6411213031090883,0.5341621876628786,0.94267580698577,0.5324502104715857,0.5457326503557821,0.6745759740555164,3,0,2,6
0.6572537644661467,0.6013259079102435,0.736850507782768,0.9239010266797736,0.844641177494663,0.7664462189986619,0.8210014618051632,0.3521256822881557,3,3,2,6
0.9368077995294558,0.2608635652090928,0.6394970408011632,0.5391603559789259,0.9462558074870688,0.5334976334963016,0.5566877715379301,0.6666951060371155,3,0,2,6
0.3663183432269031,0.4931680296746225,0.9806438960686104,0.5433168849892809,0.5898442964523176,0.7960465034475541,0.1784812873833184,0.1478602923384493,3,4,2,6
0.3827784308916097,0.486075546876155,0.9932333663173374,0.5486748892094973,0.6240279775364305,0.7570953811379741,0.1624871055618865,0.1430271936628416,3,4,2,6
0.9441706976295464,0.2759810886577032,0.6535487275985535,0.5374614844160313,0.9542995982356962,0.5419300884703857,0.5438052875789398,0.6647575561285878,3,0,2,6
0.036433599746376,0.8978121631248215,0.3022541049950997,0.8153855577185377,0.218242198842678,0.6096340792480412,0.0742109372260459,0.5992150998261726,3,2,2,6
0.3887788725361957,0.4756088214230096,1.0023638399417931,0.545935679067446,0.6176451895575557,0.769245621260932,0.1716051350415225,0.1395827518384849,3,4,2,6
0.372445101809263,0.4970112102042401,0.9891205136669542,0.5584831222247997,0.635169545267081,0.7686592056859916,0.1664373311785436,0.1376436746832411,3,4,2,6
0.9310926983801754,0.2653229558283401,0.6379758922394129,0.5342438454308797,0.9458475187697022,0.5278278498159109,0.55254206883368,0.668704775974453,3,0,2,6
0.384814067056299,0.4857103978082544,0.9822443489405164,0.5352062558654354,0.6179739353598079,0.7630292978115703,0.1683787566919538,0.1509163191663384,3,4,2,6
0.9326671627725536,0.2674940304589712,0.6356980334367565,0.5325045082767725,0.946729312570404,0.5283604697244693,0.5517680615144613,0.6711846381678106,3,0,2,6
0.9362089201944476,0.2696051158424115,0.6318878541557059,0.5358423755744638,0.9441806550351276,0.5267569729126307,0.5533163864809412,0.6718914869539969,3,0,2,6
0.9246493647225872,0.2617813573883403,0.6299841861601865,0.5203987693387626,0.9319581948222222,0.5140687723972224,0.5404215501966233,0.6784830530408257,3,0,2,6
0.6554203250022628,0.6079483202080367,0.7426009838068119,0.9219786561300412,0.8446607828215554,0.766676417612745,0.8147773832861435,0.3556755663954015,3,3,2,6
0.931206683287764,0.265837139518107,0.6368070110103888,0.5339241154476354,0.9460037768707228,0.5264562658852372,0.5524583147449161,0.6678933330971386,3,0,2,6
0.6558715645476306,0.6056506665893314,0.7400716220107321,0.9240276297428412,0.8470581408630236,0.7644313489396222,0.818537297658027,0.3522653873949971,3,3,2,6
0.937439563732177,0.2710257209844895,0.6351204892916673,0.5407368609181125,0.941735721982069,0.5301041533999175,0.5471899955261321,0.6679052965569052,3,0,2,6
0.3927017070787241,0.4896548684733127,0.9934768843739772,0.5487955141374331,0.6189764113642313,0.7624146652149951,0.172694488426437,0.1471629409389614,3,4,2,6
0.6470934972111508,0.5983089292684094,0.7319493278563003,0.9175880209298594,0.8522482988682023,0.758798891065219,0.8173099833008641,0.3494436720502768,3,3,2,6
0.9306533256256482,0.2658747205675226,0.6380112575521798,0.5350137963093224,0.9463777037098254,0.52584930736948,0.5531089110721359,0.6697820706909349,3,0,2,6
0.0429721251000512,0.8935803984982583,0.2979317601750436,0.8189018315318095,0.2254627302257999,0.613461220709726,0.0774570391583104,0.5877557469720659,3,2,2,6
0.9366057977344062,0.2699979389483281,0.6343277602131608,0.5227828652551968,0.9441114967074324,0.5212452229743203,0.5418817475184868,0.6726034730434314,3,0,2,6
0.9307220199330534,0.2643356763394494,0.6372269749602611,0.533579185145966,0.9452859737074112,0.5269090633028378,0.5528843956585083,0.6688726613853514,3,0,2,6
0.6663543667435491,0.6106655080559695,0.7334954968799597,0.9144147470892856,0.8561825095533566,0.7769132389456068,0.8177420880916145,0.3611461697401268,3,3,2,6
0.9292649767942268,0.2717128827840618,0.6394710387220344,0.5298603665441758,0.950595629644518,0.5272962751385983,0.5483960379498326,0.6670521353647021,3,0,2,6
0.3903301917345577,0.4893805049477355,0.994847301453978,0.5462106874621784,0.6164654580258302,0.7614032624355175,0.1737547157633862,0.1450699572987886,3,4,2,6
0.3872344168054941,0.4913441416422536,0.9909376212549166,0.5448138571908895,0.6200054347367129,0.7602917362498408,0.1703329054695442,0.1459023179702016,3,4,2,6
0.9276327635791004,0.2681641462424889,0.6397108641531158,0.5295153593144298,0.9498002114168568,0.5255373052946098,0.55478380020253,0.6655625442034372,3,0,2,6
0.3879327310616091,0.4939449244606882,0.99383954366377,0.5451042834879223,0.6208821384879436,0.7618997761533842,0.1711633801699706,0.1430397134881628,3,4,2,6
0.35455935381861,0.9243482406645328,0.6411616298158044,0.8789221093509798,0.2596430177404673,0.1156654130818176,0.263280031043943,0.156362903592981,3,1,2,6
0.3946911908836202,0.4938893346311586,0.9934500320640268,0.5436694145397796,0.6144717591222425,0.7552230006161232,0.170678948612055,0.1511698434269793,3,4,2,6
0.390234550517235,0.4941506237905091,0.9936494348211644,0.5454448097639023,0.619751695080958,0.7615908219027823,0.1704791811131205,0.1445437689463119,3,4,2,6
0.387837789299738,0.4923070890239676,0.9913692987431996,0.5453721385801983,0.6197582603457967,0.7603055095748992,0.1710871239820498,0.1455128171572184,3,4,2,6
0.9315164275951516,0.2619775290552504,0.6346926258010138,0.5330120541614778,0.944131420971618,0.525759203642926,0.552434322063698,0.6670982650265002,3,0,2,6
0.375711207773695,0.4901862747552709,0.9909444482851684,0.5457539761241758,0.6113310040750377,0.7636614607611746,0.1583033399294351,0.1569814860284336,3,4,2,6
0.3785957777917773,0.484904237932981,0.9797718190491308,0.5464283928511795,0.6230970233858142,0.751058163289489,0.1684474424905989,0.1570274753379884,3,4,2,6
0.6540545541687823,0.6044343535352275,0.7402825213987767,0.92385368119753,0.8479690007689408,0.7661470269066138,0.8185552016699047,0.3506689334762926,3,3,2,6
0.3827223841983737,0.5006700092486467,0.9899908810674066,0.5346757260484079,0.6278847778294285,0.7697115129642274,0.1620881536751807,0.1345647656889254,3,4,2,6
0.4018728617561333,0.5009010135612924,0.996963436421364,0.556753599533118,0.6289925260637869,0.7680378011153245,0.1708964250852552,0.1448592115334986,3,4,2,6
0.382370787418539,0.4842818614306154,1.0017868754480066,0.5388640363881892,0.6204146869501678,0.7500540253278988,0.1692345382864416,0.1451604812541446,3,4,2,6
0.3877002942634756,0.4920303102120048,0.9904927368892428,0.5443516288497756,0.6188908957970234,0.7611284013876246,0.1707260854511516,0.1463960035946704,3,4,2,6
0.9329365760865864,0.2660843301417497,0.639062921549859,0.5334136278907876,0.9463435162334392,0.5251468810974194,0.5499390806179836,0.6649851428844366,3,0,2,6
0.9315446741923208,0.2667387114762428,0.631844745238765,0.5304297801688337,0.9501948901574616,0.5207736719148001,0.5509990146628296,0.6681216374920099,3,0,2,6
0.3836839071467652,0.4865612062053138,0.995116774945428,0.5487259358515121,0.6153057019623116,0.7664374841705869,0.1761582214528445,0.1412761819626723,3,4,2,6
0.3638643473405231,0.9190707820403444,0.6444462112418202,0.8864347697296214,0.2591941738220898,0.1090825763539926,0.2582020004151281,0.1560869876483593,3,1,2,6
0.3888436334984937,0.5050107048202831,0.9914349236961344,0.5703432171252313,0.6158301239697682,0.7469293027075686,0.1843300340442771,0.1261795496812292,3,4,2,6
0.3866794934007286,0.4924402971937255,0.9919808825413342,0.5455451218167204,0.6174206839177643,0.7648074371983025,0.1689913973263209,0.1468114327075582,3,4,2,6
0.6581606425278825,0.6017765827600523,0.741752305377114,0.9257136511624496,0.8386995088024446,0.7765579958328165,0.8149304762844992,0.3486748903344337,3,3,2,6
0.9399652181240808,0.2515325166463391,0.6245323176364503,0.5292393747199257,0.9299511695826332,0.5309985232274353,0.568048917971114,0.6629985467655248,3,0,2,6
0.6572373828998234,0.607619143746106,0.7441363654264656,0.917925082346812,0.8556460345221354,0.7623776257468314,0.8175813580717658,0.3447278373389874,3,3,2,6
0.9294835495362642,0.2608589817551957,0.6387512208015956,0.5310692326037953,0.9417501805743728,0.5229759689216985,0.5534000552178847,0.6689887217533699,3,0,2,6
0.9265696143287334,0.2769024405154313,0.632065626804515,0.5244761654637868,0.9304519071098174,0.5194180726555978,0.5563931358226881,0.6569716781196895,3,0,2,6
0.6673083909411494,0.5920580029968392,0.7212309579071705,0.9022527544097652,0.8598408763557763,0.7722850542918803,0.8373812586765711,0.3708204470553082,3,3,2,6
0.6574517950409529,0.6065566769945085,0.7356857141989978,0.9234652859740798,0.844842132338458,0.7659897744053692,0.8207467123308636,0.3516633051489565,3,3,2,6
0.9295846323286086,0.2609045745679592,0.6367905178637786,0.5331323880811517,0.9456402418771024,0.5252325336679678,0.5519230035364974,0.6672742535285906,3,0,2,6
0.383225099952621,0.4906913617417926,0.987828806828042,0.545066858967999,0.6144987255840328,0.7575416253988859,0.1755707649256805,0.1479024150930731,3,4,2,6
0.360292598884139,0.928232950403533,0.6485031610452887,0.8732637679820116,0.2625331309710578,0.115711968344098,0.2626383769648129,0.1622275550160512,3,1,2,6
0.6653005326574041,0.6160311320200511,0.7272081588541791,0.93416054820286,0.8506855504745298,0.7663743839050917,0.8139064276119653,0.3490543562268939,3,3,2,6
0.3902964845060442,0.5013028916245342,0.9797354245576404,0.5401485780014423,0.6107004063295091,0.7664925119797672,0.1779729448725036,0.1562972451218457,3,4,2,6
0.9297397626575192,0.260797680952871,0.63532604896416,0.5349065369001814,0.9459551388919468,0.5271085018191174,0.5536171130316703,0.6688208631637168,3,0,2,6
0.9307748209246364,0.2605424766030428,0.6342777493287669,0.5358519884646243,0.9431055657943568,0.5238563050721705,0.550989677251144,0.6704313719746007,3,0,2,6
0.3886010120349076,0.4916364266572103,0.9891695728726032,0.542042661321203,0.6184637697236164,0.7642198550956222,0.1713279003474966,0.1472288062774487,3,4,2,6
0.6822969462914438,0.6270188859677357,0.7278935283723341,0.939264470386067,0.8493181136474802,0.7899567297332284,0.821637600681378,0.3475446531840033,3,3,2,6
0.9355915736716702,0.261681708063269,0.6321922507876601,0.5385595095956263,0.9408421745579564,0.5192451685810066,0.5584338536227945,0.6676235858371304,3,0,2,6
0.3863579911365752,0.4946038579796233,0.9938133133902388,0.543451920283193,0.622064371506216,0.7601143834991684,0.1689084247107792,0.1458492125993997,3,4,2,6
0.0405145076552291,0.8958084507543607,0.3032921364499848,0.8241518256226433,0.216760412153582,0.6104302219836919,0.0871219202173285,0.5801806236328466,3,2,2,6
0.3568564047892424,0.928184992812325,0.6363619865621623,0.8825538403610524,0.2511713521559976,0.1115876271955755,0.267100022338991,0.1574150589294875,3,1,2,6
0.6503663985677058,0.6064533768048129,0.7424862681896264,0.919526669411842,0.8477034598956046,0.7696071354827421,0.8193447812763983,0.3477298597196224,3,3,2,6
0.924415944642728,0.2549373925724879,0.6508881382739107,0.5268751327030964,0.9367536890591598,0.5113097272486727,0.5472833969278659,0.6877526578260776,3,0,2,6
0.6379782419472111,0.6016421106392816,0.7245037148699066,0.9281065348581105,0.864411721265777,0.7570697871437752,0.8291652566851594,0.3545062659412495,3,3,2,6
0.930922969431193,0.263768043213523,0.636933700505814,0.5297847376786906,0.9465028617409011,0.5225440492358361,0.5552225684149704,0.6696096621916312,3,0,2,6
0.648145440807079,0.6028061395527018,0.7405721111467674,0.9197358358307992,0.844915774044879,0.7643690499741073,0.8214263452959039,0.3492310534099053,3,3,2,6
0.6536766954272003,0.6051413113734616,0.7397500358392997,0.9224805192739146,0.8505278330870666,0.7690730530765723,0.8205677525493852,0.3508033744780853,3,3,2,6
0.9288105291900848,0.2625257664337473,0.6371622238869509,0.5295812957452412,0.9454108278994484,0.5259590355389493,0.5528140216437447,0.6690259087423996,3,0,2,6
0.3937039292935307,0.4967308602531317,0.9837396471031944,0.5463018222965772,0.6181861729002189,0.7636096214594333,0.1772856770505653,0.1384699213813719,3,4,2,6
0.6502524556006503,0.5968982529914938,0.7302275632898638,0.928019933281258,0.8437304409755385,0.771009547945716,0.8218687504450489,0.3589099161655976,3,3,2,6
0.3956070215611991,0.4863173018147834,0.9931377613739883,0.548248407749205,0.628223065582952,0.7698528764737931,0.1623050053115781,0.1423460029442824,3,4,2,6
0.3866858002316151,0.4939063251992243,0.9910314814140988,0.5444995055830605,0.6185691087672224,0.7618533525370331,0.1712872701146608,0.1476980766195443,3,4,2,6
0.3846004793375274,0.4866604879344649,0.991549727376564,0.5391919861960608,0.6113349658893661,0.769225362566275,0.172723440387813,0.1471297699985266,3,4,2,6
0.6531381903189488,0.6042437475372577,0.7401487011842663,0.9249283378080118,0.8513839815521927,0.7665931790306102,0.8168859756937266,0.3526731255445286,3,3,2,6
0.4062372675295134,0.4763009621601022,0.988064729883615,0.5401584021325094,0.6155387646894527,0.7469711066887785,0.1510938712863219,0.1639947997826555,3,4,2,6
0.3935492922310549,0.5131693023951992,0.9872252886218852,0.5639144764667202,0.597983553454874,0.7722498675446312,0.1633962904352813,0.1507475431065387,3,4,2,6
0.6521070296171708,0.6065864907843463,0.740889416050368,0.9211841476528122,0.8515521526796814,0.768921733367151,0.8192497634500041,0.3512979085573078,3,3,2,6
0.6551889372070694,0.6055760753338243,0.7358143614500261,0.9175391768099092,0.8487153506335801,0.7652333640438875,0.811268048615306,0.3483147075081397,3,3,2,6
0.9237336073504792,0.2694974895327224,0.6260922742814361,0.5402867820742626,0.9575977955539128,0.5199825571740972,0.5481509924135567,0.6681881507592685,3,0,2,6
0.387956577839872,0.4987420496119494,0.9827898860444048,0.5538330287960551,0.6104369512323782,0.7541464213265848,0.1728739602308938,0.1485331109245896,3,4,2,6
0.3991846393908848,0.4935864682160921,1.0017817415589665,0.5457184435150589,0.6254493202104828,0.7535252389417624,0.1711782730379658,0.1408354484418333,3,4,2,6
0.922401776486244,0.2726024456531316,0.6320466384117671,0.5315899329272366,0.9483787780382172,0.5253665910876623,0.5554749870155093,0.6583270092314482,3,0,2,6
0.9218551734439352,0.2667684906705693,0.6314637073391628,0.5241258605927355,0.937940050727932,0.5276524543417237,0.5642513141102016,0.6727386361227338,3,0,2,6
0.6508937954650954,0.6053711997119368,0.7390030575024331,0.9229259315040708,0.8503398266275133,0.7686563988276603,0.8184274538281114,0.348626927912081,3,3,2,6
0.9311512469573257,0.2622986250922162,0.6330774167377733,0.5330624549879004,0.943858214098224,0.5230213482461064,0.5535186541474876,0.6682269335701746,3,0,2,6
0.9345099686025662,0.2576935355560197,0.6297618069441733,0.529032300018945,0.9463961957278788,0.5200673818245672,0.5487965901352573,0.6657887883488234,3,0,2,6
0.3861502848415003,0.4937586805642137,0.989705249910055,0.5371711359237831,0.6157620952940949,0.7703185132112642,0.175524366877279,0.1518252253722177,3,4,2,6
0.3869677230472769,0.4953187817264461,0.989069446442741,0.5459797387938328,0.6208811871523852,0.7651105713070373,0.1716292547240951,0.1445262212753139,3,4,2,6
0.3855454700131003,0.4903155851295727,0.9738759839849332,0.5465266072418855,0.6243793617440959,0.7767969323520856,0.1894245014877673,0.1553094649686227,3,4,2,6
0.9306491824121588,0.2492921667641858,0.6266376212153527,0.5286592679645814,0.9250561952981924,0.5289664381571478,0.5651201711809631,0.6795966611393369,3,0,2,6
0.38357855765131,0.4968849447402614,0.9920206013113292,0.5465845379390233,0.6153097789053692,0.765774551650684,0.1762241736190293,0.1429100432131125,3,4,2,6
0.9213802901780784,0.2567651312118326,0.6423091344894154,0.5268583956673296,0.9401787113788992,0.5293508607824249,0.5619408169991001,0.670089369941735,3,0,2,6
0.3568909978893449,0.9282907717482712,0.6414360613179202,0.8797897177034125,0.2564250357867119,0.1148120776750675,0.2652122828357955,0.160131341829931,3,1,2,6
0.6428901106053956,0.5993573356802758,0.7366587644313295,0.926752418943118,0.8413904762155857,0.7605308698390074,0.813165313807088,0.3415937116088848,3,3,2,6
0.6451388591509802,0.608441778351883,0.7385633385490346,0.9224669435020764,0.8479254220095749,0.772902498407363,0.818469558325793,0.3444765051917728,3,3,2,6
0.3960555257546499,0.4944812423416629,0.997638191656698,0.5485211190251585,0.6240711285347834,0.7730750238919177,0.1839274120783744,0.153427313948742,3,4,2,6
0.4014777206107274,0.5062155186373563,0.9985706453709454,0.5706108314358638,0.6175702456491851,0.7376027189827179,0.1706183504572808,0.1550400107295323,3,4,2,6
0.9311889602229432,0.2602247940590632,0.6299006578876845,0.5324363451652678,0.9483599104245012,0.5221150024781517,0.5605387423557675,0.6771657147161638,3,0,2,6
0.3804452708809605,0.4829863573357398,0.986001774557509,0.554997329486386,0.6241158803717178,0.7783235434980437,0.1784011052739285,0.1393578541165936,3,4,2,6
0.385973569035152,0.4955031277563525,0.9834222753607474,0.543037526521444,0.6227897531806376,0.7674414398619452,0.1756209636957074,0.1436919141835124,3,4,2,6
0.4126889523695478,0.4976807825286753,0.9793238905344138,0.5305207424935785,0.6235235489813696,0.7565623440277005,0.1696022420330917,0.1593199539074666,3,4,2,6
0.6436931944044022,0.6168678650559257,0.7359083962169967,0.9204303358090844,0.8575294866450296,0.7632838780569972,0.821427071446514,0.3418607394256885,3,3,2,6
0.6347025491974924,0.6155979518891217,0.7481179779004434,0.9352104181273548,0.8524725031373453,0.7637788104830767,0.8091878818593993,0.3449401896238398,3,3,2,6
0.6547835104805373,0.5947863968267013,0.729706563504303,0.9262086984571664,0.8537342403348399,0.7681592874487418,0.8166316475483079,0.3558403448631603,3,3,2,6
0.3918276367580408,0.5000274164534705,0.98210381918292,0.5377786884318954,0.622583392214846,0.7687922698558222,0.1712986378801657,0.140379087654597,3,4,2,6
0.9289737319001478,0.262236399991779,0.630769224703459,0.532389322080898,0.9413062050901376,0.52403711244474,0.5541073309001378,0.670122859922165,3,0,2,6
0.6473613572541328,0.6035305094111324,0.7394011354098504,0.922483996819304,0.8490885800587883,0.7680749321841379,0.8198207530621539,0.3493182306806772,3,3,2,6
0.933086564133876,0.2519872358321532,0.6423648790012387,0.5371105098107273,0.9489240604901872,0.5215087623026525,0.5635758447149811,0.6774668323275301,3,0,2,6
0.4013887809189329,0.5019218499542262,1.0051762771511523,0.5271811040027917,0.6131995277140944,0.7427669092365511,0.1761985752450899,0.1457932294843908,3,4,2,6
0.9301580242074778,0.2596350222471003,0.6318442083444215,0.5309241475534736,0.9421702208760044,0.5213780864708741,0.5566641948644725,0.6692404734980293,3,0,2,6
0.9331307047679402,0.2624220029273965,0.637125203348235,0.5356921113504514,0.9434928611758302,0.5213733468389932,0.5620227605055693,0.6711879498841726,3,0,2,6
0.6542417720080322,0.6097896540305202,0.7349054349243375,0.9222980815582164,0.8544692470920798,0.7656241293084818,0.8187052219252744,0.3521155319663145,3,3,2,6
0.3908771344639833,0.496531940969606,0.9884762770337516,0.5508412001003334,0.6112402911477693,0.7706449370216739,0.1659006200541572,0.1400146400431489,3,4,2,6
0.9280567817262207,0.2588414892200361,0.6306567679885743,0.530653121087781,0.9425751075173842,0.5218561360743078,0.5568055107259983,0.6686569654467545,3,0,2,6
0.3819358274381773,0.5005209685505844,0.981721574390662,0.5537295902934586,0.6167282796009474,0.7737717593481407,0.178491267600508,0.1543865846538956,3,4,2,6
0.9263840098076036,0.2572008591747122,0.6342523076777693,0.5333915903477415,0.9428199202248072,0.5240376354877233,0.5544502624328708,0.6642652140624653,3,0,2,6
0.3892644295459165,0.502072128385505,0.9902495491381306,0.5431966255225503,0.6222144111046324,0.7601288870085153,0.169076521244331,0.1437003473641897,3,4,2,6
0.3677035358565256,0.919766886122878,0.6519557216761427,0.8822469477602631,0.2517657189793626,0.1274535902409343,0.2595077476936658,0.1477194923240504,3,1,2,6
0.3883819554023761,0.4874970895170306,0.977921773137112,0.5468626139753769,0.612405773487011,0.7645099537112112,0.1767404962919408,0.150069610681752,3,4,2,6
0.3887802237290064,0.4953777455673365,0.9828511071038986,0.534138008455382,0.6070208884334719,0.7759438578461425,0.1849237911308742,0.1415525869081934,3,4,2,6
0.927921606449456,0.261408812038575,0.6285961615029116,0.5317060858057676,0.9391769131147027,0.5251408880497025,0.5552388756444911,0.6678504098064575,3,0,2,6
0.9232452202750528,0.2516186998542991,0.6287966808251534,0.5326303229750573,0.9382955608636124,0.52521015831258,0.5625720078448905,0.6763257071422022,3,0,2,6
0.6510046494699308,0.6050573082327159,0.7374674859827609,0.9217601761705532,0.8506010834715743,0.769673365126374,0.8188236163777234,0.3470378776852004,3,3,2,6
0.0449290618224676,0.8771014059477427,0.292257718252996,0.8133741603850531,0.2338651468298586,0.6105017749977196,0.0627445044445083,0.5861532031964467,3,2,2,6
0.6405804593228647,0.5993964085961468,0.7536202601844829,0.9132434848334492,0.8443679883763392,0.757284099416883,0.8123556494245208,0.3431815991021849,3,3,2,6
0.652340695787455,0.6014938778009803,0.7384323267826476,0.9300365961812284,0.8430907975804339,0.7744169788406654,0.8232400971270064,0.3529450652125936,3,3,2,6
0.3702472985691978,0.47260585714246,0.9742334630302744,0.564843677437077,0.6104738645862458,0.7632150993160459,0.1758516678528953,0.1641174023443395,3,4,2,6
0.6468545465369101,0.6028060042124845,0.7323018397405998,0.9224829010522858,0.8485383319048427,0.77044986840998,0.81998514148814,0.3492639279590064,3,3,2,6
0.920773496484662,0.2566089636229244,0.6249130858675497,0.5302278773762299,0.9522306398385832,0.5158550211865676,0.5532626956356125,0.6719232550100871,3,0,2,6
0.3558149327333372,0.9289073464636968,0.6413908822185418,0.879548176672002,0.2562860487249172,0.1159786309305099,0.2674619611006867,0.1594960711953333,3,1,2,6
0.3842785767825815,0.4957000153092674,0.9872902012094432,0.5438984520198672,0.62077190623701,0.7672814174052646,0.1727028708983063,0.1472722646218341,3,4,2,6
0.6418934036458516,0.605053731897301,0.7416454163303492,0.9159765452466294,0.8555293999408738,0.7717162838875916,0.8259819373575076,0.3475736243357556,3,3,2,6
0.9271248590002684,0.2599929439468055,0.6335914594536242,0.5295454812863093,0.941789671115269,0.5202895539400667,0.5560813315103008,0.6697759887752396,3,0,2,6
0.4064647492549953,0.5077683246790806,0.9686801059028488,0.5485736387372887,0.6503299122026982,0.7998075413986778,0.1624495150965678,0.1318113810347951,3,4,2,6
0.3772620246507417,0.4948638732104328,0.9902879402042798,0.5397893102532928,0.6141281917815115,0.7646376708489645,0.1704184963682375,0.1448583924199211,3,4,2,6
0.3870564212126325,0.4993556261623859,0.9855439355069175,0.5468128872066602,0.6198957671809734,0.7678253561508108,0.1784486094505908,0.1510196346977016,3,4,2,6
0.3874423329011622,0.4960994007945021,0.9859232360187968,0.5418398198784334,0.6171097807248769,0.765656669891065,0.1739161747414782,0.1499171670679739,3,4,2,6
0.9286918220877172,0.2577491328526989,0.6322781777670199,0.5297949608364215,0.9423617577814568,0.5212633362486729,0.5561925664129617,0.6688349129201022,3,0,2,6
