0,1,2,3,4,5,6,7,cluster,target,segment,stream
0.9258381700108548,0.7634082481786898,0.429805149018154,0.4678224137892238,0.1532132496057774,0.9757075527175724,0.968335490783681,0.4756605977807439,0,3,0,3
0.7153276609815238,0.9898601065134764,0.3122906648852892,0.4791266526837361,0.338333717768343,0.4497102886011569,0.8090555519956665,0.3991141571166663,0,0,0,3
0.7062768711265193,0.989575098595076,0.3154544196384999,0.4727342749030581,0.338477933274272,0.4527308739058687,0.8138678161766648,0.4000388746183903,0,0,0,3
0.295337924343873,0.4015897017320095,0.3691669609163058,0.9624381167177468,0.0343749647954594,0.8774669294741213,0.9738107574066636,0.9062415348544336,0,4,0,3
0.2878817237208272,0.4078907735204535,0.3592984352117268,0.9695194269864664,0.0129684109241063,0.8658702224869865,0.9834566297145332,0.8985355036418007,0,4,0,3
0.9277884974362696,0.7531548011134461,0.4295804884728813,0.469194561449408,0.1460050890228512,0.9852703683958396,0.9658533840661458,0.4710903438274226,0,3,0,3
0.706715643685236,0.9950640401013892,0.3128231169663832,0.4800348640865892,0.3362135190614918,0.4499120188383082,0.8182384898986601,0.4000088214004128,0,0,0,3
0.2638889669834936,0.3954480357015527,0.353830181130684,0.9364810324076572,0.0012456520038477,0.8605761506639574,0.9948571321546432,0.8751242374861341,0,4,0,3
0.2776582425794687,0.3940669840030234,0.3462790097060482,0.9564452694362948,0.0333205926781646,0.863234546831399,0.9692775265734308,0.8814039171356498,0,4,0,3
0.9266857581235964,0.7730044847521548,0.4244743028281271,0.4767317363125098,0.1470820289890474,0.9853424106552596,0.9632652246985453,0.476937914898942,0,3,0,3
0.2826593901438794,0.4009567087276374,0.3598614216531577,0.9574282056129976,0.0238092415129739,0.8744203253771738,0.9851281057098636,0.8980244579869873,0,4,0,3
0.9229972545651612,0.7633582793015586,0.4274817793726862,0.4644048227388977,0.1496678061173338,0.9730382472278098,0.9709898929481888,0.4735476593815397,0,3,0,3
0.7069424363710399,0.9917128586794224,0.3060234523183196,0.4803414211456421,0.3411290573196943,0.4472715608892887,0.8070830024719682,0.3990642909358873,0,0,0,3
0.7074701071785571,0.9853896515350956,0.3031531001179638,0.4675304788533632,0.3285220749865611,0.4491997527330654,0.8080070341379096,0.4083047477562526,0,0,0,3
0.7128256787405343,0.9869639339586728,0.313500703763718,0.4783082823445193,0.3369568137321173,0.4588258409691645,0.8144169601369804,0.4062702914738009,0,0,0,3
0.2746955334517111,0.3980726911785274,0.3490581863796441,0.9576604319223738,0.0264351922733728,0.8687535701409096,0.9990854367093388,0.9072395652608946,0,4,0,3
0.296019655565204,0.3775249919212803,0.3535419875963745,0.9614842864978282,0.0031958185437659,0.8909525101049702,1.0026943328179432,0.9014223119110067,0,4,0,3
0.7070109970450682,0.9895430417613648,0.3081544385412045,0.4760693244951721,0.3359375410070337,0.4559780783048264,0.8168130410768281,0.4025578397610546,0,0,0,3
0.2857824339909656,0.398168952385551,0.3629660550479949,0.9593378791988088,0.0189256335759758,0.8750452120817168,0.9845034283955691,0.8952350723425302,0,4,0,3
0.2830506259225221,0.3952814675480774,0.3544183841501162,0.9551533296547974,0.0204742323723786,0.8678996726452232,0.9785007124216796,0.8993506420919503,0,4,0,3
0.2885781088109714,0.395533408059395,0.3648598990321748,0.9566539032033192,0.0159742107787899,0.8683915759243059,0.9788887438747726,0.8966966155719499,0,4,0,3
0.9259719264602104,0.7630976947600914,0.4288654791546771,0.4665307083778207,0.154916893657114,0.9763270357520604,0.9666004719380488,0.4786553403106169,0,3,0,3
0.6995081910040983,0.9794348855949048,0.3112181468103398,0.4557554119581856,0.3198427161560986,0.435081916032699,0.8058542123851048,0.398655857285468,0,0,0,3
0.2885715516069349,0.4001716065808062,0.3601639716337698,0.9602368754083966,0.0213967302502946,0.8715021634397856,0.9879858515650388,0.8986499723885011,0,4,0,3
0.4903295818145625,0.3867431152793439,0.0400990564566387,0.857994913082479,0.1813300764809609,0.2710167777984392,0.4289023472327756,0.5201552848839924,1,1,0,3
0.2888383768918494,0.3995594393183447,0.362673762156065,0.9584849367677494,0.0156335845137938,0.8721067146396129,0.9879811343013132,0.8982077564551786,0,4,0,3
0.92119971576127,0.7671747036603511,0.4303048704945644,0.4655935444455431,0.1578171795085447,0.980165864059954,0.9673955499398152,0.4791690061524379,0,3,0,3
0.2860911254325811,0.3990758085179061,0.3633627130713242,0.9595342341157088,0.0193502980121964,0.8746434333761144,0.9850591366735862,0.8961148966285015,0,4,0,3
0.9240746720602,0.7610079524789002,0.4310207922628959,0.4668162825647186,0.1537255939643985,0.974304270110371,0.9668258874664992,0.47711240823277,0,3,0,3
0.9331594628022178,0.7604858725372893,0.4211332157367373,0.4805986683503267,0.1424408559926052,0.9744737556431696,0.9575534637992326,0.4736827444902663,0,3,0,3
0.6997002137323295,1.0140016935581655,0.3080471044819352,0.4643741683032456,0.3337053993923593,0.4608312093867582,0.8306344694332028,0.3775622278885316,0,0,0,3
0.7135450588513972,0.9774169259152908,0.3180965325340196,0.4672491106535311,0.3195372008750163,0.4401310403243646,0.8196437991411564,0.4127893643045823,0,0,0,3
0.7005706800964867,0.9995609171255456,0.3122961418596047,0.4859083801256373,0.3282503621670031,0.4549172908852343,0.8046957001022246,0.3991666656876733,0,0,0,3
0.2886962336246927,0.4059047833598894,0.3538852473339137,0.9585637690469948,0.0200782913675677,0.867105103611311,0.984449283403238,0.9025468972486222,0,4,0,3
0.2898144635775982,0.3940855049216957,0.3603872494698237,0.9622818098094166,0.0175889047615588,0.8755256093512975,0.9852406525942023,0.8974210434094353,0,4,0,3
0.2885378662355762,0.4004184766074203,0.3676708100688195,0.961863882741828,0.0192871892761822,0.8760070984522828,0.9865734487267462,0.8956495046294716,0,4,0,3
0.7064021710615435,0.9947752996761156,0.3137059725067282,0.4752307801052543,0.3291388834309011,0.4509180975320833,0.8139198329319107,0.4054330063645576,0,0,0,3
0.2782327273684142,0.3897127080355377,0.354969559439213,0.9457691304408288,0.0044941713708432,0.889077923447556,0.9776209797143236,0.9102587097288568,0,4,0,3
0.9252103208970438,0.7618218738750612,0.431498127374213,0.4682525272296821,0.1530319727437811,0.9754267394701436,0.9675974977693856,0.4767664525580845,0,3,0,3
0.2764300812535016,0.4091150687360563,0.3450135104621787,0.9527867468946958,0.020372579955446,0.8554006300822224,0.9652210268888508,0.910710979038324,0,4,0,3
0.2900572031530942,0.3945295848873736,0.3718436888590856,0.9500331113646177,0.026431465144961,0.870332781209675,0.9838526231031012,0.9036596576144138,0,4,0,3
0.2894956201488844,0.4020724928797488,0.3627397472698688,0.9602971195020776,0.0361915596633663,0.8727475863540055,0.9886671432211808,0.8806004550423574,0,4,0,3
0.2635703701266177,0.3790857506374677,0.3629435478888598,0.9567676891368576,0.0252335997344778,0.8854727170575267,0.9808289912359264,0.8907574457038057,0,4,0,3
0.6919723974945485,0.982227551683374,0.3150063931304079,0.4787260019295485,0.3051976359095734,0.4488407361389293,0.8021814684416152,0.3899713163615237,0,0,0,3
0.7054659160803011,0.985559678747322,0.3113581817891377,0.470086505681786,0.3292951988350004,0.4520974954586512,0.8157204044164803,0.4006445884590453,0,0,0,3
0.929550545598882,0.7616343082637264,0.4245934130708958,0.4640732772867578,0.1551322160977135,0.977418985364638,0.9709980214429252,0.4754356027231717,0,3,0,3
0.278006947033236,0.3921253553765097,0.3628286948157515,0.9603221313539592,0.0162408073767261,0.8773079661643804,0.9767114086523514,0.8972901577035448,0,4,0,3
0.6840179370974633,1.0074170333564965,0.3225795798442683,0.4869829038100313,0.3160952228948614,0.4422121861932724,0.8221947500073391,0.4291294009302848,0,0,0,3
0.2859525479390994,0.3977183714724355,0.3658794562057367,0.9615209477781856,0.0178803115048142,0.873930407048987,0.9859146344960628,0.8961817789349937,0,4,0,3
0.9164021549706044,0.7634348960308277,0.432582677465866,0.4742038304202753,0.150768343794908,0.9803957136249102,0.9684981045670314,0.4822871419780544,0,3,0,3
0.787179357050906,0.9373898327769288,0.2833120073062939,0.2509389445408282,0.0996101392166615,0.8628044214138261,0.4155153022092346,0.0324741918525098,0,2,0,3
0.2846403069329561,0.3852072552338805,0.3670791527895773,0.9738985440034206,0.0192168219205513,0.8825994599311756,0.9707822169835608,0.874220621878575,0,4,0,3
0.2950549602628017,0.4025013971790921,0.3558991226441228,0.9693329757845996,0.0225385583853375,0.8853649539878298,0.9707349089431326,0.8984742813584262,0,4,0,3
0.2812874650730573,0.3907779778800784,0.3648647466053892,0.9660366611181792,0.0234678181729581,0.8771499034110753,0.989331714915446,0.8912021020147725,0,4,0,3
0.2784409996464504,0.3982450075164224,0.3605039619091384,0.9800269347245876,0.0276570597176685,0.888983968451508,0.9778605837538488,0.91677900126944,0,4,0,3
0.283434242216402,0.3941350541349511,0.3665749344636215,0.95924223738992,0.0171541054632282,0.8749958994410619,0.9824815610397232,0.8967703893330417,0,4,0,3
0.2872053658842317,0.3963584789286464,0.3660228259089803,0.9609864925440438,0.017856385486633,0.872866463238934,0.9839011400358644,0.8948248721265871,0,4,0,3
0.3022446115041556,0.4121060397728665,0.3465466326893058,0.9621095910212966,0.0003146901600267,0.8861619865156258,0.9654799494306084,0.87645994083094,0,4,0,3
0.7069440766519295,0.990960801026205,0.3093724708019658,0.4752687704390455,0.3321182297650582,0.4539941524115553,0.809240254849033,0.4009747527778923,0,0,0,3
0.7015372935064846,0.9928133151018111,0.3001998408085619,0.4786560206401017,0.3259754140883251,0.4405155996969288,0.8014053422229811,0.3887970461564775,0,0,0,3
0.702259056181141,0.9819761166633862,0.3125056004379288,0.4849598714413177,0.3322117087486504,0.4457270053771864,0.8020814508690993,0.3998914349265466,0,0,0,3
0.2892622274058062,0.3969685282329273,0.3650985356258873,0.9612567454611376,0.0209851572131362,0.8771259921431517,0.9857762029540884,0.8934296724635105,0,4,0,3
0.708388931403478,0.9884928902093943,0.3124278188842473,0.4716208102889158,0.3329431656904006,0.4487021287916594,0.8062281106369494,0.406161334530231,0,0,0,3
0.9180772055490456,0.7564873547581377,0.4278428945931987,0.4680502587110019,0.1470957466235151,0.9770046778205804,0.9724763818322149,0.482972107145187,0,3,0,3
0.2666341277160087,0.4177817863581096,0.3687824458793779,0.9482796012571194,0.0256526378200195,0.8763605127845754,0.9769767129790272,0.8903079395269022,0,4,0,3
0.9254893784923466,0.7617639226687685,0.4332111098626963,0.4675835046865448,0.1543298261214378,0.9726823298136252,0.9690929779257546,0.4771890552302107,0,3,0,3
0.2990774388347699,0.3941126560036347,0.3587734017757962,0.9709305351874236,0.0197923113830576,0.8774662165913846,0.9843448461513166,0.9079024287323656,0,4,0,3
0.6986426285467365,0.9969170818446184,0.3171882023759104,0.4857050194576834,0.3318989718600329,0.4439926068320161,0.8155127959187695,0.4034642397741229,0,0,0,3
0.2972165046683854,0.3955832959541109,0.3728069837544153,0.9597381793732896,0.0185265963657036,0.8865976438044314,0.973330883463134,0.8963802259104421,0,4,0,3
0.4911195936922313,0.3818981116919352,0.04045416894954,0.858025129690832,0.1771804840824737,0.2702333609766322,0.4278959912745667,0.5226452651172486,1,1,0,3
0.7251790907823803,0.9860681177388828,0.2900437746093268,0.470881622156473,0.3185885820999506,0.4605830530470581,0.8287302352476648,0.3879401510858998,0,0,0,3
0.7029854191831687,0.99109973525379,0.3107840931976156,0.4820580888600604,0.3331158410816378,0.4592731085409705,0.8037036444818234,0.4032760305891959,0,0,0,3
0.7047319927023975,0.9851458742070645,0.3184552864548428,0.4651890762518733,0.3216564405376808,0.4554245540611813,0.8174011662528177,0.3948972995032973,0,0,0,3
0.9226151494389394,0.7612024732135906,0.4343423721492578,0.4709148931667518,0.1518670534414732,0.9730929233657803,0.9651448200719822,0.4776318254174024,0,3,0,3
0.922521370444494,0.7583165800050788,0.4343637221906801,0.4690628209690388,0.1543555184827317,0.9740480353055344,0.9675327929727128,0.4783983799094395,0,3,0,3
0.490185860340721,0.3822392656352141,0.042005020865663,0.8580211610281149,0.1779978432404955,0.2688855800071029,0.4270520872010254,0.5238060180815576,1,1,0,3
0.922894460403355,0.7606066951679101,0.4326107074144212,0.4688105250012817,0.1535278271461604,0.9732274692852956,0.9662777229944056,0.4767158868995648,0,3,0,3
0.78343167008352,0.9448446088236694,0.2729229454333689,0.248219812540202,0.11218703641591,0.8686834711065838,0.4069430957829561,0.0362104468317605,0,2,0,3
0.7126387965213434,0.982606248212506,0.2756923799570641,0.4660314050292037,0.3559988714248613,0.4575252955367619,0.7778385075500533,0.4153146764191894,0,0,0,3
0.6857088605824944,0.9648590793557266,0.3309887640014081,0.4930501002961038,0.341297106520039,0.4356756828050491,0.8279377970457045,0.3882291936971394,0,0,0,3
0.2898543241230236,0.3984719001216504,0.3696048399661344,0.9617183110517444,0.015673836205421,0.8765393173713779,0.987438002342225,0.8980386952247007,0,4,0,3
0.2878510332264107,0.4039919489036152,0.3694767182377452,0.9698691468195796,0.0302694744262314,0.8649047411750025,0.992827009253835,0.8914818623993077,0,4,0,3
0.2750138408505482,0.3937898303416309,0.3714955042745495,0.9554941308575804,0.0114763035931199,0.8675270576877726,0.9781531628379402,0.8890491243503396,0,4,0,3
0.9290207188406926,0.7566188730788447,0.4350556397245934,0.4760549620474115,0.1598455322520479,0.9775112636879468,0.9719891463175052,0.4807905741764686,0,3,0,3
0.4791112087250412,0.3851063758602157,0.0371238817463094,0.8827544239362073,0.1500380780132179,0.2703393613419316,0.446791729713333,0.5372229669874842,1,1,0,3
0.9204235910098164,0.7621410398522839,0.431933262796855,0.4692026486919656,0.1540999642082225,0.976911765614927,0.9687155796145136,0.477384241414983,0,3,0,3
0.7015006427535384,0.9929667296160716,0.3016396048442537,0.4753476040879689,0.3291116339987446,0.4520326967934203,0.8097580096512621,0.3989574894766924,0,0,0,3
0.2868222012987478,0.3921499057925774,0.3683717193955393,0.9552348169795464,0.022379419668641,0.8665983224178759,0.9931565404751832,0.888671376274869,0,4,0,3
0.6930967233123287,0.9969534930013388,0.3220427847993362,0.4740395523529097,0.3176253222770867,0.4626917336349016,0.7959828770616628,0.4145165010486557,0,0,0,3
0.9264926600698128,0.7607741235725557,0.4354624987813765,0.4669558939151788,0.1519275267858084,0.976474851213938,0.96655124335183,0.4763777970932081,0,3,0,3
0.2877307257164642,0.4061919349517482,0.3691251678240328,0.9582943635410276,0.0020340470958314,0.8675226800807994,0.9900386709571974,0.9073803917029544,0,4,0,3
0.5034470957204983,0.3710980969051378,0.0354569710643363,0.8630338909858065,0.1678225963632729,0.2612246151632241,0.4378957724554593,0.5232146537271161,1,1,0,3
0.9217683366672766,0.7588691558528391,0.4333661843781801,0.4703856459495074,0.1533332447109524,0.9720635151197125,0.96694003602471,0.4786471125983881,0,3,0,3
0.715932791353556,0.9876527725983484,0.3037671123385335,0.4772135270409652,0.3295313939510181,0.4529484852154837,0.8081659140468075,0.3907401622367099,0,0,0,3
0.2856450150209436,0.3995133712419352,0.3699176989155628,0.9660040345086318,0.0135637758708952,0.870855686588512,0.9885111672704802,0.8940754347762532,0,4,0,3
0.927497468555632,0.7616280749875117,0.4415643309026828,0.4819148627404691,0.1367207457835885,0.9846458571368708,0.9765376387817374,0.4725609628474662,0,3,0,3
0.3044164451768482,0.3918747095776349,0.3764177669940121,0.9792613506828638,0.0249071916685115,0.8676454451418047,0.9872479302716112,0.8818864565408266,0,4,0,3
0.2798046944291201,0.4085053807294881,0.3564350240525241,0.9547040772117968,0.0086393853002155,0.8954889962755298,0.9850254602216278,0.914386274661562,0,4,0,3
0.9229464638415198,0.7580741745339606,0.4344181097700914,0.4699120244012462,0.1527318821749659,0.9739842499052208,0.9655359897181968,0.4771671114851061,0,3,0,3
0.2812204611892517,0.3715233065929498,0.3544787048837783,0.9556403084429428,0.0089536280038657,0.8926042163182667,0.9948501012770647,0.8964260065423163,0,4,0,3
0.2946455152842123,0.3995194727534903,0.3661266017800679,0.969679125624309,0.0156163353204609,0.8760248775226331,0.9870227347349798,0.892487365471662,0,4,0,3
0.7056611670279195,0.988528686220428,0.3057002570363542,0.4789704187358671,0.3304323921679726,0.4529382832019575,0.8073399806343581,0.4004668975433283,0,0,0,3
0.2877434236868783,0.3863143527078143,0.3559039398484416,0.975400022580054,0.0240783998032337,0.8601288243776011,0.9870149800418871,0.9032386820607186,0,4,0,3
0.7162278880210013,0.9966391295626202,0.3056510935276818,0.4869413217438766,0.3405472722304544,0.4460660982200282,0.8087469640480638,0.4161817483083256,0,0,0,3
0.7138156392145498,0.9790321472280532,0.3110088337948244,0.4688907014916157,0.3285796451895966,0.4622221329924999,0.7976231749509356,0.3948556701784143,0,0,0,3
0.7052070394405598,0.9895963245770129,0.306230156228998,0.4768272052639124,0.3315380784586898,0.4507370433004458,0.8074509605458295,0.4014149909654533,0,0,0,3
0.7060845202512486,0.9905734575732208,0.3033525101879876,0.4781266314904618,0.3322184466772171,0.453247694655612,0.8105545195923023,0.3983284424138711,0,0,0,3
0.4943752612172662,0.3790180262197742,0.0426316375239746,0.8617790198651194,0.1792517146117756,0.2665997329816692,0.4275305231377611,0.5261890931825398,1,1,0,3
0.2822944468931557,0.3921574321243096,0.3744714302186332,0.9702914059130062,0.0242949100725142,0.8687341364184016,0.9866874662596372,0.8929613385631828,0,4,0,3
0.8021305471832083,0.9717467871143056,0.2495157294575463,0.2603493866302357,0.0763694131283322,0.8631546597324594,0.3877459921380535,0.0078914861863727,0,2,0,3
0.2870233306224716,0.3931598198575462,0.3720018833332985,0.9631512476019884,0.0181164810967254,0.8738491947484466,0.982665581039072,0.8934255178101584,0,4,0,3
0.2944227601409158,0.3993351993192716,0.3719802429207699,0.9689043972868034,0.0157409947579228,0.8726989498099421,0.9894458948519274,0.9018311373676228,0,4,0,3
0.3095495040662868,0.4104742420048137,0.3551690153201972,0.9539742496674876,0.0240078955461742,0.884443582691031,0.9706394916927692,0.8763046982656971,0,4,0,3
0.7071809430692135,0.9813133538059956,0.3024415160029696,0.4747375819039809,0.337031448755507,0.4431663300003969,0.8015134762701096,0.392194392734117,0,0,0,3
0.2953751681485148,0.3915455943773933,0.3643832653942739,0.9740899005449236,0.0234846823769014,0.8723531612924541,0.9831700908069824,0.8956365070863633,0,4,0,3
0.5051661008429094,0.3965121700463679,0.0389763288291375,0.856207643588833,0.1780799636745164,0.2539860139391302,0.432173347317771,0.5167556520179325,1,1,0,3
0.4839541950958702,0.386438210550355,0.0445861950415712,0.8632844472808511,0.1871596716017532,0.271338867799731,0.4298438541534701,0.5178387242455122,1,1,0,3
0.2833802179711127,0.3902269115789712,0.3706106938910795,0.9669055198354516,0.0139301665757967,0.8765174592823906,0.9800809153622562,0.9037954337586426,0,4,0,3
0.7139566887491133,0.9879454502038156,0.3026237118909836,0.4865338715658682,0.3214206843066207,0.44247614973234,0.8135131116921629,0.4079826319339892,0,0,0,3
0.2885329140819408,0.394619597202291,0.3679645053399074,0.9647835912848748,0.0160357852372563,0.8719134515945345,0.9840525518714583,0.8969294186119484,0,4,0,3
0.7029895357732037,0.9957226572101208,0.3094662871886605,0.4748427196559379,0.3258285259560494,0.455162109191173,0.8018724021689535,0.3976293414047888,0,0,0,3
0.2826694978342533,0.402501766724424,0.3749108180913578,0.9621087136680062,0.0101432806317332,0.8811463996162434,0.9885162389718966,0.8930922933283855,0,4,0,3
0.2859044135914225,0.3928313862462534,0.3682657728712857,0.9661593539499788,0.0137747048197022,0.8751991974416016,0.9837799117018357,0.8989141259180417,0,4,0,3
0.7084163924748285,0.9888118770912856,0.3100992110589832,0.4745478117511957,0.325637915677213,0.447906536915615,0.8017963675492185,0.4024215627835868,0,0,0,3
0.2891107432339893,0.3935578703408133,0.368649712064057,0.9643277628364708,0.0167804082051722,0.8714031214750563,0.9838597172607983,0.8976468012425889,0,4,0,3
0.9217985903238644,0.7570463457394635,0.4362852451949248,0.4705856495977574,0.1538232119492337,0.972214880597552,0.9650649099987728,0.4774691201109501,0,3,0,3
0.9223325655841018,0.7601032789523449,0.4356871372758012,0.4703642950347532,0.1493237703743582,0.9730274572425563,0.9696449340337344,0.4791050594246063,0,3,0,3
0.9210315322136796,0.757623205352749,0.4389136530140997,0.4677763487344573,0.1503831751724014,0.9758174195319173,0.9647384404500432,0.4778817267386577,0,3,0,3
0.7038797480698489,0.9878340297633108,0.3042650495462506,0.4781618422506011,0.33070243705776,0.4515068653502387,0.8074096756696071,0.3998697413712678,0,0,0,3
0.7699396874760643,0.9407996937331972,0.271230062952937,0.2326624464018655,0.1079058698134725,0.8688723983568827,0.4136522553841383,0.0558973578599483,0,2,0,3
0.2917441527984478,0.3838137792113518,0.3713117587532322,0.9574495532979485,0.0042613258056862,0.8552178455471309,0.9721497772419684,0.8992408380813762,0,4,0,3
0.2897252046874468,0.3937699855345769,0.3694920100424629,0.96533435303011,0.0172150820721337,0.8721215390337851,0.9836943001711642,0.8971914407976288,0,4,0,3
0.2936954925924856,0.3959194361453804,0.3732723231858641,0.9674774533129344,0.0188836574665034,0.8696691580317183,0.9860845216707672,0.8929419591887808,0,4,0,3
0.4927290008819733,0.377204396574814,0.0394905903013737,0.8621560304784202,0.1764587543940671,0.2668816793636844,0.4310472142574443,0.5255949288789656,1,1,0,3
0.921704067284096,0.7465456863762707,0.4445383252179261,0.484326763949544,0.154380181507904,0.9582301710016105,0.9767097933701696,0.4715377507916213,0,3,0,3
0.6959681007515656,0.9748253867447846,0.3018393468073189,0.4861986108085394,0.3183403447901105,0.4480388714653972,0.7800828780639493,0.4348606058072467,0,0,0,3
0.7158451030367287,0.99385841887529,0.3087303979109997,0.4800733800003003,0.3201592095281786,0.4613822007170972,0.7870064842376745,0.4040453584087666,0,0,0,3
0.2897264222950108,0.3935604304951677,0.3696567664380915,0.9654825033220517,0.0167987608817168,0.8716930823573479,0.9838485910048927,0.8970864783060868,0,4,0,3
0.2857959519373407,0.3878670264516963,0.3731172888112328,0.9721068654636018,0.0157152555859241,0.877427991372398,0.9777654894222708,0.8959698449394721,0,4,0,3
0.7179724190405972,0.9727520034196095,0.2931363957469982,0.4942202006160539,0.3314111840431509,0.4337351512949336,0.8025875001140828,0.3897709393091401,0,0,0,3
0.911742342514598,0.7524618716893942,0.4369014672312735,0.4790673593875649,0.1482059449041867,0.979273860316658,0.9550453933292328,0.4733639203404432,0,3,0,3
0.4652429877061415,0.359285134189708,0.0635268001226426,0.8688246639331615,0.2027152782199272,0.2870408647253614,0.4533875612969063,0.5390743597962814,1,1,0,3
0.7056632576574313,0.9871537518049636,0.3016514733366182,0.4787597228213913,0.3314062452533053,0.4526091777091829,0.8044911705899651,0.4006430272168872,0,0,0,3
0.2871957082922306,0.3964962228756727,0.3702810945375011,0.9702828318418628,0.0139600996649429,0.8691305430587506,0.982230058561334,0.8993938858792435,0,4,0,3
0.918944630363966,0.7540996247076011,0.4389680796322896,0.4722183378591473,0.1544018551356955,0.9732563600227844,0.9668062497629484,0.4788844562859873,0,3,0,3
0.6987696177244908,0.9909698861705868,0.3103690182249286,0.4782007572298707,0.3262397403813882,0.4503748051760253,0.8042294591553313,0.3919621124461084,0,0,0,3
0.2890566516311932,0.3932814102885152,0.3718794302328139,0.9635822277716728,0.0146274669298561,0.8690196520306075,0.9860931813097248,0.8961208223172794,0,4,0,3
0.2796773363011108,0.4008615289148398,0.3701465107176874,0.967375125079183,0.0244055054155778,0.8714282139183012,0.97941108461057,0.8868155580551381,0,4,0,3
0.7123638677693975,0.9855829864032049,0.2944493290286083,0.4699576953345298,0.3237698497408523,0.4546230757363182,0.8040091088285973,0.3910345475378547,0,0,0,3
0.9207463512289532,0.755960592179293,0.4371366640825656,0.4715110785213494,0.1534583090840992,0.9715210537554128,0.9642869189730716,0.4777063437248229,0,3,0,3
0.4883937009163544,0.3792907840412171,0.0457856614421828,0.8549812994879423,0.1857573155632812,0.2661637538682752,0.4238396922216406,0.5179759604638619,1,1,0,3
0.2937416275522732,0.3883095487898891,0.3780772200455909,0.9716327771530036,0.0108667326250252,0.8648199074723592,0.9815327832588824,0.8959895519374603,0,4,0,3
0.7951318547526367,0.9499007997807476,0.270681646312894,0.2437767284912736,0.1104220884815133,0.8660146750588755,0.4143203237549052,0.0241590732300391,0,2,0,3
0.702558406623289,0.9866571053382408,0.30214770885815,0.4800879233860768,0.3289843592664435,0.4520032157891843,0.8057141420564963,0.3998846326964657,0,0,0,3
0.2947169082901505,0.3887721066912378,0.3783107633626044,0.9586513181717486,0.0110207937507708,0.8695121155402493,0.9884998200972848,0.9037432291879912,0,4,0,3
0.284974245044284,0.3808346266540974,0.3864919628098733,0.9488876007308664,0.0193407657866108,0.8774190852788158,0.9705380281536176,0.9273969538456434,0,4,0,3
0.9211930072297616,0.7588682168297102,0.4363162974619989,0.480950810476457,0.1445509246055714,0.9634822990890196,0.958668945057384,0.4754085133943771,0,3,0,3
0.7025208416506595,0.9775430654020852,0.3036351216522298,0.4797391134612627,0.3376699948359661,0.4429285816203517,0.796708893975073,0.4043408859036791,0,0,0,3
0.7059422670913792,0.9818518080191952,0.2970221597735081,0.5029135591774023,0.3163505120621365,0.4601761985907526,0.8289219811603377,0.4133470414582673,0,0,0,3
0.7027381621901229,0.9813201072665636,0.3080746616570618,0.4786229106408133,0.3281657444475451,0.4449844876155955,0.8153881142653122,0.3931749072599934,0,0,0,3
0.290266200586379,0.3916935452650648,0.3723610059848031,0.9680332340564956,0.0177954434267267,0.8701035537589986,0.9835554447210976,0.8967037114430646,0,4,0,3
0.2941185393009766,0.3973983824782986,0.3783762304681414,0.9584845419843409,0.0236820111935082,0.8732939313460942,0.9784921255516836,0.8944021075045989,0,4,0,3
0.7022017633579413,0.9876821315753742,0.3034038608535577,0.4774570391356945,0.3289794127227481,0.4514744851013199,0.8036625666841126,0.3996600639453935,0,0,0,3
0.2910073444434627,0.3807989765656285,0.3743042213539151,0.9665338463497392,0.0202664589300657,0.8772957610652451,0.992958154413942,0.8920751343913204,0,4,0,3
0.9177384801209988,0.7531923028263233,0.4377460524578229,0.4741015965315614,0.1535114100502734,0.970387659246318,0.9649544038743484,0.4795287016534111,0,3,0,3
0.292776240823716,0.3936943738731424,0.3779154991046482,0.962397349470976,0.0142807162143989,0.867198024383507,0.9847586319651604,0.9030836330753352,0,4,0,3
0.7024226766698404,0.986858953892702,0.3021987846950916,0.4793151817729616,0.3290552807118642,0.4504696930776448,0.8053439789469481,0.3994762483700192,0,0,0,3
0.9191840475972656,0.7552948860105705,0.4259045679835684,0.4578180445970615,0.1510974271420005,0.9726018724159134,0.9599197872588274,0.4744419033766112,0,3,0,3
0.700752509646634,0.988170969154151,0.3045674924560863,0.4765935064497164,0.3311719936110954,0.4484469054252781,0.806543657786487,0.3977233185287193,0,0,0,3
0.7045909075249378,0.9860793715155411,0.3058579569694037,0.4865644219512515,0.3259103328352649,0.4460441865626977,0.8121009635999485,0.3920586016052084,0,0,0,3
0.2793743460082671,0.3909706573091581,0.3804803804741404,0.9639126066557284,0.0158194072964056,0.8883304053433254,0.996849773573648,0.8928855778936499,0,4,0,3
0.9205771682021788,0.7524358818241144,0.4405672686309312,0.4691774404710589,0.1526633007849597,0.9692282695090108,0.966452492385224,0.4740278461433182,0,3,0,3
0.7113349593717537,0.9840142534427452,0.2972629078301698,0.4824131090209995,0.3276262602022047,0.4449442811435539,0.7976947665433075,0.3922032136950445,0,0,0,3
0.6888547867608321,0.967907831994031,0.2943273245422027,0.4771257225425708,0.312905157735696,0.440346157248026,0.7924951596454586,0.4051159385153242,0,0,0,3
0.2910906084079325,0.3910316323574645,0.3719696300062814,0.9678781353400628,0.0166896626444849,0.8714282210002753,0.984114236567511,0.8988166974457176,0,4,0,3
0.2847434931269739,0.4018926317593003,0.3469520153312491,0.9605912426183876,0.0412877518328137,0.8638359416743833,0.9881073481277552,0.8961270153356211,0,4,0,3
0.6991514547036213,0.9880052310939228,0.3028445191203437,0.4814017490368922,0.3264989445531763,0.452807956437703,0.8046421690064126,0.4005415470937297,0,0,0,3
0.2835550060820729,0.3838798053117592,0.3803995348673238,0.9659106537472352,0.0079515892254221,0.8740651578152633,0.9723143130902998,0.9012084700169976,0,4,0,3
0.7014587896562279,0.9866250324297494,0.3016610421371544,0.4793180578842595,0.3287456147688297,0.449923068045097,0.8048592755970239,0.3995780736813751,0,0,0,3
0.7073370468328166,0.9860145413093638,0.3032528595425335,0.4793681692330924,0.3251004078328796,0.4507635236573923,0.8046557076174528,0.3959054572345373,0,0,0,3
0.7012767461641444,0.9864010139659856,0.3017178748457873,0.4795437087007275,0.3283476663712319,0.4498344564935967,0.8050275293739602,0.3987572857553855,0,0,0,3
0.2765006986695519,0.4016642260596139,0.3884170012286661,0.9654817617960691,0.0019240543546207,0.8755252029115154,0.9849022231246892,0.8888059284414134,0,4,0,3
0.2913768178780812,0.3911700867550234,0.3694711737398553,0.9639391360045124,0.0149203340524566,0.8719589013523669,0.983403551481761,0.9016602441399362,0,4,0,3
0.3059625260578534,0.386948641860726,0.3703744715675239,0.9734615386125676,0.0127460258043019,0.8815053691268432,1.000073640728677,0.8865656130173553,0,4,0,3
0.2789884441229874,0.4015547950259485,0.3648199184845593,0.9667780627289048,0.0144242182227453,0.8815134147398087,0.974051894174243,0.8934642701882493,0,4,0,3
0.3030558958800289,0.3860478525785314,0.3577659583626699,0.9552421664746122,0.0323035963551803,0.8644305395809763,0.9873132274374272,0.8800628196934124,0,4,0,3
0.6987101679523252,1.0025575765907926,0.2894686710428712,0.4737594922181268,0.3096876292625294,0.4629011361059928,0.8204129054949267,0.4058553045540775,0,0,0,3
0.9228668018130884,0.7599297656449959,0.436154087631561,0.4788233301631621,0.1501205375547647,0.9658388913568092,0.9669989630284336,0.4723943021653869,0,3,0,3
0.9132760850626036,0.7580747730744898,0.4316158718978201,0.4695895990349754,0.1452029897982369,0.9719834273400438,0.9506596185415642,0.4802589415112794,0,3,0,3
0.2927082799888754,0.384778948705018,0.3760826647575839,0.9667251475296714,0.0106455620323467,0.8762566953714448,0.9774698672172288,0.8978897871913396,0,4,0,3
0.292541816474437,0.3981142308823235,0.3784195457808246,0.9691802268669388,0.0083217702692472,0.8772381974561104,0.9854046582811932,0.9144891160157528,0,4,0,3
0.6887628597586811,0.9730125549893974,0.3170458009647787,0.4952328055768116,0.3355705982788118,0.4387118837862255,0.7978478087760006,0.3940932009212168,0,0,0,3
0.2911192710191016,0.3791466639773574,0.3902008196514899,0.98697365089695,-0.0034395861951097,0.8832798241957698,0.95873690934685,0.9185775254902844,0,4,0,3
0.7019196655605117,0.9863607921684794,0.3016205983659493,0.4788219830936638,0.327467957609067,0.4506167489731714,0.8037636027107401,0.3983778565983238,0,0,0,3
0.9199780364254784,0.7547469755286783,0.438241818528324,0.4724300335906108,0.1550582891132457,0.9710509006946656,0.9634680202320096,0.4770842036137495,0,3,0,3
0.70260150796936,0.99209439554969,0.3069183406946096,0.479398961507065,0.3362984234223624,0.4436633007054016,0.7990775652693721,0.403678848507072,0,0,0,3
0.7006055173585112,0.9858998835059576,0.2974972327029822,0.4777688662682154,0.3219798114226448,0.4440403256380619,0.798285641806935,0.3945588290205065,0,0,0,3
0.2887447815620054,0.3909489781780806,0.3725892052623432,0.9627699090597328,0.0134307125614209,0.8683519876439696,0.9782528544304951,0.9037110856777102,0,4,0,3
0.7012126305347206,0.9800365107865718,0.3080908208759624,0.4782949184647366,0.3247780766880405,0.4375037939693154,0.8011636687091019,0.4018606051978796,0,0,0,3
0.7051654732133226,0.9808359488766984,0.3057951797694939,0.4767954766951581,0.3330464732694765,0.4562510538409728,0.8092336117337732,0.3887079636911131,0,0,0,3
0.7197992414815301,0.975055463470944,0.2854558268676291,0.4779466039180252,0.3368638376734507,0.4760245988684515,0.8140660906062716,0.4236624132484244,0,0,0,3
0.2952093187596756,0.3892840791552285,0.3710924548017774,0.968312516782133,0.0135199124533816,0.8734339752092192,0.9827300267235454,0.894846334229815,0,4,0,3
0.2919832686337228,0.3906039656566176,0.3730657766538677,0.9690174344916308,0.0170195263471909,0.8717264824328689,0.98295825940211,0.8970483396555463,0,4,0,3
0.6946547687056235,0.9762919812667444,0.3073042699096972,0.4747094960266518,0.3275358230840907,0.4493366884865064,0.7985674196177445,0.3931820353667379,0,0,0,3
0.6744292029399854,0.9920581575754854,0.3223193489652088,0.4511921909431702,0.3280709113449787,0.4316285381277514,0.8031898610850525,0.3854851817225512,0,0,0,3
0.9204456027177365,0.750922474523369,0.4421650914312759,0.4714191910345659,0.1560567366465982,0.968779832316723,0.9596569239575452,0.480985470172722,0,3,0,3
0.2916666473896462,0.391351935788983,0.3728783616698926,0.9693349373098636,0.0156371572231993,0.8712361631204241,0.982905099910448,0.8971633417252307,0,4,0,3
0.2957770696882404,0.3907214085633592,0.3734279495568363,0.97390361692489,0.0198092498402262,0.8765043440521226,0.9809348595799284,0.897912304426978,0,4,0,3
0.7039736311292878,0.9858848425465472,0.2998252571420722,0.4784240835909139,0.3297458668063534,0.4478550668271524,0.800634883722625,0.3989845840792241,0,0,0,3
0.9192089263446864,0.751730118198983,0.4372391228272291,0.4700448119957286,0.1553980683338567,0.967873486814115,0.9610853446260306,0.4746187513782335,0,3,0,3
0.2884640226170652,0.3856565861887561,0.3677941496663928,0.963743828183247,0.0152088848539548,0.871635445191849,0.982188418476758,0.8913761790464914,0,4,0,3
0.2955354571369429,0.4013054800706877,0.3762015073944903,0.977480832330169,0.0217519171357786,0.8734368746840399,0.9810385990331856,0.8939821258696854,0,4,0,3
0.9199648140425442,0.7562135442499357,0.444958223422811,0.4775984947442018,0.1571764084158782,0.9639003041486268,0.9599079298808386,0.4767334144613825,0,3,0,3
0.6996559000313203,0.9840724136020031,0.2997241419371698,0.4814403737390845,0.3265083084197726,0.4475972413963812,0.8035539993694736,0.3977784901073337,0,0,0,3
0.2962417348623546,0.3845769765036785,0.368286518013609,0.9633367772772576,0.0162465835185925,0.8642753504739277,0.9769242436666752,0.8991469440356353,0,4,0,3
0.919640133016053,0.7391683576299779,0.4529273383025305,0.4634467742909323,0.1564219847081419,0.9631636100010992,0.9503970110668556,0.4652934465970556,0,3,0,3
0.7841864599617515,0.9417100076182136,0.2492407312037366,0.2587068240132174,0.1058506418756634,0.8442958871946347,0.410357907348396,0.0455407122284239,0,2,0,3
0.9192387545612768,0.747182322810257,0.4433849007715064,0.4802282317342389,0.1595049592517321,0.967343477892498,0.9665025469993002,0.4732969424154337,0,3,0,3
0.30178283747672,0.4005619039432879,0.3631764595421778,0.9705756807037842,0.0112902645461297,0.8662141386103507,0.9951577626542936,0.903085982607506,0,4,0,3
0.2930254308509712,0.3868199497026504,0.3708725387067992,0.970339402051219,0.0153157913275602,0.8704092746132972,0.9851323675017843,0.8998379898519286,0,4,0,3
0.7798979519640773,0.940621119425899,0.268142737818524,0.244370072233841,0.0880379780826377,0.8818452043888784,0.4009511678840398,0.0073278247940323,0,2,0,3
0.6852418940052394,1.0067203185786462,0.305122190731065,0.4784111359241884,0.3351686818835763,0.4531310362191827,0.7863801052699202,0.4063365156819372,0,0,0,3
0.7894065935218862,0.9566054793329138,0.2739653846503075,0.2371149968294723,0.1080494408133598,0.8583049664585755,0.4077537918841077,0.0123136446202137,0,2,0,3
0.2838663750254352,0.3835100763489527,0.3825432237091121,0.9780927679571104,0.0122891701612846,0.8824457487649244,0.9961698661653204,0.903869057658537,0,4,0,3
0.2986551223099987,0.4036957619333091,0.3895507141241181,0.9748058440316696,0.036294608285002,0.8517368528035677,1.0027243724391115,0.9161267123908524,0,4,0,3
0.2869028776161555,0.3983324497807504,0.382573653657541,0.9754663672158412,0.0237786557620641,0.8600417020018303,0.9825542273778192,0.9028035548607196,0,4,0,3
0.8001344310153409,0.9556815148910576,0.269012913411409,0.2406818108606254,0.0953418338492904,0.8561705039786105,0.3910783225581822,0.0247662554967886,0,2,0,3
0.6992286419199447,0.9836545503348024,0.2984734251413661,0.480399433107714,0.3285535612429793,0.4491596484467114,0.8042292434608084,0.3996963751403247,0,0,0,3
0.6961790069632816,0.9825451222502368,0.2958346266272995,0.4851968700932624,0.3346122021235957,0.4518460228373959,0.7957855406457581,0.4018826911684268,0,0,0,3
0.9180281442135,0.750812733122292,0.4405411635821358,0.4730269030529987,0.1545477639972735,0.9686021807275602,0.9624453704576352,0.4784917399424702,0,3,0,3
0.5001898267961543,0.3755284045934129,0.0395807653105424,0.8641102575568846,0.1798272243359739,0.2625449336584879,0.4353158599630428,0.5237263165983423,1,1,0,3
0.7025832730326976,0.9964398603364362,0.3108889260314246,0.4789376994319178,0.3238933739634906,0.4502619905706842,0.7899260848204107,0.4021718475555487,0,0,0,3
0.7086632509448285,0.9872765467922714,0.2952279910797957,0.4755574041383355,0.3356904821991955,0.4574811228574834,0.8096050218652221,0.4058641224751806,0,0,0,3
0.2925906209698042,0.3906622600367687,0.3735019058679412,0.969269097363663,0.0148197296373438,0.8662876390441299,0.9863535262893992,0.8979622320073403,0,4,0,3
0.293626029878041,0.3977099989235408,0.3480354482527399,0.9811711207392017,0.0140726917324613,0.8614559520481925,0.9810236338067282,0.8712883367284855,0,4,0,3
0.6996618511975584,0.9837103167332808,0.2995968942025495,0.4815830745500191,0.3273068374905846,0.4496175748016534,0.8016520315256679,0.3976021430463409,0,0,0,3
0.9151965188034242,0.7482007321375794,0.4444031959368726,0.4749468790020985,0.1537052859215192,0.9694922087476222,0.9608479294516266,0.4817518683296883,0,3,0,3
0.7023703662339552,0.9830410141565228,0.2972021648299807,0.4810967974889876,0.3240270706058921,0.4517548432119114,0.806174819768123,0.3979787636281108,0,0,0,3
0.7011319716897058,0.9784131214740632,0.2999840801134361,0.487497991449236,0.3201778047260781,0.4535930990178314,0.7932509484421245,0.4044937341277896,0,0,0,3
0.7048820965034015,0.97380752537037,0.3008110893235559,0.4864974506149117,0.317505356455624,0.4370005500949475,0.7896638634972111,0.4129198039281666,0,0,0,3
0.6997190433769181,0.985106143572663,0.2982456370219835,0.4810627239196725,0.3269251336315416,0.4485921388105456,0.8018499265697356,0.3987186895863323,0,0,0,3
0.5014494200091197,0.3670180153333174,0.0424034692492116,0.8689452438021044,0.1782815412135847,0.2664745236093538,0.4371617728314324,0.5286071925608345,1,1,0,3
0.3076894183624761,0.3978441786854465,0.3624425408319724,0.9628573486802158,0.0170291120229427,0.8597161126582021,0.9859004644865202,0.8839958496266764,0,4,0,3
0.6951014313652967,0.9807805573260784,0.2998540914192708,0.4823609097374569,0.3213111229817691,0.4429271192103111,0.7991950916175776,0.3925021982968533,0,0,0,3
0.6979783153100615,0.9834847011635824,0.2976599980032767,0.4808677824312748,0.3269608582585675,0.4476773132703598,0.8010976389069521,0.3975874540920885,0,0,0,3
0.6844508053899123,0.9809611075657112,0.3043694324552894,0.4888642927301551,0.352642764019365,0.4433445390936171,0.8190163673495172,0.3942357893186157,0,0,0,3
0.2831764474680314,0.3889048791314423,0.3905322358337791,0.9690613007119332,0.0260080315313981,0.8831373530202472,0.9949650265734588,0.8930303491627689,0,4,0,3
0.9166167647599384,0.7520785810647451,0.4413432975889063,0.4763132882324806,0.1548283632211246,0.9692891642368202,0.9591339981484156,0.4770246647926089,0,3,0,3
0.6962362389193317,0.9849106407604196,0.2902249575428432,0.4673632878837435,0.3352470003361852,0.459329880523123,0.8104868307911814,0.389129397553928,0,0,0,3
0.9169767650830738,0.7502927622322241,0.4423338893402195,0.4748715703161988,0.1537863970869572,0.967871606528342,0.9611081817308392,0.4782902438906143,0,3,0,3
0.3031971447331384,0.3928680508428094,0.3738418395471077,0.9622057335531684,0.0066515336439582,0.8863860981417588,0.9660997258161914,0.88742411529931,0,4,0,3
0.2836475457511946,0.4003321016504086,0.3815935918382079,0.974225153188535,0.0098427552661063,0.869842917571528,0.9778065314722392,0.8975951322956783,0,4,0,3
0.9172252747157436,0.7507469699840936,0.4414105772215262,0.4739377659748727,0.1548098733285012,0.968038665871332,0.9607902055600316,0.4780300782470738,0,3,0,3
0.91685068738998,0.7505250462097234,0.4423447637617214,0.4747746219755046,0.1540647719978506,0.9682341362064734,0.9614537157576788,0.4784617660351728,0,3,0,3
0.6962121672177372,0.983205820176611,0.2952570421367029,0.4828138746645266,0.3280129052633881,0.4479261276461302,0.7973548027353748,0.4025158125993344,0,0,0,3
0.2973976399588671,0.3905480642085793,0.3788976847962191,0.9647982677671642,0.0095718054004753,0.8726080282115881,0.9863070834675758,0.904551918329753,0,4,0,3
0.6941373712532594,0.9956358011532322,0.3109913610257934,0.4863898097605756,0.3129912011082502,0.4388223778319746,0.7960824913355413,0.4077022893942988,0,0,0,3
0.3110363736165162,0.3830586836633365,0.3730611587414554,0.978835236528006,0.0125441736419507,0.8827354989103824,0.9785926729431784,0.898070189091063,0,4,0,3
0.5005965859629209,0.3794378524161613,0.0463038063288707,0.8657082840965766,0.1886117623479449,0.254408180086615,0.4299627452590436,0.5239991995134144,1,1,0,3
0.496404259327968,0.3745956127913298,0.0397630236334242,0.8668560192538577,0.1780489917618646,0.261708532625639,0.4336795575638709,0.5262959401407152,1,1,0,3
0.2886692004092686,0.3701528951523202,0.392224124895778,0.9649686691059656,0.0060661598706677,0.8546162024878122,0.9710526315169696,0.8879144423379735,0,4,0,3
0.7120950057314877,0.9866234544873675,0.309746962578389,0.4930970923554988,0.3287748615389216,0.445943466094657,0.8020221349149022,0.3907325419587433,0,0,0,3
0.7121867603396485,0.9746251512613282,0.2960900908872658,0.4964503932036467,0.3251404026211374,0.4359445938529388,0.8011505529226435,0.4102315828010616,0,0,0,3
0.2950706043462563,0.3836384584420587,0.3707559051809201,0.976898907335646,0.0072561234853216,0.8646781904882745,0.986099247655336,0.8912423337526366,0,4,0,3
0.2910378717492486,0.3871800042272469,0.3811213494653732,0.9745409644088776,0.0190190277744081,0.8740666806758021,0.9853940995292104,0.901486048173234,0,4,0,3
0.3046697970744066,0.391730847655199,0.3574775222597267,0.962126050951251,0.0349621648703135,0.8649047986337407,0.9760881125572114,0.9038342590661872,0,4,0,3
0.3000377694602779,0.3825926239720992,0.3729215568264083,0.9732516327628588,0.0190510049141638,0.8717410523366462,0.9802908352869752,0.9037617166830936,0,4,0,3
0.2924351562016504,0.3852291889479817,0.3810481713922088,0.971050918467302,0.0138496731875132,0.8696615847640827,0.9773419295244749,0.9030740647720162,0,4,0,3
0.297794989818693,0.3875418865441369,0.3764640438641782,0.9690210336376756,0.0162459526120515,0.8671507539269929,0.9797855947996732,0.8989516810469196,0,4,0,3
0.6789619932242557,0.9786140996181866,0.2777047068076266,0.4992652976150125,0.3117238169102874,0.4340036463118205,0.8131534256603191,0.3841386191678289,0,0,0,3
0.9270516064535156,0.7391512360298579,0.4466661387338122,0.4819670084523957,0.156734886073213,0.9702309530105878,0.9465933631106738,0.4838363398267143,0,3,0,3
0.3004030377399784,0.3931095171327286,0.3734006738374162,0.9682416439384748,0.0095545436747661,0.8698437132488372,0.980458421641528,0.8982453604557298,0,4,0,3
0.7028998867928606,0.9863088538093164,0.3015420800596989,0.4774146652808952,0.3255461341233533,0.4491501767151682,0.79951034562084,0.399156228401947,0,0,0,3
0.7074324090313489,0.9915597789533004,0.2942677042384173,0.4872325127977194,0.3204459604783553,0.4413152619821595,0.7907021182703423,0.390082387018107,0,0,0,3
0.2892336405884186,0.3704137456199367,0.3986627075437205,0.9632004256612828,0.0177343267693551,0.8584856433112505,0.9835010525723924,0.890093398358885,0,4,0,3
0.295039033346449,0.3877876253088615,0.3776225011215792,0.9721226844419928,0.0143207112802803,0.8686726745285734,0.9824858722826396,0.8989545505499444,0,4,0,3
0.2941494742620156,0.3855915963315126,0.3764417600337113,0.974516743730221,0.0131331435158711,0.8672002508271424,0.9821159252755252,0.895570854744561,0,4,0,3
0.6997223923200245,0.9805990050512344,0.2947840981067077,0.4836839847216692,0.3253169734993851,0.445939207587232,0.7967202417234507,0.3979898362238259,0,0,0,3
0.703171271616696,0.9869063754756076,0.3000300928940803,0.4897168106701203,0.3337630121097757,0.4412047052778712,0.803898315441914,0.3964692913020979,0,0,0,3
0.7005581327919186,0.9844801608879176,0.2979568745799775,0.4836948698550119,0.3269685407663796,0.4450413643712048,0.798598267666285,0.4001961170552924,0,0,0,3
0.6987205292995161,0.9830317923528744,0.2961717781972521,0.4815223728786865,0.3246836375761485,0.4473020192154567,0.7998432723990059,0.3991604036722769,0,0,0,3
0.7115202303471274,0.998901675236278,0.2971349802353357,0.4541000289013471,0.3510655392820988,0.4479763832901429,0.8162664608566016,0.3781894655147211,0,0,0,3
0.915241157971339,0.7528717084555976,0.4445666170170517,0.4797458016053333,0.1455066984935497,0.9663843445789028,0.9563885996340444,0.4765741675261535,0,3,0,3
0.6719495392090074,0.9867346468661384,0.2758020925795058,0.4806116938205505,0.2975073053735398,0.4480515458773163,0.7955381716897691,0.4075322900094765,0,0,0,3
0.7028526854109908,0.9890167858634948,0.2802887201779501,0.4604573755767396,0.3219180676409939,0.4683633139030269,0.8043986704537622,0.4170148234865273,0,0,0,3
0.9179072674123372,0.7493714629271929,0.4413490962655521,0.480060357012652,0.1486531701827535,0.966664472672556,0.9642899208338684,0.4845728512609893,0,3,0,3
0.6962153821398859,0.9727276849928924,0.2850896357510445,0.4780583155483369,0.3393291880871927,0.4393338557133006,0.8160931617315428,0.3825552518182282,0,0,0,3
0.9148625831802796,0.7513627881184982,0.4462557477997767,0.4735472860421577,0.1575105659753718,0.9677649435036558,0.9571938611675852,0.4772378620418732,0,3,0,3
0.7043436028851612,0.977031540088061,0.2935528440468153,0.4848220158694533,0.3255346995397739,0.4410432194740196,0.8049035361303437,0.3886349097285731,0,0,0,3
0.7075942422379858,0.9843810579283636,0.2976612703776727,0.4909555553046856,0.3143335070886895,0.4507400796864569,0.8042363994435715,0.3864243033164298,0,0,0,3
0.3065126901775367,0.4009305860656143,0.3694639411704346,0.9843037974045452,0.0237568726948739,0.8712663124965359,0.9876451330628666,0.8832550062405391,0,4,0,3
0.697569854399071,0.983502832063424,0.294424757450154,0.4815181274216283,0.3249756918961862,0.4463634864151801,0.800576420515779,0.3996847392368503,0,0,0,3
0.6974599430437445,0.9811261797242702,0.2950241950627238,0.4778923349215085,0.3305121607786795,0.442289546432111,0.8033694158065534,0.3943968787875686,0,0,0,3
0.4878580151797863,0.3781962240324775,0.0298344264958558,0.8651039564193873,0.1892321767569493,0.2646332895828002,0.4248969816769303,0.537054448004651,1,1,0,3
0.7025991839155766,0.9769018907656892,0.2926692750374725,0.4766635490515204,0.3303234246924951,0.4516008467125192,0.7929110988946048,0.3923947843644925,0,0,0,3
0.284335863543106,0.3858364324684455,0.3852678153939543,0.976373271111018,0.0049184433460407,0.877747670609113,0.9825291825034344,0.8961886097060167,0,4,0,3
0.2910348446815539,0.3871403409549608,0.3749433607386226,0.9700825864882626,0.0123247165201916,0.8615249724719667,0.977767352613842,0.9011957615621502,0,4,0,3
0.7013539005433145,0.978987454935241,0.2978737370815458,0.491229342664872,0.3221398275256264,0.457320655239872,0.8004387863457649,0.3987917503676306,0,0,0,3
0.6719083782381752,0.9887710407099216,0.2971606394293483,0.4757834488222584,0.3306613819892072,0.4440334478874633,0.827495757147831,0.3815506194334678,0,0,0,3
0.694688693013502,0.9844312100424152,0.2942418221149117,0.4815817759890944,0.3250089811336019,0.4483810511334257,0.7998303090721175,0.3984179851985439,0,0,0,3
0.9126421012982976,0.7489063644305339,0.4470291457914651,0.4731735509890741,0.15421736316059,0.9639206273815564,0.9575962046849108,0.4781024118869333,0,3,0,3
0.6986743311831267,0.9820524918803654,0.2971539156972982,0.4845391031410622,0.3226687384027118,0.4460796776684574,0.7989119496557981,0.3975910606296653,0,0,0,3
0.6968824615572828,0.9824439373901144,0.2950897269078524,0.4831446444521365,0.3253089339282407,0.4473599608047611,0.7991055173744525,0.3978333408459611,0,0,0,3
0.5007372136581821,0.3707599003049294,0.0430952257842034,0.8662915323850281,0.1817877650159253,0.2588697771944932,0.4373650881790603,0.5262277011700243,1,1,0,3
0.2991723197149219,0.3752621965879447,0.3820902339992648,0.9637257473781528,0.0047545751844489,0.8648217325371947,0.9790393389315784,0.9123220952146512,0,4,0,3
0.2971783514102168,0.3846729254701737,0.3815221775616636,0.9754456809760722,0.014203342047044,0.8700622277273737,0.9845121096698944,0.8978869847334966,0,4,0,3
0.2986824818323025,0.3892696352774292,0.3808381408193924,0.974319562826808,0.0171119681668925,0.8708697551027321,0.977682536980432,0.8963122824964576,0,4,0,3
0.6933836777327872,0.9828245534829282,0.2979635779266374,0.4815311430090538,0.3205560804689921,0.4461781119741971,0.7961187135370115,0.3953191531098096,0,0,0,3
0.2976464928742829,0.3872256101986559,0.3805643233865171,0.9734561233660736,0.0159959140625212,0.8696837242212382,0.9809347059179756,0.8986103942268996,0,4,0,3
0.5015161654482171,0.3706413584770691,0.042199304737814,0.869006043853647,0.18343466129705,0.2613665798930298,0.4372498729068635,0.5245031393165281,1,1,0,3
0.6959445068778924,0.9828182141624614,0.2952722864926855,0.4821664830863879,0.3240569632906365,0.4473522334721397,0.7985852899487769,0.3980995101813461,0,0,0,3
0.6745309501087194,0.9923506824283436,0.2743981218142087,0.4907063464512439,0.3247216062989743,0.4426926753370371,0.8203608502123789,0.3888013282408614,0,0,0,3
0.6925505290922958,0.9768927785801974,0.2864998554094624,0.4738389278748938,0.3299862634588525,0.4567333400934507,0.7935984456089842,0.4018854726324338,0,0,0,3
0.2963152555212421,0.3863797273403541,0.379524398660551,0.9740935941351152,0.0133582331715093,0.8679087441885912,0.9818644870222928,0.8999037845074442,0,4,0,3
0.2928958946249398,0.390915391113711,0.3793545171248002,0.9766293101568004,0.0094044111821117,0.8638331341881,0.9900630628257278,0.9059405835644764,0,4,0,3
0.7050308574520769,0.9754443985381914,0.3087769972557447,0.4899997401080264,0.3223424866197742,0.4441641086530874,0.7761474500818406,0.4064257131916157,0,0,0,3
0.915339274541279,0.7454968326436876,0.4447935223346171,0.4773866722503403,0.1530274752182657,0.9671296407753992,0.9595435576966606,0.4809660686237191,0,3,0,3
0.9141481025814402,0.7465556677572455,0.4446420266562504,0.4757571465599901,0.1551857630773587,0.966343314193024,0.9600605616264878,0.479801472360762,0,3,0,3
0.2897916603255482,0.3986587760336162,0.3888776887925209,0.9610277043451338,0.0272997679048113,0.8518535550778148,0.9707279534836488,0.9111674523392193,0,4,0,3
0.7032226070263309,0.9912082077410076,0.2904669643248786,0.4796382657239014,0.3316436647362829,0.4476600893451684,0.8028634250359487,0.4005485727138224,0,0,0,3
0.2980305445430333,0.3846694906737714,0.3798144202387524,0.9752080767743344,0.0144983516406127,0.8657955253452512,0.9799227253695812,0.9013905952208734,0,4,0,3
0.2992752037249933,0.3821492599568133,0.3868960104044343,0.9735189434344212,0.021057804198789,0.8623641020644164,0.9836982868675276,0.9068632246309754,0,4,0,3
0.3018807791491212,0.3784669955935591,0.3748078454132226,0.9761764327331977,0.0148978900098433,0.8692181004857839,0.9888007825524802,0.905806953803426,0,4,0,3
0.7030017580436876,0.9843813089585258,0.3023917877866109,0.4848999686850485,0.3172128103401975,0.4443474569806451,0.791037950351782,0.3912805978280891,0,0,0,3
0.9100529252436976,0.7322340439780929,0.4384613246199594,0.4820007713682614,0.152875315629225,0.9448071420555584,0.975289652168774,0.4977899688887417,0,3,0,3
0.9089687536542942,0.7456761099802786,0.4445984830933414,0.4714703323154078,0.1535946017939629,0.9703088364955876,0.9533234244404388,0.4782486277197872,0,3,0,3
0.6946605867494342,0.9828280142987386,0.2948101771808811,0.4820800365548517,0.3233395635664295,0.4477348492675476,0.7988589916684347,0.3978094543315435,0,0,0,3
0.7781718474618528,0.9411044857074058,0.2653132950000519,0.2341228988494047,0.1204624962998942,0.8742986799854315,0.3899813568381818,0.0076836913126677,0,2,0,3
0.9134603344858386,0.7496016150899982,0.4445780005497605,0.4787142647519051,0.1529936219293131,0.9669698276729426,0.9588704789470148,0.48130423023873,0,3,0,3
0.6890879199688734,0.977097292796283,0.2898859440754415,0.4867498148933071,0.3264067851397869,0.4525570495866602,0.798277872519999,0.3962650202108275,0,0,0,3
0.2976846010725284,0.3855558738824186,0.3812807206819513,0.9745488086790628,0.0128596230959783,0.8675961466328846,0.981824476545234,0.9004811744852631,0,4,0,3
0.7009518351569285,0.9855396608243124,0.290000815738949,0.4813528514011105,0.3203864288028867,0.4446452194429031,0.7941433798845786,0.3941600372535866,0,0,0,3
0.702201327812203,0.9796598769149418,0.3139623122550433,0.4742068361527793,0.3254645390690341,0.4501817318057477,0.7989178205034707,0.4111254562071721,0,0,0,3
0.2849006720956687,0.3854747874156443,0.3671212448264486,0.9716806253842108,0.0281953971446956,0.8614587674758105,0.9775114506735736,0.9148274355312254,0,4,0,3
0.2951614350197162,0.3847535750927032,0.3825953134659618,0.971927363659326,0.0116831287645165,0.8639590850228275,0.9759313222740912,0.9026496184176086,0,4,0,3
0.6948334851725626,0.9831912408282492,0.2906720211228171,0.4787453929407356,0.3297307619009902,0.4487300083563663,0.8042668094033507,0.3979505497092694,0,0,0,3
0.693817656375386,0.982002771867722,0.2930194541174454,0.4832999947240028,0.3226772024675887,0.4472560829716337,0.7981577782605049,0.399358326447028,0,0,0,3
0.2971476150069996,0.3867409705240951,0.3821931505455529,0.9766023738465096,0.0131136452220929,0.8662212581098454,0.983871698872305,0.8995148133809404,0,4,0,3
0.3074435789201629,0.3741124167082867,0.3947198730008717,0.9706834168968524,0.0224784202838478,0.8804376822138539,0.9817125228118144,0.9173438892747084,0,4,0,3
0.9160607132887378,0.7419012769279184,0.4478880519679392,0.4772754170315038,0.157669422405265,0.9642301115305802,0.9633076690977496,0.4746679979954491,0,3,0,3
0.3097663923654101,0.376950720854089,0.3612935619634045,0.9925550847460912,0.0294738018532266,0.8480804530299098,0.989597987176756,0.9080938323252136,0,4,0,3
0.6910294155509354,0.98918408505396,0.3045508544211129,0.4879295139881893,0.332569265129412,0.4541561881858093,0.789208343130066,0.403993003133303,0,0,0,3
0.2915690834992145,0.3862617827626418,0.376821892590911,0.9828914941273588,0.0073652692264368,0.8778004204647079,0.9878204591708064,0.8904025182555967,0,4,0,3
0.2916170145715244,0.3997989069656505,0.3708086268431801,0.9884428657975264,0.0080832406792708,0.884896741680173,0.9697936374151293,0.9349325005289116,0,4,0,3
0.9032144973636882,0.7618769605375829,0.4564015763985195,0.4962329360668095,0.1549380451462902,0.970561873461408,0.9442918524050848,0.4738138922830204,0,3,0,3
0.6933206471465371,0.9833229998328088,0.2959578182971049,0.486975313994894,0.315997780398483,0.4534254436254001,0.8029887436161873,0.3907634689608558,0,0,0,3
0.9112824805535752,0.7426933116883108,0.4507908374427933,0.471619967635541,0.1574960350045951,0.9593907784162072,0.9570789226386118,0.4766050317912092,0,3,0,3
0.691466321446873,0.980612412138054,0.2920486934013998,0.4792964413642204,0.324919361520617,0.4424904038084954,0.7999547467827,0.3962243980083866,0,0,0,3
0.7917940776647013,0.9526865350421444,0.2718273345296583,0.2454749009586191,0.1044613803123224,0.8575738991125287,0.387198938388655,0.0094189223507057,0,2,0,3
0.504685565724212,0.3705501239235335,0.0351072082070946,0.8696593853571197,0.1754243858620342,0.2661660195905378,0.4293535867044993,0.5277369690918805,1,1,0,3
0.6911123808552527,0.9823642988238712,0.2935330532972447,0.4836613464755606,0.3204476072527904,0.4491657458837051,0.8003904411369921,0.3995286204598433,0,0,0,3
0.2915812702543446,0.3771445090687291,0.3819405979073991,0.968011793574848,0.0032059767951996,0.8703903924324891,0.9796248878606774,0.9088253290003758,0,4,0,3
0.3211780065609923,0.3695099758173605,0.3971060690728857,0.9881937655649944,0.0086414380475255,0.8433691863436399,0.988137997365266,0.8922196667464757,0,4,0,3
0.7090397124993856,0.9764278530124942,0.3047570334811444,0.4739908126297059,0.3134421683798086,0.4439785481483958,0.8135188453162221,0.3992558015909296,0,0,0,3
0.2885171589094572,0.3980600910701881,0.3719267144995456,0.9727406281075736,0.0285779376843439,0.8573696068605596,0.969237929441738,0.8971714154429902,0,4,0,3
0.9072743062056792,0.7396919215870177,0.443109695665802,0.4834177777168272,0.1473529447883796,0.9605784998399488,0.9516100421659662,0.4833443869171456,0,3,0,3
0.7047957099888359,0.9803983394002256,0.2938197740737369,0.4883101488753568,0.3154699745011656,0.4362937644017234,0.7976137415317724,0.387552495789414,0,0,0,3
0.6969138647530808,0.9753142901314124,0.2853335136886284,0.4873349928188904,0.3083586719286909,0.4535693487586993,0.795105888403765,0.383542835638977,0,0,0,3
0.7000990369291863,0.9721850184012366,0.2996635856680119,0.4802238760324014,0.3249044350636756,0.4511812608961241,0.8083397777503452,0.3965926346163786,0,0,0,3
0.3009679508379958,0.3787872769857341,0.3890972951419538,0.9805016847348452,0.0108548792928593,0.868862385859449,0.9821035334630958,0.895487158993808,0,4,0,3
0.7011490673171886,0.964731884938588,0.2743605712285422,0.4905485334885307,0.3232669559355537,0.4541469650361769,0.7856350137041727,0.4115454616196494,0,0,0,3
0.5048269483026715,0.3671031223157754,0.0452963596964482,0.8694728561095113,0.1818838963334834,0.255125313682968,0.4401426261377159,0.5290304456770115,1,1,0,3
0.3063201814080267,0.3914050780544347,0.3779854860789743,0.9848451001848748,0.0222126716176847,0.8581290584277615,0.984222308967826,0.8923020548731206,0,4,0,3
0.9114823983479462,0.7435711253724105,0.4511690830999312,0.4770446421704295,0.1532418880158766,0.9635384256488766,0.9546854846119922,0.4788133508546017,0,3,0,3
0.3011655926584192,0.3834636457406254,0.3803651886035904,0.9774709463289636,0.0165087687128797,0.8636268242782351,0.9823878555256488,0.9019746489746504,0,4,0,3
0.7089898422397037,0.9961188581082532,0.2828038722569788,0.4859105210944981,0.3289054940713423,0.4368561860607915,0.8132896519938213,0.4015164780295956,0,0,0,3
0.29231250295681,0.3850049975310629,0.3823222153383993,0.982738426949581,0.0128233360044054,0.8702895021622276,0.9851339455456876,0.8994682053166769,0,4,0,3
0.2993598900795615,0.4018197477113624,0.3622214396395435,0.9942494668096992,0.0087176335455488,0.8632851494568821,0.9765340581539148,0.8862472700053279,0,4,0,3
0.3032750884180588,0.3695110414547977,0.371863037115622,0.9677629934736623,-0.0036644125357516,0.8755053261053243,0.9696507592580296,0.9183502338265016,0,4,0,3
0.2961003874982836,0.3663787673171254,0.3997496905146444,0.9638345468547423,0.0014921301674333,0.8458156467767676,0.9931943251451496,0.8789419990817303,0,4,0,3
0.2991482634804079,0.3839240540112226,0.3833397408924978,0.976579329401035,0.0124941873398459,0.8667790704890426,0.9816011226891328,0.900464329621667,0,4,0,3
0.286687206620381,0.4020565229274619,0.3975063688088409,0.9726454614495752,0.0064126618233855,0.8760381863937735,0.987993854338752,0.8988940607288873,0,4,0,3
0.9079952969449668,0.7358174227663822,0.4465003625010056,0.4755533633590379,0.1564947573878122,0.962589047174538,0.9642494813109866,0.4752692692223251,0,3,0,3
0.8012552592223019,0.9595933451074504,0.2698887522231397,0.2335004586686597,0.0960199156511356,0.8524680236713843,0.3914186108760381,0.0079198475018805,0,2,0,3
0.9089597506363288,0.742864083388813,0.4436748972468159,0.4790621527415505,0.1488548572694077,0.9600958527095308,0.9590193678867528,0.4821936278612687,0,3,0,3
0.6954112346646927,0.976153739042899,0.2928218803745039,0.4917499322376286,0.3177940790408811,0.4379243579131672,0.7950557639006199,0.3969895234168453,0,0,0,3
0.91544589643652,0.7510441720378179,0.4590315525588564,0.4711514590242886,0.1704631905028767,0.9639811889943494,0.9577840441281716,0.474133323440739,0,3,0,3
0.310852910243508,0.3855945455577012,0.3723251564803166,0.9815408946635044,0.006358515657768,0.8724954689899399,0.991919237386119,0.9096569462650996,0,4,0,3
0.2980715855685561,0.4055090014817412,0.3715348079336645,0.9886931468371064,-0.006084569183113,0.8678872748770217,0.9918524785686472,0.8804082278530361,0,4,0,3
0.9094538223598616,0.7437459400047529,0.4485289773552192,0.4761813993537158,0.1562178492213338,0.962636202422538,0.957227469315046,0.477206356520864,0,3,0,3
0.9124666639153856,0.744229565017576,0.4496900815154022,0.4789070380306837,0.1552855069586977,0.9636229835337004,0.9575860809950434,0.4802633841680753,0,3,0,3
0.6934708298675475,0.9790829178123656,0.2952828103488401,0.4811939462981401,0.3243314166272202,0.4463014760182203,0.7982333555596025,0.399412386193318,0,0,0,3
0.696400159299522,0.9818810533501338,0.2854168873712148,0.4844221198441816,0.3240406134445191,0.4457640549505699,0.795790807884072,0.3911837108442891,0,0,0,3
0.2916591984398865,0.3884254702576286,0.390022371612605,0.9729082136245596,0.0033980784540971,0.8607820991338675,0.9910696715507136,0.8916404927700144,0,4,0,3
0.9105577342915996,0.7421916739888675,0.4525819958318382,0.4805430979845572,0.1526902976293532,0.958535741310192,0.9537860517806428,0.4828243098405258,0,3,0,3
0.3008377659699213,0.3816477179468805,0.3846723051937806,0.9748060142373288,0.0127744051239443,0.8657034532278364,0.9828228303672678,0.8988022695332395,0,4,0,3
0.9097275695307224,0.7338795196557464,0.4499063783352836,0.4735796440186914,0.1585022957453036,0.9752821472449964,0.9549772835637432,0.4728966260275273,0,3,0,3
0.6938809364880446,0.9765851710089344,0.2891582712830224,0.4867827653260494,0.3206542314367155,0.4452758441924532,0.7986661002140082,0.3969717193039919,0,0,0,3
0.90974388771586,0.7389276905381781,0.4459453393434465,0.4830212426716633,0.1544645626996081,0.9622930749085268,0.9623515763141908,0.4731136238496377,0,3,0,3
0.7007022957527427,0.98585565346063,0.29787023672744,0.4832050038483763,0.3218351161781608,0.4456556411300835,0.788031143866741,0.4013277412637934,0,0,0,3
0.6933628075869741,0.98055448357577,0.2909094654233428,0.4843296029666941,0.3216047009149224,0.4451600236588857,0.7947750949315623,0.39734938821939,0,0,0,3
0.781784206122804,0.9470097213286496,0.2613825731574497,0.2374452386280712,0.1098498760733451,0.856643164858542,0.406180713787345,0.0064695672956185,0,2,0,3
0.7005245263310631,0.9780232971040984,0.2810556542003879,0.4922399608702046,0.319303141926242,0.4503235836116581,0.8037675664965446,0.4037259410583668,0,0,0,3
0.9101224521109514,0.7411402084796435,0.4474955742672062,0.4791821824575053,0.1539983380442884,0.9652123076169952,0.9595532821864402,0.4804937935623606,0,3,0,3
0.9110064620671215,0.743203131247701,0.4495828084302223,0.4795579295021034,0.1551286471745752,0.963416462836906,0.9570541117789608,0.4803105748686293,0,3,0,3
0.2955640605621465,0.3836794009201666,0.3787812851676569,0.9770224948154588,0.0136180082098329,0.8716549846871646,0.984739796029458,0.903282175531632,0,4,0,3
0.2984278833579006,0.3741109162542458,0.386741893190751,0.9785518150318756,-0.0002225330943871,0.8777601504634568,0.9933902558370076,0.8858061173721696,0,4,0,3
0.9098183409890532,0.7424194690392428,0.4484071489295896,0.4772380197921607,0.155071419111922,0.9649420949002216,0.9562762020191552,0.4780356581240619,0,3,0,3
0.7039572326068598,0.9956638261056768,0.2823096217330729,0.4955285809013559,0.3393029583354751,0.4651330917428009,0.7815085658411126,0.373699945989311,0,0,0,3
0.6903376230186106,0.9827711115774116,0.2939742267441852,0.488614334627585,0.321393541886915,0.4480464899306163,0.7978149828543325,0.396879809142408,0,0,0,3
0.2971439630483101,0.3908486669106457,0.3925868470802927,0.9893329447263328,0.0067408740354656,0.8539445929644808,0.9893326814790084,0.8868487183822962,0,4,0,3
0.3027880896585372,0.3835636420042774,0.385156549945199,0.9784803302988144,0.0107623320339323,0.8642847869511773,0.979178431789848,0.9034523848144508,0,4,0,3
0.316045143426074,0.3719352626601681,0.3714490445859549,0.9992187434543436,0.0303624344350297,0.8355356856717563,0.9660827395574724,0.9070469945714476,0,4,0,3
0.6687524053019247,0.9903285447038516,0.2755954013034484,0.4752360568299796,0.3207360910152299,0.4233782917680237,0.8087694714930685,0.4212258363950357,0,0,0,3
0.9145521418346984,0.7333184009278884,0.4560889923104821,0.4755691666761424,0.149851430467314,0.9608407941365186,0.9597962672547896,0.4726180031777293,0,3,0,3
0.698920998071312,0.9844915527971492,0.2927021897443456,0.4874058187874184,0.3105778727974021,0.440130740883486,0.7878313635180744,0.4048322911892048,0,0,0,3
0.7082802903787914,0.993329472999774,0.3065044548899371,0.490340774430746,0.310520716299094,0.4463958868957124,0.8109895044405611,0.396695766657973,0,0,0,3
0.2775558909632363,0.4055459002975867,0.3813367371862924,0.980214446132878,0.0179067372827811,0.8706838553615008,0.9845733804570236,0.9095163133430688,0,4,0,3
0.6939982275985018,0.9779210901510944,0.2892314393659685,0.4852011259650117,0.3202186551930176,0.4430018171768162,0.7944746479934118,0.3972852252077192,0,0,0,3
0.6913535917059735,0.9781836837524116,0.2891083796670743,0.4864838968212159,0.3176648925679579,0.4422946008104922,0.7938824396529163,0.3942890457360141,0,0,0,3
0.3020980666927481,0.382282899306495,0.3834413159390221,0.9777343986763496,0.0137610397041997,0.8645659125766623,0.9787329046535358,0.9028371126206316,0,4,0,3
0.8132172259583578,0.9492201535240962,0.2534917626042479,0.2411329114699181,0.1124709871056598,0.858434694828551,0.3902589633789451,-0.0094529432001337,0,2,0,3
0.700117660189664,0.9692359090912838,0.2824865417163328,0.4962362029951465,0.3153589273469899,0.4519147616729383,0.8032784552266747,0.3999216393069441,0,0,0,3
0.2920541524244257,0.3912604512586758,0.3840336194724662,0.9709000554500324,0.0064853078930402,0.8753958805042175,0.972390245021758,0.8951624195675396,0,4,0,3
0.2988665758943863,0.3817210954647946,0.3855863211010528,0.9799971572800932,0.0133591460423935,0.8666729014473353,0.980901889016572,0.900378774821174,0,4,0,3
0.3017258820906358,0.3804877588954999,0.3863953513038112,0.9776334336380956,0.0134700276440137,0.866597623419877,0.9804291780508916,0.9026872527776886,0,4,0,3
0.3001370812519507,0.380942675087994,0.3849702425474982,0.9769386837471123,0.0137718105040854,0.8639514799539305,0.9801840145961992,0.9024054091946482,0,4,0,3
0.7907769329859449,0.9572963036564917,0.2643077806324289,0.2342714494522003,0.102481030555947,0.8552180992913845,0.3951791260547109,0.0130556230932817,0,2,0,3
0.3040463191284568,0.3825833534112083,0.367284084002666,0.9712966743041996,0.0043437495404605,0.8660536135079321,0.9908467188374308,0.9104438970745776,0,4,0,3
0.6943735837460704,0.9711223925407724,0.2715345485265768,0.4774720237503509,0.3335567931620518,0.430412247134987,0.7824564250175022,0.4041066504609239,0,0,0,3
0.6857039203320999,0.986317596566052,0.3020685934157676,0.4785988102878927,0.329524262978839,0.4544081370190211,0.7836758788222253,0.4016397483292267,0,0,0,3
0.9109862775352392,0.7385250783905719,0.451138325176168,0.4814702934965172,0.1583628737004598,0.967479677475085,0.9570075859123144,0.4836705211295965,0,3,0,3
0.698327173200317,0.9755072607029216,0.2997943238133483,0.4787669027875606,0.3250952274749578,0.433607170469372,0.7849855211459115,0.4021484551275616,0,0,0,3
0.6924622102592913,0.9799706017505232,0.2895040899823626,0.486187079725527,0.3205229375570136,0.4446646770144054,0.7942701304484975,0.3966198326001938,0,0,0,3
0.3018717125783157,0.3816605975687153,0.3891100058522931,0.9806589855052364,0.011299891845635,0.8661733466918479,0.9830322722885406,0.9033766330879656,0,4,0,3
0.6828926597853648,0.9815416427206264,0.2832484863801937,0.4855584405958532,0.3184667422241807,0.4369041462040305,0.7989231681624981,0.3952239465759328,0,0,0,3
0.910420756143818,0.7388288197254492,0.4602634361745858,0.4751568495940422,0.1542756943507169,0.9839460034273472,0.9664597902318116,0.5001148406664849,0,3,0,3
0.9138711411198164,0.7370223312072639,0.4498193605445204,0.4762204727830073,0.1537843164198374,0.9639015645961876,0.9540916539844572,0.482053395211601,0,3,0,3
0.9055673742827562,0.7417491278690854,0.4537401375958101,0.4788034869369389,0.1539332492589206,0.9624056826953684,0.9605183345977534,0.4827041297243313,0,3,0,3
0.6911071025425468,0.97921432539107,0.2891952127991271,0.4851356801021135,0.3200737351703312,0.444235982740953,0.7931599570603657,0.3959623781899694,0,0,0,3
0.6881167482180306,0.9773029854246086,0.2886201721041099,0.4857525624786151,0.3197959492702905,0.4435325486203335,0.7931408174133724,0.3996364405593272,0,0,0,3
0.3007070678921193,0.3801330855988859,0.3856940695453242,0.9791730594193316,0.0124226581486227,0.8652048170445313,0.9806073040963816,0.9006036055759843,0,4,0,3
0.5082072393406688,0.3568904911978987,0.0369898336042698,0.8678422091371243,0.1910154807593467,0.2502396406758955,0.4374713535874638,0.5317074220572232,1,1,0,3
0.3010769653714689,0.3841727316630998,0.3869377681257354,0.9751219097951126,0.0144263465600477,0.8753127017724082,0.9752318843855124,0.9056885131622096,0,4,0,3
0.6887944496498409,0.9757873815805472,0.2884230348866917,0.4834676258447635,0.3164198283157947,0.4431386598453621,0.7935959462387745,0.3932187178863437,0,0,0,3
0.9230327701279598,0.7524275144790215,0.4638022349903716,0.4921607515754013,0.1476296958524612,0.9644198311696892,0.9443323929678576,0.4821151973360835,0,3,0,3
0.3025519714556704,0.3819269096043541,0.3899761539556597,0.9824479174429476,0.0090256065655597,0.8649303098925283,0.9780753403886407,0.9024113145216804,0,4,0,3
0.6999865130416849,0.9672653402127088,0.2842326145910949,0.4805891057710391,0.3152678003492937,0.4412142194338712,0.7794258637634002,0.3881562203554168,0,0,0,3
0.6997556914896468,0.9767119979195056,0.2963098501064505,0.4856292898918669,0.3349413130050823,0.4496369399081757,0.7953139348760239,0.3965049904390891,0,0,0,3
0.2961392080570368,0.3891145484041766,0.3929873745659088,0.982834912715446,0.0046236169774992,0.8657135658562345,0.9914518022123824,0.8944428654939399,0,4,0,3
0.2988770013963857,0.3830478296530978,0.3832848529047212,0.9880923205722736,0.01392721201727,0.8720925122725823,0.9781244477545714,0.8927758748878903,0,4,0,3
0.3017482471613131,0.3806941115363208,0.3873587661554744,0.9800647331266504,0.0110940122082842,0.8652325538810529,0.9807845360077336,0.901692681351009,0,4,0,3
0.5045116329660758,0.3617706149887299,0.0459140107875508,0.8662327878300479,0.1971116871126804,0.2615136250827062,0.4445218127443222,0.5221106881576529,1,1,0,3
0.6888595848532664,0.977308738124592,0.2887962366073403,0.4844024691273613,0.319788352647581,0.4461739244436415,0.7904478761763774,0.3958854895923084,0,0,0,3
0.7950974784452483,0.9508995167526916,0.2681988016412988,0.2314062792939536,0.100058278283061,0.8543079081249797,0.3880479768730198,0.0152565272038275,0,2,0,3
0.9087459273741813,0.7410128707549659,0.45175378125923,0.4816003221891546,0.1560139509779846,0.963041481962656,0.9569705010634731,0.4791501804076101,0,3,0,3
0.9106981288091428,0.7435780760499772,0.4528567179827343,0.4801569632868899,0.1532909905826917,0.9599733208210404,0.9547337249205512,0.4813708701168065,0,3,0,3
0.6933331511314547,0.9762871396109456,0.2847952386649772,0.485525087570999,0.3166863363385911,0.439327084456048,0.7937383254599859,0.3961326284200585,0,0,0,3
0.7910204144544487,0.9541997964631784,0.2630978712142662,0.2307604555078364,0.1041309982830744,0.8586566917649937,0.3928291665894939,0.015359918011499,0,2,0,3
0.3147922051156001,0.3768103752494284,0.377457127251411,0.9842947820769122,0.0050291932096151,0.8554165215358712,0.971000029471635,0.9036269693507314,0,4,0,3
0.6906158337375122,0.9808736319166572,0.2890005630220804,0.485692960096996,0.3168387176492304,0.4425939701816772,0.7902450941071287,0.3984704141649746,0,0,0,3
0.5055936964230371,0.3627029948795307,0.0433806851187855,0.8707651756078024,0.1861932676820136,0.2517688635312801,0.443560500690636,0.5277823089937527,1,1,0,3
0.9061527601135466,0.7352669390559037,0.4521061482380241,0.4735739079239905,0.1516461029586999,0.9618902930115496,0.9514055456542893,0.4799819072402486,0,3,0,3
0.6898718111298697,1.000352206316398,0.2919207957842308,0.4734418303783689,0.3151800202578979,0.4466433233169194,0.783967759227135,0.3827689575984428,0,0,0,3
0.6843099981246334,0.9842785467600148,0.2976719285599098,0.4960962527512497,0.3052165834197042,0.4408036101480821,0.7980232968970236,0.38705849169852,0,0,0,3
0.3007561954896314,0.3802591523109911,0.3881544369982004,0.9791828031240278,0.0090115762562902,0.864409320791805,0.9801368939205346,0.9003889724410159,0,4,0,3
0.9108588160525704,0.7381912756931349,0.462241311664078,0.488271301346213,0.1603562427830018,0.9567106143474692,0.9628299484622842,0.4911748684709998,0,3,0,3
0.9152710534412156,0.7383107642963477,0.4625268541064393,0.4668642450233933,0.1628005307863413,0.9513454443146584,0.9480327865519692,0.4835624355995032,0,3,0,3
0.3124839850802723,0.3718814261423803,0.3857978920336962,0.9854023081538154,-0.0002477998505697,0.8693616582918906,0.9731459600477556,0.9062304099471874,0,4,0,3
0.3159290641070945,0.3694083537030927,0.397577126485404,0.9916465739868664,-0.0020001150374757,0.8726981226775726,0.9887529693205396,0.908391221299323,0,4,0,3
0.6916340554492018,0.9797473968281076,0.2865800959399747,0.4834128416814804,0.3224150469387494,0.4457239852288314,0.7947793929889879,0.3924948302098285,0,0,0,3
0.9087557098970636,0.7390038427382115,0.4536174448507616,0.4803496533794912,0.1543169513031818,0.9604592087353526,0.9551412637641588,0.4799226251360882,0,3,0,3
0.6869527818043489,0.9608888900238224,0.2981639586908294,0.500983283789166,0.3160838880687341,0.4346703369329593,0.7922696789187799,0.4054514933195678,0,0,0,3
0.6952016158280884,0.9826958882258404,0.2841490366242087,0.4827254184698762,0.3149820883327139,0.4384168163478948,0.7962561753239237,0.4018643531096552,0,0,0,3
0.6818364312390985,0.9760975218503756,0.2987118223471282,0.4884048842453837,0.3284837451133062,0.4481774403759135,0.7935712243932455,0.3908576999697686,0,0,0,3
0.6965162007344042,0.9896976233540248,0.2989326373864786,0.4710805927020665,0.3009050804029791,0.4472671035239791,0.8026264040992822,0.4055230080466433,0,0,0,3
0.6852165294987768,0.9758369502487212,0.2799032612246126,0.4934898046742108,0.3221415068606335,0.4490596835411993,0.7883578320007626,0.3989262934166057,0,0,0,3
0.3189566355383971,0.3829076192804009,0.3837601651282849,0.9696876560407744,0.0253105715447286,0.8713132743004864,0.996171400443478,0.8997452308131478,0,4,0,3
0.6895432665604073,0.9778616812665798,0.2871181121556599,0.4863202381096547,0.3184040176059491,0.4435275579962688,0.7913608194451746,0.3958898184785825,0,0,0,3
0.501412550079818,0.3682140023118343,0.051840935444068,0.8689121310475117,0.1770467335723733,0.2587439937145405,0.4434186357405597,0.5345383996911834,1,1,0,3
0.6795438476820749,0.9958727207948328,0.2954084366027969,0.5098734487242618,0.3157963193952272,0.4240497277053179,0.7924653223958731,0.3763413051438685,0,0,0,3
0.9107412027263764,0.7369481896300956,0.455873056326593,0.4790796545829922,0.1570610210991798,0.9587394566876634,0.955019478956417,0.4794164415728978,0,3,0,3
0.5081075124234145,0.3657766414506311,0.04278162048277,0.8705143768027797,0.1864812477145636,0.254209408116155,0.4464075583457103,0.5305854928688299,1,1,0,3
0.3007971945074625,0.3799260806446746,0.3874309751052956,0.9808208375135872,0.0133856347895838,0.8649967543476612,0.9775625067327852,0.903310541326736,0,4,0,3
0.3198290633821703,0.3645648126367399,0.3959450139119221,0.9916228261264012,0.0063576350413886,0.8528975973662745,0.9786266091910648,0.8976474329650903,0,4,0,3
0.9117846436476732,0.7379440536343769,0.4521277523776924,0.4878274899167528,0.1560377645363898,0.95946528953684,0.9535263050963112,0.4825380504306862,0,3,0,3
0.7019870740438092,0.9815135040289188,0.3009938474061631,0.4830448756403975,0.3195519674551451,0.4364823447189835,0.7894224742958471,0.4094186029132114,0,0,0,3
0.9029685600835764,0.7313170091354556,0.4475130875240847,0.4658682473728083,0.1626963837351469,0.9452534904309468,0.9544479326575878,0.4664076705153523,0,3,0,3
0.3195020933586019,0.3950592620053831,0.3580735324634284,0.9569130326879568,0.00511357622931,0.8892988313032925,1.003423700416667,0.8810256529284415,0,4,0,3
0.9029181285614704,0.7335679971281736,0.4661514295785713,0.4781258481068052,0.1689185125637726,0.95723957131685,0.945401989788216,0.4901190703131235,0,3,0,3
0.9082782405186042,0.740536583212926,0.4565776061256499,0.4794016367243223,0.1548880117750265,0.9615289294494316,0.9568340979233786,0.4810824132582308,0,3,0,3
0.3035188643045207,0.3790938965031725,0.3896724858780869,0.9821549893158918,0.0101810164139328,0.8642889477169835,0.9805635793794192,0.902343702365468,0,4,0,3
0.6912392874863929,0.9749392571773816,0.2822755281815149,0.4879217931116847,0.3172020560518066,0.4406136807779662,0.791299319193941,0.3935221826705636,0,0,0,3
0.2950870256344076,0.3845895279874141,0.3888299248692878,0.9863948869073852,0.0107959177952466,0.860667166907755,0.986928979561438,0.9099373639696324,0,4,0,3
0.695089975964966,0.97914530336382,0.2930015842732677,0.4848792714441869,0.3214233616443038,0.4382170445955949,0.786573557617788,0.4001544527220762,0,0,0,3
0.7162502881593727,0.961646957709666,0.2840226830527864,0.505236992006577,0.3115673335304809,0.4425941172187257,0.7661544707400932,0.4233476768933978,0,0,0,3
0.3087689068094211,0.3773760827231463,0.3916218675111605,0.9813006231430498,0.0197679635279163,0.855221918001954,0.986524534298645,0.8933114109239283,0,4,0,3
0.3055708817982041,0.3782607874181232,0.3919456207852949,0.9846258873555797,0.0072556399281493,0.8664235776734737,0.9775528336486436,0.899483407434453,0,4,0,3
0.3021618806386857,0.3784781085159487,0.3959064748869827,0.9810397927122824,0.0103879778388923,0.8674424335195765,0.971925702926236,0.8913147910228548,0,4,0,3
0.692410133500592,0.980161461975645,0.2840219599231348,0.4813710507986112,0.3174949050652791,0.4431861251359894,0.7868091039000931,0.3951537172287383,0,0,0,3
0.3020734063136064,0.3744398191800858,0.3952145342127188,0.9818852491103134,0.0034933903289824,0.8607638132234414,0.980224659093129,0.905512808607488,0,4,0,3
0.9048888436211834,0.7356345557698614,0.4530635523073993,0.4815688265600318,0.1580605237169112,0.962425439888415,0.9555698001955948,0.4810190214761182,0,3,0,3
0.3035574701361513,0.3787450233832653,0.3903781984558622,0.9824169299433084,0.0097512744123659,0.8644283989459515,0.9801158698455036,0.902209175657338,0,4,0,3
0.693381847579516,0.9732531135096766,0.280860094408743,0.4906949260226365,0.311762355726809,0.4362260273144821,0.7884044815727108,0.39099295480423,0,0,0,3
0.2801956404036381,0.36698152404255,0.4145981197246673,0.9892142695280616,0.0322376122357261,0.8850341180852537,0.9756531293960016,0.9228517458829072,0,4,0,3
0.3003814736246558,0.3766164376939639,0.3927615919271097,0.9781084285724192,0.0107543621189159,0.864042173963207,0.9778229297900068,0.8980005599569774,0,4,0,3
0.905901338442448,0.7366991380418746,0.4646123370974277,0.4914253673009112,0.158487451415398,0.9732823234520422,0.9421051171689212,0.4906754083794679,0,3,0,3
0.9113782433408756,0.7331906372885246,0.4565803516577971,0.4782295752049932,0.1539453048115519,0.9625344488044788,0.9558124074068592,0.4806152647897247,0,3,0,3
0.3042048340318246,0.3778625023538662,0.3899917996219533,0.983611189925344,0.0106988670544116,0.8635151610310321,0.9807334039998618,0.90247277596695,0,4,0,3
0.9006345556440782,0.7329987832305476,0.4604452593319624,0.4770049843853625,0.151605227759368,0.9533031753830702,0.957002737141208,0.4856889158145916,0,3,0,3
0.7072695331593565,0.9600116885413272,0.2678818595502265,0.4660656431219099,0.3199216188359985,0.4396978619017972,0.7808797573966324,0.4042206853778054,0,0,0,3
0.9059826039943514,0.7339249770260493,0.4565600494308319,0.480239971515197,0.1533344232117777,0.9611556300612344,0.9542059701211216,0.4798060573009088,0,3,0,3
0.9070705728610536,0.7483102320726738,0.4594997869291612,0.4736394163598576,0.1474146219288665,0.964592870279255,0.9557826185316608,0.4789403418335556,0,3,0,3
0.2975099083250418,0.3749678406018996,0.3997600531999563,0.9846227526200088,0.0037268318166186,0.855343695569521,0.9691692279996938,0.9051909723615376,0,4,0,3
0.6937877030806259,0.9765366283490708,0.2770995423564885,0.4790091738397634,0.3069385659493837,0.4554242686444161,0.7899759723338916,0.4105494210097892,0,0,0,3
0.304408916923137,0.3786566890843711,0.3832089281910656,0.9927842146112856,0.0252183638375731,0.866338536551537,0.9769454517919088,0.9119587987435512,0,4,0,3
0.9072273655201252,0.7427460791577343,0.4572888132929394,0.4856357904570522,0.1579652867202267,0.9598571312640012,0.9550250156360878,0.4833616982228237,0,3,0,3
0.904286817121864,0.7368788102929689,0.4577969988038365,0.4792970744699332,0.1539625241266247,0.9610500067284744,0.9573214446769044,0.481292272256714,0,3,0,3
0.2876744061685181,0.3847301865536389,0.3958017813547153,0.9770968235508056,0.0060025705912284,0.8507819103189858,0.9645729088491828,0.9039944927174292,0,4,0,3
0.910778304779497,0.7455054070179912,0.4572350382045265,0.4908868573361351,0.1619208637658581,0.9666050841948388,0.9534114918496808,0.4896755820732557,0,3,0,3
0.3001098094132695,0.3773391862586829,0.3861549452164894,0.9799252511289815,0.0035257582469004,0.8693150272651279,0.980935097286228,0.9055240915776211,0,4,0,3
0.6922148848489835,0.9621388508601804,0.2985021759502542,0.4907876459148917,0.3182883831205863,0.4295845633051344,0.7775946037850763,0.4001440597666067,0,0,0,3
0.2944706576092576,0.384001863052577,0.3954124587341627,0.9758744990163976,0.0099319537151476,0.875662104204835,0.9926051196292952,0.9102409644227506,0,4,0,3
0.3063420346156305,0.3722577696154411,0.4008747714825437,0.9795157377036176,0.0128902756853772,0.8718893440414633,0.980735773140856,0.9112899995954732,0,4,0,3
0.3103340141006497,0.3540800957072691,0.41191050520974,0.9768831890478448,0.0065824764494465,0.8673117351402934,0.9870571544979564,0.9255289237643312,0,4,0,3
0.3045930894845743,0.3776601451719583,0.3914576114052094,0.9835648799677122,0.0097004161878532,0.8634599244071568,0.9799426378470688,0.9026197188512828,0,4,0,3
0.2890441692906756,0.3857166141663951,0.3787684969238238,0.9717001117606442,0.0056866717453749,0.8643814479056889,0.9723080329911484,0.8871866837687096,0,4,0,3
0.6776567730200378,0.9915556722598864,0.2981470735654385,0.4780826997912846,0.3053713505673288,0.4434125645248288,0.7829168902600478,0.3858691111817552,0,0,0,3
0.3000983638635544,0.3751378698307642,0.4019273322950256,0.9793893146995688,0.0182701998587566,0.855466577230688,0.9740851975118192,0.9045049722077746,0,4,0,3
0.907019941480291,0.7364433099557259,0.4556804365691889,0.4827377994498191,0.1548011405758609,0.9587127934602044,0.953960183389111,0.480515898417869,0,3,0,3
0.6949470061266999,0.9852213774513628,0.2846325536879612,0.4906113227600582,0.30838836956957,0.4341212595327253,0.786163926648153,0.387546800843222,0,0,0,3
0.2991259306445837,0.3759454271287011,0.3859876843442081,0.9843212596321536,0.0128435350731459,0.8664404064254665,0.9822492929350636,0.9040040333609564,0,4,0,3
0.2954260477551416,0.371980609222835,0.3884432608783363,0.9909674193758572,0.0136862042214583,0.8653620934129453,0.9807726445757752,0.9050089423652492,0,4,0,3
0.6916129115573294,0.975043515961174,0.2820615798261432,0.4798179309351328,0.3180526735708402,0.4476649904316772,0.7943126754393766,0.4028777016266585,0,0,0,3
0.3173512405096611,0.3704287998595339,0.3866404687922174,1.00682807016613,0.0086163872862794,0.8416713952452506,0.9671354695156174,0.9045900026822944,0,4,0,3
0.2818976479687347,0.4031552644227563,0.4029985797025052,0.988250922529418,0.0181782356800071,0.8572290940877478,0.9689724277053636,0.9071879805918448,0,4,0,3
0.6893288991630364,0.9798773607843612,0.2798450413426339,0.4849516841315769,0.3144908334949768,0.4387859382988321,0.7866119597638046,0.3960217819662516,0,0,0,3
0.6834746348360727,0.9725488537392836,0.2777552307219277,0.4856363745966818,0.3130597784721872,0.439743062614326,0.7919647002355887,0.3949315388131846,0,0,0,3
0.9051864674122276,0.7379919762221452,0.4666917084969972,0.4742789825603459,0.1651460719308624,0.956266941804239,0.957930249165967,0.474820666398759,0,3,0,3
0.696108968882823,0.963231953771671,0.2650173830826948,0.4952585048717197,0.3355324012465688,0.454984632805121,0.8043385002330697,0.4052268658823739,0,0,0,3
0.3158185228915095,0.3900356337633748,0.3954510518410432,1.000135484258735,0.0212786123324652,0.8496496210272743,0.9934179377824588,0.8894460970772424,0,4,0,3
0.3043661717569347,0.3776560638649507,0.391920352017271,0.9842357979654536,0.0089881144591641,0.8619921641779341,0.980981306545584,0.9048075024449372,0,4,0,3
0.305394647870338,0.3778527403073958,0.3933323903722122,0.98503100299201,0.0082588545422042,0.8636069799303089,0.9798161014117672,0.9038461585521164,0,4,0,3
0.6880722551697432,0.975931737770618,0.2863440637640445,0.487898128294859,0.3159891691021642,0.4434152846757409,0.7865152260493565,0.3981555449343501,0,0,0,3
0.6937810679958663,0.9605923839302702,0.2880761330952871,0.4734649558937104,0.3172766311603092,0.4280961584472144,0.7798102801757831,0.3866511998956467,0,0,0,3
0.30536624489503,0.3836658942630045,0.4159867174593986,0.9649468893009456,0.029249957367111,0.8819533333154068,0.9592623293675088,0.8779013718429016,0,4,0,3
0.6885852012465505,0.9734764182916186,0.2866703885129976,0.4885185261588439,0.3109451431168633,0.445244625021982,0.7888542500360289,0.396590939222914,0,0,0,3
0.901397331148381,0.7380729447601049,0.4535331533059815,0.4809596892700576,0.1523780197764639,0.9558302759174506,0.9577093523115984,0.4807601627825607,0,3,0,3
0.9047297116148916,0.7317254161371121,0.4557860236088157,0.4853542971306233,0.1529177109218601,0.957212937888788,0.9561384031873048,0.4811384120502049,0,3,0,3
0.9093388512332148,0.7369978327869302,0.4504947699220478,0.4900147742615555,0.1599081215795918,0.948594269521806,0.946060454313822,0.4759524227293734,0,3,0,3
0.5114061039440941,0.3599107919368964,0.0454678168271287,0.8756482495074838,0.1871268091751437,0.2466689016238069,0.4464879212382773,0.5301388305309257,1,1,0,3
0.6854882387998029,0.9500799245260588,0.3057450683730844,0.4794817692231611,0.3203022015276298,0.4246852471598505,0.8056276613392421,0.39146130806491,0,0,0,3
0.3093204922580861,0.3870656280927375,0.3934957189391745,0.9804874078138874,0.0134906163201232,0.8652144173109488,0.9614587487002773,0.8928164301494543,0,4,0,3
0.6791924722291351,0.9896144351518325,0.2940371640072045,0.4763160330405128,0.3085458968082263,0.4332811919490545,0.7895577159652384,0.3814331851067696,0,0,0,3
0.3065064945749085,0.3724663597718985,0.3887490287974965,0.98459252002231,0.0083666183706626,0.8682979725549331,0.9808323863399084,0.9047793754136972,0,4,0,3
0.2923311211600751,0.3801917652587503,0.3898961707378485,1.000862943256946,0.0068252903893687,0.8610886038927612,0.9634942303007448,0.9196470536451612,0,4,0,3
0.6869715081275674,0.9761146470069898,0.282505019488528,0.4890328515132768,0.3163164049224827,0.4412144609056103,0.7869322687234672,0.3941158085963961,0,0,0,3
0.301309850278018,0.3826399390106826,0.3831511642844881,0.9837497044192202,0.0047536330903785,0.868103891469979,0.9839203915138782,0.9054252482579924,0,4,0,3
0.2966145716224654,0.3644852962960294,0.4105313894322225,1.0033419784856317,0.0118946209113384,0.8753282606374946,0.981136040509563,0.8998535301467032,0,4,0,3
0.3113836601882028,0.376619283251793,0.392706865765327,0.9775772231056264,0.0083498726776693,0.8486753507574863,0.9905826826535856,0.8926312205599312,0,4,0,3
0.7144652333495307,0.9774707632070102,0.259284624710273,0.5130472199650028,0.2971529136265147,0.4520353465711969,0.8071761865063054,0.3713546869008699,0,0,0,3
0.9050995408546836,0.7306422839316934,0.457104156479269,0.4825418671649705,0.1558468349782572,0.9563516308438886,0.9491252908058404,0.4820680773069606,0,3,0,3
0.511276848864903,0.3565504980685994,0.0461471152671342,0.8725313492776215,0.1884585697963641,0.2448345013101856,0.447152853833632,0.5358832333028964,1,1,0,3
0.6755482808339909,0.9901021521800548,0.287382018937883,0.512009980869441,0.3188990569209178,0.4229564283542906,0.7908884582139373,0.4227464299771198,0,0,0,3
0.9013598304058008,0.7362157904813753,0.4604642986402568,0.4855672259521568,0.1537327417907964,0.9567749591540248,0.95665041840638,0.4770702942106902,0,3,0,3
0.6860707718558667,0.9776046433863902,0.2802326431707435,0.4902906441038377,0.3181440176380748,0.438752327653918,0.7838640400537698,0.3914032024537849,0,0,0,3
0.9038681741169136,0.7361331168488693,0.4564523058340822,0.4810891780135117,0.1530114944638012,0.9577257501361246,0.954413884339755,0.4806559551449907,0,3,0,3
0.7989247515839422,0.9624131274818142,0.250873746798503,0.2063921522663944,0.103009576273237,0.8466067341972614,0.3948974763880737,0.0092467279528794,0,2,0,3
0.3215351298506919,0.3920759610977187,0.3873439446170879,0.9994422811986649,0.0239255306982106,0.8511079413461352,0.9933711873112738,0.8945516891562962,0,4,0,3
0.9047353694096976,0.732177143451996,0.4574885866195365,0.4827162211930837,0.156747109696744,0.9585807779271625,0.9526882973716896,0.4800716311851242,0,3,0,3
0.6884857578159551,0.974581928400217,0.2791465825634077,0.5103585414898609,0.2984637667323058,0.4540612304331888,0.7877161790026709,0.3991193957035265,0,0,0,3
0.6881174459425039,0.9923356242429991,0.2750247931786437,0.4860401574416036,0.2977754397080773,0.43816016598088,0.7906921707067395,0.399152647213879,0,0,0,3
0.5234958707874267,0.3544236682759316,0.0433360484438484,0.8760578949704244,0.1728033947901134,0.2426759630407857,0.4510121289440679,0.5326369651392703,1,1,0,3
0.6841658601658537,0.9851722968288228,0.2814720025712922,0.4870227183906184,0.3028793368119408,0.4466963292915039,0.7949064164516526,0.4012499088608252,0,0,0,3
0.6810761627105387,0.9765174564064026,0.2897066047326445,0.4890459933266476,0.3136020552763209,0.4481679763151993,0.7958385781131587,0.3856957822064689,0,0,0,3
0.6684023438084234,0.97792244488273,0.2883151760737955,0.4994345668062591,0.2965867277425786,0.4593222957381936,0.7917945520460721,0.4130221120145168,0,0,0,3
0.3053422292242758,0.3732020979424043,0.3911146300059815,0.985501691759626,0.0119209419169757,0.8613936556912183,0.9816337935096592,0.9032379444269232,0,4,0,3
0.6885388719338933,0.9780769375676512,0.2842771614885478,0.4931396540376861,0.3193205712102755,0.4395857046619157,0.7889819065649777,0.3914357348190504,0,0,0,3
0.7078145223633746,0.9563407012732248,0.2679936737318595,0.4819903773132368,0.3303668926102718,0.4444387824485836,0.7948483164824807,0.4066658034696104,0,0,0,3
0.3041172958164809,0.3725104104279418,0.3980023871827146,0.984736373317288,0.0113439073946786,0.8663313634641554,0.9839981428522376,0.9064023647396108,0,4,0,3
0.6789322732232395,0.9801798574375912,0.2832415557939238,0.4881450062790346,0.3169968691102209,0.4387096667569654,0.7928224232061624,0.3983735695539036,0,0,0,3
0.6636791912681353,0.9676626586397232,0.2720670489384434,0.5001788569404623,0.331166649779989,0.4472735935604125,0.7871309699361344,0.4127581012351218,0,0,0,3
0.9103678215761996,0.7268023585414698,0.457819123177688,0.4870032180174528,0.1542200850657909,0.9585928413300626,0.9448587137181084,0.4746781110377082,0,3,0,3
0.8997541145057826,0.7328638239783472,0.4538069843295195,0.4788795727654732,0.157046768466031,0.9510883563118944,0.9490589398465888,0.4763106919677181,0,3,0,3
0.6829701609729923,0.9719271981361488,0.2817362303466344,0.4865967486356064,0.31173568345484,0.4402735520322653,0.7838274266909054,0.3943244357370904,0,0,0,3
0.3125921479259141,0.3775700366610361,0.3934647054056778,0.9815837183533586,0.0143122992899609,0.8623679064025482,0.9803734762002516,0.9071631834782542,0,4,0,3
0.5083567626902058,0.3548956455186936,0.0440097864202894,0.8752066889342446,0.1812042589416695,0.2385556810694231,0.4478523816278872,0.5247696665161252,1,1,0,3
0.6832771976942034,0.9818954498727692,0.299512153928016,0.4903403473864716,0.3312656198594829,0.4401782673562499,0.8021871317776111,0.3885667986190648,0,0,0,3
0.67049259358619,0.973384083347838,0.2889059158143591,0.4698954275829887,0.3020938809728219,0.4339395039039387,0.8005475124314829,0.4150714344481143,0,0,0,3
0.3047709594419855,0.3699156100473789,0.3997242936573689,0.9815112286314271,0.0113437092598247,0.865258722220105,0.9796504734848192,0.9016369292219456,0,4,0,3
0.9040041493605938,0.7324199975716729,0.4590141862688598,0.4846012382903391,0.1550905787104307,0.9564554643600276,0.9511932543750204,0.481857635045442,0,3,0,3
0.6677099576717828,0.957463935348238,0.3040470283907162,0.5100894825291238,0.2913108539037372,0.4254547923025226,0.777431809900545,0.3784542596100047,0,0,0,3
0.6840698039658806,0.9747471826705454,0.2817794276969966,0.489576768977059,0.3139811336851673,0.4409797208086879,0.7856804842492674,0.3940580766008024,0,0,0,3
0.6801681338099755,0.9767987114735884,0.2765336243100708,0.4886337923179638,0.3188389887546053,0.4446358623689656,0.7862781970387434,0.3955607159151228,0,0,0,3
0.3039858208981246,0.3866544624134188,0.395945007441108,0.9945857947841102,0.0001709906865655,0.850410736169776,0.973204433512788,0.8938087020856009,0,4,0,3
0.7029161828245098,0.9593992681568356,0.2947724718893257,0.4811326735320107,0.3024359399280456,0.4436369800382769,0.8041190514175146,0.4098278434114228,0,0,0,3
0.3078774731005705,0.3742594911104279,0.3964603198623164,0.9873699883262184,0.0074249970628587,0.8624504194000602,0.978620209052613,0.903795574360761,0,4,0,3
0.6827380161771274,0.9663135535659998,0.2869580470904889,0.4700218666322633,0.3243927465410242,0.4376212721680954,0.7921116178950703,0.3927412046552397,0,0,0,3
0.9045139338249047,0.7335471364369978,0.4592833261275243,0.4836866720429563,0.1573246899195888,0.9573447721968036,0.949653653178414,0.4818720138781741,0,3,0,3
0.6811515248630517,0.9696670190311651,0.2843125383185063,0.4941480226334991,0.3190614736500013,0.4415443297766308,0.7900131174779587,0.3917209187025054,0,0,0,3
0.3102732597338903,0.3788285818423643,0.3999691135097327,0.992146435058944,0.0145576597359322,0.8688161100757728,0.9726894024589832,0.902683692650889,0,4,0,3
0.6786340275991909,0.9770211440360984,0.2804870790750742,0.485980454112182,0.3207642297478701,0.4423591506145698,0.7772770182917146,0.3953031192785606,0,0,0,3
0.3022460160669541,0.3632381882875793,0.3757898883742187,0.9811372496270988,0.0094208490507084,0.8741326189182684,0.9733064302594768,0.9000519784900026,0,4,0,3
0.6950966974633422,0.967993384069551,0.2814587107551151,0.4992295538652913,0.3016616301372946,0.4400066719892092,0.791132195310736,0.392276126343679,0,0,0,3
0.9043820161721706,0.7317082622956178,0.4604480032158934,0.4851942516680804,0.1558695039869002,0.9561748388342034,0.9511551586613136,0.4818631357546981,0,3,0,3
0.6925936993070524,0.9571698535113082,0.2869223635548347,0.5059239502074578,0.3088341528416189,0.436214159024907,0.7695238305606914,0.3945008290556306,0,0,0,3
0.6838194738959754,0.9742101718670804,0.2806350892755795,0.4892320414035915,0.3139395131597083,0.4403549784326818,0.7854547960414683,0.39451127707991,0,0,0,3
0.683972766165186,0.9741741156428756,0.280552816564528,0.4889330971470559,0.3139068600992076,0.4406033455436998,0.7855814924763626,0.3948756344560709,0,0,0,3
0.2949186265999002,0.3786508593078124,0.3859125773171278,0.9757219758912606,-0.0052787715229323,0.8649220064962218,0.9717717106521248,0.8988215924903323,0,4,0,3
0.3078786559011006,0.3740008633521716,0.3964650994209273,0.9875500881742112,0.0081489253488156,0.8616528393737974,0.9790015852639152,0.9038961722546084,0,4,0,3
0.2952247238518081,0.389038194654944,0.3944106773229598,0.9926874628676348,0.0289709478845518,0.84965404529977,1.0045764451247663,0.8914305675252209,0,4,0,3
0.6904876554205689,0.9602768743626854,0.2665491062536885,0.4734622950893017,0.3027448026801985,0.4526509216547348,0.7783614422533152,0.401072381995075,0,0,0,3
0.3097657312981592,0.3706594584232744,0.3988500164171168,0.9932079805028152,0.0044263318341698,0.8626265057682917,0.9810001213225078,0.8984380685672164,0,4,0,3
0.6837523610454338,0.9738767756544636,0.280292607145752,0.4895733523845742,0.3135141878196792,0.4404086238867322,0.7850375351279562,0.3943179257132418,0,0,0,3
0.6864785056590302,0.9929129344291904,0.2688036215501975,0.5080657078192518,0.311850754748698,0.4261396906546668,0.7669700384493886,0.3841940198058128,0,0,0,3
0.3161020848465681,0.3551056456166171,0.3765348169508467,0.992567563896416,0.0151153624145797,0.8602319982546537,0.9846935133872942,0.9183267566828734,0,4,0,3
0.6844721239278646,0.972885315466562,0.2802592659584967,0.4893557789531506,0.3140256566117043,0.4408828845437773,0.7855357882199504,0.3949096418719768,0,0,0,3
0.8887086700028909,0.7182088127930214,0.4501199512922843,0.4933909625524792,0.1586894451413212,0.9521331128710862,0.949611457622235,0.4722175777722823,0,3,0,3
0.3082229185697654,0.3739224503235154,0.3968263167403738,0.9881831267380584,0.0079153990153203,0.8615025294925922,0.9787026596668844,0.9038167820987228,0,4,0,3
0.3087763607988825,0.3763822481088488,0.3978624635399849,0.9866006376399888,0.0119612684089243,0.8638745018985007,0.9770252358256658,0.9070890494232332,0,4,0,3
0.689648118982018,0.9638773330279586,0.2834043089555582,0.4973046298041975,0.3053346968190459,0.4308121628690781,0.7935795111813124,0.3997765398483865,0,0,0,3
0.6967522482130708,0.9908590595858608,0.303705868055182,0.466557559004272,0.3395841438629388,0.4561558280715385,0.807283790552992,0.3960134538752344,0,0,0,3
0.682760925072108,0.9780505245419174,0.2761201213503858,0.4953739340930709,0.3074272412772917,0.4455954283526794,0.7888836305478437,0.3969503792028975,0,0,0,3
0.307781698386637,0.3671614635067179,0.4047821429229927,0.9954716757614142,0.0022544750507635,0.8615886344437261,0.9803811117871994,0.9108448007446768,0,4,0,3
0.6812765200762947,0.974520098355348,0.2826749114302387,0.4912586567001919,0.3164298097828051,0.442506253332687,0.7844868149024619,0.3947039465384521,0,0,0,3
0.3028536143825071,0.3744280330231775,0.3941576357979178,0.9798359068339504,0.015854821984438,0.8591004127819685,0.9734990600343996,0.8953290530063511,0,4,0,3
0.3072325198809861,0.3724696892671891,0.4006619474779186,0.9908993515198762,0.0109191525706441,0.8616385194795013,0.9811676984216824,0.906165890847783,0,4,0,3
0.7901316575082505,0.9639476529229486,0.253973732916978,0.2256325734952161,0.1036610086327383,0.8466976388230579,0.3876991607300827,0.0033875560951946,0,2,0,3
0.3191506120073258,0.3675146520409456,0.3961527494820904,0.9853749234880516,0.0198187172431897,0.8508906126791715,0.9644491010787856,0.897071506181404,0,4,0,3
0.6708502822556371,0.9680972770752172,0.2911440299588705,0.4890398909314123,0.3195044527281843,0.4445180300158544,0.7860301281521802,0.4019774082390216,0,0,0,3
0.3017642281472937,0.364896009639498,0.403968510926818,0.996639406865906,0.0030552497819756,0.8550756170334659,0.9759463027409568,0.9029814285862038,0,4,0,3
0.3082897760931237,0.3723796343439656,0.3994231799459705,0.9877960031151496,0.0092671377661756,0.8594728917670232,0.978038814730286,0.9052799798433828,0,4,0,3
0.3062734839435233,0.373895934423327,0.3994914203988047,0.9892075343240998,0.0051072399923865,0.8601223663965063,0.9769899752815494,0.9012664861135884,0,4,0,3
0.2972092589513832,0.3819498300308031,0.3916044197747638,0.9978633701722875,0.0004000844188015,0.8607214220738255,0.9886924823449936,0.9068174463937984,0,4,0,3
0.3090267152661425,0.3759610690719823,0.3945778773184492,0.9872124356626664,0.0110286970154491,0.8593326647515533,0.980125821226706,0.9034396460189712,0,4,0,3
0.3076246583116277,0.3576797044084134,0.3945147847462144,0.9751012818936486,0.0205737857131633,0.8480465536519426,0.987166712654432,0.9038860483576028,0,4,0,3
0.3087500519765404,0.3728046675875436,0.397878202115705,0.9890430622751047,0.0073927867314518,0.8608680748560438,0.9786599374553656,0.9041940026139754,0,4,0,3
0.6591738051144098,0.9961778588001168,0.2643417733316247,0.4656849507204568,0.295241227045286,0.4719794197516549,0.778632675536776,0.3965070090512512,0,0,0,3
0.8995150564627632,0.7359339510467483,0.454387403810951,0.488273758599889,0.1503842834311106,0.9563564621985172,0.9547278764263109,0.4961313864717905,0,3,0,3
0.910527326073468,0.7291550091513029,0.4664402051343508,0.5010225270044956,0.1542850283754913,0.9699402823981544,0.9554537035292114,0.4772962660584189,0,3,0,3
0.659124502659226,0.9635440789044925,0.2944382566372355,0.4783943490158745,0.2859023325838894,0.4498240881482304,0.7694864300048356,0.404786064511131,0,0,0,3
0.3192083093870762,0.3679026124698251,0.3992536242145527,0.977281297915231,0.0094165125575031,0.8487066495219456,0.9698427420886846,0.9158758177000996,0,4,0,3
0.6793401485595626,0.973445352583556,0.278382689003805,0.48807060847864,0.3104030483077905,0.4395915590591192,0.7868425720326759,0.3925175095268078,0,0,0,3
0.6555511869215089,0.991677083240937,0.2576738799878111,0.4844181803687977,0.3212218859759221,0.4384607402497241,0.7657715783594493,0.4055789437476993,0,0,0,3
0.9065772223017275,0.7361384107621791,0.4574214226007441,0.4827075207046443,0.1521151265716862,0.9543386064097592,0.947413002512238,0.4822230948638097,0,3,0,3
0.3039359850821356,0.3766926357309732,0.4042955463211586,0.986245079790557,0.0021594611036344,0.8565863434106923,0.9823250077107216,0.9099786775457752,0,4,0,3
0.6838538371122098,0.9723718609253396,0.2772930209299113,0.4922995453586324,0.3120606757555039,0.4411244205095869,0.783029154329089,0.392734026285877,0,0,0,3
0.3123800862575642,0.3728507997227238,0.397088294702961,0.989735197511851,0.0093344922091569,0.8611626407291475,0.980642781916256,0.9060443112844478,0,4,0,3
0.6865838223120065,0.9801246053142068,0.2706338217360518,0.4925802060716301,0.3111563233213329,0.4360835603364348,0.7760857932687187,0.3916568592460013,0,0,0,3
0.3111518586960647,0.377077470724342,0.3909927268096289,0.9848668862138192,0.0081045643138915,0.8684602510490514,0.9879580016540812,0.8978897287299505,0,4,0,3
0.305657372259206,0.3712969769338981,0.3928382546158793,0.998091616917122,0.0118411198952409,0.8721052275186096,0.9695666919850202,0.8991619020980078,0,4,0,3
0.6869536782177886,0.9719268155417332,0.2887892514433116,0.4895211036003022,0.3056949593428812,0.4322781582644361,0.7823403647629977,0.3855853370388552,0,0,0,3
0.9129381522871466,0.7286755783007933,0.4671971548331002,0.4933476959842943,0.1639149531118473,0.9551140002858894,0.9487829580770496,0.472792526129663,0,3,0,3
0.3079652654409021,0.3748781873255294,0.3969926186533848,0.9880769947356548,0.0084008844756261,0.8630466289031001,0.9777676437173396,0.9022419260997038,0,4,0,3
0.3164224448967382,0.3852240726721935,0.4059799979975912,0.9845044262570168,0.013884277238495,0.8539326314301945,0.9884613026084352,0.9206534010867224,0,4,0,3
0.6821230950880042,0.9731858145986176,0.2781480665104907,0.4911265297619549,0.3122185640685272,0.4394910354284315,0.7826832219349575,0.3933406549660139,0,0,0,3
0.512907373594792,0.3517486624604882,0.0473098102109737,0.8784671045512205,0.1836998407724704,0.2396545040187264,0.4434560637895006,0.5378424740690682,1,1,0,3
0.8123601584387466,0.9832494298032124,0.2481708461564004,0.2278886464471817,0.0865344374821376,0.8394490435501282,0.3800968834420188,-0.0078149980102323,0,2,0,3
0.3007918397135202,0.363530668561256,0.3940746928708841,0.9930690134393582,0.0048940110965942,0.8553692698631858,0.9748550439967264,0.8972506892001981,0,4,0,3
0.2734465646691971,0.3943176834119937,0.3618974729622718,0.9825193230753596,-0.0118604938148421,0.8335939426415042,0.9864840466211756,0.9076918296098436,0,4,0,3
0.6785030653162657,0.9772669311584145,0.268930295611933,0.4915942619521795,0.3045259412767654,0.4479701592193302,0.7831149604474484,0.3960616178234721,0,0,0,3
0.702223017764049,0.9722882725702594,0.2679486645383879,0.4736988748036503,0.3028975153721632,0.4291623371432629,0.7989413510726829,0.3920496896186991,0,0,0,3
0.309270377582482,0.3862552070383407,0.3948046413598117,1.0003650775608106,0.0244868729229311,0.8588028828935732,0.9939485399994944,0.8998722224504924,0,4,0,3
0.6526123009133267,0.9790845426994892,0.2536690423058179,0.4689714633305396,0.314886660402968,0.4284019444541942,0.7728126229340733,0.418845344059556,0,0,0,3
0.3166637717145728,0.3712605092467543,0.3965564013250656,0.9808861908717216,-0.0009774690146855,0.8675726147554665,0.9842017604308012,0.9121276463392716,0,4,0,3
0.6866498653300491,0.9634121282044252,0.2789693951769397,0.4937993569358789,0.3200381902750196,0.4487977389158489,0.7816070380152463,0.4003574339636827,0,0,0,3
0.6794326803024512,0.9699243914675288,0.2728998494363439,0.4947558157112833,0.3091604130943572,0.4411473560054899,0.7823054876986646,0.3952878723324211,0,0,0,3
0.90693478567243,0.7305500417455375,0.4613493299446312,0.4870121166700055,0.1583691015169236,0.9622685607542856,0.9519563419229362,0.4825709725744956,0,3,0,3
0.6863175411709885,0.9769105686400158,0.2853152130793084,0.4858442850092996,0.3144417190034191,0.4334245462713156,0.7751250727399381,0.3912553699682704,0,0,0,3
0.6884138178581332,0.9671691321863796,0.3016445850130979,0.4812601866926357,0.2919824919797074,0.4234663828930332,0.8095578070303368,0.3803007799618495,0,0,0,3
0.8992875791653935,0.7241892177259162,0.463839914859078,0.484624777611145,0.1538323455740068,0.9514812751189182,0.9468789473221128,0.478490515541059,0,3,0,3
0.5054653639749298,0.3656089533207493,0.0668688149811919,0.8886547221733612,0.1737086575656298,0.244497505260979,0.4428817204147782,0.5539450134357804,1,1,0,3
0.2997929031102589,0.3600284561467249,0.3985381567162431,0.993430474508121,0.003190365944868,0.8714718927257677,0.9789761784720228,0.9133554022866578,0,4,0,3
0.6911081354085713,0.977795672920668,0.2747355285061318,0.4794611284241962,0.3091105125599507,0.4519546600716368,0.7873303509681258,0.3985197755493279,0,0,0,3
0.7758469145418178,0.9561202997514494,0.2505045442592122,0.2441464667517459,0.0950353890163398,0.8144875440426851,0.3787503206848482,-0.005100750470571,0,2,0,3
0.3196972347394451,0.3819370526347373,0.4025923061757533,0.9839117460945084,0.0063910859413752,0.8635927284545338,0.9770592277183549,0.9049429882406588,0,4,0,3
0.6688026211477908,0.9812538642520524,0.2653849251587826,0.5032607490024761,0.297373374923605,0.4321884569520335,0.7944273236188385,0.4044421645276605,0,0,0,3
0.5159291365547058,0.3532797995246681,0.0472719039103755,0.879576074532826,0.1888467922088164,0.2416385819172007,0.4520290188276138,0.5323073186034445,1,1,0,3
0.3108046257070407,0.365351359475641,0.3935993513259368,0.992479013232902,0.004925093364438,0.8592996401988787,0.9718131745112348,0.90541199736293,0,4,0,3
0.3188532243970384,0.381106739317516,0.3938457460743949,1.002653245413028,0.0126549799576157,0.8593410035069284,0.98791260706885,0.8923473373155459,0,4,0,3
0.8994747688496392,0.740558956475145,0.4743141711247103,0.4863132850759414,0.1537846356421892,0.9618362003376064,0.9469673816373972,0.4750034260346945,0,3,0,3
0.8949622802988819,0.7275322744209294,0.4628433615849026,0.4905843767984621,0.1534036647929866,0.9491735369508034,0.9454859089576148,0.4838489516490424,0,3,0,3
0.3092245927681039,0.3634612080969337,0.3986501994645375,0.9977777383918468,0.0023765406672816,0.8514132259169369,0.9841197640652783,0.9058379480429548,0,4,0,3
0.317850408940759,0.3891654455773949,0.4204022123455557,0.9757095202912496,0.0102671992650983,0.8819401441643936,0.9740813388889902,0.8837285128551522,0,4,0,3
0.3061369474256951,0.3702086142327374,0.4208423383738278,0.9731091277731372,-0.0094840504098245,0.8833477809799131,0.9537533822647776,0.927378172293158,0,4,0,3
0.3370207348969803,0.3430207018204817,0.3906821113599689,0.987532580142748,0.005699503537259,0.8503754304675839,0.9506774138737992,0.9001742108332974,0,4,0,3
0.7041223544573849,0.9696959434963314,0.2860816432608377,0.519141527536436,0.3128248025295081,0.4691041258500719,0.7507959150755728,0.4049719164210541,0,0,0,3
0.3110497303102645,0.3696949682458132,0.398556394590553,0.9923934674651088,0.0086300948255396,0.8591463462201105,0.9761224175180686,0.906365304630353,0,4,0,3
0.677352287156208,0.9743529081812324,0.2690385774083564,0.4962568295596586,0.3092819069184618,0.4453544278509272,0.7769198671673502,0.3921210281187142,0,0,0,3
0.67505113688169,0.9694525650239756,0.2708058841497203,0.4929660686438082,0.3137252999726589,0.4444705280732051,0.7806329925241184,0.3936229614337694,0,0,0,3
0.7904455118579485,0.9748233832495394,0.2408464042079648,0.2304515836398217,0.101327602444233,0.8555988845123703,0.3750602599152343,0.0060687628631924,0,2,0,3
0.3093692338385001,0.372793100904357,0.398772644126925,0.990486231655241,0.0074877518557882,0.8607254641769301,0.9762815546700176,0.9052971249675708,0,4,0,3
0.511601188655021,0.3519246012956011,0.0527587200530049,0.8841633292543751,0.1954120433797707,0.2498358166712244,0.449911121248665,0.5310688281922372,1,1,0,3
0.3114756965688134,0.3701418932079789,0.4006683074632405,0.9919828778989652,0.0061016639684999,0.8601807723389394,0.9777186477203584,0.9052645259424388,0,4,0,3
0.3153722900786963,0.3737167454565577,0.4026133887945963,0.995290798036337,0.0053141012659519,0.8614158139001714,0.9867917879641916,0.902338091909648,0,4,0,3
0.7021261691263181,0.967482805536626,0.2875094353115594,0.5126197017614291,0.2998108650728375,0.4429747327517582,0.8049128535283723,0.3758614041722214,0,0,0,3
0.6851305484229099,0.9674491378979836,0.2694088744530089,0.4977338734810285,0.3055810293217919,0.4365147754581966,0.7761940223331628,0.3937796810207084,0,0,0,3
0.6887790129305286,0.9858237775725716,0.2856811025832562,0.4791445407567224,0.2959620377713132,0.4495320979391025,0.7831458633609263,0.3946935515881571,0,0,0,3
0.3375133710996673,0.3798385898187242,0.4072358244384305,0.9818821264834876,-0.0222241531349659,0.8855403065484827,0.9671407676765212,0.8973550270237155,0,4,0,3
0.3189945710453031,0.3859920754719216,0.3993987553984294,1.0064989668903586,0.0051038681743521,0.853664820492483,0.9907020995210206,0.9074587545313872,0,4,0,3
0.5154866037440211,0.3518478011827667,0.0477200832391036,0.8803225396065331,0.190521043557525,0.2404728748803343,0.4526895925378443,0.5315419355049116,1,1,0,3
0.9024370741178642,0.7254970761819751,0.4625976662612316,0.488135065114623,0.1544922425306448,0.9535262713862582,0.9501844930390706,0.4799410453790225,0,3,0,3
0.5096425544634673,0.3594245426880421,0.0533058023966257,0.8886826762248384,0.1813836138402652,0.2480433222984906,0.4450331273887264,0.5271789867695212,1,1,0,3
0.8961847982800081,0.7288554820749569,0.4569396733736079,0.4954315949668265,0.1637199853588272,0.9572373880416748,0.9493732222987012,0.4849445397141098,0,3,0,3
0.7909208649965708,0.9652541159350913,0.2579533472644027,0.210079136632878,0.1061686971270467,0.8424220306173468,0.3843972716310202,0.0138317971922685,0,2,0,3
0.3062163727836925,0.360094635881697,0.4109225914201234,0.9975462901663924,0.0091320066158044,0.8701795193597257,0.979515301408655,0.9123410243155292,0,4,0,3
0.3202526189576241,0.3685721023508082,0.4039735439578185,0.9917206722474552,0.0136756959555088,0.8644693151149484,0.973228277196804,0.8999002901554891,0,4,0,3
0.304498950101049,0.3734497086211024,0.3959176499852203,1.0028629522908077,0.0077255669775772,0.865135885688499,0.9694419208381084,0.9070242759234972,0,4,0,3
0.6849314163479068,0.9730931750094626,0.2787861076844889,0.4960985507914869,0.3046235984239124,0.4433279686535856,0.7809036448513688,0.3877901503341389,0,0,0,3
0.3062072630842798,0.3641118613199762,0.4026030442322011,1.0000690464685449,0.0136881732972132,0.8524419541502722,0.9786373874495168,0.90882371478505,0,4,0,3
0.9030878797521104,0.7168921574746003,0.4678736956291062,0.4948698673480458,0.1600802919109618,0.9471672640786568,0.9529890162522344,0.4814914138531487,0,3,0,3
0.6815722292346127,0.971937651706598,0.2767843735639646,0.4932389088944708,0.3101233136396364,0.4380817851142128,0.7831898446769684,0.391169979073358,0,0,0,3
0.295587013820391,0.3795336172354738,0.4082295321768232,1.0020685152367563,0.0211180601929398,0.8745907998082135,0.9840863337171528,0.9148025672077,0,4,0,3
0.3213122626432254,0.3642318988698149,0.4096715636365791,0.9946237241813348,0.0164034073629027,0.8602134469366268,0.9850721058125842,0.8939616032823856,0,4,0,3
0.67944112257072,0.974577870059876,0.2838330494424186,0.5004155951024685,0.3033972450452509,0.4350455688538648,0.7904552973045214,0.3968130503478944,0,0,0,3
0.6860760040200558,0.963244323054184,0.2689808253888205,0.4857129712709215,0.3132435378721008,0.4309491614592262,0.7876131638718394,0.3967865053259274,0,0,0,3
0.8960075014808789,0.7248975677083497,0.4687265353811663,0.4882575599821914,0.1607932388433584,0.9488220406017044,0.9531277373233704,0.4781826058396028,0,3,0,3
0.3112771126389821,0.3781457206002824,0.4078179781111144,0.9996777877876256,0.001301677860237,0.8524344183973226,0.9879955064486086,0.8961916443725467,0,4,0,3
0.3275947299107199,0.3629772343243903,0.3793444162805726,0.999555392635516,0.0049549551770544,0.8771996088775353,0.9751078705621512,0.8891668258203066,0,4,0,3
0.6751808520339369,0.9642523320802144,0.2761308004160589,0.4991790212656239,0.3048299680755423,0.4458912722217383,0.782524447038412,0.3894259577337917,0,0,0,3
0.6658619611362039,0.9614613069748792,0.2707410882336393,0.5024596755187977,0.3231317397166671,0.424066575123435,0.7851588202108216,0.379461296947151,0,0,0,3
0.5223791825462752,0.356581658575302,0.0495231461445433,0.8857456405265517,0.1989548478579038,0.2534064272910213,0.4539253220097661,0.5255413572031288,1,1,0,3
0.6838979762362549,0.9811588110894351,0.2577329884801307,0.4890433485162127,0.3283024714253552,0.4364576109542976,0.776781174639975,0.3796076975346137,0,0,0,3
0.6918822288932358,0.9671370309054316,0.2692077411912603,0.4906693798035991,0.3145186031318402,0.4346344226924507,0.7803038724684752,0.4002765539067349,0,0,0,3
0.3075269032435251,0.3708419071814324,0.4022850895286684,0.9883398457297718,0.002292306608117,0.8604967161600477,0.9789696189454778,0.906320223887098,0,4,0,3
0.3176895269407283,0.3609483227112857,0.4133146387630957,0.9981767568009215,-0.0033975844771189,0.8614289218487113,0.9669797170581456,0.9055363081140004,0,4,0,3
0.3222272151453476,0.3669160382686988,0.3968194790769102,0.9958391761562224,-0.0026573167292094,0.8527677422757877,0.9910736002750318,0.9052056397110692,0,4,0,3
0.3103034769001434,0.3631602774638168,0.4013373698692598,0.9874284763468856,0.007160300823794,0.855061751749634,0.972661008406798,0.9056680484214296,0,4,0,3
0.2947553131027725,0.3553312338650228,0.4108741257403415,1.0012005407546252,0.0063890015256303,0.8706614714207386,0.9556975946562716,0.9020043906811576,0,4,0,3
0.6764621000174983,0.968373944611454,0.2711782745839116,0.4939697686713079,0.3067151098480654,0.4405662919470486,0.7762371531062585,0.3928739947069524,0,0,0,3
0.6594173605525284,0.9825131669060456,0.2763539074331885,0.5034839002204375,0.2901996022240142,0.4464220220597984,0.7609303690781505,0.3989463005533297,0,0,0,3
0.8993127208639374,0.7260890978936052,0.4706979937146157,0.4908038013191835,0.1566438335301121,0.9464567318374524,0.9580317160101663,0.4868988083645009,0,3,0,3
0.3194471079113088,0.3645162916063021,0.4150138403946627,0.9966032304943592,0.0214245632130538,0.8478893750866285,0.958515090213402,0.9091329330394398,0,4,0,3
0.8950783721731241,0.7457003024375252,0.4652089786016427,0.476527179041977,0.1565960215112083,0.9643598565142856,0.9557031034519,0.4746088078185453,0,3,0,3
0.9132272012977946,0.7261368069094338,0.4753122519468193,0.4987573070963818,0.1377467546077882,0.9422629366462112,0.9550272723755152,0.4877287372707267,0,3,0,3
0.3100955091315253,0.3669127184516699,0.3897284167494722,1.0000348389828604,0.0013368498874243,0.849670844908764,0.967591663915134,0.9042868777158292,0,4,0,3
0.2973866128308987,0.3474665977650363,0.4216392002076584,1.016016655330552,-0.0110522377030954,0.8833521107740873,0.9991462687367462,0.908314439995378,0,4,0,3
0.8978712065879616,0.7257121053679491,0.4699649467032579,0.4906399783078317,0.15731860786328,0.9475245320721296,0.9514035940795338,0.4846261183403699,0,3,0,3
0.3118127850320583,0.3651427450621552,0.4063378285234618,0.9926364080233469,0.0019514146497506,0.8555808602426223,0.978514831467492,0.908616099349965,0,4,0,3
0.3131296488880484,0.368862411528824,0.4035400334953341,0.994087557496047,0.0055211642904756,0.8587445437539412,0.9777578411569856,0.9052872477096282,0,4,0,3
0.7070252847618139,0.9703667188009648,0.2724044771923092,0.5165454596380079,0.2806081860077319,0.4441890618493102,0.7869865945350013,0.3777650288258534,0,0,0,3
0.7991643021455065,0.977203863406412,0.2570421975951665,0.2275523644208474,0.0952875383169924,0.8351895258517971,0.3883983141548295,0.0003583622157356,0,2,0,3
0.672008869482316,0.9753899673738352,0.2682371960798997,0.4857537437217192,0.306331975427399,0.4343402724661889,0.7805921491109961,0.3916484448058999,0,0,0,3
0.3104865874827214,0.3705954205663874,0.4037265580532819,0.9953222382948812,0.0075125496183883,0.8580509036112965,0.9751528717244128,0.9050450818692678,0,4,0,3
0.6780934394952761,0.9682941124239014,0.2760238862230759,0.4909395289754546,0.3112009722684248,0.4386657567376794,0.7773085231021002,0.3915069119596145,0,0,0,3
0.6753432740176344,0.9703736354642316,0.2773190722618444,0.4918988303621348,0.3108865537106157,0.4386700715345752,0.7794326758986599,0.3991749651032262,0,0,0,3
0.8963184112705158,0.7335825448010471,0.4604402577071403,0.4988550833278861,0.1499634138618676,0.9615101538131976,0.9405526865776715,0.4753438166228794,0,3,0,3
0.3233018473253045,0.3576986419635398,0.4010458633820082,1.0019686440608562,0.004332871194898,0.8676892742241504,0.9716849325048144,0.9069205202815156,0,4,0,3
0.2788709274288956,0.3507291175069101,0.3971746589651075,0.9644495510451726,-0.0093344566168838,0.8247274279383764,0.9753064133149352,0.9133691851838692,0,4,0,3
0.6826709418983233,0.9600873370743008,0.2745608501185617,0.4967859579685379,0.3177754320094708,0.4351379014303747,0.7734044379453584,0.3903107570662281,0,0,0,3
0.8921441036902242,0.7296009674483745,0.4656230254919845,0.4958491923314831,0.1533693864721767,0.9567794925430562,0.9414789331620704,0.4887538589228609,0,3,0,3
0.6885975761968635,0.9794290774780012,0.273140788225377,0.4841020886391057,0.305956976151472,0.439400371192862,0.7795575438044888,0.4021301244795088,0,0,0,3
0.3109926736049321,0.3705094492917937,0.4045227545394134,0.999545942793217,-0.0020193228253852,0.8565644336951557,0.981003215658881,0.9058922047816524,0,4,0,3
0.6794667058844002,0.9676872283083472,0.2756201930336824,0.4918364017833166,0.3009341351392796,0.4447432942244629,0.7770660642130065,0.3926134219614062,0,0,0,3
0.908788682470266,0.7149935385172708,0.4570851518672931,0.4954341723846057,0.1612652521659722,0.9580937193528488,0.9499652973883038,0.4828120869231424,0,3,0,3
0.5165162087503915,0.3505556825030513,0.0470440326784139,0.883335202752742,0.1914109209678375,0.2346632692007119,0.4565126793104718,0.5318592281396375,1,1,0,3
0.8972142014477129,0.7270547802331696,0.4625757096309582,0.4910858592650407,0.1565305776981064,0.9509709773753704,0.949630775684882,0.4773588184315181,0,3,0,3
0.3119726656696172,0.3666384051865954,0.4024037594740244,0.9949796519561128,0.0071331594750158,0.8605414698021205,0.979899361858281,0.9077462545168672,0,4,0,3
0.5326355872230752,0.3593608195898418,0.045143296493735,0.900276545318094,0.1808684131019242,0.247637158607212,0.4585608772131559,0.5319117748949825,1,1,0,3
0.8976896166481001,0.7235208647318127,0.4675692248756548,0.4889339235561837,0.1559552687644433,0.9516223783876464,0.946387906905829,0.4835690456553796,0,3,0,3
0.3137323170707474,0.3703240520419313,0.4002982520318104,0.9959202393873914,0.0074690200992251,0.8558167693278097,0.9727162055273284,0.9052829438589952,0,4,0,3
0.6707999132728122,0.9695798586155504,0.2834289695540516,0.5001775740451928,0.300571432098096,0.4468556905532519,0.7770388991575863,0.3918986954676883,0,0,0,3
0.6648346433199679,0.9654524412783206,0.2730767834220807,0.4954104208402757,0.3158547047334704,0.4510781399155157,0.7917014141024283,0.4040450511809265,0,0,0,3
0.3115727413079776,0.3703063675724573,0.4107736563945449,0.9959934883488528,0.0096183550561844,0.864523557070697,0.9772243409978388,0.9046386143840714,0,4,0,3
0.8989376399966509,0.727087402825392,0.4690211541976117,0.4934487800564557,0.150548758724783,0.9517657152269132,0.9504411499236076,0.4783279126117842,0,3,0,3
0.6831549408619184,0.9616170682691592,0.2932664658520248,0.4845513941662936,0.3129002965815257,0.4540404992097212,0.753746593565433,0.3721691090301343,0,0,0,3
0.6783535625601278,0.9704048908498816,0.2720706119661801,0.4912467455781356,0.3071733671108011,0.437952052114616,0.7771028310351249,0.3913454817943783,0,0,0,3
0.674276356472689,0.9668433789976968,0.2760149222350517,0.4926006052711565,0.3025233647726775,0.4425204903080591,0.7785630028074026,0.3975291108112394,0,0,0,3
0.3160616732541488,0.3639221921054422,0.4080656889293405,0.9976719248935136,0.0054228143169179,0.8589784749241892,0.9770249961121096,0.9070660416526392,0,4,0,3
0.3061255394697408,0.3811099991017216,0.4114966574678231,0.989365745354036,-0.0061942552649749,0.8514027254419456,0.963729717468166,0.9111825561244552,0,4,0,3
0.3136280659723007,0.3631393911991314,0.406786846601141,0.9904161799488284,0.0024778293947423,0.8616466724105228,0.981318300037079,0.9088548663650474,0,4,0,3
0.3149678650378059,0.3667173285129051,0.4049169381606634,0.994308264967523,0.0054865205129137,0.8576782269297857,0.9778981444651754,0.9065958915953553,0,4,0,3
0.679556806387102,0.9671927299379278,0.2688994848375495,0.4974548314776532,0.3050153836020944,0.4379609465811081,0.7779413846463235,0.3882347790119075,0,0,0,3
0.8960760307892336,0.7239371550148014,0.4722648908442087,0.4874318852669077,0.1553652263873979,0.9505727338219624,0.9445036588240336,0.4853183423724983,0,3,0,3
0.6789798191970113,0.9675457814702104,0.2705351962881216,0.4958158112486037,0.3100652497183734,0.4366229133793113,0.779036541075472,0.3909131251016293,0,0,0,3
0.6777254482544098,0.9686253260157168,0.2727045089841577,0.4940837310192221,0.3082820179557404,0.4362777195543281,0.7780187914729226,0.3921143666749937,0,0,0,3
0.285219289246909,0.3362602300835238,0.3754409624355016,1.0272632678491571,0.0044133277229094,0.877409006778456,0.9954203441958228,0.9314139219857024,0,4,0,3
0.3211461320547406,0.3653395191951007,0.4132109713874315,0.9909863716552754,-0.0077772540983854,0.8530146911439453,0.942978640065973,0.9156382114920222,0,4,0,3
0.6707910469336853,0.9759504258724346,0.2721305171909933,0.4886748670471655,0.2997670511304827,0.4346383951646215,0.777850284377662,0.3992681158751927,0,0,0,3
0.312184532584678,0.3666936170780685,0.4064469883697478,0.9967977007192512,0.0029408125370184,0.8600013407361663,0.9791568957223344,0.9077506140545792,0,4,0,3
0.3288203023902746,0.3854089888617142,0.3946296842700384,0.9768259861344202,-0.0143672089707089,0.8641117351003186,0.9860405711758472,0.910912717492214,0,4,0,3
0.6559032933953887,0.9613691616052524,0.2957539566180038,0.484517118452394,0.3276500935100186,0.4459757940036806,0.781278767918712,0.4160661270838507,0,0,0,3
0.3069837540357604,0.378387928839776,0.4024266864275133,0.992626649689348,0.0140526341602471,0.8612509989680924,0.9696105646882992,0.907660811528858,0,4,0,3
0.8095340646136273,0.9754295251750736,0.2627492909530668,0.2276218795604602,0.1147635843195357,0.8326841759824428,0.3916936054155564,0.0074349057421931,0,2,0,3
0.3142743503050822,0.3606073997679105,0.4160278002645988,0.9894042676670644,0.0124826723663877,0.848893875670858,0.9863274081876026,0.916072507665338,0,4,0,3
0.6847270782465525,0.969793067190838,0.2628524100270124,0.4810379172559935,0.3015150405415657,0.4463264957467074,0.7709081605615566,0.3807663115212478,0,0,0,3
0.6801916141144843,0.9744102441375204,0.2720596727081072,0.4946459080148361,0.3069768763983799,0.4349507924129159,0.7724671010389119,0.3930125886068002,0,0,0,3
0.9045333480679316,0.7111957648343006,0.4735860519630398,0.5038889752997167,0.164269421286904,0.9436308030165472,0.938389431681756,0.4964906984525925,0,3,0,3
0.8957081118326946,0.7205297698756683,0.4682737400220009,0.4915410115024547,0.1587033505823762,0.9528569175405324,0.945474570634786,0.4818275015164204,0,3,0,3
0.3177269515603798,0.3641984148676671,0.4105147497160372,0.9987659827780444,0.0049131119781477,0.860532055610616,0.9736968320616703,0.9063828232203665,0,4,0,3
0.6753136019005411,0.9689913603637644,0.2720015163557102,0.4946078055722638,0.3076788390383353,0.4364801495421274,0.7763235472628071,0.3929142994365812,0,0,0,3
0.3128145037896082,0.3652711976756367,0.4089167198319955,0.9932990030346736,0.0062862621215163,0.8610745542337089,0.981688035021497,0.9069540322597592,0,4,0,3
0.6787268671395607,0.9674328729970756,0.2733008355402631,0.4871486616287617,0.3022010749718854,0.4435600054293452,0.7852232906347699,0.398653423530097,0,0,0,3
0.8961971569798134,0.7209312389519801,0.4679954192790184,0.4885737850940546,0.1545414283607323,0.9506187585940948,0.9439240795869908,0.4857449557052202,0,3,0,3
0.901542316597797,0.709590761074685,0.4703941654996521,0.4786127322485816,0.1431122397174239,0.9569713738153772,0.9442704255823938,0.4721509175456196,0,3,0,3
0.8764679555829195,0.705261887754159,0.4715608076212169,0.4745385052041236,0.156765862166085,0.9657853911315912,0.9401010553503324,0.4928039092220213,0,3,0,3
0.6786154300429035,0.9662434508935208,0.2714649559062712,0.4911636768956753,0.3096029122128198,0.4335830467533167,0.7788103355681816,0.3899549081416841,0,0,0,3
0.321284048623252,0.3509772536119348,0.402086803276418,0.9977522522314208,-0.0069708125020173,0.8498541898036963,0.9674872592062131,0.9021925858086984,0,4,0,3
0.3105390848069115,0.3396250841239972,0.4021384180595698,1.0212201202651805,0.0101325214330285,0.8629284381478722,0.9802529648128434,0.9262487620702496,0,4,0,3
0.6683010551901496,0.9408609322864206,0.2431998830660793,0.4954194764047149,0.305344399405987,0.4617886528653827,0.768689300508641,0.3917601640836249,0,0,0,3
0.6755957622262665,0.9713106183777076,0.2688733779302087,0.4927170335814711,0.3081771312121195,0.4363059015987705,0.7786580753484681,0.3895865546234716,0,0,0,3
0.5219636116925063,0.3504765017356889,0.0482990297435969,0.8857731853592723,0.1919328865763025,0.2330936160023616,0.4540563857951465,0.5303114502338212,1,1,0,3
0.3153851191676231,0.3661742281412855,0.4072242037186243,0.9966170071699108,0.004594834437633,0.8573604131837257,0.9771666516200372,0.9066218540492136,0,4,0,3
0.5188036948386306,0.3486390561855244,0.0477532942757434,0.8805412763313986,0.1911924289264899,0.2351354339350805,0.4564198688512195,0.5376050689445723,1,1,0,3
0.5295600847823299,0.3526344057358398,0.0552148194252834,0.8958544629710392,0.2014152918380737,0.2471522336971741,0.4551909953930648,0.539242616816058,1,1,0,3
0.6691757788336858,0.9683653482623412,0.2743218066735126,0.4915133563173751,0.3051821516615747,0.4401881267552885,0.7801859481804012,0.3984055532932951,0,0,0,3
0.6905134157854648,0.968604188266582,0.2855833203413083,0.5059941224050689,0.3219043829073104,0.4240836334236108,0.7884736475829444,0.4035657996300763,0,0,0,3
0.6687972996414034,0.967445629520038,0.2715700749166025,0.4919682685759415,0.2980055647576869,0.4429601190428879,0.778079769431852,0.3972273921939216,0,0,0,3
0.315473585934188,0.3655749673066006,0.4077185125869079,0.9972958608588742,0.004282517649976,0.8573678794245422,0.9771501434191916,0.9066814789332248,0,4,0,3
0.3072808688035833,0.3860165528857976,0.4157043397153696,1.0115228053434302,0.0375950046685329,0.8598152964072431,0.9445227798736326,0.9092415021374446,0,4,0,3
0.3155338359542253,0.3656015330654339,0.4078376457593995,0.997281277472237,0.0040977005302414,0.8572271471331128,0.9770983289490436,0.906587097630639,0,4,0,3
0.3102030269132841,0.3636733776158331,0.399756321293913,0.9893664641912572,0.0054309054886888,0.8565096660445272,0.9839808862866656,0.9010660539661998,0,4,0,3
0.2993356840503715,0.3594131189713056,0.3952571928647029,1.0128662166549456,-0.0047557948665368,0.8765885289982531,0.976907407380328,0.9255529996869226,0,4,0,3
0.3119637340511049,0.3534260758872847,0.3968816469498767,0.9932431369059151,0.0020773820409132,0.8542673659202465,0.966985476295281,0.8938342357538488,0,4,0,3
0.6749593178461442,0.97503142471605,0.2736498420965829,0.4974207308987471,0.3106160621516888,0.431408554400313,0.773288013815532,0.3985117578045172,0,0,0,3
0.2976887091304598,0.3589160352747019,0.4024735054264467,1.0223349809811444,0.015813124872066,0.839389347946748,1.00119391430661,0.9297450519096726,0,4,0,3
0.5264370042116554,0.3527088173619888,0.0562396823874579,0.8638327837153644,0.2011167069583357,0.246094751914646,0.4694230154544584,0.5362539849825202,1,1,0,3
0.6594903898326235,0.9554125849935732,0.2759166144060396,0.4886285858157546,0.3173058615516424,0.4475799701168705,0.7769402223566202,0.381008230092497,0,0,0,3
0.3005646297771106,0.3582644811667284,0.4189944504210774,0.9984625346476677,0.0034983042816084,0.859433943331349,0.9884643781264488,0.9171614120416152,0,4,0,3
0.6521003888331138,0.955147683727766,0.285643915915565,0.5003732813162928,0.3049277738836574,0.4503274163651576,0.7889971956547985,0.4145771561890453,0,0,0,3
0.6779324695624643,0.9724336456695496,0.2779779341104294,0.4838946784091251,0.3003607248928349,0.4304282840433152,0.7753316932602189,0.3822975430835317,0,0,0,3
0.3159624550831524,0.3651523091048076,0.4085069375888088,0.9978059998607546,0.003898960253927,0.8569533705658914,0.9769784926218597,0.90674526096735,0,4,0,3
0.8925277509695198,0.7235621015091735,0.471470103896835,0.4900226535587944,0.1512476247077122,0.9477639138939448,0.9487573036533032,0.4832398986735123,0,3,0,3
0.3184653032330586,0.3740758542294668,0.402986724146117,0.999756471731937,-0.0049180215228597,0.8484014665570161,0.9646876406576644,0.8987499241974356,0,4,0,3
0.6750654665295442,0.9673082925253642,0.2708733423765083,0.4933873184523992,0.3057454492497155,0.4365923096209442,0.775798470435621,0.3914285931813642,0,0,0,3
0.8955227183915215,0.7201539284625115,0.4714116019026594,0.4916062484803938,0.1566302011400288,0.949098780537856,0.9446937932641892,0.4834250264933281,0,3,0,3
0.3191715185829893,0.3645773111799212,0.4062089058948283,0.9963072804320414,-0.0021310350860019,0.8553071002828748,0.9811524107660734,0.9077846323727472,0,4,0,3
0.6693296053880083,0.9796420380817245,0.2537435778090363,0.483092227706184,0.3144271503191035,0.4401433398083477,0.783201851792963,0.3937899436706551,0,0,0,3
0.8956394556732993,0.7199447174191786,0.4726712569299358,0.4926689072651726,0.156168816122092,0.9479457363895996,0.9446106995500864,0.4837597807598944,0,3,0,3
0.3115488171923075,0.367134398265632,0.4088708039331348,0.991515127760888,0.0084350625699453,0.8556918117372835,0.9834174021108294,0.8990788393693525,0,4,0,3
0.2999433162154986,0.3534123077098002,0.3970676845804243,0.9826330045125228,-0.0111373524277121,0.8562266581301196,0.9876349277388868,0.8961073506434939,0,4,0,3
0.3168794437188163,0.3597155191847794,0.4072230995104496,1.0023890130075528,-3.078677270994257e-05,0.8520719504367527,0.974786884157664,0.9091446445934328,0,4,0,3
0.3117896823400743,0.3602430151817695,0.4007059761718408,1.0037254634362769,-0.0018397655258567,0.8626775088465102,0.979863306940012,0.9008905045258424,0,4,0,3
0.5165549159838838,0.3314559652920812,0.0478164546665147,0.8792276246384036,0.2044899334976987,0.2270414535292494,0.4530331099331897,0.5415778282412306,1,1,0,3
0.6820009996232335,0.9564086745213936,0.2646833313841547,0.4877453960717091,0.2927672458869751,0.4405480985552437,0.7601351829025044,0.3766852713457825,0,0,0,3
0.6741973882018316,0.9682201606755694,0.2700616225835452,0.4947040599743752,0.3055900405001768,0.4348474083941432,0.7741382090038122,0.3913516987495622,0,0,0,3
0.6786878010921065,0.9678776485867936,0.2800538751172309,0.4918292592777854,0.3042724612190967,0.4263974497686528,0.7806335316002558,0.394175703642114,0,0,0,3
0.3287405576421891,0.3605007162305957,0.4183999534976601,1.0032328574272504,0.0075263122122333,0.8629830597248392,0.9853266636526692,0.914133508297579,0,4,0,3
0.2923350515799852,0.3387353709542845,0.3752884325135532,0.9751435667407108,0.0216463774610772,0.8886712254713347,0.9580428946829508,0.8792874280009456,0,4,0,3
0.3208607055888074,0.3630513213475451,0.4133252681934645,0.9961920094532803,0.0113832078338977,0.8493496028767349,0.9741764899765504,0.9103628517031862,0,4,0,3
0.3149288964038752,0.3671890374900374,0.4138110845459247,0.9968104820708708,0.0105452054892683,0.850431321399897,0.9818928900481476,0.9066847780367384,0,4,0,3
0.6726398146005218,0.9661704796045896,0.2696445804408123,0.4946473258545736,0.3042281688661802,0.4353573570325675,0.7737392179582113,0.3903215943020398,0,0,0,3
0.6790691562622309,0.965676283292558,0.2675984798175848,0.5016989696739654,0.3120852235053534,0.4305931946143396,0.7724071375497987,0.3891026393363765,0,0,0,3
0.3131306571094993,0.3674560833641668,0.414119156775468,0.9913784657162098,0.0098813427302224,0.8470929133925438,0.9759380584157304,0.8991208053066649,0,4,0,3
0.6830813356714938,0.9554404899537888,0.2680980445323896,0.5004061548025004,0.2903375391185723,0.4561253674558694,0.7854353017638137,0.3837182949531892,0,0,0,3
0.315689934726369,0.3654320536664986,0.4112274962449413,0.9973635592988546,0.0023619387414713,0.857295547777597,0.9777697587941936,0.9051256308637692,0,4,0,3
0.6707398327945094,0.9592707448470276,0.2759913020591612,0.4873476756648074,0.3007799694329717,0.4283297239626955,0.7850804884363183,0.3835982400773658,0,0,0,3
0.6720929869043728,0.967946339087698,0.2610223919094758,0.5008694965055689,0.3062551519383871,0.4263583021610243,0.7770428630430638,0.3897707326956042,0,0,0,3
0.6774480264812464,0.9750877147024531,0.2600383943257363,0.4880946259113449,0.3192535249132265,0.4287928017073436,0.7727058957831534,0.3918418313937717,0,0,0,3
0.3004559265776502,0.3547867769589755,0.3964254495646584,1.0072128898818995,0.0130267305102538,0.8571713510010045,0.9609655237426686,0.9006297496906558,0,4,0,3
0.3108973395577483,0.3769475828994977,0.4223495009148427,1.0093476387394036,-0.0126840097137999,0.8748346229723325,0.9649284916946268,0.905390066061318,0,4,0,3
0.3173387363273835,0.363088241740491,0.4105807870899981,0.999280042372636,0.0026696881605931,0.8567158905836103,0.976787850176558,0.9072292764558804,0,4,0,3
0.5204800760871975,0.3439129393821376,0.0466765255703209,0.8836392540990994,0.1889628458149944,0.2302263199309982,0.4577824503381131,0.5368418930941848,1,1,0,3
0.6664870194220647,0.9571882888109572,0.2677022189223456,0.4855557686057243,0.2890059706328161,0.4490464916414413,0.7781498275201356,0.4014468528499346,0,0,0,3
0.3165735144620195,0.3519076576982377,0.4233068756109273,1.00476815658411,0.0003268847494088,0.8830417661180245,0.9659437263691564,0.8997350698613207,0,4,0,3
0.298109331443444,0.3453280472465415,0.4213553329014263,0.9949621967655468,-0.0036209152360329,0.8496828462221092,0.97750953184096,0.924250522346028,0,4,0,3
0.6951042227721153,0.9566541326191152,0.2566554619503351,0.5012893178446954,0.3207990344276625,0.4204900580129815,0.7937024634609268,0.4110789283523221,0,0,0,3
0.3035804800436934,0.369830175983749,0.3978938869780664,1.013156124378188,-0.0003053305203423,0.8593951563172902,0.9693977057249208,0.9063088854579952,0,4,0,3
0.8947128581417599,0.7165381145978531,0.4705495087617392,0.4887229921297722,0.1512978102876906,0.9421199157671066,0.9432760572392008,0.4812962821478907,0,3,0,3
0.6768237681057436,0.9689824209661008,0.267434339450719,0.4824880277140622,0.2962801350000705,0.4237297210562082,0.7937418461017147,0.41217750829792,0,0,0,3
0.8952721967562742,0.7163543812460308,0.4751929895674737,0.4903709605555298,0.1551542314117989,0.9463206621781538,0.943774078186476,0.4843176236458594,0,3,0,3
0.3208637842300226,0.356917877717344,0.4137435896752187,1.0017532393078294,0.011499440966363,0.851254493205739,0.9792192380742364,0.9092715600128612,0,4,0,3
0.6758137289565701,0.9627352261257768,0.2745875715016876,0.50217972848126,0.2975529508412791,0.4322542338090223,0.7668311540701936,0.3887400368379747,0,0,0,3
0.3237640019961214,0.3744010046120485,0.4201327963325322,0.9927349835617572,0.0122735418769829,0.8596704353259642,0.970086220811597,0.9106960326390676,0,4,0,3
0.3145550691200153,0.3688547956269503,0.4153114928500215,1.0043227234140075,-0.0012487876125982,0.850534123099685,0.9732207796318968,0.9054538017736128,0,4,0,3
0.6780546385136418,0.9621405382828438,0.2709260414430747,0.4936913898173416,0.3077390186111439,0.4367951963769982,0.7752885614953825,0.3969642040262629,0,0,0,3
0.535387689638012,0.3366091705675588,0.0483182043692097,0.8718293295782016,0.1872183309885107,0.2241637950738113,0.4656801766002822,0.5199377186715359,1,1,0,3
0.8923660463556287,0.7201589621095754,0.4754065692004846,0.4934211691692247,0.1587328224050739,0.945621295312898,0.9395842637669898,0.4805892339956656,0,3,0,3
0.6761253456112813,0.9615478963838148,0.2713106802846458,0.4919499045320943,0.305921683357659,0.4375773292874292,0.7726024914905079,0.3887050138775547,0,0,0,3
0.775082259421258,0.9919920396955672,0.2670580102738777,0.2198540915613372,0.1173660773753999,0.8308776387273707,0.393411126717664,0.024120267011236,0,2,0,3
0.3189502705019985,0.3660359954329378,0.41618094968452,0.9939080089484572,-0.0049394658523648,0.8516233104926554,0.9831606450162708,0.9085830355022608,0,4,0,3
0.6727132798405923,0.96087722385226,0.2732530705586264,0.5045919262095323,0.2954485911888534,0.4433962280975919,0.7647902726235118,0.396389063307805,0,0,0,3
0.891856685563051,0.7191662719734474,0.474345421772903,0.4916259380212502,0.1586149558058938,0.9459046790239848,0.9452817582757044,0.4814595530086583,0,3,0,3
0.8932690236404506,0.7172930616315051,0.4751475986163092,0.4936643281866791,0.1562311229492343,0.9465079921106502,0.9439060570286892,0.4834654561175881,0,3,0,3
0.6636205011604851,0.965161871020328,0.2832445691643847,0.4821008380173193,0.2924833213418474,0.4199565119231507,0.7733528243459173,0.3824114532349809,0,0,0,3
0.3167444445466598,0.3728985167340286,0.4217769248436177,0.9936762004168036,-0.0068559939628836,0.8605861791631152,0.976888969841318,0.912898647541253,0,4,0,3
0.8985410436796966,0.7177713047856857,0.474351587271819,0.4960131820403162,0.1614150055379923,0.9426945466655487,0.9463626366873142,0.4847264102438941,0,3,0,3
0.3151471431773081,0.3624332523535364,0.4123169840823709,0.99608804802724,0.0036082784239388,0.8542636645910006,0.9739172131814572,0.9070349633569124,0,4,0,3
0.675762284110267,0.9608453715558264,0.2669542276494082,0.4946534714470333,0.3068064884865841,0.4351622460784229,0.7694271832827639,0.3896667988690053,0,0,0,3
0.3242003791682874,0.3686891308006884,0.4061428285419381,1.0020970175037172,-0.0018294604611013,0.8521883395964108,0.9758227436959498,0.9112092667938646,0,4,0,3
0.5156523046810769,0.3512566741648507,0.0490441922529272,0.8902821101795372,0.1894383061046698,0.2370303910312525,0.4565949118456027,0.5334150643172306,1,1,0,3
0.8850940414293855,0.714428021814429,0.4724815615512164,0.4882454082521755,0.1560183567009009,0.9415420362174396,0.940793078004712,0.4836447348490164,0,3,0,3
0.6651852995946441,0.9574993630848676,0.2694051748975006,0.4914758299024804,0.3124053850747346,0.4397199363322748,0.7791888596757707,0.3906963272220329,0,0,0,3
0.3112437340607343,0.3619434528814383,0.4174008151724121,0.9934656020495728,0.0082655683043353,0.8495057912701636,0.9623812809866504,0.922168263061491,0,4,0,3
0.8893438325090124,0.7178637775066257,0.4804844198397141,0.4964496972290346,0.1538360463926305,0.9508332654827396,0.9369405058347178,0.48883741398611,0,3,0,3
0.3184832355052792,0.3625468017720158,0.4122391993821005,0.9990811506674528,0.0025460028056022,0.8556215698409652,0.9763005388636644,0.907497719444578,0,4,0,3
0.8887484198591553,0.7189014471548549,0.4682841583708624,0.4876097937708684,0.1559766989807169,0.9556359962060466,0.938205970888952,0.4822493772528803,0,3,0,3
0.6765987816276077,0.9715472640198868,0.2712944483186771,0.491915998713685,0.3088369596611104,0.4289919342610314,0.7717805202344968,0.3861237721621356,0,0,0,3
0.6722600450383556,0.9723902887623368,0.2707345071908028,0.4911438642412075,0.3083812221957964,0.4452879556809473,0.7617668746554809,0.3876036133471948,0,0,0,3
0.3157135862242435,0.3575347194747357,0.4200382437736514,1.001653820280524,-0.0021817400807135,0.8532556679855242,0.973490909902031,0.9045921506316416,0,4,0,3
0.6717166299651635,0.9658086601605088,0.2661921629193842,0.4963524508429281,0.3034841869904818,0.4337819185542333,0.7716835879739211,0.3911291312249458,0,0,0,3
0.319737015947826,0.3661092248910976,0.4150472055590152,1.0038259258533349,0.0054981331818827,0.8624706591194855,0.9810999928701956,0.9116760983065042,0,4,0,3
0.6710674361756717,0.96483220190229,0.2656516114105414,0.4958265088080489,0.3043563630804505,0.4339740300042721,0.771494680938034,0.3914046793863779,0,0,0,3
0.3222582798635024,0.3657582287926164,0.4144056779466696,1.0005920212518145,0.004496857414218,0.8544600740044338,0.9780725040912086,0.9065642426486072,0,4,0,3
0.654598882719198,0.9434069607003522,0.286444093355811,0.4932211485040702,0.2759751676491789,0.4340381619112353,0.7829065171090063,0.398652645800115,0,0,0,3
0.6787629954523389,0.970414733937426,0.2702745124175477,0.4912308189041582,0.305700691055161,0.440085779413689,0.7658196183211912,0.3828517815058515,0,0,0,3
0.67668611010324,0.9445944633625512,0.2852745468842624,0.481529888941819,0.3009808094131963,0.418432000561379,0.7865144165081939,0.3997093445143784,0,0,0,3
0.8946084534454004,0.712973312027392,0.476957558512438,0.4926073673339793,0.1608669781911755,0.9425727982734524,0.9420171065528884,0.4792904554974496,0,3,0,3
0.3254424183557359,0.3680502266721479,0.4049401117231443,0.9992600566467604,-0.0053718995670725,0.8473168878415563,0.9703370815766894,0.914112650891872,0,4,0,3
0.8947367516217754,0.7090801069933587,0.4678798694660419,0.4905493887672231,0.1534676991583403,0.948715459240067,0.9504058099562968,0.4857760467166513,0,3,0,3
0.3382134321115125,0.3489227788832663,0.4339249300746851,0.9761271401399878,0.0131199138462093,0.8645819653106386,0.9619711886042324,0.9215561160840507,0,4,0,3
0.6557117377132903,0.9833854989234034,0.2890952104742746,0.5057863657369264,0.2992261452359565,0.4436970025137473,0.7828436225773864,0.4019371709399429,0,0,0,3
0.67940454636427,0.958659528230588,0.27486936094186,0.4908367290875416,0.3112986297240433,0.4373615566011062,0.7821655169313052,0.3936273203516958,0,0,0,3
0.3198439620274814,0.3622171605954545,0.4127534595031422,0.9980365673344156,0.0029188381760806,0.8546377887295392,0.9754442191419544,0.90811810623671,0,4,0,3
0.3212286637386639,0.3494921953959618,0.4237238951885525,0.9854400584435412,0.0075208554678556,0.8478288819341933,0.968319818421616,0.9099115209861048,0,4,0,3
0.3155802767253511,0.368119283278737,0.4140605730567597,1.00075182222708,0.0068298857259637,0.8613824927026998,0.968007055025811,0.9127831014531133,0,4,0,3
0.8967312552271339,0.7102519210049232,0.4731069826322036,0.4985432457649903,0.1607416498204759,0.9497189840353244,0.9424185625087078,0.4818579588337916,0,3,0,3
0.5264657941183142,0.3418161575955398,0.0495851161157675,0.8893452437649833,0.1917748868681237,0.230469763415009,0.4622090622047258,0.5343318597691454,1,1,0,3
0.3223800750056582,0.3587287575847819,0.4128665359802068,0.9997696657085732,0.0039301249101803,0.8502580014049408,0.9801900064810608,0.910500588446052,0,4,0,3
0.6637128108051239,0.9574974209094632,0.2611627484447439,0.4985883543320475,0.2884845887791482,0.4471089490474609,0.7525520961743467,0.4001856292054246,0,0,0,3
0.3130604434746596,0.3623166416973714,0.3966106055275545,0.9989435243505744,0.0157895669604623,0.8440461636482305,0.9713492699159052,0.9024152738615776,0,4,0,3
0.6702082467364906,0.9642449910939616,0.2635592505856315,0.4937886507328834,0.3025548698226178,0.4344934222043107,0.7719214700944979,0.394593554002877,0,0,0,3
0.8922343851445937,0.7155060172776476,0.475974263227535,0.494188689992821,0.1570847983047878,0.9461841007112476,0.942104636907938,0.4841246522910388,0,3,0,3
0.6862316502459789,0.9805354700578688,0.2584103431558588,0.4955131200294634,0.3111990282469167,0.4443653848043701,0.7810691359007742,0.4017908752487757,0,0,0,3
0.9015590733068014,0.7069991750267915,0.4841877746871586,0.5052587029678759,0.1692524656756103,0.9511705003190976,0.9439869197430554,0.4937697115790171,0,3,0,3
0.8818576075003917,0.7056091954933874,0.4749470272321266,0.4862888721506212,0.1659061993633157,0.9533273711667116,0.9391915001862958,0.4920654280048201,0,3,0,3
0.8914427350486438,0.7074421673648971,0.4724548389109951,0.4995362016804168,0.1622418263663861,0.9384212322420132,0.946267892958774,0.4922626618107618,0,3,0,3
0.3044888995548364,0.3658169979600001,0.401327333622094,1.0135709753639637,0.004110972066338,0.8643407015515017,0.982113675299272,0.9114620389873136,0,4,0,3
0.6655753714010766,0.9593176387500572,0.2624873157526463,0.5019877348992693,0.2990074888934054,0.4275298961920216,0.780408806785745,0.3866691934975373,0,0,0,3
0.5247895457653606,0.3433065535123356,0.0453773291736938,0.8938372442603919,0.1964809061623193,0.227545024766985,0.4575721582403098,0.5348271938527808,1,1,0,3
0.319378215607226,0.3623110698864669,0.4154101115713975,0.9971623823032738,0.0014348805525074,0.8551972546677704,0.9763779106960554,0.908263219975386,0,4,0,3
0.6727007046520997,0.9633851824005012,0.2641405317375307,0.4972961584461463,0.3029769237176337,0.4322741243126633,0.7708567845868209,0.3921310184054438,0,0,0,3
0.6833415696522745,0.9501237277627936,0.254192913061015,0.498699223591469,0.2957798065361164,0.4260618585636655,0.7621577545873938,0.4015169346391868,0,0,0,3
0.8911114415331951,0.7212290514928726,0.4788480071378607,0.4876505380048461,0.1478172845596078,0.9561271690212904,0.9422340053538067,0.4799672381163417,0,3,0,3
0.8922887985005326,0.7218975241733174,0.4777037200028839,0.5014249610261795,0.1642302121588123,0.9507205567910192,0.9323696869353864,0.4846130592787743,0,3,0,3
0.8935831905816283,0.7157617740280425,0.4775175994603796,0.4960587581361391,0.1571611879914909,0.946491392916757,0.9428989616905936,0.483157744956849,0,3,0,3
0.6684232844597189,0.9650326757091824,0.266106297504632,0.4971683534129963,0.3020172358840704,0.4313063662391453,0.7677188239925905,0.3924086794396265,0,0,0,3
0.6703770228258583,0.9646936027944696,0.2644618958591514,0.4971460132050293,0.3021956373048527,0.4331144748928689,0.7702076715595213,0.3906707842194378,0,0,0,3
0.6706531963984682,0.96410305689363,0.2648353305410915,0.4976090991547199,0.3014575847856126,0.4327747728595759,0.7707260674832046,0.3912649582312881,0,0,0,3
0.3094300017214165,0.3823716031884888,0.4040072831601048,0.9969329688724003,0.0255443691071411,0.8352335596028987,0.9903382763951882,0.9297484536657304,0,4,0,3
0.3287534243035147,0.36140640721702,0.4116400397599137,0.990707955907296,-0.0042469256944014,0.8457673866401606,0.9708854935068698,0.9107969998088452,0,4,0,3
0.3296538851656009,0.367645298502519,0.4023069686936285,0.997836981292204,0.0064805482464735,0.8446200991342053,0.9818798709942648,0.90360025878719,0,4,0,3
0.3182483794980505,0.3592102477608,0.4168613403846185,0.9953393487045352,0.0030675653841953,0.854331607891033,0.9782669032549892,0.9088098098475246,0,4,0,3
0.6761941290053842,0.9538166536837916,0.2766961949611631,0.5093190559995663,0.2910339496949888,0.4267596446506925,0.7751878256089304,0.3840465255357461,0,0,0,3
0.6811724196676543,0.9715369715360191,0.2590664631762943,0.4981453012599706,0.2988410933363072,0.4493542342538048,0.7667502218522295,0.4065234430319016,0,0,0,3
0.3174762273272049,0.360635263175416,0.419438950443796,0.9954723928572442,-0.0030730357352621,0.8567900811665415,0.9719300605829504,0.9109788256629074,0,4,0,3
0.5102498298192043,0.3250076534110476,0.037883064438484,0.904462978806732,0.206148420606686,0.2274390513062155,0.4757565250773889,0.5294050608823664,1,1,0,3
0.3238299798872042,0.3723099678862098,0.414375016901838,1.0078865006745452,-0.0082775655760001,0.8649919915982869,0.9850823446950948,0.910653433325603,0,4,0,3
0.323949077066021,0.3648439496310656,0.4242073730244833,0.9948830920504558,-0.0120943974287401,0.8705186218128835,0.9875177311257142,0.9240856509089006,0,4,0,3
0.8915433639819479,0.712281878557368,0.4773042842883243,0.4975386966792424,0.1577263050757903,0.944824296094776,0.9408241528167248,0.4850228246932963,0,3,0,3
0.5089958403279464,0.3456270525680396,0.0503603785319923,0.8854923341794078,0.1949550398051776,0.2453933502320224,0.450379343939812,0.5551837439850157,1,1,0,3
0.3247784242735511,0.3554414093940933,0.4124799303867337,0.9924538997632012,-0.0038847806357964,0.8554789809422696,0.9813181076598886,0.912360125088026,0,4,0,3
0.299766212527971,0.3653576366126488,0.4304028090726353,0.9980079071297352,0.0172064953462903,0.8841323033136519,0.9825916015067498,0.910746784786192,0,4,0,3
0.3205827002575703,0.3599977318154867,0.4152242426536418,0.9962048810728602,0.0017891656478234,0.8534644074465763,0.975809482695316,0.90853929952772,0,4,0,3
0.3180244154029069,0.3661484601078611,0.4162105070602102,1.001506354504137,0.0045314339435577,0.8604251657410916,0.9708292280129758,0.9068723943536792,0,4,0,3
0.8791428625511436,0.7170989117426951,0.4748532421476845,0.4873934591177317,0.15924723761783,0.9320851917507376,0.9512587335229912,0.4919791109197265,0,3,0,3
0.6829283278562502,0.94890343042044,0.2588234589546643,0.4864211921601208,0.3095347845874969,0.4324585805679567,0.7846851518775697,0.3761822214659942,0,0,0,3
0.6718603460486238,0.9663299924179668,0.2651645194881261,0.4971014800097065,0.3039965183665426,0.4293253873573679,0.7694076057371977,0.3906662197002383,0,0,0,3
0.8891201752308961,0.7180263222662111,0.468705391952472,0.5065688180501444,0.1658054571164365,0.9477170067652634,0.9424157286037818,0.4881694071143787,0,3,0,3
0.5440562964567784,0.3305527994244156,0.0434389317948144,0.8953474012429204,0.2026758571099762,0.2289945190130282,0.4765140807190234,0.5176203916819746,1,1,0,3
0.6676921896965669,0.9654481518038476,0.26299900922804,0.4946667937115592,0.3040899963615552,0.4315321377451794,0.7707429158419432,0.3927067517605431,0,0,0,3
0.3158402720965317,0.3618086955349599,0.4081421992030044,0.9879450974247456,0.0099915446324439,0.8481044317102285,0.9811062109558576,0.9049146245034156,0,4,0,3
0.9065200286557836,0.7103374699021433,0.4667415310172281,0.4865152618648657,0.1502295590894364,0.9368167016526924,0.9424133526102344,0.5050654956637086,0,3,0,3
0.3301847028318074,0.3715972349995766,0.4162658849409231,0.9898442964383696,0.0065765731717839,0.8587693834989445,0.9835570869586192,0.909253818005547,0,4,0,3
0.8908134067848201,0.713310790082758,0.4782549265250897,0.4954055111235538,0.1573547584759478,0.944842055002898,0.9409799088921204,0.4845491764950894,0,3,0,3
0.8020402530359628,0.9786956834846068,0.2415745826002638,0.2191012814326209,0.1028035077084114,0.8365807418347532,0.3708798475023275,0.0142822821875303,0,2,0,3
0.9084535200099616,0.7048913905359578,0.4872585407304062,0.4922175859436974,0.1508176362806837,0.94415975499448,0.9576117637223748,0.4750686349268214,0,3,0,3
0.3272777537940953,0.3587563260597116,0.41427524992623,0.9958683524461176,0.0059627712917707,0.8589095539707918,0.9712020088734304,0.9109875192928296,0,4,0,3
0.8957545569796473,0.7110220917039309,0.4814679717135834,0.498380024653467,0.157128659398454,0.9358958249514968,0.9366483259535906,0.4791462854059046,0,3,0,3
0.8976680279469571,0.7073182511207817,0.4777383868349865,0.4925749461407616,0.148997641012576,0.9379822084366588,0.9460339938680978,0.4898000416677261,0,3,0,3
0.90827717094791,0.7156745562155435,0.4676609905785057,0.4981077951705634,0.176654926907507,0.9505840672197294,0.9306740459056912,0.4999247221194723,0,3,0,3
0.324077126010356,0.3460074500763029,0.4066880398092189,1.002010991423446,-0.0228638427418177,0.8836353625979784,0.9581720542410788,0.8965784293257655,0,4,0,3
0.5219665400299226,0.3542393773640978,0.0340550968796409,0.885020776432358,0.195557840720443,0.2222609813752848,0.4712351302994437,0.5491600106836362,1,1,0,3
0.3223227287238885,0.3606573569070882,0.4165407914269107,0.9943004828948402,0.0017092785471132,0.852205388694133,0.9769694244921804,0.9067724739104116,0,4,0,3
0.318669424108637,0.3619625676911015,0.4155692808350502,0.9894646285802662,0.0021031598076009,0.8558991033113713,0.978684959892276,0.903959754104612,0,4,0,3
0.3186239982349469,0.3617467650479521,0.4111351793120917,0.9902620939358898,-0.0152500389273067,0.8380023756843095,0.9679981841212624,0.9235757693298032,0,4,0,3
0.304874205100385,0.3652609622951121,0.4113456037925681,0.9777988314613836,-0.0121976638781015,0.8722476937649065,0.9769185967536514,0.8996828205155932,0,4,0,3
0.3233116445161442,0.3612598222304808,0.4166757942797271,0.9929035352205396,-0.000934836023355,0.8557885571026096,0.9744767865499256,0.910906569772213,0,4,0,3
0.8893260913827432,0.7125269565406254,0.479351058414615,0.4952432018015333,0.1581308673036795,0.9441488222019206,0.9397695263644046,0.4843474495692477,0,3,0,3
0.6693058724303201,0.9641808153796328,0.261474634011088,0.4981077788411683,0.3006043557913267,0.4317533125062302,0.7688388415687256,0.3904456240256532,0,0,0,3
0.6691283128900647,0.9562470584065774,0.2717364947218563,0.5108624498023537,0.3039057472969528,0.434596687594126,0.7633681038284266,0.3982757190907505,0,0,0,3
0.327281546850604,0.3501178820903808,0.4237263842240902,0.9896442853537228,-0.0092013167446475,0.8561885578890471,1.000054827609014,0.91492736819182,0,4,0,3
0.6713091020908432,0.9612706842768574,0.2690750833147847,0.4968211453995638,0.3010145617140492,0.4406784272483833,0.7655189250733409,0.3888318330295883,0,0,0,3
0.6782085305722814,0.964102298485832,0.2688796455199598,0.5023965588003467,0.308756014925555,0.4335280070147949,0.7715499143558584,0.4006890284298055,0,0,0,3
0.3170341390358067,0.35611617240694,0.417937613991561,0.9926727876538132,0.0008178847835415,0.8553184404242989,0.9787303156732567,0.9117906487195638,0,4,0,3
0.325276038457619,0.3528104767632357,0.4276752425684907,1.0016447875961751,0.0034447737956936,0.8509057296697072,0.9721300606141208,0.9128539371555664,0,4,0,3
0.6683029316956155,0.9631762562627858,0.2618542334815002,0.4983386168285841,0.300513213165633,0.4320580650864775,0.7677677272112456,0.3900457782368562,0,0,0,3
0.3223109620607395,0.3586623240341828,0.4166315932895237,0.9944867033784196,-0.0003450187830774,0.8531258504230721,0.9747699041808692,0.907976101508996,0,4,0,3
0.8901180770158574,0.7089477155637407,0.4772324739945853,0.4974986918564774,0.1505637246480178,0.9386776446474016,0.9401247014167726,0.4917142091395191,0,3,0,3
0.6540655695253897,0.9588407475632298,0.2630788428159366,0.500078978451646,0.3126873794390463,0.421998406097075,0.7777924917098138,0.3881960939815724,0,0,0,3
0.3285283228670057,0.3499834240933692,0.4164791150633413,1.0000359579142095,-0.0015673383218205,0.8626505323657417,0.973949394205398,0.914681535740194,0,4,0,3
0.8885549873955028,0.7013226846882693,0.4829623824722339,0.4930365855538076,0.1611314035097747,0.9578941903725958,0.9266690478220564,0.4801070914424618,0,3,0,3
0.6632034099645615,0.9668297633107256,0.2574830881076803,0.4982807595937796,0.2959176538645839,0.4368953702181898,0.77196963511094,0.3942452395149493,0,0,0,3
0.305671909655616,0.3385854318187289,0.4243305142183896,0.9761676334496088,0.0196032315604749,0.8738348027697204,0.98337575049432,0.9020630750591978,0,4,0,3
0.3163412376676655,0.3646896402764828,0.4224188621099409,0.9935769728350028,0.0045766142070562,0.8495889363103001,0.978554954707155,0.9150051669938648,0,4,0,3
0.3172953408186017,0.3579959206285893,0.4116167832252588,0.9920202651060258,0.0001500155397699,0.8590809347154131,0.971755047221214,0.9092636991311072,0,4,0,3
0.6841239037787522,0.9819398717706392,0.2643907541468234,0.4938940596436771,0.3121171076393328,0.4514066829484322,0.7706159638454066,0.3725518722180138,0,0,0,3
0.3257583293182961,0.3619871928317529,0.41055791427911,1.0026708690540316,-0.0002702037164772,0.8570507735710818,0.97170270543869,0.9177714828496698,0,4,0,3
0.3216940003044017,0.3592144057976758,0.4189551813361934,0.995435389987687,0.000343205566324,0.8540005984577926,0.9741492527216326,0.9078999754779532,0,4,0,3
0.6709142738393702,0.964943416642442,0.2608024446308566,0.4988065596423861,0.3010756164256774,0.4322220711564617,0.7641022700480741,0.3916785482561912,0,0,0,3
0.683391158114146,0.9621844715325246,0.2508231387503287,0.5141216199910421,0.3038410196349044,0.4180166224866937,0.7686618538281103,0.3877211634445831,0,0,0,3
0.3260559873275962,0.341506975497672,0.423127618041984,1.0074058258743608,-0.0075478245952443,0.8596202917627572,0.9787201386875234,0.9265755043220292,0,4,0,3
0.52802628694253,0.3420195601582689,0.0477924126860698,0.8915676996531089,0.1961165815783045,0.2217808167922384,0.4664534495097309,0.5385289840793296,1,1,0,3
0.6757565719327954,0.962957063742728,0.2515351539684022,0.5016437752965617,0.2912034866875777,0.4412294789878404,0.7669796360692142,0.3822627129344026,0,0,0,3
0.8849030163303033,0.7105624070893585,0.4778002095202704,0.4950922408135887,0.1565040077618321,0.947571298770363,0.9392138075015684,0.4815395169363954,0,3,0,3
0.8910196395620734,0.7064839203520742,0.4846726075370153,0.502754424738489,0.1525830626173311,0.9468414611428976,0.9424980431929326,0.4805352372227502,0,3,0,3
0.6690655455424439,0.9684381519272308,0.252896254767371,0.5124148028816651,0.2843129375537824,0.4299313432554507,0.7784003267058084,0.3783048109809885,0,0,0,3
0.3256890402392935,0.3547661164639482,0.4157311836654939,0.991394715778772,0.0036415817356107,0.8513600829243918,0.9734042318429444,0.9116496691116088,0,4,0,3
0.6882683035317906,0.94723376561805,0.2572186458010057,0.5109511823420377,0.314089981380929,0.4419295393784466,0.7804645449271961,0.3679965468459069,0,0,0,3
0.6774757374051456,0.959347107485678,0.261359224340916,0.4866556226954559,0.3052944294543323,0.4278259977033086,0.7505042060729062,0.3976000525118515,0,0,0,3
0.6842242701374545,0.9543848505352274,0.2521761577344864,0.5041633816608132,0.3062677031784204,0.4274495816976232,0.7723428895796322,0.373978838483725,0,0,0,3
0.6825032153186023,0.9497325475071527,0.2476471667344036,0.4866136833618421,0.3068438420455686,0.4111846165934752,0.7724097807371642,0.3842391495015277,0,0,0,3
0.5366386897917294,0.3485262669033914,0.0530323903634973,0.882611523690088,0.1894308680424972,0.2308235263425786,0.4636855605866756,0.5287079492883547,1,1,0,3
0.3182867752296787,0.3646664733106651,0.4104681816731905,0.9875064257280044,-0.0044132189789967,0.847250154105058,0.9707839499044952,0.904745049407846,0,4,0,3
0.6518288450326869,0.9398018321105084,0.249724813024915,0.4763137015649673,0.2788014861283373,0.4337128900035953,0.767425820090813,0.4065000411372008,0,0,0,3
0.664878539760329,0.9633298071434528,0.2569685927410706,0.4893170586858965,0.2965904546715179,0.4344767213834175,0.768506629021669,0.3983810391317546,0,0,0,3
0.3068281494085264,0.3654417898299821,0.4014977067757542,1.0003323778926627,0.0047755833832907,0.8365112214536324,0.9938806328148112,0.9248065917890024,0,4,0,3
0.8905226104715976,0.7156675066236556,0.486940038689749,0.4993314102915951,0.1563043156213467,0.9431367002886284,0.9335027166956044,0.4852079612019225,0,3,0,3
0.8889214541332129,0.7081003537509841,0.4803271054054437,0.4949886549510152,0.1586609000680052,0.9445335748052128,0.9391584304972608,0.4832531412674686,0,3,0,3
0.7979928403969618,0.9848782279756628,0.2440878334984872,0.2146136623910333,0.0995438394319579,0.8366911863037102,0.3731989015077396,0.015074159068712,0,2,0,3
0.3216556400384889,0.3482961114086663,0.4180885023041556,0.9858579932850596,-0.0082600337329776,0.8450732454480366,0.9642467455884892,0.9077049121734984,0,4,1,3
0.8911561160237254,0.7134421950046844,0.4745311256766154,0.4906429560777067,0.1596882540246459,0.9405757916844324,0.9323640452026024,0.4841297918381489,0,3,1,3
0.3233677722922792,0.3572446552885923,0.4192498910984199,0.9929598958226,0.0001224025574371,0.8529113556680873,0.9752191597162476,0.909308886583566,0,4,1,3
0.3381981899188456,0.3450231669678392,0.424398668956182,0.9921262319988918,0.0194528733702021,0.8346382910375487,0.9737270779472104,0.9251549076535912,0,4,1,3
0.6681992918586448,0.9601162988996969,0.2582476255065017,0.4992082338517074,0.3005001792659561,0.4275548177360255,0.7636675889125232,0.3868596890723671,0,0,1,3
0.6755489362391455,0.9553255979287806,0.2461602967282932,0.5018405895651243,0.315165529923494,0.4343553716293548,0.7532492103312449,0.3876689995487532,0,0,1,3
0.311832960623144,0.3355408836714103,0.4310923255396232,0.9699282175489178,0.0055063173566622,0.8660851062424079,1.006067891902085,0.9072072404264454,0,4,1,3
0.3267126204951454,0.3584308401758471,0.4225050334843122,0.9901991593256816,-0.0002118113798561,0.8579420906371419,0.974434736360713,0.91686756990959,0,4,1,3
0.3198113026471494,0.3549931497127396,0.4105491432171672,0.9915165706398168,-0.0081333048356373,0.8601164444320462,0.9856218028969428,0.906262572983354,0,4,1,3
0.6674040408817264,0.963865765105962,0.2611352542609357,0.497090278240941,0.2976396773380834,0.4296873367515384,0.7682729099842814,0.3914929034730278,0,0,1,3
0.6719885697845163,0.9494527245104112,0.2743219670508819,0.4948252175602999,0.2812141669163779,0.4374772840473074,0.7754316181841933,0.3792302772728632,0,0,1,3
0.6583967014171702,0.9723453477974192,0.2555675474939592,0.4989019999752948,0.2972219396552539,0.4290369007696993,0.7598358389659607,0.3865361703037933,0,0,1,3
0.6782403645399824,0.9570863111462,0.2708470776463703,0.4917526469293049,0.313689728003807,0.4373994404551516,0.7796782568672782,0.3746637030575946,0,0,1,3
0.5301149601890967,0.3370413678800728,0.0515328490783212,0.8925490569678927,0.1959464323609657,0.2245584880582876,0.4654615715178043,0.5378442180877155,0,1,1,3
0.8897555311461371,0.7077535837477769,0.4802075863612318,0.4961936284799257,0.1566992873474353,0.939295618390645,0.941569952187151,0.4850781214140829,0,3,1,3
0.6665822678010185,0.961959060123678,0.2596816981126324,0.4999215820610013,0.2982934517540629,0.4305765224367557,0.7658854501307432,0.3901269439983242,0,0,1,3
0.6587737381646691,0.9577815863850876,0.2668723280865652,0.4979880487253845,0.2979761476803164,0.4330028338949114,0.7590423216682602,0.3966747642559285,0,0,1,3
0.3236153931597056,0.3588653385895842,0.4187493067532043,0.991176282410652,-0.001715435244756,0.854588461436374,0.9750847171485708,0.9079732466157386,0,4,1,3
0.3146780484034429,0.3510549190018318,0.4144817236263924,0.9996508717855936,-0.0093336889421138,0.8568735290804634,0.9758578946775768,0.911025360035752,0,4,1,3
0.6475006229527488,0.9444041970259246,0.2680323609017626,0.5179354976732549,0.3080236800003024,0.4328035629367808,0.7644505539150278,0.3880032366709871,0,0,1,3
0.7919106834984213,0.97588168311887,0.2305627274565716,0.2173121545043428,0.0917462652541183,0.8381848014879777,0.3836953753567113,0.0063651792936566,0,2,1,3
0.3200547887855612,0.3537613595972435,0.4249129869118321,0.9923516131581056,0.0025750891649332,0.8497494236410388,0.9697885865324304,0.9037930815723696,0,4,1,3
0.3224764210013314,0.3491895724541815,0.4277229052853615,0.9924988836452042,-0.0064360433501164,0.858944280238865,0.9815027825278346,0.9156772223648236,0,4,1,3
0.6684255299936283,0.961185913602412,0.2572851139613913,0.4970063420432126,0.298057441864123,0.428799303576822,0.7634378556401132,0.387062345263559,0,0,1,3
0.8053636313718511,0.9841989911178044,0.2380692769357951,0.2169542698222401,0.0882158022509763,0.8325650883812361,0.3793424471501695,0.0184172510920578,0,2,1,3
0.880244976746015,0.7147464769460234,0.4768708533053546,0.5015662445011992,0.161677687946484,0.9468393464747114,0.9454467902974308,0.4844670918714515,0,3,1,3
0.3282876495905328,0.3584621864416433,0.4237430415469044,0.9933149645973672,0.0046508329898445,0.8501223978079466,0.9784007997188172,0.9066852946208384,0,4,1,3
0.670715522202592,0.9716210983565728,0.2676839309496929,0.5110751301004572,0.2897856938668089,0.4246291717464767,0.764086309938423,0.3776768192305651,0,0,1,3
0.6820011756429438,0.9522690407486184,0.2693981249726518,0.4873706453200422,0.2892118988655485,0.4349220904573964,0.7451287726827486,0.3800935608247146,0,0,1,3
0.3261061137994546,0.357624647888436,0.4211428030035352,0.9905595237629462,-0.0009667825932737,0.8517762592838954,0.9764168309483716,0.908876579355122,0,4,1,3
0.8822130293563049,0.7176994705452352,0.4806775913039379,0.4909998942518151,0.1554609787867645,0.9520166459563322,0.9355873322480672,0.4923673419835889,0,3,1,3
0.6667030946777537,0.9611547205452796,0.2607958155268993,0.5024035671636596,0.3001579374794896,0.4301839812260841,0.7651985450830759,0.3899391938095352,0,0,1,3
0.7933013202856692,0.9922017316922016,0.2540996846120466,0.2037888327952408,0.0848097434930558,0.8385263903661239,0.3827922191117776,0.0320110026964755,0,2,1,3
0.3421922359817567,0.3546202725613611,0.4083764671894714,0.9761075870467644,0.0124698167790833,0.8505011049435753,0.9781428647612038,0.9074169704488574,0,4,1,3
0.6650411564630573,0.9541932381759388,0.2682728617500314,0.5004886804787785,0.2992745583138321,0.425093181853507,0.7675704623928725,0.3932769847926464,0,0,1,3
0.8877119801472068,0.7122484593196413,0.479788474631722,0.4942902661496596,0.1547211284809549,0.9408345157341368,0.934241827594569,0.4836916952061428,0,3,1,3
0.6774030028841689,0.960271340298259,0.2706166876471848,0.4950905239470913,0.2932212831628441,0.4399643368141556,0.7533240478645561,0.3788717523161874,0,0,1,3
0.6780883556655675,0.96207085137229,0.2859930956145522,0.4892290042316787,0.3281912329181377,0.4451207598690342,0.7688545426048695,0.3868385735545518,0,0,1,3
0.3173067126366007,0.3728324585419821,0.3973397403801426,0.994937584684325,0.0264478442404946,0.8537506246309341,0.9411821755407312,0.8885912122328598,0,4,1,3
0.3042463962489101,0.382320718724648,0.4137181035677177,0.9672541883938248,0.0055238226675494,0.843894696066266,0.9695144943896336,0.8981467418571493,0,4,1,3
0.7920968481164592,1.0030592814399464,0.2326708695555682,0.2224480707953663,0.0683607497789664,0.8294605228226907,0.3548951088270206,-0.0061565194365446,0,2,1,3
0.6738309512914155,0.9724966697683812,0.2414177358188241,0.5188554662238076,0.2944697927855516,0.4423879597290255,0.7651765606646728,0.4048009810673262,0,0,1,3
0.8860741052112555,0.7097804777844879,0.4771623573491518,0.4888336616715918,0.1555815221287128,0.9472142001500208,0.9409227803517524,0.4875575742402279,0,3,1,3
0.8941066465018462,0.712905667237189,0.4806735521028178,0.5025209087753308,0.1495069330523921,0.93819577398501,0.9385789093484468,0.4935365732355303,0,3,1,3
0.6677609972496718,0.96405891303393,0.2620926355197899,0.4977084091552541,0.297437102625158,0.4347179827180439,0.7624747692818972,0.3927966725445249,0,0,1,3
0.6672322508250526,0.9612476468894294,0.2497923641574881,0.491004107807828,0.2953560870621893,0.435314421048016,0.7577715312308899,0.3933239207820646,0,0,1,3
0.8867124208421482,0.7076965496104816,0.4833347719677459,0.4984768812681012,0.1577175648216313,0.941320790812356,0.9378679789308316,0.4854037211831145,0,3,1,3
0.3201616066395277,0.3621224156059875,0.4169534987966393,0.9831444830904462,-0.0016381759540353,0.8565554947542187,0.9710618337534576,0.9148607457584208,0,4,1,3
0.6649387872827367,0.9644059315315354,0.2543850353338522,0.4987195806300892,0.2974155236913625,0.4329773162882595,0.7676098515918164,0.3918249097613204,0,0,1,3
0.3358976807979129,0.3443557725182533,0.4260914068950016,1.0024120763033142,-0.0064568833540361,0.8429929812805045,0.9718082512603268,0.9074209456617924,0,4,1,3
0.8861080923033918,0.7068115906060216,0.4830100433290513,0.4985849291307824,0.1572883773527759,0.9419081223795897,0.9370170986701986,0.4857225646581506,0,3,1,3
0.651088607811216,0.945134344331868,0.2542618112186992,0.5163867052892849,0.2941873833034914,0.4393630027859861,0.7628925600616538,0.4009938138871852,0,0,1,3
0.6589813077353035,0.9677068644555716,0.2501980916579911,0.5079802176450163,0.3052984961281161,0.43101815979225,0.7563009409467787,0.3881815128380341,0,0,1,3
0.6655356585032701,0.9602222359196424,0.2583860318820591,0.4992235654646156,0.2971892460265153,0.4296804911421766,0.7648012854775236,0.390222203298777,0,0,1,3
0.3063208599848618,0.3559389192479086,0.3950837130854556,0.9656674289215196,0.0229565857841525,0.8251809686180059,0.989684986624918,0.9183765025419466,0,4,1,3
0.3258346162464804,0.3553276458995353,0.4226265745606131,0.9913392910698972,0.000161974639078,0.8512843480252804,0.9748226647841688,0.9109956646304764,0,4,1,3
0.3351065053117706,0.366833683470235,0.4428628793612776,0.9619080939919384,-0.0067384278408878,0.8623019817537821,0.9470978883756368,0.91880379103007,0,4,1,3
0.3159657447222977,0.3519428053435787,0.4169809161146288,0.989998478854802,0.0012041669770033,0.8624740492869087,0.9844318135245486,0.9191139629802948,0,4,1,3
0.5343563068763478,0.3279071178367682,0.0557517263197109,0.8973760428938976,0.2004050417899501,0.2276064504633622,0.4693687795260681,0.5431016131105684,0,1,1,3
0.3287762872987748,0.3549091278991827,0.4333922650050745,0.9921488546117332,0.0087499611279035,0.8602527587892951,0.9845589808694764,0.9200931944717916,0,4,1,3
0.6612767794888909,0.9560106491227256,0.2591172460695466,0.4970978348640441,0.2939035931637183,0.4295455690128906,0.7656528941764231,0.3918422951579024,0,0,1,3
0.3286117380552577,0.3544773117981201,0.4267178488885336,0.989557649249635,-0.0023720837779817,0.8488293541864939,0.9733726907337542,0.9068610007464292,0,4,1,3
0.8886916090746158,0.7084550348353876,0.4862137460570676,0.5013148963588631,0.1591256278739518,0.9401131851137896,0.936355131907184,0.4868176804132049,0,3,1,3
0.6519651576386456,0.9779723045459434,0.242185691123354,0.4989840650553571,0.2824938646154896,0.4269782470866246,0.7859434408168465,0.4020883463774335,0,0,1,3
0.3145998264214498,0.3513907418294903,0.4326812431360186,0.9827779655569786,-0.0063195150642778,0.8537407038445037,0.9785896190981872,0.9077176790106531,0,4,1,3
0.3158827254776818,0.363790449939532,0.4275491910619789,0.9860768229544964,0.0129375288268301,0.8597220684910851,0.96778030145277,0.9007405963335592,0,4,1,3
0.6571435392935848,0.968130322172008,0.2528019995802048,0.5136593722368371,0.3053149446552634,0.4219261970178522,0.7482854800483141,0.4024177202290196,0,0,1,3
0.8908663228613112,0.7024198645645032,0.490447225834409,0.5044137651708928,0.158566191034833,0.9437558944684294,0.9345721425467886,0.4824451531278885,0,3,1,3
0.31755714615363,0.348131908895259,0.4291070956132317,0.9826811529640926,-0.0044409355839847,0.8549274734339032,0.9708507034281818,0.9105102586009968,0,4,1,3
0.33620123603063,0.3625011322723711,0.4142120653526852,0.9849903984868108,0.0119277514049006,0.8546870203215758,0.9636643628031576,0.9174388033823604,0,4,1,3
0.3245587587081219,0.3544314196281898,0.4237779451300766,0.9865255959430544,0.0049214349106546,0.8520866879746629,0.9702719539049413,0.9096455249695192,0,4,1,3
0.887878553513762,0.7047524638719659,0.4837659972643692,0.5003606457806996,0.1587179817429553,0.93991644517856,0.9371991936901912,0.4863474950017847,0,3,1,3
0.8876169990383248,0.7082725693324898,0.483855456335319,0.4986197604833313,0.1570188793165693,0.9399517468438636,0.935191782891613,0.4851837310444247,0,3,1,3
0.6549302128629589,0.96322035008122,0.2645774734301626,0.4989811058892808,0.2962222931417183,0.4367418282814486,0.7656751830790669,0.3930713230650778,0,0,1,3
0.6646826707379021,0.9549519823995052,0.2645940849258649,0.4974703395515109,0.2957800485863838,0.4289821388415601,0.7592762530857295,0.3840980807860067,0,0,1,3
0.3320956344806686,0.3520982997024415,0.4283498947667152,0.9850270587576022,-0.0016188279075814,0.8573236905693367,0.9792170897611382,0.9040480593614622,0,4,1,3
0.3283763419771588,0.3534714324089525,0.4203920336804179,0.991637458626929,0.0043173492522311,0.8506980332321153,0.9746406360803834,0.90719490817944,0,4,1,3
0.6694885506488053,0.958427158365706,0.2559765848503115,0.5126551130783512,0.2997181469837211,0.4185162439937694,0.7727796353820043,0.3796342492071569,0,0,1,3
0.323349267569909,0.3634955628466428,0.4121016456181869,0.9979303635966772,0.0020578165865007,0.8449996072962883,0.9817893168082305,0.9162673764003788,0,4,1,3
0.2958005626160946,0.362201784996946,0.414663504719634,1.0081361301706215,-0.0141905134262223,0.8406465202837653,0.9411669182712864,0.9153780276793918,0,4,1,3
0.3118098003824662,0.368293680817233,0.4445936928533417,0.9861744181401078,0.0045177457355654,0.8312190354740935,0.954070442272999,0.9188816190424284,0,4,1,3
0.8907792226893707,0.7059237426672588,0.4880951037410826,0.4949845970600244,0.1635997836433479,0.9439996740731263,0.9417537449923898,0.4832179967016277,0,3,1,3
0.882250449878399,0.7037297057141391,0.4834775415143413,0.4963948038682209,0.1618031280515626,0.939930717871809,0.9385858425058516,0.4857889366397097,0,3,1,3
0.8873384965899074,0.705545173101245,0.4787250891931979,0.5024252606752778,0.158034599873712,0.9375783205713648,0.935426845781456,0.4914889384175402,0,3,1,3
0.6723792979914505,0.98598239751613,0.252166924428725,0.5212572476782298,0.3158826721822741,0.4012763983524249,0.7953733943360503,0.410421617236393,0,0,1,3
0.6590590389708325,0.962601970359194,0.2597112886424787,0.5002561018977347,0.297877976224473,0.4313321965619123,0.7663842817086424,0.3882768036686671,0,0,1,3
0.6645832614794684,0.9562521176949882,0.259332091534511,0.504663885642845,0.2984439590594603,0.4295303041378707,0.765136005075233,0.3897401569933286,0,0,1,3
0.670086666062991,0.9627226518585478,0.2596071156143993,0.502521063550328,0.2932692790156726,0.431650794829535,0.752467929230449,0.3995000694145543,0,0,1,3
0.3338473898858834,0.3470048471667142,0.43746012959567,1.0028682185003188,-0.011216377175498,0.8592828459349953,0.9847782844413044,0.9009928701375566,0,4,1,3
0.8955576960897831,0.7252616246872258,0.4927037923138861,0.5039677139047136,0.1604529959945404,0.9279295735157836,0.958503518720806,0.46820712881932,0,3,1,3
0.6699331328041557,0.9598918722669892,0.2516851492809053,0.5003621998057103,0.29627478603632,0.4348373513735772,0.7645037010256484,0.3862270500221208,0,0,1,3
0.3409062791402181,0.3667736402931006,0.4481234483073033,0.9721500191138852,0.020047579719093,0.8784652598167273,0.9619577378351644,0.9418249341580588,0,4,1,3
0.3148263833622978,0.3432570777611524,0.4089128141259841,0.973374846601673,-0.0159132997180913,0.8440531637159691,0.9856386036480932,0.912931965813924,0,4,1,3
0.6545248794152959,0.9717034343214122,0.2573121355506912,0.5223361844570733,0.2748648910518141,0.4064757107982038,0.7523930568952384,0.3753965981519351,0,0,1,3
0.6507366150208485,0.9749794193396576,0.2432518450968314,0.4955802770000019,0.294044914350784,0.4180066907639093,0.7592268722892486,0.4001079959719991,0,0,1,3
0.3263296568958711,0.3545616755368279,0.4267504818072441,0.9908748239773756,0.0025272763468818,0.8525604752846557,0.9759459497613128,0.910271036907706,0,4,1,3
0.6755137606658277,0.9651118001809034,0.2409082549973616,0.5145931249791823,0.3093150012928503,0.4078942543580358,0.7727822091144187,0.3981091148534767,0,0,1,3
0.318844481575796,0.3471376520275239,0.4106801559737177,0.9983219107886088,0.0114504611328417,0.8529634051972639,0.968873626375862,0.9181987277121888,0,4,1,3
0.6685343245513554,0.979298740261901,0.2549096907686745,0.508584768040427,0.2726819837950521,0.4525973015318358,0.7639942234495886,0.3786427223128418,0,0,1,3
0.3269162714993655,0.3571546806538185,0.4320490497936619,0.9869359887714068,0.0054198054041096,0.8534462120669577,0.9787198593367288,0.9040292807811952,0,4,1,3
0.6722850463642107,0.9814893759212374,0.2368153379098891,0.4864398904551665,0.267328460823457,0.4152037728835464,0.7522881645981575,0.3759609313391348,0,0,1,3
0.3244995167077387,0.3583425306053152,0.4226426187046575,0.9966008803238048,0.0077712766431846,0.8552975341762875,0.967736145793364,0.9071924404582792,0,4,1,3
0.6672759476861234,0.9603242905981142,0.2603910026740191,0.4970797897150651,0.2966819366947787,0.4388130539095113,0.7596622274776991,0.397103952216902,0,0,1,3
0.3311490581817038,0.3544511800856113,0.4303772809570277,0.9970774422957208,-0.003515656651068,0.8409033447970145,0.9768035581578722,0.9211356312016488,0,4,1,3
0.6602077088475072,0.9685501828444442,0.2660049488172065,0.4990891238476063,0.3064322073327996,0.4288851238484861,0.7614592597064687,0.3829653451863976,0,0,1,3
0.5339395888444364,0.3325714785649662,0.0522667996752345,0.8955210368946177,0.197213399999509,0.2205459147217523,0.4692473221590977,0.5393522272436577,0,1,1,3
0.6609078703446379,0.960360192178576,0.2542200830802029,0.4968893539702377,0.2932020589180349,0.4252825352729394,0.7628088734744474,0.3881037630133298,0,0,1,3
0.3361805665265912,0.3537843832692121,0.4249240383624073,0.9861177031745564,-0.0062074216838959,0.8373518521744031,0.9763937756600576,0.922815876279456,0,4,1,3
0.3277245541445104,0.3529012900889704,0.4260645524160207,0.98852289459046,0.0024195558057783,0.8502132430928698,0.9741267640050476,0.910454190409263,0,4,1,3
0.3162214799705692,0.3536040593094717,0.4148893294327112,0.9911013531570616,-0.012230994584355,0.8546900541405603,0.9648410511466384,0.9059182256812808,0,4,1,3
0.3258888466332589,0.3432694452921783,0.4198191919031655,0.9895665266771329,0.0076070605415712,0.855870214244785,0.9719330696891896,0.9044025120838812,0,4,1,3
0.6699078744610609,0.9474696884964856,0.2752605629433772,0.4922186704638642,0.2887847832699482,0.4238241054467203,0.7612647523227855,0.3861876731483837,0,0,1,3
0.3352753460017023,0.3579474433262644,0.4283990598456569,0.9925961206161348,0.0050551855587435,0.8450286180582433,0.966253567689956,0.9147449760419264,0,4,1,3
0.8839857296065936,0.7040808376563668,0.4866435437648159,0.5002873867705169,0.1578887507637839,0.9389510716100496,0.9360534149886576,0.4861103747898008,0,3,1,3
0.3238308740532344,0.3562805662316479,0.4246347047623176,0.9886008631856388,0.0056325813820996,0.8477157919705453,0.9769566416511674,0.9084216349744574,0,4,1,3
0.8862332086475332,0.7015565117405632,0.4840369191603576,0.5052276533043565,0.1570890657501605,0.9437306922703744,0.940918856824722,0.4871951808745012,0,3,1,3
0.3265502017185669,0.3576310899673807,0.4208763239992125,0.9938294813287296,0.0068968342129689,0.84420384798815,0.9684616238995524,0.9127450278795204,0,4,1,3
0.3286012613032492,0.3512286826995929,0.4252859407510802,0.985971769066448,0.0011964178633233,0.8495120516986155,0.9748427689633554,0.9123209090682532,0,4,1,3
0.328323661981704,0.3552086388995105,0.4339360309846867,0.9821543012685507,-0.0013794563353954,0.8494141202591416,0.9773180528105052,0.9033445502639764,0,4,1,3
0.3290701024068111,0.3525218521157242,0.4259037152980233,0.9857520548878916,0.0028289019456336,0.8483785769859942,0.9719212858431868,0.9096238643818124,0,4,1,3
0.883877929963222,0.7039622653369741,0.4867054674073445,0.500701302055437,0.1581592305084734,0.938581008380854,0.9353352012813568,0.4860762007736079,0,3,1,3
0.6716205133956328,0.9499868755653088,0.2560678075976514,0.5067021701836871,0.3033216971287454,0.4175849689092373,0.7503035462207335,0.3922695298067566,0,0,1,3
0.6649899313695122,0.9517727619211096,0.2391877982089248,0.5170402164889817,0.2964434755323171,0.4322971899575071,0.7583760739608768,0.4042672391011377,0,0,1,3
0.3244982362262006,0.3307077602908418,0.4519946039725389,0.9709775092045324,0.0436137188779326,0.8627749298251439,1.0017610004323174,0.9255687827558932,0,4,1,3
0.6610546156876661,0.959058045447009,0.2538276021461062,0.5019779438923253,0.2934369871346748,0.4265575500046802,0.7587280183211148,0.3871484902889954,0,0,1,3
0.329959498835136,0.343962227516218,0.4360724321088068,0.978367249133603,-0.0027382610322222,0.8515637193761858,0.9618253179670804,0.9074627569596682,0,4,1,3
0.803140875243525,0.9886307473437824,0.231709758850111,0.2020760269057132,0.0956053730668132,0.8279712282783198,0.365872239483887,0.0241660593432867,0,2,1,3
0.3270457586004686,0.3539346151607994,0.4245340141551272,0.9897386131426448,0.006100858933094,0.8499276007860007,0.9777176555703856,0.912551131534988,0,4,1,3
0.3296052940887009,0.3522235323069059,0.4365399127833697,0.9803255285382476,-0.0057087337994913,0.8534962595025696,0.9808987344928284,0.9089861644114586,0,4,1,3
0.8809279576142356,0.7014687538531776,0.4856345545954085,0.4981348011534843,0.157101951987047,0.9410329939412534,0.9326503153485656,0.487722028063791,0,3,1,3
0.8842927113905118,0.7027531951249132,0.4856754331379568,0.5023033836206046,0.1589303762636721,0.9389638619236018,0.9334145504920284,0.4866494039902488,0,3,1,3
0.3184395265519222,0.3467490388576495,0.4262012147776411,0.9920106135237357,-0.0122699626101158,0.8424377023803568,0.9631084836171608,0.9095846773239786,0,4,1,3
0.6745910141204003,0.9563838941902336,0.2672776759611419,0.5082414534819428,0.2790186395667192,0.4318929353202257,0.7485669203158428,0.3957431904040657,0,0,1,3
0.6714041767227918,0.9519890883322611,0.2424124698792722,0.5210645082304648,0.2968838815992154,0.431212291896731,0.7774102086349891,0.3741554426082609,0,0,1,3
0.6629253239783717,0.9592136623574872,0.2545020464475503,0.5001323062211767,0.2949631317876978,0.4280215044545726,0.7596109268083256,0.3879099527215724,0,0,1,3
0.8831765168736089,0.7025981661777564,0.4874969425260392,0.5014259739067972,0.1600470962169989,0.9387559847838188,0.9338699545459628,0.4850413252613386,0,3,1,3
0.340866836491659,0.3546990906349003,0.4240631197419262,0.9861606576234826,-0.0123733416466511,0.840706443186079,0.962890575057376,0.8998656127649568,0,4,1,3
0.3372501957122196,0.3637818998157442,0.4228030907719632,0.976370026224433,-0.0058682551609232,0.8624163800036337,0.9712806560205554,0.9088537808871272,0,4,1,3
0.8851618628881213,0.7062733643844499,0.496159408449968,0.4926551571134849,0.1649738585576073,0.9425261219765662,0.9332939633562536,0.477878412433349,0,3,1,3
0.8867222185572605,0.7029126300792806,0.4864538926507041,0.5013504187760879,0.1577941511184045,0.9383304808106724,0.9320175217159212,0.4834061500683456,0,3,1,3
0.6591899831648474,0.96186482779106,0.2568316073127397,0.4966110408655143,0.2940224797739958,0.4297926979636979,0.7534411073806987,0.3871518550655126,0,0,1,3
0.3261578691063591,0.3256026593169244,0.4480725757491072,0.9597518099068572,-0.0245133496917998,0.8463330590799943,1.002433351965306,0.9139092528504028,0,4,1,3
0.545150585493013,0.3238153783538371,0.0354374775109941,0.8993947118488248,0.2019018872445584,0.2282000767482156,0.4727220890888584,0.5412921058216112,0,1,1,3
0.3318641094032163,0.3504697549992696,0.4096528581593961,0.9938904468532024,-0.0205047635233834,0.8312708710386691,0.9818651750166116,0.9281213743078264,0,4,1,3
0.6647234279039638,0.9584940494821534,0.2549570305974339,0.5039111602770954,0.2907410570958797,0.4334772163268532,0.7613312900820954,0.3870179017265823,0,0,1,3
0.8846117836052726,0.6945143450914282,0.4849325268031293,0.5085301402369032,0.1512757664122168,0.9373268188286472,0.9328330120099778,0.4839033726945256,0,3,1,3
0.3280197883323859,0.3507895584483709,0.4278342899744738,0.9871728317017552,0.0016248704440701,0.8493374734466895,0.9734042650363334,0.9103841416974988,0,4,1,3
0.3207424926767666,0.3502269058329698,0.4231413657939287,0.9734469309827288,-0.0024215417585343,0.849747743254439,0.9786164706312952,0.9230738904238214,0,4,1,3
0.348719231857404,0.3521854858846084,0.4212981873310968,0.9833498922436016,-0.0025868527835341,0.8458598290529262,0.9764627187035376,0.9337109066166166,0,4,1,3
0.8792441871386382,0.703400848445508,0.5043536267249035,0.498735643388013,0.1455181881907128,0.9213066919614492,0.9252535909421494,0.485159601751109,0,3,1,3
0.6753702005119253,0.9746033339833332,0.2597278111773781,0.5197882520303732,0.2753749128898862,0.4315448137351463,0.7517400345649915,0.3874642758166393,0,0,1,3
0.6556106762788191,0.944173760860358,0.2589025892191338,0.4864330168989509,0.3058411131873984,0.4295510652889501,0.7557258286776599,0.3949969331065737,0,0,1,3
0.3248149090064561,0.3517699192233408,0.4334452966699152,0.9817889776676634,0.000941771870569,0.8548190790643235,0.9739820873175314,0.9152945460804114,0,4,1,3
0.3290787634624345,0.3555375451879894,0.4262112260698749,0.986995284759406,0.0081916575734675,0.8556153982834492,0.982208957330982,0.9100309086903932,0,4,1,3
0.3293244940737003,0.3493183981499181,0.423328467985338,0.987235036087225,9.676173211740002e-05,0.8508557434839082,0.9747007600940634,0.9076712976370032,0,4,1,3
0.6801270988728187,0.9505645242302228,0.2697738472994268,0.5132510616533958,0.2963438513921528,0.4131579370414425,0.7403566611675064,0.3815981789183961,0,0,1,3
0.6686248533219724,0.9457586827795345,0.25207367411836,0.506163577377635,0.295373282489882,0.4206957993566417,0.7710207534227403,0.3709712781657427,0,0,1,3
0.3370430664045586,0.3522438568944808,0.4187748424430259,0.992992768841905,0.0120055137218315,0.8546869850976363,0.9701461026070944,0.9117356826070784,0,4,1,3
0.668118375321622,0.950627617063452,0.2458772019388283,0.506540426313463,0.2982538489108745,0.4205251319784714,0.7599993814274647,0.3843889682125299,0,0,1,3
0.6646847766195124,0.9569352213817,0.2570435147532117,0.508167997979537,0.2882066156107623,0.4232067927357281,0.7608530343987503,0.3921002775982383,0,0,1,3
0.3439310229431163,0.3219317667266517,0.4268404908537014,1.0012616585501108,-0.029095142306122,0.8507214230381387,0.9708582627549258,0.9206855799907684,0,4,1,3
0.8824072970841325,0.7011958990753916,0.4893607142602956,0.5021516935256093,0.158292058457963,0.9370889894192996,0.9342225220906782,0.4866148187906278,0,3,1,3
0.3092258410810207,0.3462299119949255,0.4398911484334947,1.0012226911090751,0.0072739496102996,0.821310937605209,0.990764288424678,0.9196501834430304,0,4,1,3
0.3345776764919785,0.3448196082943008,0.4311064316854293,0.987910123895298,-0.0007968957155593,0.8559425714616156,0.9686711934161076,0.9155302269658012,0,4,1,3
0.7027950890233834,0.9465566528930122,0.232854190836209,0.5102108850194979,0.2856327119681827,0.4337608580059572,0.7780982189670815,0.4138585322598621,0,0,1,3
0.8793004672323955,0.7019526740128447,0.4929422297663409,0.5016055704531334,0.1584117778888413,0.9407928021553408,0.9390482545852068,0.486639229267239,0,3,1,3
0.6716815865723468,0.9619404086487288,0.2603633124673402,0.5151608137737316,0.2893882951023963,0.4401511524900136,0.7644038872485892,0.3954741554230547,0,0,1,3
0.8797448445042505,0.699846921723804,0.4901671337456401,0.4989550013328847,0.1614385291779621,0.9379987038818652,0.9368661917887668,0.4829313862610696,0,3,1,3
0.6443417922282705,0.9615144774806912,0.2638199641946546,0.4977965318186561,0.30287860158118,0.422456164133315,0.7674635395873217,0.376641304975425,0,0,1,3
0.3433259736313026,0.3345881481820391,0.4394021063922112,0.9714247185758984,0.0201949976975791,0.830349716524012,0.9533747960802574,0.913123493943928,0,4,1,3
0.6519097941279799,0.9498350757235884,0.2466831265476139,0.5092428700476872,0.2910972819637819,0.4267955463609952,0.7602715718374461,0.396956521854699,0,0,1,3
0.881935751241575,0.7043271844831785,0.4887602444373746,0.5165507704369934,0.1524965417115865,0.9363214951590296,0.9222386981475784,0.4960017272125766,0,3,1,3
0.3450103259430309,0.354941372824605,0.450838640989691,0.9975242626629172,0.0152498187717183,0.8661452749982532,0.965514216119446,0.9192066610962554,0,4,1,3
0.3300167242094929,0.349943637080314,0.4292006839036048,0.98500007066456,0.0030964014521963,0.8489940444187771,0.973261678559726,0.9118153966983256,0,4,1,3
0.3357152583801646,0.3483846583300151,0.4087390465864169,0.9799017232963344,-0.0213582034642236,0.8508330911047902,1.0025097788049102,0.9392888303910892,0,4,1,3
0.3265000013453776,0.3385509334304324,0.4219869946931578,0.9786948501767868,-0.0021457271287186,0.8442091404158206,0.968099328933474,0.9038798381946144,0,4,1,3
0.3352871870414407,0.376247255017442,0.393689084471745,0.9473779857083344,0.0041446568647573,0.8241117245612347,0.9655656946195548,0.9363939273441396,0,4,1,3
0.3327294935266882,0.3501307373168258,0.4239855976179718,0.9857510760504246,0.0052313300420578,0.8506859657399822,0.9676539407580708,0.9150795022754508,0,4,1,3
0.8816564719767668,0.7005899666903452,0.4901328555316238,0.5024210478881447,0.1583338497064222,0.9368795278807124,0.933972201277887,0.4865428467820933,0,3,1,3
0.3323062216826085,0.3505045523381781,0.4406424747173412,0.9803749856691514,-0.0033987104766141,0.8466585663328879,0.9785149297376248,0.9173775728626172,0,4,1,3
0.3302349774169031,0.3496111534578393,0.4296725758880654,0.9845952296537542,0.0031622081963399,0.8487959405661585,0.9731929123985472,0.9118813079701976,0,4,1,3
0.5453603037283024,0.3352772244455352,0.0516236207615581,0.8944975969029689,0.1935094266874952,0.2221707887787186,0.4779361254066531,0.5437230911948439,0,1,1,3
0.3302959846992773,0.3571635890032818,0.4376976874553565,0.9936524204139636,-0.0084589915740556,0.8648260284352962,0.9536704247519412,0.9109846710108086,0,4,1,3
0.3297332135482796,0.3547458253808768,0.4304693019335066,0.9860963171088208,-0.0029118852423522,0.8403706780429668,0.9648539234476872,0.9176430185793462,0,4,1,3
0.8808113455915573,0.6997053813968958,0.4910111835045798,0.5028731356368731,0.1581497591382107,0.9360925154413088,0.9341551516701264,0.4864562947391435,0,3,1,3
0.6595912138494796,0.9578188884714232,0.2504362378571965,0.5044049835124415,0.2921092273811077,0.427071873137596,0.7570262648593358,0.387733252357149,0,0,1,3
0.3228835877724297,0.3642117436837121,0.4139462590457712,0.9899571740119176,0.0104084424457385,0.8632491242465501,0.9889444482868568,0.8982000388929289,0,4,1,3
0.8835865696908638,0.6983454514387388,0.494361892277924,0.5000960151049184,0.1560716078095236,0.9393098388490632,0.9343752564864196,0.4901586944597215,0,3,1,3
0.6611490272685353,0.9466779070341604,0.2591599025896089,0.4975407340799364,0.2867873696791359,0.4388554587420619,0.7569528831645174,0.39721581097221,0,0,1,3
0.3305602445416052,0.3592783300138853,0.4418651697306604,0.9740147376420606,0.0151097215176738,0.8545070422848856,0.9674408656333224,0.9006440960211544,0,4,1,3
0.3401223838557085,0.3509674500839487,0.4389833256639379,0.9940661344205874,0.0141631960009187,0.8505011910726312,0.9624803250681276,0.9219281841584536,0,4,1,3
0.5408181825848788,0.3296992996940143,0.0517226347220471,0.8995384585714816,0.1956013103070217,0.2155491996559765,0.4755285859619954,0.546922648940912,0,1,1,3
0.335395903798773,0.3515115240778472,0.433513651097093,0.9906903337050156,-0.0020265403919648,0.8474547986542492,0.9699590434109616,0.9090782525575068,0,4,1,3
0.6703927955399154,0.967774496593431,0.2683393617510292,0.5072906642137458,0.3073132107201978,0.441252119153491,0.7587839769880771,0.3780981909350946,0,0,1,3
0.3370795698290562,0.3697893870208851,0.4403698772235484,0.9778418762322048,0.0132128185316354,0.8501365423354702,0.9680137042371428,0.933746333443,0,4,1,3
0.327238999207066,0.3571901076282431,0.4302310726627156,0.981558148787994,-0.0003904625253226,0.8511624842512622,0.976924976578391,0.9191615355012462,0,4,1,3
0.3169541300712834,0.3364645039974597,0.4399894919578798,0.987612135899074,-0.0146294406026163,0.8647321882527611,0.9581538622654668,0.9165141511470206,0,4,1,3
0.8827808296941944,0.6989638033227522,0.4927739686490867,0.5053009933990651,0.1614953661592666,0.9366449387110192,0.9326957268643472,0.4836555553561603,0,3,1,3
0.6689972363535959,0.9498457876073771,0.2568347949151025,0.5077351646651352,0.298772400825057,0.4340926448309888,0.7598844297956631,0.3818686600753661,0,0,1,3
0.3458381473111688,0.3594002984826343,0.448635067602541,0.978206006054179,0.0032577793158719,0.8656262237498917,0.9723394461422008,0.8934276209756206,0,4,1,3
0.6582215746446779,0.9660304546691956,0.2593509315693253,0.5175917993559311,0.2906068811168787,0.4209136810227133,0.7681174652751314,0.3678758485713322,0,0,1,3
0.3265210220697783,0.3478533114578745,0.4272897042250689,0.9811294618998294,0.0048111334119465,0.8446627652743405,0.9711222556335108,0.914235825766078,0,4,1,3
0.878556855521365,0.6975275459697896,0.4943007469640684,0.5031159780280451,0.1566224126413514,0.9387575260921958,0.9329460349445564,0.4885719062055487,0,3,1,3
0.6556146378487047,0.9603605665396466,0.2513059431077042,0.5053084314036772,0.2934665368882203,0.4276115816223185,0.75610790928302,0.3861295411504943,0,0,1,3
0.6512371631854978,0.95516792000866,0.243793583931117,0.5013499825059848,0.2970294732068333,0.4195257731525207,0.7592158066518009,0.3803270158436058,0,0,1,3
0.8826217152870789,0.6986036062767325,0.493280152447399,0.5030353934645905,0.1590492965544394,0.9340845571877636,0.9313587763655012,0.4862067247204636,0,3,1,3
0.6590935034820248,0.9550837026704676,0.2563198981333749,0.5066385026761226,0.2899085059112207,0.4324223029080681,0.7608016042988539,0.3870549992391069,0,0,1,3
0.6726291482043528,0.9450400788309524,0.2467780394697325,0.5000370902108933,0.2723592446096091,0.4220128500032629,0.7404399725267966,0.3969589499745182,0,0,1,3
0.3188017020015441,0.3614526598683894,0.4126981071485132,0.97988907648139,-0.0011607288207389,0.8497054184522651,0.9760864084066154,0.9024482226243284,0,4,1,3
0.6484628569280636,0.950416728167212,0.2520538889805815,0.5076494804485304,0.2915799778710101,0.4186084706147718,0.7576252095891951,0.3908452289153422,0,0,1,3
0.6592447033832691,0.9545988263619491,0.2482023589599791,0.50370171325059,0.2916236661610653,0.4260268695952078,0.7577617150884544,0.3865525385157526,0,0,1,3
0.3355899628846192,0.3467277898784961,0.4313681170917121,0.9821268502332012,-0.0005268801689662,0.8483478739805582,0.9707056633301788,0.9086523648553724,0,4,1,3
0.328496104066736,0.3434214169645814,0.4316462628802652,0.9867256258653208,0.0066169986983961,0.848758928368146,0.967892472980688,0.9080989033349692,0,4,1,3
0.6704415905316758,0.9517762383878304,0.2548429547311211,0.4968093201419368,0.2925727974284175,0.4319721048303834,0.7541009912930607,0.3751875569753604,0,0,1,3
0.6598664729834413,0.9591444437984716,0.2483891487202117,0.5011485936414302,0.2880265538020525,0.4244005552734656,0.7548163292632052,0.3851973461671086,0,0,1,3
0.8812831165793401,0.7001565364372404,0.4949658934740373,0.5029522906375542,0.1572692821429474,0.932793564964111,0.9305426745923048,0.4877917905596158,0,3,1,3
0.656189199303669,0.9545943194172216,0.2502000453401264,0.505301027304089,0.2904010151989564,0.4271210440452274,0.7560522908490425,0.3868172824383052,0,0,1,3
0.6569076545481296,0.955240733281162,0.2501859647362184,0.5036821544833833,0.2908586478676943,0.4258963612914445,0.7567332693445453,0.3880976583145483,0,0,1,3
0.3376452774351745,0.342469868410383,0.4369920295671853,0.9749441024887306,0.0017958582479161,0.852722905258448,0.965239987681726,0.9172391177744712,0,4,1,3
0.6576400481459761,0.9533332643345876,0.2487244736885419,0.5023173993743346,0.2914573332560609,0.427316238095121,0.7539692928115338,0.3879280729984681,0,0,1,3
0.3313127955729161,0.3561144660462925,0.4266692886395364,0.974774441588604,0.0043429931002794,0.8559978023752506,0.9684397048123216,0.9043769672113438,0,4,1,3
0.3500184054126319,0.3400756794268039,0.438018170405571,0.9769150593227968,-0.0133166507038044,0.8631397771619109,0.982503706915822,0.8959014316874621,0,4,1,3
0.6512898362488514,0.9467710684118976,0.2505870060181033,0.5058906519428772,0.2792215730533056,0.4373630191882952,0.7553066685043022,0.3952424439716443,0,0,1,3
0.6371456083776585,0.9405024588497144,0.2301853935330927,0.5252313786849276,0.290772333834439,0.4405723850993394,0.7760027980568128,0.3723196022700926,0,0,1,3
0.6603118966615282,0.9592299324118672,0.25786854378205,0.511988391183674,0.298615158116284,0.4380883384304583,0.7686441103371718,0.376690176977101,0,0,1,3
0.6502587492004703,0.9519865025976392,0.2458319932111423,0.4962911115764038,0.2933615904162691,0.413177396075389,0.7448549375017218,0.383914996554199,0,0,1,3
0.6520718398266945,0.957062182681744,0.2497361196641092,0.5118841380889857,0.2914632957462768,0.4300660772002343,0.760874009285373,0.3801399840358544,0,0,1,3
0.6489391467345834,0.9665997966934934,0.2443976962282795,0.5103749543242017,0.2969808712764811,0.4200719623728053,0.7778969445803189,0.3849050200759997,0,0,1,3
0.3493350718605308,0.3545177410693601,0.4587364407847519,1.015924712355923,-0.0231977426012168,0.8573334936421544,0.9671150616909764,0.8872264790342247,0,4,1,3
0.8841270646241115,0.6948467439071887,0.4920259865706278,0.5019589765306681,0.1557680857444967,0.9364560869515632,0.9280719240416196,0.4836873283066673,0,3,1,3
0.6475564660680111,0.938777785891715,0.2669768192723386,0.5131905587526588,0.278011707281745,0.4116732337813321,0.7493633794065266,0.3889711265597368,0,0,1,3
0.6560774296043448,0.9564808418202136,0.2510828848603659,0.5062295203872464,0.2934605880839507,0.4238487986029512,0.7530971891130747,0.3865297474360771,0,0,1,3
0.6555981168351336,0.9536963416945516,0.2494441856023246,0.5062152887902206,0.2911064781658442,0.4277617605327104,0.7552712357968464,0.3879631228656418,0,0,1,3
0.5317926117111101,0.3148382571873079,0.037330280523908,0.8999382359758248,0.2130421180303372,0.2231240908731588,0.4895878253114029,0.5283220549550018,0,1,1,3
0.3234803048660883,0.3492296264269623,0.4301151837777643,0.9745506414795452,-0.0008573939047874,0.846430054286177,0.9834049542799632,0.9106052402138022,0,4,1,3
0.798632379538452,0.9900199175171036,0.2317385159986444,0.1980882254438083,0.0990625730505844,0.8252557375835265,0.3605824401151831,0.027482850279243,0,2,1,3
0.6518985830454458,0.9676961702385524,0.2436658526753726,0.5033088047390136,0.2899884670966628,0.4144517256682533,0.7588524561400433,0.39910230097772,0,0,1,3
0.6730778651564354,0.9581345488093848,0.26629789534902,0.501588545046242,0.3077740797355227,0.4305533523980454,0.7522697401206284,0.3947947133251838,0,0,1,3
0.6596308749027004,0.9580282268009244,0.2501371817936099,0.5061541963379057,0.2898310222300888,0.4287086101907806,0.753824026428422,0.3834054290856979,0,0,1,3
0.3323713029927856,0.3399978279176874,0.4376492453097744,0.9785343870086568,0.0113608559916252,0.8526329522724506,0.9602292242881716,0.9142875658224822,0,4,1,3
0.6430557575309531,0.9499446137750016,0.2643184474487837,0.5054033012582351,0.2813222803984683,0.411395182946246,0.7395464057256305,0.4047062548828862,0,0,1,3
0.3514114313030818,0.3517447931254049,0.447223115532631,0.9856082615817476,0.0028187480804921,0.8824702530780749,0.945759540455534,0.903193994801324,0,4,1,3
0.8774082880855306,0.7090858263092578,0.4813578263288565,0.5124573937138176,0.1531216631413651,0.949935997654874,0.924566442791277,0.4891493232213009,0,3,1,3
0.3261824550282222,0.3501305953669348,0.432901741370718,0.9809140658306827,0.0038864981869168,0.8498946896551869,0.9661173118916732,0.9179652036100978,0,4,1,3
0.3172789429261698,0.3451921281113254,0.4399018296894763,0.9744792322069064,0.0057818686241909,0.831015597219673,0.9873180162086714,0.9313853521854788,0,4,1,3
0.8760686757958649,0.6898056948477667,0.5026119987758997,0.504831624466287,0.1596638727182376,0.947259593073426,0.919961700387366,0.4986236814929018,0,3,1,3
0.8026763082322593,0.989314859622746,0.2306007662617175,0.2035974510537368,0.0999097697207632,0.8243529980794814,0.3655785254505093,0.0208394725705648,0,2,1,3
0.3324276339072173,0.35349284140439,0.4353816176038996,0.9768353192599768,0.0109381086153803,0.8482358909398927,0.9715738914829608,0.916387001907272,0,4,1,3
0.6430564519708759,0.9692195245720634,0.2479148690285121,0.4993100208676131,0.2791699488117845,0.4337462425769984,0.7620484548200845,0.3851298850607076,0,0,1,3
0.3275746388983158,0.3474933407801593,0.4298992020855736,0.9813783865274632,0.0085230855625943,0.8427062578126945,0.9750557005568284,0.9105960032971956,0,4,1,3
0.3436411539155105,0.3574836593777468,0.4337801073868501,0.9722198558206812,0.0107896833433581,0.8363049803999734,0.9691550731751316,0.9185832057080778,0,4,1,3
0.5284158112369933,0.3123506381260453,0.047001681964216,0.9030201566217374,0.2020116339031305,0.2154865414311061,0.4792084724269492,0.5296028904708784,0,1,1,3
0.6760796290057428,0.9513423931611148,0.2584246360787255,0.5184818360523784,0.2938799991410332,0.4371187731648112,0.755748192039037,0.3741293828289964,0,0,1,3
0.6532465203963033,0.9518818025938736,0.2519259446239661,0.5100975371429847,0.2850426419046651,0.4207911016899436,0.7545787728904033,0.3859595703640636,0,0,1,3
0.3376563905409223,0.3471061800002873,0.4358246260293998,0.986300972141518,0.0097472014970534,0.8512033307015328,0.9781498350194204,0.9072740867193496,0,4,1,3
0.6571445223832233,0.9533978444659283,0.2460417555602635,0.5013351126022063,0.2875446536790031,0.4315754451753825,0.7560264895098076,0.3915635287712626,0,0,1,3
0.6573499407489948,0.9556698761579424,0.2414240176660199,0.5041681187070901,0.2956501074099498,0.4195721504254949,0.7493026964788433,0.3874713692237027,0,0,1,3
0.8791613006829846,0.6967328992591891,0.4945073004537101,0.5055090024123695,0.1593996024736098,0.9334173245033088,0.9314432930658028,0.4881811383730124,0,3,1,3
0.3345435238262764,0.3288489709551408,0.4303482148151832,0.9852851781030864,0.0003231609006573,0.8507748725579588,0.968558656456705,0.906941144953312,0,4,1,3
0.3244815777332088,0.3512429427843255,0.4292447390851283,0.971750990700011,0.0138175584169362,0.8572089964503586,0.9668285484066302,0.9188504943760376,0,4,1,3
0.6548869655608447,0.9561247633385423,0.2479490865841359,0.507839885146075,0.2906635048749156,0.4276310244170904,0.7554578948028122,0.3879759850656649,0,0,1,3
0.6364946061814489,0.9691564971341264,0.2371740035880232,0.5295213699761605,0.2605266062984382,0.4223540265466612,0.7743788162083922,0.3664329271500087,0,0,1,3
0.6208418160886577,0.9414088880000028,0.2454796301030449,0.5309965148089564,0.2645518697057401,0.4291853167683237,0.774880407076871,0.406166484026458,0,0,1,3
0.6369411877680877,0.9385023993336574,0.2709013350652068,0.4836644812891095,0.2751541079385614,0.4237857836138019,0.7448198138900559,0.3805616182569215,0,0,1,3
0.8764474370452872,0.6968446359375062,0.4922183127087455,0.5054378096535503,0.1593806294474742,0.9327778276304202,0.9333898767876714,0.4895366448094379,0,3,1,3
0.8803943054290928,0.6911824772946616,0.4916535149598205,0.5065382536850245,0.1550768458015666,0.9310476468444904,0.9272148035033886,0.4830817764653198,0,3,1,3
0.5514042115999663,0.3118024512244376,0.0655798821601343,0.8891165749108099,0.2124329724749143,0.2161223602000535,0.4664108467721432,0.5517053008611307,0,1,1,3
0.6588390494274184,0.9579479871754516,0.2464574273374618,0.5146906751660661,0.2843196266673753,0.4228924903881285,0.7549818704888162,0.3836956806711865,0,0,1,3
0.6733040639053482,0.9605934628530798,0.2533038902876003,0.5068080378436974,0.2684631693938975,0.421526622883281,0.7396515840549444,0.3980004609576697,0,0,1,3
0.8773778008996848,0.6875752972215473,0.5011218603864563,0.5053868068583857,0.1599590873473914,0.9326243850290084,0.9300313492897146,0.4931376844354522,0,3,1,3
0.692197634413303,0.9358188546181516,0.2440545393414195,0.4936441572354731,0.2827621927348464,0.3868464041724712,0.7538489769078721,0.3855575064355285,0,0,1,3
0.6564201044485976,0.9537827744381584,0.2450219550833328,0.5044599822682235,0.2886732991739441,0.4261179191955058,0.7550004487181906,0.3878013272414451,0,0,1,3
0.6618608405748677,0.964304898905986,0.2548612108503824,0.509748629320836,0.2784066695885362,0.4268113011309424,0.7575619964970333,0.3840736732383714,0,0,1,3
0.3406038051947576,0.3298445550039921,0.4429376424331033,0.9705171369674234,0.0023762938600775,0.841366461458405,0.9786529833040848,0.9121033351196836,0,4,1,3
0.6534108468561927,0.9493739676177756,0.2480481983471064,0.511535261829884,0.2970981534548066,0.4328322553445938,0.7567877232625567,0.3774722402521134,0,0,1,3
0.6604474388577292,0.94705986410712,0.2408702525214989,0.4952452258228906,0.2907192694567385,0.4243389088191012,0.7574519043202581,0.3924315268425035,0,0,1,3
0.655257572452391,0.949257805153901,0.2417161004418066,0.5105710759134667,0.2947116524079498,0.420018275937562,0.7541409122225311,0.3816043699700329,0,0,1,3
0.6538601232722546,0.9535003794263504,0.2452446287889533,0.5059619606552069,0.2878739360062899,0.4240496914754267,0.7528132046006162,0.3875669986811206,0,0,1,3
0.8752524532633762,0.694409476843636,0.4942784281950661,0.5027229771423926,0.1562256420530277,0.9329319228270048,0.9286105720557064,0.4847342747613037,0,3,1,3
0.5440985211222463,0.3279466465813083,0.0507709889167331,0.9054359441410138,0.2041379587680718,0.2142505796393843,0.4741851907416349,0.5455819767347335,0,1,1,3
0.6469917920459922,0.9518760654552116,0.2482914517101095,0.5195115969913153,0.2767122908949236,0.4237752343487564,0.74555679590978,0.3841105043367739,0,0,1,3
0.8872044372257808,0.6869414745425597,0.4857221148534046,0.5237005171614221,0.1542451219930056,0.9208406844212516,0.9426442082551594,0.4814978481927444,0,3,1,3
0.6560619033467192,0.9548616286747412,0.2408782823592799,0.5078354675376106,0.2936168848701797,0.4209647277491704,0.7579168252596851,0.3852058568075873,0,0,1,3
0.6539121086277325,0.9543468201209394,0.2446728105832706,0.5045125351918486,0.2895290250353078,0.4236843378957704,0.7536689348317279,0.3853084560165948,0,0,1,3
0.6742766382566184,0.9641471442070236,0.2564816521161496,0.500108243354068,0.3036089911526447,0.4264479694377378,0.7393018877076526,0.3735720860527869,0,0,1,3
0.6626169205403395,0.9448998315546756,0.2412007608611437,0.5078787623136148,0.2943100459536458,0.4327395962700216,0.7523718244073928,0.3938581379980657,0,0,1,3
0.8827483124543428,0.6876495164511099,0.5018551994637597,0.5138678624261735,0.1524248759073285,0.9339079516491288,0.9252658056918333,0.4889066728475161,0,3,1,3
0.6684506567953507,0.9596044035910132,0.2325103069837012,0.4957517245146578,0.2778911728606543,0.4377758731041458,0.7509859012095295,0.3776422427566331,0,0,1,3
0.3295302623996373,0.3490018639367837,0.4439739875615396,0.9886761270170074,0.0078564742890971,0.8456520182469079,0.9749980517131668,0.9105222228244508,0,4,1,3
0.3352348576243892,0.3478902246081778,0.4331268038532792,0.9757672239977252,0.0049558256121874,0.8478463738175912,0.976086126394236,0.910337671342413,0,4,1,3
0.6549897127369588,0.9539435994832528,0.246455720374559,0.5052617509849685,0.2892019446965256,0.4237646726122994,0.7532585899439816,0.3863628595362267,0,0,1,3
0.6663561924186009,0.9451372799781363,0.2512791036226576,0.4949010638068681,0.2950195431440091,0.4311364289877067,0.7413672717765043,0.3778531050782516,0,0,1,3
0.6540997254522251,0.9542064194942268,0.2447874111998554,0.5069741747900249,0.2881204454309605,0.4244131641795826,0.7527745292658735,0.3869059961767866,0,0,1,3
0.8678916313565078,0.703005594817712,0.5070289853382367,0.4992144196286945,0.1573567965546859,0.9403032445947204,0.9439149555479792,0.4763130478253781,0,3,1,3
0.349096038290737,0.3302611953327825,0.4441710546545677,0.9803366403404414,0.0247238136243333,0.8517268925299173,0.968356332013552,0.9113584812700164,0,4,1,3
0.3376757975641681,0.344990036638083,0.4368051359083739,0.9756950092497184,0.007725116204937,0.8458791113172727,0.974138043752839,0.9135811864535032,0,4,1,3
0.3523008514535933,0.3376938303801067,0.4540955135294249,0.9944061876358692,0.0206584672480338,0.8691354870269503,0.956804307552586,0.9102028205041836,0,4,1,3
0.6541609225168713,0.9535466161852936,0.245349012185035,0.5063952885070412,0.2885305267231722,0.4242760020203998,0.7523273522756736,0.386235171228831,0,0,1,3
0.3207392296462744,0.3583792163058431,0.432322521957219,0.9758438633548496,0.0033022754356684,0.8517133042867845,0.9636644200697791,0.90116636626469,0,4,1,3
0.8739789955665842,0.6912387001707896,0.496983032493324,0.5055089515992277,0.155531756461505,0.9344995595691103,0.927545023529545,0.4875117955677986,0,3,1,3
0.6513849182820515,0.9506439659597756,0.2461025691482326,0.5100503352190124,0.2920017188214918,0.4210119698529747,0.7537874755190422,0.3857445001137747,0,0,1,3
0.6449397501217222,0.965937444287429,0.2305748681351888,0.5101200381423516,0.2783415533225327,0.408333852185565,0.7412126255201078,0.4017766645555827,0,0,1,3
0.3470560912084344,0.3584313785421208,0.4313347044676492,0.9844947251653192,0.0133232716465688,0.8614980499749599,0.9828344907608154,0.9257941510582902,0,4,1,3
0.3309228075425131,0.3488379996329108,0.4366352116293819,0.976769585960868,0.0037454472079315,0.8452254252479522,0.9635623795861946,0.906049977371184,0,4,1,3
0.8715378046163751,0.6985586503439029,0.50407991554852,0.5061983797090244,0.1540976579858327,0.9405721401221396,0.9330040715763463,0.4878292820948428,0,3,1,3
0.8780353452013635,0.6923761913893548,0.4956513558871933,0.506515409720502,0.1599946149252846,0.9341332838587436,0.9285391925662158,0.4871300353940506,0,3,1,3
0.8044226130372724,0.9920145968588115,0.2262770066220025,0.1962532673262155,0.0958870806442566,0.8204561428470749,0.3622360027002222,0.0314403306394241,0,2,1,3
0.5425436954808608,0.3308100358709318,0.0551718216379743,0.8926552661343916,0.1811362150231882,0.20558705420739,0.4640489020788796,0.5207367056065749,0,1,1,3
0.3336473750997255,0.3482283460709751,0.4432923941396057,0.9798428388969338,0.0072580661511558,0.8402448304486299,0.9683265706143112,0.9081351080744142,0,4,1,3
0.6502543654598342,0.9577122774811366,0.2430479872064904,0.5036586531177603,0.2894965265714347,0.4287480207978809,0.7540246103822322,0.3847082514767497,0,0,1,3
0.336825485876543,0.3334264879784487,0.4278873246245672,0.968882302041204,0.0009898369490447,0.8393655444976938,0.9762267682289664,0.9098656811158694,0,4,1,3
0.3267055495013926,0.3559988141858202,0.435493936228369,0.989551900113561,0.0009467709791583,0.8541017867043087,0.967655363360947,0.9208172022752747,0,4,1,3
0.6539309683787508,0.948009977069787,0.2399783576909116,0.5052480467530442,0.2935023128876664,0.419422745979444,0.7491838095498893,0.3772168877065232,0,0,1,3
0.6619108790317653,0.9507103007118162,0.2424040140134928,0.4852232935943302,0.3103452384655793,0.4337177915440418,0.7364891321193896,0.3727681350352759,0,0,1,3
0.3363317791856304,0.3436610305220162,0.4385973483082787,0.977926616301622,0.0070775810333472,0.8439925317355187,0.9727577523127906,0.9127516825354643,0,4,1,3
0.3295507918138636,0.345016571388896,0.4318316815478176,0.983762548264702,0.0008836988765137,0.8516221054719161,0.9660329554707732,0.912359494303035,0,4,1,3
0.8698376815885678,0.6992931992471911,0.4901807069640831,0.5108276213305812,0.1548427886574302,0.9389955585634008,0.935888624107088,0.4876811359138861,0,3,1,3
0.64125167841552,0.95340284089788,0.2542548485164175,0.5182601538756336,0.2930248051989403,0.4382920031347004,0.7675189735828749,0.3729971749826491,0,0,1,3
0.6527085877661658,0.9579672138470012,0.2537389711537218,0.5067048757088779,0.2855455265397408,0.4370789221529026,0.7589189057130467,0.3892828670215238,0,0,1,3
0.3328770721269177,0.3468751429576443,0.4365467053019949,0.9794528831471936,0.0056000206159742,0.8482122790113912,0.9686896625107816,0.9135342123636332,0,4,1,3
0.5371993250975658,0.3170350743948805,0.0706347583483563,0.9127616968795328,0.2121358086987189,0.227582470661238,0.4822218035372745,0.5595830253781782,0,1,1,3
0.6585703194952481,0.9418046855372022,0.2377665676516534,0.5019883710969542,0.2693268082211154,0.4236363082488199,0.7547954609429101,0.3673326952135373,0,0,1,3
0.7952608072306491,0.9896581266247716,0.238391087445683,0.2087266744279044,0.1020313451496008,0.8195877749621447,0.3636299391425398,0.0252124901010237,0,2,1,3
0.3263924991002365,0.3525260554980046,0.4546456368936052,0.9774107350021644,-0.0020020475685675,0.8627992889369218,0.9827367317654366,0.9288963605099672,0,4,1,3
0.6519745256540148,0.9506242617746088,0.2411293168639355,0.5065044579163415,0.2876962597177105,0.4219638600467587,0.7501041580690513,0.3877717372660215,0,0,1,3
0.3470316070174716,0.3297572770562145,0.4349888495724565,0.992361150923333,0.013134427658982,0.8366782772261336,0.9839897874726428,0.9284288417534766,0,4,1,3
0.35222735571016,0.3409788989517862,0.4445707862055773,0.9680811717178158,0.0164062696440821,0.8416206492141446,0.9740844858423724,0.910958607738368,0,4,1,3
0.3283482041028838,0.3429474394766058,0.4350066175845694,0.9683511797634898,-0.0014885175476958,0.8493601528845139,0.9608196666103062,0.9020156691694726,0,4,1,3
0.3585704594100906,0.329937297211246,0.4304459990501031,0.9681527185565002,-0.0137737243486636,0.8405583342514262,1.0123250057394737,0.9103562878023858,0,4,1,3
0.6540293591056565,0.9546106953697164,0.2407394805251858,0.5090509284770871,0.2857463774345913,0.4238687367822655,0.753395715223589,0.3870503955413632,0,0,1,3
0.6630506130229865,0.9649953324343546,0.2518400535233286,0.502126700877011,0.2883310167985619,0.4124079687156928,0.7426466642505082,0.3885655955896192,0,0,1,3
0.5175246906957535,0.3096508905163014,0.0730514488589264,0.8901477359931156,0.2085908095176608,0.1965343041733718,0.4660252672351923,0.5484238975206379,0,1,1,3
0.3101930316545226,0.3556178431564731,0.4593827786474376,0.9588201653864838,-0.0079488000800259,0.8558122048331493,0.9753247709691252,0.9157111600135998,0,4,1,3
0.8733433332698985,0.6971955982065434,0.4964475515007887,0.5076390091408416,0.1634559254061053,0.9375837770281876,0.9281318198433832,0.4852245346139745,0,3,1,3
0.6505333421745856,0.9460292649775028,0.2410792849370025,0.5134800611685453,0.2935619084109793,0.4203286587603083,0.7566667074616329,0.3874478576813173,0,0,1,3
0.8825538249427706,0.6826272853456444,0.4948824185426422,0.5115754072159867,0.162139118921939,0.9331026115647484,0.930104458481881,0.4783308053073802,0,3,1,3
0.3418251794789497,0.3411434730238146,0.4454491050091942,0.9673486607272528,-0.0003250021094306,0.8476933619278026,0.96233406120399,0.922867622457105,0,4,1,3
0.649281952409829,0.958594213014408,0.2467690670870862,0.512828556181157,0.2900651308370273,0.4293902385387116,0.7556696458701319,0.3812274610153179,0,0,1,3
0.3236044681749477,0.3487497514451177,0.4364386906639955,0.9694600274205862,-0.0005930421119798,0.8560802796679535,0.9744166126300178,0.9195754982442512,0,4,1,3
0.8755234019761775,0.6919291365363268,0.4984198736519621,0.5072263309068751,0.1590553298562637,0.9314347261139736,0.929217061572806,0.487906330550842,0,3,1,3
0.3390401819020914,0.3316065370304237,0.4425225512473321,0.990191477863662,-0.0031295279777291,0.8525791546713427,0.9767933215243771,0.9283498508726968,0,4,1,3
0.3331881053221209,0.3455154022769755,0.4442233809328925,0.9762624660224644,0.0020060264719575,0.8439136446524871,0.974247904712544,0.9199032357972086,0,4,1,3
0.6603094603636366,0.959773065349013,0.2541896645482012,0.515583257202355,0.2844574396323805,0.4326488862303823,0.7424937741959133,0.3953432125947232,0,0,1,3
0.3243744419565801,0.3395798471819056,0.447297581235585,0.973388060750588,0.003328998942162,0.8526983764618729,0.9722154995707034,0.9155407555769828,0,4,1,3
0.3357496309393615,0.342737796180278,0.4386685187832992,0.9785036565857346,0.0077752880939666,0.8465981815959578,0.9695039250779304,0.91245512986666,0,4,1,3
0.6360513369927874,0.963388499028949,0.2492377405330515,0.5065018285873518,0.2712615746841559,0.4160197444227009,0.7411057855381169,0.3952196560274513,0,0,1,3
0.6482010676062147,0.950412331086106,0.2418945733528896,0.5028310691848752,0.2916229539096028,0.4183617201507345,0.749465765828406,0.3894656601599969,0,0,1,3
0.6432758932939993,0.9419645658775716,0.2367321308506863,0.4986567271687897,0.2969762855325056,0.4203002537060873,0.7424993749655302,0.3930175476672259,0,0,1,3
0.6513643140619612,0.9503592804726864,0.2407832301007591,0.5093796055982007,0.2878360340054122,0.4228960165802896,0.7522120969674342,0.3879263345443535,0,0,1,3
0.8765292651282541,0.6855624546074749,0.5037435794457856,0.5013632105606329,0.1630168015230604,0.9247503591282338,0.9365434371068492,0.4936171120918599,0,3,1,3
0.8800657292194717,0.6962038439426411,0.5003173070813889,0.5035706907784578,0.1607524842140026,0.9277250003456492,0.9248459908533035,0.4852628248125926,0,3,1,3
0.325309089063737,0.3300766145313873,0.4436569617597437,0.9819898553863112,-0.0047405485720964,0.8596124885667579,0.9545169011608478,0.9208279714961268,0,4,1,3
0.5449647469373333,0.3224830517995042,0.0561613684151915,0.9060498713892312,0.1998261463319323,0.2078965273878315,0.4780065773944453,0.5429180141444477,0,1,1,3
0.3244590664136763,0.3376323562485249,0.4536014276500636,0.9723836202777454,-0.0085090915657797,0.8556466326262295,0.9813133043602648,0.9400131836910046,0,4,1,3
0.6498906922151586,0.9542416921392504,0.2389763807987112,0.5133747445140309,0.2886856138462599,0.4203470785270245,0.7510759777992461,0.3783505912850273,0,0,1,3
0.8219842223009255,1.0016263201927498,0.2029784099919726,0.1909612546428916,0.0756145199133171,0.8059801951369849,0.3811395798600031,0.0069163223369994,0,2,1,3
0.6573917496119371,0.9595975059655372,0.2387730486551718,0.5097475535649644,0.2807354224276152,0.4264043849077327,0.7416432165458667,0.3884763668665996,0,0,1,3
0.3294199886253605,0.3434786993272978,0.4472350588546632,0.9842802823510284,0.0194830503136814,0.8313955562831212,0.9702552621263192,0.9033517485445722,0,4,1,3
0.3144976564089958,0.3654135733996778,0.4551256230086907,0.9642328788373148,-0.0128697632471058,0.8383303043296592,0.9887860332179228,0.9183898543041312,0,4,1,3
0.6516406143816826,0.9519195244850148,0.2428966967005681,0.5086540579259181,0.287135783417748,0.4231516952250954,0.749886972586715,0.3847111851844769,0,0,1,3
0.3338293643489303,0.3436677840679046,0.432870744576809,0.9796216195267498,0.0076185015876068,0.8454767783094583,0.9654994532327286,0.9057908343049804,0,4,1,3
0.3296496281005515,0.3365417916941439,0.429739110003138,0.9780006836611488,-0.0039098480515657,0.8527501358432051,0.9683461629636116,0.9172562211397256,0,4,1,3
0.3707072666994565,0.3253863240602739,0.4461097936212626,1.0050796790358083,0.0381896582800201,0.860655324975156,0.9790778539395076,0.9287790324558152,0,4,1,3
0.3295686369342061,0.3302901614999229,0.4393209303233443,0.96988636628754,0.0073093769699523,0.8516813436087154,0.9660897066350336,0.9105893170078198,0,4,1,3
0.6491280311959194,0.9376470523748776,0.2389809094319594,0.5062087862228858,0.2703754645345342,0.4293090508625823,0.7705116566514557,0.3677682055512593,0,0,1,3
0.799155586983163,0.9971091360126132,0.2269175057266808,0.2003122177322724,0.0927352675274027,0.8194736744324258,0.3623132441914035,0.0275000829948382,0,2,1,3
0.8741706835899321,0.6905848321564898,0.498956171132094,0.5075434817970568,0.1588801936181271,0.9312279424067468,0.9290070002007144,0.4872461863051096,0,3,1,3
0.8755461443127494,0.6847248340693683,0.4976525812835068,0.511107995658111,0.158433513342839,0.9431986802860796,0.9287982623895196,0.4821378799928486,0,3,1,3
0.8736488272307512,0.6994011987661187,0.4911582962048654,0.5039003913262647,0.1359868663620911,0.9065346914805628,0.9028758797803408,0.5207094988724228,0,3,1,3
0.3299191691634564,0.3462935853070062,0.4351151675058264,0.9712582728730068,0.0143292635437546,0.844899767712142,0.9708934364909378,0.9103358461620326,0,4,1,3
0.339542360277156,0.3444602911623221,0.4401521944913736,0.9741003825909595,0.0084893110235443,0.8423136017788689,0.9735596705176216,0.9126971027099006,0,4,1,3
0.3361055401264189,0.3398337924410154,0.440919423404806,0.9764328861571984,0.0081309456731361,0.8460203415629558,0.9708888897773088,0.9169696366890132,0,4,1,3
0.8735069521520411,0.6894643554170851,0.5011274433790812,0.5085644407085494,0.1596521968216926,0.931666295608876,0.9265962338044412,0.4867879272687228,0,3,1,3
0.6578250155312425,0.9542265934004504,0.2321708219278279,0.5060317760817978,0.2909670009489921,0.4250219705157069,0.7435093080847608,0.3950592782792586,0,0,1,3
0.6716471451689576,0.945735866877964,0.2286872760171586,0.5147873426698778,0.3091184476610761,0.4181755979975918,0.75205585490688,0.374809288478676,0,0,1,3
0.8662894425145317,0.6760721621029541,0.502419741157631,0.51167564470018,0.1690427391736307,0.936348516749857,0.9234763946336916,0.4975214018872091,0,3,1,3
0.335492276825422,0.3410307005675452,0.4438936878675771,0.9767429995521,0.0071098458179251,0.8420221812880907,0.9683696931798051,0.916258505913905,0,4,1,3
0.3406647210528032,0.3368084575556589,0.4353545630276241,0.9700756469977592,0.0102620589029154,0.847360971063323,0.9699746455648016,0.915386738412334,0,4,1,3
0.6131392651619205,0.9609129609425467,0.2310465934087289,0.5001911366932834,0.2706257014474365,0.4373526763594879,0.7463371176841954,0.3676289360887278,0,0,1,3
0.8568300923598346,0.7075735763835529,0.490496792106712,0.4854307816750586,0.1860243663669835,0.9146314388697128,0.9459990906353432,0.5065694936903744,0,3,1,3
0.8614763578555297,0.7089946030188659,0.4810340525864571,0.5054753728212682,0.1721624707680983,0.9442735388855402,0.942455820747662,0.465151332826756,0,3,1,3
0.3615470746039908,0.3379359850314219,0.4361937705932818,0.9560835583643248,0.0054784924228215,0.8357813247511828,0.9764781263009384,0.8963377770918497,0,4,1,3
0.8734189722771124,0.6849824596208516,0.4966783752898489,0.509997835835678,0.1571948936534125,0.9357717830666532,0.9348845924795316,0.4828722197603486,0,3,1,3
0.3326064273828872,0.3429935605375365,0.4381271288919404,0.980886307238362,0.013554614100119,0.8494705695796316,0.96454604373504,0.91144947632704,0,4,1,3
0.3274325694849772,0.3427274367370986,0.425897192913049,0.9601263369182254,-0.0044295900343334,0.8577878434242627,0.969321555284413,0.9166409464066706,0,4,1,3
0.3186128018075361,0.3503077587122805,0.4495840236657231,0.9607386789669978,-0.0085822374750535,0.8349305288573203,0.9758501300873816,0.9166257309106968,0,4,1,3
0.3211642854839082,0.3496358221883283,0.4567599827210766,0.9945643270453898,0.0137534349222706,0.8325248256849543,0.9492559400126608,0.8945593460582587,0,4,1,3
0.8880923178791217,0.6853596575495171,0.4943326788689315,0.5030063933119086,0.1576592661183191,0.9368986626964,0.9136973501869188,0.502963640686022,0,3,1,3
0.8111001719909088,0.9958971213031548,0.226940171155175,0.1891947453551354,0.1028013799627093,0.8248715086502247,0.3662459507278787,0.0383742944537648,0,2,1,3
0.8653881326300623,0.6806731979985318,0.492951825595363,0.5222420037442503,0.1676518100942446,0.922930078761904,0.920500559812944,0.4806281290981964,0,3,1,3
0.3260324299118763,0.3499465172466203,0.4218594750080148,0.9643216157964076,-0.0036289059159871,0.8351715344205967,0.9502588021459856,0.9039093051431272,0,4,1,3
0.3259824759119076,0.3425925504486952,0.4344168389916871,0.9631978305328148,0.0100210481513257,0.8453620863396405,0.9828010935987468,0.9159559041250336,0,4,1,3
0.6572276022789961,0.9527328540855602,0.2360345964929769,0.5059774909342101,0.2820042745192551,0.4143328127875413,0.7440945812043139,0.3809990562289801,0,0,1,3
0.3314975001515105,0.3417624607474422,0.4437747965237164,0.9741195405886172,0.0040921293370059,0.8410071015664033,0.9660339130040088,0.9158090559522404,0,4,1,3
0.5464498713485504,0.3209263531005132,0.0584776034936777,0.9074206372012916,0.2011291324594161,0.2098063150844892,0.482504925256385,0.5450481554897936,0,1,1,3
0.5456105025159729,0.3083354267484607,0.0435677595980252,0.9020046927335872,0.1927487661952269,0.2023592027609333,0.486793064196817,0.5386909085557422,0,1,1,3
0.6499469311549281,0.9526402311267717,0.2367371104650557,0.5083081817727292,0.2809705876331861,0.4223980865814927,0.7457989993516306,0.3800601957599086,0,0,1,3
0.6523171956019037,0.9505492702192172,0.2454759843352602,0.503346173632497,0.2902649223114217,0.4117309650379663,0.7389660456481842,0.3781531239630971,0,0,1,3
0.873741981111169,0.6900195033126046,0.5021566401816283,0.5080525913679961,0.1581856483119624,0.9290536001622142,0.9268710662893774,0.488296896578733,0,3,1,3
0.3373144761423061,0.3368286814700301,0.4355563403716218,0.9781739309749562,0.0096556890692073,0.8387236433162301,0.964875042917862,0.9148947601161987,0,4,1,3
0.3422884787090749,0.3466751671889106,0.4429891642803366,0.9724056799445314,0.0077359764957669,0.8447157771657784,0.972070432928136,0.9118474638645456,0,4,1,3
0.6511782739964624,0.9493037020737634,0.2403174678937112,0.5091060079900478,0.2862216491822998,0.4216441636405565,0.7456292265213385,0.3850328420053243,0,0,1,3
0.3341161649470388,0.3489631952621577,0.4409171427072112,0.9746548784549032,0.0091801185566029,0.840270078945291,0.971037775557396,0.9154161857314188,0,4,1,3
0.8706360257348017,0.6942909080326858,0.5042407080377883,0.5103046349090323,0.1563382094324434,0.9322039780886392,0.9285198751735396,0.4855146686836141,0,3,1,3
0.3163145561826493,0.3319014531427888,0.4648354218522572,0.9801781503041525,0.0079296554415635,0.8265889052958966,0.9854326832500124,0.9208759379654154,0,4,1,3
0.6308937531628621,0.9382373192513276,0.2640432945416178,0.5068992106339603,0.2806177497441108,0.4045273066830742,0.7350274759731347,0.3887180177855389,0,0,1,3
0.3373263861435533,0.3369551904433503,0.4399237557177103,0.9746190068293802,0.0106114568273486,0.8469423430545605,0.9694969234859176,0.9150088657711708,0,4,1,3
0.6579569516965967,0.9278957515784614,0.2393387252317699,0.4867771041493751,0.2908838004319896,0.4175066504172742,0.7395038477632134,0.4033157893759318,0,0,1,3
0.6408406256367678,0.9523411256297636,0.2179185726970766,0.4918380333361572,0.270121382541218,0.4259722661417721,0.7505731562506157,0.3825472427055069,0,0,1,3
0.3550436935434912,0.3458583672379599,0.4366065218543057,0.9774895558609138,-0.0109164076867047,0.8591064855732584,0.9820521127978836,0.9293947063330436,0,4,1,3
0.3383589299942331,0.3400800760113763,0.4437102833255048,0.9767912859145887,0.009169733986366,0.8431596520046848,0.9708477687348332,0.9173244192903351,0,4,1,3
0.3398709283141643,0.3307402938782096,0.4328252389602848,0.9796603942754992,0.0179822002897926,0.8509150656148377,0.9610004845136894,0.919067631542202,0,4,1,3
0.3367427266176181,0.3646690257524505,0.435180129010875,0.9767855735846,0.0157577502565889,0.8258997881347375,0.9816005532662164,0.8921841895869483,0,4,1,3
0.3477660429919582,0.3211439125819673,0.4628315118124594,0.9807580004384848,-0.005116757033258,0.8749205165849985,0.948727080727818,0.9295628589101438,0,4,1,3
0.3462856709406303,0.3633106535101523,0.4615808580778828,0.9697580061103648,-0.0195581324136395,0.8502982264833161,0.9555912314339372,0.9356531305531331,0,4,1,3
0.3499181265255099,0.3389045138470851,0.4126089480804841,0.958021391335894,0.0355924887671936,0.814797312903706,0.9442729204880586,0.936101139052832,0,4,1,3
0.645545066998796,0.9550397398630972,0.2386374010404606,0.5043209812209887,0.2821675054797462,0.4182337983390048,0.7466073666129496,0.3892056350644208,0,0,1,3
0.6544576757161752,0.9436821529476044,0.2335058948422424,0.5088350160723523,0.2897460715303481,0.4166013223452277,0.7465971189753964,0.3874926814087515,0,0,1,3
0.8711863167509671,0.6826881801875634,0.4988116500289586,0.5042534890509311,0.1565729332294549,0.9248544313881356,0.9213170102152228,0.4845850603176044,0,3,1,3
0.871869303373687,0.6896551028922258,0.5025783669786053,0.5023331266956985,0.1535988591141808,0.9233229956230276,0.929657234053349,0.4900723299069357,0,3,1,3
0.3518248985135533,0.3415325885759913,0.4505502575660749,0.9657158967382397,0.0023579390275942,0.8542756792554628,0.965921643199392,0.9039468838724072,0,4,1,3
0.648811723254882,0.9501693702483044,0.2392871869499758,0.5095772213856288,0.2843831457014252,0.4210692180471809,0.7464006705615411,0.3851750890909419,0,0,1,3
0.664752474890196,0.93955161863811,0.2238352730529793,0.5073142183360079,0.2956726300022959,0.4036846243692214,0.7573535152453359,0.4057768363319138,0,0,1,3
0.8759872387867094,0.6845678449333578,0.5068217284350816,0.5122355229618473,0.1557495347052815,0.9285796946246072,0.9272399542670816,0.4897788120474046,0,3,1,3
0.6576107026792429,0.9462347647414722,0.2392066357931482,0.5214047577078411,0.2880153212800828,0.4114809113263571,0.7521147957957293,0.3773204621583531,0,0,1,3
0.8704482667655573,0.6774003569197781,0.5056656229201844,0.5085324547676864,0.156433125709637,0.9318443085603788,0.9291731423259884,0.4948229111824006,0,3,1,3
0.3398116795541523,0.3392053520565705,0.4437909727191144,0.9729539410947918,0.00807063749964,0.8433694330542342,0.97060465884519,0.9153987947667112,0,4,1,3
0.8718619827650645,0.6867748722400631,0.5030497177180273,0.5096642004669278,0.1583305969373849,0.9295156295942404,0.9271421539510268,0.4888762054459389,0,3,1,3
0.3423222338606884,0.3302034129494006,0.4451557757378588,0.9666056966725304,0.0208429204425108,0.8225637300454459,0.989304329594122,0.9221035830169144,0,4,1,3
0.3397349586681903,0.3287898919298821,0.4514061747692833,0.9757170247464012,0.0177304907548253,0.8370903454066481,0.9739887870420264,0.9258734334922304,0,4,1,3
0.3414662851147281,0.3398754269719236,0.4463296573530935,0.9736591199953074,0.0059622551354269,0.8455016000562248,0.9688969011873214,0.9163007345878316,0,4,1,3
0.3784556973293389,0.3655759614620079,0.4216566940780124,0.9402128132157496,0.0026214467267264,0.7959009524678722,1.005798680480562,0.9367898641112578,0,4,1,3
0.6721352790941121,0.9543189253884152,0.2211113891022451,0.5070596132050238,0.2608674658663343,0.4245127493969627,0.7475580259784139,0.4061950709743121,0,0,1,3
0.3396722591486725,0.3389160997596885,0.4437727311297583,0.9722236387344,0.0082945894765953,0.8429355684913941,0.9707467107850558,0.9154433451350472,0,4,1,3
0.3430165970403975,0.3428255897151109,0.4411632901953163,0.9748172935923676,0.0115455397614782,0.8407862895211661,0.9697923946642982,0.9166083365553244,0,4,1,3
0.6497748226549448,0.9499792294924372,0.2379245915630748,0.5087821591221046,0.2823468864637949,0.4226341086151012,0.7469990171009614,0.385827149979807,0,0,1,3
0.6450148273693024,0.9543037988073476,0.2335537904496011,0.5110445457075434,0.2840302413497931,0.4159879929158606,0.7406130140107728,0.3797074729639484,0,0,1,3
0.6311203143982332,0.9511919962762536,0.2372763939710454,0.509511520497954,0.2867383302864416,0.4305298425138057,0.7321832706511151,0.3677457123846497,0,0,1,3
0.8740584243483334,0.6831405187348356,0.5070752311754684,0.5081444084811028,0.1574770386582163,0.9324268022113652,0.928282367549283,0.4917057528028594,0,3,1,3
0.6550674606373861,0.9503816999327396,0.2395833658374505,0.5106965088589173,0.2887292278529759,0.4165183050213272,0.7435143684249071,0.3793824890090231,0,0,1,3
0.8073906400681743,0.9993150756502812,0.2242409028512762,0.1973824867758749,0.0913973651802292,0.8140420516361868,0.3576945930670586,0.0386536901552317,0,2,1,3
0.657492574584459,0.9631532087538288,0.2276068244481874,0.5147120784889532,0.2806164319405564,0.41335976354653,0.7580508383240849,0.3901160024716424,0,0,1,3
0.8718431881781902,0.6867472720300419,0.5028048250704823,0.5097756003142849,0.1593337861101662,0.9269192587549668,0.9254741657803665,0.4880756978334882,0,3,1,3
0.6402610203102315,0.9426920616605488,0.2414453479711999,0.5180997587345244,0.2786962505270116,0.4181087967593847,0.7491545523679807,0.3850042061253782,0,0,1,3
0.3432245791482601,0.3156195569752199,0.4645454465691377,0.9505604199541496,0.0069444463366809,0.829758683301609,0.9819459903110068,0.9411489236304847,0,4,1,3
0.361692930477913,0.3393685643479588,0.4287671951658162,0.9662260307996132,0.0305819296054183,0.8292439847883691,0.9630196925993778,0.895196798761813,0,4,1,3
0.3419028080214489,0.3348715864154654,0.4466433065310584,0.9701549442215582,0.004734739177813,0.8433804808566878,0.9741772544739185,0.9124776970467644,0,4,1,3
0.6426060249498846,0.9575507538593656,0.2417901998324493,0.5173737441917436,0.28288797207937,0.4187658241611755,0.7383426595940878,0.3896895045846436,0,0,1,3
0.340756011400858,0.3382950458006267,0.4448300643651447,0.971717122500614,0.0085568604816618,0.8428399614771375,0.9704354477485408,0.9155366684840586,0,4,1,3
0.8710752098437866,0.692240216320681,0.492848317778221,0.5145039173754726,0.1570259671267577,0.9324827724797604,0.9159565196035828,0.4862751785713259,0,3,1,3
0.650834049474073,0.946714731843818,0.2408794884058952,0.5125044489946682,0.2797365954368763,0.4210215281966766,0.7423665025895103,0.3810982340983745,0,0,1,3
0.343406928499514,0.337769401407714,0.4434995803289531,0.9727830163313618,0.0052940285661148,0.8449869527871723,0.9706092764270988,0.9122655522799848,0,4,1,3
0.3217635926920568,0.3426008504613729,0.4527916520248478,0.9890769869778896,0.0288246625339699,0.8341296253730083,0.9560731041443596,0.9332428587656904,0,4,1,3
0.6521653234225614,0.9402128280799872,0.2467002996342416,0.510798901255626,0.293460224166571,0.4233380221430486,0.7444113475795535,0.3863073595928846,0,0,1,3
0.6488967227430084,0.9486159878003236,0.2359485750345342,0.5112788288437082,0.2838689785127833,0.4189734751849417,0.7447808952327805,0.3843276908145338,0,0,1,3
0.6524773378674716,0.9584864350405096,0.2452450153763188,0.5123811719693738,0.2903206963493907,0.4213244055344675,0.7383924595509705,0.3845414478488108,0,0,1,3
0.6500670265698677,0.9463533337447664,0.2396495236871627,0.509056291146835,0.280680208599328,0.4221521740437861,0.7436826063366617,0.3852907107088134,0,0,1,3
0.7934510699711507,0.9921704911244162,0.2176924664698037,0.1849734584537704,0.0867185864226149,0.816345784848139,0.3539596561617532,0.0317120672756534,0,2,1,3
0.3429474719072249,0.33655996087899,0.4457908663573482,0.9671871914573348,0.0148414772399188,0.8408480112044467,0.9770026442177612,0.9096307526008196,0,4,1,3
0.6195020805146,0.958686253384598,0.2340326848147119,0.5030816167960005,0.2795647562830595,0.3924572132881139,0.7747111212104045,0.3647706457861073,0,0,1,3
0.3421982311417345,0.337937328229586,0.4453784014573153,0.972155569320324,0.0086360102291023,0.8433336968836426,0.9692051909521232,0.9157564118306768,0,4,1,3
0.8734928801366019,0.6823793705396566,0.5012076209537033,0.5136683453635537,0.1583139068757885,0.9272090981718052,0.9280637891615684,0.4865417420805184,0,3,1,3
0.3402264049544485,0.3386543007019639,0.4534390765031552,0.961880627619307,-0.0004740895341499,0.8374668313623749,0.9623783574549152,0.9160330296383188,0,4,1,3
0.3398584993460057,0.3266942932940143,0.4254800707702472,0.9655455422602872,0.0158081201822016,0.8359026170309173,0.9728052664583546,0.9138048130585597,0,4,1,3
0.8699702260880138,0.6859737567513033,0.5048878867693642,0.5104754407231155,0.1597693587437691,0.927339596421721,0.9250888814012104,0.4883425521190483,0,3,1,3
0.8692652206820805,0.6812584608964148,0.5032662164688394,0.5146320657582597,0.159498829515962,0.9238559094885336,0.9266537978879844,0.4909057577949804,0,3,1,3
0.336615621259775,0.337949760733911,0.4477627162469599,0.974142126123534,0.0064663564979615,0.84083795385612,0.9675138906470974,0.9162613818836112,0,4,1,3
0.6478628322380046,0.948091085342469,0.2362261501415493,0.5108101476432418,0.2827896906215279,0.4200769650759484,0.7433907379707655,0.3844283210827227,0,0,1,3
0.3555484503338021,0.3305894827101742,0.4461163177838034,0.9796289033163874,0.0150658528260847,0.845425794140528,0.9742118818880182,0.8991100703004377,0,4,1,3
0.646830911662534,0.9484471215157876,0.236571389199633,0.5104547732368974,0.2823792689506116,0.4203749044174066,0.7442159131140174,0.3843451155461266,0,0,1,3
0.8696071313200587,0.6671621076694866,0.502103102231974,0.5155229613799408,0.1675734268900683,0.9127489189531016,0.9069862560527838,0.4946927954017257,0,3,1,3
0.646372311389261,0.9488195389230114,0.2367227340096567,0.5109755837722072,0.2832865905001001,0.4196688134890337,0.7451578717144638,0.3838058901345211,0,0,1,3
0.3387465133277161,0.3338556661796021,0.4506125575172031,0.9634632447862316,-0.0011427995778173,0.8467335437704201,0.9706623209501312,0.912695159185405,0,4,1,3
0.6497202160077241,0.942442365650691,0.2302967195729686,0.5118063844747368,0.2814535898039504,0.4161197080362357,0.7409245943379615,0.3799596777749811,0,0,1,3
0.6505704493296491,0.9559111638258072,0.2405811362833581,0.4735361668702665,0.3044290182896558,0.4010228174903398,0.7199841222141898,0.4070301003243584,0,0,1,3
0.341916012319887,0.3387253045502842,0.4437158063118404,0.9674966794577908,0.0104778531324208,0.8396549945522719,0.9693513055727896,0.9194425859757018,0,4,1,3
0.5475045519578269,0.3151060052585169,0.0566669015644175,0.90749706642933,0.2064576892083858,0.2027456224536688,0.4824832188712296,0.5444254384269631,0,1,1,3
0.6538955258105623,0.954895007189244,0.2438522420051399,0.5169935184181057,0.2860411624094176,0.417767441927912,0.7484365508574895,0.3906244081783973,0,0,1,3
0.6472930577090338,0.9497825038925616,0.235700852482335,0.5111482137074078,0.2804710628824049,0.4195949315340471,0.7438428001216074,0.3832705351138126,0,0,1,3
0.8712457422225307,0.6763759018684632,0.50902590543281,0.5090553034845956,0.160243069271576,0.9187243470237676,0.9203049967897148,0.4841101056903112,0,3,1,3
0.3381169068072059,0.3392618424866294,0.453697072245559,0.978154398241552,0.008971669405352,0.8457635377366697,0.9743672524427864,0.922373158648222,0,4,1,3
0.6393880870159935,0.9698771635085004,0.2497771772548637,0.5554572751399063,0.2848860450795243,0.418886599611916,0.7182429671633287,0.3640751136585488,0,0,1,3
0.6430880065085757,0.9464924123177844,0.2349152429024609,0.5125722272296303,0.2834802748560087,0.4215639073556565,0.744285099648732,0.3854550212608392,0,0,1,3
0.3430325418024507,0.3440283025737754,0.4445376257545094,0.968220832285362,0.0007103507719476,0.8517668942002401,0.979063264815248,0.914819733868466,0,4,1,3
0.6476744847458415,0.9418941467868548,0.2351071076732423,0.5175645717137894,0.2779783392838914,0.4145600074141162,0.7462122742991072,0.3909303586314505,0,0,1,3
0.3426842782262145,0.3389195204655491,0.4422806059696741,0.9528378791527028,0.0065502290597227,0.8399187285869506,0.9714258475107308,0.913638768615206,0,4,1,3
0.6407386476223641,0.9463776384682966,0.2348235593222652,0.5120257146872136,0.2831348986954144,0.4212957380665695,0.7408762596205516,0.387895013839584,0,0,1,3
0.6630004338947373,0.9478496806770688,0.2251478066720961,0.5209536718153945,0.2858552783770886,0.4043573672585539,0.741798418356326,0.3709626356655416,0,0,1,3
0.6368921410133784,0.9434688996072392,0.2460534710043363,0.5286157304990782,0.2669020506320319,0.4171305644264216,0.7605289340344962,0.3986387424150702,0,0,1,3
0.3264872588039906,0.3255300881899662,0.4685350875739821,0.9836499476071976,-0.0105456974834638,0.8289879942494747,0.9666746004547908,0.9015637917232092,0,4,1,3
0.8045156053278453,0.9988069257575004,0.2225652959430069,0.1916243447262064,0.0910200764696684,0.8138526471935769,0.3559629776982728,0.0337603760200736,0,2,1,3
0.5483582118385764,0.3121769515465572,0.055911710821222,0.9089096187344872,0.2067900465971546,0.2021159899064723,0.4829940239632097,0.5471347902307345,0,1,1,3
0.3536751236421502,0.3295458530680995,0.4479899410217768,0.9835477540291556,0.0145281421077441,0.8267949404053959,0.9583077861813144,0.9037791964886897,0,4,1,3
0.3461763617033159,0.3660614653304081,0.4542946585335595,0.9912206697706282,0.0099596305820289,0.8702492505406242,0.9455108589141864,0.8869189581704597,0,4,1,3
0.6483193996743438,0.94995362691113,0.240542633975837,0.5037300690731767,0.2858130439558329,0.4263479960785122,0.7500677264214898,0.384024724473546,0,0,1,3
0.3472394286638627,0.32368062347086,0.4283859297831413,0.981083583350526,0.0279179173213795,0.8304199728683084,0.9527970999910124,0.9212140327972854,0,4,1,3
0.6609562818171603,0.9570011308357405,0.228894193799408,0.4998217544434624,0.2849417237503909,0.4101044785189319,0.7488739687669933,0.3666850033781507,0,0,1,3
0.6456690692414997,0.9479630870637056,0.236185211757983,0.5099053409215919,0.2795339255634626,0.4184966430063177,0.745448445240052,0.3827340363308383,0,0,1,3
0.3378377268145472,0.3141323295530848,0.4426633274652869,0.9903049015809714,0.0178581313654017,0.8459967369941945,0.9697718097985656,0.9097496169373586,0,4,1,3
0.3626938204847728,0.3209292133229274,0.4380332415892111,0.9774586396183536,0.0227158561000597,0.8432347081072716,0.9758822077455528,0.9044959788782192,0,4,1,3
0.6577228186352748,0.9257208728096892,0.2650649805962772,0.4803854192527166,0.2959212900586023,0.4060291146459331,0.7372778032252633,0.406517741277596,0,0,1,3
0.8753751395000413,0.685687904510396,0.5055030974537597,0.5175537822716411,0.154007127775611,0.9273461483977876,0.9227545664123998,0.4916473479098199,0,3,1,3
0.3318016942935289,0.3313665601705905,0.4487989964608408,0.9588259243164752,0.0069998368107643,0.8372724099583106,0.977336549515967,0.9216793166663252,0,4,1,3
0.3569765685347115,0.3302162394871389,0.4363209784068498,0.9829913865786756,0.0034217820674121,0.8340918291484486,0.9562673552902164,0.9245356798189204,0,4,1,3
0.3425281316088787,0.335727279796127,0.4484847743795456,0.9693257221984553,0.009688159531951,0.8416462874822817,0.9698653994047284,0.9163648939182212,0,4,1,3
0.8601815393869415,0.6784336771092585,0.503020832023183,0.5047240803156893,0.1574411318486201,0.9333881153330852,0.9298974221641584,0.4896520294126308,0,3,1,3
0.6437961315231339,0.9502849193097704,0.236880762757969,0.5129316157473698,0.2789948923024682,0.4251822166189289,0.738724004952706,0.3894542585258346,0,0,1,3
0.8695276741910638,0.6821451841549665,0.5068444297041972,0.5122995894703786,0.1591904965613542,0.926276187761687,0.9236716183079816,0.4894902822842569,0,3,1,3
0.6295914254614569,0.9590039521311304,0.2384425795534119,0.5277879366934717,0.2718874756194955,0.4156796063851991,0.7430281265029721,0.3876981093403592,0,0,1,3
0.6431258245189075,0.948530179364953,0.2359289262175314,0.5112603288286758,0.2804357164230873,0.4183927075600107,0.7409041945197288,0.3821121068880992,0,0,1,3
0.3428712729594232,0.3358279449144085,0.4486160365123711,0.9689539370401756,0.0096113624515814,0.841663564720288,0.9698279147105006,0.9165768660197106,0,4,1,3
0.6484146795581317,0.9451962895850894,0.2367663807007526,0.5098470268679077,0.2843960272681675,0.4167989360642757,0.7450700951572083,0.3816239784709321,0,0,1,3
0.6160725382637986,0.9457369757808668,0.2439557721266224,0.512202615572954,0.2741889841792063,0.4299603545592398,0.7544239093567011,0.3939059275085944,0,0,1,3
0.3342639593637662,0.3299176574692674,0.4408659258694688,0.9747676319839724,0.0005313402071985,0.8514224678700113,0.973391176253997,0.9219921011886932,0,4,1,3
0.6458275605662975,0.9466564368687496,0.233342670794984,0.5133872539148143,0.2823706912153321,0.4176063059352904,0.7429803507148718,0.3833068209821418,0,0,1,3
0.3433106123060541,0.3349593108389051,0.4485189386562586,0.9684381431500748,0.0098917877244103,0.8410255515961268,0.9701070748549632,0.9166908438006072,0,4,1,3
0.3432697425808303,0.3366868898612905,0.4505678972244916,0.969136686623538,0.0080159769489263,0.8412727044474244,0.9741668789827532,0.9188060740056108,0,4,1,3
0.6454840911396794,0.9471661303141954,0.2395619826204857,0.5124964851123271,0.2784949466743405,0.4179298526681462,0.7488987227379424,0.3768300242577092,0,0,1,3
0.6352925674725929,0.9388328152059848,0.2282994955004624,0.5126757356559875,0.2824257262252117,0.4254833387247718,0.7371731297359654,0.392662642157508,0,0,1,3
0.8692994006095576,0.6832901122162631,0.5087599557773553,0.5127965345437935,0.1599769992576379,0.9244432907903404,0.9231681622292836,0.4899635192870605,0,3,1,3
0.6489337069638421,0.9515616605271218,0.2370906453019463,0.4901239037151654,0.2957453841721809,0.4327996116747985,0.7256646913054974,0.399283985928271,0,0,1,3
0.6514065385954841,0.9453457479379191,0.2358697588104277,0.5103500250031442,0.2737769273155191,0.4201048869157464,0.7387245869531607,0.391037225195087,0,0,1,3
0.3403036703828153,0.3351044385457635,0.4276633312854488,0.9849177444067344,-0.007139353778275,0.8404205666204085,0.9689642045284704,0.8886816779549372,0,4,1,3
0.3423738666650798,0.3440685111935879,0.444032807929041,0.970254007879406,0.0185721593019661,0.836961817393679,0.9706611862306408,0.9075053538401048,0,4,1,3
0.6486076487405898,0.9466901485738712,0.2353596858583806,0.5115267014692509,0.2821222465433418,0.4179986413336695,0.7365747311674895,0.3814403318568723,0,0,1,3
0.6450858453151209,0.9467648494983414,0.2320829188706221,0.5116141771055492,0.2819538614817196,0.417442047838463,0.7431955526640194,0.3825877192503161,0,0,1,3
0.6234772411036367,0.9528100863930772,0.2372610351973584,0.510822061633996,0.2853255824981257,0.4248080103409842,0.7649468548644833,0.3853645316933119,0,0,1,3
0.3380190340888986,0.3429990827783325,0.4386438885376199,0.9628107775618776,0.0009803517472757,0.833024766247758,0.981140048496786,0.9240824248715848,0,4,1,3
0.6469284151454071,0.9442872645939512,0.2333262246583032,0.5062698811084021,0.277447973693843,0.4221563929290238,0.7361179958442778,0.3899369292570257,0,0,1,3
0.3520261301104379,0.3279008283486717,0.4405187548661592,0.9749029362334712,-0.001779543323715,0.8376348836661854,0.9648492732403804,0.9145209958972484,0,4,1,3
0.3408544767291848,0.3381177266114344,0.4371798952854986,0.9639260711616916,0.0201018602044836,0.853382241831058,0.9754364769877104,0.919363770321008,0,4,1,3
0.6400398530130548,0.948620509804135,0.2301465830698841,0.511493038785297,0.2786200214788857,0.4157281626604028,0.7382433072967665,0.3865002777286566,0,0,1,3
0.652523960477422,0.9392762461969087,0.2396374989162236,0.508953352933397,0.2720541328643588,0.4147685129773586,0.7490247646667809,0.3794964407605317,0,0,1,3
0.6464942741498391,0.9446480759794962,0.2358435136803016,0.5087682236416785,0.280762428609646,0.4158907304085198,0.7380902122604187,0.3878530416986993,0,0,1,3
0.3519154348200064,0.3501835606117153,0.4715056379498339,0.9807643932152336,-0.0107870239120223,0.8442732644685977,0.954538013276748,0.9063887857761176,0,4,1,3
0.3405260018623497,0.3422776310555348,0.4498892680170498,0.9624291736122952,0.0177166417566959,0.8334738413111503,0.9636421282455652,0.9178830991681728,0,4,1,3
0.5533298400972221,0.3121709114097349,0.0609625277374905,0.9068637834746784,0.1955012827806544,0.2098173578766482,0.4970276127473612,0.5403969709724383,0,1,1,3
0.3485348770594503,0.324804792957507,0.4526373885731036,0.9689357646915358,0.0063709709811688,0.8420191649913432,0.976060073098282,0.910623680080613,0,4,1,3
0.3430468949682033,0.3328274763426213,0.4463698972650766,0.968887197160131,0.005804110670905,0.8380422840589774,0.9708421852818968,0.9174994634728182,0,4,1,3
0.642488783019343,0.951969184809192,0.2381905176539994,0.5160575155930593,0.2854165173600841,0.4163930405097327,0.7400681175426241,0.3794373477606714,0,0,1,3
0.6440607532752065,0.94933044589008,0.2315562464751399,0.5139801014377288,0.2823707961978469,0.4155818267129527,0.7427557349555246,0.3846461385009732,0,0,1,3
0.6431379045277206,0.9465159516522644,0.2347647508260596,0.5121237232129087,0.2783610552454502,0.418649134612941,0.742169078027217,0.3829064144657398,0,0,1,3
0.3600935969566571,0.3281841054163961,0.4497581656808838,0.9610899052244372,-0.0036340616430907,0.8408236079971368,0.9701764899262784,0.929611773999834,0,4,1,3
0.646974299809118,0.944086478376568,0.2227453197178602,0.5117060316930286,0.2681051485791701,0.4071449999826607,0.744409822777752,0.3956384985220876,0,0,1,3
0.3436909421680658,0.3305754075244957,0.4462834695067365,0.9645559297162366,0.0194078435911984,0.8426217274249561,0.9718350088985748,0.9191256245672736,0,4,1,3
0.3479918638217315,0.3324538205795742,0.4487225528851332,0.9645814903578832,0.0136367127837227,0.8402875384992267,0.9717907930656604,0.920217867080826,0,4,1,3
0.3213804787538685,0.3144460666610091,0.4667948658276433,0.9487024281595356,0.0022041427929245,0.8105727683275737,0.95066487737651,0.9396917271782868,0,4,1,3
0.8657907852029908,0.68155544249127,0.5083345755944525,0.5152892369037145,0.1585140551361422,0.9250937214575328,0.9246472715254564,0.4909175277980089,0,3,1,3
0.3460546076223286,0.3158708081238264,0.4329143705908823,0.9503731137338886,0.0210730459240976,0.8237957798276943,0.966067915391037,0.929527591569844,0,4,1,3
0.6469591097573505,0.94922885436207,0.2343597888440745,0.5136168190318063,0.2776182526531176,0.4147254811594311,0.744068596609352,0.3828925503514532,0,0,1,3
0.3502460006558334,0.3455644617201846,0.4523288021679266,0.9694274817038002,0.0057223333679857,0.8430259221570595,0.97812695353559,0.924516517737696,0,4,1,3
0.3448800699011409,0.3339037127104032,0.4511163075958916,0.9665600617804212,0.0101393807746011,0.8402167835729165,0.969566213224226,0.9167376474937856,0,4,1,3
0.5553550632808314,0.3024526839857515,0.0501819351674841,0.9177690066052302,0.1966971405917828,0.2080968003569968,0.4886623241932822,0.5421718975272142,0,1,1,3
0.3534752645513843,0.3293029767765902,0.4599035749600724,0.9601930741052824,0.002882104694681,0.8431194709484863,0.978378571205026,0.910778064913028,0,4,1,3
0.3425021646038122,0.3457622641307535,0.446762948636786,0.9742341948233376,0.0174280807566731,0.8551930120423521,0.9745601590033752,0.9199005803522938,0,4,1,3
0.334441723063018,0.3341731622449248,0.4485173009879364,0.9634475486142698,0.0058511011709201,0.8424911310424248,0.9718920333531932,0.9084051097238722,0,4,1,3
0.6527054117842681,0.9328714696839856,0.2429559022816139,0.5060939422549585,0.2965941434124817,0.4040245524127333,0.7442760861057873,0.4002715226434608,0,0,1,3
0.6391330715163648,0.95716496251621,0.22254604590557,0.5157527767755214,0.288923648970486,0.4072945777124259,0.7450949394978507,0.3887166851826609,0,0,1,3
0.345991162274574,0.3336557501316518,0.4509184154519882,0.9650778201610792,0.0118590664557027,0.8405254132611004,0.970165377317867,0.9185529533741774,0,4,1,3
0.3569317332600046,0.350003827285784,0.4525476045931948,0.9627239028867496,0.0236391871181323,0.8355637824393349,0.9699822761071502,0.9171725873469102,0,4,1,3
0.6387455656059166,0.9422197243730388,0.2296430980193809,0.5142107548603752,0.2785046090157771,0.4152737958153092,0.7381855066015762,0.3818305961054714,0,0,1,3
0.8740604852618208,0.6858855553731107,0.509025259979857,0.5225116430314568,0.164031545886538,0.923823406809565,0.9226099183841528,0.4931744526655068,0,3,1,3
0.654969706326973,0.93321781282529,0.2313122768694069,0.5194720422252288,0.2907979710722301,0.4163100713580775,0.7370083802066296,0.3955815139796778,0,0,1,3
0.662609245862904,0.9523475849857308,0.2155985281109173,0.5303572531925762,0.2826556000245006,0.4147931617419063,0.739227757078986,0.3734715068825963,0,0,1,3
0.8010323372475293,0.9846120740856316,0.2077069814753993,0.1948420931368201,0.0908995409478284,0.8023232866938366,0.3660753074423994,0.0527004298331407,0,2,1,3
0.6497840624910851,0.9372400100393736,0.22868715653396,0.5149423090905866,0.2855559273311885,0.4142864342069758,0.7347143108747589,0.3794888363589192,0,0,1,3
0.3500029553651301,0.3457472827832339,0.4455499243616364,0.9584424175731758,0.0201500451247811,0.8283611830484495,0.9722633586022982,0.9105875287732178,0,4,1,3
0.6386795039412376,0.9565584305685406,0.2229536174689476,0.5232515943454246,0.2908584227345169,0.4135236405432838,0.7344337627561971,0.3911795514670241,0,0,1,3
0.3553222610402655,0.3311508577919363,0.4481388921521021,0.9619639714451464,-0.0003001802237567,0.8468436428538132,0.9643832188618058,0.9061378249928064,0,4,1,3
0.3441606223054174,0.3436505636918222,0.4720203567178894,0.9649444060120912,0.0331810861120313,0.8253846668334911,0.9674787709325604,0.9199504853877708,0,4,1,3
0.3375822823623765,0.314328509963615,0.4359881075989778,0.963822224971114,-0.0089247805428581,0.8610987424865144,0.9717325790968416,0.9113226925684176,0,4,1,3
0.6422586421013383,0.9455795427800948,0.2316035321447368,0.5125433092589559,0.2783123412955779,0.417822653549219,0.7389993169612489,0.3831399653656419,0,0,1,3
0.346427809514561,0.3407059189901834,0.4609977355311293,0.963567017699294,0.014286753980418,0.8309498153817186,0.969528496001994,0.9193488910406452,0,4,1,3
0.642909136571443,0.945173692761019,0.2310929592190816,0.5124308270020212,0.2780849879664153,0.4178825993870582,0.7389526413074653,0.3834258729569256,0,0,1,3
0.8703200445545451,0.6879424682057247,0.5088240717903715,0.5193152112314989,0.1630145862422515,0.9158973430589497,0.9159174883247042,0.4795429327189517,0,3,1,3
0.6341611362498981,0.9463278481141538,0.2381358179748654,0.5235510442652204,0.2845575894578628,0.4197524977621847,0.7385910335206204,0.3903551841278722,0,0,1,3
0.6417895854922089,0.946122900909366,0.2310173192166155,0.5135427408977643,0.2778651744019444,0.4185765744026841,0.7394216945563301,0.3838131290812975,0,0,1,3
0.6415977004845569,0.9428945245250456,0.2325331855575866,0.504555061073815,0.2752934534350869,0.4296814711921921,0.7279327720551833,0.3716907134584131,0,0,1,3
0.6308245410634685,0.9494056060292576,0.2212632462437541,0.5198002046007659,0.266841205254031,0.4231802669871225,0.7275444854935831,0.3767718908645538,0,0,1,3
0.3450314291751047,0.3325522000976931,0.4521680153688764,0.9661671666743114,0.0106346579114656,0.8396276859343728,0.9694045000049656,0.9179791546746456,0,4,1,3
0.6671766284953005,0.9539236303385172,0.2155521152491853,0.5307181185658443,0.2916293399415358,0.4269336023516206,0.7520347147954961,0.402054131756458,0,0,1,3
0.8700268730200734,0.680237496242209,0.507837318497835,0.5178922054421224,0.1545885200978458,0.916074141125186,0.91396501807844,0.4826186604340924,0,3,1,3
0.3451603630032857,0.3235868420749144,0.4500204942334135,0.9760716155282486,0.0175031943106056,0.8503616690220761,0.961498778923548,0.9324213428031168,0,4,1,3
0.6298374558942789,0.935303023980079,0.2437137608713059,0.5198016032958351,0.2878248633913761,0.4176978139889383,0.7254466121501795,0.3699078168420288,0,0,1,3
0.3485375325363759,0.3363609176640822,0.4555654365564207,0.961263961564874,0.0139135063456509,0.8411845295794498,0.972187969792324,0.9190847141445542,0,4,1,3
0.3503459710253034,0.3285230888178541,0.4539604527985219,0.9665026040618492,0.016456928770696,0.8375600022972927,0.9685162457911476,0.9219766332235412,0,4,1,3
0.8661389730636003,0.6785159915163835,0.51062131228229,0.5152785788523198,0.1609371698259301,0.9237248688518824,0.922708042623792,0.489246168287998,0,3,1,3
0.863746215810809,0.6770171650905807,0.5123084417233128,0.5140746806244842,0.1617110496858149,0.9218662417181208,0.9211585701417684,0.492286585382335,0,3,1,3
0.336273398056273,0.3517865377494275,0.4592383602889862,0.977482123366492,0.0110541894264757,0.8184377397838837,0.9543418108017956,0.9166027664626648,0,4,1,3
0.8582495720313088,0.6827414202616661,0.5209244513307484,0.5106247858768286,0.1685382054354721,0.9231052571338864,0.9160030353492054,0.4915753469732857,0,3,1,3
0.8650514424561923,0.6775965192268938,0.5110260028512311,0.5156071319266574,0.1586401492171235,0.9235337604194482,0.920230935685508,0.4918371801649527,0,3,1,3
0.3441172072090662,0.3324162046680203,0.4536659730448152,0.9629903923134884,0.0128402965780317,0.8381557501153428,0.9718675023101264,0.9184458779060544,0,4,1,3
0.8561776871379663,0.6897559644147281,0.5189748447767601,0.5144427502179718,0.1610249110201813,0.9116109813549615,0.9294696874524584,0.4922031214045779,0,3,1,3
0.6482560639713912,0.9500473685089036,0.2271094807718139,0.5078487595545408,0.2801410003807442,0.4221805273809402,0.7369658117878912,0.3871363151388857,0,0,1,3
0.8644038815273019,0.688412000603843,0.5009586174129421,0.5101923592991617,0.1563049844113849,0.9174931779264696,0.9150181841622664,0.4956639560835878,0,3,1,3
0.802081320251436,0.990660788276738,0.2156636357821161,0.1913336682245857,0.0956523090422585,0.8092920290165669,0.3480407799477161,0.0407961111347943,0,2,1,3
0.3512524813109081,0.3102907923562693,0.458947811219507,0.945011045917175,-0.005763760500677,0.8287299849820704,0.9665049697112924,0.9146894150102794,0,4,1,3
0.3433229519161829,0.3397236556804378,0.4517960058678085,0.966158106623949,0.0035459464157836,0.8447179268893679,0.9654238574130308,0.912545606020838,0,4,1,3
0.6417515766530962,0.9432852177389852,0.2333134387075556,0.5153534233221602,0.2781684469065514,0.417912229574206,0.7354348842563562,0.3827381995930145,0,0,1,3
0.3554307364620611,0.3374292742908114,0.4426952680599148,0.9647183901339365,0.0105728507605762,0.843860094868517,0.9625680576215688,0.9111421879960312,0,4,1,3
0.3469934878024547,0.3423476702986616,0.4479741310440889,0.9609346497748252,0.0108820731751083,0.8309583000849439,0.9575447295234256,0.915567572180912,0,4,1,3
0.3492925914710916,0.3441354496185959,0.4381388894775754,0.975210108435717,-0.0007402170311937,0.8507193013361266,0.9834838359899694,0.9029368178304676,0,4,1,3
0.6546465807370152,0.954095772418388,0.2233437979322984,0.4988424563119271,0.2944718667379239,0.4200998081390584,0.744962324319677,0.3814890491672017,0,0,1,3
0.3756738260024489,0.344091044883996,0.4549566324182885,0.9688474344031244,0.0117544657250797,0.8442861363361797,0.96768216402704,0.9196993958542222,0,4,1,3
0.3446412469041004,0.3326964176332068,0.4571254010679587,0.9683325229104488,0.0128326353814924,0.8390826665400556,0.97286412074646,0.9184827240622958,0,4,1,3
0.859190509855863,0.6735100385293538,0.5053144301976463,0.5135452863038252,0.1558304688313936,0.9169703097862428,0.929595757039518,0.4863433478138462,0,3,1,3
0.3521067760581965,0.3441076185817643,0.4298332041224083,0.9432223142140818,0.0067159754989205,0.8426939994357678,0.946204509621598,0.9377418056819506,0,4,1,3
0.3500946938302949,0.3295509636506713,0.4585625438352339,0.9656401593219274,0.0103277177861225,0.8472370338742333,0.974652976336284,0.9203520438164678,0,4,1,3
0.7987330650659897,0.983874330812314,0.2020524394002784,0.199546923506603,0.110335434291921,0.8189710097233194,0.3569737261972269,0.0493059518147297,0,2,1,3
0.6350462915306359,0.9469999765625616,0.2264423216759044,0.5058295232971258,0.280093764496432,0.4187529111913653,0.7347656297386347,0.3827604347866858,0,0,1,3
0.3462645972425398,0.3545678540347669,0.4576649605796685,0.9500727476232712,-0.0087646935553515,0.8366838863836615,0.954821906974591,0.9144505291655451,0,4,1,3
0.6483078809810627,0.941278404443156,0.2335572244952589,0.5186352296683209,0.2703847126823229,0.4210569915784415,0.7439932419764337,0.3815322865252731,0,0,1,3
0.8655539753217675,0.6769105889445083,0.512168487457617,0.5158025931727275,0.1608985842571406,0.9227409822780086,0.9212578332462724,0.4905354005380395,0,3,1,3
0.8557215417878397,0.6694708686734673,0.5018665620568268,0.518327069717431,0.1591359431278252,0.92812780529746,0.9206338243185268,0.4774038947622645,0,3,1,3
0.3483776016118571,0.3310507020799209,0.4556456553573064,0.9654070025511964,0.0109586113118596,0.8379200503289914,0.96970041366454,0.9191236543517936,0,4,1,3
0.3495073143774069,0.3304429942853873,0.4541863040006682,0.9634326915773946,0.0106401733518586,0.8418645837752632,0.9689579843550484,0.9179467715542456,0,4,1,3
0.3514449225271058,0.3409324274077659,0.4728527817246885,0.9794860544579576,0.0306536750569993,0.829669167024019,0.9834818263536448,0.9293510852484136,0,4,1,3
0.3658005814908431,0.3139565684105031,0.4588305320124192,0.9712735517385722,0.0079987773453312,0.8491193881343334,0.9551753378046868,0.9216540465238402,0,4,1,3
0.6329205943891669,0.9394737198397076,0.2195629083517581,0.5237363150295219,0.288064732758695,0.4262746799683919,0.7303565915510412,0.3870647968576957,0,0,1,3
0.8700245018055496,0.6703263688437742,0.5106437805810318,0.5231686112191657,0.1616828409101205,0.9303012383445846,0.92617300653821,0.4839205659158402,0,3,1,3
0.6375523162745325,0.9554403958708104,0.2227811905228145,0.5105723281997582,0.2954237088574339,0.3990722553535638,0.7491764686200816,0.3738461800795142,0,0,1,3
0.3464445677095624,0.3306499261717947,0.4618219483245609,0.9645432223059676,0.0063084216391629,0.8343146410396294,0.9725036294483672,0.9128213662033844,0,4,1,3
0.8697093393357418,0.6716951337214111,0.5176766761575304,0.5092376420903425,0.1633236394551483,0.9170984328728524,0.9155431905090344,0.4850987847090603,0,3,1,3
0.3267575156515771,0.3562035085459359,0.4693889759513044,0.9850116168398084,-0.0099894971569323,0.8325277561269673,0.9388972298032442,0.9103080599783288,0,4,1,3
0.8612638431388301,0.6904332396023684,0.5112849476673572,0.5272066469524546,0.1644892815028494,0.9296825877001692,0.9113148798941983,0.4876583422066888,0,3,1,3
0.6447756806954216,0.9575059713648864,0.231861118536555,0.5287658967546406,0.2685275046815994,0.4205946340027852,0.7326826494555698,0.3841158735205949,0,0,1,3
0.3387919119866829,0.3210160952281126,0.4488877347487918,0.965122554701923,0.0058613408603514,0.8388834149047643,0.9759075684932113,0.9212750488736686,0,4,1,3
0.8713524533232618,0.6823109386707032,0.502131991791926,0.52205052134784,0.1494971588374235,0.9274595362745464,0.9167450583161736,0.4875046651946157,0,3,1,3
0.6398648769447991,0.943455373404086,0.2281517988023539,0.5136318500141139,0.276194688639222,0.4170375250271482,0.7364042112378577,0.3821392338617522,0,0,1,3
0.3570594740523377,0.3379614401587918,0.4679363920563872,0.952496345750192,0.0195749642041936,0.8473164466717981,0.9761750282346168,0.9210877271646164,0,4,1,3
0.3666490208114987,0.326069267601739,0.466623110398754,0.9765057620140948,0.0325379058161116,0.8597227374615599,0.9393069531256856,0.8936642709847147,0,4,1,3
0.8688558551747235,0.6867977008022015,0.5170460050981602,0.5080154081771785,0.164902389443603,0.9287758862474554,0.9137664214788774,0.4796371910866168,0,3,1,3
0.8655431800410718,0.6741896599659118,0.5151906007343918,0.5180242009574394,0.1600333565912412,0.92338725407107,0.9211638298786556,0.4883729779992519,0,3,1,3
0.641074626260696,0.9448299088061562,0.2291461073237482,0.5132907132824971,0.2771898578718625,0.4177818653488702,0.7362812272659723,0.3830798934936398,0,0,1,3
0.3474452975203739,0.3317144484071104,0.4552063281870983,0.9676420970823152,0.0189567520325275,0.8301983678127106,0.9668345126345452,0.9169434716441868,0,4,1,3
0.3472899837145954,0.3312520285103425,0.459567779584098,0.964413861261129,0.0107111721825435,0.8396528670148558,0.9712922213788008,0.9162936012655872,0,4,1,3
0.6421015335092757,0.9415587096330524,0.2292869961201525,0.511021657139321,0.2741060033382801,0.4128148377024848,0.7393008711992869,0.3837513507432603,0,0,1,3
0.3401953332977949,0.3361550608525602,0.4518505237685419,0.9629538266415314,0.0142394657610738,0.8304480961354533,0.9668741359225757,0.916911018655953,0,4,1,3
0.8002807464533981,0.9887304495778504,0.216328928914344,0.189336114918619,0.0900121561616888,0.8096482342334874,0.3540456297708809,0.0466715818048512,0,2,1,3
0.3550783591085132,0.3294971245433792,0.4490838449490714,0.960319474262708,0.0111322523558607,0.834557210884267,0.9614381160810158,0.9136131546696632,0,4,1,3
0.6465702796039147,0.947952996904268,0.2325963651628732,0.5055033418350902,0.2920636669878302,0.4119814487502273,0.746469862276935,0.3720695563837054,0,0,1,3
0.6386638344969751,0.9423796451351883,0.2276051017126019,0.5153322504194959,0.2749474709715807,0.4179335749558616,0.7349925443441245,0.3832496357823495,0,0,1,3
0.6400250255227925,0.9312292533851744,0.2281414557833215,0.4991177346733199,0.2818623238453628,0.428825361283319,0.7336375471034934,0.3724538256895109,0,0,1,3
0.6314163150722126,0.9484956105359432,0.236389611889882,0.5059869100307679,0.2671504900579112,0.4055604996484356,0.7300773107385928,0.3756883948128469,0,0,1,3
0.6347371902323955,0.939779888431409,0.2306368551031244,0.5162896110163395,0.2784129907249472,0.4086949374180458,0.7417209580130419,0.3773839301523388,0,0,1,3
0.6272603789754982,0.9258711237023692,0.2210355207241796,0.5304794936222349,0.2945896241795135,0.3981657833851627,0.7288595696940215,0.3872843411948803,0,0,1,3
0.869125224060038,0.6777818671154102,0.5183653875108188,0.5169014134813772,0.1620439434736228,0.9254997323169516,0.923355353160462,0.4944909836589878,0,3,1,3
0.3562857997228217,0.3074092388321366,0.4391917981668247,0.9819748227529423,-0.0021191943494536,0.8231533724787953,0.9678020320451588,0.9154008767689368,0,4,1,3
0.3480986734854139,0.3351960494275335,0.4681515521223951,0.9705544391169924,0.0143603912855629,0.8268889794083388,0.9536627139421218,0.915280557368246,0,4,1,3
0.8612450665848815,0.6718604359717508,0.5180073751400753,0.5171855867798969,0.1591243742390986,0.9174818188190552,0.9186797846392044,0.4908913536043865,0,3,1,3
0.3566465283681559,0.3254944072506389,0.4618967410720459,0.95308765775926,0.0148885962457348,0.8397025023964491,0.9687673548464336,0.908806845587225,0,4,1,3
0.8668554899830926,0.6785419650068463,0.5140193915592615,0.5137100214538158,0.1577266468444449,0.9218923558152332,0.9222566451905528,0.493542500100916,0,3,1,3
0.6411566758639484,0.9470036951042586,0.2285753545033243,0.5128876575812958,0.2778423415156918,0.4114661567344079,0.7396897812450374,0.3780152453270676,0,0,1,3
0.6394854617829536,0.9415789276764224,0.225973190858246,0.5149733918830817,0.2762130690131396,0.4166818942221937,0.7357987704510571,0.3831060868790378,0,0,1,3
0.3500963665795219,0.3321118837385142,0.4527943213166721,0.9652745817255696,0.0078383969667426,0.8414061881906889,0.9662231830388296,0.9198409594746548,0,4,1,3
0.6364634907622003,0.930284929084038,0.2300541923491903,0.5278153858863404,0.2887685502654177,0.4085527555569193,0.7407299945087366,0.3814841143345255,0,0,1,3
0.6427264416027424,0.941377345768235,0.2348797884528476,0.5129936309798594,0.2749905834777958,0.411439839711974,0.7336592784493513,0.376288176665582,0,0,1,3
0.6313198232036212,0.9457260277529496,0.2258966556290601,0.5217361375287592,0.2708139552320749,0.4144776082407756,0.7319087705814485,0.3796329576226006,0,0,1,3
0.5566554137427574,0.3058488976709393,0.0587929256208937,0.9158149746495888,0.2082680394681957,0.1938973381695116,0.4916946788004768,0.5484237066904726,0,1,1,3
0.8744674663432802,0.6759670808712143,0.5028349472707742,0.5169878950184182,0.1599363943647454,0.9224097448322756,0.9260904531645648,0.4885747793846525,0,3,1,3
0.6546848868924038,0.959171049595656,0.2131418305521132,0.5301588212896281,0.278389695053485,0.404341823936411,0.7323451684506291,0.391110690419945,0,0,1,3
0.3572454292750682,0.3390653657262327,0.4602018104347469,0.9674556273906444,0.0073940964138321,0.8332981126478805,0.9673944531148164,0.9279421601384946,0,4,1,3
0.6401327113391924,0.939592802704744,0.2265874566030882,0.5089033343335917,0.2733996372136669,0.4156137118844285,0.7408987418127814,0.3843223812663216,0,0,1,3
0.6241197231855747,0.9743246049329564,0.2403807741025337,0.5322700290195432,0.298647505975411,0.3983046695474447,0.7527392619246916,0.3532477938171044,0,0,1,3
0.3378173539376878,0.3343814930634893,0.4589288427465343,0.973242278252241,0.0232504633106317,0.8335508710680846,0.972248436077985,0.906725345811414,0,4,1,3
0.6244767664451465,0.941365866131006,0.2008405288997064,0.5172679064457202,0.2914989732764221,0.4225032997285376,0.7396965591849279,0.3633214777511434,0,0,1,3
0.3543114015732002,0.3189839009612021,0.4645662284929062,0.9657091930568472,0.0062435235770204,0.8280712327861793,0.9702860538151676,0.9203187477723366,0,4,1,3
0.8581512455191,0.6869722508169739,0.4987904996965258,0.5304984087149828,0.1446961414138355,0.9045578592217384,0.926419555885606,0.5028235393772368,0,3,1,3
0.3632240203102203,0.3166029460951873,0.4541461789845535,0.9691299994593816,-0.0009958246177279,0.8434225077132912,0.9661687896209888,0.927087243581292,0,4,1,3
0.6395769898520719,0.943267834134159,0.2257091986463188,0.5140512265990077,0.2740089518042485,0.4147113732976424,0.7360686898465688,0.380200111893161,0,0,1,3
0.6539317758370897,0.9313456662147406,0.2228983993805171,0.5204948035441329,0.2904216867450952,0.3935955556832543,0.7305810381647178,0.3616740478970106,0,0,1,3
0.7826863352174838,0.9984266123205724,0.2269144698234603,0.1640116709055646,0.0965561893766863,0.8153375495457489,0.3483077915072701,0.0273265175373073,0,2,1,3
0.357586378311242,0.3237777891501023,0.4639605496893406,0.968897788609264,0.0196370066412151,0.8392999183849494,0.97366752690725,0.9172413172489292,0,4,1,3
0.6594694675413114,0.9535547627037732,0.242003992422306,0.4967898361416843,0.2924744947126734,0.4212461816066851,0.7385616980351548,0.3838869470596818,0,0,1,3
0.3442797213524985,0.3276126247476543,0.4597827641325287,0.961874398713717,0.0104141553427586,0.8438242197485059,0.9655109308726456,0.9134809621658448,0,4,1,3
0.6623682877981109,0.916150143893056,0.2163067830419134,0.4899349580972033,0.2972781055987155,0.3928669755974649,0.7500790643868093,0.3800186100790777,0,0,1,3
0.8627960192587446,0.6737280312547483,0.5144695456037653,0.5181848371354567,0.1592830007559356,0.9193926751888322,0.9180383905780156,0.4899867490889332,0,3,1,3
0.6353117067648785,0.93456935295651,0.2116040301029242,0.4907780693802681,0.2738294256043783,0.415067900025949,0.7318563413308837,0.4020629271748447,0,0,1,3
0.6442022651576056,0.9460494081514346,0.2374356730445186,0.5228922098483418,0.2863109509471452,0.4065675104413931,0.7424051510843358,0.3860147994876785,0,0,1,3
0.5597859757912349,0.3061165152687116,0.0574479496761702,0.9184746947028526,0.2095166346897498,0.1925893803455019,0.4925719956625183,0.5508960374320813,0,1,1,3
0.352618062575237,0.3220404859309468,0.4612111450340488,0.9671322649996962,0.0088697205214493,0.8332029582678391,0.9678035888543424,0.9254058021358764,0,4,1,3
0.3482591702887869,0.3283396475763278,0.4575669556983777,0.9605441244861928,0.0119439446794003,0.8392060560858652,0.9664686221924984,0.919742314516954,0,4,1,3
0.8620524284108508,0.6937516745800616,0.5088509193275751,0.5335301545028782,0.1577352512283147,0.9027707708557022,0.9085327482009262,0.4875584893635254,0,3,1,3
0.8622818084054461,0.6733392195804903,0.5161549111887956,0.5174188370463308,0.1605128973093781,0.9199684638189604,0.9192179239304902,0.4906651337071679,0,3,1,3
0.3455894112965721,0.3307198093356294,0.4511404212906917,0.9596388576647534,0.017290811543113,0.835470542894276,0.9653446167664466,0.9181654815576588,0,4,1,3
0.6403908757010491,0.9466840793046236,0.229963624881839,0.5115117021414812,0.2695412652747759,0.4147193055287705,0.7360096872721938,0.3878355976883358,0,0,1,3
0.6462404107101642,0.9326088571672476,0.2321854816067498,0.5101315078693667,0.2664504794284725,0.4063826751729111,0.7271294261010669,0.3701837627487525,0,0,1,3
0.6509303599976404,0.9574940326720648,0.2277489494559129,0.5044556534955144,0.2752770186540135,0.3997586855790371,0.7101003757302481,0.3898546688640206,0,0,1,3
0.861633990979467,0.6764392199842757,0.5143356372644228,0.5226081972373502,0.1647789651038675,0.9231803283374762,0.915964162309485,0.4876717323075148,0,3,1,3
0.6494356930817955,0.929787536478192,0.2342590566946281,0.5130324108629359,0.2665997138718725,0.4226905042530143,0.7261123745045874,0.3716225961901223,0,0,1,3
0.8641484954396356,0.6738700837195619,0.5165213004151323,0.5168054340635112,0.1590342074285343,0.9188881138084292,0.9179135218763136,0.4888670302009542,0,3,1,3
0.35008774944703,0.3244664631167904,0.4587985699488765,0.963512719229264,0.0161904199408464,0.8362310953241447,0.9649884102434528,0.9173866320921276,0,4,1,3
0.3269041671584988,0.3057342934678974,0.4886802840484222,0.9839716298794696,0.0159235608216387,0.8509404250471283,0.9840558952820256,0.9235552564995664,0,4,1,3
0.3492914129169246,0.3205130689851212,0.4648645460787583,0.9656087105612532,0.0055800237444334,0.8332524617935857,0.9609252074490084,0.9176802660019288,0,4,1,3
0.8627995369394953,0.6725944354299556,0.5135362670647396,0.5274791914229878,0.1604297862296484,0.9136549127138004,0.9186721751774686,0.4842327510693521,0,3,1,3
0.8425289730107598,0.6615750058710699,0.5366112506203167,0.5225370151737982,0.1555599956123022,0.9300593137066598,0.936927571314768,0.4818988545705669,0,3,1,3
0.6345326924881901,0.9434021791987413,0.2239176490121061,0.522360806772127,0.2737396643326615,0.4199467166506182,0.7313710219394779,0.3848583396245649,0,0,1,3
0.6414780651361455,0.9409030117369864,0.2282190136259938,0.5209415850706336,0.2691936940546187,0.4125481091542606,0.7387445492904896,0.382652485598255,0,0,1,3
0.353209993400536,0.3240891666914196,0.4546460356766648,0.9554123329345474,0.0170949788071562,0.8355022292564638,0.964253697518647,0.918278275068764,0,4,1,3
0.6466595216902578,0.9411368601455524,0.2248003766443524,0.5227137662578668,0.2671739830503032,0.4050495830174021,0.7332449758551458,0.3753302665865953,0,0,1,3
0.3514263720424896,0.3065569053102252,0.4553309390604419,0.9625048366083564,0.0195950895279514,0.8469916764472764,0.9672745750169272,0.924143578674356,0,4,1,3
0.637809561863314,0.9392998530190856,0.2270229748162525,0.5176696291207538,0.2721823425065299,0.414740926170026,0.733718830700944,0.3833247713884827,0,0,1,3
0.6352191913867121,0.9429463560989094,0.226119465977258,0.5150756663096939,0.2736879072661967,0.4163912156575476,0.7314476002476493,0.3803967839493943,0,0,1,3
0.641337252399122,0.9404832372977278,0.2272978333431095,0.5185811843272605,0.2697299799834168,0.4121623298197151,0.7305789966816477,0.3842259159394277,0,0,1,3
0.5711743594317096,0.3098931291749097,0.0651385355283898,0.9268900008084984,0.2172500433099607,0.1754823644276027,0.4947345908275991,0.5567847481318031,0,1,1,3
0.3497775299259416,0.3278677621783343,0.4624131125068317,0.9565161342147532,0.0111968303232862,0.8410092322335672,0.970691369068828,0.9193468481956684,0,4,1,3
0.5545308199921815,0.3086899051936708,0.0583232642259641,0.9247828063080828,0.2087706489664968,0.1846122129981582,0.501326818034858,0.5431920279085788,0,1,1,3
0.3554108335588472,0.3203536393518305,0.4501724240928809,0.9699179101650296,0.0092887452879193,0.841520986272428,0.970247679570537,0.922216017489036,0,4,1,3
0.6638870463834216,0.9306742493236372,0.2203273183151069,0.4941527253770414,0.2774245662788296,0.388302467261475,0.7234231071227141,0.3636234496826376,0,0,1,3
0.6403809067240017,0.9451972780779532,0.2273347642511063,0.5194289724365725,0.2751251698472829,0.4108353794419379,0.7292421604941971,0.378419204354504,0,0,1,3
0.8607473867901111,0.6721627862241224,0.5165940829432069,0.5188231990427996,0.1598090420132607,0.9188652892783852,0.9182819596367257,0.4907260972420047,0,3,1,3
0.3586096618186488,0.3376902438804847,0.4393999185720534,0.9791115073010788,0.026900768972043,0.8503693398770381,0.980337763482892,0.9265802568396828,0,4,1,3
0.8006966933715587,0.9801287340126642,0.1962712254856845,0.1960987564954091,0.0786620652329989,0.7926465665859258,0.348788745070573,0.0535689936670407,0,2,1,3
0.5615205004565288,0.298554134703145,0.0639379496016674,0.9202394253496006,0.2134719936031663,0.1909543600307742,0.4937900764053486,0.5469463084894414,0,1,1,3
0.3482090570834633,0.3279747654394063,0.4621460174498418,0.9603215401026216,0.0127499452065088,0.8382711922651056,0.9702989912076544,0.9182648698827972,0,4,1,3
0.3515204514630081,0.3259326281407229,0.4588527366630121,0.9596102354149424,0.012823022285581,0.8354724206887397,0.9683122196094834,0.918042044590342,0,4,1,3
0.8593558107298704,0.6736716409902769,0.5227380223073879,0.5260252808855701,0.1527006228680555,0.9170725110923064,0.9259431368181468,0.4907327902130127,0,3,1,3
0.564672077779339,0.3076935459753427,0.0502968085262235,0.930182100260766,0.2155850063126329,0.1837692168073851,0.4989008782095318,0.5454310663884365,0,1,1,3
0.867647265282709,0.6709662981744777,0.524598279007258,0.52426919481096,0.1666196217212188,0.9233990259642294,0.9218769556370536,0.4977608161166273,0,3,1,3
0.3517634862869666,0.3286799474977411,0.4651748099871503,0.9630308244955744,0.0195622134883102,0.8299511047371484,0.974327637224682,0.9181451039880458,0,4,1,3
0.6246252835274949,0.9515902056089236,0.2331822694004195,0.5096629803986475,0.2812741955267107,0.4132492639833125,0.7368983604953628,0.3692230452550515,0,0,1,3
0.6560653336460722,0.9258010115624322,0.2059155851612158,0.5174794214160601,0.2993898043215698,0.4073489974934923,0.7193112087941181,0.3897462927128303,0,0,1,3
0.3488374735940852,0.3289293837457429,0.456289702809978,0.9580751780930188,0.0187658259398829,0.8412059190454504,0.9714296324749752,0.9246003804210294,0,4,1,3
0.8598581128887987,0.6683225889720165,0.5199775596303229,0.5209877758866451,0.1620938998798143,0.917568701648514,0.9171028176102092,0.4908100977706398,0,3,1,3
0.6238802065421448,0.9696645393488538,0.2366058942661321,0.4960371099990566,0.2541248081144261,0.4020477171581898,0.7073670715590306,0.3807151489657152,0,0,1,3
0.3521255165916989,0.3235911429395521,0.4605333251005459,0.9608621538769458,0.030920323834578,0.8481514038803336,0.96266109740212,0.9089213063018012,0,4,1,3
0.5561240330212264,0.2973915592541662,0.0554900228968053,0.9157300947638544,0.2078363464907239,0.1878959670954187,0.4935669931073009,0.5532590505763966,0,1,1,3
0.3509754450174922,0.3275115092588005,0.4571135469623282,0.9567987022181056,0.0204096388342372,0.8280802577672338,0.9720697088781785,0.9113476377618194,0,4,1,3
0.8510237032879819,0.6572419130542912,0.5224500286409572,0.5232294034491762,0.1593299228594463,0.8996767927006104,0.9130315740174636,0.4892198399645925,0,3,1,3
0.6416596468180928,0.9567210671308785,0.2293619617925979,0.5263153270385974,0.2750650264068819,0.4267866643778923,0.7186097042963144,0.3818486113858009,0,0,1,3
0.6411159184664666,0.941559261014428,0.2247779859657839,0.5190166269281903,0.2747413522337286,0.4089745474766364,0.7349828892368302,0.3834441122080591,0,0,1,3
0.3519767736372373,0.3272908193079479,0.4607380779449715,0.9592058659376284,0.0139751734277025,0.8372364739440687,0.967133005372212,0.9190549748614056,0,4,1,3
0.3554022657706119,0.3255395280277337,0.4628394667112934,0.9587088427015532,0.0157756727341,0.8361533622063869,0.9662021644248194,0.9216354580858732,0,4,1,3
0.3468593626527191,0.3328254178555313,0.4573086865102845,0.951552479636948,0.0055519903454736,0.8350523965874619,0.9704256467600466,0.920827269141115,0,4,1,3
0.3516605429439911,0.3261371142349984,0.4613813977386226,0.9580266868963744,0.0140891368370879,0.8363644503399045,0.967653225244178,0.9196251034210492,0,4,1,3
0.3585965428419402,0.3161872275349671,0.4543254096695545,0.9572231321511232,0.0230407305947308,0.8400039020029199,0.9693607727408976,0.9317489294737308,0,4,1,3
0.635519900404877,0.9405903311341718,0.2233937489783811,0.5165614698262536,0.2727216270611166,0.4138476530804554,0.7312539870754128,0.3807869811011325,0,0,1,3
0.6352200085494635,0.9427285079711504,0.2252491391148506,0.5162052382768689,0.270981828133704,0.4132316019374453,0.7337232236582738,0.3832955737879269,0,0,1,3
0.8603876141846548,0.6717917620715678,0.5184320890493022,0.5201526158736431,0.1598210688013166,0.9175189881233878,0.916367881314478,0.4926015151469726,0,3,1,3
0.5616283292970579,0.304522264518436,0.0594009130223563,0.9179791952851528,0.2053648136558846,0.185295824789283,0.4914576560651431,0.5479712063653285,0,1,1,3
0.6359551515745474,0.934568967672436,0.2207687007494281,0.5265054898106482,0.2760017382004328,0.4185176589084682,0.736819831599387,0.3721521869953563,0,0,1,3
0.354595079209213,0.3194972229323171,0.4505170349442964,0.9629997124802686,0.006546294473856,0.8384248939082365,0.957938048176776,0.9167900668811187,0,4,1,3
0.3800078910869193,0.3368857329006213,0.4503757044795363,0.9359314694756918,-0.00385360689932,0.8318850380323127,0.9904705059426528,0.9475950017705036,0,4,1,3
0.5617654694030274,0.2904325149765696,0.0587310060914304,0.920835736293424,0.2075422968864387,0.1933304173031985,0.5150884293866812,0.5361088148570324,0,1,1,3
0.649318013962028,0.9502040966684244,0.2165932174749915,0.5217153690921751,0.2702826056910054,0.4029653803946038,0.7247274020371978,0.3808317553847561,0,0,1,3
0.6382585182946655,0.9274785834096552,0.2286523791383157,0.5208960129252868,0.2865857274450801,0.4277677949376465,0.7239232798300056,0.3879490269439205,0,0,1,3
0.356027509839932,0.3244165368380086,0.4654914384739655,0.9558283084616848,0.0169755775598193,0.8370606168152409,0.9636305107489046,0.921701160325468,0,4,1,3
0.3599544901608587,0.3307549062266939,0.4640736184409704,0.955611992001688,0.024487611285227,0.835157669210248,0.9737276203374704,0.9139500427124518,0,4,1,3
0.3470087241935617,0.3332563245516943,0.4598979929927986,0.9606985020343652,0.0140970562401531,0.8394751056238774,0.9623321532516445,0.932259666155698,0,4,1,3
0.3553804347549745,0.3246325628483887,0.4609495838681131,0.960150635614058,0.0134168523339295,0.8376455938530281,0.9722097040694782,0.9241099968259554,0,4,1,3
0.6402938520673729,0.9523957642564276,0.2424877059752026,0.5046512766482436,0.2691785510768309,0.4081177273384262,0.7353021940180178,0.3625546234189226,0,0,1,3
0.5566691478664448,0.3016748332014531,0.0569734117839544,0.9208249208368784,0.2094104952443798,0.1877984898419121,0.4899278412172314,0.5545453518210325,0,1,1,3
0.803455672768056,0.9888309604307772,0.2093811000260347,0.1827202327808242,0.0914751800724163,0.8052602364367084,0.3431410814775117,0.0510085740984259,0,2,1,3
0.3380378859566973,0.305817115982766,0.4645259162704125,0.9514467400910194,0.0234600642100065,0.8444357264071575,0.93944242027182,0.9079791820069678,0,4,1,3
0.3612913018240748,0.3161791041535921,0.4780402713797484,0.9463165247464878,0.0289811412799676,0.8347377151825135,0.9717557714652668,0.9284150518248566,0,4,1,3
0.8261547219420028,0.9989931987459614,0.1905497360321023,0.2137867151158836,0.0586908457334121,0.7772835901768108,0.3181071550510507,0.0313908406601985,0,2,1,3
0.643467347943592,0.9190903029735652,0.1933015045578785,0.4981328102670658,0.2563423439014383,0.3764711514484665,0.7239402641400031,0.3770579149612043,0,0,1,3
0.3526584146302867,0.3252801205191866,0.4625661488721552,0.9570419951207884,0.0143341988657115,0.8360799892247452,0.9672038154409992,0.9200242678945842,0,4,1,3
0.6366187028273959,0.942369945986296,0.2215179458573819,0.5188793764182944,0.2743038246746062,0.4130383471097692,0.7295156494225492,0.3820012148699307,0,0,1,3
0.6544609008871369,0.925858296732908,0.2013749790348196,0.5109915813816032,0.27990759310201,0.4043104468191065,0.7136138521269637,0.384521523599288,0,0,1,3
0.3402293726857558,0.3113993787601656,0.4636005132747354,0.969447410004011,0.0075334541952893,0.8327532697194342,0.9649696826484436,0.9250096974263512,0,4,1,3
0.6348683920483765,0.9400017654105082,0.2210654268012996,0.5163403575701284,0.2701263410352575,0.4148270769511114,0.7305673728775117,0.3812090524183714,0,0,1,3
0.6323260273775385,0.945055247617034,0.2153065042208732,0.5129684435267221,0.2750647946459756,0.417241574579033,0.7389216704890927,0.3722901458740749,0,0,1,3
0.6282145101666711,0.9415915754182482,0.2291345071329388,0.5213827396423343,0.2813101928919723,0.4065414047654095,0.7340721462967131,0.3800095666695844,0,0,1,3
0.5623314490625481,0.2990762771916579,0.0571314530426583,0.91872623784071,0.2119995801922875,0.1868207058599426,0.4962331939245215,0.548170794591662,0,1,1,3
0.3495458983688458,0.3203811607905931,0.4630281702403345,0.9500556115127878,0.0201836454005217,0.8424974547136788,0.9716637059579358,0.9246511378768856,0,4,1,3
0.6388157602593139,0.9506326207413236,0.2002338845417294,0.4891307065496966,0.2962154701638944,0.4043334597552959,0.7351051610632079,0.3817110312187937,0,0,1,3
0.8460527581801924,0.6581330802145173,0.5310788103551006,0.5187679149583292,0.1896087341828617,0.9046296590209566,0.8938023661424412,0.4784306986069167,0,3,1,3
0.6383982294426203,0.9313438515217952,0.2143427061623936,0.5080401130235634,0.2679040192615612,0.4073651044796083,0.7230724834025589,0.3904839717065197,0,0,1,3
0.8578718736876559,0.6702493883092562,0.519446137068543,0.5207255916598533,0.1618031441062833,0.9168994968160904,0.9179606230730776,0.4916489850993913,0,3,1,3
0.6283478609593022,0.939326598241764,0.2154196146623164,0.5168070306485743,0.2702255058475235,0.414803718303878,0.7256777320319687,0.3861445544788933,0,0,1,3
0.5560270050253788,0.3038999665838783,0.0660995029628426,0.9143356413428384,0.2146164397024706,0.1823186328245085,0.494337012504275,0.5490810065741362,0,1,1,3
0.8602399760048496,0.6670801345301848,0.5195420826376681,0.5206118677825233,0.1612502492246081,0.9174919041231192,0.9176900743759316,0.492499572115559,0,3,1,3
0.6332181787465224,0.9406270232503272,0.2224233707428795,0.5189526652891786,0.2721040129532912,0.4135537398996231,0.7300554462399359,0.3819102084813137,0,0,1,3
0.6336647258073733,0.946649645514482,0.2261555542361345,0.511078850621065,0.2704672390797908,0.4070735965866571,0.7367813252637261,0.3804578429721493,0,0,1,3
0.6344434856285827,0.938868060240554,0.2208826698105228,0.5184557800306709,0.2708875091138725,0.4139030670958112,0.729818313327056,0.3800750081831214,0,0,1,3
0.641434268603746,0.9428668781846898,0.2135229080365631,0.5158025480438186,0.2667159540032873,0.4108719286155016,0.721664713812334,0.3773424345890082,0,0,1,3
0.6275297140058741,0.9292934419068613,0.2064541376829979,0.5131971018430762,0.2719335191891411,0.4297627365174096,0.7135938075401833,0.3963717068303752,0,0,1,3
0.3431967421547858,0.3176140105912891,0.4730246487500837,0.968970162032147,0.029475801901344,0.8473910771996089,0.9719453577723808,0.9132381496615632,0,4,1,3
0.5644114887442515,0.2882037072341257,0.0571760389560405,0.9149609455322276,0.2133327278114907,0.1767558274063634,0.5044293930611586,0.5468006097228654,0,1,1,3
0.6322487538936947,0.9404175128816646,0.2196160706663523,0.5180252280391895,0.2706894583155648,0.4136463586140049,0.7286265062318069,0.380018431258429,0,0,1,3
0.8672745858527733,0.6739589641591889,0.5300099127789422,0.5175682245451068,0.155694994626216,0.907745492238236,0.9078262502125344,0.501092555323205,0,3,1,3
0.6295073641134313,0.9359613522341618,0.2182498613337723,0.5210805440209288,0.274521606753039,0.4195798507308635,0.7354030924875592,0.3860911884215491,0,0,1,3
0.3543588940743809,0.3208044941079389,0.4607133298460638,0.9592064248978484,0.0079345527682986,0.8345113127108753,0.9634911988529218,0.9269706587922926,0,4,1,3
0.3599867153132983,0.3142103152861925,0.4475457426229186,0.9397804146565502,0.0195587695930228,0.8361208543211254,0.9770457124787402,0.932241916621772,0,4,1,3
0.6345784473865802,0.9366648557656034,0.2243394473048685,0.5119553905301304,0.2819428760076888,0.4220579621141938,0.7344502209264399,0.3926696547537234,0,0,1,3
0.6285319932614495,0.9293492845347804,0.2190222537789057,0.5059004204264383,0.2625826687853529,0.425683369347569,0.7212232160668235,0.3719826172455128,0,0,1,3
0.3519647918073143,0.3197604495858395,0.4608906993869946,0.9591511118035702,0.018925887007029,0.8392794943215371,0.9665686705352764,0.9168464831247424,0,4,1,3
0.3542054821256303,0.3240706747979797,0.4644224434767188,0.9571625536847332,0.0137541282705133,0.8346443043853208,0.9665657126857634,0.921935105503226,0,4,1,3
0.6325126084643161,0.9368477744871782,0.217364853018093,0.5168235831767302,0.272290285575323,0.4151721416961428,0.7274319478087705,0.3835274643868511,0,0,1,3
0.3644143540540779,0.3224039727263574,0.4745027547759132,0.958074001969632,0.0065902160053022,0.8325586718054285,0.975250850226957,0.918313936424102,0,4,1,3
0.5608659053338054,0.2955683699126421,0.0560044770571208,0.9187785892928332,0.2065324972463778,0.1925602744246588,0.5012530868278272,0.5570014492427448,0,1,1,3
0.8572921943549603,0.6686120891668965,0.521505685627501,0.5195877977108618,0.1605246838084302,0.9159370557695348,0.9148470992626168,0.4925959012760011,0,3,1,3
0.346609898386842,0.3186386417091468,0.4689203467327416,0.962327896128948,0.0144995983253019,0.8321666965728451,0.9659068766388792,0.9206524379044126,0,4,1,3
0.3583463833734613,0.3298540106804964,0.4678792581370822,0.9537443810521372,0.0216451618305662,0.8394868419567464,0.9640806746504904,0.9144353584605592,0,4,1,3
0.6344030765176101,0.9477978685822472,0.2230101685975482,0.5303074769669119,0.2705453260899002,0.4199146841125015,0.7256907807934189,0.3745324778376254,0,0,1,3
0.6380147346796889,0.965671996158155,0.2352333145968684,0.5356552945525971,0.2705940245471064,0.4208214924987211,0.7078861174660235,0.4143605297953006,0,0,1,3
0.3335957434070661,0.3122215269511638,0.462829410356863,0.9641593806336772,0.0299725903575224,0.8647489512680469,0.9771181683512824,0.9321044093101244,0,4,1,3
0.6337232666522463,0.9451167184137652,0.2105119058722213,0.518810408569547,0.2693581054185053,0.4285484334490122,0.7166594522902016,0.3852884694473298,0,0,1,3
0.8487460655507755,0.6665294268167943,0.5217509966396917,0.530185758264034,0.154845549553852,0.90729447273275,0.9098608818803942,0.498915812506166,0,3,1,3
0.3477625515294956,0.3322124553672607,0.4560650990436914,0.9452276245494092,0.0082326291476225,0.8308625574624411,0.966890036897928,0.9300540377944152,0,4,1,3
0.6365352994573287,0.9395632941353522,0.2144194402710099,0.5140769260167579,0.2799216094015466,0.4245176109077166,0.7133510576389978,0.3649762714716406,0,0,1,3
0.3522518925137833,0.3096358941971967,0.4782567562526356,0.9623029212723252,0.0116272150816853,0.8232145419888685,0.9672894671158992,0.9212366472465208,0,4,1,3
0.3504801818528286,0.3189639653406719,0.469543654514065,0.954662914171589,0.0183539117328725,0.8371019472263702,0.9726410907434284,0.916316940365884,0,4,1,3
0.6356798197534091,0.9409516343704358,0.2187209906967649,0.5149178787781752,0.2732284838619393,0.4166517656348564,0.7243353754157825,0.3757082122037294,0,0,1,3
0.3605137842816948,0.3234501355173672,0.4659376717808678,0.9466584272913792,0.0040908445320698,0.8293783136482256,0.972511639861111,0.9110600199942204,0,4,1,3
0.3446275341441283,0.3380088618658837,0.466558597796891,0.9702709472377902,0.0207698597281586,0.8239017467877614,0.9569981473122124,0.9286141947335492,0,4,1,3
0.8566216064618669,0.6601901295030778,0.5203741255627609,0.5340625709578566,0.1709841598533185,0.9193278847851282,0.915452539139014,0.4767734258884213,0,3,1,3
0.3521067787326756,0.3245354635011157,0.4665941987834621,0.9522773676498736,0.0136408617054203,0.834099966181123,0.9644848838936316,0.9227473569371322,0,4,1,3
0.6333448582001329,0.9392492423039256,0.2209747354602906,0.5176244717974678,0.2714850876555944,0.4112655040994178,0.7275910826618438,0.3804073564254665,0,0,1,3
0.6320003300096166,0.9387829601759546,0.2190567203533335,0.5187239854862873,0.2695923243511168,0.412795447811497,0.7281087747234202,0.3802403341415717,0,0,1,3
0.854196178556738,0.6733403850706077,0.5200685578371542,0.5298151950899237,0.1522532194062326,0.9106787691399576,0.9200108381975044,0.5010781761942432,0,3,1,3
0.3292885125884238,0.3231503487405463,0.4819939954758213,0.963999886197746,0.0077995731495685,0.8238250075256057,0.9678199721151376,0.9193486310416042,0,4,1,3
0.8499132209105937,0.6657440503330053,0.5323578066392617,0.5193504724394576,0.1605969960012627,0.9163399047943092,0.9053606166929812,0.4914301001338998,0,3,1,3
0.3551228092085177,0.3192551373748678,0.4641904356080595,0.9580091056165704,0.0161620181777021,0.8382554615623937,0.9696431393204398,0.9235326314860962,0,4,1,3
0.3434491126775161,0.3104077314046209,0.4647907326635,0.9559332577434384,-0.0020767912913644,0.8171681754817832,0.9522592633605584,0.9162311997571858,0,4,1,3
0.5632377480282958,0.29871078689541,0.0608922777969874,0.921110760359535,0.2116426625200699,0.1860135427603985,0.4983000667268785,0.551063822830823,0,1,1,3
0.6338873930920851,0.9365471573076152,0.2158905603123918,0.5203348504854671,0.2715729439566449,0.4098466640168592,0.7247227315198715,0.3818274788833112,0,0,1,3
0.3483433305051643,0.3320644917393532,0.4573212642591468,0.9456550917403596,0.0079224294775986,0.8445196964811905,0.9714598017137812,0.9191822816094044,0,4,1,3
0.8531892363693873,0.664636253466664,0.5253076673224281,0.5178146033956165,0.1596717412463141,0.9143781705485816,0.914328918091498,0.4881310711692149,0,3,1,3
0.8578063485817323,0.66429975443701,0.5213452849895946,0.521643583821895,0.1632748950490069,0.9147971182883003,0.9169899591982228,0.4926784535084743,0,3,1,3
0.6366554051409762,0.9280829495909136,0.2277234664697831,0.5130349083621799,0.2729216990322456,0.4069510008611212,0.729632024551087,0.3892916262807354,0,0,1,3
0.8494009681209422,0.6583920248492429,0.5293942165782016,0.5138292231248923,0.1588704785550208,0.9208748235344242,0.920055984591899,0.4891910374138632,0,3,1,3
0.3378126162983556,0.3112881374922119,0.4547042201533668,0.9601481302271344,0.0149628504099756,0.8388199249956276,0.9831468343168184,0.9104185087858766,0,4,1,3
0.6336548666154413,0.9404643840994916,0.2190059036605849,0.5211811201788821,0.2703784970391862,0.4101736375436224,0.7272676297274209,0.3835217119075888,0,0,1,3
0.8596578838165128,0.6612472491485507,0.5236773707671845,0.5197433888477809,0.1590756563738133,0.909991450070019,0.9163025465858275,0.4892197833860603,0,3,1,3
0.3598369740439437,0.2828516044208314,0.4826216086007434,0.9461071262431784,0.025529559412366,0.8212582696187887,0.9333257154286768,0.9428088757901744,0,4,1,3
0.6307565995356449,0.9386999355283744,0.2305848168806208,0.5242469157741465,0.2798304225944085,0.410097212869859,0.7185810011515174,0.389097837409434,0,0,1,3
0.6449189248820523,0.9258495046387756,0.2091557406561056,0.4918466138572692,0.2623194185301285,0.4098353404351118,0.7023916972935654,0.3891767951929997,0,0,1,3
0.8558167146905096,0.6660223967813601,0.5249133019197756,0.5221644762528278,0.1626455547425106,0.9155545229877012,0.9137798485956654,0.4907096708126433,0,3,1,3
0.3720166023431802,0.3141377402327095,0.4511045224895262,0.9722821924923872,0.0312722786691367,0.8131896289330252,0.9390291823314492,0.946655086523246,0,4,1,3
0.6247559648093883,0.9359478617409246,0.2152674495912772,0.5130484630740941,0.274420075558593,0.4094721566577862,0.731320327501826,0.3814268578106884,0,0,1,3
0.6389423883324159,0.9389118181453472,0.2177806960099772,0.5123422113704661,0.2697603644792307,0.41339711174293,0.723499364832817,0.3727473557679099,0,0,1,3
0.3547911293116603,0.321834105379581,0.4635231109825435,0.9508107140313768,0.0156373721891094,0.8390099177650482,0.965318584388454,0.9225465412386032,0,4,1,3
0.3422225416808513,0.3153953336757538,0.4792424151329615,0.9609333973126748,0.0270515562552291,0.8400627277236989,0.9746091489135108,0.935443970552465,0,4,1,3
0.355577135746797,0.3247631017330311,0.4667994214405822,0.9539634989826932,0.018469196326835,0.8301063972604593,0.9643378560741138,0.9172466603003396,0,4,1,3
0.6258604859306176,0.9377381104214688,0.2224837139221157,0.5190319466144648,0.2646260295675567,0.4142156462464181,0.7257367345985797,0.378175280206816,0,0,1,3
0.6234703702357524,0.936714054871722,0.2129257207160357,0.5154235184291636,0.2680983795126293,0.4050996043532189,0.7214670961352455,0.3707485895409159,0,0,1,3
0.6265257763259178,0.9361248709789588,0.2178916606574266,0.5205436895020337,0.266151811041296,0.4130092077540975,0.7278517845690745,0.3835887603451658,0,0,1,3
0.8564739388949768,0.6650813011778696,0.5240659008875999,0.5219955015485289,0.1612331329409999,0.914781849373654,0.9142988544621132,0.4924983709349892,0,3,1,3
0.6284031276098904,0.9493773470776602,0.2331655663119471,0.5393557219555156,0.2699098475742109,0.4088551854180383,0.7399010254187899,0.3981904343994454,0,0,1,3
0.3695532156875868,0.3377081953527907,0.465304751288571,0.932129051497732,0.0279514569881918,0.8373262522946988,0.9658196871894758,0.8979125160100868,0,4,1,3
0.6324027951997881,0.9471139400590592,0.2007406886857316,0.5060056197458701,0.2885013339877181,0.4218759170712387,0.7313080577253924,0.3853393177646788,0,0,1,3
0.3574739240162319,0.3055460946053006,0.4812952532077425,0.9336972827006084,0.026907155712556,0.8235832818540657,0.9795114395219376,0.9322965978407096,0,4,1,3
0.8565135621316045,0.6639251712441545,0.5251087697519995,0.5220465969795436,0.1626753538920515,0.912544920929006,0.9162833370388106,0.4914035677315664,0,3,1,3
0.3518883697171413,0.3222737393931889,0.4633478842234899,0.9516126861195416,0.0154672664022505,0.8325912883495249,0.9661636565974984,0.920428594556198,0,4,1,3
0.6415811862536426,0.928046938636621,0.217149537742242,0.5175524994540567,0.2785314174693198,0.4077225112012464,0.7316921024855256,0.3892051074777408,0,0,1,3
0.8154427146924587,0.986255684683013,0.2039413571595003,0.1735202949120056,0.0949919194751988,0.8026780156225145,0.349248520823908,0.0522479190507523,0,2,1,3
0.3518834141910091,0.3231998016477239,0.466991315352517,0.9513024531036584,0.0143975125446891,0.8340439552944762,0.965777578489622,0.9192685832139468,0,4,1,3
0.7957536160599958,0.989694552186812,0.2005148505279668,0.1789388972571075,0.0820920825887739,0.7923742808296511,0.3317875206861659,0.0471873291095536,0,2,1,3
0.627722065891613,0.9363415656026364,0.2172705312872966,0.5258533164694997,0.2732923395409448,0.4175609873695891,0.7210351685984082,0.3773480227639835,0,0,1,3
0.6310815995958924,0.935704467026495,0.2163736877181362,0.518964962775898,0.2689857455764065,0.4106889686707867,0.7268102196897399,0.3802825483961314,0,0,1,3
0.356549306812974,0.3207960239800239,0.4672506861368597,0.952795035668892,0.01672494042161,0.8333631346746029,0.9666272143874096,0.9206936545083068,0,4,1,3
0.3570156547326988,0.3227384414248034,0.4697418190997003,0.9534013642123512,0.0161976301598509,0.8351272831727834,0.9652305031196984,0.9209391593167784,0,4,1,3
0.8536989205522146,0.6664949676491516,0.5218698070840005,0.5245885050899485,0.1615916444846701,0.9094480506016794,0.917233005400048,0.49420788407957,0,3,1,3
0.6362325557919664,0.9450021112518516,0.2134714119683508,0.5114866177620213,0.2701481305032858,0.4198690692366397,0.7282173933626518,0.3746034253786581,0,0,1,3
0.6252931995629082,0.9483350542534988,0.1804771171068875,0.5217989159705674,0.2994524730660001,0.4026816195622216,0.7572265480637534,0.3845502792661901,0,0,1,3
0.3604838388932104,0.3239097597901063,0.4764996311411756,0.9639817266256206,0.0102311541338466,0.8219070019655184,0.9559436745767358,0.9192611879670164,0,4,1,3
0.6302807925535259,0.9346434383902464,0.2189906606026017,0.5175098553949582,0.2707158514704348,0.4105437241477828,0.7244174587182973,0.3783752857668431,0,0,1,3
0.3383742483417438,0.34033935569518,0.5069254193941429,0.9154548171388118,0.0326550243416459,0.8242953269252856,0.9485790124434952,0.8964639837374371,0,4,1,3
0.6281825648771792,0.9487609832219372,0.2099473433162683,0.5180087663778142,0.2742889578458606,0.4162549335977567,0.7127626374749788,0.3743701332338879,0,0,1,3
0.8632473238631424,0.6589828818244904,0.5228782534956717,0.5198807165022348,0.1555876697751192,0.921754549977579,0.9214411842803668,0.4977523347421606,0,3,1,3
0.3551973904428611,0.3236844354507928,0.4707204809763619,0.9480495604114568,0.0166635016312394,0.8311193856307645,0.9689856720446532,0.9175021895193584,0,4,1,3
0.6271420480405899,0.9352196339377448,0.2239969737909141,0.5205715811430789,0.2703634257393294,0.4150630451456498,0.7295996038618667,0.3788913138035814,0,0,1,3
0.3549088579852443,0.318458126521605,0.4705894406479451,0.9536322484096006,0.0162390382919911,0.8364803515829606,0.9686040314283652,0.9200779987181786,0,4,1,3
0.6204751550810547,0.9438912837507476,0.2054921459785925,0.5065191121350971,0.2706766641514632,0.4175279672386203,0.7265439325378975,0.3743644697088014,0,0,1,3
0.6312072612869759,0.94784463605633,0.2151892779724766,0.5235797008817683,0.2840258845187883,0.4212344306983061,0.7067288952142852,0.3623249051652447,0,0,1,3
0.6300094107595915,0.936855274242208,0.2164262606043778,0.5200012427075675,0.2679012453991105,0.4110786406869971,0.7253667685274476,0.3796635157929344,0,0,1,3
0.6296969254638143,0.9315313532906204,0.209610665650658,0.5148040835225387,0.2636251821847173,0.413750013358572,0.7206621024821455,0.3821182350167368,0,0,1,3
0.6311198625488342,0.9371944070415084,0.2004247661338914,0.5320479200049716,0.2555691299889272,0.3929186830372952,0.7350404263663103,0.3913844759923205,0,0,1,3
0.3540159764539328,0.3193404805841119,0.4718817599918302,0.942101157031996,0.0177811084062209,0.828889116736892,0.95631605977182,0.925088082382122,0,4,1,3
0.6254846548117772,0.9385686947683836,0.2207746990320364,0.528997555842563,0.264331488380696,0.4142080243333527,0.7209618992608888,0.3877950717761381,0,0,1,3
0.3564289526383097,0.3203067305276236,0.4730655288480532,0.9566569858811867,0.0146755214675841,0.8392146574052456,0.9654788982432942,0.918085296471142,0,4,1,3
0.633233664928163,0.9437409074272176,0.2046149511129406,0.5272707883455109,0.2654779832089546,0.4036352080307373,0.7292584800180851,0.3878216042517244,0,0,1,3
0.3586686302659496,0.3187745489948266,0.46998412282047,0.9490436977207816,0.0171246944526296,0.834287583975298,0.96885894914526,0.9194214258754072,0,4,1,3
0.630163489700933,0.9362603136690988,0.2165568875982853,0.5201933427136716,0.2674469645977357,0.4112188252497938,0.724579649032978,0.379314181940037,0,0,1,3
0.6136514788097267,0.9451562226741964,0.2025037121007507,0.5223031281441409,0.2722314034975023,0.3989291221301465,0.7078185289716458,0.3882975322343767,0,0,1,3
0.357066495715782,0.317459646470527,0.4696508014826983,0.951665949447611,0.0111144730291095,0.8305479295955086,0.9660851770019286,0.9243766805541596,0,4,1,3
0.3547123362823821,0.3156535655766305,0.4673375199675114,0.9498903750462928,0.0179043920150822,0.8350294154247468,0.9636326321272034,0.9187621286743612,0,4,1,3
0.336083981919809,0.3168672273245593,0.4531682186778226,0.9400855709411918,0.0157204935105566,0.8531036514886178,0.9817610197696932,0.9009306397992146,0,4,1,3
0.6404945924196627,0.950607788611938,0.2014494707214422,0.5341434510895757,0.2559894189361136,0.3974319095443807,0.7361216880652927,0.3910664618241706,0,0,1,3
0.6362706589594197,0.9379151128157416,0.2195749772152443,0.5159557993533855,0.2721075825741849,0.4128857547113541,0.7182025182456296,0.371953136552336,0,0,1,3
0.3582121530502184,0.3180102464168917,0.471248977430355,0.9492928460705498,0.0174291596351613,0.8359874437760455,0.96562665634864,0.9232051850467664,0,4,1,3
0.358348007541614,0.325833730479402,0.4633682337707185,0.95455472383433,0.0122966616230621,0.824888166967078,0.958358254577342,0.9280801866097396,0,4,1,3
0.6341484480667513,0.9375485682107588,0.2085398575263539,0.5173705378159346,0.2675793996369676,0.4086842646362831,0.7298882891704204,0.3729529685681046,0,0,1,3
0.6261905533260902,0.9363892199383036,0.2196504226643515,0.5173096532525053,0.2646854529935033,0.4138123856240928,0.7223117729771683,0.3821180303764048,0,0,1,3
0.366139587213712,0.3307760887047428,0.4652629483253271,0.95003918863212,0.0122629892518792,0.8418232489987167,0.9700923301201246,0.9304100274582744,0,4,1,3
0.3736675250435293,0.3090712370547194,0.478210977405149,0.9656561612810858,-0.0015677970394024,0.8148055872531466,0.988604236238206,0.9178941208270618,0,4,1,3
0.6240100088535633,0.9374169498023952,0.2140751501451361,0.5069106484584069,0.2795275752930953,0.3980873573257175,0.7189895128076487,0.3821575221157957,0,0,1,3
0.6381732940957915,0.940771323939942,0.222614678810674,0.5103729559141064,0.2688843472514219,0.400258890326524,0.7248836912635314,0.3882732944539563,0,0,1,3
0.6237169700156234,0.929461890756021,0.2102233550152835,0.5215071826565836,0.2686079362501058,0.4067776496323176,0.7299203441739348,0.3755891008376829,0,0,1,3
0.6247962459985275,0.939350766042871,0.2159279034027271,0.5263207030667021,0.2654391798536839,0.4108939037773572,0.7257662921933409,0.3854005414418073,0,0,1,3
0.8049940566680668,0.9849843759586044,0.2086064510307362,0.1747701268943965,0.0871794302999989,0.7997766936063256,0.3409287540901257,0.057533582090402,0,2,1,3
0.8478335857202824,0.6640341735735531,0.5199335285687564,0.517581137276397,0.1626816375315612,0.9127526265629606,0.9229888961663596,0.4979898643135471,0,3,1,3
0.6052778977467819,0.9554077968182996,0.198017801434958,0.500231348451309,0.2871546722306756,0.4125420675079914,0.7462188701525804,0.3763512495782003,0,0,1,3
0.8677531384756891,0.6580265280732365,0.5179447373424337,0.5298285034170224,0.1690526743214767,0.9176161271192568,0.8969273024437254,0.5074268210059907,0,3,1,3
0.3578171464696729,0.3084000628028108,0.4574582424894821,0.9407039267860544,0.0112863469748641,0.8417980558898418,0.9595613926752798,0.913843314461703,0,4,1,3
0.8449655933015715,0.6629870908825216,0.5245774172593086,0.5227861992120238,0.1630891694150691,0.9286536337565796,0.9110240423926492,0.4794881430614096,0,3,1,3
0.6244612830544078,0.9292883845672772,0.2151537406556212,0.5303889942239682,0.2585141176886709,0.392819904074027,0.7305475669145253,0.3615361427318712,0,0,1,3
0.3748380554344275,0.3033866557223276,0.435770477444222,0.9591356585251072,0.0080454236727069,0.8281107065113978,0.9879467392212248,0.918261331185452,0,4,1,3
0.8547362787006954,0.6626964655317424,0.5271038961311703,0.5249666879604109,0.1608640465133814,0.9127276373002776,0.9124782980577628,0.4921230967866435,0,3,1,3
0.3513814710693674,0.3157427372513017,0.476507755944548,0.9440702115965384,0.0199562774687427,0.8289439881605212,0.9732434377664286,0.9287706202149149,0,4,1,3
0.3485291362371568,0.312187508605802,0.4670343734372963,0.9540120029187562,0.0077732965160165,0.8363413653628106,0.9671588465589278,0.9262197605707584,0,4,1,3
0.6350671570881388,0.9376847229511728,0.2106042953239836,0.5096467487561155,0.2594446703275864,0.4263798784584313,0.7278446923141161,0.364289905168053,0,0,1,3
0.6304815780825967,0.9363390991076742,0.2122526362041769,0.5207252652204348,0.2671802572117311,0.4104414115230588,0.7222526084834098,0.3772791308616644,0,0,1,3
0.8503367214986491,0.6645307919372457,0.5242170628595184,0.5278595597631457,0.1596926446778678,0.9144410628117756,0.9094961076699312,0.4960043107061845,0,3,1,3
0.5992703136204531,0.9255881177683334,0.2070176762612812,0.5351164350211982,0.2628081260694768,0.3889049844936437,0.7501942740475658,0.3953232006071896,0,0,1,3
0.5642305238287995,0.2939081864839993,0.0635184219632456,0.9250574256571316,0.2104398358461933,0.1829895934420716,0.5009983415073981,0.5516356088825136,0,1,1,3
0.8646912984167171,0.668701784084261,0.5198009344626747,0.5332807455569113,0.1562056420486274,0.9150637377249382,0.9132606682059354,0.5035533813841804,0,3,1,3
0.3608461110029816,0.314215603040153,0.4696630404558986,0.9518150823615142,0.0171432645639067,0.8272067863171081,0.961619300303253,0.9180518080120768,0,4,1,3
0.6278197023137115,0.9652812574207648,0.2419705053117694,0.5436342881970896,0.2425442117427556,0.4086479086376353,0.7483041424841407,0.4030155819088487,0,0,1,3
0.6343977871115937,0.9271487208315046,0.2106337916996835,0.5325051921202241,0.2500759907598035,0.4278475987027178,0.7190605185576041,0.3890406428851352,0,0,1,3
0.6127416526206483,0.9568518923487832,0.2173361635846588,0.5138629466510636,0.2617653084698794,0.3884522396633016,0.7422362322855854,0.3805038466083494,0,0,1,3
0.6265876280213198,0.9351986122909516,0.2104929978707297,0.5249524300100883,0.2606471262734942,0.4111976262048313,0.7225711791947873,0.3825107765496446,0,0,1,3
0.6284623818558581,0.9356571563016018,0.213523695292046,0.5211050602324996,0.2664772064088971,0.4099314749296149,0.7235531559270391,0.3786416238387272,0,0,1,3
0.6271086270882561,0.9283968390052856,0.2147874091735039,0.5259336637824445,0.2629475934641708,0.4088985220623204,0.7238704393953955,0.3759122551802437,0,0,1,3
0.6289990655839648,0.937564579393594,0.2118781012807942,0.5189646390963804,0.2673926141325548,0.4118773487176624,0.7238676046836966,0.3775047074716524,0,0,1,3
0.5608463246359866,0.2941278938139772,0.0699883755222088,0.9515765957164938,0.2164808707781732,0.1802703236580314,0.529852003618599,0.5411769328259832,0,1,1,3
0.8557142276106993,0.6602795328852971,0.5260713162321088,0.5225012009877077,0.1621531535633856,0.909905790378385,0.9111540705620514,0.4933252449411127,0,3,1,3
0.8596759771908389,0.6510626116242683,0.5185985740337818,0.5219891193133573,0.1617881076205365,0.9202510197952966,0.9099184559550187,0.4967661463590666,0,3,1,3
0.3377077191526159,0.3070511252489408,0.4512528756361231,0.9453547664210504,-0.0014637197213896,0.8439411019833217,0.9487126734143456,0.9458570363570432,0,4,1,3
0.8534130528858775,0.6604897942460883,0.5284368478769068,0.524852061223209,0.1618073461233714,0.9116890596021764,0.9122119187805664,0.4927260859966169,0,3,1,3
0.8482638766128738,0.6573672912462529,0.527698043742182,0.5201210125814697,0.1674015894420734,0.9078033168900984,0.9155519973857792,0.4900088499381135,0,3,1,3
0.8565880247018464,0.6678375658057246,0.5218412509525681,0.5388356218946636,0.1677228458821376,0.9219833333521368,0.8993473974735815,0.5055206071175142,0,3,1,3
0.6348017331517684,0.9460041093033766,0.1995189630471446,0.517574350980474,0.2617419286530326,0.3975366066380502,0.7075319887497449,0.3835095842646165,0,0,1,3
0.6283752461793681,0.9331524897491652,0.2156356409000878,0.5200054356461399,0.2643159453271111,0.4079112645764264,0.7233631115209769,0.3784020253938864,0,0,1,3
0.8470586588667791,0.6654970271786491,0.5339407763974833,0.5184596766266021,0.1667269855990804,0.9199513762722462,0.9069076156129272,0.5032932978616667,0,3,1,3
0.3560726092838314,0.3200575545993077,0.4700887282111513,0.9449413945777974,0.0157149637871449,0.8313362965386057,0.9674347022299662,0.9254382462125472,0,4,1,3
0.8474442499365179,0.6560596241991934,0.5214760324131997,0.5211428375830207,0.1619691052643123,0.914619858006444,0.9153960349914776,0.4899503601298011,0,3,1,3
0.6248236711615234,0.9407852981105912,0.2134918871377927,0.5208810121436934,0.2691058709683593,0.4108350212900848,0.7181848325158394,0.3815959952506565,0,0,1,3
0.8574961083367207,0.6639046988838668,0.5332214845792967,0.5293385031921664,0.1560026324483354,0.9119603815825592,0.9120380020935416,0.4964752317637707,0,3,1,3
0.634171201564169,0.9070037977660012,0.2018222984911637,0.5145074685430738,0.300960974110795,0.3869201755335814,0.739489063836181,0.3857309491176822,0,0,1,3
0.6173376961053565,0.92259804007998,0.2163946862999119,0.5194562716009081,0.2753797750292072,0.4053174046138971,0.7213817605567168,0.3843920674537102,0,0,1,3
0.618777336300999,0.9140647255271808,0.2371388660838302,0.5175782927594378,0.2497553410036434,0.4055771250560663,0.7409040391320302,0.3944781565609183,0,0,1,3
0.8517085847573911,0.6603450547976063,0.5256164028255185,0.5177493681470025,0.1651303827383295,0.9042759761164644,0.9052780430514474,0.4988676621814368,0,3,1,3
0.3606888869879577,0.3193782717319232,0.4707140889126868,0.9474003077613924,0.0151243452682307,0.8286134879920929,0.9669544130613772,0.9218420583279916,0,4,1,3
0.362090435899863,0.3103577459914378,0.468639062296762,0.9436823683514198,0.0270015773105692,0.8259397630277442,0.965993426134639,0.9266571057991774,0,4,1,3
0.8492810858419484,0.6636729165896404,0.5319921779415674,0.5259422598442536,0.1621472374414911,0.9115626933352872,0.9153647798587538,0.4962317499210724,0,3,1,3
0.3584984678255066,0.3217557829022464,0.4706144582792418,0.9536498370518792,0.0165154657772105,0.835307612693941,0.9691205609834314,0.9175077723003924,0,4,1,3
0.6318133791676547,0.9327701865985942,0.2145032135758779,0.5232249985521787,0.2633685918184344,0.4073924713763093,0.7187003646015159,0.3768483502400164,0,0,1,3
0.3556801973761421,0.3267730841654866,0.474084414875755,0.9617369655762138,0.0126982131171474,0.8257293293915163,0.9763719644999792,0.9054246108014437,0,4,1,3
0.6163974596964743,0.9404811744474378,0.2120185800339567,0.5124126342333135,0.2705972204715933,0.4080496756408253,0.7226102195629039,0.3761803606395488,0,0,1,3
0.3578858998446124,0.3152354484413898,0.4746510915051503,0.9465778351825308,0.0162202829045465,0.8322722704004687,0.9672684703605056,0.9225595221583022,0,4,1,3
0.6142950776768421,0.9319164218053084,0.2082563426875706,0.5320000449746054,0.256904907186559,0.4025803632955949,0.7203555739628,0.3889861722845353,0,0,1,3
0.3569296336765388,0.3150605902668713,0.4750618900130308,0.9479211047904446,0.0159599194932374,0.8303581202030523,0.9662351177706776,0.925356833099416,0,4,1,3
0.3484770353570348,0.3357208759785411,0.4784519753559276,0.9481636410714036,0.0032208434336544,0.8269806011008717,0.9556438594260932,0.9224311358649758,0,4,1,3
0.6271725388818103,0.9337223957844552,0.2136965339342194,0.521126013286477,0.2660445378650445,0.4103175716647953,0.7232706170422232,0.3771555849154763,0,0,1,3
0.3599136766714053,0.3172527984934499,0.4735786459552997,0.9479117940813128,0.0179817719117151,0.8319357164460314,0.9654522857423355,0.9226687545732012,0,4,1,3
0.631406454111516,0.9384489943858836,0.2172332188184824,0.5265979920327604,0.2753883209713176,0.4094123908950945,0.7312388431944035,0.3891970906660199,0,0,1,3
0.3714923276362545,0.3086179294134457,0.473489902368114,0.945477425548994,0.001976935210583,0.8153107841200432,0.9528645742390564,0.9233579898424414,0,4,1,3
0.5765430623782861,0.297762346846242,0.0635097835486763,0.9233704793340076,0.2117263524861956,0.1884390690609574,0.510213101750968,0.555805949665646,0,1,1,3
0.6260876966711023,0.9359454010309272,0.2120774683508284,0.5213068458518657,0.2643436205267693,0.4098607014204799,0.7211332561996636,0.3794562392635175,0,0,1,3
0.6246946819874982,0.9354110491124386,0.2111225075514947,0.524497442791746,0.2622042033895903,0.4121483816451335,0.7182394722261832,0.3760232342164989,0,0,1,3
0.6285180067067542,0.931475625935881,0.2142566485442488,0.5206575191805892,0.2600761237045305,0.4050028180227017,0.7165501715112154,0.3834189488587565,0,0,1,3
0.8473559638060008,0.654539008850714,0.5272372538880599,0.5330898767647524,0.1560676613223369,0.90833325464748,0.9084245091677792,0.4915430082303715,0,3,1,3
0.6239894549331566,0.928632942551856,0.2125836578988462,0.5319122485608396,0.2511288492690148,0.4109259276583593,0.7309412427382614,0.3768485523882508,0,0,1,3
0.8521299204713554,0.6570685207608488,0.5281540521797444,0.5258389292749336,0.1587037477554466,0.9085204560340048,0.913136659069264,0.4901290785622153,0,3,1,3
0.619185479011836,0.918345226668588,0.2304947719126856,0.5287494772998617,0.2651540268726972,0.4279316715516166,0.710097419517726,0.3926641848813079,0,0,1,3
0.610978607982934,0.9460796815018186,0.1948148851583433,0.4930675733013514,0.2921686835110321,0.4067236077595816,0.7427757176215629,0.3706179233045445,0,0,1,3
0.5792365574011781,0.2865718666048349,0.0613490762113822,0.9439876542669692,0.2300273788165997,0.1698653636105707,0.5020405406402174,0.5441700225732913,0,1,1,3
0.370109807857464,0.3232993886352853,0.4847156420459367,0.955953229038307,0.0286858649488455,0.8393546149605564,0.9639089513963756,0.911344031685773,0,4,1,3
0.6287276616953326,0.937247905872196,0.2171138597939639,0.5265747887444138,0.2658594193366664,0.4044972474597831,0.714026563157415,0.3794637990831115,0,0,1,3
0.6196440831918176,0.9279742031595613,0.2137577989081558,0.5300801876734664,0.2598113167929276,0.4067946705493925,0.7162928758790874,0.3829004724584645,0,0,1,3
0.3623292793567318,0.3122000083997288,0.4637432346581326,0.9465316932227444,0.0247233115269985,0.8194745737472179,0.9531031200119536,0.9139035927520924,0,4,1,3
0.3519181665334181,0.2942565427622205,0.4706220256050445,0.9490990064347118,0.0137868909478726,0.8468100300810211,0.9426531537756732,0.9391052976409204,0,4,1,3
0.6215493618880427,0.929076020778998,0.2192223505239524,0.5226629562421397,0.2629368984674904,0.414892918232889,0.7150832037840169,0.3667470038067392,0,0,1,3
0.6326151385897064,0.9457779429997344,0.2011382781503701,0.518929587779677,0.2578119646000691,0.4124925342396509,0.710754400305764,0.3787451175127557,0,0,1,3
0.3515476535342423,0.3226002825422537,0.4819189821247242,0.9353073795074832,0.0266801886965905,0.8268126745495757,0.9472040518563812,0.915694491883383,0,4,1,3
0.355072774028796,0.3155364811215422,0.4781515200539009,0.9495654950962498,0.0208852011107075,0.8281636775755801,0.9639615262180914,0.9178408386400396,0,4,1,3
0.3532262396645743,0.3131735719987144,0.5046136292167918,0.916352150427312,-0.0014886317371593,0.8422032097572186,0.9467694983185868,0.9462499650445596,0,4,1,3
0.3591630358734627,0.3151637577929489,0.4771608373488673,0.9466919250686626,0.01690039474902,0.8298294279863195,0.9674989972573242,0.9273777270293392,0,4,1,3
0.35873117274019,0.3168823705778673,0.4814034606107787,0.949013899258249,0.0114694436119933,0.8307619296524417,0.9646696028376652,0.9246659600100716,0,4,1,3
0.8426830994618009,0.6683597125338431,0.5253473695981978,0.519942687150762,0.1634764081419756,0.9078974923954038,0.9032086561686468,0.4912642225390864,0,3,1,3
0.6268834196081203,0.9298396077043644,0.213291050231269,0.526591991166173,0.2622121495375599,0.4082999439371403,0.724553898728785,0.3754375139189573,0,0,1,3
0.8504657761817999,0.658159096599205,0.5318965121518289,0.5269936266479187,0.1634181072270916,0.9088605730174842,0.90999471741463,0.4945882554735533,0,3,1,3
0.851219372866442,0.6559906211993087,0.5337988068586078,0.5283650867459997,0.1592712283983051,0.9123708519349314,0.909020346348049,0.490619197869521,0,3,1,3
0.3782547467470116,0.3167615913470645,0.4974420042802608,0.9865442730022802,0.0342248459945415,0.8410459426630486,0.9499933776750727,0.9448181903339896,0,4,1,3
0.8501229960396457,0.6566112421097563,0.5321571440084357,0.5269057413994597,0.1626778611191638,0.9091754615013952,0.909381634926754,0.492818167096253,0,3,1,3
0.8544247022405371,0.6528757454056081,0.5378382863647262,0.5246826440178871,0.1653122743813738,0.9020940426459744,0.9050400275633298,0.5006202237462255,0,3,1,3
0.5736761484077769,0.2949352172447201,0.0594074013528685,0.9343856181955348,0.22338840769992,0.1748377804090854,0.5006315796366967,0.5444802586142955,0,1,1,3
0.6237436312601179,0.934646299058264,0.2107656567543657,0.5233197096446462,0.2627127202570101,0.4084732502168317,0.7211948932945796,0.3798589017771259,0,0,1,3
0.3656372296938257,0.3143796334408766,0.4684609487522079,0.9342706593255372,0.0242402867793277,0.83965983171414,0.972843593679955,0.9128431013813288,0,4,1,3
0.3650481119283044,0.3129347597698197,0.4803151858930342,0.943981915694184,0.0155107469021696,0.8347264686258786,0.9609342470453855,0.920064691461308,0,4,1,3
0.5719311615300376,0.2917448665015683,0.0670031116233845,0.9280697263653273,0.2185700214080974,0.1737423356512162,0.5028039369105358,0.5498071477513684,0,1,1,3
0.6292506476068541,0.9336187418624212,0.2102139423905526,0.5201303700537523,0.2601067320949156,0.4092923305675676,0.7209514759013566,0.378879550406006,0,0,1,3
0.6112789290866928,0.9435307960040148,0.2008223926443443,0.517961375499947,0.2684853823780609,0.4037698819134201,0.7123479567935908,0.3673362782511881,0,0,1,3
0.8502700157680894,0.660899720650001,0.5278493753839183,0.5306499427909837,0.1653678050828099,0.907265483917587,0.908233976252944,0.4899215776783059,0,3,1,3
0.3548801934774739,0.3155493494718862,0.463844460645839,0.9586392279209462,0.0084277147157373,0.8258179574278979,0.9739284715375548,0.9167835438921303,0,4,1,3
0.3668534247733427,0.3329921006055847,0.4776462122130415,0.9575108621124366,0.0149078582709571,0.8481598854746905,0.9723603255681128,0.9383077172136668,0,4,1,3
0.3605954996180152,0.316271853549696,0.4764606096253778,0.9451372710074804,0.0192070078340111,0.8304926226531653,0.9646035761507324,0.9233927164255172,0,4,1,3
0.640986722156114,0.9454784262373852,0.2059338342181429,0.5392764405737621,0.2653066988742633,0.3894360919553499,0.7283566562643335,0.3611099815192391,0,0,1,3
0.3604953889608528,0.3149430070486631,0.4754593962498538,0.9466381650145032,0.0202175146510474,0.8306177023500911,0.9642014064912776,0.9221576651268782,0,4,1,3
0.3630519824041521,0.3152726315433903,0.4743168585954261,0.944257550243378,0.0224464668023577,0.8338903663941506,0.9677828335835962,0.9227430263514969,0,4,1,3
0.8519234444621667,0.6570258719912663,0.5308891097384565,0.5254452108372777,0.16183215367142,0.9099968029398042,0.9084924752411526,0.4940930502597098,0,3,1,3
0.3592906595132606,0.3112142596782905,0.4769874781245814,0.9478718972385936,0.0190129657777362,0.8287480826732361,0.9627828231735815,0.9229414048238112,0,4,1,3
0.8479611230037056,0.6512702323883547,0.5327644206816207,0.5287440091932094,0.1604735665120561,0.9083596511265232,0.9122873002393846,0.4985677490609154,0,3,1,3
0.3561553360768771,0.3177168179416391,0.471332511842204,0.9485920538797572,0.017444318413635,0.8325342323788804,0.9706584782806564,0.9206434619888632,0,4,1,3
0.845634839271528,0.659345492859646,0.5353344103946875,0.5227156776085267,0.1640168941119617,0.912739585857772,0.9124555841045764,0.4982020597692958,0,3,1,3
0.3519757534855189,0.3261266619054964,0.4896280207095194,0.9270005085195416,0.0190915873958625,0.8116690590212517,0.9778393341418468,0.919838747698504,0,4,1,3
0.5717214852643814,0.2918898499607741,0.0606869308235858,0.9302236426833176,0.2130234973231854,0.1790456631195401,0.5063211222142927,0.5557439093244823,0,1,1,3
