0,1,2,3,4,5,6,7,cluster,target,segment,stream
0.0935046653601305,0.308272935624482,0.4098275553825914,0.3764152353660899,0.996390837380182,0.8091081988044947,0.8601653060933165,0.6409609870259326,4,3,0,5
0.0525653612608021,0.1045838278757848,0.6848258364165898,0.7722133385119572,0.5660803028444895,0.9564525642360426,0.5537258489788824,0.1213469427704728,0,0,0,5
0.0563339429581435,0.1047546808457667,0.6807886348829897,0.7727854433900077,0.5632964427973153,0.9593831319720216,0.5527786119162573,0.1203774647219338,0,0,0,5
0.8285630231069572,0.4354552578677574,0.9344669100124948,0.731113188665547,0.5798194392248595,0.4653337741227193,0.6703474394966386,0.3784653002450483,4,4,0,5
0.8005246108951061,0.4583462395216862,0.9290914398727272,0.7614717126094989,0.5624193826346825,0.4948286372105497,0.6870665479789607,0.3865156430146938,4,4,0,5
0.0646752221814997,0.316030392166137,0.3835228804285547,0.3528432897476872,0.9586523873159462,0.8293374972421362,0.8434588140835707,0.6144352554105893,4,3,0,5
0.0620551023877709,0.1115469302574184,0.693868153379569,0.7782399574891711,0.5750172948590546,0.9483574822125288,0.549436838328216,0.1216518445947214,0,0,0,5
0.8143353910737947,0.4409316701156284,0.9548213546473738,0.7192133724698354,0.577582545803388,0.4858607550170084,0.6711025226282791,0.3821082651102607,4,4,0,5
0.8294943616145947,0.4343990035190738,0.9431697765124036,0.73841634906268,0.5791486037751722,0.4656532316330626,0.6700814097972893,0.384119150871736,4,4,0,5
0.077838335673271,0.3368391221676042,0.3891083427527765,0.3726879549099254,0.9811780524607157,0.8158844189176385,0.8635154042647722,0.6396153688540275,4,3,0,5
0.8324728082275469,0.4261355157342059,0.94757668426431,0.7355671956928193,0.5756209824131037,0.4686118248918366,0.6677702999234968,0.3812475098888466,4,4,0,5
0.0796455263091718,0.331633994994723,0.3995489275483931,0.3598902791569729,0.9712877281488476,0.8225489192538613,0.8592877059774631,0.6396474054919654,4,3,0,5
0.0495739469034,0.0999430026819357,0.679040842192815,0.7831508460565331,0.5671716725174812,0.9491592609952552,0.5487893293344627,0.1274358563632288,0,0,0,5
0.0560193740888683,0.1031723465802995,0.6814865104870418,0.7683498431952085,0.5688727131088794,0.9538084514927851,0.5503060741329793,0.1206833719756589,0,0,0,5
0.0577462453004902,0.1039406696213387,0.6877883638931749,0.768321141364048,0.5619334215677261,0.9598698547861318,0.5591351219967555,0.1244261413521026,0,0,0,5
0.8358678867266895,0.4350636378429016,0.941239063331788,0.7321138223359904,0.5778567117090853,0.4583331667162899,0.6770981940450311,0.3780563526580027,4,4,0,5
0.8451156031062195,0.4555179348892543,0.924877857584319,0.7440064618347787,0.5600113179797181,0.4547531042841185,0.6798272599429942,0.3801245883810182,4,4,0,5
0.0518588845752455,0.1058718940531484,0.679985708528285,0.7746650685895873,0.5670469085918313,0.954778563732134,0.5564573304090554,0.1220517944072515,0,0,0,5
0.8285467345012816,0.4346854945429183,0.9441992966503624,0.7373555394063112,0.5805587221599194,0.4657560102602815,0.6684074487295624,0.3846783797705743,4,4,0,5
0.8298058378444099,0.4351740261249129,0.9432184351687152,0.7380404555160972,0.5792364323603034,0.465773875885387,0.6691722371864953,0.3840593814178434,4,4,0,5
0.8327746608564707,0.4421986633881943,0.9507288302441526,0.7212302772992399,0.5748704629424227,0.4844025280336962,0.6554914991441969,0.376333157303611,4,4,0,5
0.078812272129167,0.3311792652769108,0.3996574313878443,0.3609168009216461,0.9713307047316802,0.8238669646709357,0.8588978411879516,0.6390201721006036,4,3,0,5
0.0438128270757436,0.1008572163590019,0.6777631149493468,0.7649944250728397,0.5563173985888976,0.9588136774110396,0.5532482831311101,0.1274477280695686,0,0,0,5
0.8269401525152921,0.4402824856002694,0.9436305403459232,0.7362057429457616,0.585635294022335,0.4622639301172263,0.669943133725736,0.3764731116283245,4,4,0,5
0.7084879921306576,0.9613267303904413,0.9640965568871154,0.4213880692648135,0.8537951668998136,0.8656688010292686,0.2258004637187402,0.3259986475571122,4,1,0,5
0.8297116283966762,0.4367694492535348,0.9459844665939318,0.7367705218921549,0.5803456217005281,0.4650888071797662,0.6690841855860967,0.3825199771547983,4,4,0,5
0.0758770149411833,0.3261468561073521,0.4026654628228233,0.3617235707548144,0.9706252345082044,0.8177527536082542,0.8591241636943263,0.6447649868366512,4,3,0,5
0.8293810560117356,0.437702266234388,0.9465051696736324,0.740482550495087,0.5813902593495512,0.46729753641583,0.6691845060639878,0.3807708997567089,4,4,0,5
0.0801235663940119,0.330849652265253,0.4002331710419998,0.359699098182087,0.9711823507636772,0.8233504975849394,0.8594749991115705,0.63956919438275,4,3,0,5
0.087199012511221,0.3222900648429585,0.3961491370540096,0.3513504494968454,0.9638507810366987,0.8177570937229192,0.8578005978633299,0.6408544851435598,4,3,0,5
0.0475431471078477,0.0986792270027231,0.6732818967619107,0.7707653499704309,0.5640450353448421,0.9565987533199104,0.5516135368856069,0.1275411929389482,0,0,0,5
0.0572890388410024,0.1087417439521402,0.6823442800581229,0.7682560362119656,0.5637091378388807,0.955088544587457,0.5592919706836605,0.12677831934737,0,0,0,5
0.0666087135738298,0.0927345173881926,0.6744438026946966,0.7645161776630398,0.5583224956438047,0.9704168896109088,0.5421152456559373,0.1137782413748221,0,0,0,5
0.8390184150788245,0.426811252717954,0.9398999210277046,0.7304753186172431,0.5897981583760211,0.4696107734226777,0.6784475412812472,0.3873270518492631,4,4,0,5
0.8321350791952077,0.4413743060736515,0.947871615708115,0.7385166798408089,0.5755615218136572,0.4672884315065915,0.6703445563295888,0.3830175739356342,4,4,0,5
0.8222114945779346,0.4244101528124627,0.9313116940155416,0.7212026874060687,0.5706572958803802,0.4634868123916357,0.6891721483706615,0.362150188173706,4,4,0,5
0.0480114705244574,0.096701219353993,0.677278146930328,0.7826495798397907,0.5623925194065355,0.9579007637010172,0.5573201744402286,0.1336645245406229,0,0,0,5
0.8381220501587253,0.45070752584483,0.933708278746716,0.7522788646286855,0.5873972834709617,0.4524361066716595,0.6666141497422045,0.3886860604646089,4,4,0,5
0.0843286077866564,0.3228790506730866,0.407480766464843,0.3526892364664279,0.960817903002892,0.816495464278301,0.8644026344805302,0.6483221176089669,4,3,0,5
0.8209076240770484,0.4277433511394666,0.940745618206534,0.7306462738683777,0.5763538409262415,0.4571622970286386,0.6680640198536153,0.3827856383873433,4,4,0,5
0.8283094476407176,0.4357483799018644,0.9488171451402032,0.7439872960578987,0.5821889235255642,0.4737771551255556,0.661515326575453,0.3835326368499253,4,4,0,5
0.8233479922281665,0.4372339753958218,0.9395832481644588,0.7403313320303442,0.5920522699769628,0.4772648466422808,0.6533016758382524,0.3698220035905218,4,4,0,5
0.838523689949002,0.4479395932764008,0.9455320291468168,0.7495074784365608,0.5894871261474016,0.4676752323067069,0.675833177616349,0.3901561395724587,4,4,0,5
0.0536371690564991,0.1031464151501226,0.6832081797234892,0.7692697136004638,0.5632278214683072,0.9588911705603532,0.5543548788303992,0.1206622723052879,0,0,0,5
0.0514578640197784,0.1059275362762815,0.6835228151275818,0.7701250146427792,0.5641721616120814,0.9588905972202124,0.554791924605678,0.1218293608759531,0,0,0,5
0.0803709844453749,0.3309616177293135,0.3974170206536244,0.3584054215654211,0.97175860068096,0.8250813634966196,0.8555683134180494,0.6429049484383634,4,3,0,5
0.8094345717565427,0.4319494546101091,0.9272613925274984,0.7549132004438264,0.5591085140267986,0.4822489710724338,0.6602781424898237,0.3976967170376143,4,4,0,5
0.0515937762220012,0.097449090728673,0.6741521412797311,0.7772231826978582,0.582099324104874,0.9643671177618351,0.5598297654098694,0.1266568844034865,0,0,0,5
0.8297882738546878,0.434286785701838,0.9419366683704138,0.7412765353934081,0.5830525074113638,0.4682310842079821,0.6681007715412621,0.3800714690114712,4,4,0,5
0.0799010730075033,0.3281626743843592,0.3997985928833548,0.3575115497990298,0.9701311223724834,0.8235727573080952,0.8605668034282565,0.6383614574890654,4,3,0,5
0.3304545009959539,0.2920384082602771,0.3420781873660941,0.0281946772108557,0.8496303972382218,0.2545111088302555,0.9439640654207192,0.7534873675952796,2,2,0,5
0.8306444645889043,0.435801940398782,0.944521384173676,0.737670677017914,0.5808506655766349,0.4656664315017961,0.6673753677392152,0.3839178952378025,4,4,0,5
0.8448295824376653,0.4539364783721682,0.948216114252142,0.7418155961104279,0.5871332396631658,0.4465947073498774,0.6737356084962046,0.3821227285179613,4,4,0,5
0.8288591305564627,0.4336258486029408,0.9405338593306648,0.7433675924238918,0.5954103583522538,0.4697418058633904,0.6774046743314662,0.3970766417262408,4,4,0,5
0.8324399676261874,0.428325540331621,0.9377908160453348,0.7425875138393802,0.570922630196521,0.4609885968090402,0.6607230733990431,0.3874469321753678,4,4,0,5
0.8435676855649267,0.4479988141276271,0.9623242003297736,0.7326861415729573,0.5722757811108689,0.4712387951338116,0.6465722910352869,0.3709823047614277,4,4,0,5
0.8302930126320812,0.4559758389948433,0.924765126964082,0.7555720003210039,0.5749398997968649,0.4398939244029853,0.6566991096795921,0.4089647833394202,4,4,0,5
0.8500175818823915,0.461192555422235,0.9433122129973692,0.7351539437656914,0.5672053068287322,0.4502847267032447,0.653195683124643,0.408436341205512,4,4,0,5
0.0745434895060013,0.1129005790074928,0.6778413497371909,0.7818479352303513,0.5366401274412816,0.9787182588262634,0.5635908329774714,0.1329440606227973,0,0,0,5
0.0543916292222202,0.0954698623226708,0.6866488131839827,0.7775762718027732,0.5691379683512845,0.9615883229964336,0.5567899590571848,0.123057486631428,0,0,0,5
0.0579840481084602,0.1023013552831234,0.693495642485927,0.765563528816196,0.571934421679147,0.9677249801939568,0.5718268538537524,0.1232729403171988,0,0,0,5
0.8391311661280967,0.4286132306410293,0.9428606840126283,0.7445395612380026,0.5803805227123238,0.4614328800341608,0.6661781102370791,0.3810658618563827,4,4,0,5
0.0371447918213082,0.1151534464613787,0.6809058813955257,0.7446557802737817,0.5528335762901633,0.9791342976901264,0.5719480604603256,0.1288719964965876,0,0,0,5
0.0804635835200071,0.3281355209160627,0.3979058803398523,0.3570190895227197,0.9680008578370944,0.8239325694718134,0.8571922708969801,0.6418895771617216,4,3,0,5
0.8201416379750927,0.4289623795950678,0.9277779616916982,0.7205339101160848,0.5900393756383434,0.459772246477311,0.6646098136168489,0.375340654755981,4,4,0,5
0.0821001847382255,0.333008407885301,0.3952077825766782,0.3556059659348445,0.9688211494405098,0.8272093148259213,0.8526456397326077,0.6399133549419067,4,3,0,5
0.8160241260073763,0.428453726399388,0.9578402305097752,0.7485316688466435,0.5704301553897637,0.4619325431187069,0.6516124480044809,0.3766469977928597,4,4,0,5
0.046467170078705,0.114186238559433,0.6853072722660717,0.7724875116926911,0.5538936063370661,0.9666313803189946,0.5540657162856156,0.1222676950451281,0,0,0,5
0.8341966014584834,0.4391662559297203,0.9195596621737168,0.7013013006135936,0.5887468429841739,0.4711566942171353,0.6888146744257292,0.3722308234860305,4,4,0,5
0.7215036119055653,0.9479484559339012,0.9579853148787224,0.4262862048241086,0.8350267865330079,0.841114981006386,0.2260803981942094,0.3231690868464875,4,1,0,5
0.0513759419585594,0.1047461750371139,0.6842564802983111,0.7704537725030142,0.5620488388693109,0.957944996260113,0.555045017795207,0.1217708587247947,0,0,0,5
0.0535059486438382,0.1055011336015233,0.6819437155588396,0.771181471810742,0.5598314508097599,0.9586820207618728,0.5568617085055617,0.1202339713753566,0,0,0,5
0.0517599635278226,0.106221511419563,0.6840282247847931,0.7696115306712397,0.5608776284458308,0.9593208308888348,0.555583306950636,0.120333263565233,0,0,0,5
0.0820200249319203,0.3281518501925762,0.3987745433001532,0.3571885349400853,0.9701659557415776,0.8217595458997713,0.8582819244926165,0.6393421250214215,4,3,0,5
0.0834113557348603,0.3291955526625304,0.3988744357440539,0.3578199533555746,0.9691885055119538,0.8233528978978737,0.8575277226769746,0.6414847532805386,4,3,0,5
0.7264931506953739,0.9519689607059582,0.961635942286974,0.4269059160852353,0.832033836063076,0.8466531151030497,0.2275852650293208,0.3307311650570121,4,1,0,5
0.077798836200794,0.3284259222671711,0.3857480045641508,0.3676653936741216,0.974190137200902,0.8304512555091821,0.8506922363920524,0.6449178772365376,4,3,0,5
0.3289601870682531,0.2952570311106157,0.3343566370948177,0.0353347988796768,0.8391736768400649,0.2746386011320912,0.9514181788112588,0.7587614928606377,2,2,0,5
0.0464622638338734,0.1091533158482556,0.6795222708982172,0.7661015393177993,0.5634143775252727,0.9620414561184788,0.5510561874769706,0.1154724846253632,0,0,0,5
0.0535692048824573,0.1053852755653964,0.693252680783717,0.7643960749578388,0.5554353315048739,0.960873063885722,0.5538507924732863,0.1104826191376661,0,0,0,5
0.8266318103825337,0.4305404107303274,0.9426502058810984,0.7494407586978086,0.5848063140027664,0.4577483132687126,0.6659423524115302,0.3879652216661515,4,4,0,5
0.8316567026523423,0.4423122678738127,0.9427896918467182,0.7419199514002681,0.5717725230921074,0.4676999884783549,0.674841455337362,0.3959475152417602,4,4,0,5
0.8298444248687273,0.4371757547422596,0.947810751043303,0.7373302768945877,0.5815673290241488,0.4666474159787732,0.665093344100525,0.3827388450273561,4,4,0,5
0.0753559468681836,0.3377525458003082,0.4106499096809162,0.3637194286911104,0.961427400420986,0.826584433496382,0.8580280373216634,0.6456918459041957,4,3,0,5
0.727326970773782,0.9365517885817182,0.966276460523274,0.4304729987640166,0.8323863539340784,0.8525811434248491,0.2211800635750876,0.3267303221955791,4,1,0,5
0.0771216304872191,0.3298438542291169,0.3985229162309645,0.3519880142171093,0.9699205461900808,0.8180885458043676,0.8482615898088326,0.6338795316730294,4,3,0,5
0.0562087374309492,0.1066902695913139,0.6838869778151672,0.7637031686118066,0.5669872768250401,0.959347948352402,0.5589599441761871,0.1183128833883524,0,0,0,5
0.828342969567217,0.4426764947505772,0.9591527986022704,0.7519182215766137,0.5728028695805903,0.4641170975943001,0.6760820701279947,0.3943842214050708,4,4,0,5
0.0529927480314865,0.1054215000091045,0.6843022571144569,0.7670100832667106,0.5590721469927985,0.9600112897064306,0.5569055677898299,0.1184695590951874,0,0,0,5
0.0898890644606671,0.3038091881891692,0.4063996606995787,0.3741947936257417,0.9466256099399728,0.8319190945730052,0.8419217321017604,0.6262035780025763,4,3,0,5
0.8307216557035922,0.4366003003411481,0.947022421223322,0.7370135053384914,0.5816481674459621,0.4664122430431469,0.6639692028435672,0.3827609772259307,4,4,0,5
0.7092843311506782,0.9524454992031706,0.9608459029196604,0.4407206819271746,0.8410628803828161,0.8606633536691243,0.231711546704471,0.3378670909582074,4,1,0,5
0.0827001116538243,0.3240731780456478,0.3942106286570572,0.3581560164028217,0.974066164394198,0.8225742717045216,0.8607075799988436,0.6395218606876619,4,3,0,5
0.0505385558672181,0.10488723704344,0.6799235486484384,0.7717585332116954,0.5575819050982542,0.963466923222504,0.5541484900913977,0.1172773116568013,0,0,0,5
0.8208238799358788,0.4327328980779122,0.9320357851891976,0.7355643659739197,0.563986379887771,0.4730258632411519,0.6433030087421797,0.3837640970393375,4,4,0,5
0.0748179411261782,0.3196531853103471,0.4048770651034419,0.3528474476566153,0.9625836038780892,0.8126876790316302,0.8631731265263964,0.6491855693539207,4,3,0,5
0.8327655386807786,0.4289964446514649,0.9434670436338038,0.7340036342755071,0.5763180123422521,0.4723593637147595,0.6491496068101312,0.373504839530256,4,4,0,5
0.8345610286816374,0.4482990563108194,0.9370705199353638,0.7377469796928574,0.5901620176266184,0.478825684403695,0.6720122624591285,0.3775020604001239,4,4,0,5
0.0860934264590015,0.3233390590318807,0.402727808958582,0.3555645530481134,0.9726848637174406,0.8198301087316789,0.8609419704803448,0.6391187599267241,4,3,0,5
0.8317775360813405,0.4346927182293146,0.9457930854533756,0.7384188958802729,0.5799579250143465,0.4647190198663332,0.6640929016385713,0.3813816943230053,4,4,0,5
0.8283516328008694,0.4362273474213535,0.9470091442202616,0.7382165183939798,0.5840240646649973,0.468568227065332,0.6614724626624293,0.3828421972775962,4,4,0,5
0.0511432571099477,0.1072305724816487,0.6840896094613579,0.7689207227341276,0.5597611881632316,0.9602821816247252,0.5562564551957522,0.1197240913629518,0,0,0,5
0.8348133854415506,0.4441442444611319,0.9543176004740872,0.7281789983590378,0.576755927523343,0.4747952587271838,0.6621774238317787,0.3877234199535322,4,4,0,5
0.0517686235298063,0.1081418159568333,0.6869950981383729,0.7723050800561853,0.5598180704260454,0.9640668818499288,0.5596849584276027,0.1175394694758023,0,0,0,5
0.041959620780947,0.0925610590178619,0.6669791443985107,0.7858253694060268,0.5747922867378296,0.9767600454132676,0.5708111947089205,0.1162150224704967,0,0,0,5
0.0619734672545808,0.115481739357959,0.6408202075473158,0.7815776362126201,0.5468364494371716,0.9604154224770164,0.5420631918161825,0.0761644887619472,0,0,0,5
0.0486185738657367,0.1052192356933559,0.686035531292945,0.7717016459844166,0.5630557310448788,0.9595346028866432,0.5559481240126678,0.1197507407645556,0,0,0,5
0.7197679892713097,0.9500881863360346,0.9580406336921096,0.4262987302746469,0.8359899534383938,0.8440069317735323,0.2269002519238025,0.3278673214330369,4,1,0,5
0.8306905486036515,0.4355876927162521,0.9473992953169929,0.7383194446205312,0.5820680859211759,0.46534347427886,0.664059911129071,0.3822333595118739,4,4,0,5
0.3443412437543627,0.2843225718671827,0.3563788137941489,0.0193840604031712,0.8521953379913839,0.2534124865297534,0.9599222107032884,0.7579502750598907,2,2,0,5
0.821490647110771,0.4243727107229296,0.9570556741195472,0.7248107740274118,0.5898921608695589,0.454740192750284,0.6509518820318512,0.3867317302829803,4,4,0,5
0.8353585263085959,0.4364841806426966,0.9513538731528782,0.7417066532353176,0.5712478803955376,0.4735838181935837,0.6544591796820561,0.3812928697818235,4,4,0,5
0.8319485488256418,0.4367642528347358,0.948128242464196,0.7357683890010399,0.5832696151332999,0.466749390252047,0.6628874221120306,0.383012244364236,4,4,0,5
0.0734657860129052,0.1204217011451495,0.6971912539048918,0.7491906854137764,0.5746081303881551,0.9818113773526804,0.5358258784823313,0.1103758159231485,0,0,0,5
0.8324803423298038,0.4383939119346997,0.9488040523727284,0.737195615484195,0.5830161418227356,0.465943527289553,0.661226452117721,0.3815839056488445,4,4,0,5
0.7230678379144714,0.9481778868717792,0.9637852847741852,0.4215964413853789,0.8406426375348532,0.8399736031191861,0.2253030261724562,0.3230984554827902,4,1,0,5
0.7177905446541769,0.9494015954318762,0.958261217087079,0.428334818740327,0.8333556669198674,0.8420013240452744,0.2288207180809212,0.325887857013312,4,1,0,5
0.8454337948272018,0.4412653868873308,0.9525643764340254,0.7162502081170474,0.5816478623875386,0.4573361092989763,0.6416106296416817,0.3637088576257677,4,4,0,5
0.0468947861161987,0.1088206747810334,0.6818147024111623,0.7614689657206307,0.5581314921491792,0.9660789326930908,0.5586285920634344,0.1142360364351148,0,0,0,5
0.8229630080322591,0.4465382568914827,0.946811197412329,0.7443916570712932,0.5955978404598904,0.4813607164055941,0.6679362426507303,0.361686539334688,4,4,0,5
0.0513899706794096,0.1070119141964464,0.6838221864946576,0.769171406713635,0.559242142702664,0.9611393417655496,0.5582063735791566,0.1201076882034117,0,0,0,5
0.8280807035728658,0.4189501525313477,0.9308214621226076,0.7572982877020986,0.5732896039166662,0.4747312021807237,0.6874015155685402,0.3967150701758034,4,4,0,5
0.8312926729336126,0.4381634723763599,0.9488857120205608,0.7362152712451929,0.5824674012091975,0.4662308648890415,0.6612826993085775,0.3828280553269778,4,4,0,5
0.0508776423099745,0.1062434869408441,0.6792466327127492,0.7637793204559575,0.5550753339738638,0.9588609543749864,0.556814678290918,0.1227148672197099,0,0,0,5
0.8298107396484772,0.4338496239084384,0.9515837011496168,0.7330944017430643,0.5871355493574748,0.4691852619816396,0.6645985593461717,0.3841422568618226,4,4,0,5
0.0957449221706914,0.3316717016475902,0.3989603456616901,0.3498579257630543,0.962228135176443,0.8251461896750347,0.8706622288700117,0.6391348554727411,4,3,0,5
0.0861964750041393,0.32275972437659,0.3898328211823003,0.3549921161400633,0.9590093743361892,0.8267369793257028,0.8600339123428171,0.6372982555100547,4,3,0,5
0.0776613175658968,0.3234639890071484,0.3964305519809805,0.3570139859139575,0.9704241118558812,0.8216221318379124,0.8564870612755774,0.6354527065790139,4,3,0,5
0.0497584356813421,0.1066275083633023,0.6852439951565233,0.768652207383387,0.5532336200304023,0.9566954400237158,0.5561005620439402,0.1194816073352854,0,0,0,5
0.3326230845042942,0.2813104282615335,0.351046262257797,0.026487108513794,0.8438682960918331,0.2598626796741152,0.9578875236030784,0.7440638819398968,2,2,0,5
0.8380715344189146,0.4499203800127429,0.9440554596952744,0.7393383745389565,0.5761145619333039,0.4702927936877145,0.6684980016919218,0.3768235299110605,4,4,0,5
0.8304510128875442,0.4395577657243453,0.9468061641216172,0.7385790078191126,0.5857403899568582,0.4678223586042381,0.660536494125708,0.3844784223449233,4,4,0,5
0.8370194248982296,0.4407392834210582,0.9446055429825388,0.7386936590411198,0.5918712609678449,0.4686173238138367,0.6528029037926227,0.3734615481980098,4,4,0,5
0.7208482046802169,0.9501306022517432,0.9608143323347342,0.4280806955860909,0.8357700019995379,0.8418746152418807,0.2294908188345214,0.3273083395256261,4,1,0,5
0.091891647329529,0.3272195099870061,0.3942767263438401,0.3413396858506973,0.9996255029450845,0.8081160905864236,0.8263765642667692,0.6604514214907282,4,3,0,5
0.0464791058018696,0.110434665323399,0.685802423909769,0.7633230373300895,0.5521304639342766,0.9652529106502562,0.5529741415158865,0.1202758328412939,0,0,0,5
0.0226294045094426,0.1127868205324458,0.6975880131502169,0.7959885191202573,0.5673761242662302,0.9563202801217808,0.5445102795015353,0.127976835455845,0,0,0,5
0.8245263259789779,0.4393615585065255,0.9546349904496207,0.7464931002754053,0.5846059830377728,0.458301504230465,0.6688849916032488,0.3846053388716479,4,4,0,5
0.8417663251698111,0.445729865256708,0.94260039609448,0.7361513283365301,0.5834166488672188,0.465679409612338,0.6548370652024943,0.3885468163702485,4,4,0,5
0.0423383307816479,0.1070850404106363,0.6888535756425169,0.7625956152404296,0.5437796541171774,0.949205469267332,0.5528533228331223,0.10224178816497,0,0,0,5
0.0729596018628576,0.3314462769801221,0.4080263022192594,0.363965766483622,0.9714299483798804,0.8334091107836741,0.8431884327689384,0.6400424555371604,4,3,0,5
0.7206624414630619,0.9507055599068364,0.961048499276664,0.4278536770732916,0.8359030114917655,0.8414540068726446,0.2301618907436146,0.3271322697563998,4,1,0,5
0.0521621875395326,0.1038168807250333,0.6783481925068116,0.769062552826992,0.5566187693381563,0.9626003365850864,0.5557269734352239,0.1203131145596962,0,0,0,5
0.8303850656867526,0.436970596112003,0.949124089825964,0.7366999235391486,0.5841116874172728,0.4667925367977604,0.6608957777972166,0.3810616890595754,4,4,0,5
0.1000600628487366,0.3093924919986586,0.4010782602869083,0.3757849435372237,0.971560763285161,0.8401913381874774,0.8693729684418107,0.6566545381579341,4,3,0,5
0.0430481288071897,0.1007594408900082,0.6910580553950885,0.765528214825341,0.5619809585119134,0.968295547391606,0.5595659004772404,0.1222118820369401,0,0,0,5
0.8272487091856215,0.4343407685076481,0.950981504691959,0.7340374153964914,0.5848564336652191,0.4662087590979322,0.6578725520787275,0.3820025643705687,4,4,0,5
0.8258330647722475,0.4336827022764485,0.9519973700535792,0.7318519214012764,0.5892761366537306,0.4736981586812195,0.6540498312231118,0.3782047914306544,4,4,0,5
0.051048895427182,0.1007148944558766,0.682756301692231,0.7646661504998752,0.5524967151316841,0.9679936924432768,0.5625913783747052,0.122313785901887,0,0,0,5
0.0802811548011965,0.3291390990687112,0.3925253139767982,0.3599233197007659,0.9673268834236444,0.8127533833719484,0.8519631964795019,0.6392187791202897,4,3,0,5
0.7244911598014115,0.9527655495805092,0.9652992883449948,0.4269017018507778,0.8388250069309197,0.8382630299224838,0.2265397748516272,0.3302245701555403,4,1,0,5
0.8385738784065302,0.4250313810521419,0.9602498139763036,0.7217181933667854,0.5934310515221959,0.4788536723980531,0.6671718383964071,0.3892447598493488,4,4,0,5
0.3330681106631347,0.2814617060085952,0.3514858818702324,0.0254025734499345,0.8442047051345601,0.2620150737372569,0.9595068890720632,0.7437829111581751,2,2,0,5
0.0508579387393058,0.1090218239951615,0.6840390087087637,0.7668815853350159,0.5564525598058523,0.9622049417413048,0.5581782893865085,0.1183064266732234,0,0,0,5
0.84759003501569,0.4630593924156883,0.9218501320939776,0.7321638017984954,0.5929386039932125,0.4676727625029189,0.668349658386843,0.393929015802268,4,4,0,5
0.828346997450455,0.4432825043114802,0.9527022235827752,0.7433446253835356,0.5820336527697556,0.4663010094244377,0.6598446578691884,0.3744634897086563,4,4,0,5
0.0773765941255312,0.3170200399489373,0.4075677932592949,0.3350591766152611,0.957659096562688,0.8223245949889961,0.8335502092806074,0.6301377312927446,4,3,0,5
0.0457261924991606,0.1049745533831561,0.6909889564593326,0.7716070368653533,0.5631713412041038,0.9541209016848936,0.5662228058379893,0.1155951954058345,0,0,0,5
0.0470906766249766,0.1073619008321155,0.6618235853951171,0.7552237531928919,0.5782835569389685,0.9734388737100252,0.5350313681127697,0.1432312040906793,0,0,0,5
0.0483029307856891,0.1086819800686024,0.6838249328749966,0.765684131352965,0.5557888869504936,0.962917136885966,0.5557098311877902,0.1164319483755277,0,0,0,5
0.8302633395585705,0.4388262178555313,0.9493345407178982,0.7324364683490205,0.5859919714204194,0.471140299730825,0.6639665661797617,0.3828674121246171,4,4,0,5
0.8189091914060459,0.4457714908906415,0.9356725566914617,0.7265789337959914,0.5936314413641277,0.4509139404897051,0.6782713435170747,0.365938858839256,4,4,0,5
0.0670955849549866,0.1013698335086877,0.6887649777352407,0.7758730069898434,0.553204646258557,0.9520776998415316,0.5413554464624012,0.1319692011075175,0,0,0,5
0.8172928496273858,0.4395433035255345,0.9396104922279503,0.7255642866142069,0.5732700845699847,0.4530502218055667,0.6537479256141662,0.3790046725112146,4,4,0,5
0.0838628738350664,0.3210390538349738,0.3953826496756662,0.3549741574752805,0.9617595712952408,0.8181640975175315,0.8562756737880465,0.6377298711223541,4,3,0,5
0.8272767623408485,0.4341213690327039,0.9521868711766154,0.7353715073491841,0.5848199298067197,0.46344644999717,0.652568276268271,0.3760687135774404,4,4,0,5
0.0444794405789813,0.1036634794191494,0.6910642253673009,0.7642187503006235,0.5580225141717011,0.9536856548892982,0.5576133306746681,0.1126470813933092,0,0,0,5
0.0949764837433306,0.323461160974573,0.3947501974145725,0.353317370514812,0.963611520622443,0.8280769238387116,0.8482818269301903,0.6399512274116622,4,3,0,5
0.0321063006978644,0.1186510114950304,0.6524790830516689,0.7852250125184641,0.5435093048703514,0.9311793260620214,0.5689930470724107,0.1047126371863448,0,0,0,5
0.0415331649977921,0.1113376531986604,0.6837969176001001,0.7642534585918561,0.5518453568701305,0.965119138107295,0.550560841680689,0.1121543136758113,0,0,0,5
0.8284321980870115,0.4403676183344946,0.9486489591947675,0.7332113239731475,0.5814975333139346,0.4692109765671164,0.673954170371247,0.3841307606847038,4,4,0,5
0.086954566320073,0.3240520268755363,0.3953004035414875,0.3516353629954094,0.9631488474248968,0.8190881642626255,0.8540390865062614,0.6390089565225583,4,3,0,5
0.0501497340545715,0.1091693662102101,0.680895140151678,0.7659729496616245,0.5518746093844966,0.9649087553975938,0.5603472996242306,0.1202457886271631,0,0,0,5
0.0495003099701071,0.1151557086099197,0.6794422151417333,0.7651115321766594,0.5541056139643329,0.9570298623990612,0.5557243148185513,0.1228290132199814,0,0,0,5
0.8341916103534126,0.4378348744178195,0.9361391488866986,0.7254767705236537,0.5953303032226807,0.477988556589226,0.6482871711900792,0.3757691580197257,4,4,0,5
0.8317020758844234,0.4391414451751524,0.9503234695187128,0.7353310187593024,0.5843212460577506,0.4668940137805163,0.6573929172782221,0.3819715641474101,4,4,0,5
0.0389540924027333,0.1232480709386193,0.6708588442768908,0.7529743615770386,0.5633191258125012,0.9729193113170868,0.5627209015514761,0.1114553492462152,0,0,0,5
0.8314701998110777,0.4397407167742864,0.9494283219106008,0.7360279749087733,0.5842252715904773,0.4661425665976133,0.6573670311605299,0.3810550135803701,4,4,0,5
0.0424344848720632,0.1054737938362246,0.6817339838323295,0.7710460559401239,0.5627166888248223,0.9586366715682664,0.5495107338375556,0.1162316834520443,0,0,0,5
0.058794567573039,0.1106239733224584,0.6943887601752481,0.768373826695624,0.5508159561557575,0.9507361877437543,0.5598329188141623,0.1217675267164081,0,0,0,5
0.0505450512111314,0.1119209542193877,0.688886495088351,0.7591215187573779,0.5458730095879671,0.9587065801582548,0.5544236151108369,0.1098887674375916,0,0,0,5
0.8320955643486647,0.4361848912197581,0.9524943244592716,0.7351586749551506,0.5854233123349855,0.464729278497606,0.6580345495448668,0.3795433007438632,4,4,0,5
0.8270874012274418,0.433774978129401,0.9474809491577344,0.7342797256268799,0.5797357889152153,0.4657118424668859,0.6539179563482503,0.3811433006744442,4,4,0,5
0.8396485008649919,0.4442079771900436,0.9450911686128144,0.7356905003992184,0.5879670070089106,0.4673130152555322,0.6575304867109913,0.3748546257499732,4,4,0,5
0.7938832577325989,0.4368724654273674,0.951467893827754,0.7379463741892275,0.6001426312618354,0.4873687522208802,0.657422456290629,0.3491993844373252,4,4,0,5
0.8414904999135719,0.4458607529034193,0.9405504986930016,0.7452167021807896,0.5757759009390815,0.4655106078818311,0.6680336332566297,0.3767431862844025,4,4,0,5
0.0476863050694943,0.1117063955203427,0.6799439891393947,0.7635958847869725,0.5566549323454065,0.9605745135114876,0.55533808746497,0.1180878639708593,0,0,0,5
0.0858638170115289,0.3122422412061102,0.3886803665361917,0.3514645545155349,0.9525307145635395,0.816691951480719,0.8553878042074068,0.6418724333124096,4,3,0,5
0.0867730274469729,0.3384311168642943,0.4064369517529973,0.3614539523445917,0.9635702625984448,0.8349563839540108,0.8541426849309428,0.6275765188695235,4,3,0,5
0.8357904203326141,0.4352555154911473,0.9381203820378852,0.7357992733669536,0.582753059489349,0.4548850059740101,0.6462141010051777,0.3831206128236253,4,4,0,5
0.8280227180042111,0.4413781945720464,0.9483856592743,0.73640042972285,0.5812474726371769,0.4626131572902859,0.6533708931047487,0.3852169826797164,4,4,0,5
0.0410046097107846,0.1049897568391039,0.6949526480721016,0.7711876328874122,0.5555781274227654,0.9718161319834062,0.5569623858755818,0.1161996934816421,0,0,0,5
0.8477556324897888,0.4402247353995275,0.9661005821189956,0.7368945700485937,0.580439851605306,0.4746632353047478,0.6409573460474662,0.3795421415284031,4,4,0,5
0.0507733412274618,0.1164950385525063,0.6829788930936143,0.761784167389439,0.5570302173005419,0.9680028623166032,0.5610952100018106,0.1155880625144455,0,0,0,5
0.0642565158440794,0.3175210348751839,0.3906034078577637,0.3482124690584,0.9348041437214724,0.8348697790799039,0.8631138877138089,0.6148055346947167,4,3,0,5
0.0688484798187923,0.0908933898844909,0.6689528865168322,0.7877582699741806,0.5520484868390657,0.987724345372004,0.5467120840068155,0.0971022474323445,0,0,0,5
0.0534729375717518,0.108149553887482,0.682833309241219,0.7694101286577646,0.5475994794984949,0.9580148967853644,0.5639980919789821,0.1198437922916664,0,0,0,5
0.8264335546030319,0.4428958235189246,0.9507713767730366,0.7383090497975263,0.5930322441524251,0.4656738064362855,0.6491857506036283,0.3819389807349115,4,4,0,5
0.0662810656304671,0.1120750694228218,0.6930649360301543,0.7582925767284476,0.5544260798633613,0.9678285775928424,0.5464660001057231,0.1106238357722417,0,0,0,5
0.0374704401092278,0.0910000493202864,0.6715185945925513,0.7427065455402527,0.5834259408294807,0.9825527727906868,0.5558802003701557,0.1206451003167436,0,0,0,5
0.0555870795168149,0.1250459362083058,0.6702710107088503,0.7800027807884174,0.5509831781634242,0.9597696382520704,0.5740234160064946,0.1305134996359575,0,0,0,5
0.8153660192413448,0.4293723565485136,0.9461379468607048,0.7230992833929677,0.5899288806200507,0.4697416955983453,0.6703151368342447,0.3854816539387893,4,4,0,5
0.834830471833139,0.4452266388031577,0.9602297748292444,0.7250178009928209,0.5766956923448195,0.4764463956517039,0.6459972159308356,0.3888107296522396,4,4,0,5
0.0517736220127274,0.1232165725308895,0.6945684757629034,0.7665073603050209,0.5595800627187998,0.9762351599320848,0.5468681649891274,0.1080149562675019,0,0,0,5
0.050942464447144,0.1112342913876424,0.6893940372167786,0.7659384718804604,0.5464141479263644,0.9718214208857104,0.5664942417041383,0.1053357667824413,0,0,0,5
0.0719060031259143,0.3067975881891174,0.4156318720414352,0.3582980864940014,0.9688089789802268,0.7973318897371413,0.8492215678519021,0.6725802804271634,4,3,0,5
0.8316384538678507,0.4425881568588417,0.9503742597703392,0.7319741587334573,0.5849973840143979,0.4695822313615825,0.6555680520821721,0.3846415780885506,4,4,0,5
0.8098164435681481,0.4204340577005891,0.9737442902858924,0.7620448558153358,0.5452629447577996,0.4759689382050664,0.6546313261306822,0.4013559567673179,4,4,0,5
0.0417955459597637,0.1052793691546804,0.6831968697285112,0.7613114805370433,0.553922298365029,0.969209964021824,0.5650733558571265,0.1097485113173631,0,0,0,5
0.1088551001413738,0.3037766902256225,0.4098433204757077,0.3413251431431742,0.9548071004030718,0.8088219946326145,0.8630869200251532,0.633307882347824,4,3,0,5
0.827249867087759,0.4440905866697486,0.9673284792753,0.7341847465616227,0.5950699931132519,0.4724051129524975,0.6378450741354224,0.3900357012637246,4,4,0,5
0.844860864290253,0.4370586556287181,0.963394086603177,0.7497330446124103,0.5856171816327984,0.4842625177036778,0.6687917350165371,0.3871838438103611,4,4,0,5
0.0848690336295837,0.3258390025609069,0.3948578302736106,0.3558760672520679,0.960168159817354,0.8110468891939004,0.8625565262917625,0.647322282196828,4,3,0,5
0.0353704753511008,0.1000322293043811,0.6936851441554368,0.7686535279810581,0.5530385169173553,0.9679550179964372,0.5548297995425525,0.1293355361077995,0,0,0,5
0.8374671203232474,0.4395693491496504,0.9487432331278346,0.7385838185234921,0.5766035936790098,0.4634631425510771,0.6590607226871981,0.3724819665716719,4,4,0,5
0.085493854085511,0.3281587687171541,0.3922577842682989,0.3515474746226127,0.9682191141342472,0.8262524175328432,0.8568758212346477,0.6503992796736512,4,3,0,5
0.3394215080918165,0.2764685102713125,0.3503666625970765,0.0224782189783062,0.8429531453973418,0.2669443547169556,0.9629395938799248,0.7418890552544037,2,2,0,5
0.1020306686996332,0.316162643434371,0.4063419402247465,0.3587146647951222,0.9561605099265348,0.8340887110622814,0.8651570672609296,0.6345227192013071,4,3,0,5
0.8403221174504903,0.447905417622013,0.9489895466583096,0.7278217385323155,0.5917275788337879,0.4588310422613262,0.6644267070476263,0.3723359462241611,4,4,0,5
0.832387394166775,0.4397400517974391,0.9524603760243194,0.7342123809527532,0.5860846035932382,0.4678342472326536,0.6543020783617147,0.3807460232876198,4,4,0,5
0.3282502183907583,0.285539761510291,0.3524972615234393,0.0285274736980815,0.833600726967127,0.2626037465069277,0.9637390904436222,0.7391394195905997,2,2,0,5
0.0529803664982575,0.1108299687815557,0.6796800530889298,0.7664941340230514,0.5527305204584254,0.9674101061492936,0.5579823179532156,0.1204481951240621,0,0,0,5
0.3392695861276452,0.2889210430402112,0.3477710785212438,0.0330551092749438,0.8391367039455432,0.2714733442095636,0.9527801960995936,0.738251490683252,2,2,0,5
0.8402274709445192,0.4191444816755654,0.9443602894298412,0.7464642314320814,0.5559228269926666,0.4966686477163198,0.6323139319576022,0.3795151309152008,4,4,0,5
0.8375076439659983,0.4354966588423424,0.9551717728279197,0.7324551895367738,0.5822534541938755,0.47484704605723,0.6539167390276076,0.3887979238232432,4,4,0,5
0.8218487468836296,0.4353627449368165,0.9401769862573875,0.7440957911403474,0.5929324428085568,0.4531747184042483,0.6454461331537337,0.3908586587905163,4,4,0,5
0.3307344960800307,0.2767259743826481,0.345018739062365,0.0164561397565446,0.8415346900655942,0.2596005767422423,0.9565612261434082,0.7367794649868817,2,2,0,5
0.0501894744796864,0.1181980827888026,0.6798023046928199,0.7705570984051602,0.5541418573229026,0.9608596779820684,0.5539649159941193,0.1122931436890872,0,0,0,5
0.0648273906936741,0.1060420093895895,0.6723483472528983,0.740850089974083,0.5629797112983381,0.9365096320996608,0.5805156586743813,0.1188338670383912,0,0,0,5
0.075244554696448,0.3320661370343539,0.3940046180659335,0.3512991331188915,0.9583000663387556,0.8096019830343917,0.8480184910211799,0.6500593843134661,4,3,0,5
0.7192340121878413,0.9616192067888096,0.9588897850342172,0.4302178820620452,0.8318837143045466,0.8511664710258351,0.2258393675428392,0.330097250249488,4,1,0,5
0.0528796729715374,0.124757463494078,0.6839095942774414,0.7566899787681275,0.5622393291400597,0.9776114422668613,0.5680592688804762,0.1236155359767214,0,0,0,5
0.0427161316506051,0.1090819525042576,0.6810541948253297,0.7590517069013585,0.5571374721627015,0.964676765670716,0.5561829802329468,0.1182617969882975,0,0,0,5
0.8367324043685759,0.4341372747422567,0.9486811790859871,0.7376506558071535,0.5831794434214563,0.4629181365226921,0.6546614816968749,0.3798302325779368,4,4,0,5
0.8297938393219371,0.4459864561211963,0.9567487687860384,0.7390777230939773,0.588693051334134,0.4671871586962623,0.6492977533270632,0.3848202366405889,4,4,0,5
0.0466888793010342,0.113095274131845,0.6868985350448106,0.7644837436082043,0.5530089670622292,0.9608715915684268,0.5604978236464976,0.1141165238680182,0,0,0,5
0.1044799168790557,0.3199365375036096,0.3950580201910603,0.3633200777793,0.9533852080888068,0.8320076106277163,0.8661012956330885,0.6447691761815497,4,3,0,5
0.0428451831319443,0.1115358914062012,0.6953332375344339,0.7546215632019844,0.5606980337818186,0.9667568979528348,0.5626227958275513,0.100457223405043,0,0,0,5
0.0389896374683405,0.0955322891104798,0.6723794307063603,0.7602370463789914,0.5343422300352533,0.9493562158282348,0.5504101570610432,0.1194608722657813,0,0,0,5
0.0431664880644762,0.1144843711224032,0.6765802994823349,0.7696228362707505,0.5339095705434648,0.961767070607956,0.5668879300494277,0.1236313796103088,0,0,0,5
0.0568855651450239,0.1130938477402791,0.6791017988773179,0.7636842953402597,0.5526210183892016,0.9579277820668668,0.5664137707320841,0.1147211108372671,0,0,0,5
0.7221448267852953,0.9523169435921732,0.9666832407900184,0.4356642614929392,0.8366909444331535,0.8390812824295341,0.2322792495799641,0.3344969227160924,4,1,0,5
0.8492622260574288,0.4461022216851197,0.9651141783157916,0.7446373546793993,0.5866961949770869,0.4768482200452552,0.6555932095645752,0.3953923586859834,4,4,0,5
0.0486047749446861,0.1132228969328278,0.68385943552079,0.7641249573279433,0.5485862983787682,0.965402474436986,0.5603118971825912,0.1158648186761154,0,0,0,5
0.0458927453370433,0.1047985614938914,0.6818270620713359,0.757019070151053,0.5566497220799778,0.9553969516576736,0.5557348614375458,0.1239041046629614,0,0,0,5
0.0670540342780586,0.1200765694801126,0.6709684753664434,0.7622738720461821,0.5333103381739979,0.982246965368776,0.5431475961114547,0.1103359716733667,0,0,0,5
0.8561750580266411,0.4288074344829099,0.9461437129563092,0.7305110921951814,0.584490226224543,0.4569372665105257,0.6174072516889881,0.3503111130839772,4,4,0,5
0.0882034186158863,0.3252310224012255,0.3993843158935483,0.3489262015080903,0.968858257631443,0.8275491003974427,0.8499835025226236,0.6510071229450062,4,3,0,5
0.0433617505171759,0.1175647751175541,0.6759715339056982,0.7546224304399143,0.5457430055061381,0.961700851913158,0.5663134794552824,0.1141987167906894,0,0,0,5
0.09334445285126,0.3177981852973473,0.3944661458443367,0.349320006004516,0.9628602680160784,0.8201603964341847,0.8538758445296042,0.6436288780386509,4,3,0,5
0.8513062084260392,0.4234299700154957,0.9465437200421252,0.7463816593073279,0.5994233904307317,0.4621565366281117,0.6582984878699438,0.3839370246576157,4,4,0,5
0.8445783263176332,0.4433417049158445,0.960159311842631,0.7296186457162317,0.5746079908051187,0.4584122946612264,0.6566523640205132,0.3757372473739991,4,4,0,5
0.0895655223759325,0.3195304219517068,0.3948304409521818,0.3520908743295695,0.9617107560206672,0.8180890794584353,0.8526564342277559,0.6418978979163171,4,3,0,5
0.1069821436718931,0.3174609049512367,0.3824588354930895,0.3403112725724684,0.953466966714438,0.8169848453552494,0.844603878540799,0.6548669393870716,4,3,0,5
0.0753070247955601,0.1433118599335539,0.6767089715090671,0.7451074182498906,0.5786028546399539,0.9813348447408362,0.544349309876497,0.0998816324855643,0,0,0,5
0.8286957384731243,0.4382948525398159,0.9488151555176432,0.734998644298317,0.5823902649689559,0.4657141713696336,0.6530894039505889,0.3833931255409754,4,4,0,5
0.0539168425518862,0.1305914035878656,0.6963873753893589,0.7691431783259892,0.5351939568791069,0.9571704543103512,0.5409131452077851,0.1232311673691188,0,0,0,5
0.8472571068607332,0.4444898653128882,0.9712242130706898,0.7458148302535125,0.5922391635155971,0.4656237962058629,0.6494580422590097,0.3949742285759329,4,4,0,5
0.7112657407129298,0.9491989692143904,0.970154428557596,0.4402468787060986,0.8447443363583073,0.840780925680784,0.2437717944772598,0.3369811576499819,4,1,0,5
0.7186116266072048,0.9539153881205192,0.9634730620334836,0.4337886021794858,0.8401778270235053,0.8401604921937015,0.2361094375662564,0.3338763207377192,4,1,0,5
0.8281434822034126,0.4485250759566848,0.9541050756298078,0.7427637323274379,0.5910291896269607,0.4681071822884287,0.6602827818975459,0.3812547131700458,4,4,0,5
0.0540520276947466,0.1281652722341724,0.6657909446130533,0.7516104795621664,0.5716500687505349,0.9726778758192636,0.5713100211196783,0.104786172175085,0,0,0,5
0.0481362503768473,0.1130792674077907,0.681433128576585,0.7630499065946769,0.5478407027861983,0.9643022102969784,0.5612493426524611,0.1149626690800587,0,0,0,5
0.8374807842009716,0.4414536113786429,0.9485119235289368,0.7269885577341374,0.59092943756413,0.4615235722398861,0.6573197992923425,0.37557705483812,4,4,0,5
0.8424231937744716,0.4351314945142862,0.96856171653097,0.7353176588005661,0.5752792071490519,0.470336419379411,0.6488638539747454,0.3696425851928826,4,4,0,5
0.828365276006245,0.4394043687164054,0.9667742553501084,0.7421411796082077,0.5939091390052507,0.4754773508099398,0.6392799024772566,0.3708325691699546,4,4,0,5
0.8351268584434046,0.4539923016329694,0.94871683983038,0.7159654517458962,0.5714021378759794,0.4585898909974873,0.6606163501705444,0.3675336519264456,4,4,0,5
0.8313783653839039,0.4359599458427567,0.9454752242239586,0.732537199953267,0.5943683163740894,0.4583766836597912,0.6487380993023166,0.3845265851027188,4,4,0,5
0.8374424921364321,0.4451878422175248,0.9608511365408428,0.7320193389167613,0.5856480703141588,0.4649909583501846,0.6465393766308721,0.3773623716432888,4,4,0,5
0.0467821143294762,0.1160433595372223,0.6763079630264411,0.7606788433388226,0.5437119083192058,0.9630241063646624,0.5612905492176452,0.1201264691223751,0,0,0,5
0.0919273726266767,0.3147111412092191,0.3887565443376675,0.3515472634266828,0.958034409362834,0.8209455369925454,0.8571405433938825,0.642372226376873,4,3,0,5
0.8292676702983953,0.4375249946581215,0.9528218037527456,0.7354362740154434,0.5866245135051213,0.4719131544343434,0.6493805311552138,0.3844863450717812,4,4,0,5
0.0468146225362963,0.1144964880611521,0.6824106270028497,0.7625287101555962,0.54779631424939,0.9651116363172864,0.5600131364814136,0.1154006114222795,0,0,0,5
0.035649423165125,0.0988906624611796,0.6843420596272991,0.7556635842241797,0.5467728036525438,0.94335863085282,0.5777736516639129,0.1062261568966157,0,0,0,5
0.8325400615368745,0.4405689506956636,0.9546972389987718,0.7337178302798764,0.5870000392282968,0.4679360942447289,0.6503827437954663,0.3814150976531232,4,4,0,5
0.8377769837022039,0.4457595812223596,0.954061600588292,0.7295479394498068,0.5853945228585454,0.4628607319787228,0.6550291323910126,0.3804459077260542,4,4,0,5
0.832415642681222,0.4430926958478556,0.957674003919889,0.7326877878661265,0.5860042422790032,0.470163109420146,0.6502444843446857,0.3788599956296249,4,4,0,5
0.0464714598471507,0.1270633868449802,0.6938409460217748,0.7584360496268576,0.5509474097921317,0.9553566839427652,0.5495245311627536,0.1138926962368295,0,0,0,5
0.0445883588203178,0.1147628602061349,0.6872987367079434,0.7631791227184668,0.5459266688506791,0.9624667447754226,0.5596365200993205,0.1096913324183743,0,0,0,5
0.0363192154947222,0.1342000623722258,0.6747601320789892,0.7628419829118691,0.5347339733453128,0.9487197161632394,0.5766825979321748,0.1170528278836364,0,0,0,5
0.061020248509671,0.1041116193374786,0.6883232779248651,0.7598764994823305,0.5376457020543125,0.975718788225964,0.5493710905281292,0.1247841778797668,0,0,0,5
0.0441540862213557,0.111270373073236,0.6797551922307205,0.7651999929058759,0.5460723441026796,0.9675985341478258,0.5568987749412796,0.1134074936871753,0,0,0,5
0.0908383269496994,0.3182947455974811,0.3895843786482624,0.3497705635836393,0.95394485906797,0.8202238122974411,0.8493099823595254,0.6427516750142978,4,3,0,5
0.0446548888431249,0.1147883562252354,0.6821524388153238,0.7617478488417241,0.5450708150679862,0.9680908226144984,0.5614549065311231,0.115267811956979,0,0,0,5
0.0496262579407504,0.1180939432937,0.6826371342136482,0.7592861414796099,0.5500011849033216,0.9644442169331354,0.5575106543697624,0.1155584109660332,0,0,0,5
0.0891327829813031,0.3040009587455183,0.3841867127886301,0.3664294450236083,0.9749102923738722,0.8046923587648458,0.8525421312142888,0.6319912197076497,4,3,0,5
0.0523315426662921,0.0987812667459699,0.6696508183024006,0.7623148165590677,0.5390204459864386,0.9670997227401052,0.5437115788215928,0.1296624938761592,0,0,0,5
0.0946709496179719,0.31876581559423,0.3904861741802108,0.3483273490817851,0.959422076460557,0.8140191147802072,0.8552025021906688,0.6447685400929132,4,3,0,5
0.0504553839096676,0.1160271749859894,0.6846206938089895,0.7650172505447629,0.5494074014881121,0.9679282397553984,0.5582797755714309,0.1117637800239376,0,0,0,5
0.0657423815427446,0.1123456291299243,0.6836664201638424,0.7530159648500522,0.5604571420470625,0.9658001618798258,0.5543273703266325,0.1273398197303925,0,0,0,5
0.8321475708838294,0.4222902515472429,0.9230284075809098,0.7340663966148898,0.562004038931319,0.4771076051155987,0.6364875656279578,0.3514793229968328,4,4,0,5
0.0427702585120098,0.1103078210999748,0.6823749327828404,0.7670848589522381,0.5415035153004696,0.9627790638669336,0.5561807082662401,0.1162010521956607,0,0,0,5
0.0436976333932173,0.1079373000436682,0.6909003839533397,0.7742064778436226,0.5378862347066041,0.9530477463835192,0.5646449476044256,0.1005156076606821,0,0,0,5
0.719754865422752,0.9505367855495052,0.9713537165256562,0.4368552549838917,0.844395073680497,0.8397674705303146,0.2374207786733584,0.3354889503134349,4,1,0,5
0.0434362334430393,0.1164055753361857,0.680315092752739,0.7645976764294607,0.5497838285153896,0.9690615951769151,0.5629359781925601,0.1116848502015494,0,0,0,5
0.8361837381700069,0.4355080267942063,0.956628611194645,0.7346103102050614,0.5873756706694139,0.4736409506511673,0.6452905018874706,0.3840221673471045,4,4,0,5
0.8318748699802448,0.4403013465993502,0.9558991866861536,0.7325690703744395,0.5886459144531739,0.4647147385648674,0.6456400388935117,0.3782016276167738,4,4,0,5
0.0398374845896939,0.1158370852560773,0.6853911508481544,0.7667954524055708,0.54064565454836,0.9640859019497868,0.5642208519358834,0.1071632929658047,0,0,0,5
0.0484883287852256,0.1195095745952217,0.679776323450707,0.7628729656471236,0.5487311024448568,0.964661653741242,0.557945219883522,0.1124985655840616,0,0,0,5
0.0464991804337992,0.1148332170325265,0.6824216990269686,0.7618526944957136,0.5460412636864257,0.96595669511926,0.5607708491326109,0.1142057083121973,0,0,0,5
0.0979015986905753,0.3034133373223849,0.3741275826132803,0.345445923492993,0.9662223008017082,0.7990938623176164,0.8380885076715731,0.6484994848539815,4,3,0,5
0.0485401431898025,0.1150975800610642,0.6896840305234148,0.7620036173189964,0.5387073562525464,0.9698784977608133,0.5694141577893067,0.1133239564624667,0,0,0,5
0.0421940996240958,0.1167091977231911,0.6860898032487736,0.7606705470286655,0.5467206140722195,0.9620440274504036,0.5609324239426527,0.1139230415794548,0,0,0,5
0.7179648438686186,0.95706668902367,0.966244849633896,0.4342989767706194,0.8401623084191097,0.8407649656717374,0.2391122889498672,0.3357927955838546,4,1,0,5
0.831502350586143,0.4309862148836192,0.9542537134810356,0.7380168407247106,0.5972174225409055,0.4753358541201273,0.6288020697366947,0.3737044907089047,4,4,0,5
0.8240272271838489,0.451952655733307,0.9370014227220242,0.7495243253237001,0.6070566879788845,0.4850149106389169,0.6453214875504595,0.3748183014375614,4,4,0,5
0.8369480693012532,0.4454683411822338,0.9571919811172306,0.7318908895643962,0.5873193744041698,0.4703405079156535,0.6445997165331582,0.3830283402258339,4,4,0,5
0.0754127633938137,0.1146882529654279,0.6876712092187314,0.7537200111968838,0.5254424454768677,0.9890393227337924,0.5728526974688973,0.104265490904921,0,0,0,5
0.8235150643617937,0.4182271607878953,0.9778092324790528,0.7491479542700176,0.613145842231217,0.4411355513982458,0.6603063062975296,0.3679135992709954,4,4,0,5
0.7147154047794271,0.953963147867111,0.9651231302055572,0.4322620474443029,0.8438865789944084,0.8388415825531268,0.2425653549980133,0.3389758711341892,4,1,0,5
0.0438296310332404,0.1081054444266935,0.6994210529196929,0.7640810091857955,0.538666537833853,0.976941489035574,0.5620616281082818,0.1077665166184811,0,0,0,5
0.0431515621366108,0.102899977526398,0.665844653775119,0.7835779614274454,0.5452561064381075,0.9791091249126797,0.560290269250418,0.0976057561588468,0,0,0,5
0.0348239737834258,0.1186298593388044,0.6873089572689506,0.7517859850410596,0.5340222189123282,0.9549564504943115,0.5607342136516328,0.1062244683324535,0,0,0,5
0.8123693670648232,0.4308890160882258,0.9459361961154704,0.7414364531667543,0.5999612788354399,0.4779336192709691,0.6354833093712307,0.3604525873507315,4,4,0,5
0.8332154058312989,0.4409096420995482,0.9583927475847852,0.7325875700216896,0.5889586026244352,0.4682280599115143,0.6493118733996505,0.3803414927683289,4,4,0,5
0.0438442275184682,0.1278136180234847,0.6883293369733438,0.7713000121792807,0.5514975086870124,0.9528883748392228,0.5619734774585269,0.1080685109022373,0,0,0,5
0.0906317874648545,0.3189454006957858,0.401215157118107,0.3350685098478776,0.9458526423501956,0.8258594054418491,0.8470224737078583,0.64600995609648,4,3,0,5
0.0962357156233082,0.3163326671707394,0.3955569048197346,0.3465491730274108,0.9578793460826042,0.8155058807792522,0.8513878540713493,0.6430984133843217,4,3,0,5
0.8467231816202813,0.4270724817640786,0.9677427329247036,0.7264485757191932,0.601173051466108,0.4730321777663536,0.6348161046458756,0.3912188919729186,4,4,0,5
0.0599410982099685,0.1080772305583422,0.6828127443612401,0.7483839326436191,0.530930781123476,0.9810123784783203,0.5715423920229367,0.0995026896103952,0,0,0,5
0.8175734249645342,0.4493929547290005,0.9636714316932868,0.7542806428141315,0.5784699830319121,0.4544469343594197,0.6282075528944387,0.3976735482504365,4,4,0,5
0.8410341444285311,0.4413099318422123,0.9543055653154908,0.7361078577461019,0.5866524851186629,0.4685523143304737,0.6532073121192072,0.3866469246267937,4,4,0,5
0.8317992045274156,0.444821653894375,0.9593719052342412,0.7282891010391259,0.5955674655742788,0.4673330624553041,0.640825889638375,0.3807485576432795,4,4,0,5
0.0351779373639625,0.1303085377548501,0.6924869524661348,0.7635608792892639,0.5542390702835617,0.9624503500227374,0.5680058423896126,0.1364375663203283,0,0,0,5
0.099965831682044,0.3268231342907174,0.3918635830408926,0.3566701843442371,0.9629479802083336,0.8163876264076846,0.8614572004360257,0.6481865263795746,4,3,0,5
0.0983660354174605,0.3167552030894924,0.393988641605018,0.3481865586659444,0.9609542670949722,0.8154829028303661,0.847155630838557,0.6449932651094227,4,3,0,5
0.0484760531925296,0.1252552900093667,0.6867611938252149,0.7566960030264868,0.5408572425910719,0.9691635991557398,0.5650880064478598,0.1205155119889701,0,0,0,5
0.3343832801052005,0.2790478550806243,0.3516176539146556,0.0099940849101421,0.853414171458043,0.2778116604353873,0.9624484697133427,0.7320193671114534,2,2,0,5
0.0961363439644315,0.3214054199899617,0.3993782763371145,0.3524496509249755,0.9505012456691928,0.8091454209161619,0.8542079453108342,0.6497699338268056,4,3,0,5
0.0433360497139184,0.1159915805259262,0.6788710108425331,0.7607819977475454,0.5468356606607144,0.9667932726123536,0.5602240287152415,0.1183462318821734,0,0,0,5
0.8346020007913953,0.4290642386205241,0.9689724483438016,0.7334625763000939,0.59170748249771,0.4604244537729785,0.6407564934444226,0.3723296633520749,4,4,0,5
0.0338654608525043,0.1094875997209223,0.6909680857251637,0.7586378729271634,0.547281143688256,0.9557764646138626,0.550126475052623,0.1161800614879829,0,0,0,5
0.0511979484932773,0.1130146020436647,0.681076438213605,0.761125400463461,0.5384648554846012,0.9654580982663894,0.5622440634825933,0.1133850777422191,0,0,0,5
0.8387463332212104,0.4481813337427655,0.9584291407362168,0.7265771139144478,0.5817537790611692,0.4641094356019639,0.6533459537327788,0.3699338361125908,4,4,0,5
0.8326520597008907,0.4426357351638017,0.9580101043721596,0.7314643538985475,0.5907000936635186,0.4694967591336636,0.6464806716504904,0.3784115650366544,4,4,0,5
0.0335941513432253,0.1160156934546321,0.680489061165711,0.7546073493756,0.5530485455039554,0.976551519491512,0.5675491734030021,0.1150392342750915,0,0,0,5
0.0338466210109854,0.104276930346888,0.6825580942840426,0.7616627775121443,0.5322201242129139,0.983361961533935,0.5660347754545151,0.1097037844579965,0,0,0,5
0.8353729302140364,0.4398168777527272,0.9524932594465508,0.7476575100419787,0.57926021766714,0.4722985164807413,0.6604364333525831,0.3780452605980913,4,4,0,5
0.8337112745849725,0.444110445729071,0.95673145755433,0.7316187976390753,0.5916892434342114,0.4675752142253161,0.6469284200354496,0.3817906000636428,4,4,0,5
0.0961374145728602,0.3165157915089306,0.3933570296653927,0.3474465102508886,0.9585946592664104,0.8142050164257677,0.8488922229474513,0.6432253000011898,4,3,0,5
0.838370339270618,0.4459168207702221,0.955325484441306,0.7289034980717536,0.5874260338450822,0.4665917491797505,0.6433236718039982,0.3805097238060955,4,4,0,5
0.0067790010713682,0.1328938609711889,0.7077037686525999,0.7302363184452303,0.5469492343669219,0.958686793459016,0.5812389950358064,0.0888189790481309,0,0,0,5
0.8225180740241552,0.454104406307007,0.9362817328528196,0.7243214909359317,0.582772721380693,0.4904963755191234,0.6555963317244982,0.3526442593321481,4,4,0,5
0.8388671030863858,0.4460831038123642,0.9591406973528894,0.7374379904477218,0.5833729654817467,0.4632487576563855,0.6401322510077866,0.379115089386131,4,4,0,5
0.0993583076549395,0.3178611914343156,0.3567475867485718,0.3610011725681086,0.963381931832511,0.8166963953816344,0.8824516142263344,0.6673297772246761,4,3,0,5
0.0388183626796174,0.1230968112099651,0.6878662899527456,0.7601928046311339,0.5397922248915163,0.9727157297725346,0.5389399104606243,0.0901915942563209,0,0,0,5
0.0960627711983518,0.3157209207926656,0.3915309028508695,0.3474217933293002,0.9574988866802032,0.816426718168058,0.8493917831799217,0.6435292715120042,4,3,0,5
0.062880234453908,0.1145530502677016,0.6908154838848171,0.750089113190784,0.5583294675646435,0.977373869721701,0.5534425450612895,0.116214014403617,0,0,0,5
0.3382356405276153,0.2620542007866798,0.3410550237244378,0.0298305925609686,0.8511127057651264,0.2542941738058987,0.9613320159401858,0.7306715253265558,2,2,0,5
0.7114201820391648,0.9511198779585548,0.9630766364372804,0.4376739351285064,0.8354221231280146,0.8372282252870915,0.2442252695187312,0.3441984742986386,4,1,0,5
0.0331668573789826,0.1212290545009392,0.6748829672545267,0.7492352520373786,0.5482124791910833,0.9754928774106912,0.5627586156149194,0.1021110310813366,0,0,0,5
0.8438008302214013,0.4373807200737995,0.9390784400879344,0.7546520927501675,0.5873709702950523,0.4536857480331075,0.6305916756660642,0.3683363650566802,4,4,0,5
0.8347340116497747,0.4346803784286498,0.9499997137778504,0.7401818620128865,0.5967917930262763,0.4702414200078716,0.6395571451811256,0.3769175447736332,4,4,0,5
0.04517920160461,0.1186072807260448,0.6839953886596228,0.7596035994493695,0.5416072779149291,0.9693451681611854,0.5607590029889623,0.1122330522358047,0,0,0,5
0.8379860708770617,0.451389835981723,0.9601396665738892,0.7266570855563305,0.5965624793278992,0.4626420835645977,0.6494886048883627,0.3789867558448747,4,4,0,5
0.0953003656258811,0.3140608185899314,0.391537902801534,0.3487038393719044,0.9595805783697036,0.8175709739598744,0.850291002546811,0.6412452675968316,4,3,0,5
0.0591403461601235,0.1286811739281212,0.6847838155739473,0.7576706741089757,0.5279750875536859,0.946144688839561,0.5340528636733614,0.0939939003876537,0,0,0,5
0.0404157877173707,0.1222554059688869,0.6878120805875702,0.765872834026173,0.5404682130750115,0.972770778946298,0.561400048351007,0.1073853245919925,0,0,0,5
0.0425181866361462,0.115808393537761,0.6814517088198442,0.7627112690145599,0.5437673036053066,0.9673684706853648,0.5636974562383036,0.1150630415646063,0,0,0,5
0.8481445345734603,0.446838335000996,0.965305986597088,0.7358204411448196,0.574843698935365,0.4844421497222688,0.6530390715249711,0.3740861947314407,4,4,0,5
0.0390885193504433,0.108340198215756,0.7076707573978371,0.7732913711703093,0.5439651052248906,0.9964368805144872,0.5685858742380809,0.1029406783264414,0,0,0,5
0.7178406257405512,0.9581159082762384,0.9674449661989136,0.4362792800612834,0.8423313095984231,0.8413620660291014,0.2422475182693896,0.3377012800226468,4,1,0,5
0.8436925769963383,0.4336485220141317,0.955853276857166,0.7383713715510065,0.5967601271212212,0.4625501799759858,0.6460004348681821,0.3865937648984166,4,4,0,5
0.0946636471144312,0.317144580616253,0.39168585379635,0.3477966809410956,0.9570798858418944,0.8142421527553309,0.8491845509674534,0.6430543837921694,4,3,0,5
0.8348711745367922,0.4425201856609533,0.958764629140477,0.7310941622306701,0.5914311984485515,0.466715315600639,0.6426985812936993,0.3795392363562284,4,4,0,5
0.0435475239177665,0.1189048018601984,0.6819131621419523,0.7608102532567886,0.5424240465387858,0.9671880892077944,0.5630498675833717,0.1132237722167336,0,0,0,5
0.83376050244684,0.4412242128931547,0.95885044098455,0.7300739714805026,0.5926982832573262,0.4705389633623503,0.6427896508206539,0.3809522443102188,4,4,0,5
0.8349136919709619,0.4436568574712085,0.9596598473752022,0.7319472558079915,0.590611559990175,0.4683219260863581,0.6433885658859421,0.3792948478915806,4,4,0,5
0.8464509648013274,0.4379484364649795,0.96649549672414,0.723769263091638,0.5905185893140633,0.4641489241449147,0.6341498491966735,0.3938190209768987,4,4,0,5
0.8322446413188174,0.438926561979125,0.9514001754483622,0.7355525348700743,0.581523254860457,0.4652238400953216,0.6396195578729432,0.3860077842599076,4,4,0,5
0.8332335504656919,0.4451161213297547,0.9610204943226056,0.7341120492227554,0.5898452990429611,0.4704257705032314,0.6447497848914618,0.3775865176575795,4,4,0,5
0.8186812862422205,0.4655032746084518,0.9398059145817234,0.71157134317759,0.5810037870846373,0.482406683822802,0.6280707836107786,0.3662857948875457,4,4,0,5
0.0939390167776367,0.3186940230887904,0.3878418473945013,0.3427691860033122,0.952236321639254,0.8103187519381719,0.8454765658145905,0.6397085559876599,4,3,0,5
0.3192469527183181,0.2931046677474012,0.3529183642880883,0.0368986043720783,0.8235365930993294,0.256512525986303,0.9819903472266442,0.7366101049729542,2,2,0,5
0.1091755497516308,0.3013613311545784,0.3980734560342784,0.3592745773434777,0.941876693564794,0.8081050449727286,0.8527728174824679,0.644561273427759,4,3,0,5
0.049747697391014,0.1082083415487342,0.6739566522899203,0.7647957253860231,0.5445879251486841,0.96354159018086,0.5685465406048991,0.1187469792096107,0,0,0,5
0.0963872820649976,0.312111522950202,0.3898318295825861,0.3543117142779177,0.9427346580022448,0.8334461288155344,0.8427940525987657,0.6397010062476459,4,3,0,5
0.8339495478090634,0.4427382289303516,0.9591191081094634,0.731379557928128,0.5920000020237846,0.4674971439768624,0.642620410067134,0.3782791099842403,4,4,0,5
0.8342895467876342,0.4522534627922984,0.9586111060836964,0.7400106713623078,0.5823453580768294,0.4700999529571948,0.6467988082013127,0.3865493167150727,4,4,0,5
0.0956939404265676,0.3140734025471213,0.3913995230719035,0.3473019004993104,0.9567958119283352,0.8159648803560319,0.8504382265595951,0.6432753508381691,4,3,0,5
0.0957883202620529,0.3080256777779643,0.4016598841145759,0.3465341886551415,0.9639425841584304,0.8221574636749523,0.8606685200110394,0.6435071536209352,4,3,0,5
0.0626959693444069,0.1184781716530252,0.7040941330911722,0.7826326137547648,0.5503884653427094,0.988763405589179,0.5744673324393945,0.1134377034641706,0,0,0,5
0.0542694622689068,0.106349407288442,0.681321025144529,0.7523248772719815,0.5488636057941125,0.9531814485963308,0.5558669018343411,0.1155670164239808,0,0,0,5
0.8238763481102446,0.4260210674096751,0.937806154992774,0.7268024604404032,0.5764107320418427,0.4612049852729022,0.6580702795065807,0.3909326149373043,4,4,0,5
0.091553923961341,0.3103139923067413,0.3983904400206893,0.3379630463123528,0.9481511926943694,0.8070593073634685,0.8592197723317314,0.6495045455509195,4,3,0,5
0.8259250451156346,0.4386126258206099,0.9694732152479656,0.7397627787659222,0.601719674167873,0.4639630709672827,0.62678466844128,0.3722564221964481,4,4,0,5
0.1110374954003314,0.3270528271953323,0.382144074808431,0.3377504450404248,0.947326273734606,0.8050105902997333,0.8377690216704089,0.6531462282242801,4,3,0,5
0.0508087786352405,0.1187454702436702,0.6876209895331444,0.7632608571905514,0.5358415243508856,0.968408182905124,0.5605490003059233,0.1039036635783418,0,0,0,5
0.1013535140739896,0.3251229166868283,0.396767296197716,0.3536327226870737,0.9474097330013532,0.8208672139418792,0.857407201111347,0.6508952944886041,4,3,0,5
0.043873866281293,0.1177470144729298,0.6818403735373952,0.7581336340515061,0.5407636026861956,0.969345288853524,0.561567721411047,0.1115019218004146,0,0,0,5
0.0346286136251656,0.1170954381743601,0.6871618258832627,0.7515285193764059,0.5444255126941436,0.9762435696728252,0.5570049369043746,0.1106072833426982,0,0,0,5
0.3399480776996547,0.2689626526521431,0.3470104593729117,0.0175577910253895,0.8365352491215514,0.2700837758362579,0.9680819643376865,0.7461058698261911,2,2,0,5
0.0501927161126405,0.130650306394634,0.6802377770447977,0.7583109544034194,0.5494629443656791,0.9700774832992424,0.5666137236584367,0.1114560696570906,0,0,0,5
0.1040280262579193,0.3095696822486305,0.4008821505530401,0.3547780022969275,0.9476641321066872,0.8075612054983052,0.8501803909311223,0.6377389286245783,4,3,0,5
0.0985200421732691,0.315504298653034,0.3916325431892525,0.3448156025860605,0.9526260895841236,0.8149860360785307,0.8484648096575439,0.6426992280668833,4,3,0,5
0.8338364122494708,0.4452078625937629,0.9620124199109924,0.7297672351955707,0.5922373198132773,0.4664194414943209,0.6396981534334985,0.3781565511565896,4,4,0,5
0.844626560549227,0.4478056768260629,0.9452163855016168,0.7166261400745987,0.6087728137050574,0.4561033062734674,0.6562009796098155,0.3507682375903122,4,4,0,5
0.0915715037034982,0.3158587184836524,0.389501584367766,0.3469739735098326,0.9508819891006264,0.82019160464211,0.8557969662223868,0.6381978805429406,4,3,0,5
0.0389651763163613,0.1075239284090263,0.6780195999103701,0.7682838280579445,0.5408017027120225,0.9561894608781516,0.5539312498261733,0.0998434622679301,0,0,0,5
0.0376617628743675,0.113213585445472,0.6964775957458916,0.772383239014071,0.5402825763552457,0.9669722711787816,0.5764019448506144,0.0998938051801084,0,0,0,5
0.8400457980206293,0.4517321171638402,0.968204830988777,0.7331228572964785,0.5845716239445055,0.4828198428396686,0.6460948577195611,0.3750202706751162,4,4,0,5
0.839093437364201,0.4321652742909982,0.9577256043641418,0.7487580731611789,0.5804911852128097,0.4861249751879125,0.6245767821670024,0.3951347672325004,4,4,0,5
0.8313379924285608,0.4468616655761102,0.9608202717265972,0.7329184294492975,0.5963278029829429,0.4702076964905047,0.6433971096661464,0.3831676555847432,4,4,0,5
0.0464149955221126,0.1090829240031515,0.6763218771356172,0.754401950276924,0.537901798449635,0.9804318828325544,0.5547780510019806,0.1107196906608991,0,0,0,5
0.1016440843088095,0.3134991405748861,0.3871262244055771,0.3545149471732935,0.9616034860786316,0.8085897157555851,0.8383365338006116,0.6398714620474797,4,3,0,5
0.0602599875480064,0.1083285348405153,0.6879163376694777,0.7492830212511039,0.5516876383597326,0.9817030285796028,0.5741092739388131,0.0984105729102252,0,0,0,5
0.0351722452614153,0.1189598496288971,0.6716103978367853,0.754654440654754,0.5527016859431325,0.982255575416353,0.5738685908024331,0.1089366039726155,0,0,0,5
0.8292982300921521,0.4432218782665739,0.9694305825339398,0.7363840709808898,0.5860567768040381,0.4594976772194594,0.6467179680383108,0.3850134466425661,4,4,0,5
0.0381109549375365,0.1104256823851308,0.6942082638901497,0.760506814274803,0.5414857621288568,0.962629340263744,0.5577047342782805,0.1148514290238267,0,0,0,5
0.0453406112398517,0.121487836328926,0.683891810975027,0.7578797727874391,0.5401493092627004,0.968974107220431,0.5613451063725545,0.1107340201682546,0,0,0,5
0.8166673505436571,0.4474944895173964,0.957981139298296,0.7495177479347787,0.5874695174454073,0.4769371100619497,0.6370106543281816,0.3812437568687821,4,4,0,5
0.3483388126231019,0.275909572823442,0.3485355506411955,0.0055324025736542,0.8418472526658112,0.2574635388898498,0.9773321648027576,0.7306235874270578,2,2,0,5
0.0436456131394354,0.1195242368522222,0.6818329383480517,0.7577683379612108,0.5385615019686482,0.9697442856350202,0.5636892974605968,0.1109319975601077,0,0,0,5
0.8532106236448074,0.4470047649523573,0.9666582907256748,0.7229292531180432,0.6094287803573611,0.480780051951985,0.6499440329927806,0.3763081165388298,4,4,0,5
0.8352426839005138,0.4446288015671995,0.9614316793248968,0.7310106021984103,0.5927190312674935,0.4685942340372128,0.6402898931938831,0.3791500748102904,4,4,0,5
0.8405529863914093,0.4482715595428366,0.9635203222805936,0.7353983963340357,0.5925081350281555,0.4658441122478705,0.6429336070215615,0.3735657669846319,4,4,0,5
0.8294770800262563,0.4423441533463196,0.9619802504591544,0.735596016359374,0.5941969619069426,0.4713817777880341,0.6376318025086286,0.3838628986628555,4,4,0,5
0.3498230488055317,0.2689831836371152,0.3494396348070016,0.0135065985729927,0.8405808399821262,0.2686874723834604,0.9713257003131612,0.7426831862707737,2,2,0,5
0.8359651014469323,0.4378739807409288,0.953622234800292,0.7223362228506084,0.5966190119490719,0.4691523931217737,0.6364841690152652,0.386518815944007,4,4,0,5
0.0348814398037751,0.1146405583777986,0.6881563270873584,0.7639026491190415,0.5364539284910284,0.9725771330660016,0.5715576614726351,0.117043018174422,0,0,0,5
0.0250609537823198,0.132986920749023,0.6801037014731984,0.7439221215829857,0.5197814906721036,0.9821162583413008,0.5738144390482283,0.1260211194397071,0,0,0,5
0.0945297664848567,0.3162015982792681,0.3936827976981636,0.3403956912672876,0.9571936681403456,0.814585369762275,0.8532061115523191,0.6488526303521596,4,3,0,5
0.0307975533787951,0.1127938655012531,0.6725767541158569,0.7695177265063207,0.542748576737611,0.9746439280378708,0.5679360099448073,0.1234281002515197,0,0,0,5
0.0485394970489269,0.1158834620552446,0.677128036733163,0.7593649684750462,0.5421518023421613,0.9719408915704904,0.5600739651000104,0.111018288861846,0,0,0,5
0.8438885846413855,0.4352349095580072,0.951247562873974,0.7172526666459103,0.583503119730008,0.4648010471487531,0.6514548113805051,0.3801144947191885,4,4,0,5
0.0325711703800257,0.1055153154250162,0.6851602616188708,0.7456882029966014,0.5468607709259751,0.9471744446825996,0.5901150180865368,0.1181898591085803,0,0,0,5
0.0999103490535287,0.3141256173374656,0.3909709059357648,0.3427436375419768,0.9523247344582542,0.8143237635049817,0.8497241104024899,0.645424939433971,4,3,0,5
0.0733860721290265,0.3436676205436545,0.4300154699672392,0.3163862198203339,0.9950745227657428,0.8272517966301429,0.8509032340405618,0.6360140800280862,4,3,0,5
0.0811392145456474,0.3239350983743878,0.412879759690608,0.3315047733082183,0.9441025154288032,0.7939150576988161,0.829995012719383,0.663869766900174,4,3,0,5
0.0386168685314376,0.1300849131998121,0.6743857753886182,0.7672084618100866,0.5290762235479922,0.9652718055488952,0.5606359469449373,0.1160167879312587,0,0,0,5
0.0287694538844312,0.1344232934300912,0.6823278375859516,0.7758104742483276,0.548445128820865,0.9643283876526672,0.5462984565361737,0.1206990811112994,0,0,0,5
0.8327853383507366,0.442551196091106,0.9612486728614952,0.7390759939320368,0.5864655596454036,0.4732837317615592,0.6265902688637738,0.3833733037886879,4,4,0,5
0.7164023184196685,0.9617115568609432,0.9700767083535746,0.4392245693644594,0.8441869253929055,0.8404004715520762,0.2457878952183556,0.3415691810317608,4,1,0,5
0.8366229938090672,0.4445774016288456,0.9612875560975148,0.7294207694856187,0.5902229333953333,0.4669032936895737,0.6413303489370203,0.3796455877385549,4,4,0,5
0.0418011183913163,0.1211909228085481,0.6839095355442334,0.7498959512450085,0.5406419317725786,0.9684087937219809,0.5671724584491652,0.104777029530121,0,0,0,5
0.0985507898401585,0.3113022184905805,0.3898790352261064,0.3445106864517962,0.952819550720612,0.8149561288695127,0.8481481101347882,0.6450644642659961,4,3,0,5
0.8398990638133366,0.4507637352644641,0.9569904694551128,0.7356895868550409,0.5923302834011107,0.4697151646816117,0.6428097714071594,0.382978732580551,4,4,0,5
0.0482485338748461,0.1229112084639204,0.6747437473459247,0.7560755660912875,0.5455469514207948,0.9612078938264682,0.5576645222475917,0.101911782305368,0,0,0,5
0.0387455926198089,0.1188575313056606,0.6717010469923783,0.7562300489192597,0.5467963817596992,0.977878592228112,0.5567855023221056,0.0966929694758859,0,0,0,5
0.8458483374833395,0.4504457637076106,0.957312663359346,0.7352295069583366,0.5873805234028062,0.468762484486175,0.642706886391438,0.3684272661699742,4,4,0,5
0.8340884988678258,0.4498831603835009,0.9598913647586148,0.726541732238502,0.5959145984268797,0.471495682219154,0.633200279399245,0.3745414530124407,4,4,0,5
0.8548959649318585,0.4361928724724893,0.9695318123703216,0.730692249728574,0.5916353139122775,0.4653603799788887,0.6321382404961065,0.3666492287074713,4,4,0,5
0.7142771683330165,0.9599137788751644,0.9702359511582436,0.4378595825549299,0.8458148352094582,0.8372892028881787,0.2480618528388016,0.3433905202106828,4,1,0,5
0.0435149419727797,0.1226147168933669,0.6749843191681087,0.7538731902245879,0.543402952647571,0.9651181895042348,0.557226878375272,0.1186270539260445,0,0,0,5
0.3431359412087457,0.272533949152843,0.349856328437463,0.0115675223604504,0.8345086858743627,0.2748279959661304,0.9689151359455,0.7443395172770619,2,2,0,5
0.0823608928891349,0.3091193016328517,0.3848030768742783,0.3666106239322431,0.972054515577924,0.8239297447744618,0.8389664396606199,0.6370327819875332,4,3,0,5
0.082854773155377,0.2885091834657732,0.4031491676157329,0.3533710717928609,0.9735974829302076,0.8359708805817471,0.8407871215270687,0.6444607293651572,4,3,0,5
0.0430803946574812,0.1200711260640587,0.68402593490623,0.7583345542808897,0.5366485519855161,0.9683702490627338,0.5628532221394322,0.1101431479722688,0,0,0,5
0.3476197062426478,0.2723855828976064,0.3536462376313066,0.0118641513522936,0.8395570052363022,0.2723335717068023,0.9739997733919604,0.7423533650162639,2,2,0,5
0.806963152670635,0.4589775647994139,0.976644219373853,0.7440248132438266,0.6027832023524788,0.4622066756325334,0.6202815666690735,0.395763132407421,4,4,0,5
0.0370587645410005,0.1282832936172291,0.6718227851824814,0.7617930678833437,0.5241718266704924,0.9583545661801528,0.552941403262899,0.1172563861481056,0,0,0,5
0.716401558451713,0.9622629213988608,0.9712449451368028,0.4382665707340294,0.8433731044910306,0.8405350147251647,0.2470228918735251,0.3411643444638084,4,1,0,5
0.1071863165077082,0.3053243278471663,0.3786348242187373,0.3474246566833192,0.9278793132445744,0.8164656448430737,0.867104057777521,0.663656906815488,4,3,0,5
0.05278709790715,0.1152932281872817,0.6900099574204416,0.76573761484914,0.5311555453284192,0.9795088440513822,0.5675673080761376,0.0990818252862999,0,0,0,5
0.047170830085591,0.1280441329829546,0.6858447469483097,0.7609950406215648,0.5305912727880588,0.9676887617611422,0.560234517549081,0.105635049219656,0,0,0,5
0.8388144356811875,0.4434212584650672,0.9657260867453736,0.7283383875355113,0.5922226561235786,0.4671832732720549,0.6364713524219441,0.377508509613307,4,4,0,5
0.1040581494845456,0.3136845784764404,0.3884704034420557,0.3415647874634198,0.9657468070396004,0.7927484933017309,0.8604046787128837,0.6367703923286471,4,3,0,5
0.0904119611763246,0.3219387474052336,0.3971093802824138,0.3512618224645913,0.9404172861613525,0.8069526003294637,0.8454730029164911,0.6446414389562937,4,3,0,5
0.8377929867346164,0.4471599761684824,0.96138770322195,0.7396969639096527,0.5888855277543508,0.4730084889842118,0.6464232536727145,0.3692063267213198,4,4,0,5
0.8290690356095394,0.4328083977812204,0.9644805124409545,0.7398453813963539,0.5981252965295328,0.458330633595543,0.6461825922778447,0.3672286465444591,4,4,0,5
0.0414698112144054,0.1222321268249675,0.6825128648295825,0.757265448873673,0.5353220022826193,0.9715260073626378,0.5640497272951824,0.1102879590676451,0,0,0,5
0.106285255687688,0.3109243074940591,0.3850425684585848,0.3471044505623099,0.9464044380597156,0.816238818744051,0.8441660772368845,0.6392533806473155,4,3,0,5
0.0416635736122317,0.1194573238268015,0.6818832126001388,0.7555421255836434,0.5332483832986308,0.973174480021586,0.562114824759275,0.1082386284593014,0,0,0,5
0.0426958984229003,0.126863772817214,0.6702118133020042,0.778506687020868,0.5265213928314112,0.9680069420520672,0.5311654327613428,0.1045434950172376,0,0,0,5
0.0411442133161537,0.1341311012059864,0.6764831272988291,0.7430041228016826,0.5327391052416256,0.9754024684867374,0.5653583397315727,0.0989410966880006,0,0,0,5
0.0230502266614169,0.1364743390425719,0.6725572094378199,0.7398348596898239,0.5332365688743095,0.9722974013806348,0.5789392285234202,0.1234456913811284,0,0,0,5
0.0498729399221116,0.1171043417218587,0.6791625644611524,0.7607805720100947,0.5393781778348171,0.9716413077460384,0.5655963095539748,0.1032881773316651,0,0,0,5
0.8270675476926842,0.4383385275973781,0.9520871552982384,0.741533283657122,0.5965545626156642,0.4618320141935611,0.6419344578874296,0.3737372199072034,4,4,0,5
0.0581337138139931,0.1236948730590615,0.6830077046179994,0.7512003792411904,0.5511217166365957,0.9814799823127832,0.5532822965222194,0.1227445975963722,0,0,0,5
0.719837514211707,0.95334852810637,0.9869703035718312,0.4317951706035187,0.842636859706331,0.8254082832783761,0.2447424975703673,0.3631916487144822,4,1,0,5
0.0320245376376232,0.1045773136920739,0.6869997911733702,0.7522763786063305,0.5380379608865997,0.9784284826734964,0.56949629531106,0.1106842584682085,0,0,0,5
0.1175462662884923,0.3234395211416617,0.3903419845377389,0.3284734289447437,0.9553956169208154,0.7982583602705609,0.8422797011178921,0.6585237505818516,4,3,0,5
0.7171720891211177,0.9649825511650142,0.9724227961933496,0.4420722417097023,0.8481841784389827,0.8411514630383488,0.2445533601950958,0.3389453763573881,4,1,0,5
0.8420396179697976,0.4451337093965025,0.9609820248716212,0.7243437815833301,0.5983737441893681,0.4671305909367487,0.6389540051259599,0.3758653530630113,4,4,0,5
0.8321088787243812,0.4508038761145955,0.9691841765165644,0.7232693980599866,0.5902480847626348,0.4723991973895641,0.6312433253902239,0.3751765368330045,4,4,0,5
0.104440436809598,0.3197555511000572,0.3735017881815505,0.337945252442269,0.9431303900176548,0.8106856896832366,0.8439705632568161,0.6437212916337257,4,3,0,5
0.0393475915467856,0.1291746383510625,0.6896707456545283,0.7505122947546854,0.5396420362154918,0.9811009711189684,0.5702234545296936,0.1038226929658244,0,0,0,5
0.093603465820362,0.3280701849441355,0.3920880073502074,0.3596602079458845,0.9497392631517588,0.7986633288772612,0.820460532551505,0.6605021303966588,4,3,0,5
0.8371735393976492,0.4467391279504252,0.9654144535150824,0.7296040173091025,0.593513120219204,0.4692616239964225,0.6354332997938009,0.378747258871966,4,4,0,5
0.0913231703312367,0.3090814264167865,0.3905683882603042,0.3276990460502177,0.9675802971015248,0.7959960688746207,0.862281290459836,0.6300310120339495,4,3,0,5
0.1041121078224406,0.3035508991900804,0.3773671709378673,0.3390751469565761,0.9419085828765792,0.8068950333154767,0.8559676671560292,0.638524007671435,4,3,0,5
0.8413798335717267,0.4299933353231429,0.9545460501341418,0.7518780120756862,0.5973099703032885,0.4554565661194231,0.6129786803467338,0.3612913555101002,4,4,0,5
0.0425754822739413,0.1238053471892774,0.6810499705333906,0.7546331832387646,0.5327854682554302,0.973195399195821,0.5652076203499808,0.1084997616205781,0,0,0,5
0.8388731209672727,0.4438483994831499,0.9668901017362654,0.7269815904481619,0.597339338923383,0.468975066590787,0.6358274289958352,0.3755612404131809,4,4,0,5
0.0429253056354047,0.1219963332104743,0.68294221379168,0.756611015090383,0.5324996771788902,0.9731366645200776,0.5661758857703953,0.1107605135318973,0,0,0,5
0.0426134982214607,0.1248493554607006,0.6776420457862096,0.7512404302398236,0.5287478015128851,0.9682714471835496,0.5597164413042955,0.1126409331264338,0,0,0,5
0.840810802009227,0.4578742830232352,0.9541595866069144,0.7232945058560883,0.5974503098420577,0.4615838749936319,0.6455010417747654,0.3890457954015553,4,4,0,5
0.8543516099627833,0.4180621898851588,0.9554374243000266,0.7217571063195025,0.6028995911897852,0.4763924251661299,0.636662377166293,0.3690729538443966,4,4,0,5
0.8477085621337362,0.4407433013152115,0.9677503046715504,0.7374515486800641,0.6025234298961499,0.4824086280015416,0.6388444871598341,0.3824669120668048,4,4,0,5
0.0414940757592289,0.1226277775009065,0.6820769644076041,0.755860662791326,0.5341245803668497,0.9721463022521734,0.5644782543632356,0.1091809615100923,0,0,0,5
0.8218181611886718,0.4774063583523181,0.9444632042119684,0.7474465866993538,0.6083053592136002,0.4709975915479345,0.6152444605457277,0.4050747459972547,4,4,0,5
0.1042763799996561,0.3096000224837418,0.3923419142329369,0.3373166542909512,0.9539712373954412,0.8131543380872933,0.8459070421064231,0.6440590244946979,4,3,0,5
0.8331044357652336,0.4459277723060139,0.9680436632521532,0.7326304639583315,0.5948854142168705,0.4731011113497083,0.6307280424363302,0.3807502351857147,4,4,0,5
0.0504542651830187,0.1054193774851047,0.6616343279589656,0.7409118377539071,0.5332625314788279,0.9655808915660852,0.5824933980682525,0.1271632883918304,0,0,0,5
0.8405280802155453,0.4431185543994069,0.9650855066906876,0.7349552880273006,0.6006400174242701,0.4626403028580998,0.6289245117475734,0.3802682846502742,4,4,0,5
0.8402886998939606,0.4469422605991754,0.9619405458082138,0.731707746901407,0.5956514348310337,0.4777983482347783,0.6217022272193337,0.3886795170665866,4,4,0,5
0.1031449314163051,0.3087575502601384,0.3865262558567672,0.3401517472326401,0.9532214394972062,0.8106900059194769,0.8412220364127947,0.6433889863606317,4,3,0,5
0.093055346321179,0.3021222905685973,0.3968917911924328,0.3427803729338535,0.9553813610594256,0.8155847872765983,0.8488825857804292,0.6394140349767301,4,3,0,5
0.8341797855032088,0.4433446172553588,0.9588707341100752,0.7222680226233318,0.5974233495728983,0.4765185500311644,0.6405393435509713,0.3877201753267863,4,4,0,5
0.1280371378202518,0.3204932172109196,0.365757092358865,0.3450724813170292,0.9745245880577936,0.7966001503149065,0.8613225327570048,0.6263461991944868,4,3,0,5
0.0401300988776917,0.1240685901932851,0.6810456110291455,0.7545207921452015,0.5334353917599163,0.9724240719500812,0.564049931017711,0.1097989682053208,0,0,0,5
0.1004853389842789,0.305272349221833,0.3816089350049284,0.3416392479139033,0.9446161116508772,0.8077918599798567,0.8518044768254526,0.6434836494267542,4,3,0,5
0.0973966672384513,0.3078406803415309,0.3858208728733975,0.337147036356595,0.951426088267491,0.8045098827249695,0.8378713078557184,0.64646220233267,4,3,0,5
0.8356786436565264,0.4449037731716505,0.9726474580277314,0.7328521601051853,0.599620977430622,0.459504825108129,0.6255905123758173,0.3794976301984833,4,4,0,5
0.0520505624235949,0.1218133377499397,0.6792019012204258,0.7597775656412366,0.537294394397501,0.9772266388976814,0.5584727516454318,0.1158872770988498,0,0,0,5
0.8418400956193053,0.4492790866873002,0.9716530428258634,0.7367964482499553,0.58953591146492,0.4731999227914562,0.6325719927341013,0.3831038511498592,4,4,0,5
0.1193398314743156,0.2917122336071369,0.3867969531278974,0.3352019660341516,0.9222416262753076,0.8016390514281309,0.8415148555228846,0.6602153779348094,4,3,0,5
0.0937150934214185,0.2927366433636767,0.3704941763726442,0.3294578923866526,0.9547011601867704,0.8279193843936097,0.8593186232743961,0.6503003563154025,4,3,0,5
0.839770845492262,0.4371168890734066,0.9565616617963486,0.74174295770074,0.5945047167280647,0.4781991321680828,0.6208325493522168,0.3847726601246161,4,4,0,5
0.0907285335535728,0.3080424121132026,0.3807626968856719,0.3434938581308006,0.938422806259662,0.8178963829127125,0.8448546658046656,0.645946733455046,4,3,0,5
0.8406889011961242,0.4454299148189651,0.9679816269629914,0.731137641025405,0.5927550236117223,0.4698413990977422,0.6309750859473197,0.3729991473937475,4,4,0,5
0.0389717148882828,0.1260020931793412,0.6839206671331395,0.7527053249750953,0.5297451322801333,0.9729016241849582,0.5659715387962684,0.1064734803583537,0,0,0,5
0.836571512835274,0.4457967025270249,0.9665879160359524,0.7284741376574286,0.5946831414668892,0.4704527435635406,0.6326121626128223,0.3776415619155326,4,4,0,5
0.8288901972644117,0.4422773192297072,0.9686978108051432,0.7299613592392472,0.5982328775639177,0.4681199993186782,0.640467917561282,0.3772955727601569,4,4,0,5
0.8309462328646162,0.4396210809667342,0.9701162922697724,0.7222582457160461,0.5899344070619896,0.472433784640188,0.6360553243567179,0.3848640849836092,4,4,0,5
0.837485367622027,0.4534883760947612,0.9637218247354936,0.7354554747933817,0.5992951582744489,0.4754422310836741,0.6366804160244041,0.369567717369445,4,4,0,5
0.8412438891709442,0.4455579821995845,0.9638982112433044,0.7205300133320705,0.5887040275336601,0.4821658418311097,0.6287760600049391,0.3779746322256881,4,4,0,5
0.049827958346346,0.1317533818596235,0.6875822019938194,0.7523514630208759,0.5448264569003702,0.9640956689022676,0.5647864149805292,0.1027110742055629,0,0,0,5
0.8284410673129126,0.4272593147960489,0.9419061786168272,0.7232605575731156,0.6098965820316772,0.4763835975301056,0.6369494218252324,0.3944569425199757,4,4,0,5
0.0755659620201345,0.3358662645395346,0.3815849319871504,0.3174427931932591,0.9715773465937496,0.8280810799098889,0.8558303922927895,0.6108655469120106,4,3,0,5
0.0416666003764582,0.1256158692206735,0.6822900843916373,0.7549678567382205,0.5304874871421335,0.97180189649576,0.5666252883963953,0.1098333784250285,0,0,0,5
0.8377180727466896,0.4463881384559915,0.9753398630414762,0.7307998511571759,0.6041173534450984,0.4723958764773373,0.6326899070905107,0.3858129475615202,4,4,0,5
0.8187662297716181,0.4276858843270015,0.962274105098146,0.7090547775282602,0.5819793095034953,0.4662157630361323,0.6089474794848186,0.3674431205271719,4,4,0,5
0.0181467743440837,0.1234342149460409,0.6705384761474377,0.7800200967149494,0.5653503197692182,0.99198146907315,0.5458559062991793,0.1347109562359142,0,0,0,5
0.8522590302820435,0.4691041581381358,0.957516858389929,0.7415780379780991,0.6229158354690106,0.4701733944992214,0.6413736736524082,0.37103425727744,4,4,0,5
0.8372553312484181,0.4470124339107369,0.9661545328785124,0.7291028319280147,0.595929798763914,0.4695310826743571,0.6320591151155287,0.3777039868350925,4,4,0,5
0.0582101422253375,0.1267778350206825,0.6882425925789407,0.7587000441630118,0.5289942173538182,0.9571729775799052,0.5465389166030639,0.1133743454493448,0,0,0,5
0.0330117624397674,0.1118304655811002,0.6976145165246168,0.7664150241088844,0.5387874610596424,0.96123920710033,0.5602164013421305,0.1058352544343899,0,0,0,5
0.0971763567015076,0.3105421643238725,0.3959783463145624,0.3367817971790482,0.9602315737836477,0.8087347323908218,0.8348963817436411,0.6438137836017409,4,3,0,5
0.0424971886920244,0.1258035313611881,0.6834953816890698,0.753228603535649,0.5279768882697399,0.9757204178131226,0.5645895091329841,0.1088765212247503,0,0,0,5
0.8378656545063289,0.4470805759505978,0.9667021832892484,0.7290075544155363,0.5956508842970625,0.4702035518997218,0.6312494080275999,0.377910827261653,4,4,0,5
0.8324045484312086,0.4192164658535491,0.98327853733999,0.7531835907084059,0.6253413694442663,0.4673745883451727,0.6330928731217431,0.3754332153861629,4,4,0,5
0.859436035231068,0.4563592569061548,0.9677177851877716,0.7470663601284996,0.6089042606716348,0.4617500260127889,0.6367109937683872,0.3806755004403441,4,4,0,5
0.0433237212622732,0.1238152897304068,0.682501389707662,0.7575642994077307,0.5331010461632971,0.9760082867684268,0.568812401057516,0.104985814855141,0,0,0,5
0.0401006383616316,0.1250959422158781,0.684577505331327,0.7572010319813274,0.5341177656244177,0.9690310901682138,0.5649517136777472,0.1080603893625265,0,0,0,5
0.8350545250668231,0.4498070013264554,0.9704647802636248,0.7308429433195014,0.5951665280154231,0.4684624807739169,0.6285897839624012,0.3781069010576413,4,4,0,5
0.0409338636732911,0.1260602756406067,0.6801502813877577,0.755143533134449,0.5302315366576318,0.9752353400795007,0.5651480521810308,0.1096262694381999,0,0,0,5
0.1087377660203757,0.3045474124721573,0.3788818272579989,0.3331505326270219,0.9358400477769946,0.8044744135956524,0.8371886350024352,0.6363155884236245,4,3,0,5
0.1033567298926098,0.312110461676574,0.3853098302033355,0.3455283698515101,0.943756785636834,0.8080169489152067,0.8416877490149557,0.638746368921472,4,3,0,5
0.0930812904951724,0.3133722381060099,0.3959878585253461,0.3464394652733879,0.9572309999805212,0.8073070187582585,0.8330283898583469,0.6339705460901344,4,3,0,5
0.7181076188882436,0.9688214009055778,0.970177655235352,0.4461471271672377,0.8453150014281743,0.8418919600364321,0.2525046119266275,0.3441945879785631,4,1,0,5
0.0362956338684096,0.1255998545604023,0.6837102810283388,0.751496524634908,0.5295522071269212,0.9701747191192336,0.5635366737179417,0.1081975935797737,0,0,0,5
0.8284119734678347,0.4677169054727459,0.9866103677900092,0.7342805785840993,0.6119861971869471,0.4530678632039178,0.6357354762031718,0.3800872507418322,4,4,0,5
0.0254821673665507,0.1104118739903675,0.6779443752290356,0.7585244045313232,0.5482466651077941,0.9756102778566268,0.5724682021205655,0.1240393933268573,0,0,0,5
0.8454966611861813,0.4471461925572947,0.9668223417424494,0.72924261947639,0.5969069798168359,0.4667015339337084,0.6279545034753542,0.3827969956618036,4,4,0,5
0.8492248046747852,0.4613252499743241,0.9685875117143248,0.7245163318007564,0.6016394825413148,0.4744376397890313,0.6300324729442704,0.3717378081565366,4,4,0,5
0.051789855700672,0.1139017432335542,0.6883381177317222,0.7625610092022401,0.5170218047298955,0.9747549469212302,0.5566705977655994,0.0903632693128932,0,0,0,5
0.842252463877458,0.4544178708501907,0.9676143493477196,0.7251947716750022,0.5962961703230953,0.4713692088602091,0.6354348579364927,0.3706856307828538,4,4,0,5
0.8258272506930111,0.4603160197710239,0.9608710305546616,0.7166114334217142,0.5937722462590714,0.4642219520042088,0.6176042830185733,0.3898931103538678,4,4,0,5
0.8344729389735107,0.4254508131221394,0.98033024882538,0.7241849564424493,0.5602505658715168,0.4422234310649194,0.6104825643593392,0.3484859305030073,4,4,0,5
0.0344154452816698,0.1217139824496906,0.683717763450463,0.7448193506037574,0.5271959716347329,0.9692171266945722,0.5578337914778503,0.1091237979370301,0,0,0,5
0.0947661819080318,0.3214907743771769,0.3731964523716782,0.3373276999516822,0.9386581949583964,0.819319420047862,0.831975064095075,0.6391832067579013,4,3,0,5
0.7141489224523259,0.9660995425118524,0.9722452529123752,0.4443343844487356,0.8486581298668614,0.8407414796220869,0.2494544130172265,0.348869514781333,4,1,0,5
0.0419923865753145,0.1250759742983319,0.6815027978135614,0.7555297062289646,0.5295773181174377,0.9717174037842212,0.568482411860694,0.1049926410058004,0,0,0,5
0.1060428875740303,0.308178017019272,0.3882423077040777,0.3376422264538204,0.9497918813238264,0.807511756641431,0.8444027643662502,0.6458708673401031,4,3,0,5
0.0349768515787175,0.1214272557847666,0.6872290988283924,0.7589360833426585,0.5298342419876526,0.9742703441773124,0.5619769969290281,0.1037893955236614,0,0,0,5
0.1051696511258827,0.3100318842962392,0.3878283274837622,0.3480778231805883,0.940047652924778,0.8025965417067629,0.8315927616716197,0.6541769299215665,4,3,0,5
0.3417307667020029,0.276456519129783,0.3527409672385018,0.0023959977600203,0.8304317495827443,0.2754492355956374,0.978652878426576,0.749922036978963,2,2,0,5
0.8393255187232149,0.4441577835576979,0.9646933668379184,0.7243959806861614,0.5957667974485716,0.4712875069886164,0.6288522883386631,0.3789720331435361,4,4,0,5
0.1162831778898434,0.315062113933599,0.371553616388882,0.3460860221362408,0.9615262248205892,0.8252101488319481,0.840824912683311,0.6527106670892128,4,3,0,5
0.0517914403304261,0.1356719638099542,0.6839465400669619,0.7631464132728286,0.5375754766932607,0.9645432302004836,0.5560925327724157,0.1101568965491958,0,0,0,5
0.0426160197307778,0.1209232323980227,0.6793693965124457,0.7470385186055467,0.5230798840417015,0.9756051022271018,0.5664459859010135,0.1049853472681737,0,0,0,5
0.714566208250043,0.9663080772669926,0.9745893656152512,0.4442432693946332,0.8473002020762268,0.8391407166473835,0.2532410971266037,0.3474561965504961,4,1,0,5
0.0382054660617228,0.1277773891495844,0.6838230076098135,0.7504507377213145,0.5273807890382284,0.9712759970039307,0.5615268870753807,0.1083516404043465,0,0,0,5
0.0287218846785587,0.1248125258379602,0.6941161954234801,0.7629315210729611,0.5226111604334625,0.9789791001212904,0.5717664591080118,0.0992265869273819,0,0,0,5
0.0343107706425835,0.1244497810408454,0.6751296318816643,0.7646328332477578,0.5393746308813393,0.971688823125094,0.5690042003840576,0.1164740724503446,0,0,0,5
0.8414462283869036,0.4604162974178599,0.9777036688596886,0.716922136975059,0.5993679071212421,0.4712752961736893,0.6388079284825864,0.3875909599836336,4,4,0,5
0.0327901246312125,0.1310158779228117,0.6827182096496538,0.7594435172201213,0.5258586449002749,0.9787871441048004,0.5717732088214642,0.1060144025902568,0,0,0,5
0.0416532942664443,0.1284517207422992,0.686364396961937,0.758749877745897,0.526718629146938,0.9804185729733456,0.5663345963744718,0.1029295820987796,0,0,0,5
0.8442413290680959,0.445584507076981,0.9687454416859312,0.734458717471989,0.6041565603632881,0.4637069191115232,0.6343127508133656,0.3750462698187343,4,4,0,5
0.0502450027703361,0.1288407668723132,0.6834278764961117,0.7438584068998398,0.5352570746713184,0.976443361908639,0.5537966720418422,0.1084265080345237,0,0,0,5
0.0489764317533773,0.1302069411195854,0.6782569638654731,0.7668328416354642,0.5244092488246694,0.9796879954937682,0.5696616313241171,0.1081639148632194,0,0,0,5
0.1055487645971337,0.3064630306100194,0.3869028663285971,0.338499758222083,0.9463637403354932,0.8100559830133091,0.8439350804993702,0.646502689240278,4,3,0,5
0.1069432267071171,0.3095425247989948,0.3878574324401628,0.3489374428341441,0.9581645932823596,0.8069231604387281,0.8444468905436112,0.642905874382714,4,3,0,5
0.0451083129943834,0.1140368355444458,0.6635199363284122,0.7537441578321143,0.5443391615413893,0.9699750700544196,0.5533270569709827,0.0921975402556843,0,0,0,5
0.8484024534403749,0.4515336744291044,0.9593206465627526,0.7315038118350456,0.6124756279261258,0.4572107016226251,0.6180764278705416,0.3700585803505208,4,4,0,5
0.7101397228271203,0.9698650107520654,0.9703994880902708,0.4500635693480831,0.8546570851604635,0.8455417887541887,0.2595099577576912,0.3483978295995491,4,1,0,5
0.0402001708503215,0.1263165468207897,0.6849275134786477,0.7510633647117048,0.5319306348607852,0.9704693146854872,0.5677869496556557,0.1103754453420035,0,0,0,5
0.0485822137946975,0.1303356823923062,0.6821657254892746,0.7504873102880465,0.5219893228990026,0.966365060520294,0.5632188761096906,0.1097971587667735,0,0,0,5
0.8336908352977049,0.4523564571444658,0.970074738462365,0.7352728309137176,0.5975592877407055,0.4641474901355251,0.6199460720225531,0.3818137983343137,4,4,0,5
0.107818110575129,0.3041578521521943,0.3780996050180999,0.3415587161810726,0.9466389019463016,0.8081431614536293,0.8524328085399714,0.6486240148930084,4,3,0,5
0.0424033984937842,0.1242992902910411,0.6799491156865283,0.7548718287415774,0.523392992000678,0.9788949998681729,0.565789278041785,0.1068021218597179,0,0,0,5
0.0380961351470761,0.1276895856260061,0.6828154182338079,0.7518970649081811,0.5283951551856859,0.9745643910302028,0.5665115410683548,0.1075456980144512,0,0,0,5
0.0353129409161044,0.1500851237840604,0.7018969757934974,0.7631542349779448,0.5071153061657526,0.967130024737512,0.5725720031663379,0.1089540740197325,0,0,0,5
0.8384856010349849,0.4418945542840007,0.9731125575014176,0.7211296830217713,0.5945197939743906,0.4634913464487207,0.6219474841254292,0.3719292052713393,4,4,0,5
0.0455645572698999,0.1264531644337222,0.6744749947398881,0.7565503391027659,0.5101670295558735,0.985013765195049,0.5658755869367467,0.1079536117783503,0,0,0,5
0.8223076701338955,0.4716449874115,0.9637736390905904,0.7043896453760339,0.5915157095609579,0.4870183540481752,0.653112679558309,0.3707332922594331,4,4,0,5
0.0221386325769317,0.1073522240272614,0.6943807437146935,0.7252585610609361,0.5184612738965128,0.9585475089736412,0.5650094789796675,0.1075477322363368,0,0,0,5
0.1020810430850032,0.304818307544749,0.3839464782130825,0.3417501762898047,0.957430207446053,0.802269042793426,0.8556958816364902,0.6391300827453781,4,3,0,5
0.0414403890063267,0.1276613159664277,0.6817345900796237,0.7499672935644245,0.52849911748009,0.9761325269401742,0.5657639720903331,0.1117261596736493,0,0,0,5
0.8389940643866026,0.452221442726738,0.9616642555695768,0.7280723095192619,0.591933270865052,0.4587661650737306,0.6365575355689951,0.3809784069081873,4,4,0,5
0.0403569876319076,0.1291314944593887,0.6790073633417111,0.7521101078202299,0.5276949368083358,0.973271367457862,0.566722048139638,0.1082733319466662,0,0,0,5
0.8391910995101732,0.4491515376673079,0.9702264365374592,0.7295957836339528,0.5970336537223007,0.4686462260384746,0.6275067469522373,0.3777303369547765,4,4,0,5
0.0431713975376876,0.1442602050952447,0.700092076425359,0.7347387002376277,0.5337425528340293,0.9614495174186458,0.5699591917722353,0.1210014491615051,0,0,0,5
0.1020427476907684,0.326290433582822,0.4055122454855817,0.3554132241956026,0.9432980262515536,0.7961795759076087,0.8383009388519612,0.6648441191664589,4,3,0,5
0.0370573363533151,0.1357872824700488,0.6904940363107929,0.7440031228301897,0.5359615952063845,0.9827116524553132,0.5644823515870248,0.115543744733847,0,0,0,5
0.0379288302154115,0.1315779298121523,0.6847991492936526,0.7470137144564944,0.5258899584873468,0.9786907531922936,0.5657580884207737,0.1078826286240161,0,0,0,5
0.0377256150196628,0.1278634386883852,0.68158217194937,0.7532123293520262,0.5265803945616752,0.9749020852737392,0.5668457834838907,0.1053720875009166,0,0,0,5
0.8334750677911064,0.4484307964127983,0.9698697181833792,0.7291281316018371,0.6004182954314087,0.4684002622561187,0.6278348768440727,0.3730309797400863,4,4,0,5
0.8462472323889324,0.4376589232635871,0.970081730779388,0.7356311485806963,0.5979355939097335,0.4830854866978142,0.6309870798156726,0.3752212144196377,4,4,0,5
0.8436202369537945,0.4512459439595664,0.9759076410877952,0.7334692302863396,0.6000685138128965,0.4757970252559414,0.6277125460367755,0.3788368495237647,4,4,0,5
0.0326745911350164,0.1221539792567868,0.6799462749691745,0.7492237984205816,0.528462748842871,0.980697179187071,0.5707770493074775,0.1001836579947344,0,0,0,5
0.8384236759326572,0.4415043623120087,0.9592383820433512,0.7317979498449649,0.6081675709925991,0.46266932567248,0.639479362014675,0.3860412895230012,4,4,0,5
0.0490904240511186,0.1142637698657035,0.6752432583648837,0.7496627017735398,0.522982858006827,0.9953826547387968,0.5416979403606728,0.1169425570095685,0,0,0,5
0.0392022453723478,0.1290820773071282,0.6793688738586857,0.7519092834201966,0.5267516526385357,0.9744897279824756,0.562997197137263,0.1058963926244024,0,0,0,5
0.8353695587434841,0.4444207674283262,0.9669846923912478,0.7223088210147453,0.5936052637054283,0.4667544911129367,0.630146241206965,0.3734546998136141,4,4,0,5
0.0544208406766351,0.1288779918586843,0.6575060903776622,0.7566372957840386,0.5388720027093681,0.9886870060549908,0.5504264376693181,0.1053250816610101,0,0,0,5
0.1019927116562516,0.2899860753265424,0.3900943201873264,0.3384662076896739,0.932101963594133,0.7999253140695155,0.8366340053515426,0.6345685141303127,4,3,0,5
0.8433966066114618,0.4529384786994345,0.9803298674688627,0.7342589312853375,0.5930158223931673,0.4767260755328711,0.6299708193773406,0.381470556426855,4,4,0,5
0.8364990061093857,0.4429488778407896,0.9609884240192278,0.7260772735447528,0.6084633406264143,0.4592947039027544,0.6138852686023608,0.3700770385216873,4,4,0,5
0.0364056379625422,0.1251302065587009,0.6828534023325482,0.7512415955691788,0.5241777136907685,0.973800261391754,0.5680261987515342,0.1079795950497901,0,0,0,5
0.0441491665254552,0.1246754975320059,0.6803637245585652,0.749913170514983,0.5220946286289421,0.9697241188202148,0.565506042315724,0.1094293136900298,0,0,0,5
0.0498460637353278,0.1393489248969391,0.6709585310980348,0.7460536724525556,0.5132532586782463,0.9747385115355144,0.5621815276144119,0.096914087398033,0,0,0,5
0.8389843764307455,0.4491173134150198,0.9703399632241314,0.7267476981813656,0.5992799123273918,0.4702399442781563,0.6258701604788169,0.3756405033787474,4,4,0,5
0.0452931286507074,0.1303084314996865,0.6837648797092696,0.746268125746664,0.530067393663841,0.9811584794607244,0.5705767432680122,0.1054377766725358,0,0,0,5
0.8354116271614094,0.4461605719450576,0.970365967921908,0.7279785575772576,0.6023539678168952,0.4674292395375685,0.6218927927055143,0.37289450513198,4,4,0,5
0.8411445835617573,0.4553133538045825,0.9611732810611908,0.7268458860267342,0.6058658989667531,0.4758069717444995,0.6159152263502663,0.3697120798067322,4,4,0,5
0.3682276609765666,0.269012812490734,0.3357752156597353,-0.0033354503324155,0.8335755631115732,0.2735282243663667,0.9967039852773748,0.7437096675864234,2,2,0,5
0.8303866732234191,0.4437976056397445,0.9663951601770834,0.7299050014915738,0.6047023978673297,0.4676345224708507,0.6291959645645776,0.3734621348082914,4,4,0,5
0.038635598447763,0.1249337089761234,0.6827349330174816,0.7482567945959424,0.5300381061961498,0.9825260722047686,0.573952237583835,0.1008490795775037,0,0,0,5
0.838416187792418,0.4493160313925141,0.9713518830423308,0.7273766717173233,0.5992221280147628,0.4710414910089678,0.6246193772646266,0.3764069676692991,4,4,0,5
0.8310094095015133,0.4212893093468291,0.9926498299711696,0.7360723975594613,0.5947707137176529,0.476933564851759,0.637802717268003,0.3504938172582815,4,4,0,5
0.8309553616229678,0.4572783197492864,0.9710268738966786,0.734803948676233,0.5938261660700597,0.4736932521940344,0.6152621162141245,0.3664661635129556,4,4,0,5
0.8398234643531507,0.4494692226675312,0.9699281832191614,0.7259158215838296,0.5982352620058669,0.4699708913637687,0.6235647856243185,0.3759809954996547,4,4,0,5
0.8539375948838805,0.44051069071215,0.9781995975172132,0.7314710754077559,0.6059452197397245,0.4758550961095435,0.6098082091573614,0.3872774382955598,4,4,0,5
0.8388437853816157,0.4518412921075349,0.9690097393219356,0.725514256327445,0.5994067689421768,0.469727988660252,0.627508499600425,0.3743517238037635,4,4,0,5
0.8501023339140242,0.4478225787278149,0.9564133625247396,0.7420590314982227,0.6083241964418078,0.4721492827571311,0.6312511662382141,0.3769378453946188,4,4,0,5
0.0302401810017611,0.1233671233199003,0.6810715947902803,0.7511458480348547,0.5216971361826926,0.9764732191931114,0.5684765440305108,0.1099408645218651,0,0,0,5
0.1060471259248998,0.2925029770894777,0.3745377927902675,0.3480871247263266,0.9384275347891698,0.8189129891300915,0.8274358261957608,0.6539756805843284,4,3,0,5
0.1198250091701704,0.2893200048147214,0.3852174462380454,0.3412412221852292,0.9227442916607774,0.7967221001676728,0.8289350638581761,0.6364055257126926,4,3,0,5
0.0462583693842248,0.124783265481635,0.6689981911855755,0.7601072640638559,0.519863333699527,0.987947124550554,0.5754567905322935,0.1086777190391959,0,0,0,5
0.8287395638390502,0.4574338257950401,0.9743335047756368,0.7300106961671168,0.6048426055988255,0.4617828031209532,0.6325243190058625,0.3669764406303021,4,4,0,5
0.0424106544960626,0.1324980446156474,0.683242777964068,0.7459463027375816,0.5209482206145526,0.9710705431778032,0.5737826076922561,0.1056556181005152,0,0,0,5
0.0310339267023196,0.1414575420659678,0.6795362811441502,0.7561308126889593,0.5201234514277319,0.9722126447701122,0.5636991166023252,0.0949664459969746,0,0,0,5
0.1124491880997406,0.3084153428867672,0.3883503994958523,0.3395347263830556,0.9467321578248882,0.8071762891627442,0.8429827171771027,0.6482234020400175,4,3,0,5
0.8394374471636522,0.4496001028208555,0.97139895432402,0.7272165423992643,0.5996380698962827,0.4711856168478284,0.6239381957786709,0.3760172412478171,4,4,0,5
0.0385394793067972,0.1267390038048887,0.686823245782664,0.7528707594496317,0.5193396807147722,0.9789593837518454,0.5659994779847182,0.1027558911336504,0,0,0,5
0.8582759329559612,0.4479778237755991,0.95108406334387,0.7371595362506649,0.5935835425695318,0.478936333942846,0.6306659338575704,0.3684485605711953,4,4,0,5
0.0352239959419425,0.1288325422338282,0.6837987860900112,0.7513499585943937,0.5259663902106259,0.9766794087710444,0.5695872789609522,0.1056520029634076,0,0,0,5
0.8427083350590305,0.4443735182091878,0.9675079882214144,0.7265727449830788,0.5961919588455673,0.4753938538659822,0.6177390205131394,0.377232818314147,4,4,0,5
0.8256291121424641,0.4506443222899183,0.958256371007909,0.7132282591492775,0.5878063596119301,0.4840172203030876,0.6296003784918006,0.3752407453501817,4,4,0,5
0.0368199150473599,0.1150941703223139,0.6868788245758948,0.7511488475872129,0.5276605316182732,0.9839851156132744,0.5697438733474631,0.11076908057661,0,0,0,5
0.1085226439542884,0.3018338701308094,0.3953956118100177,0.345452270428689,0.9450514818191494,0.8116620955575488,0.8526827710702589,0.6464488770752946,4,3,0,5
0.8385891003741405,0.4524418220239501,0.9875089653690976,0.7374891151770071,0.5936746738908364,0.4763837808344504,0.615826604674458,0.3691054277437138,4,4,0,5
0.8488728099257348,0.459709029746261,0.9704455005216536,0.7248427507088219,0.5906161238684485,0.4659964518581818,0.6304252028844525,0.3802617542510624,4,4,0,5
0.0255922024323307,0.1414726402800917,0.6732624129925794,0.754774258236714,0.5146678344816197,0.9855435013335244,0.5718889359452787,0.108335936605238,0,0,0,5
0.7049172794887053,0.9615287946057114,0.9816755585420788,0.4453867286993567,0.8561895001759798,0.8353231476997497,0.2578550573461671,0.3439977823222996,4,1,0,5
0.3517418250505038,0.2774335820137004,0.3439268305034805,0.0105501876015973,0.839737276254776,0.287754909499735,0.9813366144911124,0.7319177436224811,2,2,0,5
0.8351688607704334,0.4474532431765338,0.9673586993209576,0.7311183428905755,0.5995190335564968,0.4677374295211435,0.6163276700206087,0.370040460461443,4,4,0,5
0.8437297101406916,0.4500801473224817,0.9621539836912276,0.7371423413485809,0.5992441907981076,0.4763996706337275,0.6152898982001533,0.373682870616955,4,4,0,5
0.0428803071866779,0.1233132703553001,0.6862823664347164,0.7467651649851657,0.5172044922820257,0.9723284034506638,0.5647641819929365,0.1067613898976698,0,0,0,5
0.0348487870580873,0.1307937385315583,0.6841477080964063,0.7396880380847224,0.518070873067819,0.9714862357832172,0.5771275679835599,0.1011152428054754,0,0,0,5
0.8390564892205647,0.4516100072280182,0.973648854002264,0.7281653853642065,0.6004387171631185,0.4700333602386022,0.6226039286780876,0.376517188677364,4,4,0,5
0.0271119889318262,0.124452655650334,0.6856621494132134,0.7330623811313165,0.516411720675126,0.9769090505772032,0.583715934336832,0.1023325369477319,0,0,0,5
0.8457799595811003,0.4504715058613363,0.9772459715204168,0.7202259848909581,0.6040798478467023,0.4640401159066581,0.6198082865618537,0.369176328903154,4,4,0,5
0.036763108833967,0.129561936849143,0.6783708797219452,0.7467877225574027,0.5228672051691365,0.9791423935317812,0.5707654887047104,0.1063504559587569,0,0,0,5
0.0492910608876693,0.1341248339724181,0.6896623726275279,0.7526901065732571,0.514083604858133,0.9687029031804478,0.5566410695324766,0.1080884348120179,0,0,0,5
0.1202588968830608,0.3000253777402297,0.3847416313432611,0.3531606747503558,0.9485203070936804,0.8117318499200356,0.8533426376547759,0.653261927693648,4,3,0,5
0.0265971970467797,0.1230643531903977,0.6893499161202634,0.7383696166489595,0.5372221061250831,1.000777992516663,0.5902496691170163,0.1091675872930024,0,0,0,5
0.0125716686342038,0.1040710725352258,0.6712525076558791,0.7640048882042041,0.4929081290989179,0.995515836676026,0.5696986561742622,0.1251045634644047,0,0,0,5
0.1118290588454354,0.3071768920268886,0.3831953162062586,0.33261237545623,0.9365464614956456,0.8054590607109072,0.8362012787544669,0.651387401953508,4,3,0,5
0.7160072195616789,0.9716959047201096,0.9831246046238316,0.4440376976560921,0.8507516196035517,0.8378491656985465,0.2551996744455447,0.3487620431223426,4,1,0,5
0.8392060856968264,0.448349735279212,0.9732509873431406,0.7281383078773077,0.6001653955764057,0.4681480225380411,0.6227040940018548,0.3780180987819337,4,4,0,5
0.048210054875454,0.1402487639074358,0.6858653448199548,0.743555895949381,0.5155796905526522,0.9774790079280322,0.5572401760171384,0.0915125107736055,0,0,0,5
0.322448918256393,0.2275802999645637,0.345226952272692,0.003013607036795,0.829984980748713,0.2888114357128594,1.011823439681902,0.712217535974694,2,2,0,5
0.8426266550762802,0.4485274969928264,0.9691663119135464,0.7231301179251262,0.60381696273909,0.4753678233089474,0.6250630403853765,0.3716190639839787,4,4,0,5
0.0404966977407217,0.1300311680455786,0.6828137905805544,0.7497271162989619,0.519950547544216,0.978854464172664,0.5685209594786277,0.1051013460101861,0,0,0,5
0.7133361837207779,0.9711468698370294,0.9769324839136422,0.4474638988565763,0.85107842891843,0.8396118238976894,0.2578545395040966,0.3525000278139996,4,1,0,5
0.8391918576240928,0.4508043713558714,0.9729571310830984,0.7261802522886128,0.6006865312705407,0.4707279943030543,0.6213881199214774,0.3757029380184702,4,4,0,5
0.8236292469611861,0.4654405745432385,0.9638840707986838,0.7119534928774598,0.6054913901120926,0.4743975156503703,0.6390030567915714,0.357136900033827,4,4,0,5
0.1079641518990082,0.3011642572882216,0.3932055189399837,0.329079745002976,0.9497069112787554,0.8057636592658897,0.8440095381593107,0.6342072826805037,4,3,0,5
0.1158877552425842,0.3144385932277467,0.3798483351411191,0.3470930190965043,0.9466063109016188,0.8008908269868472,0.84690079760084,0.6432756951676164,4,3,0,5
0.8504788212585734,0.4346147864933762,0.981584715021017,0.7004514466796677,0.600315046756142,0.4531437932616079,0.6286667801446342,0.3688071476830871,4,4,0,5
0.8398805277666805,0.4519044075784725,0.9727148571324298,0.7232296745904815,0.596399884896961,0.4743320695680088,0.6219119811035131,0.3778225183311475,4,4,0,5
0.8437615151273306,0.4433421553022733,0.9846109062622792,0.7406640342436254,0.6026206807777703,0.4775647009157918,0.626994136583988,0.3683584398881014,4,4,0,5
0.8398016587011634,0.4517084288890739,0.9728058026484716,0.7266027482268554,0.6009657506767349,0.4703915765166089,0.6215325669708335,0.3759896949209552,4,4,0,5
0.0324090723637429,0.1320084729934169,0.6924861085019484,0.7334251043492678,0.5050288171233008,0.9768728221201912,0.5807540419059299,0.0956942059949391,0,0,0,5
0.8395352575316664,0.451023642725978,0.9735097664273602,0.7260875511095031,0.6010417183160076,0.4710202256146429,0.6206385404056759,0.3754447655243988,4,4,0,5
0.0442576117898885,0.1141952841805295,0.6698399114573749,0.7395599918745923,0.5185190896365706,0.9882880949850358,0.5619292497798889,0.116436521113089,0,0,0,5
0.0323632699410054,0.1311616010186347,0.6729993453487466,0.7598802630681671,0.5082367920127226,0.9769185162810984,0.5652124567043427,0.0926830415403419,0,0,0,5
0.3555356786388196,0.263408954442516,0.3590460690784678,0.0027201078172767,0.8375979073762367,0.2910417871551246,0.9721654353084052,0.744997200105211,2,2,0,5
0.8418135519402473,0.4503161471685759,0.9708103695971724,0.7259496243432747,0.5985297716367503,0.4747380494333524,0.6189503737748636,0.3770598105213806,4,4,0,5
0.7120599975969335,0.9708228824633696,0.9779514808543014,0.4474196804014124,0.85181544203444,0.8382357827392227,0.2585509820980788,0.3534799982713809,4,1,0,5
0.8389875828628206,0.4499945800753173,0.9749246576261204,0.7266305909356832,0.6020784134836504,0.4702015094800201,0.6214874022570597,0.3742901085493311,4,4,0,5
0.819516561772229,0.4502132727189252,0.9727475706688408,0.73272239072278,0.6049565453374791,0.489733567475025,0.6412228873299538,0.3655185035868745,4,4,0,5
0.0522210189746952,0.1233744277206991,0.6645441334396766,0.7802959054757965,0.5024452331455583,0.9526974689954107,0.5650713245703604,0.0911299453803394,0,0,0,5
0.0386505138695483,0.1298759992634673,0.6797211843029212,0.750704338402483,0.519366191862108,0.9788918844075448,0.5671403814236033,0.103271305898983,0,0,0,5
0.0464151128353975,0.1419508843957033,0.6814232976114337,0.760497461316654,0.5104675379098408,0.971374051730214,0.5646650772702814,0.1005003810504172,0,0,0,5
0.8320757988575883,0.4343090856654365,0.9600791354979868,0.718441102926169,0.5957035802048519,0.4770660072445556,0.6010792214047977,0.3933552594134902,4,4,0,5
0.8149613522145662,0.4304373928883312,0.960535249243854,0.7043828910199537,0.5931591702425444,0.4514973520824598,0.6157396921089906,0.3983800095129181,4,4,0,5
0.7125635527779878,0.9709221717569358,0.9762436763478436,0.4508510392034113,0.8484927745407138,0.8417636173157185,0.2565750143667775,0.3557525675480044,4,1,0,5
0.1029834724693452,0.3043431483439525,0.391169754877547,0.3339986748399292,0.9460181248103297,0.8022334414450777,0.8345957308420597,0.6425201646141078,4,3,0,5
0.7126503962075552,0.9715994422174818,0.978796778370802,0.4482767424529421,0.8518152150853564,0.8401957930622767,0.2584568603799403,0.3549462345130199,4,1,0,5
0.1064843092500905,0.3084543226473437,0.3710306072065384,0.3354934118884183,0.9481479835028472,0.8043496642731416,0.8364262089127968,0.6399060252013055,4,3,0,5
0.359250276268068,0.2664167028169221,0.3531478267457784,-0.0016615106227298,0.838409183692993,0.2823063802208758,0.9885065483564336,0.7419859824011222,2,2,0,5
0.8365403454733449,0.4433634911135792,0.982414139286634,0.7189571123263077,0.6070979953106653,0.4759892477821382,0.6229824212564371,0.3781158834347641,4,4,0,5
0.8387931856773166,0.4477426569231025,0.9707826820890963,0.7278228512391832,0.601780530425593,0.4735334062364963,0.6171907076585056,0.3766280210141285,4,4,0,5
0.8262988803581294,0.4525414762504109,0.9658280118859972,0.733356483770795,0.602333068920508,0.4809088006751776,0.626417051983967,0.3773833947581146,4,4,0,5
0.0337428584123369,0.1333106352748515,0.6835929580635748,0.752667493175213,0.5169952187924236,0.9794716991409652,0.5671935629329741,0.1053054135821528,0,0,0,5
0.852861193242219,0.4629858300316874,0.9906214664341544,0.7172218368862888,0.6005739216885702,0.4499355403853454,0.6202604206524506,0.3618278233009098,4,4,0,5
0.0921148627329098,0.3155970074011336,0.4048004548185441,0.3437188536994744,0.9259198745416012,0.818503532779339,0.8477697083815047,0.6380066489380458,4,3,0,5
0.036218225656011,0.1208177932734703,0.678849651686517,0.7387138578332759,0.5240430307646393,0.9669149571422828,0.5767023202062806,0.0951175466297474,0,0,0,5
0.8421359753685627,0.449946086420815,0.97649181465575,0.7258842341520088,0.6042937646024036,0.4713966562194759,0.6161165651332392,0.3727345704568504,4,4,0,5
0.8396940540319866,0.4507850426826205,0.9762556606051774,0.7290916918294135,0.5979870070932098,0.4752286370918298,0.6202596300086222,0.3718027661607233,4,4,0,5
0.0332740001673823,0.1293321639642858,0.6872309171951412,0.7492653712206782,0.5128304730343176,0.972615127392461,0.5734546306132605,0.0984548088910662,0,0,0,5
0.0389382983607206,0.112203520705674,0.6857226035187121,0.7391463680075043,0.4996001209897014,0.9644662828318942,0.5729954653062744,0.1178543682964204,0,0,0,5
0.11151409353518,0.2994414688477035,0.384516792860463,0.3327557118607644,0.9394114579789836,0.8083042218532552,0.8410299081637043,0.6461325042950896,4,3,0,5
0.846778288381305,0.4739064713509482,0.9622448362204732,0.7139039474528418,0.612086928945504,0.4932041713791992,0.5997802442859618,0.3524081831132972,4,4,0,5
0.8427403896758163,0.4574189201285103,0.9923288452344,0.7229922610626489,0.5985743723964696,0.4798491940509067,0.6021272816044306,0.3778577099753537,4,4,0,5
0.0360347743353161,0.1320095363268751,0.6811175474288551,0.748430626821747,0.5185736785767417,0.9781243599051652,0.569891575237527,0.10364861058546,0,0,0,5
0.042552968118558,0.1252338658520904,0.6820338634042243,0.7497274767897691,0.5188885661017743,0.9708316190263732,0.5633421951452655,0.1014663148290371,0,0,0,5
0.7147661530517695,0.969626479759372,0.9756704390209258,0.449298050918713,0.8510843026751019,0.8418226835351943,0.2623388569932688,0.3566192247836137,4,1,0,5
0.0307482548004223,0.1258953756515614,0.6752415525008059,0.7545973213308512,0.5188512344189345,0.9849305235231606,0.570070447370404,0.1098021886467152,0,0,0,5
0.0345022335276585,0.1295929079895256,0.6789832568594371,0.7469037003464188,0.5188778182909972,0.97624743986189,0.5689472508980035,0.1006216783898772,0,0,0,5
0.8338301992447492,0.4520208416447105,0.9787151645978333,0.7231645311300956,0.601403261547886,0.4802312976094228,0.6224716901878444,0.3809250849352583,4,4,0,5
0.8454527218187926,0.4529819879220728,0.9813920817464254,0.7216880728096614,0.6070071032961419,0.4682913153908351,0.6185260514476735,0.3798557987236874,4,4,0,5
0.8424543907156523,0.4601191531838374,0.9722848506453872,0.7298627078973767,0.6124592526453714,0.4823263460695666,0.6164367302105748,0.3729732974357597,4,4,0,5
0.8399909996320675,0.4518403319392312,0.975493553362228,0.7252532744226737,0.6025181530232507,0.4714429917167794,0.6178364449114665,0.3749408767726456,4,4,0,5
0.8449177923146167,0.4505263573742963,0.9792873210454816,0.7230978901573829,0.6017141854716943,0.467291046493524,0.6185754019649108,0.3731932607581518,4,4,0,5
0.037310678772216,0.1238731609822521,0.68929570874868,0.7555037635473935,0.5149399495484931,0.9849711861186654,0.571574647896582,0.0993091626971997,0,0,0,5
0.0327272217626686,0.1450430843942121,0.6675843685922516,0.733555886363519,0.5351283016245282,0.959634692527196,0.5852090619375832,0.1087629271244428,0,0,0,5
0.111631402945541,0.2980446424223523,0.3823941539157196,0.3313323892042228,0.9395082305704816,0.8082100022439734,0.8406120221820567,0.6499193260225122,4,3,0,5
0.8200311584951968,0.4400424137393791,0.9784488991152788,0.7218588003545229,0.6196467901340457,0.4791614506083568,0.5957178128556806,0.3679648000040472,4,4,0,5
0.1089698883005708,0.298700864953385,0.3789224588996127,0.3156714794481424,0.9472649764995792,0.8299834654458773,0.8454190415439358,0.6381967797233546,4,3,0,5
0.1215909618202209,0.292194537603509,0.372210411552262,0.3319205780817471,0.9296316899201884,0.7954744560448329,0.8281696436640206,0.6379810302057394,4,3,0,5
0.8420237210549536,0.456868829780246,0.9694899235741375,0.7248991810458381,0.6060247169160193,0.4663850823493045,0.6218235307029528,0.3774585608968817,4,4,0,5
0.8574387466103877,0.4402524127509845,0.9717497395775694,0.7215464034763682,0.60700108686879,0.4734357468048601,0.6233330891442053,0.3914399120803005,4,4,0,5
0.1218234070744193,0.3134207104497678,0.3688891780972353,0.3380004838613037,0.9359707471218884,0.8059477187391187,0.8319161266035602,0.6576867977965913,4,3,0,5
0.8440249480701645,0.4493161108400805,0.972039365862893,0.7204534155087574,0.6007487591428458,0.468669787914373,0.6213313114640328,0.3781643826048892,4,4,0,5
0.8347018023597262,0.4536317755951609,0.9811941873354856,0.7301517077330507,0.5981689421335081,0.4708179043226169,0.6209933121031028,0.3702717667996745,4,4,0,5
0.0293857529667403,0.1272835535094452,0.6788821322110367,0.7522093387529561,0.5132675066771422,0.9754269739251238,0.5642673643894565,0.0974843320600291,0,0,0,5
0.3583650003296275,0.2709099565532921,0.353633331563865,0.004002604593192,0.839676136980585,0.2872618905889216,0.9955544005197275,0.7465299346419194,2,2,0,5
0.0269349242990338,0.1395629748824421,0.6627517070771229,0.7479114068482462,0.5266988163454038,0.9820734008876588,0.5526322948516539,0.1040655681461066,0,0,0,5
0.8509064408869531,0.4698287200073485,0.9878364208310813,0.7529044434117178,0.5908165384108199,0.4794358597669606,0.6264304645399756,0.3607995411608592,4,4,0,5
0.0529516953026862,0.1405455997675693,0.6617554967911791,0.7487122297739173,0.5311843069333632,0.9761292885687044,0.5880907429930834,0.0953839568982836,0,0,0,5
0.0450077651871778,0.1328369997260461,0.6760668637621622,0.7378064379863287,0.5130523216695485,0.989280748805046,0.5789740936060794,0.0912123401684086,0,0,0,5
0.1178216915243216,0.3031657824302063,0.3875415509566866,0.33599912211863,0.9445383377959818,0.8072872710160692,0.8393943787907207,0.6487033431671848,4,3,0,5
0.8425300133563595,0.4602834760733571,0.9709705664241572,0.7256008691603552,0.6094372799764434,0.4785597411449325,0.6174856777374785,0.3791025235287275,4,4,0,5
0.8194200937085959,0.4707657322513517,1.0028567507190878,0.7378383652812253,0.5992952895136217,0.4460940017484522,0.5999861553235961,0.3874034814949657,4,4,0,5
0.0247666212237317,0.1313481560912175,0.6916163533808568,0.7572446981158504,0.5207172922779235,0.98233935953346,0.5625926365047794,0.0975400799763511,0,0,0,5
0.1122280967137364,0.3084028435248013,0.3929502947083702,0.3208131842307776,0.9448158584945,0.7943532993104954,0.8290002926290971,0.6467132744398545,4,3,0,5
0.0348092925563928,0.1329838388826084,0.6810312452788513,0.7472304844756943,0.5167622551766117,0.979435271054346,0.5702210546738481,0.1024278760269262,0,0,0,5
0.8498475410845426,0.4484845863902365,0.9689069692484223,0.7204239918932009,0.6071536050571844,0.4641329261520706,0.6074482857273226,0.3651702369029837,4,4,0,5
0.0184290597015435,0.0956746911200657,0.689541346641563,0.7075927109539767,0.4770176880655514,1.0071566935870409,0.5986454859270562,0.0582735572836034,0,0,0,5
0.1151715751231873,0.2968569998884838,0.3821975853920932,0.3315393281241285,0.9366519719305786,0.8076618698050047,0.8407651059755047,0.6469194024368589,4,3,0,5
0.6959992489679043,0.9900133280344728,0.9765092585347716,0.4466941959802893,0.8611479970089642,0.8509048244807457,0.2634119110432378,0.3485986326075415,4,1,0,5
0.1185237640871961,0.2864585696265715,0.3780899355349737,0.3322822880680532,0.9431854252917138,0.7964762702452478,0.8287635035756237,0.6509048336498557,4,3,0,5
0.8476040532606199,0.4442987151048324,0.97118990532674,0.7182585602520789,0.6093002320414935,0.4753600633488334,0.6130989654307234,0.3762779205426557,4,4,0,5
0.7139134227784195,0.9728780489135964,0.9810841181016596,0.4526742059013487,0.8545123538293068,0.8362516216999495,0.2640832381333978,0.3560804974181843,4,1,0,5
0.1153071808766743,0.2989593965740489,0.3832876172151461,0.330879968207471,0.936013101937004,0.8059860212807463,0.8405963223099558,0.648312589665311,4,3,0,5
0.8503888181031549,0.4562034170435989,0.9822444821858636,0.7304218211349565,0.6068359884916139,0.4766351143974524,0.6249580656600927,0.3647381402807488,4,4,0,5
0.0379205406622548,0.1342111606493851,0.6905177087249503,0.750334510647312,0.5150406739568322,0.9877527554469248,0.556140242037096,0.0937762691510778,0,0,0,5
0.0157676921574257,0.148339287034281,0.669310837390692,0.7350792090347629,0.5312489697028903,1.0055275954383602,0.5814681385543145,0.0924649211055756,0,0,0,5
0.8351497725199771,0.4471297518866284,0.9567310953723084,0.7494707872189397,0.5711915558933416,0.4490778487903021,0.5817803089224872,0.3546700628182517,4,4,0,5
0.125226481993857,0.3171471035174839,0.3920922497668455,0.3439496608687909,0.918820349528486,0.8184406205400692,0.8549580238499712,0.6372560707786731,4,3,0,5
0.0359711759140562,0.1325144184096348,0.6775631164328417,0.7521784575746464,0.5088305406525444,0.9770944891766016,0.5679714593385039,0.1075469440102296,0,0,0,5
0.0142554503428742,0.1359965785384919,0.6707414619014401,0.7520629602058394,0.5058222496278455,0.9953711289640108,0.5793639772947923,0.1003541518024942,0,0,0,5
0.0400614587662302,0.1314456417026858,0.6877930816814098,0.7440504954964927,0.5198941725656814,0.9804307586670734,0.5705511007773322,0.0958621162756087,0,0,0,5
0.8348087122486151,0.4655303133036784,0.955057575533535,0.7184293086160582,0.582483620341762,0.4670086407903596,0.6305179014417979,0.3690022021150742,4,4,0,5
0.8392073679606118,0.4548098186660134,0.9789292289471004,0.7252075551758126,0.6052655379980294,0.4717596833705244,0.6127166608382318,0.372973579659153,4,4,0,5
0.8415496264361142,0.4673655787055764,0.9824343058888062,0.7159848539144649,0.6071454757265631,0.4739155944778414,0.6212746450715372,0.3720136736876074,4,4,0,5
0.8485559990007615,0.4555890379743273,0.953918796855078,0.7507628277112706,0.609336402988252,0.4692589077952948,0.6139703739026815,0.3865821831460189,4,4,0,5
0.0260409081833071,0.1336929341578049,0.6771390401181064,0.7514804946008081,0.5137833954770511,0.9785284801856884,0.5743360905370571,0.09403138394263,0,0,0,5
0.1135687582025318,0.3045556673998524,0.3972175456725538,0.3338455353007935,0.920576219870908,0.7973466832713938,0.8351344312345281,0.649165063686098,4,3,0,5
0.0453834009166127,0.1239541219918278,0.6759082453375924,0.7576258541815737,0.5134087550922946,0.9799735506447952,0.5722667659167793,0.1153159626270751,0,0,0,5
0.0467797045906383,0.1388898461373525,0.6883798001061374,0.7613875622281788,0.5159569316196133,0.9860006786063592,0.5756909458173514,0.0900204497513083,0,0,0,5
0.8391365371218286,0.4548625132854046,0.9768996011219993,0.724067098846642,0.605267205173167,0.4720516004625059,0.6147315268359759,0.3729452513056246,4,4,0,5
0.843067067176312,0.451073298162095,0.9768467725331036,0.7196466094626166,0.6019314643955921,0.4682266825925231,0.6099624339716329,0.3736977049855964,4,4,0,5
0.0355447614589483,0.1327599786647499,0.6841416699730153,0.7498606465541418,0.5169009542859337,0.976799249507098,0.569587969626644,0.1035068145452351,0,0,0,5
0.8504484441453399,0.4401010019680607,0.9867939615231746,0.7287999128673812,0.6172149977219324,0.4863235625946485,0.6154228475287445,0.3815790244002147,4,4,0,5
0.857285051717251,0.4304565803462017,0.9559870426803218,0.7187273968037806,0.5969173525249851,0.4796479566194508,0.6213239596102023,0.3820030701764023,4,4,0,5
0.030833873069103,0.1365073189447283,0.6779605631023872,0.7481799105245396,0.511815819726644,0.9838086927237186,0.5701084768404617,0.0996670827142602,0,0,0,5
0.8286416451891809,0.4607251082610169,0.9661584695283392,0.7193540473426623,0.5898688283477097,0.4610474596880153,0.619826482629178,0.3596277741156394,4,4,0,5
0.3632687350457737,0.2639024607063983,0.3529020122722287,0.0066876746367657,0.8333008004630341,0.2863071270174135,0.9942192711308462,0.7420202099080345,2,2,0,5
0.841683762394279,0.4528656291479884,0.9783590741214738,0.7235313915442905,0.6044392979615157,0.4714894482846472,0.6128042853783203,0.374564873858233,4,4,0,5
0.0349917007707487,0.1391611462414035,0.6834749303434252,0.7517435923717609,0.5203062094232671,0.9748094384633575,0.5766288815803097,0.1024324227043771,0,0,0,5
0.0240684162581157,0.1028643421823549,0.6801848906032925,0.7435508004306691,0.5131334344256814,0.9904212486041172,0.5759891477084277,0.082952558908899,0,0,0,5
0.1125556408629664,0.29345159581755,0.3799773291031997,0.3322633035946494,0.9364633356930868,0.8029110564266146,0.8367132540485124,0.6472577560924666,4,3,0,5
0.1189800141200509,0.2832045551131757,0.3831164164857687,0.3330320322686712,0.9278195002914468,0.8214506457278916,0.8132370724556888,0.673133958548279,4,3,0,5
0.8468668707300657,0.4507536627936284,0.9857854558935548,0.7272824009326873,0.6129782264356387,0.4801464323940245,0.6183163505334595,0.3749220850767925,4,4,0,5
0.0261698963545745,0.1518392593222488,0.6893917209199619,0.7585256125035974,0.4862224493433558,1.0107795933608807,0.5679151573930826,0.096108272700507,0,0,0,5
0.8455872837262797,0.4524972221217381,0.9734372795446008,0.7162414318556468,0.6125628502920896,0.4778122299015743,0.6229671086409436,0.3742223521614194,4,4,0,5
0.0344626685309311,0.1372127782806688,0.6775862524431078,0.7435557779459375,0.5143484930658694,0.9780047442748856,0.5749070387902793,0.0991658016234069,0,0,0,5
0.109657075987217,0.2938175880067645,0.3849969395163204,0.3273259849815068,0.9371793321924442,0.7963358941771315,0.84473078160972,0.6474084571620402,4,3,0,5
0.1165555632367145,0.2882448381873001,0.3890946840855828,0.3249044870743029,0.9403138146269406,0.8071242767982407,0.8284233308313145,0.6386156914253429,4,3,0,5
0.111789904932467,0.3010190204419479,0.373168384811734,0.3396244955379462,0.941105732134574,0.7965965861295505,0.8292326666421603,0.6506164508380807,4,3,0,5
0.0213918553203724,0.1179520451896149,0.688960894114908,0.7464583832711512,0.5213800945833963,0.9892669227468066,0.5857594709327185,0.0820485442287935,0,0,0,5
0.8462996237754469,0.4583391838121853,0.9802361187119892,0.719689797406486,0.6010042387833023,0.4707579106801962,0.6082742904466143,0.3706069883004814,4,4,0,5
0.8445580151550891,0.4459837062303279,0.9384449917648486,0.7182510383594357,0.6129923534633337,0.5062803703149529,0.6108052275144151,0.3911205020258957,4,4,0,5
0.0300668198040911,0.1562846361643185,0.6685683122937931,0.7601060873241889,0.4973044853824558,1.001012536510743,0.5704880928867196,0.1057315696591265,0,0,0,5
0.0367920755732149,0.1380166444586357,0.6817963102296689,0.7462761136578138,0.5172380597297853,0.9815089791463408,0.5697156977110558,0.0977423182263086,0,0,0,5
0.7117863338514835,0.9747636216973944,0.9803333993346712,0.4511865963414561,0.8536840081455408,0.8376317701376123,0.2664595638718251,0.3592423675797201,4,1,0,5
0.8404894641757135,0.4560569682621667,0.9688347381716296,0.7170850306123034,0.6132897466669854,0.4697874626274915,0.6029636571139644,0.3758877963143104,4,4,0,5
0.7023118052745707,0.9694931276143124,0.9636639142675548,0.434873185927132,0.8575294632164427,0.8507060355928735,0.2588813454199262,0.3662768029428894,4,1,0,5
0.7136460546697565,0.9720997656545428,0.9816415013702436,0.4512404612158676,0.8567399173730296,0.8414638573056464,0.2688124202577006,0.3557526948960285,4,1,0,5
0.0413270330776595,0.1409857546971119,0.6738193501664307,0.7442563636832034,0.5110763373835175,0.986534103909021,0.5745535385261021,0.1011423347059819,0,0,0,5
0.0318040819133615,0.1430808184536932,0.6832856378660335,0.7524309378486902,0.5045997670147773,0.9790447721760104,0.5666836585594162,0.1042425696570086,0,0,0,5
0.0383524045216468,0.139543026294152,0.6720450049952211,0.7474786932911555,0.5101405460421786,0.9687401690195196,0.5601833823041827,0.1034032183237556,0,0,0,5
0.8314077147962287,0.4575241518401703,0.981226341914184,0.7217019305686876,0.612182112795335,0.4662159647262176,0.614922044021601,0.3900399934072487,4,4,0,5
0.8381512046067774,0.4572864521731068,0.981339732764004,0.722541682817051,0.6059958707050737,0.4732353120643983,0.6101162869004959,0.3764261807909354,4,4,0,5
0.8413104673155601,0.4510076837718603,0.9763613481619616,0.7299884537409367,0.611152571880177,0.4815479793770928,0.6189086760495456,0.3672950870259583,4,4,0,5
0.8405874702238473,0.4555528522725898,0.9800604088860918,0.7256685591533863,0.6058953279214906,0.4703363628035505,0.6112395752498225,0.3719022183642319,4,4,0,5
0.8236332939377583,0.4544345280442249,0.987494434280128,0.717599445259074,0.612556017897046,0.4596853142980594,0.6084155543774865,0.357556878174036,4,4,0,5
0.8467648522010869,0.4571174012272926,0.9847369824401072,0.7213618695060292,0.6062921793642034,0.4728098471469543,0.6171870774950188,0.3689627559503314,4,4,0,5
0.0344324688886485,0.1389987005105037,0.6750977106987063,0.7495142878136711,0.5163395948016422,0.981108987894229,0.5731545420208587,0.103339123642845,0,0,0,5
0.8415736913332507,0.4526856916354195,0.9756978177089874,0.7215861047895124,0.6043105651655718,0.4742880625398011,0.6170853787361581,0.3719378125944064,4,4,0,5
0.7109321480236521,0.9759860272723648,0.980599629934064,0.45330329984765,0.8554534705141862,0.8390495572040376,0.2652346745078587,0.3587520234298308,4,1,0,5
0.032960190539884,0.1356508913859489,0.6810192274421215,0.74474636658285,0.5122061233757587,0.9816113499929034,0.571366421029196,0.1004453227312982,0,0,0,5
0.8407268379382319,0.4566002803439048,0.981922221752172,0.7260736584332421,0.6081627314809777,0.4727704459232845,0.6079705043993648,0.3773734973717585,4,4,0,5
0.0412178882560611,0.1302790431241027,0.6750504052122893,0.7337532170144145,0.5120140176235292,0.9770117779823893,0.5788258072128635,0.1060850984936146,0,0,0,5
0.0299332743514185,0.1414607274378743,0.6743528942417432,0.748192360198281,0.5155337998905847,0.9770638542124644,0.5774531149569979,0.1044817415998507,0,0,0,5
0.8432639101295151,0.4510597303771131,0.9740085876965844,0.7256040342716185,0.6056418671570974,0.4735583987623643,0.6048500242269191,0.3717850172102105,4,4,0,5
0.115993955971703,0.2827536373855624,0.3973702153475822,0.3154882362449297,0.9244409446755616,0.8082748662290793,0.8171732294412106,0.6325712091386676,4,3,0,5
0.8395045827317946,0.4526915085176781,0.9851274750431972,0.7268062602125855,0.6091725380888919,0.4753812082415009,0.6076021532138184,0.3706481951704985,4,4,0,5
0.0300753209872737,0.1450464997357317,0.6819389774743694,0.7511697562885079,0.5166323061466224,0.9788314337705882,0.5722221172255849,0.0968061454586381,0,0,0,5
0.1171906735290123,0.2953317597696608,0.3810555384769803,0.3283308916267459,0.9350020227235488,0.804073752721163,0.8375235446969764,0.648688761627345,4,3,0,5
0.8441839533238792,0.4603210730521736,0.9869621182077576,0.7422104732936418,0.6127460650843399,0.4925086229115136,0.6207426311381213,0.3692362125625565,4,4,0,5
0.0394876690502781,0.1404785134954482,0.6746820582123623,0.7425578402554119,0.5183641260867953,0.9831077052550552,0.5767251446170093,0.1039534546825919,0,0,0,5
0.0886593558208037,0.3065459616396901,0.4075504683266038,0.3433281915274785,0.9594715565604832,0.80678880081212,0.8591007189964853,0.6444862976412159,4,3,0,5
0.8360826775442658,0.4589068719590742,0.9727042026042804,0.7259728014359017,0.6064064807988524,0.4800190420844781,0.6053017976521387,0.3658894453748008,4,4,0,5
0.8404111542515779,0.4533920993458305,0.979540106990242,0.7240965846076015,0.6056761719718449,0.4714336299196676,0.6087642611811399,0.3723235492958267,4,4,0,5
0.8517383745673016,0.4587046367310202,0.9881315108562228,0.7434969453402879,0.6190920166061589,0.4780986283547618,0.6110716764026732,0.3595998530230694,4,4,0,5
0.838628336382885,0.4578433200284825,0.984222026802873,0.7281878762493647,0.6091558188305313,0.4675668772174177,0.6125676722094873,0.3701977559724192,4,4,0,5
0.704970697983144,0.9741434246422918,0.9812546615373422,0.4461245088239014,0.8481215766670428,0.8461937896921587,0.2726423413737487,0.3556367720766366,4,1,0,5
0.0343096214020108,0.1242188864644135,0.6642367859631668,0.7507011235130977,0.4985722499094926,0.9881381270416376,0.5872017347248223,0.1005645597565221,0,0,0,5
0.0330450778539135,0.1378254140353671,0.679214726857287,0.7460570394138313,0.5114649348280397,0.9816286853792346,0.5732814690145159,0.0982683525706797,0,0,0,5
0.0301273320340322,0.1374690120081926,0.6740707946399881,0.7512433170702691,0.5093397700789146,0.9772319119761256,0.5780560024924682,0.1065668732174882,0,0,0,5
0.8420585250655283,0.4569296461899552,0.9836284640253168,0.7233859010500968,0.6036658598365605,0.4758626144757056,0.6073307548919056,0.3746215338934748,4,4,0,5
0.8623809774493354,0.4380039994277889,0.9621799532033086,0.7200483131293475,0.6281277560400667,0.4729616492718803,0.6047509874070649,0.3505606092486054,4,4,0,5
0.8420443738330552,0.4459102385840135,0.971740966428824,0.7174079094386424,0.605411715065984,0.4713604256557299,0.6088743240077038,0.3731091372093129,4,4,0,5
0.8502755856806199,0.4495358350598932,0.9854722081286176,0.725466171181174,0.6033352504918591,0.481182398943011,0.6157432935152826,0.3712305714297714,4,4,0,5
0.0379637850209399,0.144467941096768,0.688165548640093,0.7416826400791302,0.5101609275254915,0.979581338954422,0.563853513052695,0.1042722469016094,0,0,0,5
0.0377965748549442,0.1412736936697267,0.6816699919999136,0.7370550647433424,0.5058522551896838,0.9905364133843376,0.5806698470648771,0.0971328547958523,0,0,0,5
0.8322477341038924,0.4473442706695143,0.9714036473047656,0.7149260174705976,0.6136056599745033,0.464643117341587,0.6101206261526259,0.3635855571568766,4,4,0,5
0.0303971677053554,0.1462201222686198,0.6732966097782092,0.7364957597380447,0.5173208270308695,0.98549969975169,0.576791061573501,0.0890610350423817,0,0,0,5
0.8417713065479643,0.456777191122909,0.97906017676417,0.7235608950770106,0.6135106072170377,0.4820855548959342,0.6136249318533586,0.3766680559026862,4,4,0,5
0.0208582398636092,0.1537164696396588,0.6735925277116851,0.759657874304479,0.5079978785581989,0.9921554097588,0.5877051192388115,0.0849780465758042,0,0,0,5
0.0265974286647287,0.1295966692034864,0.6992267364611258,0.7263873785063585,0.4989434238899434,0.9653862938591375,0.5735685627100149,0.0933367398764217,0,0,0,5
0.0306379923204439,0.132206674435509,0.68112459679379,0.7411417022234698,0.506690176951679,0.9830025582793266,0.5776935546389587,0.1054192045165072,0,0,0,5
0.8445582677213829,0.451515616390594,0.9880097019852966,0.7225507710720187,0.6120237205983744,0.4796567349797467,0.6057484579715146,0.3684825074012798,4,4,0,5
0.8426820329058327,0.4547818732469387,0.980188192035508,0.721405513578507,0.6077715063576252,0.4718160658659464,0.6089098173564159,0.3724555295539045,4,4,0,5
0.8418007849240189,0.4587327516407165,0.9851003884097336,0.7245347528887551,0.6030019516528777,0.4704754255494321,0.6125259878730801,0.3774527533109921,4,4,0,5
0.7107553063391492,0.9778777766613012,0.9827230531623604,0.4547823178314758,0.8553167808885208,0.8381615256503929,0.2673152723850076,0.3610681687505389,4,1,0,5
0.0217068534152142,0.1479386625340153,0.6788426152427526,0.7371540362306399,0.5019279651521924,0.9726686330392336,0.5705987107654116,0.0943960132972931,0,0,0,5
0.8533425957630031,0.4625569937638736,0.9978497508624992,0.7374009702089224,0.6228071875046692,0.4857804496229574,0.5979245793924033,0.3727724045364913,4,4,0,5
0.842534001091094,0.4554040638101967,0.9806018994407976,0.7225316213828472,0.6061648187934429,0.4716114872954352,0.6080639955734587,0.3732449667701929,4,4,0,5
0.0318652104824327,0.1363461002746466,0.6794753502224696,0.7434442152109995,0.5106759188915972,0.9813042220900576,0.5727248915981152,0.0982149750691195,0,0,0,5
0.8281934669999005,0.460571585079868,0.9632217656879316,0.7143975489537613,0.5914528345735871,0.4616070549729918,0.6182644951670409,0.3733422756025369,4,4,0,5
0.1082782559614705,0.2926513239278739,0.3838963627794729,0.328263381760751,0.9387063798614628,0.7950993587783702,0.8371213899345379,0.6587960129063805,4,3,0,5
0.0313882903170202,0.1383932087756747,0.6822825462559823,0.7433634943009837,0.5039986849774096,0.9850280752229672,0.5655551421740699,0.0932593559576216,0,0,0,5
0.1158927927132921,0.2944423004501539,0.3787981333265944,0.3232005405141785,0.9345158609700754,0.8080992275337504,0.829459402680743,0.6457857637394605,4,3,0,5
0.8416111632006873,0.4547043075121983,0.9810978777786404,0.7234651572299485,0.606268503232725,0.4722916613117029,0.6078493256137412,0.3732828597235932,4,4,0,5
0.031884325984714,0.1375551670089558,0.6805982271413492,0.7435825344203253,0.509368630164959,0.9827557518286286,0.5725915037295235,0.0994178405259684,0,0,0,5
0.8377418177359115,0.4591560220180922,0.9861101820344084,0.7271254087525097,0.6083144911007521,0.4681345653351479,0.6062689396527192,0.3694133535994505,4,4,0,5
0.846744907314045,0.460223818604606,0.9897231022268856,0.7102427253817869,0.6214362209871295,0.4650280753563638,0.6071101598090891,0.366800837671367,4,4,0,5
0.0429762730426657,0.1396008484899824,0.6709982438001236,0.7482657409781512,0.5068422425104094,0.9863353479001826,0.5621656807411932,0.0961825413299131,0,0,0,5
0.7103323898949289,0.9796756312681336,0.984023784100662,0.4549186799320254,0.8565407382468666,0.8375146287512865,0.2673343129850149,0.3602000183444566,4,1,0,5
0.1391980555856099,0.3101067644891401,0.3908456698916239,0.3165742965367331,0.92190032307298,0.7812574293660799,0.8105339355524392,0.6230654584622087,4,3,0,5
0.0425974835895468,0.1413701716923125,0.6898624299740737,0.7290335278296354,0.5209408253487684,0.9939442908665116,0.5885885141186583,0.0929527191738821,0,0,0,5
0.3650684513578919,0.2650542694207622,0.3538838068745124,0.0070470125767581,0.8355509764139774,0.2918356517334205,0.999892449293684,0.7374342222507874,2,2,0,5
0.8483152466949401,0.4589361795167036,0.9826700194835056,0.7314470841910958,0.6168216429374161,0.4662611736619068,0.6126946090462807,0.3798241517826483,4,4,0,5
0.0358478319633177,0.1354887539366419,0.6797769626277288,0.7383350378193401,0.5160515045338635,0.9898229848750542,0.579419587418119,0.1022224887929979,0,0,0,5
0.1331924051276935,0.2986499395617543,0.3713039294279692,0.3227442772275115,0.9281037008967168,0.7969835225125318,0.8317779431162446,0.6429164036645996,4,3,0,5
0.1404719861270947,0.3103837087970948,0.3890081987213044,0.3294445741139234,0.9508470782607604,0.7866496048185568,0.816571286502672,0.6363071955772359,4,3,0,5
0.0375422395539297,0.1345930290416854,0.6959864763055946,0.7279374583857411,0.5054639144443602,0.987795682498011,0.5664355434033292,0.1057461759748295,0,0,0,5
0.8439446618308794,0.4478530508044277,0.994349870327852,0.7380669409919007,0.6142214812139439,0.4797884493664829,0.5855585152033268,0.3649528777273668,4,4,0,5
0.1306390043448136,0.2916617138345023,0.3887523473459781,0.3139703173199871,0.9329027193317204,0.8169747205268612,0.8194229125754228,0.6566943465575864,4,3,0,5
0.843758007326883,0.4563320143694675,0.981178225243598,0.7217242904591976,0.6074209731172646,0.4739245982651228,0.605822103439841,0.3730389508033579,4,4,0,5
0.0356324324133894,0.13474150855647,0.6805529662566512,0.7388119354682762,0.5080557855807754,0.9807682698889068,0.5702630760190809,0.1025165459851063,0,0,0,5
0.8238213667176126,0.445959060115364,0.9818885647708716,0.7120850456399297,0.6210633348178277,0.4678835047424217,0.6203077595560937,0.3506243401560609,4,4,0,5
0.7070408916040313,0.9814994625515596,0.9854496870328562,0.456721554396401,0.8570395043393856,0.8402092874258779,0.2692209189816625,0.3635371058007912,4,1,0,5
0.1179263812919841,0.2931903100358922,0.3731878055502478,0.32174347133477,0.9366187736375706,0.8027394348527769,0.8285667117866736,0.6507220619735175,4,3,0,5
0.0358691868347222,0.1504603250500895,0.6993207928535076,0.7331451154179438,0.5008419495669711,0.9790003995515506,0.5667735922483458,0.0908195836184218,0,0,0,5
0.8424191988157611,0.4558692608657973,0.9824294837470372,0.7224336622511985,0.6074243785593467,0.4725704713171216,0.6061638826441309,0.3728889206427431,4,4,0,5
0.0947686306503781,0.2846432483982535,0.3766756787149636,0.3498529396056701,0.91667250146073,0.8012994022219216,0.8558171304628964,0.6267225260359766,4,3,0,5
0.8420619292712254,0.4559246601855017,0.9826745875474178,0.7221484158459976,0.607984176463284,0.4729468363284084,0.6062437394926256,0.3727289043825586,4,4,0,5
0.11937660260252,0.2958690142076331,0.3814202342787493,0.3260286408048831,0.9380071056122804,0.7989313305534446,0.8357177837042983,0.6539772718867446,4,3,0,5
0.040514803649685,0.1478619409262066,0.6923455005131639,0.7444308316687712,0.5083537340087027,0.9705620836716136,0.581964708412913,0.0963301820563875,0,0,0,5
-0.0017383447709362,0.1229040046267312,0.6488755104758976,0.7397074306709338,0.5059529746514785,0.9490958355123204,0.5750669750061081,0.1068024320952403,0,0,0,5
0.8447537882756122,0.4587515078178495,0.9868293789452393,0.7242149995536924,0.6113978905996386,0.4770620076362014,0.6061752906052985,0.3773456859522258,4,4,0,5
0.031453842769257,0.1380710114874074,0.6788433908948669,0.7407522367459974,0.5073970526756962,0.984873740355017,0.5728044438157989,0.0964699994059058,0,0,0,5
0.84749453943785,0.4631502849537291,0.9926954831468934,0.7176389204475623,0.6078481515085934,0.4740732337996908,0.6008469531493115,0.3734894000147543,4,4,0,5
0.0363090941805651,0.1245947194355386,0.6601033429966464,0.7429192152602486,0.51985915661059,0.9630565983074002,0.5838248034670466,0.0994005456238841,0,0,0,5
0.8444058684036432,0.4613636558476271,0.9631978806574972,0.7167586089850911,0.6190211071358156,0.4867526732763603,0.5908944082602899,0.3578331537401594,4,4,0,5
0.0251824051153373,0.1252161099032399,0.6670287389809751,0.7272027249834933,0.5166092233042382,0.998801906916152,0.5850055253221477,0.0836813943325702,0,0,0,5
0.0254719302916783,0.1269089402084167,0.6830081383071663,0.7406285640768149,0.4964307855582799,0.9701538561522836,0.5637525526254904,0.1110309076624974,0,0,0,5
0.0279495761354272,0.1428639510845189,0.684880870443867,0.7422877832447574,0.5021648660514642,0.9801894535886576,0.5799567907876467,0.1066001595182828,0,0,0,5
0.1126070685165082,0.2855273876821451,0.3839416062825053,0.3250406628849605,0.9399950786656606,0.8019648177665739,0.8366405642719014,0.6492482029783708,4,3,0,5
0.8269239832941077,0.4503392657662273,0.9704455166463172,0.729119851827539,0.6192187772457202,0.4592386649009404,0.5923708649632333,0.3932525526668122,4,4,0,5
0.1134291750052213,0.2732516291781336,0.3630684720308657,0.3261276014810941,0.9198150041979828,0.7948977556847012,0.8243430175205256,0.6444797779041267,4,3,0,5
0.8377051189405963,0.4618878404372051,0.9819165586108148,0.7312062438698893,0.6128552268850435,0.4827277502799066,0.6122590795770385,0.3717706400305107,4,4,0,5
0.0309677356332967,0.1381248373975794,0.6836272109229695,0.7440476448906194,0.5096253298882739,0.98042684814399,0.5718199296809088,0.1017414229650733,0,0,0,5
0.0324935653913352,0.1399377940566428,0.6779872334661915,0.742325287922807,0.5087857901698976,0.9866204278322828,0.5762672548991102,0.0960295805450863,0,0,0,5
0.8403325836181291,0.4193859363490942,0.969951385069702,0.7179802686668957,0.6053696282978405,0.4461863923944861,0.5813051034086045,0.386405055248127,4,4,0,5
0.8429613431825583,0.4557424223030107,0.9847710920457776,0.7211410953350033,0.6076612305635393,0.4719602585436813,0.6050454214128808,0.3707994912327322,4,4,0,5
0.8296200499144812,0.4742205500519878,0.9962809873391552,0.7142692691910438,0.582224895544658,0.4927382856458286,0.6043287587363935,0.3866126784619399,4,4,0,5
0.1383899902942102,0.2696809208012,0.3761791519084639,0.3098980501828866,0.9116012447311992,0.8214885091750541,0.8299631388181283,0.647075093821899,4,3,0,5
0.7098577169556514,0.980604161349652,0.9854766493125208,0.4562273656302789,0.8578580474495805,0.8378739729276253,0.2701535165991923,0.3644447228142117,4,1,0,5
0.8436163749455277,0.4561988053370043,0.9833998988278668,0.7209319905501382,0.6089038612010538,0.4721648455751464,0.604119084332984,0.3721222532890596,4,4,0,5
0.0269533225533665,0.1216539103102841,0.6831995264877563,0.7491822050584962,0.4889273900402501,0.9844732258380636,0.5812837918823522,0.0932908927486097,0,0,0,5
0.8349531842636339,0.4646519741550011,0.984814494785324,0.7249562725975698,0.6007609849670323,0.4695816245135186,0.6025121678788748,0.3794153297210203,4,4,0,5
0.0382738468927637,0.1284133376643799,0.6991182695750395,0.7396334022686084,0.4825573997667018,1.001155221279323,0.5960292073648829,0.1071866723237638,0,0,0,5
0.125809508970087,0.2841566423455564,0.3851610616920519,0.3275374660840821,0.9316230769498788,0.8091867728244574,0.8367027039806033,0.6564998009890732,4,3,0,5
0.0340858242272791,0.1423110009853126,0.6838065152014796,0.7378383529552587,0.5123866790045586,0.9848718738177114,0.57510804587529,0.1005502062225957,0,0,0,5
0.1259652764665158,0.2912005798919333,0.3732117246921597,0.329063605416141,0.9343102729560911,0.799035002812923,0.8372395716594578,0.6510358975388328,4,3,0,5
0.0945093345562372,0.3254793845380497,0.389519324138705,0.3509483096882768,0.9261018306101132,0.7951327880841725,0.8672652043733284,0.6824240007007549,4,3,0,5
0.1187184540959299,0.2949287818245515,0.3817301774017916,0.317890933913893,0.9349895831984364,0.8064880992407616,0.8386046903644515,0.6519862335307784,4,3,0,5
0.8270662778521515,0.4598851104273252,0.9670201180378328,0.7498554163105215,0.6001690631358708,0.5014803938152116,0.5791390923878965,0.3455690845305006,4,4,0,5
0.0232266851502986,0.1428344526201427,0.6812424067533865,0.7342220880702144,0.5002288637502718,0.9865469359844689,0.5763268771378172,0.0939711698883473,0,0,0,5
0.7097812262220574,0.9809841824998932,0.983991547137388,0.4574815386596806,0.8570353962562272,0.8383169773604909,0.2718004529088934,0.364582843684084,4,1,0,5
0.844082798280785,0.4579299703189635,0.9824381193589222,0.7199500026553124,0.6089472785449749,0.4708006899868865,0.6040605673199677,0.3697580935560876,4,4,0,5
0.0205573641605151,0.1441381578237231,0.6831216989595309,0.7549131873804799,0.5143928458828976,0.9942912240627366,0.5633342886488936,0.0897034075304366,0,0,0,5
0.0286207193590524,0.1363613025712205,0.6645439954966478,0.7382950408483688,0.5238057413816908,0.9728044225040962,0.5915393615304926,0.1056790183605112,0,0,0,5
0.1122513446514372,0.3120343840768376,0.4001238690398635,0.3307207593333841,0.9416648235231696,0.7872042450811085,0.8461052263759563,0.6613349602986007,4,3,0,5
0.1252809701405353,0.2973543097857389,0.3820216658900404,0.3312375463479139,0.9239173436110596,0.804926773564755,0.8331724825908077,0.6432563883181914,4,3,0,5
0.1268072732831576,0.2834545988320863,0.3976589958585448,0.3350995723279947,0.929111159918214,0.8195422235306854,0.8451106308018513,0.6321213612507212,4,3,0,5
0.0312233863161338,0.1328193650417196,0.683705924084947,0.7439906138040765,0.4910041409603712,0.9663371403877972,0.5592536740716847,0.0964629676758792,0,0,0,5
0.0294794013748375,0.1413541633114146,0.6825465156204286,0.7430049784878766,0.5027275084533914,0.9807617082207024,0.5804758703162334,0.1009416026315419,0,0,0,5
0.0363088173908984,0.130253120468899,0.6552206408396893,0.7472144426854845,0.5304290770514676,0.9730539435242544,0.5461513087530877,0.0816251236530216,0,0,0,5
0.8475841548475973,0.4450945975905795,0.9891493588707908,0.7120327862619156,0.6154948239566053,0.4834681443273208,0.6088145589589793,0.3795064161996874,4,4,0,5
0.8361133568992994,0.4659626640357528,0.9821641051125904,0.7297732853622579,0.605623156796247,0.4763237446816989,0.5896555279740506,0.3753288465254442,4,4,0,5
0.8155471053985996,0.4123339728092077,0.959811196398145,0.701107653748065,0.5762390680106165,0.4868445608280268,0.583782033085819,0.3743472347350864,4,4,0,5
0.8436308065009137,0.4578809679148088,0.9846568485254502,0.7223351474095654,0.6099817272508754,0.473523576544554,0.6027598184849866,0.3718026806011414,4,4,0,5
0.0257835154223329,0.1408340218907915,0.6872117213624653,0.7383804957673681,0.5122815862070159,0.9797037658719928,0.5699585971998811,0.1044623440354253,0,0,0,5
0.0261993563095841,0.147064950522232,0.6938409954164968,0.7549495925254245,0.4959756176778065,0.9918345746233348,0.5585292207366876,0.1101206656327591,0,0,0,5
0.847378572185281,0.4483152877275723,0.9757549898790898,0.734233429440673,0.6097703820265584,0.4726726417914698,0.5949380224514013,0.3799257160429835,4,4,0,5
0.7192225284444412,0.985184596711912,0.9824805910930252,0.4685776752928625,0.8596098084966275,0.8428877287863904,0.2737606427918535,0.3699701339989366,4,1,0,5
0.8577060358160823,0.4622024695700703,0.9855206783114276,0.7331963078048929,0.5945096860275213,0.4753193216128369,0.6075125208223897,0.3729687670232587,4,4,0,5
0.8448492507378433,0.4829712170669579,1.0190287767529995,0.7492369771625177,0.5964844379583994,0.4866297016036189,0.5725854925583842,0.3580674030789456,4,4,0,5
0.1186161114322255,0.2850032940070439,0.3729522071172778,0.3240473988823693,0.93089558936993,0.8049077913731357,0.8293259457889235,0.6546047408640834,4,3,0,5
0.7088940657911095,0.9811836574013424,0.9852637506022708,0.4575059973783243,0.8581267606710312,0.8378684701674644,0.2724617730535038,0.3651310043784369,4,1,0,5
0.8493634307048286,0.4721188246807481,0.9943343557384708,0.7192022981270748,0.5932330711798335,0.48283647699442,0.6061351069759838,0.3817148204274689,4,4,0,5
0.864965675049322,0.4242916839652425,1.003017771482564,0.7345975591828112,0.6320232387815693,0.4912675495682363,0.6111159804889563,0.3796772447785876,4,4,0,5
0.8471391638239182,0.4561192776685001,0.981629934579664,0.7178435637697188,0.6136443245774246,0.4786537532823603,0.5948011529932442,0.3657343318832529,4,4,0,5
0.8512998571499042,0.449534941605534,0.975642317273426,0.7319142155483199,0.5969856385545608,0.4710617780400659,0.5948732589585604,0.3782028250680028,4,4,0,5
0.1137821659072004,0.3013312498322625,0.3692992028868593,0.3124580721025867,0.9236009034340082,0.7969581064049626,0.8435061308585574,0.6635313438582355,4,3,0,5
0.022804122372559,0.1368201573430983,0.6782113656550787,0.7401661524701779,0.5075550019148553,0.9813915603613196,0.5752321006321041,0.0966089450660264,0,0,0,5
0.0293392514848071,0.1423730474703481,0.6790657955453443,0.7442772087522634,0.5084934567481554,0.983608772810868,0.5782678056469657,0.0937858749725618,0,0,0,5
0.1242081337316663,0.2879638218145427,0.377186060982178,0.3248373607980552,0.9276897983657908,0.7998440930206868,0.8339397458095775,0.6486338624914477,4,3,0,5
0.7029498896205156,0.9837246007524088,0.9844897134647348,0.4544965773760776,0.8663167007919695,0.8446041414908867,0.283697097208023,0.3686512544632752,4,1,0,5
0.0363732483642966,0.1296117186414256,0.6715355257879763,0.7415496397380743,0.5005268280645858,0.97487908068829,0.5768444324942498,0.096297413341978,0,0,0,5
0.8366528767475134,0.4576102567925549,0.973430315722697,0.7157856153030598,0.6169666062526455,0.4703120066829451,0.6041241426742759,0.3783701701654279,4,4,0,5
0.1211050346618213,0.2774367833009186,0.3824426888220355,0.3136425400681499,0.9329218135224472,0.801447482493808,0.8253557769748927,0.6627973454784039,4,3,0,5
0.8436442087730757,0.4569883504089957,0.983923524243458,0.7210574932229196,0.6111219320545306,0.4719163470011002,0.6019649238972951,0.3706194565224864,4,4,0,5
0.1202321813383665,0.2882639517482482,0.3581521820149356,0.3147909954099243,0.9184124259555724,0.8066708902896041,0.8218999228162425,0.6626190171432372,4,3,0,5
0.369514417563676,0.2606831148236415,0.3547101595271522,0.013123506027082,0.8334653672388105,0.2934156544696725,0.9969634836946912,0.738463028299006,2,2,0,5
0.1233824153426446,0.2894857673726368,0.3776836097051724,0.3227869857964169,0.92890484592293,0.8013215818506595,0.8340078005181549,0.6502735505474345,4,3,0,5
0.8534368034007344,0.4659667359522139,0.97062439349699,0.739709669726807,0.5988503745554412,0.4690039443838227,0.5914755972094613,0.3611290038606972,4,4,0,5
0.1234392842486624,0.2881607209918972,0.3763438249800809,0.3206314927447287,0.9307631384613548,0.7994791670921633,0.8319151348621585,0.6486573025776118,4,3,0,5
0.1251684453993052,0.2955233969009881,0.3628335862776007,0.3366747134248956,0.948495031830852,0.7957256264380694,0.8178237302017606,0.6535582674460472,4,3,0,5
0.1189691510791924,0.291408218002838,0.3787210751873071,0.3219839181944577,0.933164098279683,0.7975947053087235,0.8372090447167276,0.6528995413248139,4,3,0,5
0.8470575637855009,0.4620099063378306,0.981038418704465,0.7263363647977598,0.6126979427058601,0.4784283591140261,0.596810801410593,0.3680644325150853,4,4,0,5
0.7099534733340881,0.9815386142968188,0.9873772943250054,0.4608777884565855,0.8610917557081909,0.8356783940777869,0.2758867302376134,0.364058868289001,4,1,0,5
0.8363380689464681,0.4621564479736929,0.9823448866076936,0.7228841444401076,0.6092685212058829,0.4644832333182022,0.5881327996012922,0.3596864092796097,4,4,0,5
0.8369558194100907,0.4738840337533312,0.991907138011144,0.7131729166573366,0.6133886564198003,0.4861666005907245,0.6178781135317788,0.3827989507620794,4,4,0,5
0.8448599147279005,0.4528319503905752,0.9815167727541052,0.7194232165318596,0.6051857395577344,0.4699301436459187,0.5991047201166854,0.3707952492785298,4,4,0,5
0.8433429874290621,0.4641104484045109,0.9907758683477508,0.7207076068428662,0.605961412494279,0.4691289495637405,0.5945952453850164,0.3719295747134536,4,4,0,5
0.8508481329336532,0.4510890142127938,0.9869411883474593,0.728256968100152,0.6154336297161316,0.4680680214189586,0.6064386615257542,0.3723665072704363,4,4,0,5
0.1239148530125953,0.2888519442117348,0.3769775190911457,0.3221364118328227,0.9288148108994264,0.8001713618504708,0.8329649205714537,0.6501322323561501,4,3,0,5
0.0235731981937795,0.1417307248287663,0.6771982358491055,0.7336158453646648,0.4977605229195222,0.9821305173170606,0.5708529572758178,0.0970403957274177,0,0,0,5
0.0223071792347181,0.1438187513397938,0.6872694896923096,0.73784581344342,0.4977199440593209,0.982938877159642,0.5677342980580763,0.1020790356436361,0,0,0,5
0.831391700813785,0.4650619477475241,1.0043525384174712,0.6980842395089707,0.5898144012327899,0.4640664153595238,0.6031750630921241,0.3657388235309397,4,4,0,5
0.038140042085227,0.1319920220610659,0.6901158041108533,0.7299961709409338,0.4967382493968795,0.9661261644053006,0.5652263076003582,0.0930349403598621,0,0,0,5
0.0478049932457207,0.1530978158462443,0.6946484779882282,0.7395020715347137,0.508904103801838,0.9734118843708592,0.576356135410753,0.0799875865106755,0,0,0,5
0.8455464865024286,0.4586057615229201,0.9847229135736576,0.7168182030191177,0.6088774862094651,0.4690249645123934,0.5927760194656448,0.3668497287684492,4,4,0,5
0.8425226754009633,0.4597624454723238,0.9873541215332292,0.7220510606657539,0.6121111151099834,0.4740708262873349,0.5978563310617923,0.3723557283497854,4,4,0,5
0.0338669904990011,0.1530089567401652,0.6731212057112819,0.7515214573274622,0.5086044278087356,0.9842217011515608,0.5711136449738945,0.0972122704928324,0,0,0,5
0.8431289446768205,0.4560411024947103,0.9931060527026362,0.7240722259532792,0.6011285300245793,0.4667474700351519,0.5942774678747055,0.3742793839671068,4,4,0,5
0.1097364615170565,0.2789188792698664,0.3747186860469699,0.3227746442273072,0.9323966055389158,0.7996139716789128,0.8151296407807416,0.6433173078254563,4,3,0,5
0.0427301864687927,0.124327226495561,0.6589664423537474,0.7235276730014636,0.5043311397395212,0.9772497199943184,0.595784956380922,0.0727245451416469,0,0,0,5
0.8444882031075691,0.4566667453137301,0.9932354415622252,0.7127311994171454,0.6124946343369225,0.4672993140937685,0.5991437500788043,0.3772771668004509,4,4,0,5
0.1260300672265359,0.289366273373741,0.3781503027182218,0.3213639000697468,0.9280906302564892,0.8018101218151753,0.8325341922237168,0.6519723156202266,4,3,0,5
0.0274825826016002,0.1469658779777395,0.6821217787894968,0.7381620795268345,0.4976772752984546,0.9805331680282724,0.5792160238267755,0.0941508604089931,0,0,0,5
0.8305226520059574,0.4835370703656128,0.9615831620017564,0.6945324783367839,0.6293623207514659,0.462550129182729,0.6011441123483278,0.3981541309876408,4,4,0,5
0.8129276945416011,0.4564274066076602,0.9740800585110012,0.6963493162977756,0.614060557717381,0.4718512202099035,0.5968612731730479,0.3923962436254917,4,4,0,5
0.8645690611737858,0.4386882125900609,0.9912318373177422,0.7285917183498042,0.587572364339973,0.4959482079589676,0.5985950238402081,0.3613204891580775,4,4,0,5
0.0022951299790578,0.1262547486255906,0.6695312179882814,0.7213165777755878,0.4986085499608079,0.976280877840346,0.5903122074399625,0.1190249117890633,0,0,0,5
0.8358565378013278,0.4657403977162167,0.9801259607249556,0.7163165350591989,0.6070108592992766,0.4700141128191845,0.6002106643406252,0.3781156137314923,4,4,0,5
0.8477445477925383,0.4520988341862371,0.9945248368814484,0.7229337045558161,0.6183779926558399,0.4731629925762483,0.6055614246842174,0.3561063978656024,4,4,0,5
0.0298026307799198,0.1412228866692211,0.6788057616995035,0.7403490995194848,0.5013132631874238,0.9851462375587058,0.5759692771897438,0.0974708162905835,0,0,0,5
0.0274626455438948,0.1454311363788085,0.6826382302422904,0.7405482550992815,0.4998878628346043,0.9860003827278246,0.5745608175123086,0.0970568011148907,0,0,0,5
0.8298450086665835,0.453742222916975,0.9774184365821212,0.7329747391115293,0.6202775052307299,0.474409484152769,0.6092708022914882,0.3843707428944924,4,4,0,5
0.7102651387031981,0.9849791661433948,0.9922278358743732,0.4562627709516083,0.8602441937575318,0.8420196720264421,0.2773614398508559,0.3732827180944005,4,1,0,5
0.0165330871881203,0.1493459704091468,0.671524048508883,0.7324564356817633,0.5160401826863746,0.9762185099459928,0.5788174548375736,0.0989512274349678,0,0,0,5
0.1315436248371931,0.2812139484008655,0.3659663977509339,0.3133825772997423,0.9232053939753824,0.7862334980852845,0.8257548503489164,0.6429689815300029,4,3,0,5
0.1244800297788469,0.2875380573084017,0.3758848412343583,0.320773999753261,0.926011976111594,0.7993230691616563,0.8341071975717239,0.6514185020272006,4,3,0,5
0.03676097199878,0.1516246101476029,0.6769091936286042,0.7233560886083874,0.4921978082399933,0.9835187178527754,0.6016272819937746,0.0948594171034095,0,0,0,5
0.8401807873578326,0.4519206770537281,0.9854722721117176,0.7277507335051436,0.616496327086617,0.4688001895611848,0.6018594531440282,0.3803733336575743,4,4,0,5
0.0196163529281298,0.1537789322305041,0.6757021761882549,0.7455116475257538,0.5079411597119112,0.9845146539515828,0.5760193440369658,0.0917944485405746,0,0,0,5
0.0277733586868898,0.1467604029891968,0.6821455927101784,0.7362519076041325,0.4984571977891867,0.9828246854595384,0.578503333865115,0.0988130914614467,0,0,0,5
0.0326369131659182,0.1387372184500006,0.6757967092209317,0.7381282020816279,0.4955462683967761,0.9915925129050652,0.5772198549699222,0.0895884331750032,0,0,0,5
0.0365258307165514,0.1474946054393189,0.6470179433674299,0.7253101737398876,0.5354740568682312,1.0043210223629304,0.5955546014420481,0.1020331472587328,0,0,0,5
0.7157318723392123,0.9921029305025466,0.9947734853800202,0.4549501808319892,0.860682766323525,0.8450571348278105,0.2722906363943136,0.3578109883790411,4,1,0,5
0.8313479375278371,0.4724684825723905,0.9735406476530756,0.7178074380434079,0.59940740229384,0.4921645873132415,0.5902509598576489,0.3774561336642816,4,4,0,5
0.0367666857461535,0.1530262204034363,0.686223979031895,0.7462502536518414,0.5103450020844976,0.9669973988909268,0.5828408402825792,0.1088112766342135,0,0,0,5
0.0266900281109639,0.1444938038188682,0.6834093655829588,0.7364681915233002,0.5022476286408207,0.987616243166052,0.5742666825546863,0.0952413672185939,0,0,0,5
0.8463172586401659,0.4494772446138262,0.9830439971387704,0.7244362438706983,0.6186074254195225,0.4672589022445968,0.6080921579256842,0.3751024955810099,4,4,0,5
0.1197130855478031,0.2848287529123199,0.3727329392327474,0.3222940208244739,0.9282725059444856,0.7939757787195467,0.828588636753878,0.6534657152607929,4,3,0,5
0.1204510103251245,0.2935850972938792,0.3708971570377973,0.3282050210450161,0.9245754288062732,0.7991826279601504,0.8232512398970103,0.6523954030855392,4,3,0,5
0.3653593357588985,0.2502260917505981,0.3583573080126978,0.014730341873383,0.8377195886585258,0.2991908528382374,0.9985377504742716,0.7343504013236709,2,2,0,5
0.8475485761107936,0.4492728683127394,0.988681467045492,0.7327932548467142,0.6233510207509626,0.4715065582147735,0.6173515906950677,0.370650846791704,4,4,1,5
0.1243263042848977,0.2860532948890067,0.3765790340159377,0.3216190817687621,0.92439932244736,0.7989562397089095,0.8318032085547709,0.6517063599134683,4,3,1,5
0.8424181362634522,0.445417540549662,0.962403974423096,0.7160166509755642,0.6153724270318666,0.4701424765307702,0.5720664655142754,0.3771204856920129,4,4,1,5
0.8466896108283507,0.4601532620974187,0.990323371166012,0.7193454976065746,0.614842537785383,0.475198357111695,0.5971519113978067,0.368523325337502,4,4,1,5
0.0277051504318099,0.1433523864254204,0.6802444495093538,0.7387511700349008,0.4993184364848481,0.9876381108742102,0.5759453025148509,0.095580462260291,4,0,1,5
0.0238202340191721,0.1451672647089996,0.6712719433025179,0.7434091388013879,0.5050160448331226,0.9877297122901088,0.5723294171606966,0.1029695558556138,4,0,1,5
0.846851911391159,0.4488677256559349,0.9779169786559204,0.7294128719159502,0.6087220780874144,0.4772088344126198,0.593909914392734,0.3742371269662002,4,4,1,5
0.8454642694813451,0.4583998065251632,0.9864595034625496,0.7234260922328071,0.6099010343980387,0.4720064833745436,0.5981876451623614,0.3725876522237544,4,4,1,5
0.8433458551305059,0.4603845713069393,0.9883813006709992,0.7165571164177391,0.6107459597848529,0.4737562783947361,0.5981036270151687,0.3741674268517114,4,4,1,5
0.0309916089001842,0.1484085900254887,0.6838731900644563,0.7351210425883261,0.4974362500950131,0.9846108211567156,0.5710766898174345,0.093284439509825,4,0,1,5
0.0323634665505675,0.1496041661272221,0.6789832274102057,0.7414800248328043,0.4991941922869823,0.9933151863372774,0.569771661789689,0.08935831168,4,0,1,5
0.0257022427141055,0.1421630253461928,0.681240000844344,0.7401932910402858,0.4970285875979625,0.9850199142047462,0.5727285708176042,0.097868341789389,4,0,1,5
0.0291846015147188,0.1428957902204922,0.6816902062420752,0.7381797148830125,0.4959230670722803,0.9873285081210754,0.5778303429419221,0.0936353662620636,4,0,1,5
0.7132400471945055,0.979533715499644,0.9927577853118134,0.4665313006901896,0.8576842823183876,0.8363932220520301,0.2719256487450202,0.3737866617110792,4,1,1,5
0.1279620271621543,0.2861307205518903,0.3757123589389536,0.320370748606045,0.9253576610826244,0.8000137106744473,0.8315168862912232,0.6514601933940243,4,3,1,5
0.0272093071715791,0.1455871166857739,0.6826828438261118,0.73979512164906,0.4991004412273454,0.9904014930831893,0.5744362067085542,0.0940613377034924,4,0,1,5
0.0229725650908814,0.1455996770921537,0.681123644812546,0.7356779121336208,0.5008908619659462,0.9851439767535948,0.576618886376667,0.0927722284666927,4,0,1,5
0.8278214978497471,0.4490530551751933,0.9893210741910616,0.7413510003104584,0.6098250402311738,0.4531332691140198,0.5745424075720935,0.3408136368269507,4,4,1,5
0.8373410484976629,0.4581741710308109,0.977701023687974,0.7150503032182853,0.6216865801961077,0.4748885385277728,0.60122126053901,0.3787028194662552,4,4,1,5
0.023330943203465,0.1340926020990029,0.6877042183665835,0.7322436644710182,0.5020060622581995,0.9969462292715744,0.5803733894943999,0.0959603397085721,4,0,1,5
0.3682250966759305,0.253163193714128,0.3506520216889793,0.0085001936137171,0.8385015253077958,0.29418368403815,1.000861267489535,0.7367335833690452,4,2,1,5
0.8452981389944593,0.462803854039688,0.9850613849028416,0.7218677616226068,0.6110199355338188,0.4722148367463048,0.5984893982227014,0.3744181938089833,4,4,1,5
0.8567322359370936,0.4511493695151795,0.9911472869151804,0.7209031514538592,0.6090124357698589,0.4892382475894359,0.5976906796600512,0.361314712126711,4,4,1,5
0.0300234867843438,0.1397629313808006,0.6719283907740338,0.7421391116617346,0.4917774383330852,0.9903169225817912,0.5691447340721871,0.0960197803433442,4,0,1,5
0.3723140729150359,0.2572432187050733,0.3562809804907601,0.015634370384286,0.8318469623025306,0.2986921035276344,0.9934662888957624,0.7405836004772859,4,2,1,5
0.1242198434066373,0.2829650983230907,0.3774267714415238,0.3186564802215611,0.9274845662765716,0.8034693891176289,0.8265665507212651,0.6552663383737757,4,3,1,5
0.8422872669039289,0.4613328808539559,0.9919468338856714,0.7192912768001818,0.6151225068193478,0.4717523756750922,0.5960350087154541,0.3708333069084394,4,4,1,5
0.0156774456606747,0.1492717700464578,0.6501601788591066,0.746920784495854,0.5033928337040288,1.0163087414543923,0.5872391359537212,0.1001048168824172,4,0,1,5
0.0287773330670089,0.1415634872016768,0.6818294873962055,0.7403495324554371,0.4952631816114021,0.990572658039146,0.5792511296953041,0.0981829456530079,4,0,1,5
0.8521752333771023,0.4520731691640887,0.9806297852103242,0.717725173203161,0.6121415787741328,0.4843124211928013,0.5895335052880069,0.3800259463866608,4,4,1,5
0.1316182822463359,0.2896558073384075,0.3668743275319537,0.3233736552455442,0.9157657066143357,0.7997926159793256,0.84095918773953,0.6577236788446247,4,3,1,5
0.0289909614944821,0.1462734720840403,0.6778527647715081,0.7346186049398936,0.4955568496219103,0.9906703979636088,0.5773738847807265,0.0916215381990733,4,0,1,5
0.3722146867589767,0.2578372887434629,0.3556487882720103,0.0179149813602419,0.8317650866098815,0.2957982068407647,0.9924829327421568,0.7382162708481791,4,2,1,5
0.843296993435901,0.4579417511090857,0.989689724646026,0.7196078919687364,0.6117014263794543,0.4728146221205184,0.5926094695792373,0.3715988646735696,4,4,1,5
0.0564503424406911,0.1442870619165484,0.6916364081476336,0.7475648355830631,0.5189329621122724,1.0096059336809973,0.5675328977320672,0.1213002117599308,4,0,1,5
0.1236370883570278,0.2904856409898536,0.371224300375719,0.3159722990293921,0.9337382120121208,0.7984962047423757,0.8302242901132849,0.6592756660203274,4,3,1,5
0.0311489151467464,0.145636272224459,0.6698309119282267,0.7267124186430424,0.4886914272292335,0.981143072371882,0.5750417040334882,0.1068222891933073,4,0,1,5
0.0336348836102884,0.1526403515551294,0.6802776843996753,0.7447811332685885,0.496323240943197,0.9967447567291792,0.5870691851030033,0.0943956866374422,4,0,1,5
0.8542535699643411,0.464442514828552,0.9831910389279233,0.7293131067846879,0.6140709195011562,0.4783578106497733,0.5889101579809021,0.3623463726476599,4,4,1,5
0.8355808612824844,0.4653360886855006,0.9901931443048662,0.7264234069874506,0.6086987870957491,0.4790961823348505,0.6058083399110097,0.3582606458173866,4,4,1,5
0.3714772532064717,0.2372784712722705,0.3649729428278151,0.0356456589037574,0.8431208167187271,0.3157889253725034,0.9936236825204868,0.7552904987448821,4,2,1,5
0.0278177372138837,0.1455650485779161,0.6796895821323121,0.7367197477263312,0.497545822084517,0.9885202401604766,0.5763530271962397,0.0935850788197996,4,0,1,5
0.1278989083142373,0.2856374554932536,0.3743717671234566,0.3215096729906457,0.928612033138592,0.7948397370902271,0.8309296509434396,0.651571228038953,4,3,1,5
0.1398629696386713,0.2868399942235521,0.3658952233494058,0.3211377456579771,0.923792368729172,0.7988919568631732,0.8384623617487833,0.6659252125679881,4,3,1,5
0.0267599324324013,0.1456782340877357,0.6802120577160525,0.7375602187181955,0.4968802583498128,0.9890071727481352,0.5768115371962372,0.0944674269125305,4,0,1,5
0.0257178697743048,0.1440347010584213,0.6817040722086307,0.7375387329997611,0.4963993854889831,0.989900399723759,0.5739497648515085,0.0960538930731585,4,0,1,5
0.1268173626885765,0.2880123504967158,0.3768620599141153,0.3223602346328331,0.9251887054999016,0.7978523190438863,0.8345818926510091,0.6557231712521667,4,3,1,5
0.8446472707080063,0.4547204521985265,0.9871730168355236,0.7137162472889788,0.621342259399537,0.4755958403841697,0.5848985791699687,0.3748602246291885,4,4,1,5
0.0304987897547278,0.1492398901869084,0.68250830254263,0.7362800637411557,0.490205877326503,0.9846486129001244,0.5699411177706203,0.091521539382527,4,0,1,5
0.8449201841921663,0.4495848876492508,0.9987786983348428,0.716097529946112,0.6022215025301412,0.4811208583635354,0.584957687050695,0.3655903263444037,4,4,1,5
0.1426973303179085,0.2754662613087742,0.3691424614894651,0.3204536977431341,0.9339269336267187,0.7990186615515784,0.8262578264872567,0.6397561681877245,4,3,1,5
0.0254002329941977,0.1461146629657276,0.684215070340457,0.732652675452743,0.4916457943064747,0.9937686711226126,0.5775945718178889,0.0928210020775884,4,0,1,5
0.02697699878798,0.1497617303761627,0.6762526024455342,0.7342276687283645,0.4982036080578134,0.985204377048123,0.5806448781209145,0.0953190074133777,4,0,1,5
0.0218524730248674,0.15066831047947,0.6757746568697353,0.729610140149438,0.49060796319105,0.990015169939674,0.5772876998058435,0.0920584317481489,4,0,1,5
0.844468780200523,0.4607502871296332,0.9909982219841764,0.7195246527773907,0.6133508580233132,0.4731480994756452,0.5935308638614963,0.369979175071203,4,4,1,5
0.8450351560767986,0.4603305076694953,0.9907424477307376,0.7189165736804336,0.6135731373138155,0.4738764167921921,0.5928273685246849,0.3704580847208265,4,4,1,5
0.8497287616514491,0.4660152539480693,0.9948217632688549,0.7103391069535615,0.619802662142938,0.4806253318538305,0.5860012652749466,0.3766618140068655,4,4,1,5
0.8875870303916822,0.4604817981093707,0.9945044184336164,0.7344049809618737,0.5932098903561457,0.4262459359160575,0.5708611490443701,0.3409674203266702,4,4,1,5
0.7150770025614303,0.9681242196481638,0.9799249834409848,0.4819367508176441,0.8625032480238564,0.8406358955932074,0.2717506934405635,0.3619018505993306,4,1,1,5
0.8386112069483301,0.453252948853186,0.9918028046201708,0.7137893122132222,0.6205922313441316,0.4798865684693031,0.5955141702009886,0.3653652019616809,4,4,1,5
0.0346821423387653,0.1560422592465362,0.693539462873038,0.7402780460559996,0.5001385678625225,0.9800642426641872,0.5807715617080149,0.1045787659236537,4,0,1,5
0.8417427997351316,0.4631380063467918,0.9853473238222752,0.7246638253183155,0.615187296087096,0.4772924444998311,0.597990446200296,0.3673868672118488,4,4,1,5
0.1265636647774613,0.2826470037367994,0.3804479792729388,0.3196705595189968,0.9198763512899802,0.8056880748187608,0.8220849378874957,0.6473561634075007,4,3,1,5
0.037641207590362,0.1500432225623229,0.6827144954330651,0.7352379764996404,0.5027894625229498,0.9966921338657044,0.5665018047911462,0.0858958428356379,4,0,1,5
0.8586897561811804,0.4540857092349883,1.0051240390477447,0.7149139155361014,0.6177335284684283,0.4809567372014582,0.5947055940845934,0.3533917255089998,4,4,1,5
0.8517319246127167,0.4645891706485199,0.9797862840892004,0.71974642234327,0.6231135056024159,0.4748590093443726,0.5877328082200112,0.3735811117351582,4,4,1,5
0.0325921771518881,0.1433240722396931,0.6775527612892518,0.7267025444804689,0.4901014104891673,0.9828695022622634,0.5688967190818391,0.0976997091938643,4,0,1,5
0.1212269115033072,0.2760884283700872,0.3828800068129014,0.3262363836590721,0.9199625138802558,0.7993609596723987,0.8325986746998045,0.6597320832067552,4,3,1,5
0.8541413430979482,0.4843716499422809,0.9857882557244751,0.7314592582786394,0.6251810749587376,0.4852644333854622,0.583772805238836,0.3744093185984616,4,4,1,5
0.8547373290311159,0.475755341530514,0.9808144239516376,0.6989091368414511,0.6029337404359449,0.4771393061937358,0.5823310295651972,0.3765315951457872,4,4,1,5
0.845437179916811,0.4610654889935078,0.9912262652003676,0.7189878438553492,0.6141456253330198,0.4738800976947356,0.5912758782826865,0.3707413994700105,4,4,1,5
0.1432337453803844,0.3060732424926535,0.3899382403020269,0.3160734934307164,0.9182401647183436,0.8070883770612766,0.8321970923718505,0.6288737411372803,4,3,1,5
0.1302666338699749,0.279329298344169,0.3735973166668188,0.320610738052306,0.9217014854070814,0.7927358864551073,0.8349476877148914,0.6476019811522006,4,3,1,5
0.0259092007393118,0.1474707800341512,0.681094817789048,0.7332315358857605,0.4956994202945691,0.9905791867861896,0.5792983614989134,0.0901380280669161,4,0,1,5
0.0320263437402835,0.1551562368604276,0.6891064664010996,0.7248713471164291,0.496603988639257,0.9778424321975636,0.572192279318738,0.0865392316161838,4,0,1,5
0.8653869165781554,0.4472453777347715,1.0101470027377504,0.6956319235129611,0.6103657051903494,0.4821612102580856,0.6038841905109776,0.3536928311419194,4,4,1,5
0.8526291026038985,0.4550267088233478,0.9979821679357448,0.7249104890478834,0.6136526726240108,0.4786444717934838,0.5866888349260686,0.3642964627149878,4,4,1,5
0.0201423382458543,0.1357218774361279,0.6798445867210396,0.7317255111014966,0.4991097091327258,0.9772660737541063,0.5688012788666184,0.0994770303694413,4,0,1,5
0.8454956518639072,0.459272530212813,0.9921898013756054,0.7168278599384089,0.6140706636355592,0.4736572207396714,0.5895574562246798,0.3698445107273949,4,4,1,5
0.8467704057515383,0.4517293823285933,0.9936263877295416,0.7237198751360718,0.6155096626065141,0.47610413081564,0.5990616386927854,0.3704224196392947,4,4,1,5
0.8517823380795754,0.4617785412391749,0.9976253841354744,0.7254255072974855,0.6158536117976069,0.4723205588531805,0.5841111260492681,0.3773744984116313,4,4,1,5
0.1294943289634471,0.2854740104399722,0.3762446576257802,0.3216615653444949,0.9263147283418104,0.7969285859791746,0.8352479492763302,0.654426088492546,4,3,1,5
0.1294163412269395,0.2835073483549224,0.3748895893042852,0.3176058424511759,0.922955905594536,0.7974373918557753,0.8301278512282743,0.6520775990874673,4,3,1,5
0.1589630362307419,0.2698683631637086,0.3560550676436568,0.343757682078305,0.9065295587434724,0.8324638437244485,0.8481246345074186,0.6251855957706179,4,3,1,5
0.0310527881083295,0.1364642780741342,0.6775711653857925,0.7511019303277449,0.493153380982152,0.9817419073055812,0.5784750460942072,0.1173094487594345,4,0,1,5
0.0196636177936095,0.1509077969219452,0.6815540372599244,0.7312087978244923,0.4855051039246481,0.9808960209284172,0.5732829275153246,0.0876973163374827,4,0,1,5
0.0114673585709699,0.1414927582714235,0.6940733402306271,0.7538036294989443,0.5111102379949812,0.9704128711432972,0.5847869637887119,0.0897984678998809,4,0,1,5
0.0378829986452897,0.1399539367176992,0.6820216818296234,0.7345059528238831,0.5092782115127381,0.9965258816755926,0.5773443322034835,0.1063805075824972,4,0,1,5
0.8439165494616719,0.4593366439280919,0.990687186171831,0.7209677376097672,0.6132882451270786,0.4719699547318183,0.5902097066396578,0.3699303961997635,4,4,1,5
0.1228882188575061,0.2651339024094428,0.3892992984553792,0.3010155668777681,0.9006549046667832,0.7902728898957311,0.8297488444235267,0.6580900387420889,4,3,1,5
0.0046558424798012,0.147884830177165,0.6992979751566267,0.7146455313733584,0.5190280255150247,0.9659501416768222,0.5952101818352702,0.1192238943455902,4,0,1,5
0.8425451280326004,0.4658494107089331,0.9900413484720346,0.7108919280029434,0.6130495407675463,0.4823934761155994,0.5962425897046398,0.3669086601820069,4,4,1,5
0.845967347963445,0.4608646418123616,0.9922528646944008,0.7187058493106995,0.6149493598675932,0.4740115808129234,0.5902349106350651,0.3698876666634372,4,4,1,5
0.0304715828316109,0.1556359529765025,0.7028971416337749,0.7549604740800996,0.5153039408189948,1.005096258277221,0.5564442900269096,0.0863944862727741,4,0,1,5
0.0293847886994085,0.1469628836519809,0.6786850477179481,0.7390837259506875,0.4944680267156956,0.995310473135592,0.5796846544326942,0.0885730649117061,4,0,1,5
0.8440526274899746,0.4588515183213157,0.9837462995167882,0.7248961537331279,0.6235470741453938,0.4684311119042609,0.5976489685079575,0.3663755668000913,4,4,1,5
0.0382829749577343,0.1383602807467347,0.675673924809685,0.7277092544005151,0.4810738599971919,0.9915210319849036,0.5696298462940765,0.1056400679399402,4,0,1,5
0.8462553275301912,0.4615822829679742,0.992818465051752,0.7179958200335309,0.61544911665201,0.4741755669114157,0.590140315476838,0.3701944230988166,4,4,1,5
0.0289400170797843,0.143189061617854,0.6776955294198148,0.7390157500611209,0.4989157939097375,0.9940352876216892,0.5825455663786663,0.098911437918443,4,0,1,5
0.8658152871763755,0.4774674774911341,0.9976069799853284,0.7297247690563514,0.6269372545383787,0.4614569363834397,0.6095406655374359,0.3608048536417432,4,4,1,5
0.0080432914794658,0.1601015036873216,0.6524570711380907,0.745500965275059,0.4963406438325977,0.9700150837066842,0.5740326157083377,0.0928994780973116,4,0,1,5
0.8450240994562832,0.4620180568486761,0.9916140850837454,0.7194508152078042,0.6147086145994792,0.4756254987064915,0.5880534498586628,0.3690736732384914,4,4,1,5
0.0308657855608547,0.130894813012306,0.6929056505949537,0.7270805703563525,0.5086718088330824,1.0015327536380938,0.569336710228796,0.1088983477154611,4,0,1,5
0.8514727561471626,0.4533016737352833,0.9791023748507114,0.7074175084658232,0.6147496700420956,0.4564737578932931,0.6217027981277102,0.3354587752849264,4,4,1,5
0.0262417717970063,0.1483765216151104,0.6798952759631434,0.7344365863119858,0.4916523628619911,0.9896629348952404,0.5774461983798685,0.091270492609842,4,0,1,5
0.7029423089304963,0.9856607466683824,0.9938269351278394,0.4645939337862246,0.8594597514787646,0.8353997947722461,0.2809298396693376,0.3735526496228599,4,1,1,5
0.0266962497591555,0.138429098466883,0.689136055105122,0.7282100043185911,0.4822148423945218,0.9912286400189504,0.58372242080683,0.0884144975967797,4,0,1,5
0.8355810353277565,0.4646607793902023,1.0032086080813456,0.7126206636813367,0.6123240204184083,0.4734561872017798,0.5849936764511608,0.3702136506987692,4,4,1,5
0.8375254655630576,0.4723610349575741,1.0055126935956635,0.7166601655811412,0.6068057822463585,0.4753682097076663,0.5826755579385984,0.3680243959277627,4,4,1,5
0.8487624738502164,0.4576486330315264,0.9981606176239844,0.7111640111101892,0.6123385276014855,0.4714280205540972,0.5953148580068487,0.3723373998876015,4,4,1,5
0.8539709013616924,0.4601210889953229,0.9674005642580916,0.730511457550334,0.6193393510567196,0.4814050528999112,0.5968308344503421,0.3571838242907814,4,4,1,5
0.0245703992817175,0.1481913099249585,0.6801525215744462,0.7399849049842436,0.4943148689874645,0.9876390767513566,0.5817540390232641,0.0943551808463817,4,0,1,5
0.8480713351566593,0.4514041690794211,0.9884952813715598,0.7060563879455317,0.6262713532539396,0.4710681890829702,0.6032546438525943,0.3697073430713057,4,4,1,5
0.130667718831824,0.2818906001230922,0.3730869078991541,0.3190251686077335,0.9224772178347476,0.7952332791887641,0.8295229436609339,0.6559899986070478,4,3,1,5
0.8429217188797402,0.4631152520299434,0.992017026256886,0.7168124201761488,0.6103032993744942,0.4692570134323875,0.5927750891236642,0.3669211762384705,4,4,1,5
0.1093547642624332,0.2486415659734707,0.3392508788382206,0.2996438817690852,0.9145446102361222,0.7989630394798601,0.8588281313406096,0.6782049703708328,4,3,1,5
0.8435294091319661,0.4656189179088606,0.999650555526637,0.720489729281608,0.6217107133271033,0.4731213533547979,0.5914628076755403,0.3719741964557465,4,4,1,5
0.8479373030021541,0.4639519799231218,0.9959060012589276,0.7228230369511033,0.6154073711374569,0.4802397313942435,0.5852266431383012,0.3630864849529621,4,4,1,5
0.8533883615327161,0.4646874007233115,0.9887995158808504,0.7183590704017988,0.6152559425916042,0.4776153281266406,0.5884132430659742,0.3738230965831234,4,4,1,5
0.8526640833032498,0.4652286199573219,0.988010663821704,0.7184867905186141,0.6238562751023569,0.4655003887336861,0.5879485910151637,0.3784220179858833,4,4,1,5
0.1585341729708039,0.2893167364391888,0.3661356144115364,0.3299800585751816,0.9439371379756234,0.7855535065167693,0.855864761942241,0.6286195512054438,4,3,1,5
0.0307738030751656,0.1316270359332405,0.6694918893004969,0.7267939814883178,0.4768525927674568,0.9842936750394534,0.5566200179577313,0.0815719528646275,4,0,1,5
0.0295412549059316,0.1456852281813618,0.6829917219168224,0.7382625957042853,0.4884534039192268,0.9951598111025672,0.5810046628718833,0.0890837207527323,4,0,1,5
0.8418139370785606,0.4666711674037038,0.9831949821923368,0.7317967230845835,0.6324091733233057,0.4871940316114485,0.5776389132418903,0.3888747685549072,4,4,1,5
0.0194369420624922,0.1584578050577455,0.676977790715147,0.7238300190144911,0.5016042587815841,0.9903001544203708,0.5664495973231816,0.0876561507606229,4,0,1,5
0.8316491956444958,0.469082521823137,1.0073181370498991,0.7124109801440508,0.612002666941946,0.4839098323873202,0.5979501700578276,0.3623413593467389,4,4,1,5
0.3854445171065631,0.2661095993384074,0.3739633444667538,0.0107859043117199,0.8460272871372266,0.302761388146856,0.9841658754936444,0.7565111737627322,4,2,1,5
0.8420182043211254,0.4582776203000315,0.9896154715954918,0.7216747727041175,0.6211440712498172,0.4759258438668255,0.587814401338336,0.3682856942484232,4,4,1,5
0.8476631534411013,0.4654467293862669,0.99487816646337,0.7147266678088796,0.6200717816629094,0.4721457113559085,0.5878125108415068,0.3731008570287875,4,4,1,5
0.1395602780982145,0.2715115745179839,0.3728272615235151,0.3234264070426695,0.9203029379726902,0.8011200310854032,0.820384318362264,0.6591750976317805,4,3,1,5
0.1237972317117575,0.2723083959349411,0.3701550326971382,0.3100403556693968,0.9265258418157536,0.805018843261584,0.8316052072539687,0.6505598978261861,4,3,1,5
0.8464042670689115,0.4620191609906333,0.99396749506806,0.7175304943721771,0.6160029118199405,0.4747897105169439,0.5869915977229164,0.3697326480361338,4,4,1,5
0.0239918368036776,0.1482756378961891,0.6806465711971691,0.7332170946773555,0.49024046922744,0.9923480913368128,0.5791102347402637,0.0920916029161252,4,0,1,5
0.0286762096203462,0.1401114685521319,0.6864621823045088,0.7280323454800904,0.4983317944161007,0.9983212867700472,0.5818854463219291,0.0997607806643285,4,0,1,5
0.0176652695312856,0.1555860020185712,0.6837986963064522,0.7388223739892809,0.5073268520844704,0.9844746087790772,0.584546145352372,0.0765304328304989,4,0,1,5
0.134280228554674,0.2829219744853595,0.3752211805660078,0.3152081497297491,0.9208151027147832,0.7980561623100851,0.8278490799531145,0.6537959208283226,4,3,1,5
0.8494582731205151,0.475575651098211,0.98752086565865,0.704522274090446,0.6171617497783684,0.4729276281352079,0.5825510213966684,0.3729051160692296,4,4,1,5
0.8427847566655695,0.4664853149274926,0.9957382759182531,0.7220691520794806,0.6198758971780838,0.4720903220052579,0.5905989714609554,0.3672094630519368,4,4,1,5
0.1220501457669116,0.2612772336939367,0.3885617761395464,0.3009469839195481,0.9265690210889084,0.7867582519398112,0.8470057361412825,0.6299780904011012,4,3,1,5
0.1428809046777697,0.2746555019205456,0.3835960042400268,0.311652884403208,0.9248117132626528,0.8017551783800587,0.8203891443654359,0.6441018948200586,4,3,1,5
0.0111249022317297,0.1321478348294192,0.6736083332836914,0.7517929680279494,0.483875790936467,1.0026586128123256,0.5664935321554614,0.0928329346621877,4,0,1,5
0.8513627176955124,0.4681287149443808,0.9829095993364432,0.7339850570135014,0.628859430078451,0.4651020619342811,0.5893558016058773,0.378132584386193,4,4,1,5
0.7058160676422733,0.9894917129068348,0.9917068975745962,0.4653280574556591,0.863975591991015,0.8367913638856237,0.2838518152973431,0.3751413784332414,4,1,1,5
0.8424795268258607,0.465631299339991,0.988844114948634,0.7238309338657427,0.6233562439543093,0.4747856667383847,0.5851755790544954,0.3689284074393832,4,4,1,5
-0.0077830963107249,0.1458186325270364,0.699722605917093,0.7195164294374387,0.5150333411330691,1.022067339639189,0.6120468566420232,0.0811354131070217,4,0,1,5
0.1530482104558162,0.2892971053192315,0.3720976311383035,0.322044285763793,0.943937547230922,0.7900902143461255,0.8240571815878285,0.670764966309817,4,3,1,5
0.8570080189111675,0.4560836932654871,0.9908198436737372,0.7127520919876547,0.6091093776218677,0.4795988903439103,0.5896787331667286,0.3598875320203989,4,4,1,5
0.863357389514989,0.4805320104192481,0.9782770436924656,0.7028282708941904,0.638731971987149,0.4852748846538344,0.5997048609555405,0.3519965859252339,4,4,1,5
0.846536107055256,0.4597321644731506,0.9944122101563428,0.7194593696893796,0.6172120456165084,0.4750440201480256,0.5855205957044174,0.3709257729447828,4,4,1,5
0.1448814970701173,0.2850405559029366,0.3529861008664875,0.3033612481665558,0.9097477467316472,0.821366944740583,0.8245556527569647,0.6268751392194805,4,3,1,5
0.0257661724108876,0.1433840417237633,0.6758358969548188,0.7412243353200761,0.4782152690004063,0.9899726795767518,0.5848155922952724,0.0899713757349381,4,0,1,5
0.0219566067799915,0.1508470432720658,0.6826906950491183,0.7327077952980958,0.4903813621730323,0.9935895134960856,0.5765691820148748,0.0900127001935497,4,0,1,5
0.847720671975945,0.4604046644885027,0.9855577312979966,0.7215155998020937,0.6130686172392092,0.4788984868751897,0.5930667771394572,0.3674582196529891,4,4,1,5
0.8374918048867016,0.4712800495493304,0.9954007346810158,0.7268754161244603,0.6210016207040817,0.4727784849055506,0.5800485377684037,0.3690997758484232,4,4,1,5
0.8458897940570187,0.4624975068355016,0.995748425568036,0.7183719729148889,0.6175671995506787,0.4752882139528114,0.585960729166768,0.368454604753161,4,4,1,5
0.0068190515845405,0.1663235776634055,0.6896493168052987,0.7302703879731198,0.4837801613485993,0.9787636306200344,0.5788024553602645,0.1054208600867458,4,0,1,5
0.0251971575555149,0.1482764904331458,0.6889497286372775,0.7347539536533102,0.4801977788624671,0.9947518784004544,0.5784118454586056,0.0810551400938652,4,0,1,5
0.8459415197509113,0.462574947423623,0.9958679408334872,0.7163373533137222,0.6170893667290415,0.4750961507445603,0.5851276442043413,0.3701021073930239,4,4,1,5
0.0498175512319173,0.175579157502139,0.6414749161561594,0.7070179645000595,0.4846263233505966,1.021319741892322,0.6005517361032845,0.0747636614607493,4,0,1,5
0.0239788873131506,0.1505032234381382,0.6795945260523918,0.7326325900590182,0.4886425060757451,0.992547187867406,0.5794890687705959,0.0909848377532363,4,0,1,5
0.8469303440235892,0.4609220197197249,0.9972615978145064,0.7140176561636766,0.614551660828283,0.4717144023478317,0.5825743020169255,0.3700807777225682,4,4,1,5
0.1372483463499004,0.2763547550800224,0.3748742641177673,0.3192589926938551,0.9141582358384158,0.7964709541295378,0.8314248719675092,0.6580199226548,4,3,1,5
0.8474249493735078,0.4595296724270718,0.999140469821492,0.7220479315202369,0.6127373936889235,0.4772476806397975,0.5883912535455231,0.3634513810799692,4,4,1,5
0.8487905286802971,0.4631940147183282,0.9931279997825508,0.6987383187294199,0.6085601841104632,0.4673835846803598,0.5805950725364522,0.3517902918432464,4,4,1,5
0.0276295205678581,0.1472636640266048,0.6804403540534577,0.7338967053169911,0.492053199870462,0.9923951034317564,0.5812253987728712,0.0947300006251075,4,0,1,5
0.1404556275834416,0.2647146224905013,0.3713533334223632,0.3227218807051282,0.9192115222753364,0.7819577876297332,0.8148052021855277,0.651297189305167,4,3,1,5
0.0268615739202769,0.1536155301329102,0.6797556660292012,0.7348209173780482,0.4980122254170136,0.985560428412096,0.5779834858713618,0.0817110567716049,4,0,1,5
0.1415259491965068,0.2890968478291497,0.369005925744041,0.3110498999648515,0.907403125165466,0.7941586262784852,0.8263723822379211,0.6517938952522472,4,3,1,5
0.033308745873983,0.1514680490705298,0.6847927674364487,0.7202006671571463,0.4768825614254275,0.9783782307673854,0.5735837147821782,0.0882046827411784,4,0,1,5
0.8428703178133549,0.4705630749242881,1.0033085901315737,0.7102959960009073,0.617273596944671,0.4666198863449553,0.5935167639846579,0.3703403017297919,4,4,1,5
0.0236950880452573,0.1503388219557787,0.6791224556812662,0.7327605909377024,0.4878567947984348,0.992642913390012,0.5795779772306956,0.0907269435307465,4,0,1,5
0.1261420420639114,0.2847077302975929,0.3781156585024097,0.3102098039714536,0.933802601348798,0.7878121501146131,0.8301158396958793,0.6460697213132262,4,3,1,5
0.859630261284996,0.4489578059578812,0.9836923905039954,0.7045408859869764,0.6125781271419115,0.4882183635232139,0.5700988920693678,0.3614664579764023,4,4,1,5
0.846573953520522,0.4638689006458249,0.9942473929410238,0.7183871083523932,0.6174852281229112,0.4745359395300347,0.5820297479680445,0.3674348409469676,4,4,1,5
0.847339960074285,0.4649570932648395,0.9941743699137332,0.715301164650919,0.6193665585449849,0.4766489353462548,0.5854194037936608,0.3689804872774143,4,4,1,5
0.8377830393792847,0.4744808610810998,0.9981886620227934,0.7159231219661176,0.619088295482651,0.4722702027267944,0.5871615507136094,0.3677741594429577,4,4,1,5
0.8467052689872083,0.4635571317295855,0.9964090291958124,0.7170648330868546,0.6174380021699047,0.4750839131738859,0.5835174313271799,0.3693766266620736,4,4,1,5
0.8581450554516713,0.473052600258104,0.9884782216555654,0.724130182353813,0.6049217488605634,0.4891963886835079,0.5713748491007107,0.3820746597198344,4,4,1,5
0.144312261876422,0.2944783335747833,0.3653585153941777,0.315574141057049,0.9179314929780792,0.7899518851404843,0.8352901300407732,0.6451406888826741,4,3,1,5
0.8467982769071969,0.4630186184860151,0.9958676540906244,0.7168541218405103,0.6169998621047116,0.475572414129799,0.5837562068386896,0.3683263134898316,4,4,1,5
0.8514550133474224,0.4676480031692951,0.993095670553784,0.7126897504501002,0.6131580833260116,0.4757430645686705,0.5842194715893113,0.3700776900762087,4,4,1,5
0.7067789419835036,0.9940674203021052,1.0101915788047482,0.462444841820181,0.8772677596963295,0.8380930868048102,0.2875673659633964,0.4047537451104829,4,1,1,5
0.8453193460809573,0.4589260444497474,0.9982812618266944,0.7121276528810864,0.6233269176327968,0.469764302712444,0.5760984274840613,0.372529384441556,4,4,1,5
0.8588045819409433,0.4603118545097348,0.9980131342585672,0.7115274741356761,0.6203938069602446,0.4893145374068681,0.5770584987549255,0.3568418219925828,4,4,1,5
0.1348960066316459,0.2828248941467154,0.3684849859988596,0.3119390715819377,0.9154102878969204,0.7924150963071291,0.8278441051495259,0.6517096823880038,4,3,1,5
0.0171074800942692,0.1532269393579129,0.6795883076666249,0.7301718546108982,0.4832868377153843,0.9995112892871696,0.5830900713630804,0.0958164062768552,4,0,1,5
0.8542055080739622,0.4750086788242212,1.007561739372986,0.7216635044588459,0.6098566104657631,0.4792752339545038,0.573722155714677,0.3781243881129673,4,4,1,5
0.1310914587843695,0.2846159953965786,0.3657419297218414,0.3007309898117319,0.9262425487123932,0.7931462178425589,0.8134870671449417,0.640600300094617,4,3,1,5
0.0362630817229225,0.1609001413132516,0.6943256568884545,0.731131080761581,0.4815339591844044,1.0011726182787848,0.5708292448966993,0.0911808793506008,4,0,1,5
0.8379577137825858,0.468871801795592,0.9876909847725006,0.7292243640993689,0.6131405715343575,0.4682632207098544,0.5900548531621349,0.3570712835125337,4,4,1,5
0.8507163809638064,0.4672261718160747,1.000017962873402,0.7174164880698134,0.6178988852061287,0.4777943909818204,0.5829239406143527,0.3687923365499334,4,4,1,5
0.7053075681615572,0.9930898182340028,0.9847441764912568,0.464836062173054,0.8700733043168564,0.829981671780463,0.2831061703642443,0.3782353515746117,4,1,1,5
0.8458501633877711,0.4604108027408913,0.9902579322829718,0.7099932828627304,0.6143401007727531,0.4750218203872957,0.5884427463038411,0.3625259976537468,4,4,1,5
0.046412121060225,0.1464376732270756,0.7080900788523077,0.7412687076222503,0.5001463139348485,1.0015483604154396,0.560547362434851,0.0657969582701449,4,0,1,5
0.846993489758277,0.4710117217702932,1.0014278207049976,0.718149309133207,0.608501267573625,0.4775052392780342,0.5721374584207652,0.377884861747241,4,4,1,5
0.8377329740734136,0.4760340097990739,0.9962065908553877,0.726224009861802,0.6106963967988149,0.4738409974056164,0.5667662344280902,0.3673777136435355,4,4,1,5
0.865747184813668,0.4580110868013259,0.9676828207035814,0.7390620279123953,0.6296328715238122,0.5003037383057729,0.6104856223390325,0.3490840458864105,4,4,1,5
0.136832201018533,0.2832541898019557,0.3722420663795292,0.317085624951686,0.9208170193736702,0.7866830483690195,0.823878517272107,0.6559031770736586,4,3,1,5
0.0224685282137752,0.1505690718606358,0.6779954570854224,0.7295999556550724,0.4844126850118007,0.9938751515248908,0.5781830997835569,0.0910114207785272,4,0,1,5
0.8445073290038749,0.46343913028167,0.9991150684191262,0.7168735404985266,0.6207829462207419,0.4741937796303788,0.581123919039107,0.369305922672022,4,4,1,5
0.0462888139954281,0.1766869320562105,0.7069017371647004,0.7224218657440815,0.4880378112558547,0.977780590838988,0.5693690365238219,0.0867063259089837,4,0,1,5
0.8480622309933121,0.4629996077010538,0.9976893928277346,0.7163162645399175,0.6191526825813125,0.4757435726599633,0.5818519630208978,0.3683904369980467,4,4,1,5
0.1346246235782795,0.2778354654409468,0.3715806952637715,0.3128312078843929,0.9165199292175454,0.795350792349784,0.826889715858804,0.6537014289554128,4,3,1,5
0.0192151430881584,0.1573190252446566,0.6830757793671061,0.7378801507061771,0.4823700863088299,0.9984161542562636,0.5849754204013282,0.0848834698913195,4,0,1,5
-0.0003935111613198,0.1434487745331455,0.6677053665571006,0.7261656577314869,0.4922483926216434,0.9933231396141844,0.5998374281575097,0.0762192547190663,4,0,1,5
0.1332338262247443,0.2816534010010377,0.3729456837907957,0.3165763217901642,0.9215290902550944,0.790828654376019,0.8277952089400591,0.6529975280013517,4,3,1,5
0.0189512590999985,0.1498537211280912,0.6751691309937186,0.7282982777440663,0.4859535270865504,0.9916960495528676,0.5801420956666611,0.0858025652707218,4,0,1,5
0.0383159675881678,0.1434128062255471,0.6937759442157074,0.7392751745829532,0.4992851247822011,0.9670633903554436,0.5659594920822542,0.0763149048207628,4,0,1,5
0.836877937158969,0.4554063894023994,1.0031535727640968,0.7078520141884783,0.6199288436053116,0.4784828321140926,0.5719802554675963,0.3733903794435532,4,4,1,5
0.0310353195740424,0.1599122949828889,0.6723821845076934,0.73680026584831,0.4778796739901838,0.988800786554587,0.572964868673606,0.0971580080414166,4,0,1,5
0.007971765289946,0.1458877580678669,0.6663058721530061,0.7201270819372074,0.4747957147033456,1.0157746492952002,0.6013685329258557,0.1119929741495611,4,0,1,5
0.8576950046545321,0.473107781166444,0.971475800731787,0.7105202697258851,0.5964006401193123,0.4841874394409142,0.5978691999013788,0.3701320971419512,4,4,1,5
0.8578875054392503,0.4607335954952157,0.9990253067708768,0.7161363854959877,0.6208694983093299,0.4902790874293732,0.5464398866163969,0.3609889486739597,4,4,1,5
0.0232619564855078,0.1517135548389316,0.6766453875680142,0.7312976433491511,0.4881572335648548,0.9951854000285194,0.5827202200602963,0.0909920628945655,4,0,1,5
0.0169691486433189,0.1578737377562538,0.6737440644484195,0.7372671906228038,0.4913531270563747,0.99891087957725,0.5805924145546629,0.0875810752199495,4,0,1,5
0.1326052201031761,0.2838652679411857,0.3849443572907872,0.2942491831427309,0.9076262025633582,0.8144781715224408,0.8239699683018668,0.6418111799304937,4,3,1,5
0.0178757129302335,0.1532532190502172,0.6875349858329505,0.7362703226388158,0.4913775132802615,0.9990833819463704,0.5872017304961276,0.086744129071336,4,0,1,5
0.025763922762457,0.1492358279694114,0.6767687546638113,0.725897830318199,0.4849370893990092,0.987870959563998,0.5855760459251769,0.0837777118430837,4,0,1,5
0.8487399564901724,0.4656211572597291,0.9963736768696624,0.715035101056901,0.6197684080738913,0.4763917916986201,0.5791701300406356,0.3701037710504513,4,4,1,5
0.0180728256602328,0.1708673891697081,0.6964541566542023,0.7469225626450077,0.4649321413830864,1.001474940629167,0.5823425209785928,0.077412772306564,4,0,1,5
0.8593923457163138,0.4469936807587982,1.015003663154055,0.7322880371524119,0.6093688389967272,0.4730523087314371,0.592087077009624,0.3780338679502822,4,4,1,5
0.8462599344018442,0.4603717458869914,0.9998783198741228,0.7222627574531522,0.6165152468573166,0.47302743517099,0.5724963665810529,0.3690697922231108,4,4,1,5
0.0425627126817478,0.1604802368514569,0.6690158274618242,0.7416460207919431,0.4731374192821858,0.98019219994778,0.579279829695833,0.1060237061018784,4,0,1,5
0.0189776413802269,0.153535289459906,0.6857538417659053,0.7261600798234275,0.4840761883198508,0.9983127701447,0.5848484516629678,0.0959177819602733,4,0,1,5
0.0162047588379099,0.1624128800496371,0.6793338876216644,0.7246011838646241,0.4778651674651634,0.9859052648338278,0.5728943897228165,0.0825439768179504,4,0,1,5
0.0236054914873019,0.1536709070178142,0.6798127990310289,0.7299110610520548,0.4834011645287487,0.9950908104197508,0.5824728603003443,0.0871502014031854,4,0,1,5
0.0090833638977969,0.1636698638916214,0.6887212878157077,0.7217390902923876,0.4931615489777283,1.0041045194056786,0.582100666775836,0.0805724803859726,4,0,1,5
0.0178018062987662,0.1635787568986749,0.6798262348619978,0.741488889354249,0.4779095888645943,0.9906954722998104,0.5692783977973966,0.0934691108492578,4,0,1,5
0.8406219282960937,0.4691335151193772,1.0010743677642948,0.716660724979874,0.6270603989543856,0.4771485636346584,0.5837407462121242,0.3623640974825791,4,4,1,5
0.1388062282858689,0.2814858271823259,0.3657911383178835,0.316723059103398,0.929157026188084,0.7848392250651945,0.8272961288207814,0.6557423505917099,4,3,1,5
0.0208518473764355,0.1475003195617486,0.645478238569155,0.7203925343100065,0.4696955506927095,0.9721243042331356,0.5445864833722622,0.092369309829227,4,0,1,5
0.0278777951306173,0.1642753119656204,0.6773891376347041,0.7294175180028352,0.4994196218983704,0.9902126355854552,0.5951485139365588,0.0926630368427064,4,0,1,5
0.0171221685159206,0.1556841604811112,0.6825141157950729,0.7334889190625041,0.4826897213222195,0.9996136222358826,0.5774014688078624,0.0869440001589302,4,0,1,5
0.7062029080388083,0.9922187160132676,0.99707915209085,0.4688657033531653,0.8674695568695491,0.8359728072504705,0.2867400487256925,0.3822876812499546,4,1,1,5
0.8533420679761337,0.4641403931988609,0.9847803855813272,0.7210949104414827,0.630515986408313,0.4610885248424555,0.5659460682130562,0.3788643927846918,4,4,1,5
0.3632511304891127,0.2423860383019863,0.3513952300801806,0.0140272712854215,0.836601222295309,0.2804642229418188,0.9850872588916016,0.719438674966818,4,2,1,5
0.019984094933254,0.1556928756801175,0.6792679631390556,0.7310360773346836,0.4866318855235246,0.994083236642216,0.5834630824138981,0.0880252822856179,4,0,1,5
0.0363634228285683,0.1652167346259792,0.65014830694288,0.7304929282842769,0.4987027741148157,1.0032458047601112,0.5908832916872176,0.0750557825429926,4,0,1,5
0.0181844675384995,0.1585982778136244,0.6812620496065181,0.7354103506721199,0.4792647792227693,0.9934583556136094,0.5859992529582394,0.0863151271264428,4,0,1,5
0.8432601491480568,0.4636492582271783,1.0029591105921898,0.7162638843005421,0.6206582028191251,0.4749368110252015,0.5846102578449357,0.3689763629019099,4,4,1,5
0.0240555388972007,0.1391090106193914,0.6850815852068844,0.7189794946770992,0.4960029791504056,1.0050634478455265,0.5931450389241323,0.0817038100729701,4,0,1,5
0.8474004316719767,0.4682254595651494,0.9981608894837252,0.7201171307450107,0.6212842274913828,0.484371088651475,0.5850383482604616,0.3677193250666247,4,4,1,5
0.147142716115183,0.2798262778601314,0.3730534524965711,0.3184862853319165,0.9051467214318332,0.8007259252728907,0.8191629667718796,0.658966866630357,4,3,1,5
0.8548280254676149,0.4585185535565632,1.0018490228160677,0.7034473824365338,0.6304299409565727,0.4835924401651594,0.5561241646364256,0.3452277253942087,4,4,1,5
0.855981640368935,0.4561456250779549,1.0064628680628975,0.7084263483450686,0.6224435049007366,0.4757052938699103,0.5822656323555869,0.3682910970920227,4,4,1,5
0.1275759603803205,0.2668652836196717,0.3789198127519108,0.3078149081803898,0.9235526558007598,0.8000214740025267,0.8282245578070613,0.6621588452006917,4,3,1,5
0.3796234544652583,0.2583694717740142,0.3586998068407956,0.0329608493510816,0.8249442145501412,0.3044580074804256,0.9807009670623325,0.7331944330092259,4,2,1,5
0.8493317107511363,0.4697829410583179,0.9983209054625004,0.7083821516391701,0.6210127103526819,0.4736584673321843,0.5762629507593673,0.3750080990791803,4,4,1,5
0.0228478637756137,0.1422466176522851,0.675271589707727,0.7408158841946713,0.4766740111094911,1.0001232753760911,0.5907975801570732,0.0781242961778789,4,0,1,5
0.8766883324297818,0.4851590250230019,1.0230133161150363,0.7193644746081966,0.6353699391232488,0.4510061547225072,0.6035998401355251,0.3813273065791023,4,4,1,5
0.8618165605642005,0.4682795906265271,1.0028203932355315,0.700431303095314,0.608975121646665,0.4781428008313926,0.570081892056128,0.3385772613394331,4,4,1,5
0.7070828826548364,0.9914036263469272,0.996801215006666,0.4681039211624447,0.8656505448492304,0.8359927403802483,0.2865747596856104,0.3774623331048363,4,1,1,5
0.0052508564554225,0.1416934238364425,0.6888997628037763,0.7499506031459411,0.4758017923962674,1.0107353699959736,0.555589998192323,0.0652542257069681,4,0,1,5
0.0243071328456764,0.1560295059449375,0.6826403393955053,0.7295640867940305,0.4900499687436128,1.0028467981764784,0.5888707041108416,0.0887837962493651,4,0,1,5
0.8455410629731748,0.4620195646401601,0.9955932593391136,0.7112913842433345,0.6170591231563549,0.4735639798146685,0.5788885948439345,0.3669710797667336,4,4,1,5
0.0162419280710362,0.1615398252793361,0.6639235386106286,0.725542469166643,0.5034084154885573,1.0010011650005763,0.6046841973339219,0.0694992370629691,4,0,1,5
0.0289236903300088,0.1593554523619362,0.6907357277745535,0.7432146754018969,0.4715910175426062,0.9982018030822328,0.5850333280892188,0.0915408574522576,4,0,1,5
0.1423869287620546,0.2640093028031887,0.381042996131469,0.3119329282570602,0.914940184757946,0.7774872534097055,0.8408295203180788,0.6511653270448147,4,3,1,5
0.8597462253721357,0.4518038539674567,1.0023162012524014,0.6955787824117631,0.6186750836506708,0.4706620957316723,0.5907704611801193,0.3617949586637402,4,4,1,5
0.8461271225054714,0.4602424333933383,0.9973802159321756,0.7151258287272539,0.6214497648711198,0.481181713497571,0.573100691187581,0.367562607987246,4,4,1,5
0.0190487500908823,0.1608420986566611,0.6766404147112839,0.7265489545473253,0.4902067050094867,0.994847594379776,0.5758635733180173,0.0840182119895277,4,0,1,5
0.0222968984631884,0.1552513918847008,0.6805368722558672,0.7295649886828074,0.4825065268299024,0.9937376175087832,0.5833260228192043,0.0861064587714459,4,0,1,5
0.0258543676519844,0.1512376003262077,0.682280268218728,0.7287704875641039,0.4818427416874039,0.9979568752700232,0.581310671963643,0.0914563135212055,4,0,1,5
0.0218916030136662,0.1564303575615604,0.6791333659364994,0.7317275990428308,0.4803045364658327,0.996946350066469,0.579249438333716,0.0883299154700457,4,0,1,5
0.1406049971455584,0.2762284306043964,0.3727207334646391,0.3112648301267912,0.9144897932682556,0.7911649040855318,0.8247976979015004,0.6554332892067679,4,3,1,5
0.139576078704088,0.2684735225965024,0.3700694960043194,0.3103208056911243,0.9080930143383034,0.7950581652173315,0.8197874164337633,0.6508527093925243,4,3,1,5
0.7024337604897158,0.9960851985165328,0.9924791850789416,0.4732924582290982,0.8639036555784059,0.8394325296794769,0.2877683978785555,0.3812471670805594,4,1,1,5
0.0227992250569701,0.1525574928085395,0.681351384855393,0.7283132098658506,0.4831503467897605,0.9971962010087424,0.5799291604447316,0.0866883810543041,4,0,1,5
0.0184932124136596,0.1558783569021207,0.6834912724530243,0.7301470774850654,0.4829383406179899,0.9970933606257768,0.5776460414396148,0.0852033557468292,4,0,1,5
0.1347075344762895,0.2789427133458572,0.3734799492830061,0.3095751396378736,0.9111306771201936,0.7940768464178569,0.8246175306064135,0.6491847013048717,4,3,1,5
0.013495803158406,0.1501866437412485,0.6681892076731119,0.7248970379605771,0.4812858017853613,0.9973650876940072,0.5712015197686654,0.0875806622242742,4,0,1,5
0.0245491206850729,0.142662823506907,0.6667655932708323,0.7201539159904552,0.4762648905178675,0.999176004096166,0.5665287657929984,0.0827538713123285,4,0,1,5
0.0163136717998364,0.1560116177166362,0.6742080883922569,0.7263044856393307,0.4844833593410109,0.993993068550204,0.5828464757540618,0.0882903190302117,4,0,1,5
0.860886518491444,0.4730151332005355,0.9953377721531488,0.7066360772554232,0.6115340398856565,0.468636529212272,0.5937414647844531,0.3554422244761402,4,4,1,5
0.0105392092069139,0.1693290331452507,0.6743112192712732,0.7395543872446179,0.4970525855982662,0.9946512823839848,0.5874305760777573,0.1044362316872785,4,0,1,5
0.0196144029458821,0.1630736670154354,0.6846854699899777,0.7433256832004331,0.5006714006855746,0.9854107965230902,0.6001173833355193,0.0996394485230212,4,0,1,5
0.0153688393634946,0.1506816054802647,0.6781215499070437,0.7323315710195772,0.4751333977700988,1.0014839642029496,0.580880671024331,0.0921002760675412,4,0,1,5
0.0212411283193479,0.155047363028203,0.6797156236259142,0.7297567230413702,0.4810246398774656,0.9953220250276872,0.5821621980129721,0.0869435330573119,4,0,1,5
0.1315299503815012,0.2760062101316727,0.3859032611520693,0.3030241047677977,0.8964562753362546,0.7835017578429336,0.814406824587116,0.6673812511302887,4,3,1,5
0.695432905048557,0.9912768694294388,1.00580544881891,0.4615459923188114,0.8735223594237097,0.8365588658914498,0.2914867385555825,0.3853301400691362,4,1,1,5
0.0200998845903857,0.1648453927555884,0.6898300393244213,0.7193310382345957,0.490470190728793,0.9828206806664328,0.587332739677376,0.096485865482211,4,0,1,5
0.1358459620552884,0.2781761283751087,0.360895272429717,0.3115049031473078,0.9088565855852976,0.7932139357462039,0.8225548394512994,0.6461806327210952,4,3,1,5
0.0220310388877452,0.1402550459744548,0.6730253668967566,0.720130376515396,0.4815198749072345,1.0058130606467477,0.5927365832385556,0.0900772639090752,4,0,1,5
0.0165548152800851,0.1536427411480783,0.6830489388225586,0.7281068693442204,0.4767921938311949,0.9920853310116186,0.5822491859868314,0.0913282622727035,4,0,1,5
0.0196799889439036,0.1503815032612875,0.6772714084152911,0.7273649376298386,0.4854377098916532,0.997362444039748,0.5830464229727739,0.0903148368703917,4,0,1,5
0.0166863454458843,0.1529674193059841,0.6777125307011889,0.7306381164523503,0.4745843204635759,0.997740241888928,0.584049960069907,0.085158359067915,4,0,1,5
0.1385628844172474,0.2798524578904047,0.3760324956847836,0.3126350482925419,0.9086987809011902,0.7845795502943085,0.8302024606641049,0.6578162268766503,4,3,1,5
0.0012269037517225,0.1531156027236722,0.6919685063945753,0.739552495923328,0.4706711666851746,1.012486898718156,0.5831140167086242,0.0745983931518207,4,0,1,5
0.8443457698925902,0.469431459568872,0.9945991793307878,0.7124478354321633,0.622985711254337,0.4787404517822771,0.5716889359618669,0.3633364354862293,4,4,1,5
0.8558180695328929,0.4561541010006543,0.9973625134592146,0.7138251719217077,0.6270213826645065,0.4714287214099664,0.5877825376746222,0.3794409158771691,4,4,1,5
0.0194204663910364,0.1529510484250608,0.6809270849778198,0.7301515078910867,0.4815206066747601,0.9964342048294678,0.5824682345458986,0.0888272050427425,4,0,1,5
0.0115240078158583,0.1610674143538504,0.6881144556138709,0.7257482114053272,0.4916284182562009,0.9921987524777296,0.572799084719881,0.0982422199038431,4,0,1,5
0.0243578325789879,0.1559380581606781,0.6852001754049188,0.7229823325984476,0.4760572422386988,0.9979418478967286,0.5868483301685674,0.0810038826630856,4,0,1,5
0.1073637292745411,0.27981515174164,0.3885636949552285,0.2803508663618829,0.9182783590172722,0.7703718233539842,0.8084402426727707,0.653764979311427,4,3,1,5
0.8243355315340833,0.4413966716941084,1.0171465814411356,0.7458959986881387,0.6109758804864553,0.468100421013602,0.5527874998096085,0.3742791540068531,4,4,1,5
0.8617385118387555,0.4704058788903019,0.9785182655416396,0.7301219899249933,0.6400941628353619,0.4753334119574938,0.5906205798260031,0.3873671984769605,4,4,1,5
0.8367684929283928,0.466679709510538,1.0077245814030968,0.720859542523986,0.6171694578246272,0.4761338443191141,0.5773091173467039,0.3786261339221085,4,4,1,5
0.0071233906495572,0.1769711934717641,0.6931402160760898,0.7118533628362936,0.4609038183753736,1.0003040839775883,0.5853115937161188,0.0829887652004908,4,0,1,5
0.8485366253381165,0.4691836554692968,0.9971051502388846,0.718624219281608,0.6206861114234861,0.4784901711898998,0.5771459074346519,0.3688307179370337,4,4,1,5
0.1416534367275188,0.2726779386700141,0.3720129005272906,0.3111320949194153,0.909955226498964,0.7914330514752372,0.8215400630734084,0.6565707301655331,4,3,1,5
0.0288300824218431,0.1461831384514655,0.6881656594207203,0.7305065128165139,0.4820952071371204,0.9993045280088304,0.5908709827912805,0.0852776784841159,4,0,1,5
0.0360584903428883,0.1835260020116167,0.6930262476697848,0.7467191897264815,0.4578442156135358,0.9985192455635856,0.5995680436411953,0.106421682085135,4,0,1,5
0.8423372933164488,0.469359747947544,0.9954593070311638,0.7191591218840709,0.6157484626915921,0.4749474289596054,0.5735929309584766,0.3639855748861968,4,4,1,5
0.8504559132405344,0.4690295464637669,0.9963852006354438,0.7150591742227058,0.6225677538176486,0.478731884684217,0.573179790377315,0.368398252752155,4,4,1,5
0.1528772452341675,0.2772403493213944,0.3747608048020444,0.2949192613532285,0.908732298435712,0.7853045161178344,0.8098617851478742,0.6689288558261722,4,3,1,5
0.1343715654739741,0.2705982828958112,0.3591386638678705,0.2986417295045691,0.9174094814261848,0.8018372665581213,0.8192973754384928,0.6638978049693746,4,3,1,5
0.3959966719432083,0.2546586830883265,0.3646318150151998,0.0425406307301839,0.8419839436641269,0.3106028353272786,0.9718609383126608,0.7304570503488704,4,2,1,5
0.7054123871971533,0.9917971596106055,0.993401165562249,0.4710433233753244,0.8731254355266201,0.8340367139844765,0.2948500533985571,0.3810021803068706,4,1,1,5
0.8435799038557528,0.4617385686226607,0.99805010622967,0.7157849942132217,0.6210112317896215,0.4786298005129873,0.5765869288722179,0.3727220438972309,4,4,1,5
0.0261598982867108,0.1739524269842535,0.6571591448981188,0.7367745633983172,0.4574189954942947,0.9913123010415922,0.600175874762239,0.1042833299605944,4,0,1,5
0.8536777075095223,0.4619494895185231,1.0052028516801357,0.70884895208749,0.6265590647616383,0.4838508751340758,0.5690585502756891,0.3594204325087969,4,4,1,5
0.8640524568954915,0.4572229149415852,1.009471537057988,0.7303712006518474,0.6354450945103837,0.473913274337535,0.5823241998778714,0.3543195527022171,4,4,1,5
0.0209539223000809,0.1590470666927551,0.6785165432100541,0.7247527775395658,0.4743646049708895,1.0010097297720444,0.5805374644493893,0.0871272354263496,4,0,1,5
0.0202052164924784,0.158097767419258,0.6891802461546334,0.7246004348275418,0.4778273300996315,1.001670791321596,0.5760508220319157,0.0851349232093113,4,0,1,5
0.8583352303820437,0.4583127152515972,1.0105068693826915,0.722978445928264,0.6162114403944807,0.4814921339499923,0.5849359924006494,0.3550108954521431,4,4,1,5
0.8482566458025035,0.4725889869017073,1.0043383072901717,0.7123026641738444,0.6298763391077992,0.4755661792601748,0.5746894995483032,0.3583497268980873,4,4,1,5
0.1341790980444771,0.2752545036108563,0.3728629927471335,0.3024274972692035,0.9132292844444666,0.7904993943159165,0.8291749275368682,0.6567195030782991,4,3,1,5
0.0256219336622358,0.1492710911620961,0.6729518607635385,0.7353745639019483,0.4753907246983531,0.9961743808660442,0.5857830961796563,0.0932982690945302,4,0,1,5
0.0119581766607558,0.1699503624061898,0.6749313741420878,0.7355544163336051,0.4887322357802931,0.9848119659267616,0.584011121464749,0.0909062413802335,4,0,1,5
0.856337579947287,0.4660939059266052,0.9975902096485052,0.7140322992774398,0.6245890110035613,0.4692940776816965,0.5761687160107861,0.3602537093668344,4,4,1,5
0.7032470431172958,0.996522810275712,0.9970993397462832,0.4719429407352492,0.8690355732954108,0.83585273763402,0.2934102602348461,0.3836127085834144,4,1,1,5
0.0282793299620592,0.1607735215139406,0.6854292538377962,0.7249653508958397,0.4801404966942451,0.990793152856966,0.5766566623276358,0.0777459159598047,4,0,1,5
0.3862222697413013,0.2505924471168793,0.357416293066852,0.0318090796989186,0.8273362528735873,0.3089361673799041,0.97707494238696,0.7371714895676948,4,2,1,5
0.840541619274461,0.4675699908645668,0.996978223718322,0.7231496364380349,0.618996982944181,0.4778604817524191,0.5776964357483192,0.3730654180082303,4,4,1,5
0.0171991142440546,0.1578699050933501,0.6793135434829113,0.7250768154074944,0.4797810581113119,0.9963072636390574,0.5858688266805637,0.0868875078938769,4,0,1,5
0.8465620457825487,0.464936731659655,1.0044550702762294,0.7143351240558907,0.625964581268837,0.4835158652451338,0.5670151427867697,0.3644513642968279,4,4,1,5
0.8420887895911184,0.4774230020805867,1.000664691016092,0.7236601215177513,0.6252749997278424,0.4708931712825475,0.5622251068841994,0.363042739075601,4,4,1,5
0.8485418258310525,0.4654804386790738,0.995935234049888,0.7147797474393466,0.6217164765876133,0.4768568028214732,0.5715143205716076,0.3678336651290622,4,4,1,5
0.8526790862827314,0.4980142676071526,0.981333140579334,0.7053422299832935,0.6524879705793052,0.4403164505240484,0.5545509117456008,0.3397410883268063,4,4,1,5
0.0244819279977493,0.1537517729193948,0.6710616929094808,0.7245941343053061,0.477120010535315,0.9931743473833484,0.5871600642288458,0.0926707456348055,4,0,1,5
0.0165380916743039,0.1604051873185548,0.6811325756554532,0.7319097484092102,0.4791568871153258,0.9962534230504808,0.5811103481588672,0.0871377484740077,4,0,1,5
0.698230670625697,1.0016376188515843,0.9977459028385112,0.4728657085084613,0.864101086490567,0.8336281414096476,0.2978488503496886,0.3849920580175578,4,1,1,5
0.8539719212292805,0.4717842166757296,0.9932847392656314,0.714657051377311,0.6214653213254411,0.4735389325395337,0.5763103023796254,0.3659844290362255,4,4,1,5
0.141038855796458,0.2733503252568788,0.3685887883288988,0.3071107353776128,0.912838784853565,0.7915181898315585,0.8218312397535769,0.6538041068557717,4,3,1,5
0.0066192825826159,0.1533329640079779,0.6710646001405345,0.7248083311934749,0.4721914952712599,1.0052247453640923,0.5961227837776876,0.0924877286033945,4,0,1,5
0.138320816114967,0.2656228716765921,0.3587054253087502,0.3032695588985912,0.9196182236834136,0.7962446772763028,0.8351759898069582,0.6519989258544219,4,3,1,5
0.8360312947167562,0.4624534689032222,1.0063736366299092,0.7081505569818212,0.6134733594547355,0.486976432868537,0.5678468340596997,0.3527065301852474,4,4,1,5
0.0193444021564834,0.1686927609730762,0.6739716959468599,0.7162360921944669,0.4745422629345928,0.986586861537987,0.5941211013779746,0.0750377333714233,4,0,1,5
0.8367379964990456,0.4662167184425946,1.0066613404564495,0.7005852170080784,0.6075215072700452,0.4643289636878647,0.5720115821144393,0.3541260713581912,4,4,1,5
0.140692336201012,0.27080240331629,0.3666649325658875,0.308014245515422,0.9096055323420644,0.7910296267962296,0.8212792637444922,0.654618923638646,4,3,1,5
0.8493457377293678,0.4673604844791376,0.9966623218026388,0.7137518346678852,0.6227947729775041,0.4761246871708321,0.5719209748953408,0.3665889986746576,4,4,1,5
0.8420428362389933,0.4568551534810234,1.001693925077071,0.7100713781897579,0.626531006684982,0.4783778740859987,0.5628664936729756,0.373382576400211,4,4,1,5
0.0063862141457957,0.1678067519491431,0.6862608913930012,0.7155221509142453,0.4663889087255874,0.9963452488387788,0.5857363509630894,0.0992326309170217,4,0,1,5
0.8496226286013899,0.4608080825145726,0.9909400106317288,0.7204358209156123,0.6204858835875475,0.4720546139119352,0.5642515587513744,0.3689854814958445,4,4,1,5
0.8486877278639433,0.4675574984095498,0.9953402622463,0.7130234487534,0.6228680879557492,0.4757876466649266,0.5703236838175126,0.3675315587987897,4,4,1,5
0.0181629752883108,0.1593297976314248,0.6840854420421796,0.7364148260595388,0.4741583120771612,0.989981852967339,0.5801048275460182,0.0949465811344624,4,0,1,5
0.006365497294127,0.1463171813777715,0.6952241108709055,0.734724477123808,0.4808979261409744,1.0090328637219903,0.5827187098625916,0.0877465076980386,4,0,1,5
0.0188610969032643,0.1568816823801359,0.6784002999441406,0.7277158187948662,0.4768233867604077,0.9982345673001778,0.5828247752087177,0.0862972912090063,4,0,1,5
0.017959478534483,0.1534313604821946,0.679208039866744,0.7233121577745217,0.4801274282138597,1.001105409088592,0.5871652703155483,0.0849861444530873,4,0,1,5
0.1350993178834043,0.2776233304352541,0.3721007116891462,0.3069336019107966,0.9141873261548914,0.7997598079284484,0.8260613777566722,0.6463293762814131,4,3,1,5
0.140712975450688,0.2726952804417523,0.3675312707377869,0.3016168920178812,0.8968311261546886,0.7928018911068735,0.8075618647703969,0.6644524988354336,4,3,1,5
0.8417349061397879,0.4719025057222216,0.9935489529891284,0.716649191925814,0.6230784985491151,0.4735329432212243,0.5672980282973569,0.3700416046893781,4,4,1,5
0.7027254066771931,0.9969895263396874,0.9974221232934796,0.4722765335846706,0.8700977436675033,0.8361160878776652,0.2946372268332525,0.3859572952785554,4,1,1,5
0.8392728540179496,0.4596127860182291,0.9850364083305504,0.7212246925626613,0.6154615505736281,0.4782740486582236,0.5696981207780244,0.3663668047112329,4,4,1,5
0.0183399872043402,0.1383876615268384,0.6896768337515817,0.7307345543635044,0.4843507928579572,0.9839164956307792,0.5701085844202108,0.0684453475386082,4,0,1,5
0.3856512697935925,0.2507806675536261,0.3542112815633083,0.0377005514198409,0.8226847462079115,0.3118834084126693,0.9795518719466012,0.7416239419255867,4,2,1,5
0.0196883188468066,0.157792001290889,0.6792149528421153,0.7278420616641345,0.475890086453523,0.9986403476209136,0.583886035748429,0.0851884960096689,4,0,1,5
0.8603860670794051,0.4657608118542792,0.96852587962853,0.716801147900598,0.591702424141982,0.4928601298549221,0.5554522113256399,0.3292353656325135,4,4,1,5
0.8540326322784149,0.4717029208220151,0.9969745156449044,0.718430782188955,0.6234842536168734,0.4713693020293997,0.5686090494817806,0.3663374036743139,4,4,1,5
0.0290733059081319,0.1551343002666504,0.6717319439906204,0.7295064620761037,0.4633531624573221,0.991661099215404,0.5739405867927982,0.0901549573256711,4,0,1,5
0.8442790188866983,0.4615619796054742,0.9909537556292622,0.7109498548167229,0.6176221797323946,0.4820164340658177,0.5678364621889881,0.3678851108533463,4,4,1,5
0.8404722698723068,0.466268203571871,0.985253156856644,0.6953188289809562,0.626592674083506,0.4846527331694507,0.5791275161226348,0.3624795129770803,4,4,1,5
0.8557733907825498,0.4604642162007535,0.9934936984361598,0.7068382055464795,0.6239781087699077,0.4692449691220721,0.5771506022677927,0.3728770595281678,4,4,1,5
0.8486560580015559,0.4672937352988644,0.9945423822727713,0.7128207916990034,0.6226631539591788,0.4776539948443373,0.5702631069718674,0.3676166680676695,4,4,1,5
0.0192528833293067,0.1559365169965658,0.6772674171305267,0.7250444018739882,0.4781075294032232,1.0017033274252127,0.5841075169867311,0.0827032486893916,4,0,1,5
0.3849539483641075,0.2468933655096532,0.3518945377844893,0.0284612819095588,0.8226202245963327,0.3152242406051727,0.970190758680228,0.7346956822944788,4,2,1,5
0.1414740283669025,0.2701138365380638,0.3712133026662955,0.3083304697627654,0.9127100350684176,0.7915650266509685,0.8201349550924749,0.6541147636604369,4,3,1,5
0.1398846596467874,0.2667976835634862,0.3664987602268973,0.3056356385085573,0.9117472924237848,0.8024089120966247,0.8347375908215404,0.6503873383299311,4,3,1,5
0.1325749970965622,0.2568014509235698,0.373837052957818,0.3087581119499538,0.9241693730669484,0.7884131773272934,0.8361861036791649,0.6482850993424979,4,3,1,5
0.842392815260837,0.4608310281305003,1.0010792563243374,0.7210933011438834,0.6309885417737793,0.4798851868267397,0.5654250002493928,0.369590757186983,4,4,1,5
0.8458534914065373,0.4660403544382144,0.9899037244957678,0.7152484464620584,0.6196942590649461,0.4769449704080184,0.5643301638796804,0.3644852297453546,4,4,1,5
0.8502515267126834,0.4676231369754605,0.9948234846176456,0.7132981615405378,0.6238477554237516,0.4766700069773647,0.5690940606369815,0.3668637584938528,4,4,1,5
0.1431692009479306,0.2704776907231008,0.3676615021771726,0.3060535869922171,0.909353360397834,0.7907848376890206,0.8217815435418632,0.6551521643359723,4,3,1,5
0.0301792714606785,0.1455173277421401,0.6688752422715858,0.7379212533801272,0.4824939971587708,1.009467174387501,0.5885764837942891,0.091861097733739,4,0,1,5
0.0107202995982674,0.1549563927755682,0.6813102494593408,0.7157020290390719,0.4826074245388302,0.9816462408632104,0.571254169943954,0.0723002526228129,4,0,1,5
0.1293038748490077,0.2752733554762755,0.3821810167578921,0.3037669238690295,0.9059551479360212,0.7808200747631587,0.8127800359423097,0.6531776420860934,4,3,1,5
0.856584650209001,0.4555063731019205,0.9811853675429874,0.719926889165666,0.623742005469743,0.4856854827351475,0.5722362697079808,0.3534777949262636,4,4,1,5
0.8448274654232742,0.4619808067442854,0.9932266975004668,0.7131120972690176,0.61948858458033,0.4759111868288044,0.5731067998073476,0.3698704666601328,4,4,1,5
0.018477221012501,0.1623165266300706,0.6802569146180771,0.7238518180137312,0.4718792900048968,1.0010626089786308,0.5804543478094821,0.0829722314581968,4,0,1,5
0.137282975770494,0.2788549493484222,0.3747557645126393,0.3060591808792678,0.9059855040418828,0.7910048122571621,0.8196372443404706,0.6621289043027588,4,3,1,5
0.1454371572089821,0.2702238885984775,0.3691091714507852,0.3066706722945319,0.9074055403320218,0.7888228743595348,0.8212176643942685,0.654618554149102,4,3,1,5
0.8498911336380821,0.4699178124472303,0.9933947440885494,0.714457917104056,0.625826268247365,0.4770908391852013,0.571278731604711,0.3660764704867748,4,4,1,5
0.1467625134767727,0.2647263927259907,0.3662879708120875,0.3073055622993769,0.9118103717079296,0.7851803642070383,0.8215185853150612,0.6624570217274467,4,3,1,5
0.856968737912263,0.4694464753136025,0.9846265475935472,0.7149080968017388,0.6222986585145536,0.4676431150411719,0.5767847550660629,0.3662287484483005,4,4,1,5
0.8423887658059354,0.4891655374554729,1.011280645467742,0.6968364667845914,0.6415602691899445,0.4529288984767147,0.5727705210516676,0.3477901279716397,4,4,1,5
0.8493277629956515,0.4664987325401878,0.994427905005331,0.7117130955457983,0.6236345414315199,0.4782915586362479,0.5667863390159722,0.3679464167374077,4,4,1,5
0.8437059826348675,0.450862560041552,1.0113342591516925,0.7079040027967601,0.6296922601002058,0.4732785907661895,0.5530212544528499,0.3470201486415378,4,4,1,5
0.1454049700747118,0.2667119356263377,0.3752485161772095,0.3063284213590873,0.9022185911773304,0.7899166992389564,0.8134832859993206,0.6585466051668252,4,3,1,5
0.3910733903108678,0.2517462124149313,0.3591724210577195,0.0366036868414427,0.8303388519001695,0.3150704019589243,0.9740712860468826,0.7382935236552961,4,2,1,5
0.1433538724821754,0.2714422937639321,0.3664439266961487,0.3051467750233846,0.9092135141888896,0.7901208687085264,0.8195970243365694,0.6530554662684184,4,3,1,5
0.8464626009664421,0.4658405572858748,0.9886666185737856,0.7175599237625195,0.6174389023902638,0.477929069219742,0.561904574341731,0.3639572469172502,4,4,1,5
0.8501937809384508,0.468513589762094,0.9941070510984732,0.7128108456052888,0.6245381777045468,0.4767277910900008,0.5677514477117664,0.3663344763756904,4,4,1,5
0.0276976433850651,0.1439505876859821,0.6681648399666509,0.7055788730819543,0.4487821876029501,1.0031688771231817,0.5993867821335819,0.092434120995163,4,0,1,5
0.8638907939313368,0.4810815862733545,0.9938926747097704,0.7163446260189338,0.6170395938419334,0.4873557875567543,0.5748838174508287,0.3825267565601726,4,4,1,5
0.703413305281581,0.9982024372000372,1.0012574872791369,0.4726657252756946,0.8716663276858483,0.8341141869107271,0.2985919926181726,0.3879555723870413,4,1,1,5
0.6994321863685631,0.9973960036550248,1.0024087083752142,0.4767020303786051,0.8714063017379866,0.8379959315452319,0.2965744455242097,0.3846626950724404,4,1,1,5
0.0165384985400113,0.1609457648261098,0.6771794140681705,0.7258144200180833,0.4737830305027294,1.0008609683561,0.582620025485956,0.0833206073701131,4,0,1,5
0.0029571703589929,0.1719511614654035,0.6661145198285746,0.7313881385112323,0.4676826505312937,0.9906449253527349,0.5704878326519421,0.0891218561981761,4,0,1,5
0.1483432082534806,0.2718792937872632,0.3592964089676231,0.3045209180883372,0.902221019208537,0.7858432806617358,0.8159862203423448,0.6519529598351541,4,3,1,5
0.835374173393862,0.4643855353871285,0.99681807191478,0.7244575095532407,0.6195296702710226,0.4884033292896074,0.5608530317804749,0.3549030710835609,4,4,1,5
0.8581954255613702,0.4640703335063232,0.9911870547703472,0.719243285576932,0.6195960551877235,0.4739836104723747,0.5748500869444202,0.3616218246106387,4,4,1,5
0.0143784404848096,0.1548053487022461,0.6854722246007774,0.7220329428298317,0.481602332347092,0.999868792162926,0.5761923603210686,0.0778076790713987,4,0,1,5
0.8508858887846127,0.4655958355072862,0.9920505584155804,0.7127385352289062,0.6249214195007504,0.473671025624892,0.5655293708392116,0.363081045380868,4,4,1,5
0.1412249095311302,0.2778975578417191,0.3572564986303218,0.2961467253156651,0.9099052952936542,0.7840458516317228,0.8209555001666801,0.6561932827310067,4,3,1,5
0.8338351067167058,0.4530117239482487,0.9917336928309394,0.7024860173408404,0.6156685813114308,0.4755410773182201,0.5714012867814335,0.3662684571542183,4,4,1,5
0.0097900092419049,0.1500916255102722,0.6732044804505278,0.7209183280158873,0.4619226535952057,0.9995356426582588,0.5791336162255744,0.0775236552736099,4,0,1,5
0.8498509713810872,0.4692799516293748,0.9942498481427874,0.7125587705044399,0.6248823492133228,0.4765829508811707,0.5666207750671237,0.3660761331683705,4,4,1,5
0.0129494649132631,0.1534040383567382,0.675666149993639,0.7210331110497,0.4674041519435774,1.0048235492753474,0.5786373872114723,0.0795629407261015,4,0,1,5
0.0157142385356589,0.1588186695873241,0.681485245943883,0.7262369535993125,0.4742185460168527,0.999966879871754,0.5820878745270578,0.0882163269778215,4,0,1,5
0.8502558117178667,0.467573877262905,1.0006866357035795,0.7063430399687898,0.6295089061514468,0.4783551325456842,0.5705844985628143,0.3711641831245186,4,4,1,5
0.8495815945905831,0.4672620396306024,0.989540486070623,0.7155588507439676,0.6244396979753001,0.4775012595583723,0.5649591236904845,0.3692908457819683,4,4,1,5
0.8603972746056099,0.4563988474990059,0.9999279916248875,0.7150202983012046,0.627374620707085,0.4736434172817225,0.5570679711615403,0.374886918708497,4,4,1,5
0.8467307317912102,0.4649249990304777,0.9879029632423808,0.713881334106075,0.6291708526045,0.4699085976517668,0.5654230586129769,0.361810594024527,4,4,1,5
0.8497252475468632,0.4683272144498734,1.0047720090767098,0.7270593873281668,0.6294630453318109,0.481767382731613,0.5772007494907674,0.3819964771945379,4,4,1,5
0.846224734225674,0.4716563766538603,0.9913142703876854,0.7062310295642387,0.6293253709982003,0.4778891892206236,0.5655598881177857,0.3628931409894257,4,4,1,5
0.848743723971308,0.4745475157367498,0.9846663746140544,0.7210727057038648,0.6232387255263495,0.4757621335502383,0.5726001678541103,0.3621154821832578,4,4,1,5
0.0124869107188254,0.1574575468177752,0.6751688137395563,0.7297195625423926,0.4669208855221216,1.0042411518538497,0.5884011930199828,0.0838770860579766,4,0,1,5
0.0182307330947289,0.1556331654002022,0.667056479381404,0.7123554055320132,0.4639180194577117,0.9870368988308372,0.570454982216012,0.0758765281605494,4,0,1,5
0.1231719344200676,0.2938845088239213,0.3576470681862259,0.3177977019630537,0.9214350365112426,0.764154886551008,0.8341240813465416,0.6407289453268463,4,3,1,5
0.1378529592421065,0.2777499746821805,0.362587244193772,0.2944692208754079,0.9066658497387616,0.7988490267069782,0.8233571139774071,0.6567565149596877,4,3,1,5
0.8479174424247367,0.4747723285162837,1.0002374623934611,0.7036635971537196,0.6219846897119629,0.481211442651043,0.5716153229940366,0.3597018776583501,4,4,1,5
0.0189490021158451,0.1594484571213677,0.675897400216537,0.7249373652271053,0.4727800306522319,0.998465928911684,0.5859129738622536,0.0863247820737611,4,0,1,5
0.0169074444710368,0.1605247117675093,0.6795468062094716,0.7260723068538198,0.4773263013755403,0.994604991783231,0.5860310736175287,0.08820122751158,4,0,1,5
0.1477705958164913,0.2675620448661795,0.3637303022669441,0.3006280697366167,0.9060618387042896,0.7858791399308217,0.8218347020755895,0.6540842155564975,4,3,1,5
0.013528648497708,0.1501269870709379,0.6745593212385573,0.7222011328859096,0.4611848201925317,0.9938854920390242,0.5877827064971468,0.0793657094867001,4,0,1,5
0.1470344316521626,0.2741210194353607,0.3655315609955766,0.2992575520852181,0.907299611852936,0.7904763528698278,0.8275382885770305,0.6484643657016725,4,3,1,5
0.850295676754606,0.4691077863675201,0.9927815283634824,0.7123252578302858,0.6251126285418493,0.4766804909040395,0.5656524387633467,0.365887931761213,4,4,1,5
0.1444927301608543,0.2516682416133445,0.3540757249658002,0.2935701248652596,0.9216482825376148,0.7769714945184001,0.8308716159695192,0.6552310846593395,4,3,1,5
0.8786862992282514,0.4575934095382925,0.9850591719229688,0.7371367253512169,0.5910707810744144,0.4729194642457668,0.5735714616929912,0.3688384158786547,4,4,1,5
0.8456520834308721,0.4788599453461312,0.9879415797883516,0.7055091025260685,0.6143490943310425,0.4660107536671019,0.5770735884253234,0.3652369016349278,4,4,1,5
0.8554263345919616,0.4730422299189665,0.9930931692129716,0.7096913590337337,0.6236666396255937,0.4788547013899019,0.562116204453081,0.3621505577207467,4,4,1,5
0.8512895898326579,0.4693575814800442,0.991196389673938,0.7125600128384452,0.6244613223615432,0.4781199742342122,0.5652775372896788,0.3654872050178372,4,4,1,5
0.0103832044753143,0.1622115437351808,0.6820884057586032,0.7264413237925587,0.4710843118478371,1.0006325858937846,0.581653724034047,0.0813716216854339,4,0,1,5
0.8538348689450261,0.457609245056067,1.010646522304698,0.7104403923171754,0.633715499271996,0.4955430377207149,0.5858293767091112,0.3603974916020211,4,4,1,5
0.8549213339963897,0.4686700744962245,0.9927058670887092,0.7089814265810923,0.6272593608480193,0.4803904222094961,0.5640008109387783,0.3638086522304598,4,4,1,5
0.0349574167881746,0.1807284349672767,0.6771713855527192,0.7279794961125111,0.5008034905352192,0.9884889260579834,0.6000027208881464,0.0768007055146349,4,0,1,5
-0.0079330416832053,0.1420138130937599,0.6721536033398405,0.6974318794065119,0.4693184571652103,1.009924083551993,0.6127487948676336,0.0703945604335343,4,0,1,5
0.0066393354440561,0.1753866770899167,0.6899783928189324,0.7381841604599841,0.4560559849581227,1.0041486119679484,0.5973272989284054,0.0908046389515721,4,0,1,5
0.149095210529902,0.2708566958224626,0.3680311516455027,0.3012168625987697,0.9052787365299626,0.7893045478123114,0.8150376055469833,0.66079660348487,4,3,1,5
0.0001461424630427,0.1501460193671832,0.6873040168291294,0.724769953242241,0.4709134367406288,0.9993825713571738,0.5735320870859539,0.0846270211253292,4,0,1,5
0.4048457415800462,0.2666178159960091,0.3362226146558095,0.0328297043594223,0.8158372799000412,0.3114705363480697,0.9596683426376892,0.7342474979624818,4,2,1,5
0.01019129411452,0.1482616091091931,0.6710471667262223,0.705757520863361,0.4875610308461657,1.0188488890150935,0.5943473983955442,0.0718080035775395,4,0,1,5
0.1432926065609418,0.2794798685742867,0.3573879466548423,0.3155513733143408,0.9054942195032666,0.7757301849514654,0.8217615870418272,0.6479417436044067,4,3,1,5
0.0102270647438352,0.1679119372351779,0.6857437147206816,0.7331913964618816,0.4750706612678181,1.0056007210889275,0.5838245765614654,0.079719972575753,4,0,1,5
0.8629671917331917,0.4897551551183897,0.9933013175270716,0.7293611963688882,0.6256209359161401,0.4920236939672622,0.5858124246564228,0.3703614936176332,4,4,1,5
0.8233701944656854,0.4610564929361891,0.986698569742736,0.7247632231540132,0.6196229827445823,0.4514134990137802,0.569858471789799,0.3777024651661697,4,4,1,5
0.8383664164799532,0.4691382112016818,0.979146282674088,0.7056285280344355,0.6386886704355788,0.4761938653750073,0.5783670763256504,0.3746334161946975,4,4,1,5
0.012539265060856,0.1624047479632263,0.6781419420764512,0.72109426134665,0.467180160251796,1.0003608181534438,0.5886693570626282,0.0862387770864925,4,0,1,5
0.8487267922840634,0.4689072152268496,0.9895574977631384,0.6953180611727037,0.629292668269114,0.469626858120062,0.5783187245911106,0.3718391321905619,4,4,1,5
0.1368159481498232,0.2653586153653359,0.3556576809295513,0.3057318344630077,0.9114934142524728,0.7963294459836936,0.821872386807443,0.6564480745771312,4,3,1,5
0.018226146234319,0.1582932392723929,0.6757094148112538,0.7205843542703793,0.4686006900007733,1.0012250541300345,0.5848947993284629,0.0806750870762843,4,0,1,5
0.8577872704075835,0.4784536011979297,0.995875356682551,0.7150989584307825,0.6141405801104883,0.4659122332689657,0.5751338030985969,0.3683958418650666,4,4,1,5
0.8545248233865478,0.4571628534498013,1.006407245895321,0.6955479359383072,0.5984946813904815,0.4731505040784953,0.5420769695680961,0.3685655889776076,4,4,1,5
0.0118384275075602,0.1670464422319297,0.6774761608409973,0.7195544849464681,0.4671574621351101,1.0033848757870647,0.58449815816817,0.0898213004865317,4,0,1,5
0.0143557882034075,0.1627117184385662,0.6788274544592359,0.7010014205981081,0.4819563610042336,0.982345568434916,0.5925707157942368,0.0773001554258801,4,0,1,5
0.0121375790872356,0.161166130781094,0.6813963959184758,0.719421031177327,0.4711241887921725,0.9981775890961174,0.581782012101353,0.0803720384351277,4,0,1,5
0.0395318043434945,0.1708660698737574,0.6611263005945107,0.6935837873526168,0.4842991435249448,0.9967947573214252,0.5996866045509132,0.0727980429019998,4,0,1,5
0.390345196351057,0.2422644437709434,0.3567366613652156,0.0389086270091251,0.8283482860772042,0.3109621966537055,0.9686000243847898,0.7402782435859867,4,2,1,5
0.8540254049894165,0.4658375291042024,0.990043196360539,0.7064679182839249,0.6274646362424916,0.4782924103752584,0.5630728076550171,0.3628171623422182,4,4,1,5
0.003646311999896,0.1651077537589304,0.6694092489102035,0.7329910467944712,0.4682462430462621,0.9986416468315276,0.5836776481794901,0.0768358766091489,4,0,1,5
0.8333318210380344,0.4702800067878233,0.991893131701286,0.7177863476044286,0.6246986411162249,0.4744561612988875,0.5720023976230477,0.3706722795779079,4,4,1,5
0.1423633350626598,0.2708626629772698,0.3692085169441479,0.3065771866469709,0.8970739868324402,0.7986303990171356,0.8116741757223261,0.6619477379631404,4,3,1,5
0.8577747172497425,0.4652899776881545,0.9952533681903076,0.7141592621465835,0.629471647654876,0.4799541748006127,0.5694247017507383,0.370497765884409,4,4,1,5
0.8464404650078615,0.471293115512575,1.0060125890388516,0.7129239728772668,0.6349900944864053,0.4848865169625649,0.5619000986782624,0.3601705564326199,4,4,1,5
0.1497093294726979,0.2675139499270684,0.3666465743562005,0.3042463236038098,0.9061512247761072,0.7893647054659421,0.8183475787833103,0.6554524595455706,4,3,1,5
0.1446618554937059,0.267838549703258,0.3668378025269787,0.3046042765412991,0.9081178527650112,0.7875265108383167,0.8197044208578116,0.6581561240394125,4,3,1,5
0.8651988288113287,0.46937547074956,1.0077886206015958,0.714895298264969,0.6353188435278841,0.4789232833266495,0.5795887579806334,0.3683493667964454,4,4,1,5
0.0164388628653096,0.1675844998323036,0.686026047000388,0.7093072583390044,0.4600371087737585,0.9944544225792415,0.5936979142959483,0.0685983626436355,4,0,1,5
0.8516726456183004,0.471909797463458,0.9913916755885368,0.7103303551477129,0.6271158772568833,0.4786278499356413,0.5611530681634881,0.363980796668873,4,4,1,5
0.0096962130998016,0.1694589404788875,0.671979621638162,0.7320052786861972,0.4764021354643247,0.996277317257514,0.5777860066084339,0.0889027390762167,4,0,1,5
0.1444880099466094,0.272030865384852,0.3645332561846987,0.2999307832683202,0.900067263533253,0.7923142583918963,0.8167554188806897,0.6559308725869487,4,3,1,5
0.0109849058382405,0.1636773555343542,0.6753712282607094,0.7207464120842599,0.4642658172588634,0.9955339413460796,0.588576489508967,0.0839145879805561,4,0,1,5
0.8448044567347279,0.4783394100595828,0.997986994287527,0.7035172741963546,0.6250234488342199,0.4778398813952079,0.5551040128464511,0.362365442252533,4,4,1,5
0.010358171270483,0.1634736386987822,0.6752373771055873,0.7278075294634706,0.466075961886596,1.0034238483830105,0.5841494182458836,0.0827805064166088,4,0,1,5
0.0120996047125487,0.1648499176880474,0.6764930743894337,0.7239958739644398,0.4706320823662878,1.0022062515497825,0.5888425008543072,0.0830094383956521,4,0,1,5
0.8367545037216748,0.4629492569964683,0.9858807677057722,0.7186556313017579,0.6379797639262771,0.4652315420580403,0.5513287885617648,0.3761895854231448,4,4,1,5
0.7009159586958583,0.9972496207552216,0.9986435112773026,0.4775910701155664,0.8737651588399947,0.835792303658519,0.3017583373721367,0.3906836606654493,4,1,1,5
0.0255740264196208,0.1724459372130667,0.6797866356775941,0.7322103270927292,0.4643934427447559,0.988977421835008,0.5805959919465095,0.0867095563354587,4,0,1,5
0.0146090823107258,0.1612694972666133,0.6795730873659279,0.723956221930729,0.4659631472241674,0.9990066138216768,0.5868156734732312,0.0834896697356578,4,0,1,5
0.156100907397312,0.2737164400537452,0.3923069911412437,0.3049328078432768,0.8764170200539144,0.7839751798239055,0.8177202029488222,0.6835632517318179,4,3,1,5
0.8317748472593289,0.4595171664657915,0.9974527571682188,0.7163224967446884,0.6397701239851469,0.4678622475708566,0.5388927033920432,0.3748743226562822,4,4,1,5
0.0145970732742167,0.1591114219534891,0.6756598541523466,0.7148623800320023,0.461701898425988,0.994198909885614,0.593904334390843,0.080279191958427,4,0,1,5
0.0181840084924256,0.1555514702821485,0.6653042996757097,0.7352661875491798,0.4461405443832427,1.017171977684828,0.6031254088078204,0.0832772582230228,4,0,1,5
0.8745572741373768,0.434348424231274,0.953046591071401,0.7220524740271238,0.5982756264964058,0.4711243182208902,0.557357900318177,0.357609776597561,4,4,1,5
0.0055402159826994,0.1391902989008538,0.7041877106771441,0.7132384215719872,0.4959011960046797,1.018306265191351,0.6127305871904383,0.0942973555259639,4,0,1,5
0.84817005772042,0.4743719284085969,0.9898314119701196,0.713333597571208,0.6299031826824167,0.476158355223564,0.5642667032046452,0.3686240658999537,4,4,1,5
0.0081546880072719,0.1496991887366134,0.6724607098194143,0.725082048159486,0.4718532599893058,1.0094788616555663,0.5865325284588152,0.0813536481602767,4,0,1,5
0.0348524738439075,0.1390017421423212,0.6514654966746096,0.742036145728647,0.4719334048331318,0.9757569641693286,0.5651221036057757,0.0710869882703364,4,0,1,5
0.0151088719933237,0.1635023195855268,0.6784591221049074,0.7221753959210552,0.4663204641467013,0.9980739141383924,0.5862222542307005,0.0814277260565541,4,0,1,5
0.8320485544594433,0.4791092610503529,0.9764887032290482,0.7154206502144007,0.6086005115210659,0.4723306519804107,0.551384381219372,0.3654707227659093,4,4,1,5
0.3902231728423846,0.2468607015445955,0.3605251344332263,0.0382999713699676,0.8228098573621405,0.3190394754594177,0.9699304928173308,0.7400568088549382,4,2,1,5
0.6982762812119467,0.990933810051127,0.992949180271449,0.4781108678470809,0.8672582753123287,0.8390188590629629,0.3060928149368999,0.3924524714131003,4,1,1,5
0.8520779301571465,0.4723523543450193,0.9887143889063226,0.7097065569826204,0.6273423633860339,0.4775619189871186,0.5608813578954313,0.3656674058057648,4,4,1,5
0.8525159693758889,0.4705334197026685,0.9885269540488903,0.7108492160409567,0.6280177729428127,0.4779552805536766,0.559534163867838,0.3657709782365402,4,4,1,5
0.0114228121284324,0.1631871223117493,0.6750883959316788,0.7184410555334626,0.4675185383305829,0.9937752676548032,0.5888011790569968,0.0858329849765854,4,0,1,5
0.8574857695303998,0.4710819575157683,0.9970260386821608,0.7081903137229495,0.6197067038129073,0.4720186603731334,0.5515927761126219,0.3569319461534798,4,4,1,5
0.0018209720979754,0.1572398977027919,0.6714958394072968,0.7088636949453242,0.4451892928984422,1.004027810773544,0.6133231910698846,0.1060108731682148,4,0,1,5
0.0133681027637623,0.1606267699600138,0.671849311787173,0.7153893491195458,0.4675686001440222,0.9976187765379,0.5911093324176179,0.0804868075354953,4,0,1,5
0.8571102399386383,0.4540861416225042,1.003774554299586,0.7209956498695738,0.6224307942603863,0.4877766886169372,0.5645193432931893,0.3496086639515292,4,4,1,5
0.8497917474834129,0.4791469522388827,0.997550374446766,0.7067872592829116,0.6239197907216051,0.485250866344777,0.5619854444881333,0.3733202142983301,4,4,1,5
0.0110759966548248,0.1597560345300742,0.6811335157769391,0.7193144017810356,0.464320841677467,0.9937299113941662,0.5893711373659885,0.0773908171605235,4,0,1,5
0.148699801604729,0.2667527679615602,0.3668860528487467,0.3050219551069306,0.9003538616600971,0.7829033569845503,0.8155637417000413,0.6527646023208978,4,3,1,5
0.8704489040521215,0.485445878044108,1.00131832771369,0.7151313957806958,0.6077455413702734,0.4688581700665689,0.5594383895458699,0.3734614281828401,4,4,1,5
0.8512067780415312,0.4716511982226143,0.9892792371697038,0.7104365993636531,0.6291543630032552,0.47842799551011,0.5597089926126947,0.3661398772264352,4,4,1,5
0.8393940196940263,0.4616789646368934,0.9902526206863552,0.7106746687306955,0.6140275757006014,0.4981473492646454,0.5416330378381773,0.3772920145002013,4,4,1,5
0.1495728186980389,0.2613478167756805,0.3529797575719687,0.3005073571636645,0.9151533042200828,0.7837726192695403,0.8156752420696406,0.6512002780892133,4,3,1,5
0.0127943114652542,0.1628879999645177,0.6793914397596958,0.719677565637846,0.4653716780915478,0.995775536005122,0.5888413667001791,0.0827257543964909,4,0,1,5
0.1497857125997786,0.2645407547377305,0.364300173809086,0.3006895120793646,0.9031076293888662,0.7873922963316279,0.8182805066778744,0.65663096411135,4,3,1,5
0.0191035147508913,0.1769694988730673,0.6789609830657964,0.707221431452616,0.4569630368882089,1.0171405824897664,0.5746122573237018,0.0777967088900747,4,0,1,5
0.0479449120862797,0.1780493832081601,0.6459699096258864,0.7123981439880891,0.4695214089874018,0.9978185273270964,0.5761935942442505,0.0488616919898205,4,0,1,5
0.859957679928528,0.4604784926875085,0.989908648384162,0.7200450276055111,0.6328686091352805,0.497186249882624,0.5434367462791017,0.3647275736799436,4,4,1,5
-0.0125691657460149,0.1889588334897475,0.653985971832745,0.7424680413921909,0.443181193110647,1.004611788804053,0.5861856288189559,0.0848588191474582,4,0,1,5
0.0118420678184195,0.1643827436345448,0.6780334762723513,0.723779126734678,0.4648812854270571,0.9943477640773208,0.5917961587456724,0.0763579298508123,4,0,1,5
0.8520649438836924,0.4714386043235407,0.9893412185325712,0.7112254364504028,0.6279270645186319,0.4774380998229731,0.5581397953411443,0.3654010408746672,4,4,1,5
0.0158041970391636,0.1686943719604541,0.677006154678522,0.7200646074542965,0.4698319688896547,1.0017363630591192,0.5964864929087372,0.090036367993452,4,0,1,5
0.8524486146491184,0.4716286071288631,0.9879418518508072,0.7104037537299286,0.6280925901264145,0.4776339787753297,0.5588015735607506,0.3644605767034677,4,4,1,5
0.8592945638210291,0.4605860867960045,0.9990941720780472,0.7073781897992718,0.6254796273000617,0.4745061610401306,0.5664404478678237,0.3647429774565475,4,4,1,5
0.01600676993276,0.1651205791372643,0.6828823496283097,0.7276472145373276,0.4603223714274491,0.994017952456375,0.590367070335127,0.07307906239763,4,0,1,5
0.013357887699965,0.1620694315326586,0.6769758182137225,0.7237457617791964,0.4624947649568378,0.996250400073146,0.5842777319308038,0.0804460192441712,4,0,1,5
0.1490774170065122,0.2702367427084944,0.3547094624686787,0.3089549338688541,0.9009799842203564,0.7845559236800611,0.815948455898267,0.6636249892645856,4,3,1,5
0.0142962553211926,0.1642465457934754,0.6782748329640547,0.7214804738069276,0.4646850913235341,0.9971549943088772,0.5869521229450844,0.0812653371578323,4,0,1,5
0.0003724600977499,0.1714553583428679,0.674928318323285,0.7071546357631533,0.4607360060859484,0.9840065392676172,0.579146578481725,0.0693063889939573,4,0,1,5
0.8452640978256082,0.4632572785203732,0.9845084203020008,0.7158366690666109,0.6196827968654067,0.4851813868051834,0.5572223238403347,0.3663393989747568,4,4,1,5
0.8534030988290195,0.46616894790949,0.98528415204427,0.7036320650770109,0.6376921367589986,0.4823185311613752,0.5639832652397158,0.3564043213902457,4,4,1,5
0.0187204888890171,0.1683130638683724,0.6850927750991388,0.7159366738525056,0.4681851669566538,1.0000431663082654,0.5857761912980048,0.0834549819832599,4,0,1,5
0.014161469420449,0.1643866016494291,0.6779174076412423,0.723206631450863,0.4667634041030228,0.998690141676802,0.5851405306859712,0.0812834936959379,4,0,1,5
-0.007237063636877,0.1416258412656239,0.7056278727073467,0.7618564287743089,0.4322177184968702,1.0069628807945803,0.5921196293543145,0.0880036653800548,4,0,1,5
0.8523430843229495,0.4709638410252245,0.9868171763380904,0.7096748305497104,0.6288194516525698,0.477791873295003,0.5585107659556454,0.3654375330964107,4,4,1,5
0.0128602053943148,0.1631716769202444,0.6810286778261363,0.7255067126430197,0.4686157312250448,1.0001598195068286,0.587915662259563,0.0822643262661791,4,0,1,5
0.8486287834139685,0.4699228554793982,0.9876079646545723,0.7067463657407163,0.6278097392103226,0.4723814587281988,0.5638843557499786,0.368930707852115,4,4,1,5
0.8499658053046831,0.470051039575053,0.9989886044520258,0.7020727611733257,0.616099351433115,0.4781334908634801,0.5637421883725452,0.3779100517939523,4,4,1,5
0.0153712262819142,0.1658677674602329,0.679144516113962,0.7201892870764461,0.4641257211327322,0.997585959681546,0.5863334029182765,0.0812603208472861,4,0,1,5
0.0179236002143461,0.1629074102586805,0.678499014313214,0.7168468917940315,0.4744384003767104,0.99597299097425,0.5772862287725352,0.0695429491276325,4,0,1,5
0.0143541648960342,0.1651592282195895,0.6782109006357567,0.720954401646864,0.4639684442582555,0.9964029576651928,0.5870127616280142,0.0808297359611392,4,0,1,5
0.8501482724611034,0.4839993543490534,0.993734756732598,0.7217788332609381,0.64060501226477,0.4701376501395402,0.5691881958767168,0.3765646761652742,4,4,1,5
0.8523051150265951,0.4715047912869631,0.9874436764944168,0.7100796303821261,0.6295685869672023,0.4777676914294683,0.5573454914310384,0.36451571235968,4,4,1,5
0.6975914218951998,0.9946863523553118,0.9947244475805812,0.4785114477911941,0.8725947013721204,0.8348600568556245,0.3056693017064392,0.3965538012679127,4,1,1,5
0.8494592700316379,0.4666960794202884,0.9994824875016656,0.7160719080915299,0.6381016801411782,0.4737908428188587,0.5596132299002735,0.3766734453451957,4,4,1,5
0.8486811383537332,0.4770682388804686,0.9817621152009984,0.7072895738786438,0.63511675832401,0.4847221172296634,0.5508311972684186,0.3590230382368763,4,4,1,5
0.021711848853626,0.1905004679202642,0.6911953266655734,0.7072426289059799,0.4769648893140764,0.9833637709784316,0.6055047359549227,0.1011137319642293,4,0,1,5
0.0287419340480373,0.1575420657027356,0.6626952801672062,0.7320967433351252,0.4771351588851463,0.991189104716163,0.6022973485459231,0.0912599442239524,4,0,1,5
0.0142311012681619,0.1650552965375252,0.6778627476839534,0.7204842553469624,0.4630903139623468,0.995964215260051,0.5875264516810889,0.0804865889014466,4,0,1,5
0.8364287824639765,0.4864158253174107,0.9849279955046484,0.6966189649988953,0.6247404349105108,0.4662959030566011,0.5759435774356304,0.370439483632092,4,4,1,5
0.0155357811834415,0.1654376645684224,0.6811950963285339,0.7194929840396536,0.4622774040523869,0.998467404893656,0.5839012317373315,0.0803908741351201,4,0,1,5
0.8191524252516602,0.4405060029847321,0.9917637263553324,0.6967183692147894,0.6064760472043019,0.4800545925610904,0.558683475549936,0.3934834688781579,4,4,1,5
0.8582983835805147,0.469773714628705,0.9956463798003964,0.7166567964049978,0.6316813821611575,0.4755667523722896,0.5500569638596896,0.3556430595050909,4,4,1,5
0.8471523076511178,0.4787407151632728,0.9947524940490514,0.7018782785482732,0.6354700652819995,0.4849795872834705,0.5523783740024516,0.3662481286143708,4,4,1,5
0.1460634488914635,0.2661085078578851,0.3651983595625266,0.2962920143622379,0.9021131846232592,0.7846921817885891,0.8226330909070839,0.6516119616848592,4,3,1,5
0.8547918592395217,0.4708333016825103,0.9848458457782258,0.7072845334384585,0.6319151078239414,0.4752512961861109,0.5580744110480839,0.3641117296327062,4,4,1,5
0.0133828452137493,0.1646798523343268,0.6784382027559247,0.7195917549356925,0.4628033426497512,0.9951145467982432,0.5872006259092325,0.080691259418755,4,0,1,5
0.846008570259885,0.4743033556693724,0.9898582565866124,0.716316795363119,0.6333849517705711,0.4777401196643586,0.5592688750241646,0.3586737474548706,4,4,1,5
0.8528893121073657,0.4700502196210924,0.9894017881032304,0.7090382802147314,0.6296934729608357,0.4787680067144584,0.5556887836593443,0.3668260377883091,4,4,1,5
0.7084403527927803,0.9913952790359029,1.00633054518262,0.4848128393480282,0.876818093156609,0.8354270762382817,0.3142526758958295,0.3948549574185891,4,1,1,5
0.8452177195807414,0.4714281802794201,1.0005599158642693,0.7084560425803699,0.6066595930327725,0.4663792170969728,0.568671842036347,0.385900909737269,4,4,1,5
0.8570693673253934,0.4771937996395173,0.9924080529170124,0.7148809281802366,0.6316731635457545,0.4807292574768557,0.5556127443286641,0.3674108791077067,4,4,1,5
0.8481395628782148,0.4645874505336126,1.032712339384694,0.7122044687519489,0.6035895865017691,0.4945141683338051,0.5769155065764193,0.4109301115241853,4,4,1,5
0.0168829123750696,0.1643757008419854,0.6830446360980432,0.7171089301078124,0.4612485834082265,0.9953706598019192,0.5825499747900442,0.0794956894139204,4,0,1,5
0.0173074257493495,0.1603961408889105,0.6761352330075596,0.7295053361568997,0.4498940471560368,0.9975048242925206,0.6079400864713862,0.0986631333083664,4,0,1,5
0.8736622889406931,0.4811834169124869,0.9681177515707426,0.6866315449213002,0.6467483364622431,0.4532518242487733,0.5513867372746671,0.3705645386506869,4,4,1,5
0.852310290044069,0.4715932297439646,0.9879201489572056,0.7112813997056596,0.6303000851833067,0.4784091470657131,0.5550339050411844,0.3639108129883971,4,4,1,5
0.0163545935856378,0.1695616966022118,0.676372222087666,0.7223284687529297,0.4599640983485142,0.99397331753761,0.5845972037972761,0.0837450442832051,4,0,1,5
0.1523135385112613,0.2598354942097323,0.3578501758489812,0.3011653193906924,0.8930922376643051,0.7812128485144717,0.8116262255107648,0.6609237547711404,4,3,1,5
-0.0039478709135663,0.1470582118548426,0.6631663138664138,0.7165376283185984,0.4599525412906233,1.0123453892863268,0.5760708101791634,0.0859921280740435,4,0,1,5
0.0166815472187987,0.1607865124384556,0.6753374152569347,0.7291212116087645,0.4628591604511834,1.0056919582015935,0.5885085273721788,0.0790315051791045,4,0,1,5
0.3992824582553148,0.2436759886905818,0.3579776276281335,0.0437671643682839,0.8248668714576819,0.3194863392126905,0.9655842305379736,0.733951331996125,4,2,1,5
0.0147015895148025,0.1665915378233096,0.6790747831812419,0.7224527065152329,0.4595169300328212,0.9981293136160622,0.5868207296052277,0.0801384826099244,4,0,1,5
0.8483626702214134,0.4775931087391533,0.9850559696548314,0.7053586883910292,0.624527223303585,0.4831349793182226,0.5617295367669412,0.3572974047571451,4,4,1,5
0.0261351924792561,0.1505105541640858,0.6704678964650421,0.7296876254699581,0.4645698198556949,0.9848946824261764,0.5948527444400429,0.0669598449953411,4,0,1,5
0.8538321094648259,0.4726940201716255,0.9853936856144492,0.7092619048781705,0.6306777817011547,0.4785690588686588,0.5535835413395879,0.3629998977016184,4,4,1,5
0.864862185993359,0.4651217197594057,0.992661105041821,0.6953864609526448,0.6330173752347892,0.4869068330554596,0.565124702303148,0.3675346162221297,4,4,1,5
0.8558803996268362,0.4705648928904429,0.985913226268035,0.7048830297034793,0.628666588956664,0.4820748744076097,0.5522941128984635,0.3620427852071332,4,4,1,5
0.0106546839480779,0.1612349910935766,0.6752342629129486,0.7135304433474626,0.4625255953735507,0.9927601197098124,0.584695448337973,0.0761869362090802,4,0,1,5
0.8547191185665233,0.4675806756998398,0.9815516568426702,0.7088569288157333,0.6312784424689318,0.4819590766834,0.5589671518604356,0.3612238798742483,4,4,1,5
0.0113199547689612,0.1632253216850758,0.678322690213808,0.7174829611589382,0.4561678572216378,1.0001399418323138,0.5843044081735225,0.0820842159828684,4,0,1,5
0.1540128355159859,0.2615158692699993,0.3655595765793276,0.2981237434525846,0.9002385918719766,0.7859114755643402,0.8155304351530428,0.656193271760062,4,3,1,5
0.0116810028210889,0.1700167491600283,0.690614331706405,0.7271383088843438,0.4804074501594041,0.9958798991559734,0.5966268707788859,0.0848674139159748,4,0,1,5
0.0141622862460829,0.1678009849149046,0.6783227916379182,0.7194190045273778,0.4605022603169404,0.9940329314125944,0.5877699663924272,0.0793789527994601,4,0,1,5
0.021007434010198,0.1478576129271187,0.6845515497589945,0.731036516480261,0.4557112430323093,0.9742907403789502,0.5615565321615826,0.0846788760943392,4,0,1,5
0.0040317293181277,0.168238660417947,0.6720663713570159,0.710651468549116,0.4549737628708923,0.9975150635060748,0.5957166532387679,0.0765618829919257,4,0,1,5
0.8604509857947099,0.4692399284322818,1.0058049362958594,0.7170522462193061,0.6193838323807848,0.4570280156573534,0.5302457636124843,0.3420456703993933,4,4,1,5
0.0278319144585382,0.1875006208825914,0.6780778702075677,0.712203284267131,0.4501444601996796,1.010095052622685,0.5915831258156053,0.0994872930554611,4,0,1,5
0.139054630389617,0.2564326354860494,0.361410873887437,0.3075578072961318,0.9097624053623576,0.7705759115027582,0.8268000605905798,0.6290826365481189,4,3,1,5
0.8489518619230924,0.4841845068473974,0.9896310891671626,0.7182079749879766,0.6286685470731149,0.4727774708769394,0.5495241506681817,0.3593941644915598,4,4,1,5
0.0113591482940253,0.1647613352530128,0.6877412878524477,0.7112324935349392,0.4561904885092223,0.9970169171579718,0.5808841658309365,0.0801777828238937,4,0,1,5
0.8565095048350114,0.4837614003516595,0.993590638708026,0.703373315505602,0.6239709500270758,0.4832122881059105,0.5443518387030057,0.3663707312707339,4,4,1,5
0.8494748463573797,0.4780871033511932,0.9823333714905288,0.7138444369049132,0.6289457731833094,0.4747515492260699,0.5490256959836854,0.3645517559301955,4,4,1,5
0.1579427422171201,0.2574378052727279,0.3847327540942596,0.2765189758336347,0.9076948129347848,0.76324301745789,0.8065748147365871,0.6292079401352672,4,3,1,5
0.1540651002585631,0.2590172764267628,0.3572596334422506,0.2940339373397453,0.8915250502844432,0.784090917432442,0.8094011249466503,0.6622300380281125,4,3,1,5
0.8742427999633865,0.453840345664616,0.9906496057127742,0.6946573800728906,0.6231024219186534,0.4751815172636434,0.5490986209338898,0.3413273196347708,4,4,1,5
0.1540630562736186,0.2608927941420524,0.3622641523863377,0.2976427064935934,0.8996582535678588,0.7851867888267194,0.8152926020688892,0.6581491517658055,4,3,1,5
0.1544146909441639,0.2629290096118024,0.3654008512342382,0.2989046025869518,0.9004433641949808,0.7844210909381482,0.8190851538076003,0.6553312193119023,4,3,1,5
0.8659165245868252,0.4899252979397436,0.9702551006073116,0.6909942777638689,0.6208873880560163,0.4808121530987846,0.5647299477732266,0.3504348361706627,4,4,1,5
0.154089498384655,0.258737242978368,0.3624333859394454,0.2955663377133069,0.9007088946341852,0.7870798173144605,0.8173437532070769,0.6582378705733349,4,3,1,5
0.0127544969172929,0.1677220353483095,0.6777837752400266,0.7215391136376967,0.4576089086680106,0.9954873443055456,0.5877332898788654,0.0812403531714838,4,0,1,5
0.1672046217940322,0.2755056931114849,0.3652064061733826,0.2812594518276187,0.9024235277917596,0.7901375111518858,0.8324798824952466,0.6451790809568039,4,3,1,5
0.4002986312697717,0.246731686247165,0.3729015362678441,0.0505046304235662,0.8109072409956354,0.3480811593620249,0.984174660996399,0.7376543099293843,4,2,1,5
0.8642933164460569,0.4871699166359551,0.993302994848598,0.7216204314574965,0.619330839417672,0.4770204238571889,0.5734063184229533,0.3480103928058374,4,4,1,5
0.8549132581231124,0.4753961271328203,0.984658259882102,0.7098705582057566,0.6301887948138175,0.4809608853268549,0.5531222091353193,0.3683598904358026,4,4,1,5
0.0105176312287402,0.1725184804529267,0.6768131733726747,0.7127561529201374,0.4622099016800078,0.997530653887887,0.5832961333582242,0.0819545887437284,4,0,1,5
0.8383354604456207,0.4945071428220657,1.007587734280939,0.7199477698036695,0.6119237126111109,0.4797389408513416,0.5374457396941194,0.3886765408828409,4,4,1,5
0.8523324730076527,0.4733846747186263,0.9865433481487554,0.7100061489489972,0.6316423162558781,0.4808478706124744,0.5493780888144658,0.3663220609650443,4,4,1,5
0.8544929012426516,0.4731565834370002,0.9841847570171216,0.7084845818790717,0.632149833512686,0.4794784442797246,0.5511006285715491,0.3630731070650213,4,4,1,5
0.0113321585390705,0.1661473899311267,0.680216407822746,0.7202880725786536,0.4619228300044191,0.993016036061422,0.5907379115188134,0.0798641703162547,4,0,1,5
0.8486689011682371,0.4686874457369459,0.9814255664237918,0.71771997015776,0.6416289550280646,0.4779888881828624,0.549235433653299,0.3732136339728998,4,4,1,5
0.8425262080119873,0.4402166632819599,0.974440816682306,0.7249233664008711,0.6532070252196849,0.5072732852803705,0.5188151750023234,0.3741467281507189,4,4,1,5
0.1516355073232147,0.2643968869353617,0.3366583850637227,0.2794531323408348,0.9207348060159594,0.7943837293446723,0.8140370223734451,0.6534886121991378,4,3,1,5
0.855157464483311,0.4704476862840565,0.9886642281539428,0.7094255016259432,0.6345795837733372,0.4775524792724754,0.550852906330461,0.3652845378392728,4,4,1,5
0.8596064907489156,0.462906803440038,0.9972914113802792,0.6967834228856145,0.656213549941385,0.4794886208702276,0.534927888030847,0.3742133955127667,4,4,1,5
0.3870793915240375,0.2392964410648985,0.3701129761185415,0.0670849947793127,0.8071167395673084,0.316581926805886,0.9715901005831572,0.7542255562605689,4,2,1,5
0.0042844526545122,0.1782024639434526,0.6723671831520323,0.7098453047413114,0.4612378301039917,0.9999871744549672,0.5834971728738723,0.0828105850311219,4,0,1,5
0.8491017572285123,0.4647019350535917,0.9854123217950124,0.7182767008073865,0.6330684535853047,0.4869478917586519,0.541478603384881,0.3764554554008233,4,4,1,5
0.0065634416793656,0.1736250645420846,0.6745157371378664,0.716840805747496,0.4617309537114165,0.9966934804553308,0.5809299063406008,0.0858347725868282,4,0,1,5
0.1326618777460469,0.2579944716005036,0.3653260820453243,0.282463910706645,0.896707914243042,0.7603324209742887,0.8112196450696358,0.6359318373687876,4,3,1,5
0.1554136841687255,0.2720127137426609,0.3562093724130746,0.2958452811520886,0.8910113112680519,0.7829600340782762,0.8050254626540048,0.6605900139558665,4,3,1,5
0.856755057921679,0.465535963714438,0.9933052730366458,0.7142984336426114,0.629028681514058,0.4792108322252472,0.5442665947132006,0.3640458508903685,4,4,1,5
0.8559174427744074,0.4713051048454284,0.9813155403760974,0.7057529429187868,0.6272825104388899,0.4817526598280201,0.5485024813955298,0.3678844440301426,4,4,1,5
0.8470419824907719,0.4747376506391916,0.9755756453567104,0.7020946171003326,0.6218318641161352,0.489455097408116,0.5524434769475509,0.3711050506630559,4,4,1,5
0.855897219340012,0.4817652604647751,0.976474695236462,0.710850656547688,0.6251177551577473,0.4691983826926959,0.5593904188407872,0.3570658208146605,4,4,1,5
0.0069827875589122,0.1742703171849432,0.6814015850792687,0.713739995144297,0.4547200958826801,0.9900065399480114,0.5836215473236963,0.0814885751617635,4,0,1,5
0.1543182091096541,0.2596905143501921,0.3608601954945737,0.2990358638496037,0.895634480586897,0.7883703954959271,0.8180871385442866,0.6578254067172229,4,3,1,5
0.0014198213130732,0.1782904070041554,0.6747787327785392,0.7166039278589169,0.4582582624880953,0.9812940172879908,0.574251154242355,0.0666872210321888,4,0,1,5
0.8522175387368613,0.4771714253214015,0.983726029400016,0.7104628081682637,0.6324369694461611,0.477586991307729,0.5469662943926908,0.3641578216132979,4,4,1,5
0.1455661232903508,0.2532964732820956,0.3584619886944814,0.3016770916408239,0.8868017275632472,0.7742321079860799,0.8190475111347361,0.6452542342211873,4,3,1,5
0.8531886602260114,0.4739060242338488,0.9892298134840434,0.7129142011559508,0.6353670238143638,0.4811426801099746,0.5442351620059616,0.3578530577283546,4,4,1,5
0.1221030183276401,0.2816248489877704,0.345934909146188,0.2940199539987019,0.9040922983199366,0.8127113492770466,0.8417402279630748,0.6878287635437245,4,3,1,5
0.0121566879178205,0.1671651567039693,0.6804629940736941,0.7167023301576896,0.4596313395828127,0.9977623364185688,0.5869255256863857,0.0771425410126123,4,0,1,5
0.854841217999093,0.4733420060480717,0.9925273942726284,0.7013135054113265,0.6254614743381498,0.481682283096601,0.548520149044155,0.3610453734567327,4,4,1,5
0.1564630726684395,0.2607163481618986,0.3601289217064997,0.2953875800403041,0.8976297762775721,0.7838081150685596,0.8147179856388646,0.6592448099610304,4,3,1,5
0.0109404662620146,0.1642867699925253,0.6798361384005679,0.7222792608117342,0.46178372059717,0.996195944105104,0.5931919145104557,0.0821535320686968,4,0,1,5
0.8648357834907278,0.4762024117541311,0.9808026761647216,0.7159742476736638,0.6355220788072655,0.4870540592737852,0.5544207105130944,0.3683649142795718,4,4,1,5
0.849439754013151,0.4850411705721423,0.9781691349103536,0.6974553294399892,0.6373171092971655,0.4840332009593573,0.5443332681439118,0.3676002816278206,4,4,1,5
0.1472674400341367,0.2496563640783756,0.3732871109887535,0.2929109011693232,0.9098842771322396,0.7800821331165634,0.7994503192498639,0.6587217255858742,4,3,1,5
0.146739227126898,0.2544143948065597,0.3533776746185052,0.2859402384822912,0.8900244383397443,0.7915132984268477,0.8245201418849055,0.6581426426817448,4,3,1,5
0.0135839496526311,0.1681968407145247,0.6778526400350178,0.7152165936664225,0.4582677448072038,0.9923225829280998,0.5909996414703382,0.0756950897832047,4,0,1,5
0.8643076093727137,0.4813137284923904,0.991939905859274,0.7049798062737608,0.6397436619064885,0.4804220605845859,0.5412612262607476,0.3693798941667203,4,4,1,5
0.8507932375539996,0.472669283848452,0.9857656407643212,0.7079444696454712,0.6339381210913285,0.4808449441716936,0.5520438115997409,0.363286648216316,4,4,1,5
0.0297698164149684,0.1655110839158279,0.6883359006612646,0.6944558037010592,0.4718955062607193,0.9887479010364784,0.5850098197094576,0.0997504826848264,4,0,1,5
0.8603732362409312,0.4749344836711038,0.9746429382379984,0.7070013073864246,0.6396015144631194,0.4866907135125199,0.5593176520615073,0.3559855167707818,4,4,1,5
0.395677154015155,0.2497542089293261,0.3572458925438655,0.0456190455913104,0.8135737156072713,0.3281647346576531,0.961401618942906,0.7350537950793813,4,2,1,5
0.8477897899068528,0.4905426659870457,0.991587310513103,0.6968866166114208,0.6265905471550497,0.4635348225843567,0.544354810587875,0.3531770223208242,4,4,1,5
0.0032586375013869,0.1720808009610439,0.6683937690533605,0.7203515349771273,0.4449882724251212,0.9999868593620748,0.5796395447647983,0.0740616123893337,4,0,1,5
0.0155312714871925,0.1686815483460839,0.6756310983823468,0.7206983042155335,0.4551544144143462,0.9859896967887046,0.5955734942779864,0.0731306692517866,4,0,1,5
0.016103983854357,0.1762107284043476,0.6858657762864465,0.7290413240970577,0.4603190224749913,0.9958073869509568,0.5914590913193916,0.0824366829084423,4,0,1,5
0.0070085152568588,0.1627464324955834,0.6739126673054275,0.714193899393267,0.4538024557868864,0.9874705262432094,0.5865633673627179,0.0727214319759924,4,0,1,5
0.0043582739665227,0.1692115291601127,0.6683811688480082,0.721462348399537,0.4596559347726632,0.9955309472615136,0.5883038798910024,0.0743261921459204,4,0,1,5
0.0016197161291966,0.1726661389666832,0.6691364374460054,0.7152575667027524,0.4609423750036658,0.9942675511573648,0.5708323497987028,0.0920345706822197,4,0,1,5
0.1715039720194272,0.2451898643994942,0.3642058927279379,0.282904405119137,0.9141213359043778,0.7821396033217608,0.8146585606159917,0.6586566830528494,4,3,1,5
0.8629147251944274,0.4976585423141853,0.9603326213732324,0.714410895008525,0.6393134204133318,0.4719990894554248,0.5460558020579654,0.3834102371386226,4,4,1,5
0.8520200282922367,0.4659498310081437,0.9788431408596188,0.6968841760652561,0.6342440070964327,0.4741963548719797,0.5325018028814832,0.3879762562502517,4,4,1,5
0.1562767738514531,0.2559907660359877,0.3628940732439372,0.2937254918392739,0.8951049014278298,0.7825124918328721,0.8121536810939745,0.6578377999519679,4,3,1,5
0.8454580020960998,0.4836153143412885,0.9909129975619612,0.7086152600547753,0.6252310891664571,0.4884740066597132,0.5561072349476401,0.3618286343840262,4,4,1,5
0.1544079705230368,0.2525673801804646,0.3630808049348068,0.2850246075262393,0.8852818508400233,0.7948582968352773,0.8236396092410193,0.6696240755198996,4,3,1,5
0.0176477941616029,0.1734814021064331,0.6874266402965409,0.7261045247151929,0.4498717028692196,1.0033181385616603,0.5954085631423652,0.0746123219413518,4,0,1,5
0.0189983404725551,0.1764549129289545,0.681006034227513,0.7110253885024763,0.4571068632768703,0.9866553679683112,0.5860038577550101,0.0729867662113692,4,0,1,5
0.8526813814592903,0.4624583997991002,0.9692837767137444,0.7205031398846057,0.6187054892882201,0.483926333548809,0.5365732889935475,0.372173420929775,4,4,1,5
0.0088094687483894,0.1707042322125719,0.6780537917051682,0.7141983577053201,0.4571823035068566,0.9939870262299902,0.5889334078195185,0.0777841897123099,4,0,1,5
0.0082957923839612,0.1711771620077758,0.6747758620285929,0.7144152356303791,0.4576113324906982,0.9934465643175604,0.5864918471804837,0.0805982925599248,4,0,1,5
0.0243604358617577,0.1750707237052287,0.694916299463091,0.7214181388230723,0.451938301880655,0.9932592132618592,0.5817432449667748,0.062467853332566,4,0,1,5
0.7090841450151115,1.0042023833594278,0.98542869141795,0.4817570348378267,0.8745326582007061,0.8158268266959832,0.3306367963219347,0.4149746993070996,4,1,1,5
0.1539270094937133,0.260123884759222,0.359203835781182,0.2927003028962511,0.8986701876978802,0.7853334593616514,0.8109841451814482,0.6564316866638424,4,3,1,5
-0.0089682898275229,0.1635313478558822,0.6961020336611937,0.7004446672917545,0.4576280146224109,0.9959247653491602,0.6121481567194834,0.0989661095418077,4,0,1,5
0.8556144041843149,0.4775972275604097,0.9797019705316996,0.7102994613851139,0.6334656222134663,0.4813685622917363,0.5494772919889647,0.3634955194915102,4,4,1,5
0.010664591467472,0.1698891293749697,0.6769915231594555,0.7160810624361805,0.4559607394457157,0.9933970540210152,0.5903026638282489,0.0777984131864116,4,0,1,5
0.0131734006545944,0.1566039561657278,0.680129671949502,0.7039587738412505,0.4514047977972084,1.0065181516096555,0.5870333223257045,0.0869058333264489,4,0,1,5
0.8717008627508325,0.5043092320236865,1.0074510566925123,0.7144013302128106,0.6579777031371736,0.4569274519684517,0.5280706346131181,0.3721307156830141,4,4,1,5
0.0098024644772166,0.1673543657736266,0.680547048534293,0.7210258621535827,0.4561094262074701,0.987409787083942,0.5857916628379332,0.0703963954238984,4,0,1,5
0.8570153186783104,0.4794510328762962,0.9849016235617768,0.7065540082672017,0.6358863869580698,0.47957238270202,0.5471985330262548,0.3670544554524086,4,4,1,5
0.1683493952057722,0.2636077867548289,0.3537253970545064,0.2909842381519432,0.9020461002673328,0.7747265453402654,0.8147166905807786,0.6496020101141008,4,3,1,5
0.8559269835479116,0.4750308102672762,0.9771984248212652,0.7025771686766805,0.6310757171876595,0.4845297223835511,0.5515620797468678,0.3670872725327133,4,4,1,5
-0.0011635425551357,0.1849685069004129,0.6717717925811225,0.7295020632011894,0.4495569586830703,0.9941308061577732,0.5739936222576264,0.0817517195642081,4,0,1,5
0.0083638379289619,0.1781852532412554,0.6757119403600479,0.7067157126581086,0.4625713470659421,0.9836152579595574,0.5840024835914756,0.0759079255181515,4,0,1,5
0.401349819890023,0.2413039219648783,0.358369966658413,0.0489640243584582,0.8223527647099144,0.3224917516459049,0.9575667654134624,0.7347546053457794,4,2,1,5
0.8617743974262005,0.4825731471099001,0.9884787697929548,0.7031189340002549,0.6282306087422919,0.4725591658720974,0.5520338258483294,0.3562971858119597,4,4,1,5
0.0149695901421559,0.1727879554998161,0.6673827580142199,0.7026978775446506,0.4362130645088633,0.9851975499906396,0.6069844316836234,0.0615853303466806,4,0,1,5
0.8445556081789786,0.4701103637227554,0.994589010481587,0.7217823623913519,0.6474288415382987,0.4668203562110402,0.544845136251049,0.3649577884499948,4,4,1,5
0.0139283166161136,0.1659038152502842,0.68382407474894,0.7094822736025844,0.4494351217207807,0.989125455285212,0.587281470402012,0.0818849055984166,4,0,1,5
0.1521107990842174,0.2609475733017879,0.3568704908882809,0.2944596494827141,0.900996749089684,0.7743398640337795,0.8070236751981394,0.654644385400172,4,3,1,5
0.0127321533947237,0.1723512444310831,0.6817157899470445,0.7089499209909441,0.4592733135183837,1.00408719866149,0.6021781145370109,0.0838763204033335,4,0,1,5
0.0095057476623181,0.1701203189776993,0.6776086608132011,0.7153118395938045,0.4544035058030937,0.9926860126275252,0.590218237153391,0.07728783739633,4,0,1,5
0.6992255530953868,0.9876378190226348,0.9927720334025176,0.4883177825982059,0.8756122347354612,0.8355555087362027,0.3110507763028361,0.3995912568993515,4,1,1,5
0.8533252963662178,0.4762941803198228,0.9814223653416788,0.7056154187170613,0.6350255759493597,0.4775280670834548,0.546496236398493,0.3611706062185235,4,4,1,5
0.8765234838827286,0.4540604212134909,0.9805937279126644,0.7031012266264893,0.648002366067185,0.486222726778856,0.5374466982532327,0.3952123195970968,4,4,1,5
0.1588310478814935,0.2558254842153898,0.3600732460327874,0.2938631360561617,0.8949106780828138,0.782563708469456,0.8135191353802207,0.65946331955218,4,3,1,5
0.1534079846545955,0.25500807357901,0.3617009088475431,0.2906059142742911,0.8948119644895263,0.7882003800044471,0.8063022856159132,0.6473961885531556,4,3,1,5
0.8456435289360759,0.4727941842733641,0.9860669107459102,0.7194861616003997,0.6328397579762259,0.4884222243730674,0.5587410816153018,0.3719005584072675,4,4,1,5
0.0103154539448356,0.1722233216956305,0.6765686087752858,0.7161770483425177,0.4532437036536649,0.99244635828983,0.5912010034424034,0.0754904141321856,4,0,1,5
0.0119966346784136,0.1696061644861254,0.6729972640228425,0.7252775748580546,0.4802797350291046,1.0125120929652338,0.5806603213581726,0.0573988030450064,4,0,1,5
0.0159325090149575,0.1705240314337118,0.6852534839089996,0.7072690008255873,0.4505520849027114,0.9934301808007808,0.5866220606932825,0.0724692709603734,4,0,1,5
0.1533408982738595,0.2495595370310704,0.3633385255358762,0.2894653430334781,0.9023396095420276,0.7767927553020111,0.8120383412010134,0.6648833449272742,4,3,1,5
0.0065136490584485,0.1677717933808489,0.6804490954214507,0.7138220838458569,0.4517032616058353,0.9940838950943504,0.5941641293481402,0.0804949552713496,4,0,1,5
0.1641450258992109,0.2526546637904274,0.3620855473169806,0.2943448115618699,0.8919123821530706,0.7870988189985693,0.8133424009561455,0.6613927304574597,4,3,1,5
0.8537003033833359,0.4789017466498355,0.9788825187939324,0.7063710219362394,0.6344595138406974,0.4762464805563861,0.5459011628757472,0.3648246079260267,4,4,1,5
0.8548398720857265,0.4785811254993191,0.9738666587052176,0.6991954056105788,0.6327652117805764,0.4851253556883153,0.5531652211218481,0.3544618408438311,4,4,1,5
0.8263110246073033,0.5027922112665979,0.9818329576599402,0.6918235256981149,0.6308179368864617,0.4805237898742759,0.5282067919160869,0.3557722259785238,4,4,1,5
0.1632854398041545,0.2548491736799694,0.3549058212269819,0.2921830388123065,0.8919953526008013,0.7850051581107913,0.8154513564693285,0.6574288810150096,4,3,1,5
0.130145031059205,0.2410763937630556,0.3876215758592604,0.3083208845747581,0.9032518738817964,0.7688692816498066,0.8223882210443925,0.6390225200324556,4,3,1,5
0.0070457456594993,0.2051262148190144,0.6588382700419068,0.6976672393737335,0.4528442847166155,0.9614436960114238,0.601216105602814,0.0520942394509492,4,0,1,5
0.0089139087010507,0.1714777558106042,0.6776600326622323,0.7152477936766538,0.4538685658600617,0.9924450771074844,0.5893728226753636,0.0747215392898457,4,0,1,5
0.8605960197311789,0.4733023715990581,0.9872505378580948,0.7162199020755416,0.644884190454152,0.4868610401505895,0.5507419225619189,0.3595983218635527,4,4,1,5
0.0023729407478752,0.174237501660962,0.6891345476492973,0.7205425467173032,0.4528795414439049,1.002056687551061,0.5791701605051773,0.0844794278766534,4,0,1,5
0.8536375919085244,0.4709850886684342,0.9753033069747872,0.7020007535885365,0.6307153750673992,0.4841849866233791,0.5458454711814463,0.3590954096035615,4,4,1,5
0.0115378043034708,0.1740036896489808,0.6772970749270251,0.7163639895712935,0.4503184770370018,0.9934198451674852,0.5885109493789223,0.0772219655377953,4,0,1,5
0.0108738621793495,0.173500995824355,0.6692800114295419,0.7246129597358976,0.4387819392048703,0.9878914598339462,0.5910440958925711,0.060386637301308,4,0,1,5
0.0256291513478284,0.1598441276294208,0.6851813592911333,0.7376026601562248,0.4310055844705943,0.9849354622858092,0.5790603113600397,0.0746665985431857,4,0,1,5
0.6896460459303705,0.9892835652904656,0.9960600235511228,0.479930032313368,0.8683295204277781,0.8375456096230307,0.3185188171886555,0.3971040400188428,4,1,1,5
0.8524332489151288,0.4745914514345599,0.9781330996664752,0.7068790607154648,0.6330712040750834,0.4761588279394351,0.5435006362590865,0.3652823577930265,4,4,1,5
0.7039445757845427,0.984687139048035,0.9929069372014488,0.4944429012815336,0.875373232171077,0.8267057628353761,0.3174458697594035,0.4089741589445723,4,1,1,5
0.8547362994567492,0.4755017370598589,0.9781042415353852,0.7099209242764569,0.6244894129718727,0.4881387207717062,0.550234053660136,0.3701082243257525,4,4,1,5
0.0070557630022068,0.175148805663277,0.6741682708617759,0.7138859722024868,0.454266953299427,0.9892550675275328,0.5876912023116111,0.0784383445957389,4,0,1,5
0.0189833713773112,0.1811697100542411,0.6830851485141539,0.7091206609719657,0.4553471374837637,0.9938090369560574,0.5986440911675761,0.06880165845701,4,0,1,5
0.1326429909579594,0.2619996295307273,0.3589992391761966,0.3120373500278413,0.9182548802180176,0.7572733411150265,0.8185279934898407,0.6800947007785254,4,3,1,5
0.8531284406481339,0.4774331998286588,0.9778710387653432,0.7053441704805584,0.6337675397010607,0.4781294554707386,0.5432087830665528,0.3635386686865623,4,4,1,5
0.4038694940373045,0.238079980279201,0.3604693474026694,0.049955649125068,0.8223879353368029,0.3249487873177841,0.9566013027800644,0.73323271298897,4,2,1,5
0.6977349385050697,0.989646504241512,0.9902972534419264,0.4879802985310922,0.8802828207122898,0.8330507730886592,0.3132543536484528,0.4048318751105527,4,1,1,5
0.854314048983719,0.4765937771086128,0.9764441894162657,0.7045345561685777,0.6328383727488038,0.4811791865433507,0.5451445405319018,0.3604948532068359,4,4,1,5
0.8641026564582763,0.4645762374367331,0.9884573954840772,0.7179155082263715,0.639219263130273,0.481871414098486,0.5377209055054095,0.3561428455905584,4,4,1,5
0.1591457274863528,0.2564410207886351,0.3600676374945031,0.2918374653926519,0.8941022776543229,0.7842722678041759,0.8133641953773967,0.6597972996615907,4,3,1,5
0.6966768725686329,0.9863221475856924,0.9870851110092788,0.4881949024083126,0.8772537616004947,0.8357215911894204,0.3134265316613123,0.4040517079215923,4,1,1,5
0.1591894056712144,0.2586524855157144,0.3583593531326241,0.2949990059483877,0.8955312135892929,0.7818072189822545,0.8168236602223166,0.6583550899753762,4,3,1,5
0.8565336176333844,0.4756107328365134,0.9814749013668472,0.7082736628202612,0.6370590260563418,0.4810327797791824,0.5428517956372491,0.3600021569055565,4,4,1,5
0.0029667015848478,0.1773568672238562,0.6725335622352158,0.7119971246454565,0.444978177447764,0.9923306065181472,0.5874465100150442,0.0770678838684821,4,0,1,5
0.0065714993895091,0.1942390429070593,0.6783143379026104,0.7289315851588957,0.4676427822519915,1.008766573725334,0.5989751819610627,0.0530355723834741,4,0,1,5
0.855083792836608,0.4762906747678208,0.9792350118147418,0.7068969161697539,0.6351276866643487,0.4792952858398888,0.5432586961340223,0.3618155043923946,4,4,1,5
0.1611892055058491,0.2502138438826896,0.3558718910683819,0.2941923498873506,0.8926753976462388,0.7763779891409456,0.809222522043299,0.6585097118789035,4,3,1,5
0.00677371233159,0.1717274703565138,0.6725516842661379,0.7155037504518832,0.4547134111164589,0.9931882317919172,0.5912848752905799,0.0801885626075063,4,0,1,5
0.8495671090302012,0.4679463728321574,0.9814391323585928,0.7013760906319045,0.6287174353635948,0.4749201078834765,0.55044998694275,0.3681834798164364,4,4,1,5
0.7030801615786394,0.987233821249066,0.9848835900694092,0.486040891069269,0.8837710426355547,0.8398427396456992,0.321619117763688,0.4098510614401321,4,1,1,5
0.8660449125047371,0.4852003751834273,0.9898578557848616,0.7095630962535905,0.6259477339189965,0.474596570156195,0.5319439822873495,0.3486725148772211,4,4,1,5
0.1628106418373914,0.2535012117157002,0.3549392019459982,0.2957811711310113,0.8972195096690373,0.7779718868674242,0.8133579014015707,0.661280923406744,4,3,1,5
0.0096403821317455,0.17826370195084,0.6758086949774305,0.7140279152526835,0.4511027066224912,0.9920463157799724,0.597031514858266,0.0700663405831953,4,0,1,5
0.0093742646525937,0.1758486723310477,0.6772397083387723,0.7149381026053993,0.4525575048988161,0.986715761155704,0.5927195686592389,0.0772241956333744,4,0,1,5
0.8527422751858826,0.4754643638059381,0.9785073718065148,0.7030892012238922,0.6327148519535712,0.4754949097896367,0.5399344400068636,0.3581245569732828,4,4,1,5
0.855193298832069,0.4752994483868715,0.977726549028775,0.7066938847856441,0.6337368243450238,0.4819255401502471,0.5426113262494375,0.3642882499953192,4,4,1,5
0.8622679523211121,0.4700802109983583,0.9777159976425264,0.705945850814465,0.6365775538390612,0.4848953140609591,0.5349349810115754,0.3634794215512223,4,4,1,5
0.8759170189248364,0.4656230579207317,0.982917773197261,0.72403946597185,0.6281538712877159,0.4641085237602017,0.5362710952785701,0.3402817100449991,4,4,1,5
0.8569366032154756,0.4738019506927488,0.9778462579726792,0.7079759335099605,0.6388363076183401,0.4723049862563317,0.5417368750070803,0.35865174416861,4,4,1,5
0.0252065000056038,0.1650667144085615,0.6723661980570018,0.7032120654514294,0.4428568384971744,1.0113635072885832,0.6046022618726229,0.0637370017584545,4,0,1,5
0.0035974973723796,0.1682282664766395,0.6788515804929931,0.7191726995194389,0.454117098884531,0.990214310697848,0.5921685566142028,0.0803480084674671,4,0,1,5
0.1630238699262212,0.252767072910501,0.3606273686076012,0.2867505350910232,0.9002242124803611,0.7902505993183295,0.8101472038429133,0.6508906556448729,4,3,1,5
0.6955471792374024,0.9897276236227874,0.9889001845868112,0.4793821933523644,0.8788831585217475,0.8420371612922423,0.3056614557408612,0.41192897124384,4,1,1,5
0.010321631201829,0.1914134614980192,0.6953892010159657,0.6925656680850126,0.4562370599372928,1.0058350642310567,0.5877153420834229,0.0649121366583324,4,0,1,5
0.8507432387910205,0.4972661066852046,0.9968354150152426,0.7313823400093825,0.6469003819508026,0.4885091337084655,0.5621317985330092,0.3699926275078276,4,4,1,5
0.8664072716594132,0.4592308120972382,0.9558287385197558,0.7213530295688259,0.6191227626451362,0.4924809440230991,0.5266385523286309,0.379427003215025,4,4,1,5
0.6968751178910423,0.9870783395547555,0.9898838224906076,0.4875160539896478,0.8807968949125846,0.8337736247498126,0.3162013886811536,0.4036398965638861,4,1,1,5
0.0141457974995997,0.1678107861282048,0.6836182597086167,0.7043982800388646,0.4533254140511089,0.9873210913358772,0.5926179485358806,0.0831597305286661,4,0,1,5
0.0087566853809303,0.1734907355029291,0.6773645142128087,0.7138986788467055,0.4496153652561644,0.9901485814359176,0.5914018750867445,0.0750337219824403,4,0,1,5
0.852006579170617,0.4720979464000816,0.9727125977714204,0.7090743372271431,0.6456005041465854,0.4717596003227863,0.5368976255268848,0.3661582805742714,4,4,1,5
0.8457159622992949,0.4845801966476231,0.9894882789047864,0.7137400133310533,0.6468906954645787,0.477904642976414,0.5412528639822317,0.3609545606084316,4,4,1,5
0.8535645895739703,0.4784004707392961,0.9773058036484756,0.7055951869131977,0.6349218298337258,0.481806351676031,0.5434379488034154,0.3611944279558835,4,4,1,5
0.8630604011463143,0.4839816776043619,0.9862863337699364,0.7024035005478576,0.6363596729746602,0.471484165084596,0.5443449625462832,0.3645100878253661,4,4,1,5
0.0089926644127802,0.173223894407901,0.6800899212355619,0.7114766728207844,0.448202075342654,0.9937786329816728,0.593402553997529,0.0733972842675321,4,0,1,5
0.6981493966936101,0.9861316750868776,0.990839360724452,0.4889176966774932,0.8796568090621432,0.8347901895454424,0.3170090711409353,0.4036811057766959,4,1,1,5
0.4056343164655877,0.2389925558563356,0.3636596825320194,0.0580621024647657,0.820926248565977,0.3282128900854288,0.9600235733219366,0.7291509219021006,4,2,1,5
0.8583664965781828,0.4754902296806626,0.9857331420496952,0.7080661286993278,0.6327889779593551,0.4937057829098289,0.5546377374364745,0.3725627416566103,4,4,1,5
0.8578704144300471,0.4828150801891517,0.9803723898804364,0.7097815798479377,0.6395395562847983,0.4821174401480469,0.5325695935397698,0.3512203268947766,4,4,1,5
0.4210617086774332,0.2352909893875332,0.3838661083559475,0.0437259149380012,0.8336242402597942,0.3345065612649113,0.9780139704011294,0.7389070727808233,4,2,1,5
-0.0094744745838199,0.1587271161170241,0.6916621616093227,0.7306067262986021,0.4444708534295793,0.988713782067242,0.5951125118047881,0.0811585063580049,4,0,1,5
0.8825187944014303,0.5032966999579186,0.9791156841573508,0.7165531393827923,0.6576439978605217,0.4959585126079692,0.5208825601421175,0.3388585656410791,4,4,1,5
0.0046717596054444,0.1554907239368096,0.6839818947226385,0.7328977453413839,0.4526773881437289,0.996542085660326,0.6108772650431358,0.0902349564617149,4,0,1,5
0.0111086240720726,0.1726892715510492,0.6728005529275596,0.71357126707001,0.4436796888901803,0.9880760804695644,0.5921736959952585,0.0769517971541454,4,0,1,5
0.8522565676692451,0.4794632659857579,0.9801513767317072,0.703975493141105,0.6370913760177518,0.4826416514682516,0.5370627550307275,0.359679819592133,4,4,1,5
0.0243952472948197,0.1600657003681053,0.6873086461399858,0.7290529750392687,0.4301880907737363,0.9919856454664452,0.5789826830204358,0.0591138784262654,4,0,1,5
0.0236596939320104,0.1916545950361046,0.6785303036801784,0.7029458777821258,0.4478013642872468,0.9948461356129804,0.6087660344913757,0.0621548264267747,4,0,1,5
0.0097651652739384,0.1697543571931875,0.6767827237952023,0.71572164632526,0.4465841041771689,0.9850763197273824,0.5839320416332019,0.0765801736374259,4,0,1,5
0.7072803516531531,0.9921386393224702,0.9945425093307924,0.490445019872826,0.8868339408276488,0.8367389466315186,0.3214884625136286,0.4123472121124234,4,1,1,5
0.8417655154409662,0.4911076158309322,0.9740835477116504,0.6918007517861727,0.6501433251668918,0.4859089338068417,0.5543713315668968,0.3762996879109138,4,4,1,5
0.0034849029767182,0.1723237811456893,0.6752106370141567,0.7149468963660883,0.4527363186384346,0.9852168029657624,0.5974412200417728,0.0718794858782597,4,0,1,5
0.1361943471346917,0.2517750350120221,0.3809734192033518,0.3074108866802992,0.8851686443535436,0.7871745231392312,0.8085306991046789,0.6843337817436218,4,3,1,5
0.0085939102459506,0.1666692592173302,0.6811104350440434,0.7115116984943599,0.4416789245884188,0.9849945000789848,0.5916366932738033,0.0712900107337514,4,0,1,5
0.1644513444464351,0.2457801622301963,0.3567809922345288,0.2818291088660847,0.8948533883855934,0.7884535617641303,0.815670548361189,0.6553801329367168,4,3,1,5
-0.0042053470333412,0.1863986308824133,0.6710040769663033,0.7101324260149487,0.4537588304930357,0.9850137162814152,0.5908325817410156,0.0777665864610433,4,0,1,5
0.6957208657329367,0.9850538842801824,0.989720536551187,0.4877412196488019,0.8816975516707422,0.8327885623456466,0.3185659367661194,0.4041839459098465,4,1,1,5
0.1534100007617717,0.2472636501740348,0.3544170221644643,0.2948778336585727,0.8955244398264294,0.7909016229496499,0.8137088187923749,0.6627466179354731,4,3,1,5
0.0114133853479097,0.1721445973687978,0.6752647162174163,0.7145704063312044,0.4508792877038007,0.98611756694979,0.5924039086050583,0.0743885492970939,4,0,1,5
0.0020836872355944,0.1728589322963579,0.6831399678752033,0.7197239745038838,0.4488707014684731,0.9861844741415736,0.5877276603022938,0.0750624715132342,4,0,1,5
0.0159458894812858,0.172832792966533,0.675163226439823,0.7097164519240287,0.4585904158401485,0.988488788449143,0.5785969003556968,0.0894382354673366,4,0,1,5
0.0210083630651377,0.1630707715870119,0.6893390217978672,0.7154923639601573,0.4550148560414414,0.9823535547148782,0.5955031918255935,0.0779730551267175,4,0,1,5
0.0124336098921061,0.1754889495831134,0.672921324675394,0.7137359058268092,0.4463985526603311,0.9914738922945052,0.5971838355555474,0.07644905566642,4,0,1,5
0.8620715152906578,0.4832524343071056,0.9791244287022238,0.7101866726410481,0.6304889942437242,0.4791094010416051,0.5424168091120711,0.3683671711484774,4,4,1,5
0.7016444738620552,0.9945780003827348,0.9882435450462208,0.4785098979604835,0.8789171995152117,0.8333863278102073,0.307829786225574,0.3943207023101972,4,1,1,5
0.0081943082727444,0.1695425517606185,0.6774508136769981,0.7111165776286746,0.4452086463476204,0.9840407027667348,0.5890678445394336,0.0753127014812363,4,0,1,5
0.1673633390596258,0.249754619827261,0.354564428829099,0.2952533839682734,0.9008027162333166,0.785282921198137,0.8011043282689105,0.6571209792091751,4,3,1,5
0.0005335746954367,0.1677613574384109,0.6808041719114623,0.7091760685758016,0.4492010313020998,0.9914363083283314,0.5898498363545969,0.0835493644226479,4,0,1,5
0.8627454647051161,0.494307540061967,0.9756005293672668,0.6974790513611723,0.6219035842029723,0.4958877584679343,0.5519431548726518,0.3503039022152976,4,4,1,5
0.8546717574751725,0.479836044449578,0.9705718700210356,0.70603101075379,0.6418171611585448,0.474036031315207,0.5439081086756897,0.3609101304923091,4,4,1,5
0.0089324863942667,0.1680550396303816,0.6646109493907311,0.7009074502890559,0.4514426319205746,0.9895149073405812,0.6023129050822875,0.0657226177151677,4,0,1,5
0.0082315870632184,0.1747327170485192,0.6787037101870596,0.7133214046650729,0.4472128609368057,0.9880403613592288,0.5929601367016043,0.0776197683784374,4,0,1,5
0.8635210968667467,0.4709333972357147,0.9686436383229988,0.7085498199995697,0.6357649846351627,0.4862862321076179,0.5351015726791046,0.3686608885620199,4,4,1,5
0.8691885746011436,0.478645479430795,0.9841724221127134,0.7073933008228035,0.6488703412395861,0.4958916915047879,0.5273045278078236,0.3477664206965947,4,4,1,5
0.0114238570192518,0.1864004841459721,0.6895210358359725,0.7155647691801021,0.4475751592892105,0.9779060688432822,0.60002858913524,0.0702967985253361,4,0,1,5
0.8565873957552476,0.4749118923119833,0.9718550868943336,0.7040178804901794,0.6366922336219624,0.4813273946217992,0.5387169075761679,0.3608427793305238,4,4,1,5
0.6957606613188698,0.9722812742208088,0.9794897111604854,0.4912189419608732,0.8920151937231882,0.8355428779338907,0.3173719148245253,0.4116151465621345,4,1,1,5
0.1652654257054025,0.2529268445396554,0.3584264917795893,0.2892797162389973,0.8866187705974193,0.7849948100507221,0.8066498919146978,0.6644994338392023,4,3,1,5
0.8478105229690536,0.4737061093905308,0.9686764821449672,0.6966676122008675,0.6343310194976697,0.4708087353634443,0.5395001829181316,0.3695332565452965,4,4,1,5
0.8558856409511583,0.4744674576375756,0.9722819299279488,0.7036415939646922,0.6411430676943567,0.4765128582172844,0.5404141808137519,0.358363625673388,4,4,1,5
0.0061101133419876,0.1928161153449711,0.6923491073233314,0.6966202440850452,0.4355805375489238,1.001593693054729,0.6021400349912807,0.0993826602561643,4,0,1,5
0.0154857899517902,0.1699316539243812,0.6862353711474207,0.7053649865235702,0.4511672136807874,0.9983380584661296,0.5928472738779446,0.0804010635008536,4,0,1,5
0.8638628464521629,0.485185738048674,0.974635206769126,0.6995856772118493,0.6318102598458196,0.4717817011789659,0.5334722880390009,0.3674849434328133,4,4,1,5
-0.0235071638748478,0.1782797986895975,0.6662645632191099,0.7250893289772175,0.4272164735116436,0.982046793037475,0.5952832263614138,0.0576656263574477,4,0,1,5
0.1607004938801231,0.2418318070467865,0.3651629118640802,0.2878243413111492,0.899668757804709,0.7724361375010225,0.8146364394124702,0.6651860572560063,4,3,1,5
0.8559266943737732,0.4799752205978715,0.9677671348171372,0.711890949755277,0.6464196604089557,0.4772816931615143,0.5331752651097711,0.354500455976211,4,4,1,5
0.006569623103999,0.1758153274878076,0.681863833807041,0.7117956902697212,0.4449332130118927,0.983912572703544,0.5939753360245382,0.0732459167757216,4,0,1,5
0.8615256293833907,0.4752290425676865,0.9736112773531646,0.7086261764370725,0.6398488838935684,0.4751917140637797,0.536085110458243,0.3592651407316989,4,4,1,5
0.8613739494141284,0.4713691844700075,0.9770795259180296,0.7006786443208851,0.6386218008028741,0.4854918162723085,0.5310932800811966,0.3547135195074016,4,4,1,5
0.0096635017299251,0.1738990949464726,0.6768029543946573,0.7091056080903003,0.4440884046806178,0.9902938531046588,0.5945900033650019,0.0737858535518181,4,0,1,5
0.8645917604759765,0.4692222650204355,0.9747384417676344,0.7050676306270514,0.637428244344868,0.4901814703910113,0.5285746555206183,0.3519850275155813,4,4,1,5
0.8568681165587676,0.4792369991128134,0.9752520837267616,0.7047322256701111,0.6374756792464934,0.4786947032587671,0.5378669281864691,0.360025483135594,4,4,1,5
0.1655522603748713,0.246185979454164,0.352576653386944,0.2929165647611106,0.8833452444653583,0.781699199186444,0.806865434438183,0.6670246635733318,4,3,1,5
0.843274593743414,0.4851765444375624,0.9587605923316472,0.7105692490155621,0.6047387886607868,0.4823511728712615,0.5328096665704389,0.3597703869111928,4,4,1,5
0.005774287752436,0.1742297006506194,0.678296526437167,0.7121221513152852,0.4458191464703244,0.9865990631318244,0.592106013735893,0.0735116595192936,4,0,1,5
0.0036097358347212,0.1762533930794133,0.6831719413984358,0.7103326980059654,0.4467576759667369,0.989916806088476,0.5972724334150404,0.0709921533728593,4,0,1,5
0.1551446085970802,0.2436365475890531,0.3654572648542619,0.278442913511747,0.8843859121240316,0.7819636816234825,0.813141844839645,0.6596289224905779,4,3,1,5
0.8604831063331516,0.4780835649193691,0.98380471833467,0.7036538589292977,0.6413517275498086,0.482541300099188,0.5301459833047442,0.3706311143780397,4,4,1,5
0.166227030533918,0.2523390610318216,0.3567508814096856,0.2848682004097217,0.8889416787456615,0.7803970832343303,0.8092470003010217,0.6648656021139194,4,3,1,5
0.8501058483771354,0.4640715483974676,0.9826911810471212,0.6914288547001756,0.6234365352264621,0.498389814242867,0.5327929293944778,0.3793758187920975,4,4,1,5
0.8591685976743494,0.4761488470859397,0.9794590375355604,0.7059609878541984,0.6425815076370586,0.4844156404059869,0.5379155781626712,0.3620837264842792,4,4,1,5
0.6952629626804084,0.9842458925228106,0.9871333518812566,0.4904486101895462,0.8816885935395967,0.8349364697839676,0.3197526924140643,0.4070197952353194,4,1,1,5
0.0053696537295993,0.1525940717599501,0.6434329226791762,0.7056701915210283,0.4432895410696405,0.9980254981280724,0.6250999266489573,0.0537285924846991,4,0,1,5
0.8581254441912796,0.4824851333448376,0.9817588429336428,0.7119890178931245,0.6435177586474986,0.4755514473746935,0.5404025061459689,0.3657109040564861,4,4,1,5
0.1400368069622518,0.2675443789476312,0.3837001639193292,0.2730108913661414,0.8680677857278567,0.7511172882830625,0.8399696948625686,0.6594125078300346,4,3,1,5
0.1597687500506671,0.2291100614565894,0.3528074041965092,0.2972871596130172,0.9308633203419806,0.801256545660915,0.7806345500181732,0.690000987900081,4,3,1,5
-0.0115645698062474,0.1729882300128479,0.6794676035410462,0.7281810269810205,0.4278793031345232,0.9980032912406854,0.5895413105703757,0.0943110176281715,4,0,1,5
0.1687871964928868,0.2510138119062972,0.359417728176699,0.2872031776604173,0.8816877685117768,0.7750440181485975,0.8103693158570057,0.660874055594222,4,3,1,5
0.8596680597059102,0.4816940059768964,0.9776063308106506,0.7051280644214302,0.6414085187159582,0.4791059150391363,0.5357371555687696,0.3581225887128166,4,4,1,5
0.0092989653562029,0.1743399014246799,0.6798482890380998,0.7095152629188531,0.4438795413534464,0.9883105760309848,0.5915154264278208,0.0714169674666513,4,0,1,5
0.1558908961801822,0.2585853348575762,0.3551698608435965,0.2971317839063425,0.8954306440486369,0.7893162346763433,0.8005923061185286,0.6599932229424036,4,3,1,5
0.8573533793837904,0.4776911556941638,0.9749305996021078,0.7040648156050308,0.6385200169768585,0.481726276313785,0.5369846304309848,0.3614424707658127,4,4,1,5
0.009972302309001,0.1737038960458137,0.6903896876423383,0.7047538830725837,0.4338015792261454,0.9920132265744726,0.5758893490420345,0.0748480408622693,4,0,1,5
0.0046906309953087,0.1758784797095515,0.6769483355311343,0.7119704864263636,0.4423443437503864,0.9861505164656026,0.5913344818589933,0.074192231908192,4,0,1,5
0.1750326541062873,0.2475908230605685,0.3633704004349333,0.2983018607896157,0.8929171092929054,0.7905763134992484,0.8060407800483096,0.663900285990453,4,3,1,5
0.8387909866746994,0.4829503296501521,0.9619441854453966,0.7040595093166697,0.6391139954472775,0.4708314443900692,0.5582410184159706,0.3545185509046616,4,4,1,5
0.0011892443932129,0.1759002110868783,0.6711687113824273,0.7148624529379333,0.4427876977874934,0.9790868372567196,0.5865120718913588,0.0663675567664951,4,0,1,5
-0.0001798122239248,0.1678575713694865,0.6733596660575909,0.7233401746713686,0.433561449239768,0.987292475905984,0.6054963148797889,0.0884492242285339,4,0,1,5
0.85364466911262,0.4689363267410275,0.985882724154254,0.685581111389202,0.6331130697317116,0.4936151733717187,0.5150003275659101,0.3810627144159892,4,4,1,5
0.8534249282181602,0.4846593113300166,0.9712650173960636,0.7084408331038341,0.6364293461217356,0.4742387910197267,0.5402359430951339,0.3596775739842084,4,4,1,5
0.8564050485932189,0.4732573576709424,0.963865090094006,0.6890930290713226,0.6519971433873777,0.4787114479368469,0.5136138190885856,0.3466799378941748,4,4,1,5
0.0098103634807776,0.1768413778241953,0.6897475042260974,0.6962267367820547,0.4524782327995222,0.9748993519722507,0.590933931716131,0.0709062405550023,4,0,1,5
0.0018354825445396,0.182265337632888,0.6692846283899416,0.7108420039491252,0.4501254350646672,0.9878164717700856,0.5987055991977711,0.0800946964426352,4,0,1,5
0.0070085881332512,0.1759010156844832,0.6751824709423232,0.7112497565800493,0.4437209210764719,0.9860860537316576,0.5927039147300053,0.0713870382748828,4,0,1,5
0.1546472557293351,0.2395572992354636,0.3692828983573409,0.2901371404171676,0.8942096325156893,0.777446355533183,0.7962123986049225,0.6685780902161483,4,3,1,5
0.0138915579628342,0.1727437367640122,0.6791249567329458,0.7177576992608317,0.4398620266879707,0.9926672658033202,0.5948018164469879,0.0822691787137735,4,0,1,5
0.8584295341002878,0.4822173976225539,0.9748619314803004,0.7022726685772935,0.6365498037152962,0.4790923708425858,0.5348126605332189,0.3603621419954734,4,4,1,5
-0.0003423726761748,0.183605570561792,0.6599751617180949,0.7126498660780061,0.425349793347821,0.970951265617201,0.6158246223545825,0.0577744057959425,4,0,1,5
0.8679120295248836,0.4706137442372835,0.9777202128479968,0.6991690563402709,0.6276818248169882,0.4695138993793358,0.5488932111151958,0.3630976435155266,4,4,1,5
0.1450070970871597,0.2419652614384501,0.3810121132906238,0.2739147914562454,0.8677388088313925,0.7775977299651093,0.812226502389361,0.6381564463728394,4,3,1,5
0.8630242501502637,0.4850464568121306,0.9888595429028356,0.7172117717446262,0.6335201900504053,0.4849472674536423,0.5324354531516632,0.3782709548674361,4,4,1,5
0.0134334033299438,0.1706338568020853,0.6785120320706427,0.7039074894207191,0.4438070857608561,0.9937770306794564,0.5918850981383079,0.0757310822342493,4,0,1,5
0.4087177617998227,0.2397819181722988,0.3665130143206448,0.0594760552638297,0.822213054269136,0.3281139079827503,0.9461485155344468,0.7391647567025321,4,2,1,5
0.8694131610911202,0.4817528554248586,0.9824844939671874,0.6853778688023268,0.6236041189527418,0.4629075706453974,0.521899586928305,0.3508440085554791,4,4,1,5
0.410283986079585,0.2332406090504622,0.3596328768836195,0.0496086681637317,0.8163077166034396,0.3385537428562411,0.947268938529878,0.7409694619542777,4,2,1,5
0.0163300482490302,0.1653928834228536,0.67592805829546,0.714508843573501,0.4532837278270687,0.97761313712619,0.5841760839155378,0.0855960807600923,4,0,1,5
0.0088394281374829,0.1746746161366918,0.6826060653541758,0.711432909329956,0.436534050267605,0.9863574501560006,0.5870347352088465,0.0779686636170946,4,0,1,5
0.8582619215780326,0.481464014636864,0.9746703627337994,0.7000331639124651,0.6420936288146935,0.4791657365418346,0.5376507218501588,0.3579732672700489,4,4,1,5
0.8609251778215563,0.4806957491961705,0.969389376512125,0.7045422873810483,0.6364259742621527,0.476841515521909,0.5354127491067672,0.3643725725720794,4,4,1,5
0.1656160681695634,0.2491767039478009,0.3562278482411638,0.2868461884702639,0.8871001340318174,0.7794523439619467,0.808405179525676,0.6606507115778297,4,3,1,5
0.0059343910047496,0.1807292970602936,0.6811260654409573,0.7080252615790471,0.4422791707988825,0.9822432720183716,0.5983754258708595,0.0727611224059733,4,0,1,5
-0.001150619982067,0.1767165070273453,0.6889303656929615,0.6977817614650892,0.4278784833145069,0.9984540138195682,0.5874325303708049,0.082832623669907,4,0,1,5
0.8505027572716988,0.4802629440207907,0.9752086601350912,0.7131797348204139,0.6374250293822109,0.4832815092586398,0.5269331837125052,0.3558239586636579,4,4,1,5
0.0094355971162081,0.1729113148240462,0.6735854889121232,0.7151178170106712,0.4411004301055255,0.9852316931951732,0.5895423602547268,0.0750949953575193,4,0,1,5
0.8605174011228871,0.4738340969543352,0.9808769512797028,0.6981273007782245,0.6321616590726488,0.4863758296249922,0.5435542251238562,0.3508484845930653,4,4,1,5
0.0013370879555198,0.1724673915477321,0.6820785968053871,0.7156002727484724,0.4385791405616405,0.9928468492080604,0.5947247829937357,0.0745623202354282,4,0,1,5
0.1621032600947427,0.252534708734321,0.3507902113186584,0.2894077288434629,0.886363366438672,0.7757073589331888,0.8101967046748582,0.6646546542837553,4,3,1,5
0.8574902077799863,0.4806686796377309,0.9724152970633654,0.7033443915976869,0.6412451079997651,0.4811601908416104,0.5336469721078865,0.3615978092897495,4,4,1,5
0.0035083097978644,0.17974982918168,0.676537794184533,0.7109081541789148,0.4419575837583429,0.988003227616932,0.5928359532019118,0.0733520386656086,4,0,1,5
0.8443732259421466,0.4972503582899468,0.972140443574928,0.7083610599602109,0.6240724967804762,0.4973343835176006,0.5228194967474273,0.3823317407791824,4,4,1,5
-0.0021628184675542,0.1755614626853281,0.6861188186116137,0.7094581287472589,0.4530825756131996,0.9627291943677408,0.5742565663562431,0.074326077146565,4,0,1,5
0.0048838296278111,0.1937176179029302,0.6666754209123414,0.7191490490985512,0.437248182338307,0.9990268799583568,0.5960134345065414,0.0816034183830885,4,0,1,5
-0.003985478764253,0.1691928232422133,0.6876524960944096,0.7038171074116738,0.4389216712997371,0.9946509561614072,0.5892842324211702,0.0734678565411708,4,0,1,5
-0.005596271431699,0.1822266153329597,0.6805492216538145,0.7031284958076159,0.4498544490170347,0.9940942763695136,0.58648600965568,0.0679726572523413,4,0,1,5
-0.0005783346187066,0.1875013493316705,0.6735851772112749,0.7135891362022514,0.4500982876652696,1.0012716957969197,0.6075744473297819,0.0608225041373759,4,0,1,5
0.8569712971887667,0.4732391925617245,0.9691028426224574,0.7067495310533034,0.6139441205445084,0.4551492297383254,0.5514274632742499,0.3630383846077576,4,4,1,5
0.0035144856881355,0.1768234667838023,0.6693936310552258,0.7092328299775937,0.4490804546127378,0.9914729261070936,0.6007171832395507,0.0673460538697741,4,0,1,5
0.8766279165577702,0.476041018446204,0.9585160152959528,0.6931380239416229,0.6250994705391436,0.4762831835000877,0.537164485885461,0.3439409498209237,4,4,1,5
0.0049652262788191,0.1829133276038667,0.6783014987534669,0.7077618507683389,0.4454406158915121,0.983073452197976,0.5907177376140266,0.0709740052724592,4,0,1,5
0.8705963992760507,0.491860828262988,0.9777238963468547,0.7055330470520358,0.6306988906178786,0.4910205254321436,0.5426363259066591,0.3565433930874739,4,4,1,5
0.0136139236488481,0.1854154189406771,0.662974139649269,0.7015487476713265,0.4306896181804898,0.9878294843390192,0.6046356847980234,0.0765204029817106,4,0,1,5
-0.0134368034200641,0.1979737390632887,0.6742932402580596,0.711180408672907,0.4377634148950898,0.9847969282225456,0.5655110433748893,0.0522331764447555,4,0,1,5
0.8633392324433431,0.4903748557967082,0.9664036621780576,0.7135211393136144,0.6402437963970802,0.4688475883527718,0.54003871917255,0.3617363791215908,4,4,1,5
0.8580967453537786,0.4967195807414918,0.9503066679100842,0.6851639563738887,0.643501815315573,0.4616316879341459,0.5482757551852196,0.3457084013302109,4,4,1,5
0.8554144329231138,0.4818791089030727,0.9698863939994816,0.7079010060732602,0.6404584528292382,0.4859724121100257,0.5300656329477672,0.3571977442377285,4,4,1,5
0.0244044416304463,0.1645747621595648,0.6871815521201957,0.6975638543472402,0.4285903399506737,0.995937060355361,0.60662683301191,0.0747180405543309,4,0,1,5
0.0142632042534549,0.1781626933495692,0.6769534731187727,0.7000968326741477,0.4561852667412699,1.0036915199916143,0.5858547618619665,0.0765263315734755,4,0,1,5
0.8704512148539053,0.4705863674636077,0.9840051365732,0.7047009478201006,0.6356780695422097,0.4926861778456922,0.5096436037773624,0.3734602954515821,4,4,1,5
0.8526964579229465,0.4787931203856828,0.9678208211194604,0.7080513651266248,0.6459994143018111,0.4860859783937725,0.5266073069460546,0.3578209750799249,4,4,1,5
-0.0063000962023267,0.156766389399642,0.6499646377043385,0.7065585886462497,0.4634935206191379,0.9685210208368464,0.5872909399849631,0.0819527263026741,4,0,1,5
-0.0005686205330506,0.175987577536352,0.6842943378440898,0.7151131934961698,0.4391151187667798,0.9905514244342754,0.5988864030871274,0.0697520788676861,4,0,1,5
0.8499902837222798,0.4808385339993133,0.98246265563722,0.6969079558106481,0.6339953271203774,0.4748400172894566,0.5251095969994813,0.3521365444158132,4,4,1,5
0.8695354162826641,0.4887801445205277,0.9593497728697588,0.7135602977470191,0.6338706257591669,0.4954611354293373,0.5332455414300586,0.3584319185614841,4,4,1,5
-0.0238193319056348,0.1901020579916914,0.695950668498289,0.7348289419006129,0.4515111934195644,0.9663126170553572,0.5869318468731504,0.0592004269788052,4,0,1,5
-0.000962657769298,0.1806682226515801,0.6703187177373414,0.7107301389571805,0.4454056304480505,0.9833814694401212,0.5904710936577057,0.0652471624064933,4,0,1,5
-0.005771456065686,0.1698409122136639,0.6571613614090428,0.6922784795416722,0.4189589146878831,0.9691697684127452,0.6096825708864814,0.0744345921265102,4,0,1,5
0.0190715206993808,0.1621681526171778,0.6861253811929117,0.7178493859776259,0.4546741435066431,1.0038767028480868,0.608968488342747,0.0722980205246038,4,0,1,5
0.4073889821349702,0.2412851977781744,0.3582801553392779,0.0504105141255106,0.8214835688178493,0.3207965694782055,0.9615079206153992,0.7235105172282436,4,2,1,5
0.1532354000911161,0.2646695257030469,0.3425659789500613,0.2652425114750394,0.8783982450392286,0.7601649526437656,0.7916149481826867,0.6738395438499606,4,3,1,5
0.0047525343072133,0.1805545213504489,0.6784387047103642,0.7113224253324238,0.4384104028238378,0.9852250373705118,0.5927293098475496,0.0695306729844613,4,0,1,5
0.1745356677962185,0.243513323018616,0.3417413829615501,0.3026368997699274,0.9004804650930691,0.7843895104977493,0.8230340537491353,0.6431957240247176,4,3,1,5
0.8567380477201343,0.4827174145248916,0.9716307123838684,0.7048570409057474,0.6409875696908095,0.482596424404866,0.5290937399717547,0.3617209893324078,4,4,1,5
0.156082679751253,0.25352201531896,0.3532492910888865,0.2740062345853745,0.8831724714421146,0.7732834781441178,0.8130780235202416,0.6655745282831103,4,3,1,5
0.0067763726407433,0.1829806815724178,0.6749990267454905,0.7088494489978118,0.4378849114553992,0.9882558169719292,0.591108162372273,0.0654251327490178,4,0,1,5
0.8578373717274222,0.4774172599259513,0.9647640327599436,0.6971965451120816,0.6403182940519031,0.4746089732989353,0.5234882633926712,0.3682182809951214,4,4,1,5
0.1660501114721971,0.2449470270710103,0.3531824317791648,0.2864853029504139,0.8845039449824607,0.7781167092516745,0.8075098854492294,0.6619698953014559,4,3,1,5
0.8552560618959577,0.4749623439349122,0.963747989200032,0.7013034805869292,0.6429639023529461,0.4898569447361845,0.5283368994685145,0.3521839817158423,4,4,1,5
0.8501884137407795,0.4837153403906195,0.9661554438719956,0.7045712871709778,0.6487202079985109,0.4810001663237246,0.5303947046982617,0.3669487311630975,4,4,1,5
0.0061049214922926,0.1816510498915788,0.6775124666909415,0.7090810433156655,0.4379778199577581,0.9866821927842072,0.5950048992449413,0.0689260020071473,4,0,1,5
0.0008715724615568,0.1984483602765261,0.6772158218391717,0.7410327711094652,0.4142662413032447,0.9838564752006108,0.6267236134994428,0.0889101845278965,4,0,1,5
0.1718704939124524,0.2480079529175351,0.3952027850551272,0.2492193884009994,0.8489739667504952,0.7525076241039077,0.7900078658254736,0.6626432344090954,4,3,1,5
0.0119400476153025,0.1881587929382143,0.6655869310139478,0.7165808426402943,0.439525733031552,0.9907633895682074,0.5986332728466626,0.0786680949045088,4,0,1,5
0.6965164632991404,0.9760327966176032,0.9924012084620734,0.4885813655276163,0.878284643818051,0.8318501450525483,0.3178434878205567,0.4116565903883673,4,1,1,5
0.156789429330901,0.2393139176503322,0.3433358860474458,0.2832143533735404,0.8770727342821606,0.7814932381393417,0.8076180221992761,0.6596076361706139,4,3,1,5
0.8607092344490433,0.4827137503223968,0.9716367621146578,0.7068994208988163,0.6414685599530444,0.481968763798916,0.5308619812548284,0.363597462827762,4,4,1,5
0.0073545119232534,0.1856170462622237,0.6651122882690274,0.7193358681355314,0.4412383210759105,0.9712769774486798,0.592506056544754,0.0700236905643407,4,0,1,5
0.0124501557823406,0.1743915685260159,0.6791538368191126,0.7149474564597346,0.4257705102206497,0.9697884524520554,0.6026043245929115,0.0857930706060891,4,0,1,5
0.0206667704393122,0.1836509033189218,0.6783021674496975,0.711913467614324,0.4226926789805157,0.9773526193520584,0.5876968849017237,0.0685373856123225,4,0,1,5
0.0151294028411125,0.1672819618279163,0.6702337421742987,0.6921765389899386,0.4705343444188493,1.0068869122651387,0.5677577407685751,0.0969085275032233,4,0,1,5
0.0039548364385536,0.1824425288940372,0.6776076073888924,0.7048934639106582,0.437097004884,0.9858544201027876,0.5958125546412513,0.0714258800205632,4,0,1,5
-0.0006358838886733,0.1790157668527676,0.6793959901721309,0.7090418651250603,0.4321303802007141,0.9787560703365916,0.5966530752945811,0.0751827149636241,4,0,1,5
-0.0093201287895325,0.1744408240756062,0.6790792074800062,0.699375695057687,0.4422193249537344,0.969230066395106,0.6022262620717578,0.0851466831154259,4,0,1,5
0.6903766487266823,0.9781896524425896,0.9816022835069108,0.4985722923586482,0.8902900724616811,0.8347278061656306,0.3275369361415987,0.4080719790986198,4,1,1,5
0.1653290822647065,0.2505943301230046,0.3581771559072167,0.2924788478602928,0.8910403897967735,0.7820002091997942,0.8145721550009424,0.6621551298061429,4,3,1,5
0.1558619940445622,0.2351380777780895,0.3581927860124886,0.2844206614890486,0.8690652595476296,0.7872153618192249,0.8001910627915942,0.6508958771653363,4,3,1,5
0.8520650276144129,0.4887266657218379,0.9663826449864236,0.7007063333779397,0.6497485676787621,0.4824955034949423,0.5273264516232222,0.3521716838831387,4,4,1,5
0.1701476784005245,0.2396592806286461,0.3606268735210006,0.2927220484865136,0.8889351722461072,0.7808045650182122,0.7968337368077566,0.661151719619697,4,3,1,5
0.1475083767669398,0.2730570204339041,0.3584078159310739,0.3111689357973476,0.8953409748443639,0.7549173164755103,0.8227482985891977,0.6796315875361376,4,3,1,5
0.158573399454411,0.2286578677353974,0.3721650485723332,0.2986022163910113,0.8821618813958019,0.757202393713808,0.8079825908490399,0.6691983305479117,4,3,1,5
0.0164701352233675,0.1938492391294533,0.6634420600205463,0.7251940053641843,0.4349671838531659,0.993987416586658,0.5929829680939096,0.0885616141631879,4,0,1,5
-0.0013702039038477,0.1868208405630705,0.6713759222944586,0.7110188305208334,0.4340728332978925,0.9863580475166092,0.5879302903463792,0.0656059419076835,4,0,1,5
0.1624674392436317,0.2352429333806975,0.3795742728175503,0.2888218950211588,0.8566283930516279,0.7919898171190647,0.7881619913288,0.6697989173808591,4,3,1,5
0.8758410859538484,0.4692094136475948,0.9802606651255532,0.697709596299613,0.6209426947872556,0.496420677709604,0.528518887308474,0.3698521843447567,4,4,1,5
0.1703630348497099,0.2439258080379557,0.3527296642168386,0.2820439176011977,0.8824619063415007,0.7785190831040473,0.807692869923707,0.6606352227834179,4,3,1,5
0.0080374965610839,0.1790707397841155,0.6824917835964389,0.7098189327407469,0.4350496024981376,0.9746782180088536,0.6043365151198049,0.0720089283196586,4,0,1,5
0.1722389151788808,0.2415050078762413,0.3466913962274994,0.2896236353967489,0.8825226695219751,0.7742652388753614,0.8159912057003696,0.657516291760637,4,3,1,5
0.0062551827239971,0.1722070924372716,0.6803410869050773,0.7051250333999192,0.4431027991090699,0.9759916438678424,0.6001083081634156,0.0636157771183787,4,0,1,5
-0.0044991755588889,0.1892032100989173,0.6784648576976656,0.7099142188210766,0.4335035622439055,0.9901625347278148,0.5984188209450466,0.0655574724769335,4,0,1,5
0.0049577121347069,0.1830182082483658,0.6757680914911823,0.7073475907190745,0.4357804674957284,0.9857826813402544,0.5963928597572457,0.069834887493008,4,0,1,5
0.1695577620703732,0.2453723087659411,0.3540208410936002,0.2835858235700894,0.8835475720227337,0.7772357387930909,0.8060013910645152,0.6616208795255856,4,3,1,5
0.858767921267448,0.4811095463437354,0.969512796574634,0.7021449805554831,0.6424842420781885,0.4818597228705022,0.5270177623611274,0.3594386153576334,4,4,1,5
0.8486808012585412,0.4678496816924237,0.9613752313564876,0.7199255209360801,0.6308866086899364,0.4900820273076237,0.5017418447307613,0.3648685704614177,4,4,1,5
0.1819034065745713,0.2373248321487053,0.3544794863747093,0.2828745311179166,0.878568873072808,0.7632970019597569,0.8091044520675366,0.6613519951443537,4,3,1,5
0.8425923726192693,0.47415517107931,0.971671534656713,0.7052018991941085,0.6517868943672174,0.4692229677850326,0.5093667875432035,0.3577051886943694,4,4,1,5
0.0007181252850149,0.173538416288465,0.6715512912938668,0.6957374865975267,0.4229672193688491,0.9793995247725992,0.575836426960328,0.0608727392292023,4,0,1,5
0.8494889832266673,0.4788716565447975,0.9686285823697144,0.7132203635831478,0.6481819216309248,0.4688113879128895,0.5354001655687243,0.3551683745035505,4,4,1,5
-0.0148038407840311,0.1979147097009572,0.7049688195672265,0.7223495485625783,0.4159675727459276,0.9896697150815492,0.6006498072983673,0.0385948183330179,4,0,1,5
0.8397138308382119,0.4836590460440572,0.9639120489831652,0.7152097145837707,0.6163231250169046,0.458101728162137,0.5441313929244513,0.387302930073681,4,4,1,5
-0.0042479741167399,0.1945299601611048,0.6898580703324385,0.6913115232233195,0.4340003650709608,0.9920456541401472,0.606609099570839,0.0707937229349383,4,0,1,5
0.8530859481120574,0.4714108385908179,0.9487689900190012,0.6877677428121631,0.6562576617285836,0.5000386306588744,0.5255587912581507,0.3431325307262991,4,4,1,5
0.8703616192880234,0.4950594399035613,0.9808466500503298,0.7030292936646585,0.6337729600704683,0.4890622895180483,0.5291269638323903,0.3603676674361833,4,4,1,5
0.0110832847487932,0.1739246265090511,0.6782973056826124,0.7106683757368794,0.4328129638813461,0.9896669297670438,0.5997237351723953,0.0748369185761865,4,0,1,5
0.8574651363308594,0.4830003513937156,0.969042513760059,0.7028529028651505,0.6426736544905659,0.4813742691699896,0.5256711362000697,0.3591761210927452,4,4,1,5
0.0059698746530019,0.1789544872336711,0.6730436397848262,0.7065350773270763,0.4330245942835796,0.9872236581330124,0.5980782815579173,0.0701023145462805,4,0,1,5
0.85758070594403,0.4825869293955471,0.9688941971935894,0.7028905914213817,0.6438002105606389,0.4801508804607321,0.5269770196778756,0.3583544484679669,4,4,1,5
0.6939078348287518,0.973225501293799,0.9823471194979208,0.5004066935661923,0.8929108572216411,0.832504031114602,0.331660766762804,0.4155500263937774,4,1,1,5
0.0047670057306058,0.1775409218104537,0.6814610664413288,0.7036469714933892,0.4390336270147193,0.9875285523556022,0.5933671443825372,0.0705087441807723,4,0,1,5
0.0025617956558172,0.1823766880817755,0.6752637538419501,0.7067883332598434,0.4344672281126689,0.9856065539759952,0.5955436064536404,0.0713506034112559,4,0,1,5
0.0043647621328232,0.1826152915597986,0.6748048939175162,0.7087364593773082,0.435732436496878,0.9834595787155032,0.5952037852903262,0.0685102783203357,4,0,1,5
0.1741472502134032,0.2436291151879608,0.3555098835166214,0.2754102192727272,0.8892896190467233,0.779170704831772,0.8105392708826163,0.6697736007101166,4,3,1,5
-0.0021238182891621,0.182058637095774,0.6738170527228563,0.7117211926295502,0.4341208087676849,0.979508028273524,0.5932688252270947,0.0714331979781189,4,0,1,5
0.1694959715349433,0.2455856190615564,0.352577976242913,0.2827625179771247,0.8818821048150327,0.7758291516780239,0.806316486132161,0.6607728079493443,4,3,1,5
-0.0056772398292556,0.1704378860925862,0.6817132358687042,0.7168752916452247,0.4317269391891173,0.971892022639122,0.5988980453284357,0.0561108695171371,4,0,1,5
0.0006757558242387,0.182756200752582,0.6759816496601195,0.7096981061900405,0.4379038013387747,0.9822393590654456,0.5936890357211385,0.0667120508227436,4,0,1,5
0.6931006739034573,0.9789414254682666,0.9834392355786936,0.4952119134840306,0.8867739836834706,0.8310361730100944,0.3277835244740399,0.414447845471084,4,1,1,5
0.8644345339113612,0.4805798160198687,0.97430668793826,0.7070857962900936,0.6513251963541318,0.4742484027957536,0.5213041893683725,0.3694530476510415,4,4,1,5
-0.0044182969788582,0.1903993997132876,0.6725715184296394,0.6984390335750568,0.4429365887399259,0.9890379813405866,0.5888659680628963,0.0681340406031089,4,0,1,5
-0.0158521818957475,0.197253972322645,0.6827919375659,0.7097048286777528,0.4216849773672915,0.9835661288116166,0.5753531244880152,0.0506190976486154,4,0,1,5
0.8554823754635515,0.4797066935866413,0.9633739505921376,0.6945125398143885,0.6507941036750153,0.4754943673243119,0.5285650935553236,0.3497312568342192,4,4,1,5
0.8553733262602995,0.4802214335683154,0.970124826034922,0.7014380172409904,0.640332021094502,0.4849403898882093,0.5234362900060031,0.3560398218302795,4,4,1,5
0.0202503025972632,0.2006122123097875,0.6800284334607394,0.7044892807724904,0.4237586991313854,0.9902122162077668,0.6040187627016388,0.0835688149421188,4,0,1,5
-0.0084870226691394,0.1617350648413909,0.6828254875109204,0.7026912804750333,0.4261747254379979,1.0034235755988667,0.6031363525882706,0.0601232869513991,4,0,1,5
0.8455761362678494,0.4806418944236694,0.9760093644082284,0.708309680979475,0.6605253823222391,0.4550051074702651,0.5314362564576636,0.3388667207476591,4,4,1,5
0.8500221143738399,0.4758248344704745,0.95746950557458,0.6991599742996124,0.6523076466705556,0.4890858390653457,0.5286645414856413,0.3559867932902312,4,4,1,5
0.8690472859237398,0.4938092108399087,0.955679029537238,0.70578898914812,0.6526563380117909,0.4684667100522889,0.5134344897108277,0.3681647995035442,4,4,1,5
0.8435979344105596,0.4960930616579607,0.9693892679558253,0.7147250649428244,0.6386467675360145,0.4926758192976598,0.509722381542774,0.3753853704961272,4,4,1,5
0.8436487521157121,0.4843655515046955,0.965210690658696,0.7039990039868008,0.6563157429594014,0.4735270366366215,0.5344754461101395,0.3648803985502811,4,4,1,5
0.1615486783956454,0.2398780964747913,0.3612486641692106,0.2732014572707701,0.8841544118763675,0.7665573044686265,0.8002878321541459,0.6605977860507366,4,3,1,5
0.0207271535954556,0.2401657841938026,0.7026020196944927,0.6849845572849039,0.4241784236927677,0.9727729682764842,0.6061291465336378,0.0579725576850148,4,0,1,5
0.1535639912130517,0.2676212117072634,0.32684593762692,0.2532750864819504,0.907238828538116,0.7570266053408313,0.8020248626764985,0.6544769796552763,4,3,1,5
0.1747917850008915,0.2450698010276706,0.3452707592965621,0.2770600775682962,0.8908345212646938,0.7700993160443156,0.8081929081938569,0.6510427630784651,4,3,1,5
0.857198512355633,0.4803571561575309,0.9699719207348596,0.7015956053835638,0.6416454302985785,0.4823599717221775,0.5225727334424879,0.358274219056323,4,4,1,5
0.1721406707119659,0.2368161417618296,0.3602580412110683,0.2844930732098386,0.8740452224405215,0.7802581190415857,0.8016540958470317,0.6683761957576716,4,3,1,5
0.1712736095596931,0.2436932260340505,0.3526182826241787,0.2822033932477151,0.8814061633149681,0.7770859093598862,0.8055552034785477,0.662036773630379,4,3,1,5
0.694078407908968,0.9794239481255136,0.981371463728467,0.4959555716673761,0.8885442994460041,0.8315699942517025,0.3287153209934428,0.4136789806203192,4,1,1,5
0.0023345945820604,0.1826023173240175,0.6760718925759138,0.7059658436904677,0.4333695347006197,0.9826324374281143,0.5958062580054306,0.0678795908112957,4,0,1,5
0.8623720253437338,0.4862180098695963,0.9700585326561008,0.6994962266087424,0.6461393762614577,0.4847056880367837,0.5221085643503957,0.3590057846521512,4,4,1,5
0.8575087610990061,0.4849433861461542,0.9637110344190518,0.7050392937597022,0.6450086652927988,0.4826736458649273,0.5236258540692086,0.3617974936523291,4,4,1,5
0.6971970446842493,0.9805192841584328,0.9870921678429296,0.5028075368821694,0.8868009458018217,0.8337819876636139,0.3252668496039938,0.4117271761326872,4,1,1,5
0.0037338579357456,0.1844844913294102,0.6765091733837785,0.7069603943410921,0.4356462925913605,0.9835294666536478,0.5976024885538234,0.0698954155534989,4,0,1,5
-0.0092567487428931,0.181952459554861,0.669843113324163,0.7094558632462815,0.437961745486329,0.9885971144718094,0.5998173744818729,0.0572207906873872,4,0,1,5
0.171904752977805,0.2431171250801144,0.352713362766332,0.2813072566795487,0.8811514511741415,0.7760369542125596,0.8048321016402369,0.6619881150230672,4,3,1,5
0.8593172881752651,0.4835085770626426,0.9672395261923116,0.7020122357339721,0.6443280102595866,0.4817431123147312,0.5235911803428641,0.3586728742433931,4,4,1,5
0.8609974422569701,0.4807005411841735,0.9692493262240244,0.7031787326508068,0.6433018643121392,0.4801751679326,0.5227248714115856,0.3580210371286624,4,4,1,5
0.8595347989836682,0.4829272613060418,0.9666491124053012,0.7020196632696877,0.6437016027022597,0.4814004064850536,0.5239422561908268,0.3585354402241624,4,4,1,5
0.0184155409529838,0.1714441346863851,0.67222656018284,0.712278046139864,0.4168903548060516,0.9741182167486748,0.591287447637325,0.0828586466738122,4,0,1,5
0.8745243322327934,0.5043710205721246,0.9754889245446394,0.7055235421163629,0.6583208582077048,0.4968772681164138,0.5268974317062899,0.3706735190153092,4,4,1,5
0.8586366865139208,0.4866544363035375,0.9639109057393586,0.7020699108598002,0.6446349353349222,0.4785355462837288,0.5235112855626708,0.3629981878038668,4,4,1,5
0.1822481001679688,0.2397070879382706,0.3621181146297109,0.2883582336539409,0.8950211876004139,0.7804772554044975,0.8034739511198604,0.6747015275980828,4,3,1,5
0.8589189071724014,0.4830826228617657,0.9669012810417502,0.70161176114548,0.6441651761918173,0.4813158458401277,0.5229398198975742,0.3588173329674202,4,4,1,5
0.1662183886698999,0.2467466517938323,0.3599086013968369,0.2888544068986894,0.8809656411050595,0.7716821307226119,0.809015957028098,0.6550008311685244,4,3,1,5
0.8711893454577712,0.498382955997567,0.953007152968468,0.6992597039359206,0.6447195873340688,0.4985433106014348,0.5052263669679853,0.3487110731079289,4,4,1,5
0.1665263421598895,0.2433479203322498,0.3589613864714191,0.2774887561724872,0.8834179926650719,0.7882395417353182,0.8037500761803922,0.6569841979144503,4,3,1,5
0.8508487278371344,0.5046105919372085,0.9735335155483376,0.6973031444369912,0.6412044201944714,0.4978386247161873,0.5329960646629686,0.4185538483556295,4,4,1,5
0.6917172501992948,0.9806581545634656,0.9818548547589756,0.498570533958721,0.8923727297611727,0.8369789222915999,0.3279135063798081,0.4114924170801224,4,1,1,5
